cand_set,name,RA,DEC,POS_ERR,l_deg,b_deg,match_type,direction,DET_LIKE_0,DET_LIKE_0_D1,ML_RATE_1,ML_RATE_1_D1,ML_FLUX_1,ML_FLUX_1_D1,R,epoch_ratio,amp_cons,epoch_amp_cons,rank_amp,z_var,approx_erass1_rate_lim,implied_min_rise,gaia_source_id,gaia_sep_arcsec,gaia_G,gaia_bp_rp,gaia_plx,gaia_plx_err,gaia_pmra,gaia_pmdec,simbad_main_id,simbad_otype,simbad_sep_arcsec,first_guess_class,caveats,verdict,verdict_detail,verdict_evidence,dossier,forensic_class_v2,ul_presence,nway_p_any_gdr3,nway_p_any_cw2020,hard_detlike3,verdict_sources
pair,3eRASS J161242.8-522522,243.1785060564443,-52.42291376756108,0.4198485390955943,330.9261523512538,-0.8500955761869633,strong,rise,65650.01,14.219789,27.68111,0.06556227,2.5773847e-11,6.1044946e-14,431.1017388730561,672.2624990853507,304.80491744902605,475.29918947632433,475.29918947632433,101.0864409343956,,,5.933363664376255e+18,2.467919,17.438223,1.892612,0.7632,0.1162,-3.747,-4.951,V* QX Nor,LXB,3.3696847030955075,SIMBAD:LXB,,IDENTIFIED,V* QX Nor (LXB),"SIMBAD LXB at 3.4""; ART-XC counterpart 4U 1608-52 (LMXB)",False,,,4.1919684e-08,0.00410944,23567.83,"services 2026-08-14: CDS X-Match (2RXS J/A+A/588/A103, XMMSL3 IX/71, CSC2.1 IX/70, 2SXPS IX/58, CatWISE II/365, GaiaDR3 var I/358, ART-XC J/A+A/687/A183, MKM J/MNRAS/544/885); HEASARC xmmssc(5XMM); NWAY eRASSc3 27Jul2026; DR2 UL server erodat; SIMBAD; TNS; ASAS-SN SkyPatrol v2"
pair,3eRASS J054334.0-682222,85.89198886584605,-68.37291519418177,0.4233410189552503,278.5641443760913,-31.306006576986015,strong,rise,44766.14,39.12287,2.087527,0.026989883,1.9436937e-12,2.5130246e-14,78.97349592661668,118.69133379237128,65.76709781305672,98.83435270758774,98.83435270758774,98.26983761931812,,,4.659274599672438e+18,0.575497,17.410278,0.008718,0.0621,0.0623,1.631,0.59,2E  1550,XB*,0.5484927058842862,SIMBAD:XB*,,IDENTIFIED,2E  1550 (XB*),"SIMBAD XB* at 0.5""",False,,,0.46189135,0.7554423,,"services 2026-08-14: CDS X-Match (2RXS J/A+A/588/A103, XMMSL3 IX/71, CSC2.1 IX/70, 2SXPS IX/58, CatWISE II/365, GaiaDR3 var I/358, ART-XC J/A+A/687/A183, MKM J/MNRAS/544/885); HEASARC xmmssc(5XMM); NWAY eRASSc3 27Jul2026; DR2 UL server erodat; SIMBAD; TNS; ASAS-SN SkyPatrol v2"
pair,3eRASS J162636.4-515631,246.6519045727625,-51.9421202647553,0.5906051920775467,332.7806945024598,-2.0027936058062417,strong,rise,6247.8247,6.3000855,3.753051,0.047430634,3.494461e-12,4.4162604e-14,80.79338234338272,122.06359240954832,51.27237407312594,77.44439659883027,77.44439659883027,36.31454336049792,,,5.933976985766949e+18,1.1156,15.729032,1.928157,0.0501,0.0384,-2.856,-3.332,SWIFT J1626.5-5156,HXB,1.1843730168597113,SIMBAD:HXB,,IDENTIFIED,SWIFT J1626.5-5156 (HXB),"SIMBAD HXB at 1.2""; ART-XC counterpart SWIFT J1626.6-5156 (HMXB)",False,,,0.15049544,0.0,4047.2803,"services 2026-08-14: CDS X-Match (2RXS J/A+A/588/A103, XMMSL3 IX/71, CSC2.1 IX/70, 2SXPS IX/58, CatWISE II/365, GaiaDR3 var I/358, ART-XC J/A+A/687/A183, MKM J/MNRAS/544/885); HEASARC xmmssc(5XMM); NWAY eRASSc3 27Jul2026; DR2 UL server erodat; SIMBAD; TNS; ASAS-SN SkyPatrol v2"
pair,3eRASS J094452.8-711152,146.22033015318507,-71.19802286286726,0.4804430269388935,288.98288057537684,-13.574456189929789,strong,rise,9401.145,25.298714,1.7079958,0.03674479,1.5903127e-12,3.4213026e-14,47.46148201631703,76.01168040256147,35.86794583815016,57.41398863909724,57.41398863909724,42.65737640412971,,,,,,,,,,,,,,no-Gaia (AGN/TDE? obscured?),,GENUINELY-UNEXPLAINED,x57 hard-detected riser with no counterpart in any band,"survived ALL checks: NWAY p_any=0.0000 (GDR3) / 4e-6 (CW2020), LS10 no coverage; SIMBAD 30"" empty; no 2RXS/XMMSL3/CSC2.1/2SXPS/5XMM entry; not in ART-XC (4-12 keV, updated 18-Jul-2025); TNS 60"" empty; no literature under eRASSU/eRASSt/SRGe/1eRASS J094452 names (web search). Present in Hard cat (DET_LIKE_3=197, eRASS3_Hard_v1.2) -> hard/absorbed spectrum. eRASS1 DET_LIKE 25 -> stack 9401, epoch rise x57 (cons.), z=43. ASAS-SN source at position is the 10.2"" Gaia star (blend), not the X-ray source. Candidates: obscured XRB/VFXT, magnetar outburst, extreme absorbed CV; b=-13.6 deg",True,,,0.0,4.071039e-06,197.15239,"services 2026-08-14: CDS X-Match (2RXS J/A+A/588/A103, XMMSL3 IX/71, CSC2.1 IX/70, 2SXPS IX/58, CatWISE II/365, GaiaDR3 var I/358, ART-XC J/A+A/687/A183, MKM J/MNRAS/544/885); HEASARC xmmssc(5XMM); NWAY eRASSc3 27Jul2026; DR2 UL server erodat; SIMBAD; TNS; ASAS-SN SkyPatrol v2"
pair,3eRASS J090506.7-533020,136.27832006628677,-53.505647307592405,0.4830869482566243,273.0762708498673,-4.304073030388872,strong,rise,8786.441,15.460682,3.1682096,0.056907505,2.949916e-12,5.2986505e-14,56.84530601388538,78.78911543049058,39.63333060514377,54.906566956768586,54.906566956768586,39.55877911590221,,,5.311384333263075e+18,0.862338,13.145346,0.525817,0.053,0.0116,-1.996,2.273,2MASS J09050682-5330195,XB*,0.8343651375906519,SIMBAD:XB*,,IDENTIFIED,MAXI J0903-531 - Be/X-ray binary transient,"ART-XC SRGA J090507.5-533024 counterpart name MAXI J0903-531 (HMXB), sep 6.9""; SIMBAD 2MASS J09050682-5330195 XB*; rise x55 = outburst",True,,,0.2892176,0.87091005,1951.8737,"services 2026-08-14: CDS X-Match (2RXS J/A+A/588/A103, XMMSL3 IX/71, CSC2.1 IX/70, 2SXPS IX/58, CatWISE II/365, GaiaDR3 var I/358, ART-XC J/A+A/687/A183, MKM J/MNRAS/544/885); HEASARC xmmssc(5XMM); NWAY eRASSc3 27Jul2026; DR2 UL server erodat; SIMBAD; TNS; ASAS-SN SkyPatrol v2"
pair,3eRASS J150616.3-750200,226.56807462222548,-75.03360801480872,0.5034504804400383,311.4427100719305,-14.437110500556823,strong,rise,6832.872,21.605114,2.4647717,0.06835865,2.294946e-12,6.364865e-14,36.81573443629986,57.95642140352118,27.03405769972417,42.52902960719343,42.52902960719343,33.866502746744125,,,5.792598619480184e+18,1.684173,17.472294,1.459455,2.4702,0.082,-17.335,-8.695,Gaia DR3 5792598619480183680,Em*,1.3943704990592478,SIMBAD:Em*,,IDENTIFIED,Gaia DR3 5792598619480183680 (Em*),"SIMBAD Em* at 1.4""",False,,,0.18565646,0.99806446,,"services 2026-08-14: CDS X-Match (2RXS J/A+A/588/A103, XMMSL3 IX/71, CSC2.1 IX/70, 2SXPS IX/58, CatWISE II/365, GaiaDR3 var I/358, ART-XC J/A+A/687/A183, MKM J/MNRAS/544/885); HEASARC xmmssc(5XMM); NWAY eRASSc3 27Jul2026; DR2 UL server erodat; SIMBAD; TNS; ASAS-SN SkyPatrol v2"
pair,3eRASS J123915.4-324332,189.8142427788829,-32.725704888668616,0.4826803572297472,299.97155063731003,30.076016281822596,strong,rise,8882.681,29.765837,3.9234192,0.114704944,3.653091e-12,1.06801625e-13,34.92471192338436,51.87680156807767,26.53118630179804,39.38998283546303,39.38998283546303,38.22038878824456,,,6.160221740968693e+18,4.393088,8.670022,1.039376,23.425,0.0205,-42.776,-64.811,HD 109988,PM*,4.574087101393463,SIMBAD:PM*,,IDENTIFIED,HD 109988 (PM*),"SIMBAD PM* at 4.6""",False,,,2.220446e-16,0.022929253,180.87093,"services 2026-08-14: CDS X-Match (2RXS J/A+A/588/A103, XMMSL3 IX/71, CSC2.1 IX/70, 2SXPS IX/58, CatWISE II/365, GaiaDR3 var I/358, ART-XC J/A+A/687/A183, MKM J/MNRAS/544/885); HEASARC xmmssc(5XMM); NWAY eRASSc3 27Jul2026; DR2 UL server erodat; SIMBAD; TNS; ASAS-SN SkyPatrol v2"
pair,3eRASS J071521.8-191603,108.84116983684136,-19.267748310491587,0.9218472666050108,232.76066056506585,-3.607186330972803,strong,fade,985.52374,1421.0067,0.7970508,2.7668285,7.4213297e-13,2.5761906e-12,0.2941399368756137,-0.056250828621359,2.9930621121065446,32.12830160115502,32.12830160115502,10.823414252514082,,,2.930981516403833e+18,3.771567,17.166534,1.332582,0.3077,0.0641,-2.083,2.573,NAME SRGt J071522.1-191609,ev,6.697088662759674,SIMBAD:ev,stacked ratio below switch-off floor (mild containment tension),IDENTIFIED,SRGt J071522.1-191609 - eROSITA-discovered transient (2020),"already reported: discovery ATel #13657, optical counterpart ATel #13669, VLA radio ATel #13716; our slice catches the decline (epoch fade >=x32)",True,,,0.00034799887,0.31842434,84.157135,"services 2026-08-14: CDS X-Match (2RXS J/A+A/588/A103, XMMSL3 IX/71, CSC2.1 IX/70, 2SXPS IX/58, CatWISE II/365, GaiaDR3 var I/358, ART-XC J/A+A/687/A183, MKM J/MNRAS/544/885); HEASARC xmmssc(5XMM); NWAY eRASSc3 27Jul2026; DR2 UL server erodat; SIMBAD; TNS; ASAS-SN SkyPatrol v2"
pair,3eRASS J014554.9-674648,26.47891788138732,-67.78012775307835,0.5124782090967612,295.20535961467675,-48.52269474074316,strong,rise,5164.3037,35.299625,2.1040187,0.09397089,1.959049e-12,8.749617e-14,22.861594555060947,37.52280084367117,17.56933129974862,28.806072712957903,28.806072712957903,29.265831322640214,,,4.697600761807512e+18,0.341447,17.297075,0.92173,-0.0321,0.0607,0.079,0.119,2MASS J01455485-6746483,BLL,0.3425700021272725,SIMBAD:BLL,,IDENTIFIED,2MASS J01455485-6746483 (BLL),"SIMBAD BLL at 0.3""",False,,,0.9999481,0.9996868,79.72944,"services 2026-08-14: CDS X-Match (2RXS J/A+A/588/A103, XMMSL3 IX/71, CSC2.1 IX/70, 2SXPS IX/58, CatWISE II/365, GaiaDR3 var I/358, ART-XC J/A+A/687/A183, MKM J/MNRAS/544/885); HEASARC xmmssc(5XMM); NWAY eRASSc3 27Jul2026; DR2 UL server erodat; SIMBAD; TNS; ASAS-SN SkyPatrol v2"
pair,3eRASS J142111.9-624156,215.29989673640551,-62.69892351486364,0.4621631313393212,313.019392905849,-1.5984363890389306,strong,rise,12097.489,68.66336,4.6969695,0.20539789,4.3733424e-12,1.9124571e-13,23.349200711796783,32.212515771678405,18.905790885509457,26.068347422816835,26.068347422816835,42.18670895119941,,,5.854175187710795e+18,1.174497,16.17779,2.29422,0.0633,0.0495,-4.343,-1.811,4U 1416-62,HXB,1.2444687625143895,SIMBAD:HXB,,IDENTIFIED,4U 1416-62 (HXB),"SIMBAD HXB at 1.2""; ART-XC counterpart 4U 1416-62 (HMXB)",False,,,0.009178944,0.9932392,8744.993,"services 2026-08-14: CDS X-Match (2RXS J/A+A/588/A103, XMMSL3 IX/71, CSC2.1 IX/70, 2SXPS IX/58, CatWISE II/365, GaiaDR3 var I/358, ART-XC J/A+A/687/A183, MKM J/MNRAS/544/885); HEASARC xmmssc(5XMM); NWAY eRASSc3 27Jul2026; DR2 UL server erodat; SIMBAD; TNS; ASAS-SN SkyPatrol v2"
pair,3eRASS J092023.3+021339,140.09739656658027,2.2275482690723445,0.6535312729398902,229.7941388529446,33.77075357620891,strong,rise,2161.1067,17.583473,2.07973,0.11936643,1.9364339e-12,1.1114193e-13,17.78996168068785,28.63277820125805,12.209567032005271,19.59965258425185,19.59965258425185,17.891836307206994,,,3.845106481477764e+18,1.210243,13.137729,1.525454,1.5397,0.023,-21.719,-16.029,RX J0920.3+0213,RS*,1.5752944464972265,SIMBAD:RS*,,IDENTIFIED,RX J0920.3+0213 (RS*),"SIMBAD RS* at 1.6""",False,,,0.9991437,0.9990712,119.83627,"services 2026-08-14: CDS X-Match (2RXS J/A+A/588/A103, XMMSL3 IX/71, CSC2.1 IX/70, 2SXPS IX/58, CatWISE II/365, GaiaDR3 var I/358, ART-XC J/A+A/687/A183, MKM J/MNRAS/544/885); HEASARC xmmssc(5XMM); NWAY eRASSc3 27Jul2026; DR2 UL server erodat; SIMBAD; TNS; ASAS-SN SkyPatrol v2"
pair,3eRASS J231021.8-594252,347.5912369413067,-59.71467418042196,1.2605802083735878,323.9392832957021,-53.09535639285122,strong,fade,291.8756,491.23337,0.3236893,1.028008,3.013867e-13,9.571769e-13,0.3215008495141596,-0.1130750956741551,2.559624998919511,19.2066099529701,19.2066099529701,6.986148455529398,,,6.490756033157643e+18,1.738887,14.480061,3.17151,38.6598,0.0195,102.536,-266.985,LEHPM 5556,PM*,6.2379274054061575,SIMBAD:PM*,stacked ratio below switch-off floor (mild containment tension),IDENTIFIED,LEHPM 5556 (PM*),"SIMBAD PM* at 6.2""",False,,,0.98863286,0.9804694,,"services 2026-08-14: CDS X-Match (2RXS J/A+A/588/A103, XMMSL3 IX/71, CSC2.1 IX/70, 2SXPS IX/58, CatWISE II/365, GaiaDR3 var I/358, ART-XC J/A+A/687/A183, MKM J/MNRAS/544/885); HEASARC xmmssc(5XMM); NWAY eRASSc3 27Jul2026; DR2 UL server erodat; SIMBAD; TNS; ASAS-SN SkyPatrol v2"
pair,3eRASS J022404.3-185028,36.01795292703209,-18.84128406642364,0.8071357287701311,196.5585868280669,-67.17391025789556,strong,rise,1072.8168,6.093628,0.6201948,0.028337868,5.7746256e-13,2.6385352e-14,22.34658670522999,33.27698080761626,12.920005772399286,19.184166543128665,19.184166543128665,14.57137254152058,,,5.131381905967267e+18,0.652683,18.344761,0.773268,-0.4143,0.1628,0.026,-0.328,NVSS J022404-185029,Rad,1.826635613348744,SIMBAD:Rad,,IDENTIFIED,NVSS J022404-185029 (Rad),"SIMBAD Rad at 1.8""",False,,,0.99999535,0.9999861,,"services 2026-08-14: CDS X-Match (2RXS J/A+A/588/A103, XMMSL3 IX/71, CSC2.1 IX/70, 2SXPS IX/58, CatWISE II/365, GaiaDR3 var I/358, ART-XC J/A+A/687/A183, MKM J/MNRAS/544/885); HEASARC xmmssc(5XMM); NWAY eRASSc3 27Jul2026; DR2 UL server erodat; SIMBAD; TNS; ASAS-SN SkyPatrol v2"
pair,3eRASS J060622.5-624814,91.59383843034584,-62.80399358684873,2.9063370641959776,272.09747397175875,-29.01490643078395,strong,fade,37.248837,187.44093,0.037153598,0.14668702,3.459367e-14,1.3658009e-13,0.2586184214117425,-0.0926761436880839,3.0551591327579577,18.129203925714936,18.129203925714936,7.331219304781659,,,5.480923734838337e+18,6.989601,20.578495,1.011894,-0.4104,0.6267,2.418,0.137,WISE J060621.36-624826.5,G,14.366527164869227,SIMBAD:G,stacked ratio below switch-off floor (mild containment tension),PLAUSIBLE-CLASS,TDE-like extragalactic fader (host unconfirmed),"epoch fade >=x18 (2-sigma cons.); position blank in optical/IR except LS10 galaxy-class source g=23.5 at ~7"" (NWAY p_any 0.002, class_gal_exgal=1); SIMBAD galaxy WISE J060621.36-624826.5 at 14.4"" too far; no CatWISE, no prior X-ray, TNS 60"" empty; LS10 cutout: faint field, no bright host; POS_ERR 2.9"". CONFIRM: deep imaging/spectroscopy of the LS10 source + sub-arcsec X-ray position",True,,,0.0099626165,8.555076e-06,,"services 2026-08-14: CDS X-Match (2RXS J/A+A/588/A103, XMMSL3 IX/71, CSC2.1 IX/70, 2SXPS IX/58, CatWISE II/365, GaiaDR3 var I/358, ART-XC J/A+A/687/A183, MKM J/MNRAS/544/885); HEASARC xmmssc(5XMM); NWAY eRASSc3 27Jul2026; DR2 UL server erodat; SIMBAD; TNS; ASAS-SN SkyPatrol v2"
pair,3eRASS J062258.5-095259,95.74381642473094,-9.883280259327467,0.6955048674176918,218.6051508685661,-10.77046549521626,strong,rise,2165.8691,17.569927,1.5674021,0.09428493,1.4594062e-12,8.7788575e-14,16.97416441254176,24.57954511063547,11.435296614608262,16.526328902228524,16.526328902228524,17.698993275358035,,,3.0016281964997417e+18,0.942905,14.824092,2.764297,13.1283,0.0273,-12.913,-1.39,,,,Galactic-star/CV? (red-dwarf locus: flare star?),,PLAUSIBLE-CLASS,Galactic flare star / CV (red-dwarf flare locus),Gaia plx 13.13+-0.03; prior X-ray: none,False,,,0.9993339,0.99892396,24.091509,"services 2026-08-14: CDS X-Match (2RXS J/A+A/588/A103, XMMSL3 IX/71, CSC2.1 IX/70, 2SXPS IX/58, CatWISE II/365, GaiaDR3 var I/358, ART-XC J/A+A/687/A183, MKM J/MNRAS/544/885); HEASARC xmmssc(5XMM); NWAY eRASSc3 27Jul2026; DR2 UL server erodat; SIMBAD; TNS; ASAS-SN SkyPatrol v2"
pair,3eRASS J112114.9-603725,170.31230580237462,-60.62383396965885,0.422335923155274,292.0901006207429,0.3353759044068183,strong,fade,107902.78,158666.72,28.568436,83.736244,2.6600035e-11,7.796671e-11,0.3483559524464507,-0.0814138022301796,2.8481809007211027,16.524826645294706,16.524826645294706,6.066550926687513,,,5.337498593446517e+18,0.992667,12.878897,1.608768,0.1387,0.0137,-3.121,2.331,V* V779 Cen,HXB,1.0346833631647177,SIMBAD:HXB,stacked ratio below switch-off floor (mild containment tension),IDENTIFIED,V* V779 Cen (HXB),"SIMBAD HXB at 1.0""; ART-XC counterpart Cen X-3 (HMXB)",False,,,0.0899858,0.99549437,55088.348,"services 2026-08-14: CDS X-Match (2RXS J/A+A/588/A103, XMMSL3 IX/71, CSC2.1 IX/70, 2SXPS IX/58, CatWISE II/365, GaiaDR3 var I/358, ART-XC J/A+A/687/A183, MKM J/MNRAS/544/885); HEASARC xmmssc(5XMM); NWAY eRASSc3 27Jul2026; DR2 UL server erodat; SIMBAD; TNS; ASAS-SN SkyPatrol v2"
pair,3eRASS J123351.5-210344,188.4648065183532,-21.062339540428425,0.759618803056692,297.4428561827249,41.62197873424613,strong,rise,1148.3268,14.750731,0.8873199,0.058551934,8.2618244e-13,5.451763e-14,15.473524400873607,25.03197412830588,10.125987316944215,16.323462187622315,16.323462187622315,14.580063610087803,,,3.5151796694637286e+18,1.94465,17.206123,1.167308,-0.0351,0.1706,-0.082,0.172,LEDA 3096158,Sy1,1.944449118891308,SIMBAD:Sy1,,IDENTIFIED,LEDA 3096158 (Sy1),"SIMBAD Sy1 at 1.9""",False,,,0.9846789,0.9991393,36.391273,"services 2026-08-14: CDS X-Match (2RXS J/A+A/588/A103, XMMSL3 IX/71, CSC2.1 IX/70, 2SXPS IX/58, CatWISE II/365, GaiaDR3 var I/358, ART-XC J/A+A/687/A183, MKM J/MNRAS/544/885); HEASARC xmmssc(5XMM); NWAY eRASSc3 27Jul2026; DR2 UL server erodat; SIMBAD; TNS; ASAS-SN SkyPatrol v2"
pair,3eRASS J040311.3-023207,60.797093378833445,-2.535376442185701,0.7183031325605457,193.21483525255348,-38.011918341702575,strong,rise,1326.9532,9.173617,0.84370095,0.04391546,7.855689e-13,4.088963e-14,19.61649155102498,26.67471776053288,11.7728811057404,15.978455943924608,15.978455943924608,15.561747553383867,,,3.252941125422005e+18,1.588136,19.226973,1.415503,-0.0339,0.33,0.126,-0.358,,,,optical-faint?,,PLAUSIBLE-CLASS,variable AGN (x16 riser),"Gaia DR3 classifier AGN 0.41; Gaia G range 18.77-19.75 (~1 mag optical variability); CatWISE 0.80"" W1-W2=0.41; no prior X-ray; no TNS. CONFIRM: spectrum/redshift",True,,,0.9998688,0.9986314,39.79291,"services 2026-08-14: CDS X-Match (2RXS J/A+A/588/A103, XMMSL3 IX/71, CSC2.1 IX/70, 2SXPS IX/58, CatWISE II/365, GaiaDR3 var I/358, ART-XC J/A+A/687/A183, MKM J/MNRAS/544/885); HEASARC xmmssc(5XMM); NWAY eRASSc3 27Jul2026; DR2 UL server erodat; SIMBAD; TNS; ASAS-SN SkyPatrol v2"
pair,3eRASS J140907.2-451717,212.2800560735496,-45.28825117092416,0.4501070439364424,316.9780209437288,15.454311093647942,strong,fade,15686.39,18129.668,6.7709208,16.975838,6.304396e-12,1.5806181e-11,0.4072553231016915,0.0299447193816137,2.386288280429066,14.971732547865171,14.971732547865171,26.4427077516106,,,6.096905573613586e+18,1.926011,16.608578,0.840538,9.2807,0.0744,-90.214,7.733,V* V834 Cen,CV*,1.84814214867386,SIMBAD:CV*,,IDENTIFIED,V* V834 Cen (CV*),"SIMBAD CV* at 1.8""; ART-XC counterpart V834 Cen (CV)",False,,,0.08454332,0.9851067,444.03662,"services 2026-08-14: CDS X-Match (2RXS J/A+A/588/A103, XMMSL3 IX/71, CSC2.1 IX/70, 2SXPS IX/58, CatWISE II/365, GaiaDR3 var I/358, ART-XC J/A+A/687/A183, MKM J/MNRAS/544/885); HEASARC xmmssc(5XMM); NWAY eRASSc3 27Jul2026; DR2 UL server erodat; SIMBAD; TNS; ASAS-SN SkyPatrol v2"
pair,3eRASS J053517.6-055827,83.82336438309689,-5.974330885559013,0.7931575677793414,209.5666445950176,-19.64343293542617,strong,rise,1118.5448,7.019616,0.80525345,0.05181583,7.4977047e-13,4.824565e-14,15.867933975082028,23.27953573871587,9.777541216928896,14.296745818387729,14.296745818387729,13.945370083083285,,,3.0171882445385523e+18,1.124492,13.651472,1.725076,2.7536,0.1353,1.542,0.284,V* V1812 Ori A,Or*,1.1024472923249895,SIMBAD:Or*,,IDENTIFIED,V* V1812 Ori A (Or*),"SIMBAD Or* at 1.1""",False,,,0.99608076,0.98024553,28.444729,"services 2026-08-14: CDS X-Match (2RXS J/A+A/588/A103, XMMSL3 IX/71, CSC2.1 IX/70, 2SXPS IX/58, CatWISE II/365, GaiaDR3 var I/358, ART-XC J/A+A/687/A183, MKM J/MNRAS/544/885); HEASARC xmmssc(5XMM); NWAY eRASSc3 27Jul2026; DR2 UL server erodat; SIMBAD; TNS; ASAS-SN SkyPatrol v2"
pair,3eRASS J082731.8-694520,126.88290041010228,-69.75563207634447,0.7971047467981343,283.5671864625175,-17.604381650924324,strong,rise,764.6097,6.218119,0.18769644,0.012833285,1.7476392e-13,1.1949056e-14,14.933735307545554,22.758896646715733,9.355747899820036,14.20328546484661,14.20328546484661,13.927731541213705,,,5.26994177718531e+18,0.565006,17.165625,1.374271,,,,,,,,optical-faint?,,PLAUSIBLE-CLASS,Galactic star flare / CV candidate (x14 riser),"CatWISE 0.73"" W1=14.11 W1-W2=0.01 (stellar); ASAS-SN stellar source 0.57"" median 17.5 with mild brightenings; Gaia G=17.17 no plx - distant star or compact binary. CONFIRM: spectrum",True,,,0.85452855,0.8867196,12.555679,"services 2026-08-14: CDS X-Match (2RXS J/A+A/588/A103, XMMSL3 IX/71, CSC2.1 IX/70, 2SXPS IX/58, CatWISE II/365, GaiaDR3 var I/358, ART-XC J/A+A/687/A183, MKM J/MNRAS/544/885); HEASARC xmmssc(5XMM); NWAY eRASSc3 27Jul2026; DR2 UL server erodat; SIMBAD; TNS; ASAS-SN SkyPatrol v2"
pair,3eRASS J054101.0-614312,85.25429164613975,-61.72009443365733,2.0072077149149177,270.7790442333076,-31.944144082295285,strong,fade,24.48017,117.75028,0.01745644,0.074360326,1.625367e-14,6.9236805e-14,0.2396981350203723,-0.1077531119027955,3.084021400431361,14.00238290870302,14.00238290870302,5.866142652005649,,,4.75918780969319e+18,7.39937,18.635521,1.097826,-0.146,0.1275,1.615,0.574,,,,Galactic-star/CV?,stacked ratio below switch-off floor (mild containment tension),PLAUSIBLE-CLASS,AGN (variable),CatWISE W1-W2=0.92; prior X-ray: none,False,,,0.00035429918,0.9159745,,"services 2026-08-14: CDS X-Match (2RXS J/A+A/588/A103, XMMSL3 IX/71, CSC2.1 IX/70, 2SXPS IX/58, CatWISE II/365, GaiaDR3 var I/358, ART-XC J/A+A/687/A183, MKM J/MNRAS/544/885); HEASARC xmmssc(5XMM); NWAY eRASSc3 27Jul2026; DR2 UL server erodat; SIMBAD; TNS; ASAS-SN SkyPatrol v2"
pair,3eRASS J061543.9+283506,93.93329723280154,28.58522250467383,0.8451898050703065,183.57403144960267,5.561427176259221,strong,rise,1110.2249,8.248379,1.0360737,0.066635765,9.646869e-13,6.204448e-14,15.87572281526416,22.54579513735,9.465070282032649,13.392205931265998,13.392205931265998,13.13803188868533,,,3.436435910858051e+18,1.839844,18.614964,0.869905,2.2451,0.2355,5.39,-8.129,V* KR Aur,CV*,1.9952517380867063,SIMBAD:CV*,,IDENTIFIED,V* KR Aur (CV*),"SIMBAD CV* at 2.0""",False,,,0.40159813,0.4680086,92.17206,"services 2026-08-14: CDS X-Match (2RXS J/A+A/588/A103, XMMSL3 IX/71, CSC2.1 IX/70, 2SXPS IX/58, CatWISE II/365, GaiaDR3 var I/358, ART-XC J/A+A/687/A183, MKM J/MNRAS/544/885); HEASARC xmmssc(5XMM); NWAY eRASSc3 27Jul2026; DR2 UL server erodat; SIMBAD; TNS; ASAS-SN SkyPatrol v2"
pair,3eRASS J092718.4+230112,141.8270534553282,23.02012369386773,0.512862365445355,206.2281696332979,43.90308690182146,strong,rise,8094.001,175.70905,6.403914,0.5969243,5.962676e-12,5.557955e-13,10.95409442358564,16.03753672877448,9.1529132479736,13.380622430843877,13.380622430843877,29.437444136040074,,,6.38374531236818e+17,0.241045,18.21612,1.511769,-1.1745,0.6647,0.073,3.492,NGC  2885,Sy1,0.2842031378141925,SIMBAD:Sy1,,IDENTIFIED,NGC  2885 (Sy1),"SIMBAD Sy1 at 0.3""",False,,,0.9998523,0.9991024,159.70035,"services 2026-08-14: CDS X-Match (2RXS J/A+A/588/A103, XMMSL3 IX/71, CSC2.1 IX/70, 2SXPS IX/58, CatWISE II/365, GaiaDR3 var I/358, ART-XC J/A+A/687/A183, MKM J/MNRAS/544/885); HEASARC xmmssc(5XMM); NWAY eRASSc3 27Jul2026; DR2 UL server erodat; SIMBAD; TNS; ASAS-SN SkyPatrol v2"
pair,3eRASS J181036.0-812023,272.6503106585501,-81.33987487558566,0.8470548433093169,312.3642748572788,-25.279427923284867,strong,rise,907.7009,11.11592,0.5015498,0.036795467,4.669924e-13,3.4260213e-14,13.917780311039833,20.971081814004187,8.769353424301805,13.16000481995792,13.16000481995792,12.869516060355672,,,6.360522969659011e+18,0.108149,21.279549,1.601252,,,,,LEDA  225721,G,0.5747741461636603,SIMBAD:G,,IDENTIFIED,LEDA  225721 (G),"SIMBAD G at 0.6""",False,,,0.8931778,0.95871776,,"services 2026-08-14: CDS X-Match (2RXS J/A+A/588/A103, XMMSL3 IX/71, CSC2.1 IX/70, 2SXPS IX/58, CatWISE II/365, GaiaDR3 var I/358, ART-XC J/A+A/687/A183, MKM J/MNRAS/544/885); HEASARC xmmssc(5XMM); NWAY eRASSc3 27Jul2026; DR2 UL server erodat; SIMBAD; TNS; ASAS-SN SkyPatrol v2"
pair,3eRASS J143209.5-432948,218.0395873113225,-43.49673535023875,0.5346722535702211,321.6299598290414,15.68810527492973,strong,rise,4547.175,199.39056,2.0255342,0.2782578,1.8859723e-12,2.5908548e-13,7.4326297002114305,15.224124605097265,6.421338629239632,13.099455771742798,13.099455771742798,24.75734661607366,,,6.099922702242246e+18,0.66363,13.229366,2.228967,7.6506,0.0145,-23.453,-22.353,2MASS J14320950-4329472,Y*?,0.9342081479170212,SIMBAD:Y*?,,IDENTIFIED,2MASS J14320950-4329472 (Y*?),"SIMBAD Y*? at 0.9""",False,,,0.999376,0.9992383,110.412575,"services 2026-08-14: CDS X-Match (2RXS J/A+A/588/A103, XMMSL3 IX/71, CSC2.1 IX/70, 2SXPS IX/58, CatWISE II/365, GaiaDR3 var I/358, ART-XC J/A+A/687/A183, MKM J/MNRAS/544/885); HEASARC xmmssc(5XMM); NWAY eRASSc3 27Jul2026; DR2 UL server erodat; SIMBAD; TNS; ASAS-SN SkyPatrol v2"
pair,3eRASS J214719.8-480319,326.83278086495045,-48.055404761889,0.703374298881955,349.8189014552548,-48.78085172345737,strong,rise,2208.972,33.348763,1.9715436,0.16291729,1.8357017e-12,1.5169208e-13,12.356328936799938,17.827909147595456,9.08774342884366,13.07899190660989,13.07899190660989,18.44446907854248,,,6.562534626120396e+18,1.897284,13.719628,2.803076,15.8702,0.1218,54.306,-89.019,2MASS J21471964-4803166,LM*,3.535981756039399,SIMBAD:LM*,,IDENTIFIED,2MASS J21471964-4803166 (LM*),"SIMBAD LM* at 3.5""",False,,,0.99409467,0.9895855,21.53613,"services 2026-08-14: CDS X-Match (2RXS J/A+A/588/A103, XMMSL3 IX/71, CSC2.1 IX/70, 2SXPS IX/58, CatWISE II/365, GaiaDR3 var I/358, ART-XC J/A+A/687/A183, MKM J/MNRAS/544/885); HEASARC xmmssc(5XMM); NWAY eRASSc3 27Jul2026; DR2 UL server erodat; SIMBAD; TNS; ASAS-SN SkyPatrol v2"
pair,3eRASS J051903.0-512631,79.76258966077562,-51.44219009993429,0.73367514156192,258.4820243496833,-35.042558358822184,strong,rise,1032.4978,10.773678,0.26171032,0.019682141,2.4367815e-13,1.8326017e-14,13.576841747909972,19.71822395404268,8.999715985767374,13.025293439030138,13.025293439030138,14.959924204788797,,,4.772123082957679e+18,0.93701,20.796597,1.48505,,,,,LEDA  456308,G,2.352463387800395,SIMBAD:G,,IDENTIFIED,LEDA  456308 (G),"SIMBAD G at 2.4""",False,,,0.9442748,0.9873359,18.740974,"services 2026-08-14: CDS X-Match (2RXS J/A+A/588/A103, XMMSL3 IX/71, CSC2.1 IX/70, 2SXPS IX/58, CatWISE II/365, GaiaDR3 var I/358, ART-XC J/A+A/687/A183, MKM J/MNRAS/544/885); HEASARC xmmssc(5XMM); NWAY eRASSc3 27Jul2026; DR2 UL server erodat; SIMBAD; TNS; ASAS-SN SkyPatrol v2"
pair,3eRASS J073505.0-690753,113.77095111541038,-69.13139099643652,0.4909723703089687,280.8535451048726,-21.47274446777601,strong,rise,6046.019,109.85377,0.63528883,0.06441035,5.9151664e-13,5.997239e-14,10.070842605404453,14.902274052995596,8.522517697969015,12.591224193566257,12.591224193566257,30.51574126538541,,,5.267767596020514e+18,0.897124,19.354992,1.193176,0.3381,0.1366,-0.271,-0.667,Anon J073505-6907,G,0.1512358303151905,SIMBAD:G,,IDENTIFIED,Anon J073505-6907 (G),"SIMBAD G at 0.2""",False,,,0.9912502,0.6189928,,"services 2026-08-14: CDS X-Match (2RXS J/A+A/588/A103, XMMSL3 IX/71, CSC2.1 IX/70, 2SXPS IX/58, CatWISE II/365, GaiaDR3 var I/358, ART-XC J/A+A/687/A183, MKM J/MNRAS/544/885); HEASARC xmmssc(5XMM); NWAY eRASSc3 27Jul2026; DR2 UL server erodat; SIMBAD; TNS; ASAS-SN SkyPatrol v2"
pair,3eRASS J123050.0+011521,187.70846170870897,1.256033815547423,0.6429789288088223,291.2605202424854,63.65990213826028,strong,rise,1795.7269,24.370049,1.4730784,0.13182354,1.3715813e-12,1.2274073e-13,11.409934117548968,17.242296735395755,8.280231121321323,12.46719042513864,12.46719042513864,16.675894099384212,,,3.69728061345813e+18,0.876545,14.554769,0.451058,-0.0042,0.0261,-0.063,-0.024,2MASS J12305003+0115226,Sy1,0.8769746865212485,SIMBAD:Sy1,,IDENTIFIED,2MASS J12305003+0115226 (Sy1),"SIMBAD Sy1 at 0.9""",False,,,0.99993527,0.9997198,,"services 2026-08-14: CDS X-Match (2RXS J/A+A/588/A103, XMMSL3 IX/71, CSC2.1 IX/70, 2SXPS IX/58, CatWISE II/365, GaiaDR3 var I/358, ART-XC J/A+A/687/A183, MKM J/MNRAS/544/885); HEASARC xmmssc(5XMM); NWAY eRASSc3 27Jul2026; DR2 UL server erodat; SIMBAD; TNS; ASAS-SN SkyPatrol v2"
pair,3eRASS J050715.2-290721,76.81365570384848,-29.122532796770138,0.7137854432702184,231.14393007226448,-34.28430799578377,strong,rise,1482.1803,15.4423895,0.6903846,0.05882994,6.4281626e-13,5.4776482e-14,11.982376276570951,17.892616077449265,8.226208723547936,12.241638504633704,12.241638504633704,15.35488055322392,,,4.876985053087659e+18,0.804726,15.982043,3.360869,12.8009,0.0408,27.282,-2.958,2MASS J05071519-2907205,*,1.1816244824585511,SIMBAD:*,,IDENTIFIED,2MASS J05071519-2907205 (*),"SIMBAD * at 1.2""",False,,,0.9999632,0.99932414,,"services 2026-08-14: CDS X-Match (2RXS J/A+A/588/A103, XMMSL3 IX/71, CSC2.1 IX/70, 2SXPS IX/58, CatWISE II/365, GaiaDR3 var I/358, ART-XC J/A+A/687/A183, MKM J/MNRAS/544/885); HEASARC xmmssc(5XMM); NWAY eRASSc3 27Jul2026; DR2 UL server erodat; SIMBAD; TNS; ASAS-SN SkyPatrol v2"
pair,3eRASS J073128.9+095623,112.87082496595455,9.93973360893277,0.7671267285373469,208.4787179963466,13.362101888969775,strong,rise,1700.9655,23.669764,1.765761,0.15097448,1.6440978e-12,1.4057215e-13,11.942042956573374,17.381759053155232,8.399618208994072,12.184811098478065,12.184811098478065,15.815694987223369,,,3.161562367602419e+18,0.083484,14.946876,0.193074,1.1199,0.0334,-13.616,3.347,V* BG CMi,CV*,0.146839075467334,SIMBAD:CV*,,IDENTIFIED,V* BG CMi (CV*),"SIMBAD CV* at 0.1""; ART-XC counterpart BG CMi (CV)",False,,,0.9965947,0.0,356.87695,"services 2026-08-14: CDS X-Match (2RXS J/A+A/588/A103, XMMSL3 IX/71, CSC2.1 IX/70, 2SXPS IX/58, CatWISE II/365, GaiaDR3 var I/358, ART-XC J/A+A/687/A183, MKM J/MNRAS/544/885); HEASARC xmmssc(5XMM); NWAY eRASSc3 27Jul2026; DR2 UL server erodat; SIMBAD; TNS; ASAS-SN SkyPatrol v2"
pair,3eRASS J051227.6+225351,78.11530821000709,22.89758339480881,0.7941120541028772,180.9653351644749,-9.540778671914516,strong,rise,940.4371,12.5872755,0.63695973,0.04673573,5.930724e-13,4.351558e-14,13.915960895135177,20.078027639607427,8.455010614799926,12.145037271904393,12.145037271904393,12.17232297092007,,,3.415706130945884e+18,2.065054,14.368097,2.378046,5.7148,0.1255,5.982,-18.593,Gaia DR3 3415706130945884416,*,2.0615067895167924,SIMBAD:*,,IDENTIFIED,Gaia DR3 3415706130945884416 (*),"SIMBAD * at 2.1""",False,,,0.878879,0.9974829,,"services 2026-08-14: CDS X-Match (2RXS J/A+A/588/A103, XMMSL3 IX/71, CSC2.1 IX/70, 2SXPS IX/58, CatWISE II/365, GaiaDR3 var I/358, ART-XC J/A+A/687/A183, MKM J/MNRAS/544/885); HEASARC xmmssc(5XMM); NWAY eRASSc3 27Jul2026; DR2 UL server erodat; SIMBAD; TNS; ASAS-SN SkyPatrol v2"
pair,3eRASS J155500.2-234508,238.7508400516559,-23.75245268802884,0.5751288715309436,348.29316724524534,22.539208720028423,strong,rise,2426.5112,21.123383,1.7473174,0.14475068,1.626925e-12,1.3477717e-13,12.325411769678896,16.642196564420363,8.956624038943154,12.066529352583856,12.066529352583856,19.63918201289764,,,6.237026442104497e+18,0.435079,13.97282,2.995514,11.4243,0.0284,-30.13,-38.486,Gaia DR3 6237026442104496768,Y*?,0.9109232701300504,SIMBAD:Y*?,,IDENTIFIED,Gaia DR3 6237026442104496768 (Y*?),"SIMBAD Y*? at 0.9""",False,,,0.9989578,0.9994284,53.225704,"services 2026-08-14: CDS X-Match (2RXS J/A+A/588/A103, XMMSL3 IX/71, CSC2.1 IX/70, 2SXPS IX/58, CatWISE II/365, GaiaDR3 var I/358, ART-XC J/A+A/687/A183, MKM J/MNRAS/544/885); HEASARC xmmssc(5XMM); NWAY eRASSc3 27Jul2026; DR2 UL server erodat; SIMBAD; TNS; ASAS-SN SkyPatrol v2"
pair,3eRASS J094640.9-455202,146.67066270227207,-45.867245925521416,0.5894007197331302,272.59355137202243,5.839912739925586,strong,fade,2757.6536,3250.7166,1.422457,4.448057,1.3244479e-12,4.1415803e-12,0.3265269509401846,0.0286462334286701,2.825685020682554,11.88055099880946,11.88055099880946,15.785229134896433,,,5.411586053396882e+18,0.476964,19.41194,0.615402,1.8585,0.2272,-12.127,-4.375,Gaia DR3 5411586053396882048,CV?,0.6831574041789137,SIMBAD:CV?,,IDENTIFIED,Gaia DR3 5411586053396882048 (CV?),"SIMBAD CV? at 0.7""",False,,,0.97732127,0.26729932,,"services 2026-08-14: CDS X-Match (2RXS J/A+A/588/A103, XMMSL3 IX/71, CSC2.1 IX/70, 2SXPS IX/58, CatWISE II/365, GaiaDR3 var I/358, ART-XC J/A+A/687/A183, MKM J/MNRAS/544/885); HEASARC xmmssc(5XMM); NWAY eRASSc3 27Jul2026; DR2 UL server erodat; SIMBAD; TNS; ASAS-SN SkyPatrol v2"
pair,3eRASS J062106.5-711307,95.27709389632882,-71.21879861549789,0.7411369287797109,281.74218820089595,-28.002743836640374,strong,rise,770.5042,6.2052283,0.08881172,0.007150344,8.269248e-14,6.6576764e-15,12.682170367214075,18.59797612316146,8.125691885049697,11.86695732680086,11.86695732680086,14.172172256063444,,,5.278372389965076e+18,2.065576,20.467035,1.40749,0.6082,0.1506,2.111,8.949,,,,Galactic-star/CV?,,PLAUSIBLE-CLASS,CV candidate (x12 riser),"Gaia G=20.47 plx 0.61+-0.15 (4-sigma, ~1.6 kpc); CatWISE 2.4"" faint (W1=17.7); no prior X-ray. CONFIRM: spectrum",True,,,0.14275782,0.46596286,33.294167,"services 2026-08-14: CDS X-Match (2RXS J/A+A/588/A103, XMMSL3 IX/71, CSC2.1 IX/70, 2SXPS IX/58, CatWISE II/365, GaiaDR3 var I/358, ART-XC J/A+A/687/A183, MKM J/MNRAS/544/885); HEASARC xmmssc(5XMM); NWAY eRASSc3 27Jul2026; DR2 UL server erodat; SIMBAD; TNS; ASAS-SN SkyPatrol v2"
pair,3eRASS J083533.2-090529,128.88867015823055,-9.091400570556816,0.7798950276836832,233.79764828379692,18.276097638587643,strong,rise,1089.5804,26.854805,1.0940164,0.1026278,1.0186373e-12,9.555661e-14,10.884515048267517,17.215051455957518,7.471194432128637,11.761939707755204,11.761939707755204,12.821382882591552,,,5.75343703894844e+18,1.374871,16.820299,0.977743,0.0277,0.0894,0.011,0.018,LEDA  995314,AGN,1.375084358855872,SIMBAD:AGN,,IDENTIFIED,LEDA  995314 (AGN),"SIMBAD AGN at 1.4""",False,,,0.99974686,0.99990267,35.151516,"services 2026-08-14: CDS X-Match (2RXS J/A+A/588/A103, XMMSL3 IX/71, CSC2.1 IX/70, 2SXPS IX/58, CatWISE II/365, GaiaDR3 var I/358, ART-XC J/A+A/687/A183, MKM J/MNRAS/544/885); HEASARC xmmssc(5XMM); NWAY eRASSc3 27Jul2026; DR2 UL server erodat; SIMBAD; TNS; ASAS-SN SkyPatrol v2"
pair,3eRASS J035606.5-083328,59.02739019119332,-8.55781632926033,0.572686163448461,198.7821610548301,-42.63691900103766,strong,rise,3737.1572,49.161133,2.121483,0.20222828,1.97531e-12,1.8829449e-13,10.711442075562832,14.99241683851112,8.382965511603958,11.710985652828157,11.710985652828157,22.098755372905547,,,3.1948779135201464e+18,0.429086,11.976194,1.906776,16.6196,0.0641,-16.056,-43.443,UCAC2  28661962,*,0.3121723389249138,SIMBAD:*,,IDENTIFIED,UCAC2  28661962 (*),"SIMBAD * at 0.3""",False,,,0.99875426,0.99941134,33.128532,"services 2026-08-14: CDS X-Match (2RXS J/A+A/588/A103, XMMSL3 IX/71, CSC2.1 IX/70, 2SXPS IX/58, CatWISE II/365, GaiaDR3 var I/358, ART-XC J/A+A/687/A183, MKM J/MNRAS/544/885); HEASARC xmmssc(5XMM); NWAY eRASSc3 27Jul2026; DR2 UL server erodat; SIMBAD; TNS; ASAS-SN SkyPatrol v2"
pair,3eRASS J153406.1-090331,233.52558338394948,-9.058753482922397,0.6990321681690196,356.1165701447875,36.50268274850438,strong,fade,1460.8507,1911.0542,0.9579387,2.1208308,8.9193545e-13,1.9747027e-12,0.4611921881014885,-0.0480869470854724,1.9626357760181985,11.546687620916815,11.546687620916815,9.894581756622156,,,6.31804450614886e+18,2.633669,19.674212,1.453835,,,,,LEDA  160567,G,2.633668856528097,SIMBAD:G,,IDENTIFIED,LEDA  160567 (G),"SIMBAD G at 2.6""",False,,,0.1500461,0.09708122,,"services 2026-08-14: CDS X-Match (2RXS J/A+A/588/A103, XMMSL3 IX/71, CSC2.1 IX/70, 2SXPS IX/58, CatWISE II/365, GaiaDR3 var I/358, ART-XC J/A+A/687/A183, MKM J/MNRAS/544/885); HEASARC xmmssc(5XMM); NWAY eRASSc3 27Jul2026; DR2 UL server erodat; SIMBAD; TNS; ASAS-SN SkyPatrol v2"
pair,3eRASS J123822.2-253210,189.5926583093056,-25.53631318365286,0.45196107592149,299.2286525252967,37.24145586229164,strong,fade,17755.725,19082.004,8.519804,20.790726,7.9327786e-12,1.9358218e-11,0.4184178546443701,0.0519583584115368,2.316354024064174,11.232906785453116,11.232906785453116,26.75755369503127,,,,,,,,,,,EQ J123822.1-253210.9,?,0.8734226338137622,SIMBAD:?,,IDENTIFIED,SRGt J123822.3-253206 - bright short-duration X-ray flare (eRASS1),"already reported: ATel #13416; = SRGA J123821.5-253208 (ART-XC, NewXray, UNIDENT type); discussed as fast X-ray transient with radio counterpart (arXiv:2407.07257); our fade x11 = flare decay in the stack",True,,,0.0,0.17347074,1536.9733,"services 2026-08-14: CDS X-Match (2RXS J/A+A/588/A103, XMMSL3 IX/71, CSC2.1 IX/70, 2SXPS IX/58, CatWISE II/365, GaiaDR3 var I/358, ART-XC J/A+A/687/A183, MKM J/MNRAS/544/885); HEASARC xmmssc(5XMM); NWAY eRASSc3 27Jul2026; DR2 UL server erodat; SIMBAD; TNS; ASAS-SN SkyPatrol v2"
pair,3eRASS J090831.3-702611,137.13048155550572,-70.43648631780559,0.5445538162801932,286.27026327833926,-15.179641741288162,strong,fade,3643.2583,4313.895,0.69830567,1.8468117,6.501915e-13,1.7195639e-12,0.3860763631057824,0.0309047598520038,2.424235446689258,11.129345020256656,11.129345020256656,17.133145310991832,,,,,,,,,,,GRB 200120A,gB,11.85998076006559,SIMBAD:gB,,IDENTIFIED,GRB 200120A (gB),"SIMBAD gB at 11.9""",False,,,0.0,0.0,220.86589,"services 2026-08-14: CDS X-Match (2RXS J/A+A/588/A103, XMMSL3 IX/71, CSC2.1 IX/70, 2SXPS IX/58, CatWISE II/365, GaiaDR3 var I/358, ART-XC J/A+A/687/A183, MKM J/MNRAS/544/885); HEASARC xmmssc(5XMM); NWAY eRASSc3 27Jul2026; DR2 UL server erodat; SIMBAD; TNS; ASAS-SN SkyPatrol v2"
pair,3eRASS J044115.3-375924,70.31406832228633,-37.99004274498103,1.1762516995673775,241.01497784248429,-41.14813965024638,strong,fade,363.07245,527.3608,0.1892102,0.72358066,1.7617338e-13,6.73725e-13,0.2669979107099442,-0.0074365467334458,3.1517815047362228,11.01345335542922,11.01345335542922,8.34093637488948,,,4.866174135069731e+18,1.446365,19.283239,3.131153,6.1432,0.217,26.847,33.406,,,,Galactic-star/CV? (red-dwarf locus: flare star?),,PLAUSIBLE-CLASS,Galactic flare star / CV (red-dwarf flare locus),Gaia plx 6.14+-0.22; prior X-ray: none,False,,,0.94824976,0.48085672,,"services 2026-08-14: CDS X-Match (2RXS J/A+A/588/A103, XMMSL3 IX/71, CSC2.1 IX/70, 2SXPS IX/58, CatWISE II/365, GaiaDR3 var I/358, ART-XC J/A+A/687/A183, MKM J/MNRAS/544/885); HEASARC xmmssc(5XMM); NWAY eRASSc3 27Jul2026; DR2 UL server erodat; SIMBAD; TNS; ASAS-SN SkyPatrol v2"
pair,3eRASS J223835.7-633422,339.6491239150181,-63.57279903300673,0.6237430154536932,324.171170202712,-47.70889621107075,strong,rise,2276.7495,44.0107,1.538639,0.16068847,1.4326247e-12,1.4961684e-13,9.776924170648202,14.093976895764342,7.383214214237582,10.612571364239622,10.612571364239622,17.429096182549408,,,6.404861806838483e+18,0.480904,8.725044,1.17203,2.7659,0.0146,21.59,-22.878,HD 214257,BY*,0.984208191139292,SIMBAD:BY*,,IDENTIFIED,HD 214257 (BY*),"SIMBAD BY* at 1.0""",False,,,0.9999949,0.99693245,68.81449,"services 2026-08-14: CDS X-Match (2RXS J/A+A/588/A103, XMMSL3 IX/71, CSC2.1 IX/70, 2SXPS IX/58, CatWISE II/365, GaiaDR3 var I/358, ART-XC J/A+A/687/A183, MKM J/MNRAS/544/885); HEASARC xmmssc(5XMM); NWAY eRASSc3 27Jul2026; DR2 UL server erodat; SIMBAD; TNS; ASAS-SN SkyPatrol v2"
pair,3eRASS J160901.8-390513,242.2577220320897,-39.08708923255466,0.4842419196584376,339.6028361445397,9.327166485874605,strong,fade,8533.704,9181.502,4.2221246,11.494069,3.9312147e-12,1.0702113e-11,0.3750658239139285,0.0531761325343172,2.533047848642806,10.485530984701487,10.485530984701487,22.33649212879067,,,5.997410491550195e+18,0.750844,13.64162,2.8472,6.3792,0.0231,-9.518,-24.035,THA 15-35,Or*,1.1078340840760172,SIMBAD:Or*,,IDENTIFIED,THA 15-35 (Or*),"SIMBAD Or* at 1.1""; ART-XC counterpart THA 15-35 (STAR)",False,,,0.9914551,0.9990707,276.8,"services 2026-08-14: CDS X-Match (2RXS J/A+A/588/A103, XMMSL3 IX/71, CSC2.1 IX/70, 2SXPS IX/58, CatWISE II/365, GaiaDR3 var I/358, ART-XC J/A+A/687/A183, MKM J/MNRAS/544/885); HEASARC xmmssc(5XMM); NWAY eRASSc3 27Jul2026; DR2 UL server erodat; SIMBAD; TNS; ASAS-SN SkyPatrol v2"
pair,3eRASS J125601.0+075759,194.00425007119017,7.966410149076604,0.7862586612998312,306.38244142144225,70.80747310876404,strong,rise,878.8687,11.893729,0.88374895,0.09007446,8.228575e-13,8.3868215e-14,10.01791885506777,15.406591639419926,6.723738163228346,10.281544202279212,10.281544202279212,12.378578941676912,,,3.733595867615229e+18,0.456433,14.623795,2.942795,18.8928,0.0267,-122.002,-7.366,Gaia DR3 3733595867615229056,PM*,2.028164993844674,SIMBAD:PM*,,IDENTIFIED,Gaia DR3 3733595867615229056 (PM*),"SIMBAD PM* at 2.0""",False,,,0.999483,0.9984823,29.346487,"services 2026-08-14: CDS X-Match (2RXS J/A+A/588/A103, XMMSL3 IX/71, CSC2.1 IX/70, 2SXPS IX/58, CatWISE II/365, GaiaDR3 var I/358, ART-XC J/A+A/687/A183, MKM J/MNRAS/544/885); HEASARC xmmssc(5XMM); NWAY eRASSc3 27Jul2026; DR2 UL server erodat; SIMBAD; TNS; ASAS-SN SkyPatrol v2"
pair,3eRASS J112952.2+360641,172.4676690442013,36.111444652595736,0.5668637223304573,180.4465304585601,70.5059197538638,strong,rise,3504.4902,92.246216,2.8486197,0.34436804,2.6523462e-12,3.2064065e-13,8.446210232026486,12.835233797795611,6.750537377376682,10.222515936481294,10.222515936481294,19.51249458208688,,,7.598221532346711e+17,1.245421,12.495083,2.410757,24.1742,0.026,-126.622,-60.647,PM J11298+3606,PM*,1.063212324758489,SIMBAD:PM*,,IDENTIFIED,PM J11298+3606 (PM*),"SIMBAD PM* at 1.1""",False,,,0.99991053,0.9976455,35.826317,"services 2026-08-14: CDS X-Match (2RXS J/A+A/588/A103, XMMSL3 IX/71, CSC2.1 IX/70, 2SXPS IX/58, CatWISE II/365, GaiaDR3 var I/358, ART-XC J/A+A/687/A183, MKM J/MNRAS/544/885); HEASARC xmmssc(5XMM); NWAY eRASSc3 27Jul2026; DR2 UL server erodat; SIMBAD; TNS; ASAS-SN SkyPatrol v2"
pair,3eRASS J173953.8-282947,264.9745061432481,-28.49657079735067,0.4261841728592576,359.71370619291946,1.2981352627148888,strong,rise,43121.33,1291.4786,23.427475,3.0075116,2.1813292e-11,2.8002902e-12,7.953685650573364,10.925538529178183,7.401582370919728,10.15963481961186,10.15963481961186,62.303512640327455,,,4.0602460619785513e+18,5.232801,20.864786,2.39744,0.4428,0.4678,-0.458,-8.484,SRGA J173953.4-282943,LXB,8.548245390947168,SIMBAD:LXB,,IDENTIFIED,SRGA J173953.4-282943 (LXB),"SIMBAD LXB at 8.5""; ART-XC counterpart XTE J1739-285 (LMXB)",False,,,0.0,0.0,19267.512,"services 2026-08-14: CDS X-Match (2RXS J/A+A/588/A103, XMMSL3 IX/71, CSC2.1 IX/70, 2SXPS IX/58, CatWISE II/365, GaiaDR3 var I/358, ART-XC J/A+A/687/A183, MKM J/MNRAS/544/885); HEASARC xmmssc(5XMM); NWAY eRASSc3 27Jul2026; DR2 UL server erodat; SIMBAD; TNS; ASAS-SN SkyPatrol v2"
pair,3eRASS J095836.7+170001,149.6531425602366,17.00047932147244,1.0478215079977402,217.9619406054574,48.910118194984015,strong,fade,550.57275,770.75757,0.83747154,2.4778078,7.7976867e-13,2.3070836e-12,0.3451061543408223,-0.0411100467027571,2.4568340010950456,10.021628506451396,10.021628506451396,7.658580827466072,,,,,,,,,,,SDSS J095836.00+170008.2,G,12.538560243701944,SIMBAD:G,,IDENTIFIED,SDSS J095836.00+170008.2 (G),"SIMBAD G at 12.5""",False,,,,0.95934135,,"services 2026-08-14: CDS X-Match (2RXS J/A+A/588/A103, XMMSL3 IX/71, CSC2.1 IX/70, 2SXPS IX/58, CatWISE II/365, GaiaDR3 var I/358, ART-XC J/A+A/687/A183, MKM J/MNRAS/544/885); HEASARC xmmssc(5XMM); NWAY eRASSc3 27Jul2026; DR2 UL server erodat; SIMBAD; TNS; ASAS-SN SkyPatrol v2"
pair,3eRASS J085554.2+005109,133.97602644912732,0.8527439443538521,0.9060676726468934,227.49398664025213,27.81795943982436,strong,rise,860.3158,19.481853,0.9077689,0.09368717,8.452225e-13,8.7232007e-14,9.89339704315918,15.364350805905612,6.491227114241442,10.016493230698638,10.016493230698638,11.223885404391808,,,3.07476190318203e+18,1.195918,18.394627,1.354778,-0.1053,0.2364,0.04,0.616,LEDA 1177310,Sy1,1.186479508774049,SIMBAD:Sy1,,IDENTIFIED,LEDA 1177310 (Sy1),"SIMBAD Sy1 at 1.2""",False,,,0.99220556,0.999535,,"services 2026-08-14: CDS X-Match (2RXS J/A+A/588/A103, XMMSL3 IX/71, CSC2.1 IX/70, 2SXPS IX/58, CatWISE II/365, GaiaDR3 var I/358, ART-XC J/A+A/687/A183, MKM J/MNRAS/544/885); HEASARC xmmssc(5XMM); NWAY eRASSc3 27Jul2026; DR2 UL server erodat; SIMBAD; TNS; ASAS-SN SkyPatrol v2"
pair,3eRASS J162719.4-244142,246.83092161046892,-24.695190486386164,0.4812192316422584,352.9792413077776,16.564764408251857,strong,fade,10561.69,11142.935,4.995579,13.27615,4.651377e-12,1.2361406e-11,0.3842058044994553,0.0591982656395944,2.478933414881121,9.972797273421683,9.972797273421683,23.155333958869377,,,6.049072007438134e+18,2.126492,12.210308,2.369439,,,,,EM* SR   12,Or*,2.544940283410273,SIMBAD:Or*,,IDENTIFIED,EM* SR   12 (Or*),"SIMBAD Or* at 2.5""; ART-XC counterpart SR 12 (STAR)",False,,,0.1420642,0.8310037,433.36865,"services 2026-08-14: CDS X-Match (2RXS J/A+A/588/A103, XMMSL3 IX/71, CSC2.1 IX/70, 2SXPS IX/58, CatWISE II/365, GaiaDR3 var I/358, ART-XC J/A+A/687/A183, MKM J/MNRAS/544/885); HEASARC xmmssc(5XMM); NWAY eRASSc3 27Jul2026; DR2 UL server erodat; SIMBAD; TNS; ASAS-SN SkyPatrol v2"
pair,3eRASS J163401.4-472335,248.5062327258242,-47.39318276025279,0.6792520772207901,336.91092534352134,0.2503413819745175,strong,fade,2348.8079,2709.0896,1.6070281,4.5756063,1.4963019e-12,4.260341e-12,0.3586122143999127,0.033840439563838,2.561527631586681,9.880097734216212,9.880097734216212,14.07359242593381,,,5.941314301671648e+18,3.999143,18.252245,2.353447,0.5174,0.1635,-3.092,1.845,X Nor X-1,LXB,1.3328057296244116,SIMBAD:LXB,,IDENTIFIED,X Nor X-1 (LXB),"SIMBAD LXB at 1.3""; ART-XC counterpart 4U 1630-47 (LMXB)",False,,,5.290644e-08,0.0,16517.809,"services 2026-08-14: CDS X-Match (2RXS J/A+A/588/A103, XMMSL3 IX/71, CSC2.1 IX/70, 2SXPS IX/58, CatWISE II/365, GaiaDR3 var I/358, ART-XC J/A+A/687/A183, MKM J/MNRAS/544/885); HEASARC xmmssc(5XMM); NWAY eRASSc3 27Jul2026; DR2 UL server erodat; SIMBAD; TNS; ASAS-SN SkyPatrol v2"
pair,3eRASS J100710.3+220302,151.79303580706508,22.050607988917573,0.747396375829488,211.4752743559264,52.47716189652727,strong,rise,1794.7772,27.853498,2.050716,0.17965205,1.909419e-12,1.6727379e-13,11.655303297051272,17.571454001720788,6.562674660903648,9.85143304001153,9.85143304001153,14.69635436584278,,,6.295667172484442e+17,1.886948,17.001268,0.765091,-0.2341,0.0784,0.067,-0.154,LEDA 3095917,Sy1,1.8867376735846637,SIMBAD:Sy1,,IDENTIFIED,LEDA 3095917 (Sy1),"SIMBAD Sy1 at 1.9""",False,,,0.9999349,0.9998227,13.082586,"services 2026-08-14: CDS X-Match (2RXS J/A+A/588/A103, XMMSL3 IX/71, CSC2.1 IX/70, 2SXPS IX/58, CatWISE II/365, GaiaDR3 var I/358, ART-XC J/A+A/687/A183, MKM J/MNRAS/544/885); HEASARC xmmssc(5XMM); NWAY eRASSc3 27Jul2026; DR2 UL server erodat; SIMBAD; TNS; ASAS-SN SkyPatrol v2"
pair,3eRASS J000009.1-772028,0.0382329133911122,-77.34132362002869,0.6192993591433245,306.54137879519294,-39.42529864629853,strong,rise,2637.3755,57.44748,1.2289275,0.14492394,1.1442528e-12,1.349385e-13,8.658374772598446,12.354511617180814,6.752607972516514,9.607780455959396,9.607780455959396,18.554668423153377,,,4.684042752644194e+18,0.505316,18.220795,1.184162,-0.0839,0.1456,-0.038,-0.197,ESO  12-11,Sy1,9.033035885670849,SIMBAD:Sy1,,IDENTIFIED,ESO  12-11 (Sy1),"SIMBAD Sy1 at 9.0""",False,,,0.9998473,0.9988228,60.453907,"services 2026-08-14: CDS X-Match (2RXS J/A+A/588/A103, XMMSL3 IX/71, CSC2.1 IX/70, 2SXPS IX/58, CatWISE II/365, GaiaDR3 var I/358, ART-XC J/A+A/687/A183, MKM J/MNRAS/544/885); HEASARC xmmssc(5XMM); NWAY eRASSc3 27Jul2026; DR2 UL server erodat; SIMBAD; TNS; ASAS-SN SkyPatrol v2"
pair,3eRASS J090206.8-403318,135.5285164215782,-40.5551479427421,0.8340637882045998,263.0586043109911,3.929512727565224,strong,fade,152.43202,43368.293,3.7273324,38.496895,3.4705145e-12,3.584441e-11,0.0988604701887419,-0.4601950459125866,9.512142734574578,,9.512142734574578,5.671005574518774,,,5.620657678322626e+18,1.785699,6.735128,0.720456,0.4962,0.0152,-4.822,9.282,V* GP Vel,HXB,1.644795689372604,SIMBAD:HXB,containment-violated (030 flare-filter/pileup suspect); stacked ratio below switch-off floor (mild containment tension),IDENTIFIED,V* GP Vel (HXB),"SIMBAD HXB at 1.6""; ART-XC counterpart Vela X-1 (HMXB)",False,,,0.8162574,0.8015744,38668.176,"services 2026-08-14: CDS X-Match (2RXS J/A+A/588/A103, XMMSL3 IX/71, CSC2.1 IX/70, 2SXPS IX/58, CatWISE II/365, GaiaDR3 var I/358, ART-XC J/A+A/687/A183, MKM J/MNRAS/544/885); HEASARC xmmssc(5XMM); NWAY eRASSc3 27Jul2026; DR2 UL server erodat; SIMBAD; TNS; ASAS-SN SkyPatrol v2"
pair,3eRASS J104411.1-595242,161.04633729175555,-59.87842313964693,1.819555790745044,287.5903584714424,-0.8523969327610067,strong,fade,28.954903,94.59126,0.10067469,0.37196296,9.3738073e-14,3.4633424e-13,0.2763572413482836,-0.1085808607507613,2.672518393280227,9.396105981111337,9.396105981111337,5.290655996912929,,,5.350350132001192e+18,0.429561,10.353003,0.834949,7.4624,0.0147,-63.504,13.687,CPD-59  2564,PM*,0.8236982900720915,SIMBAD:PM*,stacked ratio below switch-off floor (mild containment tension),IDENTIFIED,CPD-59  2564 (PM*),"SIMBAD PM* at 0.8""",False,,,0.98696977,1.6270125e-06,,"services 2026-08-14: CDS X-Match (2RXS J/A+A/588/A103, XMMSL3 IX/71, CSC2.1 IX/70, 2SXPS IX/58, CatWISE II/365, GaiaDR3 var I/358, ART-XC J/A+A/687/A183, MKM J/MNRAS/544/885); HEASARC xmmssc(5XMM); NWAY eRASSc3 27Jul2026; DR2 UL server erodat; SIMBAD; TNS; ASAS-SN SkyPatrol v2"
pair,3eRASS J111007.6-762936,167.5317604319482,-76.49354747621493,3.3237071880736484,297.00018798861214,-14.802764365953404,strong,fade,7.3183856,204.861,0.06743416,0.31197053,6.278786e-14,2.9047535e-13,0.2207072726879161,-0.1022076441998564,3.131774782782628,9.357693293758915,9.357693293758915,5.784838168511998,,,5.20135225327635e+18,2.600269,12.792765,2.190486,5.7305,0.2207,-23.039,-1.287,V* WY Cha,Or*,2.2511540218661006,SIMBAD:Or*,stacked ratio below switch-off floor (mild containment tension),IDENTIFIED,V* WY Cha (Or*),"SIMBAD Or* at 2.3""",False,,,0.9699764,0.9861581,,"services 2026-08-14: CDS X-Match (2RXS J/A+A/588/A103, XMMSL3 IX/71, CSC2.1 IX/70, 2SXPS IX/58, CatWISE II/365, GaiaDR3 var I/358, ART-XC J/A+A/687/A183, MKM J/MNRAS/544/885); HEASARC xmmssc(5XMM); NWAY eRASSc3 27Jul2026; DR2 UL server erodat; SIMBAD; TNS; ASAS-SN SkyPatrol v2"
pair,3eRASS J100358.8+392606,150.9953908587629,39.435101894668094,0.7358012512277922,182.47881737975828,53.27868456334911,strong,rise,1550.9589,37.86939,1.4407189,0.16616417,1.3414515e-12,1.5471526e-13,8.853033523446214,12.986254811799071,6.38894553494217,9.329281610216968,9.329281610216968,13.85624075170337,,,8.032349954708125e+17,1.566504,12.996685,1.322494,1.1689,0.0211,3.113,-6.422,,,,Galactic-star/CV?,,PLAUSIBLE-CLASS,Galactic flare star / CV,Gaia plx 1.17+-0.02; prior X-ray: none,False,,,0.99916816,0.99919814,52.55166,"services 2026-08-14: CDS X-Match (2RXS J/A+A/588/A103, XMMSL3 IX/71, CSC2.1 IX/70, 2SXPS IX/58, CatWISE II/365, GaiaDR3 var I/358, ART-XC J/A+A/687/A183, MKM J/MNRAS/544/885); HEASARC xmmssc(5XMM); NWAY eRASSc3 27Jul2026; DR2 UL server erodat; SIMBAD; TNS; ASAS-SN SkyPatrol v2"
pair,3eRASS J053641.2-063401,84.17207699607724,-6.567002919789598,0.92687058975173,210.29403041026347,-19.598931020507496,strong,rise,943.89777,17.764523,0.65675634,0.06803033,6.11505e-13,6.334295e-14,9.857163634900523,14.049447449096045,6.554994806932929,9.297077520788328,9.297077520788328,11.908727274023525,,,3.016933157837743e+18,1.146089,14.449416,2.269995,2.4305,0.039,-0.066,-0.195,V* V846 Ori,Or*,1.1483092140208455,SIMBAD:Or*,,IDENTIFIED,V* V846 Ori (Or*),"SIMBAD Or* at 1.1""",False,,,0.99910754,0.9981026,17.127714,"services 2026-08-14: CDS X-Match (2RXS J/A+A/588/A103, XMMSL3 IX/71, CSC2.1 IX/70, 2SXPS IX/58, CatWISE II/365, GaiaDR3 var I/358, ART-XC J/A+A/687/A183, MKM J/MNRAS/544/885); HEASARC xmmssc(5XMM); NWAY eRASSc3 27Jul2026; DR2 UL server erodat; SIMBAD; TNS; ASAS-SN SkyPatrol v2"
pair,3eRASS J054332.9-273904,85.88731748097666,-27.651251448312955,0.7320754543160494,232.1380059330432,-26.21490634893406,strong,rise,1446.5193,20.917404,0.709414,0.07735392,6.6053445e-13,7.202413e-14,9.364135749077152,13.06147776616994,6.663712319015419,9.262716763481446,9.262716763481446,14.312566835981828,,,2.90775550149287e+18,0.565537,15.528022,1.056362,0.0158,0.0293,-0.001,0.007,MCG-05-14-012,Sy2,0.5656446310665953,SIMBAD:Sy2,,IDENTIFIED,MCG-05-14-012 (Sy2),"SIMBAD Sy2 at 0.6""",False,,,0.9995834,0.999902,65.88029,"services 2026-08-14: CDS X-Match (2RXS J/A+A/588/A103, XMMSL3 IX/71, CSC2.1 IX/70, 2SXPS IX/58, CatWISE II/365, GaiaDR3 var I/358, ART-XC J/A+A/687/A183, MKM J/MNRAS/544/885); HEASARC xmmssc(5XMM); NWAY eRASSc3 27Jul2026; DR2 UL server erodat; SIMBAD; TNS; ASAS-SN SkyPatrol v2"
pair,3eRASS J090533.5-145955,136.38992957276193,-14.998756287218855,1.086048992669749,243.3963884848814,20.90720449560129,strong,rise,495.7614,13.698715,0.5868613,0.06699222,5.464258e-13,6.2376374e-14,8.94460863134959,14.71001444798024,5.570364405535343,9.0685542257832,9.0685542257832,8.94954259634004,,,5.732063701135319e+18,1.125395,18.080219,1.421804,-0.0781,0.1547,-0.004,0.183,,,,optical-faint?,,PLAUSIBLE-CLASS,variable AGN (x9 riser),"prior 2SXPS detection 4.7"" (0.028 ct/s); CatWISE 1.1"" W1-W2=0.62; Gaia classifier AGN 0.47, G range 17.68-18.51",True,,,0.9992387,0.9998597,30.215101,"services 2026-08-14: CDS X-Match (2RXS J/A+A/588/A103, XMMSL3 IX/71, CSC2.1 IX/70, 2SXPS IX/58, CatWISE II/365, GaiaDR3 var I/358, ART-XC J/A+A/687/A183, MKM J/MNRAS/544/885); HEASARC xmmssc(5XMM); NWAY eRASSc3 27Jul2026; DR2 UL server erodat; SIMBAD; TNS; ASAS-SN SkyPatrol v2"
pair,3eRASS J035840.3-381047,59.66797623462686,-38.17985054290995,0.7537618998510723,240.93794847452432,-49.52501847076636,strong,rise,1218.474,29.734993,0.4398023,0.055653628,4.0949934e-13,5.1819023e-14,8.068898606936882,12.109787176762955,5.877171821112224,8.773442043406941,8.773442043406941,13.408573193020324,,,4.845165186578472e+18,0.257791,17.486429,0.716022,-0.1221,0.0707,0.071,-0.02,Gaia DR3 4845165186578471808,AGN,0.2573844176968913,SIMBAD:AGN,,IDENTIFIED,Gaia DR3 4845165186578471808 (AGN),"SIMBAD AGN at 0.3""",False,,,0.99999136,0.9998954,,"services 2026-08-14: CDS X-Match (2RXS J/A+A/588/A103, XMMSL3 IX/71, CSC2.1 IX/70, 2SXPS IX/58, CatWISE II/365, GaiaDR3 var I/358, ART-XC J/A+A/687/A183, MKM J/MNRAS/544/885); HEASARC xmmssc(5XMM); NWAY eRASSc3 27Jul2026; DR2 UL server erodat; SIMBAD; TNS; ASAS-SN SkyPatrol v2"
pair,3eRASS J105818.5-364003,164.57719451586735,-36.66776668638502,0.6777720138651717,278.9307322429901,20.87615619654413,strong,rise,1783.7882,46.908047,1.1513871,0.15164426,1.0720551e-12,1.4119577e-13,7.752568918217382,11.407020769074474,5.860133764489188,8.583228299573952,8.583228299573952,15.403068232987344,,,5.400969310853108e+18,1.594029,19.080139,1.426064,-0.6053,0.3551,-0.216,-0.035,6dFGS gJ105818.7-364004,Sy2,1.597519213564589,SIMBAD:Sy2,,IDENTIFIED,6dFGS gJ105818.7-364004 (Sy2),"SIMBAD Sy2 at 1.6""",False,,,0.98074615,0.9978766,33.57358,"services 2026-08-14: CDS X-Match (2RXS J/A+A/588/A103, XMMSL3 IX/71, CSC2.1 IX/70, 2SXPS IX/58, CatWISE II/365, GaiaDR3 var I/358, ART-XC J/A+A/687/A183, MKM J/MNRAS/544/885); HEASARC xmmssc(5XMM); NWAY eRASSc3 27Jul2026; DR2 UL server erodat; SIMBAD; TNS; ASAS-SN SkyPatrol v2"
pair,3eRASS J124945.4-571624,192.4392996341833,-57.273414315003535,0.9948377761212728,302.70367701073417,5.597588411738241,strong,rise,450.44122,9.707169,0.25494322,0.029240955,2.373773e-13,2.7226216e-14,8.90229897722038,13.701752563027425,5.578827203554474,8.51337339106472,8.51337339106472,9.249437272504087,,,6.061283179294352e+18,1.74707,18.458223,0.619591,0.6603,0.1016,-9.122,-1.401,Gaia DR3 6061283183599852288,EB*,3.582347289420075,SIMBAD:EB*,,IDENTIFIED,Gaia DR3 6061283183599852288 (EB*),"SIMBAD EB* at 3.6""",False,,,0.095982134,0.027065054,14.620616,"services 2026-08-14: CDS X-Match (2RXS J/A+A/588/A103, XMMSL3 IX/71, CSC2.1 IX/70, 2SXPS IX/58, CatWISE II/365, GaiaDR3 var I/358, ART-XC J/A+A/687/A183, MKM J/MNRAS/544/885); HEASARC xmmssc(5XMM); NWAY eRASSc3 27Jul2026; DR2 UL server erodat; SIMBAD; TNS; ASAS-SN SkyPatrol v2"
pair,3eRASS J055333.6-665748,88.39033513187442,-66.96354873749512,0.4544660238257996,276.86093616430503,-30.440240855283257,strong,rise,8038.187,272.1873,0.18004638,0.030803949,1.6764095e-13,2.8681518e-14,5.96799231930973,9.35937840330292,5.426142153033185,8.490265814291146,8.490265814291146,37.0457740408551,,,4.659645586080557e+18,0.774092,20.564459,1.472235,-0.562,0.3115,1.49,1.435,1RXS J055335.3-665747,G,0.7740922981742463,SIMBAD:G,,IDENTIFIED,1RXS J055335.3-665747 (G),"SIMBAD G at 0.8""",False,,,0.80517775,0.9662142,146.77751,"services 2026-08-14: CDS X-Match (2RXS J/A+A/588/A103, XMMSL3 IX/71, CSC2.1 IX/70, 2SXPS IX/58, CatWISE II/365, GaiaDR3 var I/358, ART-XC J/A+A/687/A183, MKM J/MNRAS/544/885); HEASARC xmmssc(5XMM); NWAY eRASSc3 27Jul2026; DR2 UL server erodat; SIMBAD; TNS; ASAS-SN SkyPatrol v2"
pair,3eRASS J063623.7-425202,99.09910354545778,-42.86746623978544,0.8250957219641478,251.51827006147312,-20.67019536383469,strong,fade,886.0029,1087.3784,0.44890854,1.3802114,4.1797818e-13,1.2851131e-12,0.3320951422627716,0.0244718366548372,2.647772493065944,8.460619168955144,8.460619168955144,9.79176015642194,,,5.569292034118978e+18,9.742682,20.826511,1.587929,,,,,MAXI J0637-430,LXB,2.465980195737459,SIMBAD:LXB,,IDENTIFIED,MAXI J0637-430 (LXB),"SIMBAD LXB at 2.5""",False,,,0.0,0.0,17.703386,"services 2026-08-14: CDS X-Match (2RXS J/A+A/588/A103, XMMSL3 IX/71, CSC2.1 IX/70, 2SXPS IX/58, CatWISE II/365, GaiaDR3 var I/358, ART-XC J/A+A/687/A183, MKM J/MNRAS/544/885); HEASARC xmmssc(5XMM); NWAY eRASSc3 27Jul2026; DR2 UL server erodat; SIMBAD; TNS; ASAS-SN SkyPatrol v2"
pair,3eRASS J122808.8-552254,187.0367470424783,-55.3817948485025,0.4487610548581884,299.6005375170604,7.3392272103964595,strong,rise,14923.925,582.2079,4.402995,0.722735,4.099623e-12,6.729376e-13,6.220415242404759,9.349954304306294,5.635137832908407,8.453392191563328,8.453392191563328,35.786398242489895,,,6.072813104887579e+18,0.696364,12.610635,2.127104,9.2872,0.0129,-35.879,-13.287,ASAS J122810-5523.0,Y*?,1.3017931863702603,SIMBAD:Y*?,,IDENTIFIED,ASAS J122810-5523.0 (Y*?),"SIMBAD Y*? at 1.3""; ART-XC counterpart 2RXS J122810.2-552304 (STAR?)",False,,,0.9983105,0.9997972,638.8193,"services 2026-08-14: CDS X-Match (2RXS J/A+A/588/A103, XMMSL3 IX/71, CSC2.1 IX/70, 2SXPS IX/58, CatWISE II/365, GaiaDR3 var I/358, ART-XC J/A+A/687/A183, MKM J/MNRAS/544/885); HEASARC xmmssc(5XMM); NWAY eRASSc3 27Jul2026; DR2 UL server erodat; SIMBAD; TNS; ASAS-SN SkyPatrol v2"
pair,3eRASS J065027.1-320318,102.61327928451436,-32.05500901350605,0.5823879463539279,241.9780046477569,-14.196428495143271,strong,fade,3963.2275,4236.143,2.022231,5.8104715,1.8828968e-12,5.4101224e-12,0.3553609162207285,0.0643435778215477,2.6160668477257145,8.428542341149752,8.428542341149752,16.265465104480402,,,5.583279333855503e+18,1.590254,13.773598,3.045021,31.7442,0.016,-26.325,-54.548,UCAC4 290-013747,PM*,1.5836612949316469,SIMBAD:PM*,,IDENTIFIED,UCAC4 290-013747 (PM*),"SIMBAD PM* at 1.6""; in MKM eRASS1 Galactic-transient catalog",False,,,0.9786188,0.9994627,34.19807,"services 2026-08-14: CDS X-Match (2RXS J/A+A/588/A103, XMMSL3 IX/71, CSC2.1 IX/70, 2SXPS IX/58, CatWISE II/365, GaiaDR3 var I/358, ART-XC J/A+A/687/A183, MKM J/MNRAS/544/885); HEASARC xmmssc(5XMM); NWAY eRASSc3 27Jul2026; DR2 UL server erodat; SIMBAD; TNS; ASAS-SN SkyPatrol v2"
pair,3eRASS J054324.9+090610,85.85381603760467,9.103014563901002,1.3759981518191189,196.8349102304822,-10.65366859359581,strong,fade,283.86508,422.93152,0.30073178,1.0497373,2.8001099e-13,9.774091e-13,0.2925155326398567,-0.0206581848453961,2.7475425122145176,8.293567101748557,8.293567101748557,6.627778656447844,,,3.336149489649828e+18,3.655491,12.76991,1.534928,2.4039,0.0473,0.809,-2.22,[DM99] 229,Or*,3.640750763222148,SIMBAD:Or*,,IDENTIFIED,[DM99] 229 (Or*),"SIMBAD Or* at 3.6""; in MKM eRASS1 Galactic-transient catalog",False,,,0.9500435,0.0,,"services 2026-08-14: CDS X-Match (2RXS J/A+A/588/A103, XMMSL3 IX/71, CSC2.1 IX/70, 2SXPS IX/58, CatWISE II/365, GaiaDR3 var I/358, ART-XC J/A+A/687/A183, MKM J/MNRAS/544/885); HEASARC xmmssc(5XMM); NWAY eRASSc3 27Jul2026; DR2 UL server erodat; SIMBAD; TNS; ASAS-SN SkyPatrol v2"
pair,3eRASS J095747.6-061110,149.44835077150614,-6.186152935472186,0.9984032972339036,244.82888033149607,36.41452623570944,strong,rise,432.24188,11.334267,0.5331583,0.06477224,4.96423e-13,6.030935e-14,8.40460888142678,13.7150212339511,5.05381704595834,8.148468435202057,8.148468435202057,7.925990562894766,,,3.821516425144258e+18,2.482137,14.348232,3.17746,26.6912,0.0951,54.252,-5.669,,,,Galactic-star/CV? (red-dwarf locus: flare star?),,PLAUSIBLE-CLASS,Galactic flare star / CV (red-dwarf flare locus),Gaia plx 26.69+-0.10; prior X-ray: none,False,,,0.99633145,0.99844223,,"services 2026-08-14: CDS X-Match (2RXS J/A+A/588/A103, XMMSL3 IX/71, CSC2.1 IX/70, 2SXPS IX/58, CatWISE II/365, GaiaDR3 var I/358, ART-XC J/A+A/687/A183, MKM J/MNRAS/544/885); HEASARC xmmssc(5XMM); NWAY eRASSc3 27Jul2026; DR2 UL server erodat; SIMBAD; TNS; ASAS-SN SkyPatrol v2"
pair,3eRASS J050214.5-674617,75.56067307689224,-67.77144588365367,0.7870047523542073,278.6376853636609,-35.20544701181864,strong,fade,693.92505,921.4604,0.15454526,0.41405496,1.438969e-13,3.8552606e-13,0.3811079060391532,0.0186264026959429,2.329800192441966,7.96931229548142,7.96931229548142,9.840740422103542,,,4.661465209126624e+18,2.498189,13.678143,0.051263,-0.0155,0.0139,1.643,-0.033,AL  55,Em*,2.5236279285616576,SIMBAD:Em*,,IDENTIFIED,AL  55 (Em*),"SIMBAD Em* at 2.5""",False,,,0.0018412722,0.8573588,,"services 2026-08-14: CDS X-Match (2RXS J/A+A/588/A103, XMMSL3 IX/71, CSC2.1 IX/70, 2SXPS IX/58, CatWISE II/365, GaiaDR3 var I/358, ART-XC J/A+A/687/A183, MKM J/MNRAS/544/885); HEASARC xmmssc(5XMM); NWAY eRASSc3 27Jul2026; DR2 UL server erodat; SIMBAD; TNS; ASAS-SN SkyPatrol v2"
pair,3eRASS J005456.2-722647,13.734467841050604,-72.44661641432718,0.6756433383879946,302.5608101829626,-44.679113925227725,strong,fade,1728.914,2064.41,0.9094855,2.4823651,8.468208e-13,2.311327e-12,0.3740936871533065,0.0459641886640916,2.4315302492487887,7.962674040383312,7.962674040383312,12.183234391886762,,,4.689005982553402e+18,0.43025,15.208357,0.048203,-0.0563,0.0227,0.753,-1.289,[MA93]  810,HXB,0.4398316629463588,SIMBAD:HXB,,IDENTIFIED,[MA93]  810 (HXB),"SIMBAD HXB at 0.4""; ART-XC counterpart 2E 0053.2-7242 (HMXB)",False,,,0.20740886,0.87781626,231.01941,"services 2026-08-14: CDS X-Match (2RXS J/A+A/588/A103, XMMSL3 IX/71, CSC2.1 IX/70, 2SXPS IX/58, CatWISE II/365, GaiaDR3 var I/358, ART-XC J/A+A/687/A183, MKM J/MNRAS/544/885); HEASARC xmmssc(5XMM); NWAY eRASSc3 27Jul2026; DR2 UL server erodat; SIMBAD; TNS; ASAS-SN SkyPatrol v2"
pair,3eRASS J140721.9-312055,211.84138079545704,-31.348843260040493,0.7409316316433094,321.41029656030014,28.78394736329712,strong,rise,1147.977,25.363012,0.8086554,0.11087841,7.5293797e-13,1.0323875e-13,7.446749633442488,10.960400403576484,5.425653691377689,7.943647469693015,7.943647469693015,12.804869749503316,,,6.172383542163426e+18,1.999379,17.323488,1.052794,0.0919,0.1054,0.222,0.241,2MASS J14072198-3120576,Sy1,2.001623328565369,SIMBAD:Sy1,,IDENTIFIED,2MASS J14072198-3120576 (Sy1),"SIMBAD Sy1 at 2.0""",False,,,0.9983192,0.9996263,24.298403,"services 2026-08-14: CDS X-Match (2RXS J/A+A/588/A103, XMMSL3 IX/71, CSC2.1 IX/70, 2SXPS IX/58, CatWISE II/365, GaiaDR3 var I/358, ART-XC J/A+A/687/A183, MKM J/MNRAS/544/885); HEASARC xmmssc(5XMM); NWAY eRASSc3 27Jul2026; DR2 UL server erodat; SIMBAD; TNS; ASAS-SN SkyPatrol v2"
pair,3eRASS J110316.7-065415,165.81994824167663,-6.904441033946328,0.7050678839575283,261.43604236855725,47.06626736862189,strong,rise,1453.5447,28.55934,1.2862681,0.15630522,1.1976426e-12,1.4553559e-13,8.40249504687295,11.242114812978723,5.930907568558945,7.902824467587497,7.902824467587497,13.312829184578362,,,3.78754821599569e+18,1.315736,18.357105,1.249728,-0.6904,0.2909,-0.388,-0.0,6dFGS gJ110316.8-065417,Sy1,1.313903009261281,SIMBAD:Sy1,,IDENTIFIED,6dFGS gJ110316.8-065417 (Sy1),"SIMBAD Sy1 at 1.3""",False,,,0.9981454,0.9987307,17.9128,"services 2026-08-14: CDS X-Match (2RXS J/A+A/588/A103, XMMSL3 IX/71, CSC2.1 IX/70, 2SXPS IX/58, CatWISE II/365, GaiaDR3 var I/358, ART-XC J/A+A/687/A183, MKM J/MNRAS/544/885); HEASARC xmmssc(5XMM); NWAY eRASSc3 27Jul2026; DR2 UL server erodat; SIMBAD; TNS; ASAS-SN SkyPatrol v2"
pair,3eRASS J124536.4-705345,191.40182655338705,-70.8959219359087,0.7895539323894107,302.45018040798595,-8.02962838290344,strong,rise,999.63214,45.9842,0.420753,0.06852265,3.9176258e-13,6.380135e-14,6.269650694996067,10.431400626543033,4.760974569003409,7.856155524744028,7.856155524744028,12.21776164550178,,,5.843083383076335e+18,0.823905,13.696637,3.211112,9.9059,0.0373,-38.435,-12.998,Gaia DR3 5843083383076334720,Em*,0.936732088567467,SIMBAD:Em*,,IDENTIFIED,Gaia DR3 5843083383076334720 (Em*),"SIMBAD Em* at 0.9""",False,,,0.9997023,0.9992695,,"services 2026-08-14: CDS X-Match (2RXS J/A+A/588/A103, XMMSL3 IX/71, CSC2.1 IX/70, 2SXPS IX/58, CatWISE II/365, GaiaDR3 var I/358, ART-XC J/A+A/687/A183, MKM J/MNRAS/544/885); HEASARC xmmssc(5XMM); NWAY eRASSc3 27Jul2026; DR2 UL server erodat; SIMBAD; TNS; ASAS-SN SkyPatrol v2"
pair,3eRASS J050123.9-703333,75.34958814136628,-70.55936593424065,0.804098527560264,281.9351982892493,-34.52799375901198,strong,rise,797.1534,14.958976,0.19721848,0.027847555,1.8362987e-13,2.5928822e-14,7.231206978080673,10.812928306550551,5.217455424706896,7.752640739703224,7.752640739703224,12.488220580178224,,,4.655053441413348e+18,0.321691,14.463481,0.052229,-0.0146,0.0166,2.005,-0.032,SV* HV  2289,HXB,0.3499257508204631,SIMBAD:HXB,,IDENTIFIED,SV* HV  2289 (HXB),"SIMBAD HXB at 0.3""; ART-XC counterpart 2E 0501.8-7037 (HMXB)",False,,,0.27597755,0.5103799,53.39662,"services 2026-08-14: CDS X-Match (2RXS J/A+A/588/A103, XMMSL3 IX/71, CSC2.1 IX/70, 2SXPS IX/58, CatWISE II/365, GaiaDR3 var I/358, ART-XC J/A+A/687/A183, MKM J/MNRAS/544/885); HEASARC xmmssc(5XMM); NWAY eRASSc3 27Jul2026; DR2 UL server erodat; SIMBAD; TNS; ASAS-SN SkyPatrol v2"
pair,3eRASS J144306.9-243101,220.7790627235092,-24.51720218428885,1.282542186027763,332.9986837730668,31.754198448132527,strong,rise,287.08212,9.951518,0.42643607,0.05314507,3.9705408e-13,4.9483306e-14,8.192966927670826,12.385971695871978,5.094445811981778,7.631768112593041,7.631768112593041,8.807489373200625,,,6.230028153668542e+18,1.743967,13.738986,2.817652,7.0326,0.0253,-19.942,-20.518,Gaia DR3 6230028153668542592,Y*?,1.3982834891730307,SIMBAD:Y*?,,IDENTIFIED,Gaia DR3 6230028153668542592 (Y*?),"SIMBAD Y*? at 1.4""",False,,,0.99965614,0.9985918,,"services 2026-08-14: CDS X-Match (2RXS J/A+A/588/A103, XMMSL3 IX/71, CSC2.1 IX/70, 2SXPS IX/58, CatWISE II/365, GaiaDR3 var I/358, ART-XC J/A+A/687/A183, MKM J/MNRAS/544/885); HEASARC xmmssc(5XMM); NWAY eRASSc3 27Jul2026; DR2 UL server erodat; SIMBAD; TNS; ASAS-SN SkyPatrol v2"
pair,3eRASS J055207.8-052500,88.03276206946448,-5.416709049446846,0.7479325696758677,211.0185875088456,-15.650707147241762,strong,rise,941.3308,25.262905,0.6404065,0.08052246,5.9628165e-13,7.497436e-14,8.120615137572338,11.319585404713573,5.485698150195896,7.6029187797670845,7.6029187797670845,10.97988935018437,,,3.022568258011201e+18,1.261125,13.848228,0.468636,2.8693,0.0204,-0.733,-2.25,V* CN Ori,CV*,1.2382625977624846,SIMBAD:CV*,,IDENTIFIED,V* CN Ori (CV*),"SIMBAD CV* at 1.2""",False,,,0.9926598,0.99539644,20.004118,"services 2026-08-14: CDS X-Match (2RXS J/A+A/588/A103, XMMSL3 IX/71, CSC2.1 IX/70, 2SXPS IX/58, CatWISE II/365, GaiaDR3 var I/358, ART-XC J/A+A/687/A183, MKM J/MNRAS/544/885); HEASARC xmmssc(5XMM); NWAY eRASSc3 27Jul2026; DR2 UL server erodat; SIMBAD; TNS; ASAS-SN SkyPatrol v2"
pair,3eRASS J082630.2-343036,126.62620715133914,-34.51013416607671,0.7424060412726896,253.9356909042996,2.133105476918252,strong,fade,1581.2925,1831.2611,1.1730132,3.011366,1.0921911e-12,2.8038789e-12,0.3977311716153633,0.0344722787758028,2.2648821922629123,7.499055582774187,7.499055582774187,10.611434023239296,,,5.543500824235568e+18,1.3967,19.37772,1.760677,-0.4455,0.2766,-3.652,3.029,Gaia DR3 5543500824241193984,Y*?,1.6384498209402194,SIMBAD:Y*?,,IDENTIFIED,Gaia DR3 5543500824241193984 (Y*?),"SIMBAD Y*? at 1.6""",False,,,0.9766794,0.9862845,21.628824,"services 2026-08-14: CDS X-Match (2RXS J/A+A/588/A103, XMMSL3 IX/71, CSC2.1 IX/70, 2SXPS IX/58, CatWISE II/365, GaiaDR3 var I/358, ART-XC J/A+A/687/A183, MKM J/MNRAS/544/885); HEASARC xmmssc(5XMM); NWAY eRASSc3 27Jul2026; DR2 UL server erodat; SIMBAD; TNS; ASAS-SN SkyPatrol v2"
pair,3eRASS J144357.1-390839,220.9882658893721,-39.14424019216902,0.4219906429429212,325.6410957256427,18.715144034709013,strong,rise,57328.24,4010.9382,21.850788,4.5724106,2.0345241e-11,4.2573657e-12,4.87946421988487,7.861850879470956,4.660944898292188,7.498061011459146,7.498061011459146,62.60617411919412,,,6.105307629157336e+18,0.804195,15.427341,0.942393,-0.034,0.0362,0.032,0.052,PKS J1443-3908,BLL,0.8049080681426112,SIMBAD:BLL,,IDENTIFIED,PKS 1440-389 - blazar (z=0.1385),"ART-XC SRGA J144356.4-390830 counterpart PKS 1440-389, BLAZAR z=0.1385",True,,,0.9981741,0.99969053,834.40564,"services 2026-08-14: CDS X-Match (2RXS J/A+A/588/A103, XMMSL3 IX/71, CSC2.1 IX/70, 2SXPS IX/58, CatWISE II/365, GaiaDR3 var I/358, ART-XC J/A+A/687/A183, MKM J/MNRAS/544/885); HEASARC xmmssc(5XMM); NWAY eRASSc3 27Jul2026; DR2 UL server erodat; SIMBAD; TNS; ASAS-SN SkyPatrol v2"
pair,3eRASS J130304.4-770704,195.76862657582063,-77.11785277668157,0.477642604341225,303.6008602932153,-14.261221659021505,strong,rise,9870.595,351.63824,2.3712242,0.39728168,2.2078437e-12,3.6990845e-13,6.094307036190541,8.493882925316049,5.390151064907642,7.496889848111824,7.496889848111824,29.28554818324043,,,5.789026065680783e+18,1.428848,12.315365,2.118597,5.5928,0.1913,-21.494,-8.372,2MASS J13030444-7707027,TT*,1.5114087392336373,SIMBAD:TT*,,IDENTIFIED,2MASS J13030444-7707027 (TT*),"SIMBAD TT* at 1.5""",False,,,0.9791044,0.99837065,310.79993,"services 2026-08-14: CDS X-Match (2RXS J/A+A/588/A103, XMMSL3 IX/71, CSC2.1 IX/70, 2SXPS IX/58, CatWISE II/365, GaiaDR3 var I/358, ART-XC J/A+A/687/A183, MKM J/MNRAS/544/885); HEASARC xmmssc(5XMM); NWAY eRASSc3 27Jul2026; DR2 UL server erodat; SIMBAD; TNS; ASAS-SN SkyPatrol v2"
pair,3eRASS J155120.8-283225,237.8368788791309,-28.540484340332,0.6690287219608154,344.1603542666618,19.584708224678828,strong,rise,1539.0916,27.194689,1.1849532,0.15918235,1.1033084e-12,1.4821449e-13,7.600751451379081,10.15921569737072,5.6028342118752015,7.460343386659923,7.460343386659923,14.260781506667618,,,6.041393636711941e+18,2.230425,14.548872,2.661458,9.158,0.0301,-26.906,-30.842,,,,Galactic-star/CV? (red-dwarf locus: flare star?),,PLAUSIBLE-CLASS,Galactic flare star / CV (red-dwarf flare locus),Gaia plx 9.16+-0.03; prior X-ray: none,False,,,0.9548533,0.99474263,14.146755,"services 2026-08-14: CDS X-Match (2RXS J/A+A/588/A103, XMMSL3 IX/71, CSC2.1 IX/70, 2SXPS IX/58, CatWISE II/365, GaiaDR3 var I/358, ART-XC J/A+A/687/A183, MKM J/MNRAS/544/885); HEASARC xmmssc(5XMM); NWAY eRASSc3 27Jul2026; DR2 UL server erodat; SIMBAD; TNS; ASAS-SN SkyPatrol v2"
pair,3eRASS J142139.6-295321,215.41521478790816,-29.889317488003982,0.7713869379331807,325.2884169211882,29.03598881843153,strong,rise,1109.7449,30.664587,0.7905131,0.12320524,7.360457e-13,1.1471623e-13,6.551340239139742,9.853795490293551,4.910061439016608,7.336420272513689,7.336420272513689,12.755846890107208,,,,,,,,,,,eRASSt J142140-295321,ev,1.36769236411578,SIMBAD:ev,,IDENTIFIED,eRASSt J142140-295321 - published TDE candidate (IMBH),"already reported: X-ray-selected TDE candidate with ATCA radio study (arXiv:2504.08426); quasi-simultaneous optical transient, possibly off-nuclear",True,,,0.0,0.0,,"services 2026-08-14: CDS X-Match (2RXS J/A+A/588/A103, XMMSL3 IX/71, CSC2.1 IX/70, 2SXPS IX/58, CatWISE II/365, GaiaDR3 var I/358, ART-XC J/A+A/687/A183, MKM J/MNRAS/544/885); HEASARC xmmssc(5XMM); NWAY eRASSc3 27Jul2026; DR2 UL server erodat; SIMBAD; TNS; ASAS-SN SkyPatrol v2"
pair,3eRASS J122150.2-533805,185.45919286395105,-53.63486761045006,1.06333707576921,298.49752523614137,8.981821474600805,strong,rise,410.25204,8.457336,0.25287855,0.03340272,2.3545488e-13,3.1101227e-14,7.730016578691241,11.69994678839896,4.811509612871942,7.211666528390868,7.211666528390868,8.490068394970699,,,6.076340548662117e+18,0.65935,19.932976,1.551615,0.6868,0.6179,-0.381,0.208,,,,optical-faint?,,PLAUSIBLE-CLASS,"obscured Galactic transient / YSO flare (plane, b=0.3 deg)","CatWISE 0.98"" W1=14.06 W1-W2=0.60 (reddened/YSO-like); Gaia G=19.9 no plx; no prior X-ray; x7 rise",True,,,0.98783374,0.99859494,27.15925,"services 2026-08-14: CDS X-Match (2RXS J/A+A/588/A103, XMMSL3 IX/71, CSC2.1 IX/70, 2SXPS IX/58, CatWISE II/365, GaiaDR3 var I/358, ART-XC J/A+A/687/A183, MKM J/MNRAS/544/885); HEASARC xmmssc(5XMM); NWAY eRASSc3 27Jul2026; DR2 UL server erodat; SIMBAD; TNS; ASAS-SN SkyPatrol v2"
pair,3eRASS J163528.6-480601,248.86952044061243,-48.10055510565408,0.5020210104482121,336.5553337996082,-0.4081414917674341,strong,fade,7697.0337,7739.5015,3.9983475,10.040799,3.7228562e-12,9.348976e-12,0.4065954482613396,0.0913686522571378,2.330565308351363,7.169777523046403,7.169777523046403,19.68007117261741,,,5.941143224529297e+18,0.448398,9.598155,1.521281,0.9092,0.0174,0.203,-0.961,HD 330993,*,0.4530260882360122,SIMBAD:*,,IDENTIFIED,HD 330993 (*),"SIMBAD * at 0.5""; ART-XC counterpart 2E 1631.7-4759 (X-RAY BINARY?)",False,,,0.975162,0.9354458,562.8279,"services 2026-08-14: CDS X-Match (2RXS J/A+A/588/A103, XMMSL3 IX/71, CSC2.1 IX/70, 2SXPS IX/58, CatWISE II/365, GaiaDR3 var I/358, ART-XC J/A+A/687/A183, MKM J/MNRAS/544/885); HEASARC xmmssc(5XMM); NWAY eRASSc3 27Jul2026; DR2 UL server erodat; SIMBAD; TNS; ASAS-SN SkyPatrol v2"
pair,3eRASS J064734.7+280622,101.89469329163268,28.106136045310155,0.738678426282481,187.14775220061887,11.630451064518724,strong,rise,1367.2415,37.15687,1.259989,0.18041167,1.1731742e-12,1.6798107e-13,7.131032182477808,9.96611275193265,5.153507597472849,7.165687689487436,7.165687689487436,12.16121290911755,,,3.386289728137231e+18,0.294801,15.880992,0.629908,3.8298,0.0516,51.994,-24.548,V* IR Gem,CV*,0.6270014672548728,SIMBAD:CV*,,IDENTIFIED,V* IR Gem (CV*),"SIMBAD CV* at 0.6""",False,,,0.9982808,0.9901943,18.684473,"services 2026-08-14: CDS X-Match (2RXS J/A+A/588/A103, XMMSL3 IX/71, CSC2.1 IX/70, 2SXPS IX/58, CatWISE II/365, GaiaDR3 var I/358, ART-XC J/A+A/687/A183, MKM J/MNRAS/544/885); HEASARC xmmssc(5XMM); NWAY eRASSc3 27Jul2026; DR2 UL server erodat; SIMBAD; TNS; ASAS-SN SkyPatrol v2"
pair,3eRASS J041222.3-690819,63.09314631562407,-69.1387960084712,0.8962667444232711,282.32022584382764,-38.96302238065198,strong,rise,543.77893,13.866611,0.17568788,0.025594005,1.6358276e-13,2.3830545e-14,7.008963483865927,11.067247732875655,4.5807586959659385,7.164706119734678,7.164706119734678,9.59552519835784,,,4.666502552883577e+18,2.569076,17.976131,1.373198,-0.0978,0.1203,0.614,-0.027,LEDA   14640,Sy1,2.5768547530368537,SIMBAD:Sy1,,IDENTIFIED,LEDA   14640 (Sy1),"SIMBAD Sy1 at 2.6""",False,,,0.81608176,0.99305713,47.011017,"services 2026-08-14: CDS X-Match (2RXS J/A+A/588/A103, XMMSL3 IX/71, CSC2.1 IX/70, 2SXPS IX/58, CatWISE II/365, GaiaDR3 var I/358, ART-XC J/A+A/687/A183, MKM J/MNRAS/544/885); HEASARC xmmssc(5XMM); NWAY eRASSc3 27Jul2026; DR2 UL server erodat; SIMBAD; TNS; ASAS-SN SkyPatrol v2"
pair,3eRASS J160049.7-233843,240.20720654606225,-23.645475572605296,0.7909249799311066,349.4042885234912,21.68471537050576,strong,rise,842.725,17.09806,0.67428124,0.089078724,6.278224e-13,8.294109e-14,7.728893812076866,10.590274385280422,5.255595915712251,7.16064105683092,7.16064105683092,11.124306426624017,,,6.236346909562824e+18,0.334401,13.457878,2.413459,7.1625,0.0187,-12.397,-25.654,2MASS J16004973-2338432,Or*,0.5752359260652455,SIMBAD:Or*,,IDENTIFIED,2MASS J16004973-2338432 (Or*),"SIMBAD Or* at 0.6""",False,,,0.9996568,0.9993793,17.131805,"services 2026-08-14: CDS X-Match (2RXS J/A+A/588/A103, XMMSL3 IX/71, CSC2.1 IX/70, 2SXPS IX/58, CatWISE II/365, GaiaDR3 var I/358, ART-XC J/A+A/687/A183, MKM J/MNRAS/544/885); HEASARC xmmssc(5XMM); NWAY eRASSc3 27Jul2026; DR2 UL server erodat; SIMBAD; TNS; ASAS-SN SkyPatrol v2"
pair,3eRASS J053654.0-025316,84.22512019065644,-2.887860747851269,1.0026829505975163,206.8596159793374,-17.87778710948276,strong,rise,643.8125,13.741613,0.5111879,0.06659834,4.7596643e-13,6.200963e-14,7.837317087459621,11.12027886938824,5.077299687537144,7.15195348415766,7.15195348415766,9.497226449008869,,,3.2160798993176064e+18,1.25273,12.913879,1.385073,2.6092,0.0154,0.795,-0.698,V* V2715 Ori,Or*,1.246769601468712,SIMBAD:Or*,,IDENTIFIED,V* V2715 Ori (Or*),"SIMBAD Or* at 1.2""",False,,,0.9997947,,18.530989,"services 2026-08-14: CDS X-Match (2RXS J/A+A/588/A103, XMMSL3 IX/71, CSC2.1 IX/70, 2SXPS IX/58, CatWISE II/365, GaiaDR3 var I/358, ART-XC J/A+A/687/A183, MKM J/MNRAS/544/885); HEASARC xmmssc(5XMM); NWAY eRASSc3 27Jul2026; DR2 UL server erodat; SIMBAD; TNS; ASAS-SN SkyPatrol v2"
pair,3eRASS J142423.4-695758,216.09777382918315,-69.96629404310299,0.8344800596319434,310.7873752346922,-8.525052927607247,strong,fade,816.5706,981.8028,0.37213042,1.1162332,3.4649017e-13,1.0393234e-12,0.3404007307697123,0.0423595681414085,2.5743718664883266,7.110425819140915,7.110425819140915,9.30161185003684,,,5.846300382299656e+18,2.023891,12.426583,0.656235,0.9158,0.0134,-1.705,-3.181,V* VY Cir,EB*,2.0167430622164155,SIMBAD:EB*,,IDENTIFIED,V* VY Cir (EB*),"SIMBAD EB* at 2.0""",False,,,0.70234156,0.97731423,39.01505,"services 2026-08-14: CDS X-Match (2RXS J/A+A/588/A103, XMMSL3 IX/71, CSC2.1 IX/70, 2SXPS IX/58, CatWISE II/365, GaiaDR3 var I/358, ART-XC J/A+A/687/A183, MKM J/MNRAS/544/885); HEASARC xmmssc(5XMM); NWAY eRASSc3 27Jul2026; DR2 UL server erodat; SIMBAD; TNS; ASAS-SN SkyPatrol v2"
pair,3eRASS J143308.0-772941,218.2836668490748,-77.4949552731067,0.975414329589845,308.4739186514375,-15.731162937146715,strong,rise,571.4542,17.837154,0.32165897,0.04630672,2.9949627e-13,4.3116125e-14,7.092541997886008,10.504348899586718,4.798301364648399,7.047689074689278,7.047689074689278,9.775965482315604,,,5.785955984397604e+18,0.443853,20.048504,1.576042,0.1677,0.6185,0.238,-0.44,1RXS J143309.4-772943,X,4.447199865938908,SIMBAD:X,,PLAUSIBLE-CLASS,"known X-ray source (1RXS J143309.4-772943), class unset",SIMBAD X; prior X-ray: none,False,,,0.99246615,0.9954825,12.787014,"services 2026-08-14: CDS X-Match (2RXS J/A+A/588/A103, XMMSL3 IX/71, CSC2.1 IX/70, 2SXPS IX/58, CatWISE II/365, GaiaDR3 var I/358, ART-XC J/A+A/687/A183, MKM J/MNRAS/544/885); HEASARC xmmssc(5XMM); NWAY eRASSc3 27Jul2026; DR2 UL server erodat; SIMBAD; TNS; ASAS-SN SkyPatrol v2"
pair,3eRASS J064011.8-255342,100.04931939078168,-25.89509938353798,0.6176888254513787,235.23530234848135,-13.7916413951036,strong,rise,2672.0925,93.82979,1.6766284,0.2721954,1.5611065e-12,2.534408e-13,6.289357467102911,8.800688081658494,5.017926428487673,6.991995038006283,6.991995038006283,16.13522469597751,,,2.920397681893112e+18,2.08461,16.280165,1.578664,0.1205,0.0628,-0.548,-0.247,MCG-04-16-015,Sy1,2.0750153728194114,SIMBAD:Sy1,,IDENTIFIED,MCG-04-16-015 (Sy1),"SIMBAD Sy1 at 2.1""; ART-XC counterpart 2RXS J064011.5-255337 (SEYFERT)",False,,,0.5502316,0.9994939,226.80724,"services 2026-08-14: CDS X-Match (2RXS J/A+A/588/A103, XMMSL3 IX/71, CSC2.1 IX/70, 2SXPS IX/58, CatWISE II/365, GaiaDR3 var I/358, ART-XC J/A+A/687/A183, MKM J/MNRAS/544/885); HEASARC xmmssc(5XMM); NWAY eRASSc3 27Jul2026; DR2 UL server erodat; SIMBAD; TNS; ASAS-SN SkyPatrol v2"
pair,3eRASS J103100.6+202834,157.75262438247478,20.476128294141063,0.9808369028231578,216.980125898358,57.30856385529256,strong,rise,629.5203,17.50514,0.76939154,0.115395054,7.163795e-13,1.07444185e-13,6.807857591954912,10.583963706567948,4.535373314940744,6.977631047903921,6.977631047903921,8.958771593251681,,,7.206946189161046e+17,2.506082,19.298265,0.479015,1.9311,0.2277,-10.079,-29.951,V* IL Leo,CV*,2.0099527093565905,SIMBAD:CV*,,IDENTIFIED,V* IL Leo (CV*),"SIMBAD CV* at 2.0""",False,,,0.98335844,0.24735071,,"services 2026-08-14: CDS X-Match (2RXS J/A+A/588/A103, XMMSL3 IX/71, CSC2.1 IX/70, 2SXPS IX/58, CatWISE II/365, GaiaDR3 var I/358, ART-XC J/A+A/687/A183, MKM J/MNRAS/544/885); HEASARC xmmssc(5XMM); NWAY eRASSc3 27Jul2026; DR2 UL server erodat; SIMBAD; TNS; ASAS-SN SkyPatrol v2"
pair,3eRASS J085117.7-273607,132.82379676674475,-27.60219775227626,1.1256865590019565,251.59151731402812,10.524209483732044,strong,fade,411.25665,534.8782,0.46618083,1.282976,4.3406037e-13,1.1945773e-12,0.371010432915109,-0.0382490419980188,2.1952732767624137,6.962677976582166,6.962677976582166,6.395388281185166,,,5.648942030830217e+18,1.445863,12.204374,1.131535,1.6007,0.0145,-14.853,17.109,UCAC4 312-052853,Pe*,1.4944553220736423,SIMBAD:Pe*,,IDENTIFIED,UCAC4 312-052853 (Pe*),"SIMBAD Pe* at 1.5""",False,,,0.99522275,0.9896227,,"services 2026-08-14: CDS X-Match (2RXS J/A+A/588/A103, XMMSL3 IX/71, CSC2.1 IX/70, 2SXPS IX/58, CatWISE II/365, GaiaDR3 var I/358, ART-XC J/A+A/687/A183, MKM J/MNRAS/544/885); HEASARC xmmssc(5XMM); NWAY eRASSc3 27Jul2026; DR2 UL server erodat; SIMBAD; TNS; ASAS-SN SkyPatrol v2"
pair,3eRASS J132329.4-581017,200.8725194276996,-58.17150668241159,0.8587825756133516,307.1605664219461,4.436836445625783,strong,rise,858.0523,23.527996,0.48241946,0.07605948,4.4918014e-13,7.0818887e-14,6.476221639043591,9.758025639845998,4.647238271465212,6.946287519916642,6.946287519916642,10.968316138678952,,,6.062314250648623e+18,0.575827,14.490707,3.050625,8.2092,0.1181,-29.307,-15.99,Gaia DR3 6062314250648623360,*,1.093298157557527,SIMBAD:*,,IDENTIFIED,Gaia DR3 6062314250648623360 (*),"SIMBAD * at 1.1""",False,,,0.94604313,0.99879026,,"services 2026-08-14: CDS X-Match (2RXS J/A+A/588/A103, XMMSL3 IX/71, CSC2.1 IX/70, 2SXPS IX/58, CatWISE II/365, GaiaDR3 var I/358, ART-XC J/A+A/687/A183, MKM J/MNRAS/544/885); HEASARC xmmssc(5XMM); NWAY eRASSc3 27Jul2026; DR2 UL server erodat; SIMBAD; TNS; ASAS-SN SkyPatrol v2"
pair,3eRASS J075438.3-515246,118.65990918709812,-51.879548799425415,1.062144358068024,265.5284617806309,-12.071560607798483,strong,rise,419.0521,10.714157,0.22256559,0.031278618,2.0723054e-13,2.912348e-14,7.265419995420962,11.242824697387467,4.52944751318198,6.930182846432184,6.930182846432184,8.177988160017243,,,5.513633243696038e+18,1.658202,17.065882,3.04892,6.129,0.0538,-6.035,21.919,,,,Galactic-star/CV? (red-dwarf locus: flare star?),,PLAUSIBLE-CLASS,Galactic flare star / CV (red-dwarf flare locus),Gaia plx 6.13+-0.05; prior X-ray: none,False,,,0.8829857,0.9805059,,"services 2026-08-14: CDS X-Match (2RXS J/A+A/588/A103, XMMSL3 IX/71, CSC2.1 IX/70, 2SXPS IX/58, CatWISE II/365, GaiaDR3 var I/358, ART-XC J/A+A/687/A183, MKM J/MNRAS/544/885); HEASARC xmmssc(5XMM); NWAY eRASSc3 27Jul2026; DR2 UL server erodat; SIMBAD; TNS; ASAS-SN SkyPatrol v2"
pair,3eRASS J151559.2-360234,228.9970315117771,-36.04283293613414,0.8204093200003291,333.06727319824614,18.23256360545994,strong,rise,888.2421,15.948729,0.8308675,0.1150146,7.736197e-13,1.0708994e-13,7.376138707883315,10.026801326018465,5.113973170633771,6.9142178322479415,6.9142178322479415,11.645828725236138,,,6.199896346751788e+18,0.418231,16.630419,0.779292,-0.1759,0.0745,-0.016,0.024,2MASS J15155929-3602337,AG?,0.4179207938746771,SIMBAD:AG?,,IDENTIFIED,2MASS J15155929-3602337 (AG?),"SIMBAD AG? at 0.4""",False,,,0.99929535,0.9998965,,"services 2026-08-14: CDS X-Match (2RXS J/A+A/588/A103, XMMSL3 IX/71, CSC2.1 IX/70, 2SXPS IX/58, CatWISE II/365, GaiaDR3 var I/358, ART-XC J/A+A/687/A183, MKM J/MNRAS/544/885); HEASARC xmmssc(5XMM); NWAY eRASSc3 27Jul2026; DR2 UL server erodat; SIMBAD; TNS; ASAS-SN SkyPatrol v2"
pair,3eRASS J124129.1+190456,190.3713348470941,19.08228313085776,1.3011348559792235,286.5500640409865,81.6356905213233,strong,rise,304.42966,7.670277,0.3257534,0.043027427,3.0330857e-13,4.006278e-14,7.730255018478759,12.069299981820842,4.440610760988977,6.847113857102695,6.847113857102695,7.127182683108137,,,3.9481280065811215e+18,0.74979,13.478609,3.061527,41.4451,0.0214,73.706,-306.284,G  59-34,PM*,4.605290662435642,SIMBAD:PM*,,IDENTIFIED,G  59-34 (PM*),"SIMBAD PM* at 4.6""",False,,,0.9994493,0.99334425,,"services 2026-08-14: CDS X-Match (2RXS J/A+A/588/A103, XMMSL3 IX/71, CSC2.1 IX/70, 2SXPS IX/58, CatWISE II/365, GaiaDR3 var I/358, ART-XC J/A+A/687/A183, MKM J/MNRAS/544/885); HEASARC xmmssc(5XMM); NWAY eRASSc3 27Jul2026; DR2 UL server erodat; SIMBAD; TNS; ASAS-SN SkyPatrol v2"
pair,3eRASS J074333.7-555402,115.89074087830254,-55.90075690847885,0.9209211162778944,268.4285723077673,-15.371729647486667,strong,rise,599.38885,21.25574,0.26422814,0.043227248,2.4602247e-13,4.0248834e-14,6.241252121057662,9.92801295140092,4.29536806367825,6.759284171033925,6.759284171033925,9.354908636380712,,,5.487855983855799e+18,0.419603,16.910675,0.780222,-0.0538,0.0424,0.007,0.064,Gaia DR3 5487855983855799424,AGN,0.419379010287135,SIMBAD:AGN,,IDENTIFIED,Gaia DR3 5487855983855799424 (AGN),"SIMBAD AGN at 0.4""",False,,,0.99966806,0.99973464,,"services 2026-08-14: CDS X-Match (2RXS J/A+A/588/A103, XMMSL3 IX/71, CSC2.1 IX/70, 2SXPS IX/58, CatWISE II/365, GaiaDR3 var I/358, ART-XC J/A+A/687/A183, MKM J/MNRAS/544/885); HEASARC xmmssc(5XMM); NWAY eRASSc3 27Jul2026; DR2 UL server erodat; SIMBAD; TNS; ASAS-SN SkyPatrol v2"
pair,3eRASS J172927.8-441605,262.365883501494,-44.26809969195391,0.7091352928297153,345.29447737757425,-5.460672963029914,strong,fade,1328.2186,1481.6763,1.0921056,3.0843465,1.0168581e-12,2.871831e-12,0.3615361526532802,0.0645023623786582,2.4849386775741165,6.74465064820821,6.74465064820821,10.94199156793347,,,5.952534847868326e+18,0.397303,14.061649,2.386264,4.9991,0.0208,-4.945,-21.202,Gaia DR3 5952534847868325888,Y*?,0.1775995095867628,SIMBAD:Y*?,,IDENTIFIED,Gaia DR3 5952534847868325888 (Y*?),"SIMBAD Y*? at 0.2""; in MKM eRASS1 Galactic-transient catalog",False,,,0.99815196,0.99861133,29.6151,"services 2026-08-14: CDS X-Match (2RXS J/A+A/588/A103, XMMSL3 IX/71, CSC2.1 IX/70, 2SXPS IX/58, CatWISE II/365, GaiaDR3 var I/358, ART-XC J/A+A/687/A183, MKM J/MNRAS/544/885); HEASARC xmmssc(5XMM); NWAY eRASSc3 27Jul2026; DR2 UL server erodat; SIMBAD; TNS; ASAS-SN SkyPatrol v2"
pair,3eRASS J011731.0-553459,19.37941093926632,-55.58323328150232,0.8271689416753197,295.2869604437483,-61.15622759354903,strong,rise,877.0423,40.846355,0.67393607,0.11128743,6.2750104e-13,1.0361959e-13,6.1833359181068905,9.369747421481298,4.4554072965087705,6.6934281202832295,6.6934281202832295,10.507534820548344,,,4.913636895241116e+18,0.386058,18.703566,0.918921,0.0936,0.1514,0.47,0.222,2dFGRS TGS827Z078,AGN,0.3852140749289838,SIMBAD:AGN,,IDENTIFIED,2dFGRS TGS827Z078 (AGN),"SIMBAD AGN at 0.4""",False,,,0.9995177,0.999646,,"services 2026-08-14: CDS X-Match (2RXS J/A+A/588/A103, XMMSL3 IX/71, CSC2.1 IX/70, 2SXPS IX/58, CatWISE II/365, GaiaDR3 var I/358, ART-XC J/A+A/687/A183, MKM J/MNRAS/544/885); HEASARC xmmssc(5XMM); NWAY eRASSc3 27Jul2026; DR2 UL server erodat; SIMBAD; TNS; ASAS-SN SkyPatrol v2"
vanished,1eRASS J011706.7-732648,19.27808880357431,-73.44681616595088,5.4022775,300.4130245485905,-43.55564450123602,,,,1115.0339,,11.1238365,,1.035739e-11,,,,,,,,,4.686397597319098e+18,9.444831,18.013674,1.450567,0.2039,0.1075,0.623,-1.376,2MASS J01170701-7326580,RB?,9.42212301487935,SIMBAD:RB?,no DR2 entry: fade OR DR2 confusion dropout (arXiv:2607.27772 S3.2.5),ARTIFACT,SMC X-1 field: split/moved detection of a piled-up HMXB,"ART-XC SRGA J011704.8-732638 = SMC X-1 at 13""; DR2 source 13.9"" away at 54 ct/s (UID_DR1 crosswalk miss at 4x pos-err); UL presence 95.5 - flux very much still there",True,ARTIFACT-SPLIT/MOVED,95.54507870476228,,,,"services 2026-08-14: CDS X-Match (2RXS J/A+A/588/A103, XMMSL3 IX/71, CSC2.1 IX/70, 2SXPS IX/58, CatWISE II/365, GaiaDR3 var I/358, ART-XC J/A+A/687/A183, MKM J/MNRAS/544/885); HEASARC xmmssc(5XMM); NWAY eRASSc3 27Jul2026; DR2 UL server erodat; SIMBAD; TNS; ASAS-SN SkyPatrol v2"
vanished,1eRASS J114724.4-495303,176.85173264720294,-49.88421019660567,1.0617273,292.47795071463537,11.683381183225691,,,,1060.8835,,2.2895696,,2.1318153e-12,,,,,,,,,5.369414461016306e+18,0.681539,8.915844,0.819843,8.7901,0.0133,-34.73,-9.758,HD 102458,Or*,1.2446791781711668,SIMBAD:Or*,no DR2 entry: fade OR DR2 confusion dropout (arXiv:2607.27772 S3.2.5),ARTIFACT,"erbox confusion dropout (bright neighbor 32.8"")","DR2 neighbor 9.2 ct/s at 32.8"" (also ART-XC UNIDENT 23""); UL presence 3.85 - flux still present; DET_LIKE 1061 dropout = exactly the paper Sect. 3.2.5 bright-source failure mode",True,ARTIFACT-CONFUSION,3.851401920230584,,,,"services 2026-08-14: CDS X-Match (2RXS J/A+A/588/A103, XMMSL3 IX/71, CSC2.1 IX/70, 2SXPS IX/58, CatWISE II/365, GaiaDR3 var I/358, ART-XC J/A+A/687/A183, MKM J/MNRAS/544/885); HEASARC xmmssc(5XMM); NWAY eRASSc3 27Jul2026; DR2 UL server erodat; SIMBAD; TNS; ASAS-SN SkyPatrol v2"
vanished,1eRASS J050558.2-680146,76.4926966917543,-68.0296573463546,3.0407014,278.83843273033614,-34.802237626213504,,,,553.63104,,2.5211382,,2.3474285e-12,,,,,,,,,4.66140071163954e+18,2.648088,19.512169,0.90151,-0.1143,0.2839,-0.378,0.124,,,,optical-faint?,no DR2 entry: fade OR DR2 confusion dropout (arXiv:2607.27772 S3.2.5),ARTIFACT,indeterminate: inside bright-source halo (LMC),"13.0 ct/s DR2 source 16.6"" away dominates; UL server insensitive at position (presence 0.0, Flag_pos set); cannot separate fade from erbox dropout - paper Sect. 3.2.5 regime either way",True,INDETERMINATE-HALO,0.0,,,,"services 2026-08-14: CDS X-Match (2RXS J/A+A/588/A103, XMMSL3 IX/71, CSC2.1 IX/70, 2SXPS IX/58, CatWISE II/365, GaiaDR3 var I/358, ART-XC J/A+A/687/A183, MKM J/MNRAS/544/885); HEASARC xmmssc(5XMM); NWAY eRASSc3 27Jul2026; DR2 UL server erodat; SIMBAD; TNS; ASAS-SN SkyPatrol v2"
vanished,1eRASS J053323.7-645745,83.34884672385304,-64.9627696285099,1.3334049,274.66606683133125,-32.61085315170593,,,,308.02405,,0.07186741,,6.691565e-14,,,,,,,,,4.660885452941478e+18,1.846394,19.710754,0.394558,0.2592,0.3229,0.61,-0.592,,,,optical-faint?,no DR2 entry: fade OR DR2 confusion dropout (arXiv:2607.27772 S3.2.5),ARTIFACT,absorbed into extended emission (LMC diffuse),"DR2 extended source (EXT_LIKE=136) 28.6"" away; UL presence 2.19 - flux still present at position; paper Sect. 3.2.5/5.3 regime",True,ARTIFACT-EXTENDED,2.1861962057896127,,,,"services 2026-08-14: CDS X-Match (2RXS J/A+A/588/A103, XMMSL3 IX/71, CSC2.1 IX/70, 2SXPS IX/58, CatWISE II/365, GaiaDR3 var I/358, ART-XC J/A+A/687/A183, MKM J/MNRAS/544/885); HEASARC xmmssc(5XMM); NWAY eRASSc3 27Jul2026; DR2 UL server erodat; SIMBAD; TNS; ASAS-SN SkyPatrol v2"
vanished,1eRASS J073144.0-470001,112.93349727990255,-47.0003095888563,1.9542542,259.3389243186019,-13.13912288921002,,,,287.9319,,0.47143817,,4.3895549e-13,,,,,,,,,5.507465876817019e+18,0.807797,10.790849,1.24042,2.4318,0.0113,-2.843,7.809,CD-46  3212,*,0.8467145733230126,SIMBAD:*,no DR2 entry: fade OR DR2 confusion dropout (arXiv:2607.27772 S3.2.5),ARTIFACT,erbox confusion dropout (paper Sect. 3.2.5),"UL presence 2.25; bright-neighbor sep 16.422498942701093""",False,ARTIFACT-CONFUSION,2.2516923687584267,,,,"services 2026-08-14: CDS X-Match (2RXS J/A+A/588/A103, XMMSL3 IX/71, CSC2.1 IX/70, 2SXPS IX/58, CatWISE II/365, GaiaDR3 var I/358, ART-XC J/A+A/687/A183, MKM J/MNRAS/544/885); HEASARC xmmssc(5XMM); NWAY eRASSc3 27Jul2026; DR2 UL server erodat; SIMBAD; TNS; ASAS-SN SkyPatrol v2"
vanished,1eRASS J064100.4+095401,100.25169794521332,9.900426555886934,1.3839939,202.9354366851807,2.2070069714961726,,,,245.2619,,1.9554683,,1.820734e-12,,,,,,,,,3.326740865570981e+18,1.933967,15.140446,1.615465,1.4081,0.035,-1.346,-3.412,Cl* NGC 2264    SBL     256,Y*O,1.991645593028855,SIMBAD:Y*O,no DR2 entry: fade OR DR2 confusion dropout (arXiv:2607.27772 S3.2.5),ARTIFACT,"erbox confusion dropout (bright neighbor 29.9"")","DR2 neighbor 3.9 ct/s at 29.9""; UL presence 5.85 - flux still present",True,ARTIFACT-CONFUSION,5.846078408059412,,,,"services 2026-08-14: CDS X-Match (2RXS J/A+A/588/A103, XMMSL3 IX/71, CSC2.1 IX/70, 2SXPS IX/58, CatWISE II/365, GaiaDR3 var I/358, ART-XC J/A+A/687/A183, MKM J/MNRAS/544/885); HEASARC xmmssc(5XMM); NWAY eRASSc3 27Jul2026; DR2 UL server erodat; SIMBAD; TNS; ASAS-SN SkyPatrol v2"
vanished,1eRASS J050338.2-304513,75.90941019162457,-30.75362190505544,1.8337834,232.84455776222205,-35.43639914482996,,,,242.36865,,0.42082566,,3.9183023e-13,,,,,,,,,4.875603344927818e+18,1.08955,18.917788,0.531261,0.0647,0.1908,0.046,0.036,,,,optical-faint?,no DR2 entry: fade OR DR2 confusion dropout (arXiv:2607.27772 S3.2.5),PLAUSIBLE-CLASS,AGN into deep X-ray low state (changing-state candidate),"CatWISE 0.46"" W1-W2=0.94 (AGN colors); Gaia DR3 classifier AGN 0.93; MORX association; prior X-ray: 2RXS J050337.2-304501 (16.6"", 43.5 cts, 1990-91) + 2SXPS 3.8"" 0.019 ct/s -> historically persistent; eRASS1 F=3.9e-13 (DET_LIKE 242) then stack-blank (UL presence 1.02) -> collapsed below eRASS1 level; TNS empty. CONFIRM: optical spectrum now vs archival; X-ray re-obs",True,FADE-CANDIDATE,1.0198101237334,,,,"services 2026-08-14: CDS X-Match (2RXS J/A+A/588/A103, XMMSL3 IX/71, CSC2.1 IX/70, 2SXPS IX/58, CatWISE II/365, GaiaDR3 var I/358, ART-XC J/A+A/687/A183, MKM J/MNRAS/544/885); HEASARC xmmssc(5XMM); NWAY eRASSc3 27Jul2026; DR2 UL server erodat; SIMBAD; TNS; ASAS-SN SkyPatrol v2"
vanished,1eRASS J054656.6-653401,86.73583612572537,-65.56713447578834,1.3367518,275.2647759673578,-31.156716476209912,,,,239.52129,,0.033919275,,3.1582193e-14,,,,,,,,,4.660011414194123e+18,1.211706,20.133266,0.851606,-0.271,0.347,-0.561,0.911,,,,optical-faint?,no DR2 entry: fade OR DR2 confusion dropout (arXiv:2607.27772 S3.2.5),PLAUSIBLE-CLASS,faint LMC-direction fader,"eRASS1 DET_LIKE 240 at 0.034 ct/s; stack blank (presence 1.08); nearest bright DR2 neighbor 51.6"" - too far to absorb the counts (PSF HEW ~30""); optical-faint (Gaia G=20.1 at 1.2"")",True,FADE-CANDIDATE,1.083165003637428,,,,"services 2026-08-14: CDS X-Match (2RXS J/A+A/588/A103, XMMSL3 IX/71, CSC2.1 IX/70, 2SXPS IX/58, CatWISE II/365, GaiaDR3 var I/358, ART-XC J/A+A/687/A183, MKM J/MNRAS/544/885); HEASARC xmmssc(5XMM); NWAY eRASSc3 27Jul2026; DR2 UL server erodat; SIMBAD; TNS; ASAS-SN SkyPatrol v2"
vanished,1eRASS J052524.1-655818,81.3506538768491,-65.97171292220668,5.5298214,275.97213764983326,-33.32170540305311,,,,233.24046,,0.521539,,4.856043e-13,,,,,,,,,4.66053804592271e+18,4.707268,20.95162,-0.037333,-0.7446,0.5416,2.917,-0.295,,,,optical-faint?,no DR2 entry: fade OR DR2 confusion dropout (arXiv:2607.27772 S3.2.5),ARTIFACT,erbox confusion dropout next to bright extended complex,"DR2 EXT_LIKE=42107 complex 45"" away + bright neighbor 94.8""; UL presence 7.86 - flux still present (paper Sect. 3.2.5)",True,ARTIFACT-CONFUSION,7.86249387730438,,,,"services 2026-08-14: CDS X-Match (2RXS J/A+A/588/A103, XMMSL3 IX/71, CSC2.1 IX/70, 2SXPS IX/58, CatWISE II/365, GaiaDR3 var I/358, ART-XC J/A+A/687/A183, MKM J/MNRAS/544/885); HEASARC xmmssc(5XMM); NWAY eRASSc3 27Jul2026; DR2 UL server erodat; SIMBAD; TNS; ASAS-SN SkyPatrol v2"
vanished,1eRASS J051621.3-631123,79.08902574031303,-63.189898416388566,2.3275273,272.80928742459054,-34.6643879490853,,,,231.29706,,0.13246064,,1.2333393e-13,,,,,,,,,,,,,,,,,,,,no-Gaia (AGN/TDE? obscured?),no DR2 entry: fade OR DR2 confusion dropout (arXiv:2607.27772 S3.2.5),ARTIFACT,absorbed into extended emission,"DR2 extended source (EXT_LIKE=1486) 60.6"" away; UL presence 4.55 - flux still present",True,ARTIFACT-EXTENDED,4.547167388453947,,,,"services 2026-08-14: CDS X-Match (2RXS J/A+A/588/A103, XMMSL3 IX/71, CSC2.1 IX/70, 2SXPS IX/58, CatWISE II/365, GaiaDR3 var I/358, ART-XC J/A+A/687/A183, MKM J/MNRAS/544/885); HEASARC xmmssc(5XMM); NWAY eRASSc3 27Jul2026; DR2 UL server erodat; SIMBAD; TNS; ASAS-SN SkyPatrol v2"
vanished,1eRASS J131400.5-190157,198.5024325620027,-19.03264248527008,1.6165628,310.29635621701243,43.51610826899624,,,,223.26451,,0.5732371,,5.3374037e-13,,,,,,,,,3.507641104210304e+18,3.007975,12.149158,2.224434,15.8699,0.5114,-159.163,-4.723,Gaia DR3 3507641104210304128,PM*,1.8409786503863612,SIMBAD:PM*,no DR2 entry: fade OR DR2 confusion dropout (arXiv:2607.27772 S3.2.5),IDENTIFIED,MKM eRASS1 Galactic transient - nearby-star flare (d=58 pc),"already reported: Maan+ catalog (J/MNRAS/544/885/ero-g-t) d=58 pc L=2.1e29 erg/s; CatWISE W1=8.6 bright star 2.9""; ASAS-SN star steady V~13.4; DR2 stack blank (presence 1.01) - flare over",True,FADE-CANDIDATE,1.0081315593200126,,,,"services 2026-08-14: CDS X-Match (2RXS J/A+A/588/A103, XMMSL3 IX/71, CSC2.1 IX/70, 2SXPS IX/58, CatWISE II/365, GaiaDR3 var I/358, ART-XC J/A+A/687/A183, MKM J/MNRAS/544/885); HEASARC xmmssc(5XMM); NWAY eRASSc3 27Jul2026; DR2 UL server erodat; SIMBAD; TNS; ASAS-SN SkyPatrol v2"
vanished,1eRASS J034852.6-552534,57.21947855994609,-55.42628552002499,1.6681646,267.01811152067245,-47.437341537415136,,,,208.69023,,0.20747821,,1.931827e-13,,,,,,,,,4.731301583472275e+18,1.010631,19.713577,1.348564,0.0978,0.8072,-0.398,0.164,WTP 15abymdq,ev,0.975509950819199,SIMBAD:ev,no DR2 entry: fade OR DR2 confusion dropout (arXiv:2607.27772 S3.2.5),IDENTIFIED,"WTP 15abymdq - known MIR nuclear transient (z=0.037), X-ray active in eRASS1","SIMBAD ev at 1.0""; WTP MIR-transient sample (MIT WTP; z=0.0374); our eRASS1 detection (DET_LIKE 209) + stack presence 5.2 with neighbor 21.6"" - X-ray state change at a known nuclear transient; ASAS-SN 2019-21 quiet",True,ARTIFACT-CONFUSION,5.221407500517257,,,,"services 2026-08-14: CDS X-Match (2RXS J/A+A/588/A103, XMMSL3 IX/71, CSC2.1 IX/70, 2SXPS IX/58, CatWISE II/365, GaiaDR3 var I/358, ART-XC J/A+A/687/A183, MKM J/MNRAS/544/885); HEASARC xmmssc(5XMM); NWAY eRASSc3 27Jul2026; DR2 UL server erodat; SIMBAD; TNS; ASAS-SN SkyPatrol v2"
vanished,1eRASS J071212.4-363045,108.05192601720184,-36.51259655859472,1.5942488,248.0395820646374,-11.921652216763636,,,,178.97928,,0.5861054,,5.45722e-13,,,,,,,,,5.590173615361002e+18,3.090001,14.251801,1.589833,0.7159,0.0144,-4.137,10.554,,,,Galactic-star/CV?,no DR2 entry: fade OR DR2 confusion dropout (arXiv:2607.27772 S3.2.5),ARTIFACT,"erbox confusion dropout (bright neighbor 21.8"")","similarly bright DR2 neighbor at 21.8""; UL presence 4.17 - flux still present (paper Sect. 3.2.5)",True,ARTIFACT-CONFUSION,4.172127492461018,,,,"services 2026-08-14: CDS X-Match (2RXS J/A+A/588/A103, XMMSL3 IX/71, CSC2.1 IX/70, 2SXPS IX/58, CatWISE II/365, GaiaDR3 var I/358, ART-XC J/A+A/687/A183, MKM J/MNRAS/544/885); HEASARC xmmssc(5XMM); NWAY eRASSc3 27Jul2026; DR2 UL server erodat; SIMBAD; TNS; ASAS-SN SkyPatrol v2"
vanished,1eRASS J063020.5-674651,97.58583120761054,-67.78087760725649,1.5792296,277.9466157265366,-26.940022855513416,,,,177.40121,,0.047189184,,4.3937788e-14,,,,,,,,,5.280299455891687e+18,1.753349,20.539421,0.493896,-1.3226,0.7879,-2.104,1.214,,,,optical-faint?,no DR2 entry: fade OR DR2 confusion dropout (arXiv:2607.27772 S3.2.5),ARTIFACT,absorbed into extended emission (LMC diffuse),"DR2 extended source (EXT_LIKE=106) 32.1"" away; UL presence 2.52 - flux still present",True,ARTIFACT-EXTENDED,2.524247995538757,,,,"services 2026-08-14: CDS X-Match (2RXS J/A+A/588/A103, XMMSL3 IX/71, CSC2.1 IX/70, 2SXPS IX/58, CatWISE II/365, GaiaDR3 var I/358, ART-XC J/A+A/687/A183, MKM J/MNRAS/544/885); HEASARC xmmssc(5XMM); NWAY eRASSc3 27Jul2026; DR2 UL server erodat; SIMBAD; TNS; ASAS-SN SkyPatrol v2"
vanished,1eRASS J055329.9-663938,88.37488674157659,-66.66065262669059,1.3412747,276.50993788824286,-30.455094889626668,,,,166.10893,,0.014822992,,1.3801668e-14,,,,,,,,,4.659751173540024e+18,2.604946,20.92979,1.397024,0.8229,0.0863,-0.41,16.135,OGLE LMC563.04.008034,*,6.881726422201327,SIMBAD:*,no DR2 entry: fade OR DR2 confusion dropout (arXiv:2607.27772 S3.2.5),PLAUSIBLE-CLASS,LMC-direction transient (Be/XRB outburst candidate or background AGN),"LMC field; CatWISE 2.7"" W1=15.8 W1-W2=0.45; no prior X-ray; eRASS1 DET_LIKE 166 then stack blank (presence 1.03) - real switch-off; unpublished. CONFIRM: OGLE light curve of the IR source, X-ray re-obs",True,FADE-CANDIDATE,1.0277061254991362,,,,"services 2026-08-14: CDS X-Match (2RXS J/A+A/588/A103, XMMSL3 IX/71, CSC2.1 IX/70, 2SXPS IX/58, CatWISE II/365, GaiaDR3 var I/358, ART-XC J/A+A/687/A183, MKM J/MNRAS/544/885); HEASARC xmmssc(5XMM); NWAY eRASSc3 27Jul2026; DR2 UL server erodat; SIMBAD; TNS; ASAS-SN SkyPatrol v2"
vanished,1eRASS J051910.4-253443,79.79373375742396,-25.57881066390798,1.7869762,227.98010460733636,-30.756058155926237,,,,156.93962,,0.39334223,,3.6624046e-13,,,,,,,,,2.9578097332574177e+18,1.652176,19.045626,0.959997,-0.2336,0.2157,-0.124,-0.009,,,,optical-faint?,no DR2 entry: fade OR DR2 confusion dropout (arXiv:2607.27772 S3.2.5),PLAUSIBLE-CLASS,flaring AGN (blazar?) - optical flares + X-ray now low,"XMMSL3 4.2"" F(0.2-2)=1.3e-12 (prior slew detection); CatWISE 1.6"" W1-W2=0.82 (AGN); Gaia classifier AGN 0.63; AllWISE-AGN seed in ASAS-SN; ASAS-SN optical brightenings to -1.4 mag within the eRASS window; stack blank (presence 1.03); TNS empty. CONFIRM: radio catalog check + spectrum",True,FADE-CANDIDATE,1.025819209218753,,,,"services 2026-08-14: CDS X-Match (2RXS J/A+A/588/A103, XMMSL3 IX/71, CSC2.1 IX/70, 2SXPS IX/58, CatWISE II/365, GaiaDR3 var I/358, ART-XC J/A+A/687/A183, MKM J/MNRAS/544/885); HEASARC xmmssc(5XMM); NWAY eRASSc3 27Jul2026; DR2 UL server erodat; SIMBAD; TNS; ASAS-SN SkyPatrol v2"
vanished,1eRASS J013328.1-643410,23.36711038359957,-64.56960346128153,2.2713697,295.6309947352912,-51.95874487602234,,,,132.76234,,0.39604813,,3.687599e-13,,,,,,,,,,,,,,,,,,,,no-Gaia (AGN/TDE? obscured?),no DR2 entry: fade OR DR2 confusion dropout (arXiv:2607.27772 S3.2.5),ARTIFACT,"split/moved: DR2 source 7.2"" away not linked by UID_DR1","3eRASS J013329.0-643406 at 7.2"" (1.06 ct/s); crosswalk miss; UL presence 4.13 - flux still present",True,ARTIFACT-SPLIT/MOVED,4.133936021509046,,,,"services 2026-08-14: CDS X-Match (2RXS J/A+A/588/A103, XMMSL3 IX/71, CSC2.1 IX/70, 2SXPS IX/58, CatWISE II/365, GaiaDR3 var I/358, ART-XC J/A+A/687/A183, MKM J/MNRAS/544/885); HEASARC xmmssc(5XMM); NWAY eRASSc3 27Jul2026; DR2 UL server erodat; SIMBAD; TNS; ASAS-SN SkyPatrol v2"
vanished,1eRASS J081658.8-534158,124.2452819398988,-53.69948246139895,2.484765,268.88069012437296,-10.0995514197337,,,,131.02614,,0.244657,,2.2779982e-13,,,,,,,,,5.320493374756425e+18,6.12766,20.53462,1.263693,0.7386,0.7878,-1.988,6.702,Gaia DR3 5320493374760993664,*,9.214456611462335,SIMBAD:*,no DR2 entry: fade OR DR2 confusion dropout (arXiv:2607.27772 S3.2.5),ARTIFACT,erbox confusion dropout (paper Sect. 3.2.5),"UL presence 3.56; bright-neighbor sep 21.76787760232965""",False,ARTIFACT-CONFUSION,3.5591337476431604,,,,"services 2026-08-14: CDS X-Match (2RXS J/A+A/588/A103, XMMSL3 IX/71, CSC2.1 IX/70, 2SXPS IX/58, CatWISE II/365, GaiaDR3 var I/358, ART-XC J/A+A/687/A183, MKM J/MNRAS/544/885); HEASARC xmmssc(5XMM); NWAY eRASSc3 27Jul2026; DR2 UL server erodat; SIMBAD; TNS; ASAS-SN SkyPatrol v2"
vanished,1eRASS J053410.9-045032,83.5457422058537,-4.842399641803628,2.0120263,208.36301292655892,-19.377855445858096,,,,129.44783,,0.39887205,,3.7138925e-13,,,,,,,,,3.209598548853144e+18,7.874912,12.645059,1.313632,2.6336,0.0119,0.823,0.497,2E 0531.7-0452,X,5.109719034815533,SIMBAD:X,no DR2 entry: fade OR DR2 confusion dropout (arXiv:2607.27772 S3.2.5),ARTIFACT,erbox confusion dropout; source itself = 2E 0531.7-0452 (sigma Ori field star),"SIMBAD X at 7.9"" = Einstein source; ART-XC STAR? 10.6""; bright DR2 neighbor 21.8""; UL presence 3.28 - flux still present",True,ARTIFACT-CONFUSION,3.2812136009348905,,,,"services 2026-08-14: CDS X-Match (2RXS J/A+A/588/A103, XMMSL3 IX/71, CSC2.1 IX/70, 2SXPS IX/58, CatWISE II/365, GaiaDR3 var I/358, ART-XC J/A+A/687/A183, MKM J/MNRAS/544/885); HEASARC xmmssc(5XMM); NWAY eRASSc3 27Jul2026; DR2 UL server erodat; SIMBAD; TNS; ASAS-SN SkyPatrol v2"
vanished,1eRASS J052605.0-621225,81.52096474855139,-62.2070758315065,1.507602,271.4757457270316,-33.66824131193879,,,,121.028564,,0.09344879,,8.701005e-14,,,,,,,,,4.757842935176754e+18,0.862492,21.70365,1.694616,,,,,LEDA  147501,G,2.9683487570660025,SIMBAD:G,no DR2 entry: fade OR DR2 confusion dropout (arXiv:2607.27772 S3.2.5),ARTIFACT,"DR2 source within 15"" (crosswalk miss)","UL presence 12.87; bright-neighbor sep nan""",False,ARTIFACT-SPLIT/MOVED,12.87356927005728,,,,"services 2026-08-14: CDS X-Match (2RXS J/A+A/588/A103, XMMSL3 IX/71, CSC2.1 IX/70, 2SXPS IX/58, CatWISE II/365, GaiaDR3 var I/358, ART-XC J/A+A/687/A183, MKM J/MNRAS/544/885); HEASARC xmmssc(5XMM); NWAY eRASSc3 27Jul2026; DR2 UL server erodat; SIMBAD; TNS; ASAS-SN SkyPatrol v2"
new_bright,3eRASS J172341.8-310306,260.9245114573623,-31.051778751332545,0.4665919966815131,355.6498959537755,2.843932166388939,,,12727.046,,7.5121055,,6.9945117e-12,,,,,,,,0.0336264856159687,223.3984707985041,4.058144727782812e+18,1.498002,16.227722,3.942234,0.0727,0.0712,-1.602,-9.522,V* V1708 Sco B,*,1.3747397547206974,SIMBAD:*,rise bound uses approx eRASS1 sensitivity (empirical 5th pct),IDENTIFIED,V* V1708 Sco B (*),"SIMBAD * at 1.4""",False,,,0.0054645054,0.83342236,70.97253,"services 2026-08-14: CDS X-Match (2RXS J/A+A/588/A103, XMMSL3 IX/71, CSC2.1 IX/70, 2SXPS IX/58, CatWISE II/365, GaiaDR3 var I/358, ART-XC J/A+A/687/A183, MKM J/MNRAS/544/885); HEASARC xmmssc(5XMM); NWAY eRASSc3 27Jul2026; DR2 UL server erodat; SIMBAD; TNS; ASAS-SN SkyPatrol v2"
new_bright,3eRASS J170930.3-263920,257.3763682992362,-26.65555849118433,0.5017664732789183,357.4723641177156,7.911921373587935,,,7949.31,,4.989224,,4.6454602e-12,,,,,,,,0.0336264856159687,148.3718522964666,4.108865783346598e+18,0.673462,19.422716,1.186586,-0.9857,0.8416,-6.625,-6.481,RX J1709.5-2639,LXB,5.909898560962167,SIMBAD:LXB,rise bound uses approx eRASS1 sensitivity (empirical 5th pct),IDENTIFIED,RX J1709.5-2639 (LXB),"SIMBAD LXB at 5.9""; ART-XC counterpart XTE J1709-267 (LMXB)",False,,,0.11579568,0.0,409.67996,"services 2026-08-14: CDS X-Match (2RXS J/A+A/588/A103, XMMSL3 IX/71, CSC2.1 IX/70, 2SXPS IX/58, CatWISE II/365, GaiaDR3 var I/358, ART-XC J/A+A/687/A183, MKM J/MNRAS/544/885); HEASARC xmmssc(5XMM); NWAY eRASSc3 27Jul2026; DR2 UL server erodat; SIMBAD; TNS; ASAS-SN SkyPatrol v2"
new_bright,3eRASS J234403.0-352639,356.01277416305146,-35.44421798096663,0.5458404085020453,358.71229066943306,-73.40925738753172,,,5187.299,,4.243733,,3.9513345e-12,,,,,,,,0.0435482263565063,97.4490417701179,2.311716432826542e+18,2.839552,18.431904,1.090967,-0.1128,0.4285,0.436,0.256,eRASSt J234402.9-352640,X,2.037502839153845,SIMBAD:X,rise bound uses approx eRASS1 sensitivity (empirical 5th pct),IDENTIFIED,eRASSt J234402.9-352640 - published nuclear ignition (TDE or AGN turn-on),"already reported: 'luminous X-ray ignition' paper (arXiv:2302.06989) + radio-flare/outflow study (MNRAS 528, 7123, 2024); our new-bright x97 recovers the ignition",True,,,0.008016463,0.0033862474,,"services 2026-08-14: CDS X-Match (2RXS J/A+A/588/A103, XMMSL3 IX/71, CSC2.1 IX/70, 2SXPS IX/58, CatWISE II/365, GaiaDR3 var I/358, ART-XC J/A+A/687/A183, MKM J/MNRAS/544/885); HEASARC xmmssc(5XMM); NWAY eRASSc3 27Jul2026; DR2 UL server erodat; SIMBAD; TNS; ASAS-SN SkyPatrol v2"
new_bright,3eRASS J173758.6-374616,264.494296456611,-37.77121433452904,0.5307345175745478,351.648243306964,-3.304386679372897,,,5830.9946,,3.781501,,3.520951e-12,,,,,,,,0.0336264856159687,112.45602939154656,5.962310884969316e+18,3.488234,20.511843,2.518204,-0.8099,0.269,1.751,-5.155,2MASS J17375858-3746228,*,6.532748176522872,SIMBAD:*,rise bound uses approx eRASS1 sensitivity (empirical 5th pct),IDENTIFIED,2MASS J17375858-3746228 (*),"SIMBAD * at 6.5""; ART-XC counterpart IGR J17379-3747 (LMXB)",False,,,,2.7490676e-11,916.97906,"services 2026-08-14: CDS X-Match (2RXS J/A+A/588/A103, XMMSL3 IX/71, CSC2.1 IX/70, 2SXPS IX/58, CatWISE II/365, GaiaDR3 var I/358, ART-XC J/A+A/687/A183, MKM J/MNRAS/544/885); HEASARC xmmssc(5XMM); NWAY eRASSc3 27Jul2026; DR2 UL server erodat; SIMBAD; TNS; ASAS-SN SkyPatrol v2"
new_bright,3eRASS J192832.3-500134,292.1348322130564,-50.026282542215526,0.5447959447576052,347.8966842552907,-26.20564452863856,,,4649.0283,,3.7502074,,3.4918134e-12,,,,,,,,0.0389280766248703,96.3368280509367,6.658737220627066e+18,0.157539,16.189766,1.261821,7.7143,0.0569,-60.779,-17.686,CTCV J1928-5001,CV*,1.155538309777343,SIMBAD:CV*,rise bound uses approx eRASS1 sensitivity (empirical 5th pct),IDENTIFIED,CTCV J1928-5001 (CV*),"SIMBAD CV* at 1.2""; ART-XC counterpart CTCV J1928-5001 (CV)",False,,,0.99635005,0.9993466,191.51167,"services 2026-08-14: CDS X-Match (2RXS J/A+A/588/A103, XMMSL3 IX/71, CSC2.1 IX/70, 2SXPS IX/58, CatWISE II/365, GaiaDR3 var I/358, ART-XC J/A+A/687/A183, MKM J/MNRAS/544/885); HEASARC xmmssc(5XMM); NWAY eRASSc3 27Jul2026; DR2 UL server erodat; SIMBAD; TNS; ASAS-SN SkyPatrol v2"
new_bright,3eRASS J045649.7-203747,74.20716087081234,-20.629847419221143,0.5731682324705463,220.48849069221373,-34.05824208591534,,,3825.0557,,1.6437861,,1.5305271e-12,,,,,,,,0.0285343118011951,57.60734950201845,2.9742687050682644e+18,1.274112,19.666126,1.410847,-0.3394,0.5828,0.448,0.473,eRASSt J045650.3-203750,X,8.55050257927041,SIMBAD:X,rise bound uses approx eRASS1 sensitivity (empirical 5th pct),IDENTIFIED,eRASSt J045650.3-203750 - published repeating partial TDE candidate,"already reported: extreme repeating nuclear transient (arXiv:2208.12452, A&A 2023); our new-bright x58 recovers it",True,,,0.99054706,0.90949917,19.375149,"services 2026-08-14: CDS X-Match (2RXS J/A+A/588/A103, XMMSL3 IX/71, CSC2.1 IX/70, 2SXPS IX/58, CatWISE II/365, GaiaDR3 var I/358, ART-XC J/A+A/687/A183, MKM J/MNRAS/544/885); HEASARC xmmssc(5XMM); NWAY eRASSc3 27Jul2026; DR2 UL server erodat; SIMBAD; TNS; ASAS-SN SkyPatrol v2"
new_bright,3eRASS J155100.8-453347,237.75364824786325,-45.56326785295143,0.6084115765544399,332.7662468742478,6.651362432295447,,,2313.395,,1.384875,,1.2894554e-12,,,,,,,,0.0285343118011951,48.53367653569283,5.988386112446545e+18,1.94604,17.75082,3.719631,10.9892,0.1315,-22.687,-34.143,,,,Galactic-star/CV? (red-dwarf locus: flare star?),rise bound uses approx eRASS1 sensitivity (empirical 5th pct),PLAUSIBLE-CLASS,M-dwarf superflare candidate (counterpart ambiguous),"new-bright 1.38 ct/s stacked (implied rise >=x49); hard-detected (DET_LIKE_3=70); Gaia DR3 M dwarf G=17.75 plx=10.99+-0.13 (91 pc) at 1.95""; CatWISE 1.9"" W1-W2=0.10 (stellar); NWAY ambiguous: p_any 0.07 (GDR3) vs 0.71 (CW2020); if the M dwarf: <Lx>~1e30 erg/s over 556 d = extreme, flare-dominated; Gaia G range 17.67-17.84 (no flare caught); no prior X-ray, TNS+SIMBAD 30"" empty, no literature. CONFIRM: optical spectrum (activity/youth), X-ray re-observation",True,,,0.07155899,0.70783085,70.38288,"services 2026-08-14: CDS X-Match (2RXS J/A+A/588/A103, XMMSL3 IX/71, CSC2.1 IX/70, 2SXPS IX/58, CatWISE II/365, GaiaDR3 var I/358, ART-XC J/A+A/687/A183, MKM J/MNRAS/544/885); HEASARC xmmssc(5XMM); NWAY eRASSc3 27Jul2026; DR2 UL server erodat; SIMBAD; TNS; ASAS-SN SkyPatrol v2"
new_bright,3eRASS J074910.4-054926,117.29345999283314,-5.824103397274831,0.7681780778794584,224.85226570497184,10.045271779311966,,,1255.7883,,1.1929504,,1.1107546e-12,,,,,,,,0.0389280766248703,30.644986122057755,3.0442633404165253e+18,1.322759,17.918188,0.728064,0.8493,0.096,-2.277,-5.238,RX J0749.1-0549,CV*,1.3888940765607587,SIMBAD:CV*,rise bound uses approx eRASS1 sensitivity (empirical 5th pct),IDENTIFIED,RX J0749.1-0549 (CV*),"SIMBAD CV* at 1.4""",False,,,0.95019865,0.912686,,"services 2026-08-14: CDS X-Match (2RXS J/A+A/588/A103, XMMSL3 IX/71, CSC2.1 IX/70, 2SXPS IX/58, CatWISE II/365, GaiaDR3 var I/358, ART-XC J/A+A/687/A183, MKM J/MNRAS/544/885); HEASARC xmmssc(5XMM); NWAY eRASSc3 27Jul2026; DR2 UL server erodat; SIMBAD; TNS; ASAS-SN SkyPatrol v2"
new_bright,3eRASS J115415.8-501801,178.5658899777514,-50.300384336924886,0.6386351898281543,293.66939788450424,11.5402848944729,,,2441.5723,,1.0825548,,1.0079654e-12,,,,,,,,0.0236160513013601,45.839789361287465,5.370642890382758e+18,0.756492,16.215141,0.901436,3.2041,0.037,-68.076,-5.153,ASASSN-V J115415.90-501802.1,CV*,1.151760400419205,SIMBAD:CV*,rise bound uses approx eRASS1 sensitivity (empirical 5th pct),IDENTIFIED,EP240309a / SRGA J115415.6-501801 - intermediate polar,"ART-XC match 2.5"" (CV?, NewXray); classified intermediate polar as EP J115415.8-501810 (arXiv:2405.01996)",True,,,0.98170036,0.9914778,58.843422,"services 2026-08-14: CDS X-Match (2RXS J/A+A/588/A103, XMMSL3 IX/71, CSC2.1 IX/70, 2SXPS IX/58, CatWISE II/365, GaiaDR3 var I/358, ART-XC J/A+A/687/A183, MKM J/MNRAS/544/885); HEASARC xmmssc(5XMM); NWAY eRASSc3 27Jul2026; DR2 UL server erodat; SIMBAD; TNS; ASAS-SN SkyPatrol v2"
new_bright,3eRASS J155747.9-542453,239.4499271458604,-54.414756085931685,0.7322892613845922,327.94240906285853,-0.8552552981265298,,,1316.6312,,0.89813244,,8.3624996e-13,,,,,,,,0.0285343118011951,31.475524963963625,5.884711614875406e+18,0.517829,20.66543,2.074566,-2.5559,1.7025,-8.724,-1.87,2MASS J15574819-5424541,HXB,3.3058077616150383,SIMBAD:HXB,rise bound uses approx eRASS1 sensitivity (empirical 5th pct),IDENTIFIED,2MASS J15574819-5424541 (HXB),"SIMBAD HXB at 3.3""; ART-XC counterpart 2S 1553-542 (HMXB)",False,,,,0.62736404,3058.9924,"services 2026-08-14: CDS X-Match (2RXS J/A+A/588/A103, XMMSL3 IX/71, CSC2.1 IX/70, 2SXPS IX/58, CatWISE II/365, GaiaDR3 var I/358, ART-XC J/A+A/687/A183, MKM J/MNRAS/544/885); HEASARC xmmssc(5XMM); NWAY eRASSc3 27Jul2026; DR2 UL server erodat; SIMBAD; TNS; ASAS-SN SkyPatrol v2"
new_bright,3eRASS J090023.0+214951,135.09601941843613,21.83100993527568,0.8689868527623272,205.30272416014176,37.607936267245705,,,781.67194,,0.89231473,,8.308331e-13,,,,,,,,0.0435482263565063,20.49026577500144,6.851039128570726e+17,3.992566,13.413064,4.399569,157.2686,0.0535,-514.942,-592.253,LP  368-128,PM*,14.990942352149402,SIMBAD:PM*,rise bound uses approx eRASS1 sensitivity (empirical 5th pct),IDENTIFIED,LP  368-128 (PM*),"SIMBAD PM* at 15.0""",False,,,0.030536162,1.1914709e-06,,"services 2026-08-14: CDS X-Match (2RXS J/A+A/588/A103, XMMSL3 IX/71, CSC2.1 IX/70, 2SXPS IX/58, CatWISE II/365, GaiaDR3 var I/358, ART-XC J/A+A/687/A183, MKM J/MNRAS/544/885); HEASARC xmmssc(5XMM); NWAY eRASSc3 27Jul2026; DR2 UL server erodat; SIMBAD; TNS; ASAS-SN SkyPatrol v2"
new_bright,3eRASS J092909.3-024504,142.2889693372582,-2.75113505368429,0.9913206211849768,236.2146608032988,32.8689069434774,,,465.44778,,0.8847133,,8.237554e-13,,,,,,,,0.0435482263565063,20.315713546613964,3.8377463807056384e+18,1.019859,6.948691,1.039395,55.2676,0.0249,138.579,-17.301,* tau01 Hya B,PM*,2.230271497221997,SIMBAD:PM*,rise bound uses approx eRASS1 sensitivity (empirical 5th pct),IDENTIFIED,* tau01 Hya B (PM*),"SIMBAD PM* at 2.2""",False,,,0.9994704,0.96439284,,"services 2026-08-14: CDS X-Match (2RXS J/A+A/588/A103, XMMSL3 IX/71, CSC2.1 IX/70, 2SXPS IX/58, CatWISE II/365, GaiaDR3 var I/358, ART-XC J/A+A/687/A183, MKM J/MNRAS/544/885); HEASARC xmmssc(5XMM); NWAY eRASSc3 27Jul2026; DR2 UL server erodat; SIMBAD; TNS; ASAS-SN SkyPatrol v2"
new_bright,3eRASS J132435.1-194509,201.14651448554773,-19.7525502624014,0.8418278006338068,313.52330299965195,42.436469522306304,,,1263.6088,,0.8676963,,8.079109e-13,,,,,,,,0.0285343118011951,30.408873754980828,3.506736004277203e+18,2.467626,17.016674,1.396132,-1.0887,0.2541,1.662,0.025,2MASX J13243528-1945114,Sy2,2.450150505812532,SIMBAD:Sy2,rise bound uses approx eRASS1 sensitivity (empirical 5th pct),IDENTIFIED,2MASX J13243528-1945114 (Sy2),"SIMBAD Sy2 at 2.5""",False,,,0.83119774,0.99301636,53.237335,"services 2026-08-14: CDS X-Match (2RXS J/A+A/588/A103, XMMSL3 IX/71, CSC2.1 IX/70, 2SXPS IX/58, CatWISE II/365, GaiaDR3 var I/358, ART-XC J/A+A/687/A183, MKM J/MNRAS/544/885); HEASARC xmmssc(5XMM); NWAY eRASSc3 27Jul2026; DR2 UL server erodat; SIMBAD; TNS; ASAS-SN SkyPatrol v2"
new_bright,3eRASS J083821.2+241036,129.58850789113032,24.176896421921214,1.0575561358880698,200.6490823068887,33.49955211056172,,,669.0518,,0.846459,,7.8813686e-13,,,,,,,,0.0435482263565063,19.4372777566389,6.665065326674889e+17,0.395506,18.117598,1.164425,0.2824,0.207,0.013,-0.687,2MASX J08382122+2410367,Sy1,0.3902891940571427,SIMBAD:Sy1,rise bound uses approx eRASS1 sensitivity (empirical 5th pct),IDENTIFIED,2MASX J08382122+2410367 (Sy1),"SIMBAD Sy1 at 0.4""",False,,,0.9988763,0.99945855,,"services 2026-08-14: CDS X-Match (2RXS J/A+A/588/A103, XMMSL3 IX/71, CSC2.1 IX/70, 2SXPS IX/58, CatWISE II/365, GaiaDR3 var I/358, ART-XC J/A+A/687/A183, MKM J/MNRAS/544/885); HEASARC xmmssc(5XMM); NWAY eRASSc3 27Jul2026; DR2 UL server erodat; SIMBAD; TNS; ASAS-SN SkyPatrol v2"
new_bright,3eRASS J155517.1-232216,238.8213449885216,-23.371199848158057,0.871496042287436,348.6299073987619,22.76933754952637,,,917.7872,,0.8402362,,7.8234283e-13,,,,,,,,0.0336264856159687,24.987332800017192,6.237252529183461e+18,1.65616,13.470051,2.83685,8.0817,0.0472,-18.582,-28.253,ScoPMS   8b,TT*,1.2187511627179857,SIMBAD:TT*,rise bound uses approx eRASS1 sensitivity (empirical 5th pct),IDENTIFIED,ScoPMS   8b (TT*),"SIMBAD TT* at 1.2""",False,,,0.99965537,0.9911974,,"services 2026-08-14: CDS X-Match (2RXS J/A+A/588/A103, XMMSL3 IX/71, CSC2.1 IX/70, 2SXPS IX/58, CatWISE II/365, GaiaDR3 var I/358, ART-XC J/A+A/687/A183, MKM J/MNRAS/544/885); HEASARC xmmssc(5XMM); NWAY eRASSc3 27Jul2026; DR2 UL server erodat; SIMBAD; TNS; ASAS-SN SkyPatrol v2"
new_bright,3eRASS J205101.0-743003,312.7545122549176,-74.50101300966952,0.7788231291387301,319.1416086442926,-33.913207578775264,,,1228.2601,,0.8325169,,7.7515544e-13,,,,,,,,0.0336264856159687,24.757773326460267,6.370061714064936e+18,0.68642,20.086287,0.988497,,,,,,,,optical-faint?,rise bound uses approx eRASS1 sensitivity (empirical 5th pct),PLAUSIBLE-CLASS,"star-like counterpart, class open","CatWISE W1-W2=0.23099999999999987 at 0.7""; prior X-ray: none",False,,,0.8134614,0.9343246,18.794067,"services 2026-08-14: CDS X-Match (2RXS J/A+A/588/A103, XMMSL3 IX/71, CSC2.1 IX/70, 2SXPS IX/58, CatWISE II/365, GaiaDR3 var I/358, ART-XC J/A+A/687/A183, MKM J/MNRAS/544/885); HEASARC xmmssc(5XMM); NWAY eRASSc3 27Jul2026; DR2 UL server erodat; SIMBAD; TNS; ASAS-SN SkyPatrol v2"
new_bright,3eRASS J024510.8-434441,41.29524037548752,-43.74489566384688,0.7331725027494148,256.36758088113555,-61.723121393982765,,,917.92474,,0.7775874,,7.2401064e-13,,,,,,,,0.0236160513013601,32.92622478945317,4.947513157730843e+18,3.50669,11.048344,2.780833,90.1772,0.025,32.032,-387.798,LP  993-115,PM*,9.695030910967205,SIMBAD:PM*,rise bound uses approx eRASS1 sensitivity (empirical 5th pct),IDENTIFIED,LP  993-115 (PM*),"SIMBAD PM* at 9.7""",False,,,0.082991,0.16862929,,"services 2026-08-14: CDS X-Match (2RXS J/A+A/588/A103, XMMSL3 IX/71, CSC2.1 IX/70, 2SXPS IX/58, CatWISE II/365, GaiaDR3 var I/358, ART-XC J/A+A/687/A183, MKM J/MNRAS/544/885); HEASARC xmmssc(5XMM); NWAY eRASSc3 27Jul2026; DR2 UL server erodat; SIMBAD; TNS; ASAS-SN SkyPatrol v2"
new_bright,3eRASS J064957.1+281418,102.48830498786604,28.23843443921123,1.000722405505806,187.247145627063,12.161368072312133,,,377.08575,,0.76943237,,7.164175e-13,,,,,,,,0.0435482263565063,17.66851213630105,3.385565184333443e+18,0.618321,17.474249,0.89719,0.1802,0.105,0.237,0.033,2MASS J06495716+2814178,AG?,0.6208672943871294,SIMBAD:AG?,rise bound uses approx eRASS1 sensitivity (empirical 5th pct),IDENTIFIED,2MASS J06495716+2814178 (AG?),"SIMBAD AG? at 0.6""",False,,,0.9998895,0.99988085,18.32833,"services 2026-08-14: CDS X-Match (2RXS J/A+A/588/A103, XMMSL3 IX/71, CSC2.1 IX/70, 2SXPS IX/58, CatWISE II/365, GaiaDR3 var I/358, ART-XC J/A+A/687/A183, MKM J/MNRAS/544/885); HEASARC xmmssc(5XMM); NWAY eRASSc3 27Jul2026; DR2 UL server erodat; SIMBAD; TNS; ASAS-SN SkyPatrol v2"
new_bright,3eRASS J072919.2+081501,112.33029138646238,8.250321788063694,1.3608998623550048,209.79732448863007,12.143478294388595,,,614.17444,,0.7624628,,7.0992816e-13,,,,,,,,0.0435482263565063,17.50846954222316,3.14327507975482e+18,0.59133,19.113914,0.251434,0.4388,0.2837,-1.015,-9.085,,,,Galactic-star/CV?,rise bound uses approx eRASS1 sensitivity (empirical 5th pct),PLAUSIBLE-CLASS,"star-like counterpart, class open","CatWISE W1-W2=0.2940000000000005 at 0.4""; prior X-ray: 2rxs,2sxps",False,,,0.9864454,0.88101965,,"services 2026-08-14: CDS X-Match (2RXS J/A+A/588/A103, XMMSL3 IX/71, CSC2.1 IX/70, 2SXPS IX/58, CatWISE II/365, GaiaDR3 var I/358, ART-XC J/A+A/687/A183, MKM J/MNRAS/544/885); HEASARC xmmssc(5XMM); NWAY eRASSc3 27Jul2026; DR2 UL server erodat; SIMBAD; TNS; ASAS-SN SkyPatrol v2"
new_bright,3eRASS J091529.5-690509,138.87303358329106,-69.08584112546575,0.5684571212679026,285.63205779603385,-13.835958892653313,,,2684.7285,,0.72284776,,6.730426e-13,,,,,,,,0.014071837067604,51.368400319798376,5.222920479527658e+18,0.992234,13.127179,2.741952,1.6445,0.0572,14.222,-1.66,UPM J0915-6905,PM*,2.204363740977488,SIMBAD:PM*,rise bound uses approx eRASS1 sensitivity (empirical 5th pct),IDENTIFIED,UPM J0915-6905 (PM*),"SIMBAD PM* at 2.2""",False,,,0.9971153,0.99715424,13.3010845,"services 2026-08-14: CDS X-Match (2RXS J/A+A/588/A103, XMMSL3 IX/71, CSC2.1 IX/70, 2SXPS IX/58, CatWISE II/365, GaiaDR3 var I/358, ART-XC J/A+A/687/A183, MKM J/MNRAS/544/885); HEASARC xmmssc(5XMM); NWAY eRASSc3 27Jul2026; DR2 UL server erodat; SIMBAD; TNS; ASAS-SN SkyPatrol v2"
vanished_full,1eRASS J053427.4-623926,83.61435899449728,-62.65729685909504,2.351799,,,,,,115.795044,,0.07005976,,6.5232555e-14,,,,,,,,,,,,,,,,,,,,,,ARTIFACT,absorbed into extended source,"UL presence 5.46; bright-neighbor sep nan""",False,ARTIFACT-EXTENDED,5.456872895307688,,,,"services 2026-08-14: CDS X-Match (2RXS J/A+A/588/A103, XMMSL3 IX/71, CSC2.1 IX/70, 2SXPS IX/58, CatWISE II/365, GaiaDR3 var I/358, ART-XC J/A+A/687/A183, MKM J/MNRAS/544/885); HEASARC xmmssc(5XMM); NWAY eRASSc3 27Jul2026; DR2 UL server erodat; SIMBAD; TNS; ASAS-SN SkyPatrol v2"
vanished_full,1eRASS J051754.0-583537,79.47526098274481,-58.59370607100254,1.9336582,,,,,,113.07298,,0.11604563,,1.0804994e-13,,,,,,,,,,,,,,,,,,,,,,ARTIFACT,absorbed into extended source,"UL presence 4.67; bright-neighbor sep nan""",False,ARTIFACT-EXTENDED,4.665365006787726,,,,"services 2026-08-14: CDS X-Match (2RXS J/A+A/588/A103, XMMSL3 IX/71, CSC2.1 IX/70, 2SXPS IX/58, CatWISE II/365, GaiaDR3 var I/358, ART-XC J/A+A/687/A183, MKM J/MNRAS/544/885); HEASARC xmmssc(5XMM); NWAY eRASSc3 27Jul2026; DR2 UL server erodat; SIMBAD; TNS; ASAS-SN SkyPatrol v2"
vanished_full,1eRASS J064759.4-441943,101.99780213470864,-44.3288636268597,2.049129,,,,,,112.78058,,0.2616612,,2.436324e-13,,,,,,,,,,,,,,,,,,,,,,PLAUSIBLE-CLASS,active-star coronal variability,"bright IR star W1=9.46 at 2.4"" (TIC/stellar_main; ASAS-SN steady 13.9); prior X-ray: 5XMM J064759.5-441941 3.0"" F(0.2-12)=2.7e-13 + 2SXPS 2.1"" 0.014 ct/s -> persistent corona; eRASS1 caught high state, stack diluted",True,FADE-CANDIDATE,1.0248805045994986,,,,"services 2026-08-14: CDS X-Match (2RXS J/A+A/588/A103, XMMSL3 IX/71, CSC2.1 IX/70, 2SXPS IX/58, CatWISE II/365, GaiaDR3 var I/358, ART-XC J/A+A/687/A183, MKM J/MNRAS/544/885); HEASARC xmmssc(5XMM); NWAY eRASSc3 27Jul2026; DR2 UL server erodat; SIMBAD; TNS; ASAS-SN SkyPatrol v2"
vanished_full,1eRASS J045545.0-683951,73.93758957836019,-68.66442152863584,2.7859385,,,,,,106.77171,,0.13260984,,1.2347286e-13,,,,,,,,,,,,,,,,,,,,,,ARTIFACT,erbox confusion dropout (paper Sect. 3.2.5),"UL presence 8.33; bright-neighbor sep 27.66466218477484""",False,ARTIFACT-CONFUSION,8.32586166231419,,,,"services 2026-08-14: CDS X-Match (2RXS J/A+A/588/A103, XMMSL3 IX/71, CSC2.1 IX/70, 2SXPS IX/58, CatWISE II/365, GaiaDR3 var I/358, ART-XC J/A+A/687/A183, MKM J/MNRAS/544/885); HEASARC xmmssc(5XMM); NWAY eRASSc3 27Jul2026; DR2 UL server erodat; SIMBAD; TNS; ASAS-SN SkyPatrol v2"
vanished_full,1eRASS J024930.1-274958,42.37552600280996,-27.833048504121045,2.0776756,,,,,,106.33517,,0.23231986,,2.1631273e-13,,,,,,,,,,,,,,,,,,,,,,PLAUSIBLE-CLASS,nuclear transient candidate in a GLADE galaxy,"GLADE/HyperLEDA galaxy 6.0"" (ASAS-SN blend shows excursions to -1 mag); no prior X-ray; stack blank (presence 1.07); TNS 60"" empty; DR1 POS_ERR makes 6"" association plausible but unproven. CONFIRM: host spectrum, better X-ray position",True,FADE-CANDIDATE,1.0697109237606266,,,,"services 2026-08-14: CDS X-Match (2RXS J/A+A/588/A103, XMMSL3 IX/71, CSC2.1 IX/70, 2SXPS IX/58, CatWISE II/365, GaiaDR3 var I/358, ART-XC J/A+A/687/A183, MKM J/MNRAS/544/885); HEASARC xmmssc(5XMM); NWAY eRASSc3 27Jul2026; DR2 UL server erodat; SIMBAD; TNS; ASAS-SN SkyPatrol v2"
vanished_full,1eRASS J121547.0-173140,183.9459016611428,-17.527785127200293,1.9143797,,,,,,104.690445,,0.44072825,,4.103615e-13,,,,,,,,,,,,,,,,,,,,,,PLAUSIBLE-CLASS,"real fader, counterpart ambiguous (prior Swift detection)","2SXPS detection 7.5"" (0.039 ct/s) -> was X-ray active before; ASAS-SN Mira-like variable 6.6"" (V 8.9-11.3); Gaia classifier AGN 0.24 nearby; stack blank (presence 1.15); association unresolved at eRASS1 POS_ERR",True,FADE-CANDIDATE,1.1510727576898387,,,,"services 2026-08-14: CDS X-Match (2RXS J/A+A/588/A103, XMMSL3 IX/71, CSC2.1 IX/70, 2SXPS IX/58, CatWISE II/365, GaiaDR3 var I/358, ART-XC J/A+A/687/A183, MKM J/MNRAS/544/885); HEASARC xmmssc(5XMM); NWAY eRASSc3 27Jul2026; DR2 UL server erodat; SIMBAD; TNS; ASAS-SN SkyPatrol v2"
vanished_full,1eRASS J060753.0-670524,91.9712452479053,-67.0901251026576,1.7862,,,,,,103.954056,,0.015909668,,1.4813471e-14,,,,,,,,,,,,,,,,,,,,,,ARTIFACT,erbox confusion dropout (paper Sect. 3.2.5),"UL presence 1.53; bright-neighbor sep 42.28603465251088""",False,ARTIFACT-CONFUSION,1.528250962181653,,,,"services 2026-08-14: CDS X-Match (2RXS J/A+A/588/A103, XMMSL3 IX/71, CSC2.1 IX/70, 2SXPS IX/58, CatWISE II/365, GaiaDR3 var I/358, ART-XC J/A+A/687/A183, MKM J/MNRAS/544/885); HEASARC xmmssc(5XMM); NWAY eRASSc3 27Jul2026; DR2 UL server erodat; SIMBAD; TNS; ASAS-SN SkyPatrol v2"
vanished_full,1eRASS J110450.9-762524,166.2123558337007,-76.42360511880531,1.7434614,,,,,,102.393,,0.26616353,,2.4782452e-13,,,,,,,,,,,,,,,,,,,,,,ARTIFACT,erbox confusion dropout (paper Sect. 3.2.5),"UL presence 7.47; bright-neighbor sep 23.597326657693053""",False,ARTIFACT-CONFUSION,7.470082683353617,,,,"services 2026-08-14: CDS X-Match (2RXS J/A+A/588/A103, XMMSL3 IX/71, CSC2.1 IX/70, 2SXPS IX/58, CatWISE II/365, GaiaDR3 var I/358, ART-XC J/A+A/687/A183, MKM J/MNRAS/544/885); HEASARC xmmssc(5XMM); NWAY eRASSc3 27Jul2026; DR2 UL server erodat; SIMBAD; TNS; ASAS-SN SkyPatrol v2"
vanished_full,1eRASS J054351.5-654739,85.96459539873919,-65.79440540654224,1.7027339,,,,,,99.43866,,0.022468798,,2.0920669e-14,,,,,,,,,,,,,,,,,,,,,,PLAUSIBLE-CLASS,unclassified real fader (blank counterpart),position blank in stack (UL presence 1.03); no archival X-ray; counterpart faint/absent - XRB/CV/AGN flare all open,False,FADE-CANDIDATE,1.0267269397747514,,,,"services 2026-08-14: CDS X-Match (2RXS J/A+A/588/A103, XMMSL3 IX/71, CSC2.1 IX/70, 2SXPS IX/58, CatWISE II/365, GaiaDR3 var I/358, ART-XC J/A+A/687/A183, MKM J/MNRAS/544/885); HEASARC xmmssc(5XMM); NWAY eRASSc3 27Jul2026; DR2 UL server erodat; SIMBAD; TNS; ASAS-SN SkyPatrol v2"
vanished_full,1eRASS J011222.6-281630,18.09437737770509,-28.27503368780116,1.9371903,,,,,,98.525955,,0.40020803,,3.7263319e-13,,,,,,,,,,,,,,,,,,,,,,ARTIFACT,erbox confusion dropout (paper Sect. 3.2.5),"UL presence 3.34; bright-neighbor sep 31.1802590292005""",False,ARTIFACT-CONFUSION,3.337371806831082,,,,"services 2026-08-14: CDS X-Match (2RXS J/A+A/588/A103, XMMSL3 IX/71, CSC2.1 IX/70, 2SXPS IX/58, CatWISE II/365, GaiaDR3 var I/358, ART-XC J/A+A/687/A183, MKM J/MNRAS/544/885); HEASARC xmmssc(5XMM); NWAY eRASSc3 27Jul2026; DR2 UL server erodat; SIMBAD; TNS; ASAS-SN SkyPatrol v2"
vanished_full,1eRASS J043215.0-692624,68.06272088061927,-69.44023872724033,2.0576136,,,,,,95.370255,,0.13360265,,1.2439725e-13,,,,,,,,,,,,,,,,,,,,,,ARTIFACT,absorbed into extended source,"UL presence 3.72; bright-neighbor sep nan""",False,ARTIFACT-EXTENDED,3.721924266139109,,,,"services 2026-08-14: CDS X-Match (2RXS J/A+A/588/A103, XMMSL3 IX/71, CSC2.1 IX/70, 2SXPS IX/58, CatWISE II/365, GaiaDR3 var I/358, ART-XC J/A+A/687/A183, MKM J/MNRAS/544/885); HEASARC xmmssc(5XMM); NWAY eRASSc3 27Jul2026; DR2 UL server erodat; SIMBAD; TNS; ASAS-SN SkyPatrol v2"
vanished_full,1eRASS J085701.0-760307,134.25452651938895,-76.05221562654444,1.706219,,,,,,94.92977,,0.111138344,,1.0348077e-13,,,,,,,,,,,,,,,,,,,,,,PLAUSIBLE-CLASS,unclassified real fader (blank counterpart),position blank in stack (UL presence 1.12); no archival X-ray; counterpart faint/absent - XRB/CV/AGN flare all open,False,FADE-CANDIDATE,1.120873096832626,,,,"services 2026-08-14: CDS X-Match (2RXS J/A+A/588/A103, XMMSL3 IX/71, CSC2.1 IX/70, 2SXPS IX/58, CatWISE II/365, GaiaDR3 var I/358, ART-XC J/A+A/687/A183, MKM J/MNRAS/544/885); HEASARC xmmssc(5XMM); NWAY eRASSc3 27Jul2026; DR2 UL server erodat; SIMBAD; TNS; ASAS-SN SkyPatrol v2"
vanished_full,1eRASS J070652.7-622111,106.71997728782866,-62.35331593289367,1.8252898,,,,,,90.8753,,0.090461805,,8.422887e-14,,,,,,,,,,,,,,,,,,,,,,ARTIFACT,bright source within ~PSF: identity confused,"UL presence 1.37; bright-neighbor sep 39.90937790663767""",False,CONFUSED-IDENTITY,1.3746357261273603,,,,"services 2026-08-14: CDS X-Match (2RXS J/A+A/588/A103, XMMSL3 IX/71, CSC2.1 IX/70, 2SXPS IX/58, CatWISE II/365, GaiaDR3 var I/358, ART-XC J/A+A/687/A183, MKM J/MNRAS/544/885); HEASARC xmmssc(5XMM); NWAY eRASSc3 27Jul2026; DR2 UL server erodat; SIMBAD; TNS; ASAS-SN SkyPatrol v2"
vanished_full,1eRASS J155518.5-232210,238.82745632295035,-23.369720875707017,2.1194146,,,,,,88.88309,,0.38913387,,3.6232204e-13,,,,,,,,,,,,,,,,,,,,,,ARTIFACT,erbox confusion dropout (paper Sect. 3.2.5),"UL presence 4.43; bright-neighbor sep 20.88588519538261""",False,ARTIFACT-CONFUSION,4.430134273550974,,,,"services 2026-08-14: CDS X-Match (2RXS J/A+A/588/A103, XMMSL3 IX/71, CSC2.1 IX/70, 2SXPS IX/58, CatWISE II/365, GaiaDR3 var I/358, ART-XC J/A+A/687/A183, MKM J/MNRAS/544/885); HEASARC xmmssc(5XMM); NWAY eRASSc3 27Jul2026; DR2 UL server erodat; SIMBAD; TNS; ASAS-SN SkyPatrol v2"
vanished_full,1eRASS J051114.8-592056,77.8119565171076,-59.34891091324298,2.062905,,,,,,83.541565,,0.05430574,,5.0564004e-14,,,,,,,,,,,,,,,,,,,,,,PLAUSIBLE-CLASS,unclassified real fader (blank counterpart),position blank in stack (UL presence 1.01); no archival X-ray; counterpart faint/absent - XRB/CV/AGN flare all open,False,FADE-CANDIDATE,1.0145711372363542,,,,"services 2026-08-14: CDS X-Match (2RXS J/A+A/588/A103, XMMSL3 IX/71, CSC2.1 IX/70, 2SXPS IX/58, CatWISE II/365, GaiaDR3 var I/358, ART-XC J/A+A/687/A183, MKM J/MNRAS/544/885); HEASARC xmmssc(5XMM); NWAY eRASSc3 27Jul2026; DR2 UL server erodat; SIMBAD; TNS; ASAS-SN SkyPatrol v2"
vanished_full,1eRASS J055855.6-665204,89.73175394466855,-66.86784856559628,1.5737838,,,,,,81.053314,,0.00637704,,5.937654e-15,,,,,,,,,,,,,,,,,,,,,,PLAUSIBLE-CLASS,AGN fader (high-amplitude X-ray variability),CatWISE W1-W2=0.8049999999999997; Gaia classifier nan nan; stack blank (presence 1.20),False,FADE-CANDIDATE,1.201569975598449,,,,"services 2026-08-14: CDS X-Match (2RXS J/A+A/588/A103, XMMSL3 IX/71, CSC2.1 IX/70, 2SXPS IX/58, CatWISE II/365, GaiaDR3 var I/358, ART-XC J/A+A/687/A183, MKM J/MNRAS/544/885); HEASARC xmmssc(5XMM); NWAY eRASSc3 27Jul2026; DR2 UL server erodat; SIMBAD; TNS; ASAS-SN SkyPatrol v2"
vanished_full,1eRASS J062417.1-711335,96.07164416406653,-71.22642982549772,2.0494723,,,,,,77.83656,,0.041853506,,3.8969746e-14,,,,,,,,,,,,,,,,,,,,,,ARTIFACT,erbox confusion dropout (paper Sect. 3.2.5),"UL presence 1.59; bright-neighbor sep 29.849085131048103""",False,ARTIFACT-CONFUSION,1.5920457398419994,,,,"services 2026-08-14: CDS X-Match (2RXS J/A+A/588/A103, XMMSL3 IX/71, CSC2.1 IX/70, 2SXPS IX/58, CatWISE II/365, GaiaDR3 var I/358, ART-XC J/A+A/687/A183, MKM J/MNRAS/544/885); HEASARC xmmssc(5XMM); NWAY eRASSc3 27Jul2026; DR2 UL server erodat; SIMBAD; TNS; ASAS-SN SkyPatrol v2"
vanished_full,1eRASS J055024.4-682418,87.60197945778121,-68.40526929487733,3.465258,,,,,,75.8064,,0.04475967,,4.167567e-14,,,,,,,,,,,,,,,,,,,,,,ARTIFACT,erbox confusion dropout (paper Sect. 3.2.5),"UL presence 1.88; bright-neighbor sep 58.31994446063895""",False,ARTIFACT-CONFUSION,1.877575621216844,,,,"services 2026-08-14: CDS X-Match (2RXS J/A+A/588/A103, XMMSL3 IX/71, CSC2.1 IX/70, 2SXPS IX/58, CatWISE II/365, GaiaDR3 var I/358, ART-XC J/A+A/687/A183, MKM J/MNRAS/544/885); HEASARC xmmssc(5XMM); NWAY eRASSc3 27Jul2026; DR2 UL server erodat; SIMBAD; TNS; ASAS-SN SkyPatrol v2"
vanished_full,1eRASS J042227.4-634840,65.61454949204767,-63.81114611415591,2.5675569,,,,,,74.63561,,0.0910378,,8.476518e-14,,,,,,,,,,,,,,,,,,,,,,ARTIFACT,absorbed into extended source,"UL presence 2.75; bright-neighbor sep nan""",False,ARTIFACT-EXTENDED,2.7515839502162653,,,,"services 2026-08-14: CDS X-Match (2RXS J/A+A/588/A103, XMMSL3 IX/71, CSC2.1 IX/70, 2SXPS IX/58, CatWISE II/365, GaiaDR3 var I/358, ART-XC J/A+A/687/A183, MKM J/MNRAS/544/885); HEASARC xmmssc(5XMM); NWAY eRASSc3 27Jul2026; DR2 UL server erodat; SIMBAD; TNS; ASAS-SN SkyPatrol v2"
vanished_full,1eRASS J042014.0-512647,65.05852168845458,-51.44646021266155,1.5629152,,,,,,74.2176,,0.17700733,,1.6481131e-13,,,,,,,,,,,,,,,,,,,,,,ARTIFACT,"DR2 source within 15"" (crosswalk miss)","UL presence 7.27; bright-neighbor sep nan""",False,ARTIFACT-SPLIT/MOVED,7.272831979565784,,,,"services 2026-08-14: CDS X-Match (2RXS J/A+A/588/A103, XMMSL3 IX/71, CSC2.1 IX/70, 2SXPS IX/58, CatWISE II/365, GaiaDR3 var I/358, ART-XC J/A+A/687/A183, MKM J/MNRAS/544/885); HEASARC xmmssc(5XMM); NWAY eRASSc3 27Jul2026; DR2 UL server erodat; SIMBAD; TNS; ASAS-SN SkyPatrol v2"
vanished_full,1eRASS J044439.9-594134,71.16632106550313,-59.69294520069152,1.8609202,,,,,,74.10602,,0.05766943,,5.3695933e-14,,,,,,,,,,,,,,,,,,,,,,ARTIFACT,erbox confusion dropout (paper Sect. 3.2.5),"UL presence 1.56; bright-neighbor sep 36.56910170655915""",False,ARTIFACT-CONFUSION,1.5608555442468175,,,,"services 2026-08-14: CDS X-Match (2RXS J/A+A/588/A103, XMMSL3 IX/71, CSC2.1 IX/70, 2SXPS IX/58, CatWISE II/365, GaiaDR3 var I/358, ART-XC J/A+A/687/A183, MKM J/MNRAS/544/885); HEASARC xmmssc(5XMM); NWAY eRASSc3 27Jul2026; DR2 UL server erodat; SIMBAD; TNS; ASAS-SN SkyPatrol v2"
vanished_full,1eRASS J053732.2-663013,84.3844998306501,-66.50364141191811,1.7180094,,,,,,72.11193,,0.024750229,,2.3044907e-14,,,,,,,,,,,,,,,,,,,,,,ARTIFACT,bright source within ~PSF: identity confused,"UL presence 1.35; bright-neighbor sep 39.91299866638492""",False,CONFUSED-IDENTITY,1.34719042967029,,,,"services 2026-08-14: CDS X-Match (2RXS J/A+A/588/A103, XMMSL3 IX/71, CSC2.1 IX/70, 2SXPS IX/58, CatWISE II/365, GaiaDR3 var I/358, ART-XC J/A+A/687/A183, MKM J/MNRAS/544/885); HEASARC xmmssc(5XMM); NWAY eRASSc3 27Jul2026; DR2 UL server erodat; SIMBAD; TNS; ASAS-SN SkyPatrol v2"
vanished_full,1eRASS J060317.3-675951,90.82238040109684,-67.99769401746899,2.2165167,,,,,,71.11842,,0.016508695,,1.5371224e-14,,,,,,,,,,,,,,,,,,,,,,PLAUSIBLE-CLASS,unclassified real fader (blank counterpart),position blank in stack (UL presence 1.01); no archival X-ray; counterpart faint/absent - XRB/CV/AGN flare all open,False,FADE-CANDIDATE,1.0117646960065343,,,,"services 2026-08-14: CDS X-Match (2RXS J/A+A/588/A103, XMMSL3 IX/71, CSC2.1 IX/70, 2SXPS IX/58, CatWISE II/365, GaiaDR3 var I/358, ART-XC J/A+A/687/A183, MKM J/MNRAS/544/885); HEASARC xmmssc(5XMM); NWAY eRASSc3 27Jul2026; DR2 UL server erodat; SIMBAD; TNS; ASAS-SN SkyPatrol v2"
vanished_full,1eRASS J044423.9-335553,71.09959408790638,-33.931538164223035,2.2286913,,,,,,70.60738,,0.17513305,,1.6306616e-13,,,,,,,,,,,,,,,,,,,,,,PLAUSIBLE-CLASS,unclassified real fader (blank counterpart),position blank in stack (UL presence 1.04); no archival X-ray; counterpart faint/absent - XRB/CV/AGN flare all open,False,FADE-CANDIDATE,1.0392365273622657,,,,"services 2026-08-14: CDS X-Match (2RXS J/A+A/588/A103, XMMSL3 IX/71, CSC2.1 IX/70, 2SXPS IX/58, CatWISE II/365, GaiaDR3 var I/358, ART-XC J/A+A/687/A183, MKM J/MNRAS/544/885); HEASARC xmmssc(5XMM); NWAY eRASSc3 27Jul2026; DR2 UL server erodat; SIMBAD; TNS; ASAS-SN SkyPatrol v2"
vanished_full,1eRASS J145727.7-212510,224.36563256557648,-21.41971552553706,2.1230173,,,,,,69.96965,,0.43407136,,4.041633e-13,,,,,,,,,,,,,,,,,,,,,,ARTIFACT,erbox confusion dropout (paper Sect. 3.2.5),"UL presence 9.61; bright-neighbor sep 16.808126106011503""",False,ARTIFACT-CONFUSION,9.611962872177225,,,,"services 2026-08-14: CDS X-Match (2RXS J/A+A/588/A103, XMMSL3 IX/71, CSC2.1 IX/70, 2SXPS IX/58, CatWISE II/365, GaiaDR3 var I/358, ART-XC J/A+A/687/A183, MKM J/MNRAS/544/885); HEASARC xmmssc(5XMM); NWAY eRASSc3 27Jul2026; DR2 UL server erodat; SIMBAD; TNS; ASAS-SN SkyPatrol v2"
vanished_full,1eRASS J004058.4-442918,10.243731593962629,-44.48843697774522,2.4688303,,,,,,66.100044,,0.3812205,,3.549539e-13,,,,,,,,,,,,,,,,,,,,,,ARTIFACT,"DR2 source within 15"" (crosswalk miss)","UL presence 2.81; bright-neighbor sep nan""",False,ARTIFACT-SPLIT/MOVED,2.813004420999728,,,,"services 2026-08-14: CDS X-Match (2RXS J/A+A/588/A103, XMMSL3 IX/71, CSC2.1 IX/70, 2SXPS IX/58, CatWISE II/365, GaiaDR3 var I/358, ART-XC J/A+A/687/A183, MKM J/MNRAS/544/885); HEASARC xmmssc(5XMM); NWAY eRASSc3 27Jul2026; DR2 UL server erodat; SIMBAD; TNS; ASAS-SN SkyPatrol v2"
vanished_full,1eRASS J034806.4-244936,57.02673750566063,-24.82678750910253,2.13751,,,,,,65.784676,,0.20276345,,1.8879279e-13,,,,,,,,,,,,,,,,,,,,,,ARTIFACT,erbox confusion dropout (paper Sect. 3.2.5),"UL presence 2.22; bright-neighbor sep 33.198025254526264""",False,ARTIFACT-CONFUSION,2.2172682435378577,,,,"services 2026-08-14: CDS X-Match (2RXS J/A+A/588/A103, XMMSL3 IX/71, CSC2.1 IX/70, 2SXPS IX/58, CatWISE II/365, GaiaDR3 var I/358, ART-XC J/A+A/687/A183, MKM J/MNRAS/544/885); HEASARC xmmssc(5XMM); NWAY eRASSc3 27Jul2026; DR2 UL server erodat; SIMBAD; TNS; ASAS-SN SkyPatrol v2"
vanished_full,1eRASS J054054.4-625047,85.22699673226421,-62.846459832710174,2.966951,,,,,,65.51721,,0.05208473,,4.8496024e-14,,,,,,,,,,,,,,,,,,,,,,ARTIFACT,erbox confusion dropout (paper Sect. 3.2.5),"UL presence 4.36; bright-neighbor sep 107.88186325652492""",False,ARTIFACT-CONFUSION,4.363231031521121,,,,"services 2026-08-14: CDS X-Match (2RXS J/A+A/588/A103, XMMSL3 IX/71, CSC2.1 IX/70, 2SXPS IX/58, CatWISE II/365, GaiaDR3 var I/358, ART-XC J/A+A/687/A183, MKM J/MNRAS/544/885); HEASARC xmmssc(5XMM); NWAY eRASSc3 27Jul2026; DR2 UL server erodat; SIMBAD; TNS; ASAS-SN SkyPatrol v2"
vanished_full,1eRASS J052427.0-544401,81.1125847742874,-54.73368783606233,3.4226341,,,,,,64.55122,,0.072796896,,6.7781094e-14,,,,,,,,,,,,,,,,,,,,,,ARTIFACT,absorbed into extended source,"UL presence 1.62; bright-neighbor sep nan""",False,ARTIFACT-EXTENDED,1.6249834957167522,,,,"services 2026-08-14: CDS X-Match (2RXS J/A+A/588/A103, XMMSL3 IX/71, CSC2.1 IX/70, 2SXPS IX/58, CatWISE II/365, GaiaDR3 var I/358, ART-XC J/A+A/687/A183, MKM J/MNRAS/544/885); HEASARC xmmssc(5XMM); NWAY eRASSc3 27Jul2026; DR2 UL server erodat; SIMBAD; TNS; ASAS-SN SkyPatrol v2"
vanished_full,1eRASS J084215.3-702500,130.5638478778852,-70.41675617332815,2.52004,,,,,,64.26796,,0.068194166,,6.34955e-14,,,,,,,,,,,,,,,,,,,,,,PLAUSIBLE-CLASS,AGN fader (high-amplitude X-ray variability),CatWISE W1-W2=0.8170000000000002; Gaia classifier nan nan; stack blank (presence 1.01),False,FADE-CANDIDATE,1.0099585443734362,,,,"services 2026-08-14: CDS X-Match (2RXS J/A+A/588/A103, XMMSL3 IX/71, CSC2.1 IX/70, 2SXPS IX/58, CatWISE II/365, GaiaDR3 var I/358, ART-XC J/A+A/687/A183, MKM J/MNRAS/544/885); HEASARC xmmssc(5XMM); NWAY eRASSc3 27Jul2026; DR2 UL server erodat; SIMBAD; TNS; ASAS-SN SkyPatrol v2"
vanished_full,1eRASS J071432.7-704355,108.63649641813652,-70.73218610363838,2.0535598,,,,,,63.221428,,0.03614086,,3.3650708e-14,,,,,,,,,,,,,,,,,,,,,,PLAUSIBLE-CLASS,unclassified real fader (blank counterpart),position blank in stack (UL presence 1.01); no archival X-ray; counterpart faint/absent - XRB/CV/AGN flare all open,False,FADE-CANDIDATE,1.011477246869503,,,,"services 2026-08-14: CDS X-Match (2RXS J/A+A/588/A103, XMMSL3 IX/71, CSC2.1 IX/70, 2SXPS IX/58, CatWISE II/365, GaiaDR3 var I/358, ART-XC J/A+A/687/A183, MKM J/MNRAS/544/885); HEASARC xmmssc(5XMM); NWAY eRASSc3 27Jul2026; DR2 UL server erodat; SIMBAD; TNS; ASAS-SN SkyPatrol v2"
vanished_full,1eRASS J062127.7-671207,95.36567614426338,-67.20195643156956,1.8717093,,,,,,62.71705,,0.017258756,,1.6069606e-14,,,,,,,,,,,,,,,,,,,,,,PLAUSIBLE-CLASS,unclassified real fader (blank counterpart),position blank in stack (UL presence 1.02); no archival X-ray; counterpart faint/absent - XRB/CV/AGN flare all open,False,FADE-CANDIDATE,1.0198093529799583,,,,"services 2026-08-14: CDS X-Match (2RXS J/A+A/588/A103, XMMSL3 IX/71, CSC2.1 IX/70, 2SXPS IX/58, CatWISE II/365, GaiaDR3 var I/358, ART-XC J/A+A/687/A183, MKM J/MNRAS/544/885); HEASARC xmmssc(5XMM); NWAY eRASSc3 27Jul2026; DR2 UL server erodat; SIMBAD; TNS; ASAS-SN SkyPatrol v2"
vanished_full,1eRASS J060437.7-665131,91.15714555390618,-66.85873609785551,1.762277,,,,,,60.719227,,0.008747648,,8.144924e-15,,,,,,,,,,,,,,,,,,,,,,PLAUSIBLE-CLASS,AGN fader (high-amplitude X-ray variability),CatWISE W1-W2=1.1750000000000007; Gaia classifier nan nan; stack blank (presence 1.19),False,FADE-CANDIDATE,1.185061315496098,,,,"services 2026-08-14: CDS X-Match (2RXS J/A+A/588/A103, XMMSL3 IX/71, CSC2.1 IX/70, 2SXPS IX/58, CatWISE II/365, GaiaDR3 var I/358, ART-XC J/A+A/687/A183, MKM J/MNRAS/544/885); HEASARC xmmssc(5XMM); NWAY eRASSc3 27Jul2026; DR2 UL server erodat; SIMBAD; TNS; ASAS-SN SkyPatrol v2"
vanished_full,1eRASS J055205.0-071834,88.02087625107067,-7.309534205284666,2.637287,,,,,,59.895752,,0.2248168,,2.0932663e-13,,,,,,,,,,,,,,,,,,,,,,ARTIFACT,erbox confusion dropout (paper Sect. 3.2.5),"UL presence 2.66; bright-neighbor sep 29.967036335795207""",False,ARTIFACT-CONFUSION,2.658701133920577,,,,"services 2026-08-14: CDS X-Match (2RXS J/A+A/588/A103, XMMSL3 IX/71, CSC2.1 IX/70, 2SXPS IX/58, CatWISE II/365, GaiaDR3 var I/358, ART-XC J/A+A/687/A183, MKM J/MNRAS/544/885); HEASARC xmmssc(5XMM); NWAY eRASSc3 27Jul2026; DR2 UL server erodat; SIMBAD; TNS; ASAS-SN SkyPatrol v2"
vanished_full,1eRASS J033918.9-553550,54.828845796887,-55.59732642130536,2.9464414,,,,,,59.69397,,0.09008708,,8.3879965e-14,,,,,,,,,,,,,,,,,,,,,,PLAUSIBLE-CLASS,unclassified real fader (blank counterpart),position blank in stack (UL presence 1.02); no archival X-ray; counterpart faint/absent - XRB/CV/AGN flare all open,False,FADE-CANDIDATE,1.0166522705896983,,,,"services 2026-08-14: CDS X-Match (2RXS J/A+A/588/A103, XMMSL3 IX/71, CSC2.1 IX/70, 2SXPS IX/58, CatWISE II/365, GaiaDR3 var I/358, ART-XC J/A+A/687/A183, MKM J/MNRAS/544/885); HEASARC xmmssc(5XMM); NWAY eRASSc3 27Jul2026; DR2 UL server erodat; SIMBAD; TNS; ASAS-SN SkyPatrol v2"
vanished_full,1eRASS J055043.8-641628,87.68272307304116,-64.27464130312411,1.8904221,,,,,,58.57249,,0.020863345,,1.9425833e-14,,,,,,,,,,,,,,,,,,,,,,PLAUSIBLE-CLASS,unclassified real fader (blank counterpart),position blank in stack (UL presence 1.08); no archival X-ray; counterpart faint/absent - XRB/CV/AGN flare all open,False,FADE-CANDIDATE,1.0781672456305476,,,,"services 2026-08-14: CDS X-Match (2RXS J/A+A/588/A103, XMMSL3 IX/71, CSC2.1 IX/70, 2SXPS IX/58, CatWISE II/365, GaiaDR3 var I/358, ART-XC J/A+A/687/A183, MKM J/MNRAS/544/885); HEASARC xmmssc(5XMM); NWAY eRASSc3 27Jul2026; DR2 UL server erodat; SIMBAD; TNS; ASAS-SN SkyPatrol v2"
vanished_full,1eRASS J095155.8+220949,147.9828820956782,22.16381619822268,2.5626428,,,,,,56.2373,,0.27084458,,2.5218304e-13,,,,,,,,,,,,,,,,,,,,,,PLAUSIBLE-CLASS,AGN fader (high-amplitude X-ray variability),CatWISE W1-W2=1.0700000000000003; Gaia classifier AGN 0.8903997; stack blank (presence 1.02),False,FADE-CANDIDATE,1.020029637973202,,,,"services 2026-08-14: CDS X-Match (2RXS J/A+A/588/A103, XMMSL3 IX/71, CSC2.1 IX/70, 2SXPS IX/58, CatWISE II/365, GaiaDR3 var I/358, ART-XC J/A+A/687/A183, MKM J/MNRAS/544/885); HEASARC xmmssc(5XMM); NWAY eRASSc3 27Jul2026; DR2 UL server erodat; SIMBAD; TNS; ASAS-SN SkyPatrol v2"
vanished_full,1eRASS J060134.1-615749,90.39236761931154,-61.96381397067939,2.248917,,,,,,56.06892,,0.04095193,,3.813029e-14,,,,,,,,,,,,,,,,,,,,,,PLAUSIBLE-CLASS,unclassified real fader (blank counterpart),position blank in stack (UL presence 1.04); no archival X-ray; counterpart faint/absent - XRB/CV/AGN flare all open,False,FADE-CANDIDATE,1.0394280239186966,,,,"services 2026-08-14: CDS X-Match (2RXS J/A+A/588/A103, XMMSL3 IX/71, CSC2.1 IX/70, 2SXPS IX/58, CatWISE II/365, GaiaDR3 var I/358, ART-XC J/A+A/687/A183, MKM J/MNRAS/544/885); HEASARC xmmssc(5XMM); NWAY eRASSc3 27Jul2026; DR2 UL server erodat; SIMBAD; TNS; ASAS-SN SkyPatrol v2"
vanished_full,1eRASS J111816.0-324912,169.5669992776348,-32.82019756663476,2.1392808,,,,,,55.994232,,0.2617692,,2.4373299e-13,,,,,,,,,,,,,,,,,,,,,,ARTIFACT,absorbed into extended source,"UL presence 2.47; bright-neighbor sep nan""",False,ARTIFACT-EXTENDED,2.4687223684519823,,,,"services 2026-08-14: CDS X-Match (2RXS J/A+A/588/A103, XMMSL3 IX/71, CSC2.1 IX/70, 2SXPS IX/58, CatWISE II/365, GaiaDR3 var I/358, ART-XC J/A+A/687/A183, MKM J/MNRAS/544/885); HEASARC xmmssc(5XMM); NWAY eRASSc3 27Jul2026; DR2 UL server erodat; SIMBAD; TNS; ASAS-SN SkyPatrol v2"
vanished_full,1eRASS J021117.7-332003,32.8239820835968,-33.334339387233875,2.3334222,,,,,,55.85485,,0.1418874,,1.3211117e-13,,,,,,,,,,,,,,,,,,,,,,PLAUSIBLE-CLASS,AGN fader (high-amplitude X-ray variability),CatWISE W1-W2=0.8290000000000006; Gaia classifier AGN 0.52318144; stack blank (presence 1.04),False,FADE-CANDIDATE,1.040381148152269,,,,"services 2026-08-14: CDS X-Match (2RXS J/A+A/588/A103, XMMSL3 IX/71, CSC2.1 IX/70, 2SXPS IX/58, CatWISE II/365, GaiaDR3 var I/358, ART-XC J/A+A/687/A183, MKM J/MNRAS/544/885); HEASARC xmmssc(5XMM); NWAY eRASSc3 27Jul2026; DR2 UL server erodat; SIMBAD; TNS; ASAS-SN SkyPatrol v2"
vanished_full,1eRASS J085443.6-664556,133.68175355870125,-66.76582125376216,2.536243,,,,,,55.429497,,0.07146693,,6.6542766e-14,,,,,,,,,,,,,,,,,,,,,,ARTIFACT,absorbed into extended source,"UL presence 1.73; bright-neighbor sep nan""",False,ARTIFACT-EXTENDED,1.7339428660402192,,,,"services 2026-08-14: CDS X-Match (2RXS J/A+A/588/A103, XMMSL3 IX/71, CSC2.1 IX/70, 2SXPS IX/58, CatWISE II/365, GaiaDR3 var I/358, ART-XC J/A+A/687/A183, MKM J/MNRAS/544/885); HEASARC xmmssc(5XMM); NWAY eRASSc3 27Jul2026; DR2 UL server erodat; SIMBAD; TNS; ASAS-SN SkyPatrol v2"
vanished_full,1eRASS J054135.8-092937,85.3991936243772,-9.493667800765897,2.539094,,,,,,55.16734,,0.16622289,,1.5476991e-13,,,,,,,,,,,,,,,,,,,,,,PLAUSIBLE-CLASS,unclassified real fader (blank counterpart),position blank in stack (UL presence 1.02); no archival X-ray; counterpart faint/absent - XRB/CV/AGN flare all open,False,FADE-CANDIDATE,1.018903832953971,,,,"services 2026-08-14: CDS X-Match (2RXS J/A+A/588/A103, XMMSL3 IX/71, CSC2.1 IX/70, 2SXPS IX/58, CatWISE II/365, GaiaDR3 var I/358, ART-XC J/A+A/687/A183, MKM J/MNRAS/544/885); HEASARC xmmssc(5XMM); NWAY eRASSc3 27Jul2026; DR2 UL server erodat; SIMBAD; TNS; ASAS-SN SkyPatrol v2"
vanished_full,1eRASS J160238.0-254139,240.6584922775962,-25.694410985466284,2.3852777,,,,,,55.16514,,0.33601263,,3.1286093e-13,,,,,,,,,,,,,,,,,,,,,,ARTIFACT,erbox confusion dropout (paper Sect. 3.2.5),"UL presence 3.87; bright-neighbor sep 27.63680049117701""",False,ARTIFACT-CONFUSION,3.8690517821632615,,,,"services 2026-08-14: CDS X-Match (2RXS J/A+A/588/A103, XMMSL3 IX/71, CSC2.1 IX/70, 2SXPS IX/58, CatWISE II/365, GaiaDR3 var I/358, ART-XC J/A+A/687/A183, MKM J/MNRAS/544/885); HEASARC xmmssc(5XMM); NWAY eRASSc3 27Jul2026; DR2 UL server erodat; SIMBAD; TNS; ASAS-SN SkyPatrol v2"
vanished_full,1eRASS J014850.3-205252,27.20971916536973,-20.88116958276623,2.679768,,,,,,55.023354,,0.21249503,,1.9785385e-13,,,,,,,,,,,,,,,,,,,,,,ARTIFACT,erbox confusion dropout (paper Sect. 3.2.5),"UL presence 3.24; bright-neighbor sep 18.202351966559323""",False,ARTIFACT-CONFUSION,3.237420265078402,,,,"services 2026-08-14: CDS X-Match (2RXS J/A+A/588/A103, XMMSL3 IX/71, CSC2.1 IX/70, 2SXPS IX/58, CatWISE II/365, GaiaDR3 var I/358, ART-XC J/A+A/687/A183, MKM J/MNRAS/544/885); HEASARC xmmssc(5XMM); NWAY eRASSc3 27Jul2026; DR2 UL server erodat; SIMBAD; TNS; ASAS-SN SkyPatrol v2"
vanished_full,1eRASS J060336.8-775217,90.90361984868969,-77.87162221981976,12.867357,,,,,,54.850746,,0.09320058,,8.677894e-14,,,,,,,,,,,,,,,,,,,,,,ARTIFACT,absorbed into extended source,"UL presence 2.64; bright-neighbor sep nan""",False,ARTIFACT-EXTENDED,2.635439991652321,,,,"services 2026-08-14: CDS X-Match (2RXS J/A+A/588/A103, XMMSL3 IX/71, CSC2.1 IX/70, 2SXPS IX/58, CatWISE II/365, GaiaDR3 var I/358, ART-XC J/A+A/687/A183, MKM J/MNRAS/544/885); HEASARC xmmssc(5XMM); NWAY eRASSc3 27Jul2026; DR2 UL server erodat; SIMBAD; TNS; ASAS-SN SkyPatrol v2"
vanished_full,1eRASS J144310.9-485110,220.7956825327263,-48.852872813321525,2.7750976,,,,,,54.82986,,0.16250269,,1.5130605e-13,,,,,,,,,,,,,,,,,,,,,,PLAUSIBLE-CLASS,unclassified real fader (blank counterpart),position blank in stack (UL presence 1.01); no archival X-ray; counterpart faint/absent - XRB/CV/AGN flare all open,False,FADE-CANDIDATE,1.0052726587070508,,,,"services 2026-08-14: CDS X-Match (2RXS J/A+A/588/A103, XMMSL3 IX/71, CSC2.1 IX/70, 2SXPS IX/58, CatWISE II/365, GaiaDR3 var I/358, ART-XC J/A+A/687/A183, MKM J/MNRAS/544/885); HEASARC xmmssc(5XMM); NWAY eRASSc3 27Jul2026; DR2 UL server erodat; SIMBAD; TNS; ASAS-SN SkyPatrol v2"
vanished_full,1eRASS J054710.5-694301,86.79415077538343,-69.7170903361915,2.2192128,,,,,,54.77422,,0.07028059,,6.543817e-14,,,,,,,,,,,,,,,,,,,,,,ARTIFACT,absorbed into extended source,"UL presence 3.59; bright-neighbor sep nan""",False,ARTIFACT-EXTENDED,3.590974961218796,,,,"services 2026-08-14: CDS X-Match (2RXS J/A+A/588/A103, XMMSL3 IX/71, CSC2.1 IX/70, 2SXPS IX/58, CatWISE II/365, GaiaDR3 var I/358, ART-XC J/A+A/687/A183, MKM J/MNRAS/544/885); HEASARC xmmssc(5XMM); NWAY eRASSc3 27Jul2026; DR2 UL server erodat; SIMBAD; TNS; ASAS-SN SkyPatrol v2"
vanished_full,1eRASS J031053.8-334620,47.72433313505713,-33.7723404037971,2.4051993,,,,,,54.61786,,0.1137704,,1.0593148e-13,,,,,,,,,,,,,,,,,,,,,,ARTIFACT,erbox confusion dropout (paper Sect. 3.2.5),"UL presence 2.50; bright-neighbor sep 20.133941216342155""",False,ARTIFACT-CONFUSION,2.499947044981078,,,,"services 2026-08-14: CDS X-Match (2RXS J/A+A/588/A103, XMMSL3 IX/71, CSC2.1 IX/70, 2SXPS IX/58, CatWISE II/365, GaiaDR3 var I/358, ART-XC J/A+A/687/A183, MKM J/MNRAS/544/885); HEASARC xmmssc(5XMM); NWAY eRASSc3 27Jul2026; DR2 UL server erodat; SIMBAD; TNS; ASAS-SN SkyPatrol v2"
vanished_full,1eRASS J064506.5-164409,101.27726413006808,-16.735983128977917,2.261881,,,,,,54.33868,,1.0749422,,1.0008773e-12,,,,,,,,,,,,,,,,,,,,,,ARTIFACT,erbox confusion dropout (paper Sect. 3.2.5),"UL presence 3.32; bright-neighbor sep 49.628086096912725""",False,ARTIFACT-CONFUSION,3.320226822438637,,,,"services 2026-08-14: CDS X-Match (2RXS J/A+A/588/A103, XMMSL3 IX/71, CSC2.1 IX/70, 2SXPS IX/58, CatWISE II/365, GaiaDR3 var I/358, ART-XC J/A+A/687/A183, MKM J/MNRAS/544/885); HEASARC xmmssc(5XMM); NWAY eRASSc3 27Jul2026; DR2 UL server erodat; SIMBAD; TNS; ASAS-SN SkyPatrol v2"
vanished_full,1eRASS J042135.7-520733,65.39890009770392,-52.126041925464655,2.135577,,,,,,53.966164,,0.10928836,,1.0175825e-13,,,,,,,,,,,,,,,,,,,,,,PLAUSIBLE-CLASS,unclassified real fader (blank counterpart),position blank in stack (UL presence 1.07); no archival X-ray; counterpart faint/absent - XRB/CV/AGN flare all open,False,FADE-CANDIDATE,1.0711032361338513,,,,"services 2026-08-14: CDS X-Match (2RXS J/A+A/588/A103, XMMSL3 IX/71, CSC2.1 IX/70, 2SXPS IX/58, CatWISE II/365, GaiaDR3 var I/358, ART-XC J/A+A/687/A183, MKM J/MNRAS/544/885); HEASARC xmmssc(5XMM); NWAY eRASSc3 27Jul2026; DR2 UL server erodat; SIMBAD; TNS; ASAS-SN SkyPatrol v2"
vanished_full,1eRASS J111323.0+023215,168.3462157021741,2.537686869990415,3.5464187,,,,,,53.87088,,0.41890338,,3.900404e-13,,,,,,,,,,,,,,,,,,,,,,ARTIFACT,absorbed into extended source,"UL presence 2.32; bright-neighbor sep nan""",False,ARTIFACT-EXTENDED,2.317561371356067,,,,"services 2026-08-14: CDS X-Match (2RXS J/A+A/588/A103, XMMSL3 IX/71, CSC2.1 IX/70, 2SXPS IX/58, CatWISE II/365, GaiaDR3 var I/358, ART-XC J/A+A/687/A183, MKM J/MNRAS/544/885); HEASARC xmmssc(5XMM); NWAY eRASSc3 27Jul2026; DR2 UL server erodat; SIMBAD; TNS; ASAS-SN SkyPatrol v2"
vanished_full,1eRASS J090340.0+120325,135.91672715081296,12.057218778453842,3.9571676,,,,,,53.563633,,0.28994247,,2.6996507e-13,,,,,,,,,,,,,,,,,,,,,,ARTIFACT,erbox confusion dropout (paper Sect. 3.2.5),"UL presence 2.54; bright-neighbor sep 16.308770848596055""",False,ARTIFACT-CONFUSION,2.542226474846343,,,,"services 2026-08-14: CDS X-Match (2RXS J/A+A/588/A103, XMMSL3 IX/71, CSC2.1 IX/70, 2SXPS IX/58, CatWISE II/365, GaiaDR3 var I/358, ART-XC J/A+A/687/A183, MKM J/MNRAS/544/885); HEASARC xmmssc(5XMM); NWAY eRASSc3 27Jul2026; DR2 UL server erodat; SIMBAD; TNS; ASAS-SN SkyPatrol v2"
vanished_full,1eRASS J080503.6-765352,121.26506029360492,-76.89783765021062,2.336877,,,,,,53.500546,,0.064828046,,6.036131e-14,,,,,,,,,,,,,,,,,,,,,,PLAUSIBLE-CLASS,unclassified real fader (blank counterpart),position blank in stack (UL presence 1.04); no archival X-ray; counterpart faint/absent - XRB/CV/AGN flare all open,False,FADE-CANDIDATE,1.0443235413958445,,,,"services 2026-08-14: CDS X-Match (2RXS J/A+A/588/A103, XMMSL3 IX/71, CSC2.1 IX/70, 2SXPS IX/58, CatWISE II/365, GaiaDR3 var I/358, ART-XC J/A+A/687/A183, MKM J/MNRAS/544/885); HEASARC xmmssc(5XMM); NWAY eRASSc3 27Jul2026; DR2 UL server erodat; SIMBAD; TNS; ASAS-SN SkyPatrol v2"
vanished_full,1eRASS J154527.5-762425,236.3647118508476,-76.40695183786197,2.4268308,,,,,,53.33981,,0.13937645,,1.2977323e-13,,,,,,,,,,,,,,,,,,,,,,ARTIFACT,"DR2 source within 15"" (crosswalk miss)","UL presence 3.00; bright-neighbor sep nan""",False,ARTIFACT-SPLIT/MOVED,3.003939234171722,,,,"services 2026-08-14: CDS X-Match (2RXS J/A+A/588/A103, XMMSL3 IX/71, CSC2.1 IX/70, 2SXPS IX/58, CatWISE II/365, GaiaDR3 var I/358, ART-XC J/A+A/687/A183, MKM J/MNRAS/544/885); HEASARC xmmssc(5XMM); NWAY eRASSc3 27Jul2026; DR2 UL server erodat; SIMBAD; TNS; ASAS-SN SkyPatrol v2"
vanished_full,1eRASS J060434.9-665101,91.14558034469346,-66.85043084223261,1.779096,,,,,,53.13193,,0.008172149,,7.609077e-15,,,,,,,,,,,,,,,,,,,,,,PLAUSIBLE-CLASS,unclassified real fader (blank counterpart),position blank in stack (UL presence 1.06); no archival X-ray; counterpart faint/absent - XRB/CV/AGN flare all open,False,FADE-CANDIDATE,1.058441147881278,,,,"services 2026-08-14: CDS X-Match (2RXS J/A+A/588/A103, XMMSL3 IX/71, CSC2.1 IX/70, 2SXPS IX/58, CatWISE II/365, GaiaDR3 var I/358, ART-XC J/A+A/687/A183, MKM J/MNRAS/544/885); HEASARC xmmssc(5XMM); NWAY eRASSc3 27Jul2026; DR2 UL server erodat; SIMBAD; TNS; ASAS-SN SkyPatrol v2"
vanished_full,1eRASS J134511.7-403622,206.2988922629257,-40.60623561763908,3.372554,,,,,,52.47675,,0.25630078,,2.3864133e-13,,,,,,,,,,,,,,,,,,,,,,ARTIFACT,"DR2 source within 15"" (crosswalk miss)","UL presence 2.85; bright-neighbor sep nan""",False,ARTIFACT-SPLIT/MOVED,2.847698154495232,,,,"services 2026-08-14: CDS X-Match (2RXS J/A+A/588/A103, XMMSL3 IX/71, CSC2.1 IX/70, 2SXPS IX/58, CatWISE II/365, GaiaDR3 var I/358, ART-XC J/A+A/687/A183, MKM J/MNRAS/544/885); HEASARC xmmssc(5XMM); NWAY eRASSc3 27Jul2026; DR2 UL server erodat; SIMBAD; TNS; ASAS-SN SkyPatrol v2"
vanished_full,1eRASS J061450.7-725047,93.71141109762767,-72.84647903711047,2.2966788,,,,,,52.21994,,0.058789153,,5.4738505e-14,,,,,,,,,,,,,,,,,,,,,,ARTIFACT,erbox confusion dropout (paper Sect. 3.2.5),"UL presence 3.51; bright-neighbor sep 86.88473628537017""",False,ARTIFACT-CONFUSION,3.5130774677935226,,,,"services 2026-08-14: CDS X-Match (2RXS J/A+A/588/A103, XMMSL3 IX/71, CSC2.1 IX/70, 2SXPS IX/58, CatWISE II/365, GaiaDR3 var I/358, ART-XC J/A+A/687/A183, MKM J/MNRAS/544/885); HEASARC xmmssc(5XMM); NWAY eRASSc3 27Jul2026; DR2 UL server erodat; SIMBAD; TNS; ASAS-SN SkyPatrol v2"
vanished_full,1eRASS J045339.0-313625,73.41261105855399,-31.607091349697985,2.773633,,,,,,51.74594,,0.11099174,,1.0334427e-13,,,,,,,,,,,,,,,,,,,,,,ARTIFACT,erbox confusion dropout (paper Sect. 3.2.5),"UL presence 2.12; bright-neighbor sep 31.27181225053985""",False,ARTIFACT-CONFUSION,2.122831398502918,,,,"services 2026-08-14: CDS X-Match (2RXS J/A+A/588/A103, XMMSL3 IX/71, CSC2.1 IX/70, 2SXPS IX/58, CatWISE II/365, GaiaDR3 var I/358, ART-XC J/A+A/687/A183, MKM J/MNRAS/544/885); HEASARC xmmssc(5XMM); NWAY eRASSc3 27Jul2026; DR2 UL server erodat; SIMBAD; TNS; ASAS-SN SkyPatrol v2"
vanished_full,1eRASS J115621.5-630529,179.08977799300064,-63.09145446812095,2.8569605,,,,,,51.726974,,0.15022899,,1.3987802e-13,,,,,,,,,,,,,,,,,,,,,,ARTIFACT,"DR2 source within 15"" (crosswalk miss)","UL presence 3.54; bright-neighbor sep 82.11228858734776""",False,ARTIFACT-SPLIT/MOVED,3.5429519595233603,,,,"services 2026-08-14: CDS X-Match (2RXS J/A+A/588/A103, XMMSL3 IX/71, CSC2.1 IX/70, 2SXPS IX/58, CatWISE II/365, GaiaDR3 var I/358, ART-XC J/A+A/687/A183, MKM J/MNRAS/544/885); HEASARC xmmssc(5XMM); NWAY eRASSc3 27Jul2026; DR2 UL server erodat; SIMBAD; TNS; ASAS-SN SkyPatrol v2"
vanished_full,1eRASS J134423.6-365627,206.09867144072683,-36.94104097390687,2.729966,,,,,,51.47524,,0.17526008,,1.6318443e-13,,,,,,,,,,,,,,,,,,,,,,PLAUSIBLE-CLASS,unclassified real fader (blank counterpart),position blank in stack (UL presence 1.01); no archival X-ray; counterpart faint/absent - XRB/CV/AGN flare all open,False,FADE-CANDIDATE,1.006047352155726,,,,"services 2026-08-14: CDS X-Match (2RXS J/A+A/588/A103, XMMSL3 IX/71, CSC2.1 IX/70, 2SXPS IX/58, CatWISE II/365, GaiaDR3 var I/358, ART-XC J/A+A/687/A183, MKM J/MNRAS/544/885); HEASARC xmmssc(5XMM); NWAY eRASSc3 27Jul2026; DR2 UL server erodat; SIMBAD; TNS; ASAS-SN SkyPatrol v2"
vanished_full,1eRASS J062955.1-673115,97.47969118318038,-67.52096428764887,2.339385,,,,,,50.9989,,0.0207548,,1.9324767e-14,,,,,,,,,,,,,,,,,,,,,,PLAUSIBLE-CLASS,unclassified real fader (blank counterpart),position blank in stack (UL presence 1.04); no archival X-ray; counterpart faint/absent - XRB/CV/AGN flare all open,False,FADE-CANDIDATE,1.0355041907370828,,,,"services 2026-08-14: CDS X-Match (2RXS J/A+A/588/A103, XMMSL3 IX/71, CSC2.1 IX/70, 2SXPS IX/58, CatWISE II/365, GaiaDR3 var I/358, ART-XC J/A+A/687/A183, MKM J/MNRAS/544/885); HEASARC xmmssc(5XMM); NWAY eRASSc3 27Jul2026; DR2 UL server erodat; SIMBAD; TNS; ASAS-SN SkyPatrol v2"
vanished_full,1eRASS J062721.9-764947,96.84128465369852,-76.82976311727579,3.133636,,,,,,50.568703,,0.084716566,,7.887949e-14,,,,,,,,,,,,,,,,,,,,,,ARTIFACT,absorbed into extended source,"UL presence 2.90; bright-neighbor sep nan""",False,ARTIFACT-EXTENDED,2.8952658793536377,,,,"services 2026-08-14: CDS X-Match (2RXS J/A+A/588/A103, XMMSL3 IX/71, CSC2.1 IX/70, 2SXPS IX/58, CatWISE II/365, GaiaDR3 var I/358, ART-XC J/A+A/687/A183, MKM J/MNRAS/544/885); HEASARC xmmssc(5XMM); NWAY eRASSc3 27Jul2026; DR2 UL server erodat; SIMBAD; TNS; ASAS-SN SkyPatrol v2"
vanished_full,1eRASS J061339.5-663606,93.41486207353564,-66.60181016278483,2.0366836,,,,,,50.51881,,0.020714533,,1.9287276e-14,,,,,,,,,,,,,,,,,,,,,,ARTIFACT,erbox confusion dropout (paper Sect. 3.2.5),"UL presence 1.64; bright-neighbor sep 41.7070006695568""",False,ARTIFACT-CONFUSION,1.6385258553192,,,,"services 2026-08-14: CDS X-Match (2RXS J/A+A/588/A103, XMMSL3 IX/71, CSC2.1 IX/70, 2SXPS IX/58, CatWISE II/365, GaiaDR3 var I/358, ART-XC J/A+A/687/A183, MKM J/MNRAS/544/885); HEASARC xmmssc(5XMM); NWAY eRASSc3 27Jul2026; DR2 UL server erodat; SIMBAD; TNS; ASAS-SN SkyPatrol v2"
vanished_full,1eRASS J030622.4-400621,46.59349817712956,-40.10594473680103,2.7692633,,,,,,50.28253,,0.105608106,,9.8331574e-14,,,,,,,,,,,,,,,,,,,,,,PLAUSIBLE-CLASS,unclassified real fader (blank counterpart),position blank in stack (UL presence 1.04); no archival X-ray; counterpart faint/absent - XRB/CV/AGN flare all open,False,FADE-CANDIDATE,1.0407695660001346,,,,"services 2026-08-14: CDS X-Match (2RXS J/A+A/588/A103, XMMSL3 IX/71, CSC2.1 IX/70, 2SXPS IX/58, CatWISE II/365, GaiaDR3 var I/358, ART-XC J/A+A/687/A183, MKM J/MNRAS/544/885); HEASARC xmmssc(5XMM); NWAY eRASSc3 27Jul2026; DR2 UL server erodat; SIMBAD; TNS; ASAS-SN SkyPatrol v2"
vanished_full,1eRASS J041309.3-540658,63.288933152926575,-54.1162742218969,2.5130193,,,,,,50.233334,,0.06301463,,5.867284e-14,,,,,,,,,,,,,,,,,,,,,,ARTIFACT,erbox confusion dropout (paper Sect. 3.2.5),"UL presence 2.18; bright-neighbor sep 22.269244336165524""",False,ARTIFACT-CONFUSION,2.1777672771514665,,,,"services 2026-08-14: CDS X-Match (2RXS J/A+A/588/A103, XMMSL3 IX/71, CSC2.1 IX/70, 2SXPS IX/58, CatWISE II/365, GaiaDR3 var I/358, ART-XC J/A+A/687/A183, MKM J/MNRAS/544/885); HEASARC xmmssc(5XMM); NWAY eRASSc3 27Jul2026; DR2 UL server erodat; SIMBAD; TNS; ASAS-SN SkyPatrol v2"
vanished_full,1eRASS J041605.6-240450,64.02362470280943,-24.08066687774771,2.7078254,,,,,,50.089775,,0.2360239,,2.1976156e-13,,,,,,,,,,,,,,,,,,,,,,ARTIFACT,erbox confusion dropout (paper Sect. 3.2.5),"UL presence 2.60; bright-neighbor sep 103.55997690735124""",False,ARTIFACT-CONFUSION,2.599427656497266,,,,"services 2026-08-14: CDS X-Match (2RXS J/A+A/588/A103, XMMSL3 IX/71, CSC2.1 IX/70, 2SXPS IX/58, CatWISE II/365, GaiaDR3 var I/358, ART-XC J/A+A/687/A183, MKM J/MNRAS/544/885); HEASARC xmmssc(5XMM); NWAY eRASSc3 27Jul2026; DR2 UL server erodat; SIMBAD; TNS; ASAS-SN SkyPatrol v2"
vanished_full,1eRASS J055635.5-442744,89.14799934740547,-44.462437462145694,2.327938,,,,,,49.94814,,0.08094479,,7.536759e-14,,,,,,,,,,,,,,,,,,,,,,PLAUSIBLE-CLASS,AGN fader (high-amplitude X-ray variability),CatWISE W1-W2=0.9920000000000009; Gaia classifier nan nan; stack blank (presence 1.01),False,FADE-CANDIDATE,1.0103749053937043,,,,"services 2026-08-14: CDS X-Match (2RXS J/A+A/588/A103, XMMSL3 IX/71, CSC2.1 IX/70, 2SXPS IX/58, CatWISE II/365, GaiaDR3 var I/358, ART-XC J/A+A/687/A183, MKM J/MNRAS/544/885); HEASARC xmmssc(5XMM); NWAY eRASSc3 27Jul2026; DR2 UL server erodat; SIMBAD; TNS; ASAS-SN SkyPatrol v2"
vanished_full,1eRASS J104505.7-594003,161.27386552308124,-59.66764573139604,1.7498411,,,,,,49.61833,,0.3377219,,3.1445243e-13,,,,,,,,,,,,,,,,,,,,,,ARTIFACT,erbox confusion dropout (paper Sect. 3.2.5),"UL presence 1.67; bright-neighbor sep 63.095191380364334""",False,ARTIFACT-CONFUSION,1.6708780906568352,,,,"services 2026-08-14: CDS X-Match (2RXS J/A+A/588/A103, XMMSL3 IX/71, CSC2.1 IX/70, 2SXPS IX/58, CatWISE II/365, GaiaDR3 var I/358, ART-XC J/A+A/687/A183, MKM J/MNRAS/544/885); HEASARC xmmssc(5XMM); NWAY eRASSc3 27Jul2026; DR2 UL server erodat; SIMBAD; TNS; ASAS-SN SkyPatrol v2"
vanished_full,1eRASS J081558.4+403320,123.99342956200064,40.55568428866559,3.238137,,,,,,49.592587,,0.2650689,,2.4680532e-13,,,,,,,,,,,,,,,,,,,,,,ARTIFACT,erbox confusion dropout (paper Sect. 3.2.5),"UL presence 2.62; bright-neighbor sep 26.62978284193824""",False,ARTIFACT-CONFUSION,2.6151550145881832,,,,"services 2026-08-14: CDS X-Match (2RXS J/A+A/588/A103, XMMSL3 IX/71, CSC2.1 IX/70, 2SXPS IX/58, CatWISE II/365, GaiaDR3 var I/358, ART-XC J/A+A/687/A183, MKM J/MNRAS/544/885); HEASARC xmmssc(5XMM); NWAY eRASSc3 27Jul2026; DR2 UL server erodat; SIMBAD; TNS; ASAS-SN SkyPatrol v2"
vanished_full,1eRASS J025543.6-141239,43.93167600891846,-14.210845669906394,2.2074423,,,,,,49.3123,,0.19629937,,1.827741e-13,,,,,,,,,,,,,,,,,,,,,,ARTIFACT,"DR2 source within 15"" (crosswalk miss)","UL presence 4.40; bright-neighbor sep nan""",False,ARTIFACT-SPLIT/MOVED,4.397372404603787,,,,"services 2026-08-14: CDS X-Match (2RXS J/A+A/588/A103, XMMSL3 IX/71, CSC2.1 IX/70, 2SXPS IX/58, CatWISE II/365, GaiaDR3 var I/358, ART-XC J/A+A/687/A183, MKM J/MNRAS/544/885); HEASARC xmmssc(5XMM); NWAY eRASSc3 27Jul2026; DR2 UL server erodat; SIMBAD; TNS; ASAS-SN SkyPatrol v2"
vanished_full,1eRASS J043241.9-481543,68.17491168572259,-48.26215362044868,2.3255982,,,,,,48.791706,,0.06619424,,6.163337e-14,,,,,,,,,,,,,,,,,,,,,,PLAUSIBLE-CLASS,AGN fader (high-amplitude X-ray variability),CatWISE W1-W2=1.3239999999999998; Gaia classifier AGN 0.7738704; stack blank (presence 1.03),False,FADE-CANDIDATE,1.030503766864413,,,,"services 2026-08-14: CDS X-Match (2RXS J/A+A/588/A103, XMMSL3 IX/71, CSC2.1 IX/70, 2SXPS IX/58, CatWISE II/365, GaiaDR3 var I/358, ART-XC J/A+A/687/A183, MKM J/MNRAS/544/885); HEASARC xmmssc(5XMM); NWAY eRASSc3 27Jul2026; DR2 UL server erodat; SIMBAD; TNS; ASAS-SN SkyPatrol v2"
vanished_full,1eRASS J044325.6-540915,70.85677770116801,-54.1542636190387,2.9890943,,,,,,48.493114,,0.08003737,,7.452269e-14,,,,,,,,,,,,,,,,,,,,,,ARTIFACT,absorbed into extended source,"UL presence 2.21; bright-neighbor sep nan""",False,ARTIFACT-EXTENDED,2.210013994422367,,,,"services 2026-08-14: CDS X-Match (2RXS J/A+A/588/A103, XMMSL3 IX/71, CSC2.1 IX/70, 2SXPS IX/58, CatWISE II/365, GaiaDR3 var I/358, ART-XC J/A+A/687/A183, MKM J/MNRAS/544/885); HEASARC xmmssc(5XMM); NWAY eRASSc3 27Jul2026; DR2 UL server erodat; SIMBAD; TNS; ASAS-SN SkyPatrol v2"
vanished_full,1eRASS J044646.6-662450,71.69449922141227,-66.41399083249567,2.4617727,,,,,,48.3674,,0.11817251,,1.1003028e-13,,,,,,,,,,,,,,,,,,,,,,ARTIFACT,absorbed into extended source,"UL presence 4.49; bright-neighbor sep nan""",False,ARTIFACT-EXTENDED,4.493837323356124,,,,"services 2026-08-14: CDS X-Match (2RXS J/A+A/588/A103, XMMSL3 IX/71, CSC2.1 IX/70, 2SXPS IX/58, CatWISE II/365, GaiaDR3 var I/358, ART-XC J/A+A/687/A183, MKM J/MNRAS/544/885); HEASARC xmmssc(5XMM); NWAY eRASSc3 27Jul2026; DR2 UL server erodat; SIMBAD; TNS; ASAS-SN SkyPatrol v2"
vanished_full,1eRASS J052752.1-605619,81.96712356134917,-60.93864463737011,1.886341,,,,,,48.31742,,0.07613152,,7.0885965e-14,,,,,,,,,,,,,,,,,,,,,,ARTIFACT,"DR2 source within 15"" (crosswalk miss)","UL presence 5.99; bright-neighbor sep nan""",False,ARTIFACT-SPLIT/MOVED,5.990131226710756,,,,"services 2026-08-14: CDS X-Match (2RXS J/A+A/588/A103, XMMSL3 IX/71, CSC2.1 IX/70, 2SXPS IX/58, CatWISE II/365, GaiaDR3 var I/358, ART-XC J/A+A/687/A183, MKM J/MNRAS/544/885); HEASARC xmmssc(5XMM); NWAY eRASSc3 27Jul2026; DR2 UL server erodat; SIMBAD; TNS; ASAS-SN SkyPatrol v2"
vanished_full,1eRASS J064911.2-643453,102.29680262849304,-64.58157333461168,2.4778295,,,,,,48.26326,,0.039508313,,3.678614e-14,,,,,,,,,,,,,,,,,,,,,,ARTIFACT,absorbed into extended source,"UL presence 1.57; bright-neighbor sep nan""",False,ARTIFACT-EXTENDED,1.570218015858037,,,,"services 2026-08-14: CDS X-Match (2RXS J/A+A/588/A103, XMMSL3 IX/71, CSC2.1 IX/70, 2SXPS IX/58, CatWISE II/365, GaiaDR3 var I/358, ART-XC J/A+A/687/A183, MKM J/MNRAS/544/885); HEASARC xmmssc(5XMM); NWAY eRASSc3 27Jul2026; DR2 UL server erodat; SIMBAD; TNS; ASAS-SN SkyPatrol v2"
vanished_full,1eRASS J030409.7-440227,46.04077671676247,-44.04107634778796,3.292276,,,,,,47.805054,,0.16427207,,1.5295351e-13,,,,,,,,,,,,,,,,,,,,,,PLAUSIBLE-CLASS,AGN fader (high-amplitude X-ray variability),CatWISE W1-W2=0.9579999999999984; Gaia classifier nan nan; stack blank (presence 1.28),False,FADE-CANDIDATE,1.282417324944883,,,,"services 2026-08-14: CDS X-Match (2RXS J/A+A/588/A103, XMMSL3 IX/71, CSC2.1 IX/70, 2SXPS IX/58, CatWISE II/365, GaiaDR3 var I/358, ART-XC J/A+A/687/A183, MKM J/MNRAS/544/885); HEASARC xmmssc(5XMM); NWAY eRASSc3 27Jul2026; DR2 UL server erodat; SIMBAD; TNS; ASAS-SN SkyPatrol v2"
vanished_full,1eRASS J041933.5-682038,64.88966019942491,-68.34397178346275,2.2182636,,,,,,47.487625,,0.057011634,,5.308346e-14,,,,,,,,,,,,,,,,,,,,,,PLAUSIBLE-CLASS,unclassified real fader (blank counterpart),position blank in stack (UL presence 1.11); no archival X-ray; counterpart faint/absent - XRB/CV/AGN flare all open,False,FADE-CANDIDATE,1.1086253523182417,,,,"services 2026-08-14: CDS X-Match (2RXS J/A+A/588/A103, XMMSL3 IX/71, CSC2.1 IX/70, 2SXPS IX/58, CatWISE II/365, GaiaDR3 var I/358, ART-XC J/A+A/687/A183, MKM J/MNRAS/544/885); HEASARC xmmssc(5XMM); NWAY eRASSc3 27Jul2026; DR2 UL server erodat; SIMBAD; TNS; ASAS-SN SkyPatrol v2"
vanished_full,1eRASS J103051.5-262837,157.71465459671077,-26.47698758854835,2.7656555,,,,,,47.3853,,0.22411007,,2.086686e-13,,,,,,,,,,,,,,,,,,,,,,ARTIFACT,erbox confusion dropout (paper Sect. 3.2.5),"UL presence 2.38; bright-neighbor sep 17.751867597546614""",False,ARTIFACT-CONFUSION,2.383395024686017,,,,"services 2026-08-14: CDS X-Match (2RXS J/A+A/588/A103, XMMSL3 IX/71, CSC2.1 IX/70, 2SXPS IX/58, CatWISE II/365, GaiaDR3 var I/358, ART-XC J/A+A/687/A183, MKM J/MNRAS/544/885); HEASARC xmmssc(5XMM); NWAY eRASSc3 27Jul2026; DR2 UL server erodat; SIMBAD; TNS; ASAS-SN SkyPatrol v2"
vanished_full,1eRASS J055216.6-681015,88.06918590212834,-68.17095656374906,1.9657853,,,,,,46.511044,,0.018720258,,1.7430408e-14,,,,,,,,,,,,,,,,,,,,,,PLAUSIBLE-CLASS,unclassified real fader (blank counterpart),position blank in stack (UL presence 1.12); no archival X-ray; counterpart faint/absent - XRB/CV/AGN flare all open,False,FADE-CANDIDATE,1.122806608722448,,,,"services 2026-08-14: CDS X-Match (2RXS J/A+A/588/A103, XMMSL3 IX/71, CSC2.1 IX/70, 2SXPS IX/58, CatWISE II/365, GaiaDR3 var I/358, ART-XC J/A+A/687/A183, MKM J/MNRAS/544/885); HEASARC xmmssc(5XMM); NWAY eRASSc3 27Jul2026; DR2 UL server erodat; SIMBAD; TNS; ASAS-SN SkyPatrol v2"
vanished_full,1eRASS J051235.3-093621,78.14741253641436,-9.606101566337902,3.0161016,,,,,,46.377567,,0.16698653,,1.5548093e-13,,,,,,,,,,,,,,,,,,,,,,ARTIFACT,erbox confusion dropout (paper Sect. 3.2.5),"UL presence 2.37; bright-neighbor sep 16.656288205558727""",False,ARTIFACT-CONFUSION,2.370389597984054,,,,"services 2026-08-14: CDS X-Match (2RXS J/A+A/588/A103, XMMSL3 IX/71, CSC2.1 IX/70, 2SXPS IX/58, CatWISE II/365, GaiaDR3 var I/358, ART-XC J/A+A/687/A183, MKM J/MNRAS/544/885); HEASARC xmmssc(5XMM); NWAY eRASSc3 27Jul2026; DR2 UL server erodat; SIMBAD; TNS; ASAS-SN SkyPatrol v2"
vanished_full,1eRASS J050609.3-631039,76.53916069674437,-63.177671757058334,2.0488596,,,,,,45.954063,,0.049596507,,4.6179244e-14,,,,,,,,,,,,,,,,,,,,,,ARTIFACT,erbox confusion dropout (paper Sect. 3.2.5),"UL presence 3.24; bright-neighbor sep 108.35997578994773""",False,ARTIFACT-CONFUSION,3.2365373000165,,,,"services 2026-08-14: CDS X-Match (2RXS J/A+A/588/A103, XMMSL3 IX/71, CSC2.1 IX/70, 2SXPS IX/58, CatWISE II/365, GaiaDR3 var I/358, ART-XC J/A+A/687/A183, MKM J/MNRAS/544/885); HEASARC xmmssc(5XMM); NWAY eRASSc3 27Jul2026; DR2 UL server erodat; SIMBAD; TNS; ASAS-SN SkyPatrol v2"
vanished_full,1eRASS J205753.3-524625,314.47241883112684,-52.77367597133139,2.514304,,,,,,45.80952,,0.30041134,,2.7971261e-13,,,,,,,,,,,,,,,,,,,,,,ARTIFACT,"DR2 source within 15"" (crosswalk miss)","UL presence 3.62; bright-neighbor sep nan""",False,ARTIFACT-SPLIT/MOVED,3.618832910014957,,,,"services 2026-08-14: CDS X-Match (2RXS J/A+A/588/A103, XMMSL3 IX/71, CSC2.1 IX/70, 2SXPS IX/58, CatWISE II/365, GaiaDR3 var I/358, ART-XC J/A+A/687/A183, MKM J/MNRAS/544/885); HEASARC xmmssc(5XMM); NWAY eRASSc3 27Jul2026; DR2 UL server erodat; SIMBAD; TNS; ASAS-SN SkyPatrol v2"
vanished_full,1eRASS J015226.5-273159,28.11071040254773,-27.53307706856329,2.820907,,,,,,45.39408,,0.1443598,,1.3441322e-13,,,,,,,,,,,,,,,,,,,,,,ARTIFACT,erbox confusion dropout (paper Sect. 3.2.5),"UL presence 2.45; bright-neighbor sep 18.08725560417049""",False,ARTIFACT-CONFUSION,2.4486372245383445,,,,"services 2026-08-14: CDS X-Match (2RXS J/A+A/588/A103, XMMSL3 IX/71, CSC2.1 IX/70, 2SXPS IX/58, CatWISE II/365, GaiaDR3 var I/358, ART-XC J/A+A/687/A183, MKM J/MNRAS/544/885); HEASARC xmmssc(5XMM); NWAY eRASSc3 27Jul2026; DR2 UL server erodat; SIMBAD; TNS; ASAS-SN SkyPatrol v2"
vanished_full,1eRASS J051213.9-625407,78.05825323290588,-62.90210484471616,2.101029,,,,,,45.162582,,0.025404176,,2.3653795e-14,,,,,,,,,,,,,,,,,,,,,,PLAUSIBLE-CLASS,unclassified real fader (blank counterpart),position blank in stack (UL presence 1.02); no archival X-ray; counterpart faint/absent - XRB/CV/AGN flare all open,False,FADE-CANDIDATE,1.0219319082347105,,,,"services 2026-08-14: CDS X-Match (2RXS J/A+A/588/A103, XMMSL3 IX/71, CSC2.1 IX/70, 2SXPS IX/58, CatWISE II/365, GaiaDR3 var I/358, ART-XC J/A+A/687/A183, MKM J/MNRAS/544/885); HEASARC xmmssc(5XMM); NWAY eRASSc3 27Jul2026; DR2 UL server erodat; SIMBAD; TNS; ASAS-SN SkyPatrol v2"
vanished_full,1eRASS J085450.5-664459,133.71082991910467,-66.74974581150113,3.3015866,,,,,,44.82304,,0.06303587,,5.8692614e-14,,,,,,,,,,,,,,,,,,,,,,ARTIFACT,absorbed into extended source,"UL presence 1.87; bright-neighbor sep nan""",False,ARTIFACT-EXTENDED,1.8730902989938647,,,,"services 2026-08-14: CDS X-Match (2RXS J/A+A/588/A103, XMMSL3 IX/71, CSC2.1 IX/70, 2SXPS IX/58, CatWISE II/365, GaiaDR3 var I/358, ART-XC J/A+A/687/A183, MKM J/MNRAS/544/885); HEASARC xmmssc(5XMM); NWAY eRASSc3 27Jul2026; DR2 UL server erodat; SIMBAD; TNS; ASAS-SN SkyPatrol v2"
vanished_full,1eRASS J063353.0-681544,98.4709793601384,-68.26234509466403,2.2593806,,,,,,44.61312,,0.017557422,,1.6347694e-14,,,,,,,,,,,,,,,,,,,,,,PLAUSIBLE-CLASS,AGN fader (high-amplitude X-ray variability),CatWISE W1-W2=1.033999999999999; Gaia classifier nan nan; stack blank (presence 1.06),False,FADE-CANDIDATE,1.0625626099796797,,,,"services 2026-08-14: CDS X-Match (2RXS J/A+A/588/A103, XMMSL3 IX/71, CSC2.1 IX/70, 2SXPS IX/58, CatWISE II/365, GaiaDR3 var I/358, ART-XC J/A+A/687/A183, MKM J/MNRAS/544/885); HEASARC xmmssc(5XMM); NWAY eRASSc3 27Jul2026; DR2 UL server erodat; SIMBAD; TNS; ASAS-SN SkyPatrol v2"
vanished_full,1eRASS J074822.7-664030,117.09469285464355,-66.67512644774528,2.4737022,,,,,,44.53208,,0.0468908,,4.3659964e-14,,,,,,,,,,,,,,,,,,,,,,PLAUSIBLE-CLASS,AGN fader (high-amplitude X-ray variability),CatWISE W1-W2=1.388; Gaia classifier AGN 0.8556157; stack blank (presence 1.06),False,FADE-CANDIDATE,1.0579436539265317,,,,"services 2026-08-14: CDS X-Match (2RXS J/A+A/588/A103, XMMSL3 IX/71, CSC2.1 IX/70, 2SXPS IX/58, CatWISE II/365, GaiaDR3 var I/358, ART-XC J/A+A/687/A183, MKM J/MNRAS/544/885); HEASARC xmmssc(5XMM); NWAY eRASSc3 27Jul2026; DR2 UL server erodat; SIMBAD; TNS; ASAS-SN SkyPatrol v2"
vanished_full,1eRASS J051825.0-541619,79.6045059184695,-54.27209054607607,2.5404897,,,,,,44.48685,,0.05052872,,4.7047225e-14,,,,,,,,,,,,,,,,,,,,,,PLAUSIBLE-CLASS,AGN fader (high-amplitude X-ray variability),CatWISE W1-W2=1.3490000000000002; Gaia classifier nan nan; stack blank (presence 1.04),False,FADE-CANDIDATE,1.0447494756119886,,,,"services 2026-08-14: CDS X-Match (2RXS J/A+A/588/A103, XMMSL3 IX/71, CSC2.1 IX/70, 2SXPS IX/58, CatWISE II/365, GaiaDR3 var I/358, ART-XC J/A+A/687/A183, MKM J/MNRAS/544/885); HEASARC xmmssc(5XMM); NWAY eRASSc3 27Jul2026; DR2 UL server erodat; SIMBAD; TNS; ASAS-SN SkyPatrol v2"
vanished_full,1eRASS J053429.4-660909,83.62259950231504,-66.1526832796108,2.2545822,,,,,,44.324036,,0.018710425,,1.7421254e-14,,,,,,,,,,,,,,,,,,,,,,ARTIFACT,"DR2 source within 15"" (crosswalk miss)","UL presence 4.23; bright-neighbor sep 118.20041198021384""",False,ARTIFACT-SPLIT/MOVED,4.234082452713248,,,,"services 2026-08-14: CDS X-Match (2RXS J/A+A/588/A103, XMMSL3 IX/71, CSC2.1 IX/70, 2SXPS IX/58, CatWISE II/365, GaiaDR3 var I/358, ART-XC J/A+A/687/A183, MKM J/MNRAS/544/885); HEASARC xmmssc(5XMM); NWAY eRASSc3 27Jul2026; DR2 UL server erodat; SIMBAD; TNS; ASAS-SN SkyPatrol v2"
vanished_full,1eRASS J140705.3-510057,211.77215260533728,-51.01600903746185,2.5053418,,,,,,44.177326,,0.2967515,,2.7630494e-13,,,,,,,,,,,,,,,,,,,,,,ARTIFACT,absorbed into extended source,"UL presence 3.36; bright-neighbor sep nan""",False,ARTIFACT-EXTENDED,3.360228826687351,,,,"services 2026-08-14: CDS X-Match (2RXS J/A+A/588/A103, XMMSL3 IX/71, CSC2.1 IX/70, 2SXPS IX/58, CatWISE II/365, GaiaDR3 var I/358, ART-XC J/A+A/687/A183, MKM J/MNRAS/544/885); HEASARC xmmssc(5XMM); NWAY eRASSc3 27Jul2026; DR2 UL server erodat; SIMBAD; TNS; ASAS-SN SkyPatrol v2"
vanished_full,1eRASS J045632.2-560845,74.13434476093727,-56.146100814303935,2.202628,,,,,,44.10485,,0.049452946,,4.6045575e-14,,,,,,,,,,,,,,,,,,,,,,PLAUSIBLE-CLASS,AGN fader (high-amplitude X-ray variability),CatWISE W1-W2=1.040000000000001; Gaia classifier AGN 0.51442707; stack blank (presence 1.19),False,FADE-CANDIDATE,1.1888730907101115,,,,"services 2026-08-14: CDS X-Match (2RXS J/A+A/588/A103, XMMSL3 IX/71, CSC2.1 IX/70, 2SXPS IX/58, CatWISE II/365, GaiaDR3 var I/358, ART-XC J/A+A/687/A183, MKM J/MNRAS/544/885); HEASARC xmmssc(5XMM); NWAY eRASSc3 27Jul2026; DR2 UL server erodat; SIMBAD; TNS; ASAS-SN SkyPatrol v2"
vanished_full,1eRASS J071556.4-684551,108.98536771695618,-68.76430100061935,2.4712827,,,,,,43.62764,,0.038138725,,3.5510918e-14,,,,,,,,,,,,,,,,,,,,,,ARTIFACT,erbox confusion dropout (paper Sect. 3.2.5),"UL presence 3.12; bright-neighbor sep 26.89243368505881""",False,ARTIFACT-CONFUSION,3.1230345876111376,,,,"services 2026-08-14: CDS X-Match (2RXS J/A+A/588/A103, XMMSL3 IX/71, CSC2.1 IX/70, 2SXPS IX/58, CatWISE II/365, GaiaDR3 var I/358, ART-XC J/A+A/687/A183, MKM J/MNRAS/544/885); HEASARC xmmssc(5XMM); NWAY eRASSc3 27Jul2026; DR2 UL server erodat; SIMBAD; TNS; ASAS-SN SkyPatrol v2"
vanished_full,1eRASS J050746.0-620612,76.94185705281826,-62.10359985511424,2.0779452,,,,,,43.416454,,0.028127337,,2.6189327e-14,,,,,,,,,,,,,,,,,,,,,,PLAUSIBLE-CLASS,AGN fader (high-amplitude X-ray variability),CatWISE W1-W2=0.7799999999999994; Gaia classifier AGN 0.3137488; stack blank (presence 1.26),False,FADE-CANDIDATE,1.258659626294903,,,,"services 2026-08-14: CDS X-Match (2RXS J/A+A/588/A103, XMMSL3 IX/71, CSC2.1 IX/70, 2SXPS IX/58, CatWISE II/365, GaiaDR3 var I/358, ART-XC J/A+A/687/A183, MKM J/MNRAS/544/885); HEASARC xmmssc(5XMM); NWAY eRASSc3 27Jul2026; DR2 UL server erodat; SIMBAD; TNS; ASAS-SN SkyPatrol v2"
vanished_full,1eRASS J062940.4-654602,97.41846851783826,-65.76732720000771,2.512138,,,,,,43.407146,,0.029817434,,2.7762975e-14,,,,,,,,,,,,,,,,,,,,,,PLAUSIBLE-CLASS,AGN fader (high-amplitude X-ray variability),CatWISE W1-W2=1.0100000000000016; Gaia classifier nan nan; stack blank (presence 1.47),False,FADE-CANDIDATE,1.4716046753864769,,,,"services 2026-08-14: CDS X-Match (2RXS J/A+A/588/A103, XMMSL3 IX/71, CSC2.1 IX/70, 2SXPS IX/58, CatWISE II/365, GaiaDR3 var I/358, ART-XC J/A+A/687/A183, MKM J/MNRAS/544/885); HEASARC xmmssc(5XMM); NWAY eRASSc3 27Jul2026; DR2 UL server erodat; SIMBAD; TNS; ASAS-SN SkyPatrol v2"
vanished_full,1eRASS J113249.9-203013,173.20803307670806,-20.5038422291173,3.3740072,,,,,,43.33289,,0.11731276,,1.0922976e-13,,,,,,,,,,,,,,,,,,,,,,PLAUSIBLE-CLASS,unclassified real fader (blank counterpart),position blank in stack (UL presence 1.01); no archival X-ray; counterpart faint/absent - XRB/CV/AGN flare all open,False,FADE-CANDIDATE,1.0085561821802704,,,,"services 2026-08-14: CDS X-Match (2RXS J/A+A/588/A103, XMMSL3 IX/71, CSC2.1 IX/70, 2SXPS IX/58, CatWISE II/365, GaiaDR3 var I/358, ART-XC J/A+A/687/A183, MKM J/MNRAS/544/885); HEASARC xmmssc(5XMM); NWAY eRASSc3 27Jul2026; DR2 UL server erodat; SIMBAD; TNS; ASAS-SN SkyPatrol v2"
vanished_full,1eRASS J081456.4-680627,123.73507600162316,-68.10750854192727,2.411867,,,,,,43.035877,,0.043698672,,4.0687776e-14,,,,,,,,,,,,,,,,,,,,,,PLAUSIBLE-CLASS,unclassified real fader (blank counterpart),position blank in stack (UL presence 1.01); no archival X-ray; counterpart faint/absent - XRB/CV/AGN flare all open,False,FADE-CANDIDATE,1.006755468752926,,,,"services 2026-08-14: CDS X-Match (2RXS J/A+A/588/A103, XMMSL3 IX/71, CSC2.1 IX/70, 2SXPS IX/58, CatWISE II/365, GaiaDR3 var I/358, ART-XC J/A+A/687/A183, MKM J/MNRAS/544/885); HEASARC xmmssc(5XMM); NWAY eRASSc3 27Jul2026; DR2 UL server erodat; SIMBAD; TNS; ASAS-SN SkyPatrol v2"
vanished_full,1eRASS J050404.9-492942,76.02044995017832,-49.49519474897214,2.5963366,,,,,,42.903164,,0.120420046,,1.1212295e-13,,,,,,,,,,,,,,,,,,,,,,ARTIFACT,"DR2 source within 15"" (crosswalk miss)","UL presence 3.58; bright-neighbor sep nan""",False,ARTIFACT-SPLIT/MOVED,3.5763134059830497,,,,"services 2026-08-14: CDS X-Match (2RXS J/A+A/588/A103, XMMSL3 IX/71, CSC2.1 IX/70, 2SXPS IX/58, CatWISE II/365, GaiaDR3 var I/358, ART-XC J/A+A/687/A183, MKM J/MNRAS/544/885); HEASARC xmmssc(5XMM); NWAY eRASSc3 27Jul2026; DR2 UL server erodat; SIMBAD; TNS; ASAS-SN SkyPatrol v2"
vanished_full,1eRASS J011447.3-282034,18.69737023119201,-28.342848900079225,2.5611012,,,,,,42.810707,,0.18094173,,1.6847461e-13,,,,,,,,,,,,,,,,,,,,,,PLAUSIBLE-CLASS,AGN fader (high-amplitude X-ray variability),CatWISE W1-W2=-0.10099999999999909; Gaia classifier AGN 0.8789568; stack blank (presence 1.15),False,FADE-CANDIDATE,1.1473466180933802,,,,"services 2026-08-14: CDS X-Match (2RXS J/A+A/588/A103, XMMSL3 IX/71, CSC2.1 IX/70, 2SXPS IX/58, CatWISE II/365, GaiaDR3 var I/358, ART-XC J/A+A/687/A183, MKM J/MNRAS/544/885); HEASARC xmmssc(5XMM); NWAY eRASSc3 27Jul2026; DR2 UL server erodat; SIMBAD; TNS; ASAS-SN SkyPatrol v2"
vanished_full,1eRASS J054235.4-615420,85.64788665737083,-61.90559917255941,1.8348368,,,,,,42.688507,,0.17701828,,1.648215e-13,,,,,,,,,,,,,,,,,,,,,,ARTIFACT,"DR2 source within 15"" (crosswalk miss)","UL presence 19.63; bright-neighbor sep nan""",False,ARTIFACT-SPLIT/MOVED,19.62542429363738,,,,"services 2026-08-14: CDS X-Match (2RXS J/A+A/588/A103, XMMSL3 IX/71, CSC2.1 IX/70, 2SXPS IX/58, CatWISE II/365, GaiaDR3 var I/358, ART-XC J/A+A/687/A183, MKM J/MNRAS/544/885); HEASARC xmmssc(5XMM); NWAY eRASSc3 27Jul2026; DR2 UL server erodat; SIMBAD; TNS; ASAS-SN SkyPatrol v2"
vanished_full,1eRASS J050724.6-635419,76.85266387200491,-63.90530530670583,3.099779,,,,,,41.951813,,0.030051103,,2.7980544e-14,,,,,,,,,,,,,,,,,,,,,,PLAUSIBLE-CLASS,unclassified real fader (blank counterpart),position blank in stack (UL presence 1.00); no archival X-ray; counterpart faint/absent - XRB/CV/AGN flare all open,False,FADE-CANDIDATE,1.0044876321302618,,,,"services 2026-08-14: CDS X-Match (2RXS J/A+A/588/A103, XMMSL3 IX/71, CSC2.1 IX/70, 2SXPS IX/58, CatWISE II/365, GaiaDR3 var I/358, ART-XC J/A+A/687/A183, MKM J/MNRAS/544/885); HEASARC xmmssc(5XMM); NWAY eRASSc3 27Jul2026; DR2 UL server erodat; SIMBAD; TNS; ASAS-SN SkyPatrol v2"
vanished_full,1eRASS J033502.5-005640,53.76049154479904,-0.9444817256272252,3.066421,,,,,,41.72528,,0.16258214,,1.5138002e-13,,,,,,,,,,,,,,,,,,,,,,PLAUSIBLE-CLASS,AGN fader (high-amplitude X-ray variability),CatWISE W1-W2=-0.26200000000000045; Gaia classifier AGN 0.11381008; stack blank (presence 1.03),False,FADE-CANDIDATE,1.0330643446313938,,,,"services 2026-08-14: CDS X-Match (2RXS J/A+A/588/A103, XMMSL3 IX/71, CSC2.1 IX/70, 2SXPS IX/58, CatWISE II/365, GaiaDR3 var I/358, ART-XC J/A+A/687/A183, MKM J/MNRAS/544/885); HEASARC xmmssc(5XMM); NWAY eRASSc3 27Jul2026; DR2 UL server erodat; SIMBAD; TNS; ASAS-SN SkyPatrol v2"
vanished_full,1eRASS J045233.7-512035,73.14055283321512,-51.34308300401258,1.9284756,,,,,,41.65176,,0.12276162,,1.1430319e-13,,,,,,,,,,,,,,,,,,,,,,PLAUSIBLE-CLASS,AGN fader (high-amplitude X-ray variability),CatWISE W1-W2=0.75; Gaia classifier AGN 0.36120838; stack blank (presence 1.08),False,FADE-CANDIDATE,1.0846069989243086,,,,"services 2026-08-14: CDS X-Match (2RXS J/A+A/588/A103, XMMSL3 IX/71, CSC2.1 IX/70, 2SXPS IX/58, CatWISE II/365, GaiaDR3 var I/358, ART-XC J/A+A/687/A183, MKM J/MNRAS/544/885); HEASARC xmmssc(5XMM); NWAY eRASSc3 27Jul2026; DR2 UL server erodat; SIMBAD; TNS; ASAS-SN SkyPatrol v2"
vanished_full,1eRASS J121424.3-634022,183.6015366240932,-63.672927518289406,2.4810174,,,,,,41.12258,,0.10167308,,9.4667675e-14,,,,,,,,,,,,,,,,,,,,,,ARTIFACT,erbox confusion dropout (paper Sect. 3.2.5),"UL presence 2.41; bright-neighbor sep 17.13773441871452""",False,ARTIFACT-CONFUSION,2.405307265314705,,,,"services 2026-08-14: CDS X-Match (2RXS J/A+A/588/A103, XMMSL3 IX/71, CSC2.1 IX/70, 2SXPS IX/58, CatWISE II/365, GaiaDR3 var I/358, ART-XC J/A+A/687/A183, MKM J/MNRAS/544/885); HEASARC xmmssc(5XMM); NWAY eRASSc3 27Jul2026; DR2 UL server erodat; SIMBAD; TNS; ASAS-SN SkyPatrol v2"
vanished_full,1eRASS J062100.7-033011,95.25328954418994,-3.503150830574439,2.7975817,,,,,,41.118336,,0.21700065,,2.0204903e-13,,,,,,,,,,,,,,,,,,,,,,ARTIFACT,erbox confusion dropout (paper Sect. 3.2.5),"UL presence 2.68; bright-neighbor sep 17.42260394344539""",False,ARTIFACT-CONFUSION,2.676880702214129,,,,"services 2026-08-14: CDS X-Match (2RXS J/A+A/588/A103, XMMSL3 IX/71, CSC2.1 IX/70, 2SXPS IX/58, CatWISE II/365, GaiaDR3 var I/358, ART-XC J/A+A/687/A183, MKM J/MNRAS/544/885); HEASARC xmmssc(5XMM); NWAY eRASSc3 27Jul2026; DR2 UL server erodat; SIMBAD; TNS; ASAS-SN SkyPatrol v2"
vanished_full,1eRASS J041109.6-481931,62.790316077779,-48.32531091068896,2.1819057,,,,,,40.833748,,0.11451786,,1.06627435e-13,,,,,,,,,,,,,,,,,,,,,,ARTIFACT,erbox confusion dropout (paper Sect. 3.2.5),"UL presence 1.70; bright-neighbor sep 81.27443487073486""",False,ARTIFACT-CONFUSION,1.6973096129710106,,,,"services 2026-08-14: CDS X-Match (2RXS J/A+A/588/A103, XMMSL3 IX/71, CSC2.1 IX/70, 2SXPS IX/58, CatWISE II/365, GaiaDR3 var I/358, ART-XC J/A+A/687/A183, MKM J/MNRAS/544/885); HEASARC xmmssc(5XMM); NWAY eRASSc3 27Jul2026; DR2 UL server erodat; SIMBAD; TNS; ASAS-SN SkyPatrol v2"
vanished_full,1eRASS J054518.5-295050,86.3273058650845,-29.847491682089583,2.7937815,,,,,,40.80731,,0.13932537,,1.2972567e-13,,,,,,,,,,,,,,,,,,,,,,ARTIFACT,erbox confusion dropout (paper Sect. 3.2.5),"UL presence 1.86; bright-neighbor sep 35.58068291555955""",False,ARTIFACT-CONFUSION,1.855975799372708,,,,"services 2026-08-14: CDS X-Match (2RXS J/A+A/588/A103, XMMSL3 IX/71, CSC2.1 IX/70, 2SXPS IX/58, CatWISE II/365, GaiaDR3 var I/358, ART-XC J/A+A/687/A183, MKM J/MNRAS/544/885); HEASARC xmmssc(5XMM); NWAY eRASSc3 27Jul2026; DR2 UL server erodat; SIMBAD; TNS; ASAS-SN SkyPatrol v2"
vanished_full,1eRASS J165407.5-740323,253.531481018819,-74.05657182561835,2.7534506,,,,,,40.62809,,0.14126272,,1.3152954e-13,,,,,,,,,,,,,,,,,,,,,,ARTIFACT,bright source within ~PSF: identity confused,"UL presence 1.27; bright-neighbor sep 34.507215252159426""",False,CONFUSED-IDENTITY,1.273740148575471,,,,"services 2026-08-14: CDS X-Match (2RXS J/A+A/588/A103, XMMSL3 IX/71, CSC2.1 IX/70, 2SXPS IX/58, CatWISE II/365, GaiaDR3 var I/358, ART-XC J/A+A/687/A183, MKM J/MNRAS/544/885); HEASARC xmmssc(5XMM); NWAY eRASSc3 27Jul2026; DR2 UL server erodat; SIMBAD; TNS; ASAS-SN SkyPatrol v2"
vanished_full,1eRASS J024517.0-401403,41.32123886659931,-40.23442255932834,2.8457081,,,,,,40.453304,,0.105773665,,9.848573e-14,,,,,,,,,,,,,,,,,,,,,,ARTIFACT,erbox confusion dropout (paper Sect. 3.2.5),"UL presence 2.03; bright-neighbor sep 20.05823993213059""",False,ARTIFACT-CONFUSION,2.028685660948454,,,,"services 2026-08-14: CDS X-Match (2RXS J/A+A/588/A103, XMMSL3 IX/71, CSC2.1 IX/70, 2SXPS IX/58, CatWISE II/365, GaiaDR3 var I/358, ART-XC J/A+A/687/A183, MKM J/MNRAS/544/885); HEASARC xmmssc(5XMM); NWAY eRASSc3 27Jul2026; DR2 UL server erodat; SIMBAD; TNS; ASAS-SN SkyPatrol v2"
vanished_full,1eRASS J053624.0-625223,84.10006373457199,-62.87320497789656,2.60017,,,,,,40.413845,,0.0313147,,2.9157076e-14,,,,,,,,,,,,,,,,,,,,,,ARTIFACT,absorbed into extended source,"UL presence 3.13; bright-neighbor sep nan""",False,ARTIFACT-EXTENDED,3.131456517802824,,,,"services 2026-08-14: CDS X-Match (2RXS J/A+A/588/A103, XMMSL3 IX/71, CSC2.1 IX/70, 2SXPS IX/58, CatWISE II/365, GaiaDR3 var I/358, ART-XC J/A+A/687/A183, MKM J/MNRAS/544/885); HEASARC xmmssc(5XMM); NWAY eRASSc3 27Jul2026; DR2 UL server erodat; SIMBAD; TNS; ASAS-SN SkyPatrol v2"
vanished_full,1eRASS J111141.7+242837,167.92384262404173,24.477099775055407,2.3631415,,,,,,40.10165,,0.22276177,,2.0741319e-13,,,,,,,,,,,,,,,,,,,,,,PLAUSIBLE-CLASS,AGN fader (high-amplitude X-ray variability),CatWISE W1-W2=0.9719999999999995; Gaia classifier AGN 0.293007; stack blank (presence 1.02),False,FADE-CANDIDATE,1.0226389927841515,,,,"services 2026-08-14: CDS X-Match (2RXS J/A+A/588/A103, XMMSL3 IX/71, CSC2.1 IX/70, 2SXPS IX/58, CatWISE II/365, GaiaDR3 var I/358, ART-XC J/A+A/687/A183, MKM J/MNRAS/544/885); HEASARC xmmssc(5XMM); NWAY eRASSc3 27Jul2026; DR2 UL server erodat; SIMBAD; TNS; ASAS-SN SkyPatrol v2"
vanished_full,1eRASS J052728.6-065308,81.86917296663553,-6.885765664502103,3.0720024,,,,,,40.039314,,0.159083,,1.4812197e-13,,,,,,,,,,,,,,,,,,,,,,ARTIFACT,erbox confusion dropout (paper Sect. 3.2.5),"UL presence 3.40; bright-neighbor sep 16.75770498973218""",False,ARTIFACT-CONFUSION,3.397900726850299,,,,"services 2026-08-14: CDS X-Match (2RXS J/A+A/588/A103, XMMSL3 IX/71, CSC2.1 IX/70, 2SXPS IX/58, CatWISE II/365, GaiaDR3 var I/358, ART-XC J/A+A/687/A183, MKM J/MNRAS/544/885); HEASARC xmmssc(5XMM); NWAY eRASSc3 27Jul2026; DR2 UL server erodat; SIMBAD; TNS; ASAS-SN SkyPatrol v2"
vanished_full,1eRASS J075752.1+371330,119.46741583852057,37.22512861750372,3.6792138,,,,,,40.031147,,0.2510225,,2.3372672e-13,,,,,,,,,,,,,,,,,,,,,,ARTIFACT,erbox confusion dropout (paper Sect. 3.2.5),"UL presence 2.26; bright-neighbor sep 21.22388190466895""",False,ARTIFACT-CONFUSION,2.2560170329261013,,,,"services 2026-08-14: CDS X-Match (2RXS J/A+A/588/A103, XMMSL3 IX/71, CSC2.1 IX/70, 2SXPS IX/58, CatWISE II/365, GaiaDR3 var I/358, ART-XC J/A+A/687/A183, MKM J/MNRAS/544/885); HEASARC xmmssc(5XMM); NWAY eRASSc3 27Jul2026; DR2 UL server erodat; SIMBAD; TNS; ASAS-SN SkyPatrol v2"
vanished_full,1eRASS J052209.4-541115,80.53926493191608,-54.1876757762296,3.0069797,,,,,,39.98446,,0.04981541,,4.6383063e-14,,,,,,,,,,,,,,,,,,,,,,PLAUSIBLE-CLASS,AGN fader (high-amplitude X-ray variability),CatWISE W1-W2=0.956999999999999; Gaia classifier AGN 0.7970107; stack blank (presence 1.04),False,FADE-CANDIDATE,1.0415525978217155,,,,"services 2026-08-14: CDS X-Match (2RXS J/A+A/588/A103, XMMSL3 IX/71, CSC2.1 IX/70, 2SXPS IX/58, CatWISE II/365, GaiaDR3 var I/358, ART-XC J/A+A/687/A183, MKM J/MNRAS/544/885); HEASARC xmmssc(5XMM); NWAY eRASSc3 27Jul2026; DR2 UL server erodat; SIMBAD; TNS; ASAS-SN SkyPatrol v2"
vanished_full,1eRASS J044301.5-534001,70.75635642361408,-53.6669716058227,3.0752022,,,,,,39.77476,,0.05197361,,4.8392564e-14,,,,,,,,,,,,,,,,,,,,,,PLAUSIBLE-CLASS,unclassified real fader (blank counterpart),position blank in stack (UL presence 1.04); no archival X-ray; counterpart faint/absent - XRB/CV/AGN flare all open,False,FADE-CANDIDATE,1.0358091532449387,,,,"services 2026-08-14: CDS X-Match (2RXS J/A+A/588/A103, XMMSL3 IX/71, CSC2.1 IX/70, 2SXPS IX/58, CatWISE II/365, GaiaDR3 var I/358, ART-XC J/A+A/687/A183, MKM J/MNRAS/544/885); HEASARC xmmssc(5XMM); NWAY eRASSc3 27Jul2026; DR2 UL server erodat; SIMBAD; TNS; ASAS-SN SkyPatrol v2"
vanished_full,1eRASS J063922.2-701247,99.8428014568242,-70.21321230276702,2.7264512,,,,,,39.76721,,0.026174426,,2.4370974e-14,,,,,,,,,,,,,,,,,,,,,,ARTIFACT,absorbed into extended source,"UL presence 2.82; bright-neighbor sep nan""",False,ARTIFACT-EXTENDED,2.823600456468511,,,,"services 2026-08-14: CDS X-Match (2RXS J/A+A/588/A103, XMMSL3 IX/71, CSC2.1 IX/70, 2SXPS IX/58, CatWISE II/365, GaiaDR3 var I/358, ART-XC J/A+A/687/A183, MKM J/MNRAS/544/885); HEASARC xmmssc(5XMM); NWAY eRASSc3 27Jul2026; DR2 UL server erodat; SIMBAD; TNS; ASAS-SN SkyPatrol v2"
vanished_full,1eRASS J053615.2-574721,84.06348865078903,-57.78940326239431,2.4143639,,,,,,39.704422,,0.037079126,,3.4524328e-14,,,,,,,,,,,,,,,,,,,,,,PLAUSIBLE-CLASS,unclassified real fader (blank counterpart),position blank in stack (UL presence 1.03); no archival X-ray; counterpart faint/absent - XRB/CV/AGN flare all open,False,FADE-CANDIDATE,1.0320894306390829,,,,"services 2026-08-14: CDS X-Match (2RXS J/A+A/588/A103, XMMSL3 IX/71, CSC2.1 IX/70, 2SXPS IX/58, CatWISE II/365, GaiaDR3 var I/358, ART-XC J/A+A/687/A183, MKM J/MNRAS/544/885); HEASARC xmmssc(5XMM); NWAY eRASSc3 27Jul2026; DR2 UL server erodat; SIMBAD; TNS; ASAS-SN SkyPatrol v2"
vanished_full,1eRASS J070413.7-112455,106.05743506563412,-11.415464609309725,2.9509883,,,,,,39.704014,,0.16343388,,1.5217307e-13,,,,,,,,,,,,,,,,,,,,,,PLAUSIBLE-CLASS,unclassified real fader (blank counterpart),position blank in stack (UL presence 1.30); no archival X-ray; counterpart faint/absent - XRB/CV/AGN flare all open,False,FADE-CANDIDATE,1.304999555161542,,,,"services 2026-08-14: CDS X-Match (2RXS J/A+A/588/A103, XMMSL3 IX/71, CSC2.1 IX/70, 2SXPS IX/58, CatWISE II/365, GaiaDR3 var I/358, ART-XC J/A+A/687/A183, MKM J/MNRAS/544/885); HEASARC xmmssc(5XMM); NWAY eRASSc3 27Jul2026; DR2 UL server erodat; SIMBAD; TNS; ASAS-SN SkyPatrol v2"
vanished_full,1eRASS J004611.1-605644,11.54627876978078,-60.945688742134216,2.6637762,,,,,,39.65794,,0.10681204,,9.945255e-14,,,,,,,,,,,,,,,,,,,,,,PLAUSIBLE-CLASS,unclassified real fader (blank counterpart),position blank in stack (UL presence 1.01); no archival X-ray; counterpart faint/absent - XRB/CV/AGN flare all open,False,FADE-CANDIDATE,1.0144738617727984,,,,"services 2026-08-14: CDS X-Match (2RXS J/A+A/588/A103, XMMSL3 IX/71, CSC2.1 IX/70, 2SXPS IX/58, CatWISE II/365, GaiaDR3 var I/358, ART-XC J/A+A/687/A183, MKM J/MNRAS/544/885); HEASARC xmmssc(5XMM); NWAY eRASSc3 27Jul2026; DR2 UL server erodat; SIMBAD; TNS; ASAS-SN SkyPatrol v2"
vanished_full,1eRASS J053157.3-580733,82.98908956478063,-58.12583743567608,2.3992524,,,,,,39.49618,,0.038007673,,3.5388894e-14,,,,,,,,,,,,,,,,,,,,,,PLAUSIBLE-CLASS,unclassified real fader (blank counterpart),position blank in stack (UL presence 1.04); no archival X-ray; counterpart faint/absent - XRB/CV/AGN flare all open,False,FADE-CANDIDATE,1.0356096626206708,,,,"services 2026-08-14: CDS X-Match (2RXS J/A+A/588/A103, XMMSL3 IX/71, CSC2.1 IX/70, 2SXPS IX/58, CatWISE II/365, GaiaDR3 var I/358, ART-XC J/A+A/687/A183, MKM J/MNRAS/544/885); HEASARC xmmssc(5XMM); NWAY eRASSc3 27Jul2026; DR2 UL server erodat; SIMBAD; TNS; ASAS-SN SkyPatrol v2"
vanished_full,1eRASS J015134.3-285942,27.89305217867369,-28.99516562945641,2.8648798,,,,,,39.294052,,0.18578309,,1.729824e-13,,,,,,,,,,,,,,,,,,,,,,ARTIFACT,"DR2 source within 15"" (crosswalk miss)","UL presence 3.24; bright-neighbor sep 68.70629011822972""",False,ARTIFACT-SPLIT/MOVED,3.24019342285277,,,,"services 2026-08-14: CDS X-Match (2RXS J/A+A/588/A103, XMMSL3 IX/71, CSC2.1 IX/70, 2SXPS IX/58, CatWISE II/365, GaiaDR3 var I/358, ART-XC J/A+A/687/A183, MKM J/MNRAS/544/885); HEASARC xmmssc(5XMM); NWAY eRASSc3 27Jul2026; DR2 UL server erodat; SIMBAD; TNS; ASAS-SN SkyPatrol v2"
vanished_full,1eRASS J045559.2-551611,73.99692688882935,-55.269994792523065,2.6454744,,,,,,39.220234,,0.034798235,,3.2400592e-14,,,,,,,,,,,,,,,,,,,,,,PLAUSIBLE-CLASS,unclassified real fader (blank counterpart),position blank in stack (UL presence 1.00); no archival X-ray; counterpart faint/absent - XRB/CV/AGN flare all open,False,FADE-CANDIDATE,1.002298298110753,,,,"services 2026-08-14: CDS X-Match (2RXS J/A+A/588/A103, XMMSL3 IX/71, CSC2.1 IX/70, 2SXPS IX/58, CatWISE II/365, GaiaDR3 var I/358, ART-XC J/A+A/687/A183, MKM J/MNRAS/544/885); HEASARC xmmssc(5XMM); NWAY eRASSc3 27Jul2026; DR2 UL server erodat; SIMBAD; TNS; ASAS-SN SkyPatrol v2"
vanished_full,1eRASS J050506.3-322047,76.27645333808822,-32.3466269578606,2.6286268,,,,,,39.190727,,0.22584999,,2.1028863e-13,,,,,,,,,,,,,,,,,,,,,,ARTIFACT,erbox confusion dropout (paper Sect. 3.2.5),"UL presence 2.76; bright-neighbor sep 66.75050394298275""",False,ARTIFACT-CONFUSION,2.7634122279968976,,,,"services 2026-08-14: CDS X-Match (2RXS J/A+A/588/A103, XMMSL3 IX/71, CSC2.1 IX/70, 2SXPS IX/58, CatWISE II/365, GaiaDR3 var I/358, ART-XC J/A+A/687/A183, MKM J/MNRAS/544/885); HEASARC xmmssc(5XMM); NWAY eRASSc3 27Jul2026; DR2 UL server erodat; SIMBAD; TNS; ASAS-SN SkyPatrol v2"
vanished_full,1eRASS J101351.9+194539,153.46644727670437,19.760837880806623,4.0485334,,,,,,39.008595,,0.25312114,,2.3568078e-13,,,,,,,,,,,,,,,,,,,,,,ARTIFACT,absorbed into extended source,"UL presence 1.58; bright-neighbor sep nan""",False,ARTIFACT-EXTENDED,1.5770661418153131,,,,"services 2026-08-14: CDS X-Match (2RXS J/A+A/588/A103, XMMSL3 IX/71, CSC2.1 IX/70, 2SXPS IX/58, CatWISE II/365, GaiaDR3 var I/358, ART-XC J/A+A/687/A183, MKM J/MNRAS/544/885); HEASARC xmmssc(5XMM); NWAY eRASSc3 27Jul2026; DR2 UL server erodat; SIMBAD; TNS; ASAS-SN SkyPatrol v2"
vanished_full,1eRASS J073821.2-685802,114.5886201564272,-68.96746301131692,2.3330243,,,,,,38.99497,,0.032391734,,3.0159902e-14,,,,,,,,,,,,,,,,,,,,,,PLAUSIBLE-CLASS,unclassified real fader (blank counterpart),position blank in stack (UL presence 1.10); no archival X-ray; counterpart faint/absent - XRB/CV/AGN flare all open,False,FADE-CANDIDATE,1.0960347048163603,,,,"services 2026-08-14: CDS X-Match (2RXS J/A+A/588/A103, XMMSL3 IX/71, CSC2.1 IX/70, 2SXPS IX/58, CatWISE II/365, GaiaDR3 var I/358, ART-XC J/A+A/687/A183, MKM J/MNRAS/544/885); HEASARC xmmssc(5XMM); NWAY eRASSc3 27Jul2026; DR2 UL server erodat; SIMBAD; TNS; ASAS-SN SkyPatrol v2"
vanished_full,1eRASS J065250.1+082219,103.20892772614629,8.372077415902908,3.0975666,,,,,,38.990227,,0.23250583,,2.1648587e-13,,,,,,,,,,,,,,,,,,,,,,ARTIFACT,erbox confusion dropout (paper Sect. 3.2.5),"UL presence 2.41; bright-neighbor sep 24.714364041035648""",False,ARTIFACT-CONFUSION,2.4108477953301746,,,,"services 2026-08-14: CDS X-Match (2RXS J/A+A/588/A103, XMMSL3 IX/71, CSC2.1 IX/70, 2SXPS IX/58, CatWISE II/365, GaiaDR3 var I/358, ART-XC J/A+A/687/A183, MKM J/MNRAS/544/885); HEASARC xmmssc(5XMM); NWAY eRASSc3 27Jul2026; DR2 UL server erodat; SIMBAD; TNS; ASAS-SN SkyPatrol v2"
vanished_full,1eRASS J051057.6-652935,77.74022229084443,-65.49325708916805,2.4432514,,,,,,38.9818,,0.028723815,,2.6744708e-14,,,,,,,,,,,,,,,,,,,,,,ARTIFACT,erbox confusion dropout (paper Sect. 3.2.5),"UL presence 1.94; bright-neighbor sep 32.51468217508209""",False,ARTIFACT-CONFUSION,1.9381242019014848,,,,"services 2026-08-14: CDS X-Match (2RXS J/A+A/588/A103, XMMSL3 IX/71, CSC2.1 IX/70, 2SXPS IX/58, CatWISE II/365, GaiaDR3 var I/358, ART-XC J/A+A/687/A183, MKM J/MNRAS/544/885); HEASARC xmmssc(5XMM); NWAY eRASSc3 27Jul2026; DR2 UL server erodat; SIMBAD; TNS; ASAS-SN SkyPatrol v2"
vanished_full,1eRASS J035213.6-324613,58.05690569764587,-32.77049351469136,2.66372,,,,,,38.979034,,0.08288351,,7.7172725e-14,,,,,,,,,,,,,,,,,,,,,,PLAUSIBLE-CLASS,AGN fader (high-amplitude X-ray variability),CatWISE W1-W2=0.7110000000000003; Gaia classifier AGN 0.6197888; stack blank (presence 1.02),False,FADE-CANDIDATE,1.02487338895081,,,,"services 2026-08-14: CDS X-Match (2RXS J/A+A/588/A103, XMMSL3 IX/71, CSC2.1 IX/70, 2SXPS IX/58, CatWISE II/365, GaiaDR3 var I/358, ART-XC J/A+A/687/A183, MKM J/MNRAS/544/885); HEASARC xmmssc(5XMM); NWAY eRASSc3 27Jul2026; DR2 UL server erodat; SIMBAD; TNS; ASAS-SN SkyPatrol v2"
vanished_full,1eRASS J150149.9-403747,225.45797928349663,-40.62975861845308,3.5095074,,,,,,38.690853,,0.2693797,,2.508191e-13,,,,,,,,,,,,,,,,,,,,,,ARTIFACT,absorbed into extended source,"UL presence 1.59; bright-neighbor sep nan""",False,ARTIFACT-EXTENDED,1.585847798041236,,,,"services 2026-08-14: CDS X-Match (2RXS J/A+A/588/A103, XMMSL3 IX/71, CSC2.1 IX/70, 2SXPS IX/58, CatWISE II/365, GaiaDR3 var I/358, ART-XC J/A+A/687/A183, MKM J/MNRAS/544/885); HEASARC xmmssc(5XMM); NWAY eRASSc3 27Jul2026; DR2 UL server erodat; SIMBAD; TNS; ASAS-SN SkyPatrol v2"
vanished_full,1eRASS J074548.1-383407,116.45045451942433,-38.5687448770293,2.698919,,,,,,38.674797,,0.12863167,,1.1976878e-13,,,,,,,,,,,,,,,,,,,,,,PLAUSIBLE-CLASS,unclassified real fader (blank counterpart),position blank in stack (UL presence 1.05); no archival X-ray; counterpart faint/absent - XRB/CV/AGN flare all open,False,FADE-CANDIDATE,1.0513658331437397,,,,"services 2026-08-14: CDS X-Match (2RXS J/A+A/588/A103, XMMSL3 IX/71, CSC2.1 IX/70, 2SXPS IX/58, CatWISE II/365, GaiaDR3 var I/358, ART-XC J/A+A/687/A183, MKM J/MNRAS/544/885); HEASARC xmmssc(5XMM); NWAY eRASSc3 27Jul2026; DR2 UL server erodat; SIMBAD; TNS; ASAS-SN SkyPatrol v2"
vanished_full,1eRASS J095556.4-095744,148.98536223934948,-9.962332042609184,2.993023,,,,,,38.60888,,0.2499004,,2.3268196e-13,,,,,,,,,,,,,,,,,,,,,,ARTIFACT,erbox confusion dropout (paper Sect. 3.2.5),"UL presence 2.21; bright-neighbor sep 78.6430455973311""",False,ARTIFACT-CONFUSION,2.2143496662868305,,,,"services 2026-08-14: CDS X-Match (2RXS J/A+A/588/A103, XMMSL3 IX/71, CSC2.1 IX/70, 2SXPS IX/58, CatWISE II/365, GaiaDR3 var I/358, ART-XC J/A+A/687/A183, MKM J/MNRAS/544/885); HEASARC xmmssc(5XMM); NWAY eRASSc3 27Jul2026; DR2 UL server erodat; SIMBAD; TNS; ASAS-SN SkyPatrol v2"
vanished_full,1eRASS J130209.8-143659,195.54096143609493,-14.616567138655917,2.5799246,,,,,,38.55412,,0.16196081,,1.508015e-13,,,,,,,,,,,,,,,,,,,,,,PLAUSIBLE-CLASS,AGN fader (high-amplitude X-ray variability),CatWISE W1-W2=0.9079999999999995; Gaia classifier AGN 0.2277309; stack blank (presence 1.04),False,FADE-CANDIDATE,1.043696964930861,,,,"services 2026-08-14: CDS X-Match (2RXS J/A+A/588/A103, XMMSL3 IX/71, CSC2.1 IX/70, 2SXPS IX/58, CatWISE II/365, GaiaDR3 var I/358, ART-XC J/A+A/687/A183, MKM J/MNRAS/544/885); HEASARC xmmssc(5XMM); NWAY eRASSc3 27Jul2026; DR2 UL server erodat; SIMBAD; TNS; ASAS-SN SkyPatrol v2"
vanished_full,1eRASS J090022.7+215010,135.0947625673474,21.83629659439152,5.6205754,,,,,,38.23994,,0.22569467,,2.1014402e-13,,,,,,,,,,,,,,,,,,,,,,ARTIFACT,erbox confusion dropout (paper Sect. 3.2.5),"UL presence 4.65; bright-neighbor sep 19.489915800859595""",False,ARTIFACT-CONFUSION,4.645174888951258,,,,"services 2026-08-14: CDS X-Match (2RXS J/A+A/588/A103, XMMSL3 IX/71, CSC2.1 IX/70, 2SXPS IX/58, CatWISE II/365, GaiaDR3 var I/358, ART-XC J/A+A/687/A183, MKM J/MNRAS/544/885); HEASARC xmmssc(5XMM); NWAY eRASSc3 27Jul2026; DR2 UL server erodat; SIMBAD; TNS; ASAS-SN SkyPatrol v2"
vanished_full,1eRASS J094458.2-134712,146.24272907146064,-13.786669991360563,2.7354064,,,,,,37.982613,,0.30258968,,2.8174086e-13,,,,,,,,,,,,,,,,,,,,,,ARTIFACT,absorbed into extended source,"UL presence 1.87; bright-neighbor sep nan""",False,ARTIFACT-EXTENDED,1.8729575533172813,,,,"services 2026-08-14: CDS X-Match (2RXS J/A+A/588/A103, XMMSL3 IX/71, CSC2.1 IX/70, 2SXPS IX/58, CatWISE II/365, GaiaDR3 var I/358, ART-XC J/A+A/687/A183, MKM J/MNRAS/544/885); HEASARC xmmssc(5XMM); NWAY eRASSc3 27Jul2026; DR2 UL server erodat; SIMBAD; TNS; ASAS-SN SkyPatrol v2"
vanished_full,1eRASS J040908.4-390319,62.28523844612973,-39.05536805603261,2.7687066,,,,,,37.81274,,0.07281497,,6.7797927e-14,,,,,,,,,,,,,,,,,,,,,,PLAUSIBLE-CLASS,AGN fader (high-amplitude X-ray variability),CatWISE W1-W2=0.9319999999999986; Gaia classifier AGN 0.9291117; stack blank (presence 1.02),False,FADE-CANDIDATE,1.0179869512979136,,,,"services 2026-08-14: CDS X-Match (2RXS J/A+A/588/A103, XMMSL3 IX/71, CSC2.1 IX/70, 2SXPS IX/58, CatWISE II/365, GaiaDR3 var I/358, ART-XC J/A+A/687/A183, MKM J/MNRAS/544/885); HEASARC xmmssc(5XMM); NWAY eRASSc3 27Jul2026; DR2 UL server erodat; SIMBAD; TNS; ASAS-SN SkyPatrol v2"
vanished_full,1eRASS J082320.2+155746,125.83431112271631,15.962891834585436,2.7790918,,,,,,37.75455,,0.28632346,,2.665954e-13,,,,,,,,,,,,,,,,,,,,,,ARTIFACT,absorbed into extended source,"UL presence 2.01; bright-neighbor sep nan""",False,ARTIFACT-EXTENDED,2.009506975593765,,,,"services 2026-08-14: CDS X-Match (2RXS J/A+A/588/A103, XMMSL3 IX/71, CSC2.1 IX/70, 2SXPS IX/58, CatWISE II/365, GaiaDR3 var I/358, ART-XC J/A+A/687/A183, MKM J/MNRAS/544/885); HEASARC xmmssc(5XMM); NWAY eRASSc3 27Jul2026; DR2 UL server erodat; SIMBAD; TNS; ASAS-SN SkyPatrol v2"
vanished_full,1eRASS J055137.6-560320,87.90703197731052,-56.0556560694175,2.7666974,,,,,,37.32806,,0.0426746,,3.9734268e-14,,,,,,,,,,,,,,,,,,,,,,ARTIFACT,erbox confusion dropout (paper Sect. 3.2.5),"UL presence 2.57; bright-neighbor sep 21.284218053736502""",False,ARTIFACT-CONFUSION,2.566307147205269,,,,"services 2026-08-14: CDS X-Match (2RXS J/A+A/588/A103, XMMSL3 IX/71, CSC2.1 IX/70, 2SXPS IX/58, CatWISE II/365, GaiaDR3 var I/358, ART-XC J/A+A/687/A183, MKM J/MNRAS/544/885); HEASARC xmmssc(5XMM); NWAY eRASSc3 27Jul2026; DR2 UL server erodat; SIMBAD; TNS; ASAS-SN SkyPatrol v2"
vanished_full,1eRASS J140703.2-510202,211.76340985980323,-51.0340519249508,4.2276263,,,,,,37.22456,,0.19124243,,1.7806558e-13,,,,,,,,,,,,,,,,,,,,,,ARTIFACT,absorbed into extended source,"UL presence 2.50; bright-neighbor sep nan""",False,ARTIFACT-EXTENDED,2.499049938870541,,,,"services 2026-08-14: CDS X-Match (2RXS J/A+A/588/A103, XMMSL3 IX/71, CSC2.1 IX/70, 2SXPS IX/58, CatWISE II/365, GaiaDR3 var I/358, ART-XC J/A+A/687/A183, MKM J/MNRAS/544/885); HEASARC xmmssc(5XMM); NWAY eRASSc3 27Jul2026; DR2 UL server erodat; SIMBAD; TNS; ASAS-SN SkyPatrol v2"
vanished_full,1eRASS J113059.6-441905,172.7484962686637,-44.31812006231056,2.572085,,,,,,37.17089,,0.11058113,,1.0296195e-13,,,,,,,,,,,,,,,,,,,,,,PLAUSIBLE-CLASS,unclassified real fader (blank counterpart),position blank in stack (UL presence 1.37); no archival X-ray; counterpart faint/absent - XRB/CV/AGN flare all open,False,FADE-CANDIDATE,1.3708818648176346,,,,"services 2026-08-14: CDS X-Match (2RXS J/A+A/588/A103, XMMSL3 IX/71, CSC2.1 IX/70, 2SXPS IX/58, CatWISE II/365, GaiaDR3 var I/358, ART-XC J/A+A/687/A183, MKM J/MNRAS/544/885); HEASARC xmmssc(5XMM); NWAY eRASSc3 27Jul2026; DR2 UL server erodat; SIMBAD; TNS; ASAS-SN SkyPatrol v2"
vanished_full,1eRASS J171152.6-500622,257.9692556025896,-50.10612932932864,2.690874,,,,,,36.85595,,0.16742383,,1.5588812e-13,,,,,,,,,,,,,,,,,,,,,,ARTIFACT,erbox confusion dropout (paper Sect. 3.2.5),"UL presence 2.08; bright-neighbor sep 16.810083499809494""",False,ARTIFACT-CONFUSION,2.084243028542496,,,,"services 2026-08-14: CDS X-Match (2RXS J/A+A/588/A103, XMMSL3 IX/71, CSC2.1 IX/70, 2SXPS IX/58, CatWISE II/365, GaiaDR3 var I/358, ART-XC J/A+A/687/A183, MKM J/MNRAS/544/885); HEASARC xmmssc(5XMM); NWAY eRASSc3 27Jul2026; DR2 UL server erodat; SIMBAD; TNS; ASAS-SN SkyPatrol v2"
vanished_full,1eRASS J061834.2-644711,94.64250858225348,-64.78659914145865,2.526196,,,,,,36.843494,,0.02319814,,2.1599759e-14,,,,,,,,,,,,,,,,,,,,,,ARTIFACT,erbox confusion dropout (paper Sect. 3.2.5),"UL presence 1.52; bright-neighbor sep 34.08697341066712""",False,ARTIFACT-CONFUSION,1.5156944689361558,,,,"services 2026-08-14: CDS X-Match (2RXS J/A+A/588/A103, XMMSL3 IX/71, CSC2.1 IX/70, 2SXPS IX/58, CatWISE II/365, GaiaDR3 var I/358, ART-XC J/A+A/687/A183, MKM J/MNRAS/544/885); HEASARC xmmssc(5XMM); NWAY eRASSc3 27Jul2026; DR2 UL server erodat; SIMBAD; TNS; ASAS-SN SkyPatrol v2"
vanished_full,1eRASS J082100.7-420120,125.25320143198456,-42.02230406072773,4.180143,,,,,,36.831562,,0.19946605,,1.8572259e-13,,,,,,,,,,,,,,,,,,,,,,ARTIFACT,erbox confusion dropout (paper Sect. 3.2.5),"UL presence 2.17; bright-neighbor sep 16.33539564522889""",False,ARTIFACT-CONFUSION,2.167786476480662,,,,"services 2026-08-14: CDS X-Match (2RXS J/A+A/588/A103, XMMSL3 IX/71, CSC2.1 IX/70, 2SXPS IX/58, CatWISE II/365, GaiaDR3 var I/358, ART-XC J/A+A/687/A183, MKM J/MNRAS/544/885); HEASARC xmmssc(5XMM); NWAY eRASSc3 27Jul2026; DR2 UL server erodat; SIMBAD; TNS; ASAS-SN SkyPatrol v2"
vanished_full,1eRASS J090022.1+094122,135.09242286463154,9.68969752739356,3.2918732,,,,,,36.57181,,0.19978838,,1.860227e-13,,,,,,,,,,,,,,,,,,,,,,ARTIFACT,erbox confusion dropout (paper Sect. 3.2.5),"UL presence 2.13; bright-neighbor sep 16.082815484631798""",False,ARTIFACT-CONFUSION,2.1333747306684074,,,,"services 2026-08-14: CDS X-Match (2RXS J/A+A/588/A103, XMMSL3 IX/71, CSC2.1 IX/70, 2SXPS IX/58, CatWISE II/365, GaiaDR3 var I/358, ART-XC J/A+A/687/A183, MKM J/MNRAS/544/885); HEASARC xmmssc(5XMM); NWAY eRASSc3 27Jul2026; DR2 UL server erodat; SIMBAD; TNS; ASAS-SN SkyPatrol v2"
vanished_full,1eRASS J083358.4-174526,128.49343709643088,-17.757327591344502,2.5989115,,,,,,36.52059,,0.14926493,,1.389804e-13,,,,,,,,,,,,,,,,,,,,,,ARTIFACT,erbox confusion dropout (paper Sect. 3.2.5),"UL presence 1.88; bright-neighbor sep 19.95114436562879""",False,ARTIFACT-CONFUSION,1.883519189694562,,,,"services 2026-08-14: CDS X-Match (2RXS J/A+A/588/A103, XMMSL3 IX/71, CSC2.1 IX/70, 2SXPS IX/58, CatWISE II/365, GaiaDR3 var I/358, ART-XC J/A+A/687/A183, MKM J/MNRAS/544/885); HEASARC xmmssc(5XMM); NWAY eRASSc3 27Jul2026; DR2 UL server erodat; SIMBAD; TNS; ASAS-SN SkyPatrol v2"
vanished_full,1eRASS J061348.1-673745,93.45052164805918,-67.62936713076384,2.340112,,,,,,36.486954,,0.010669146,,9.934028e-15,,,,,,,,,,,,,,,,,,,,,,ARTIFACT,erbox confusion dropout (paper Sect. 3.2.5),"UL presence 1.84; bright-neighbor sep 28.17676314834934""",False,ARTIFACT-CONFUSION,1.8402561194608589,,,,"services 2026-08-14: CDS X-Match (2RXS J/A+A/588/A103, XMMSL3 IX/71, CSC2.1 IX/70, 2SXPS IX/58, CatWISE II/365, GaiaDR3 var I/358, ART-XC J/A+A/687/A183, MKM J/MNRAS/544/885); HEASARC xmmssc(5XMM); NWAY eRASSc3 27Jul2026; DR2 UL server erodat; SIMBAD; TNS; ASAS-SN SkyPatrol v2"
vanished_full,1eRASS J035053.9+061651,57.72488357978435,6.281082820749983,4.0009384,,,,,,36.455864,,0.18981332,,1.7673494e-13,,,,,,,,,,,,,,,,,,,,,,ARTIFACT,erbox confusion dropout (paper Sect. 3.2.5),"UL presence 1.95; bright-neighbor sep 34.28907179729293""",False,ARTIFACT-CONFUSION,1.947329899269309,,,,"services 2026-08-14: CDS X-Match (2RXS J/A+A/588/A103, XMMSL3 IX/71, CSC2.1 IX/70, 2SXPS IX/58, CatWISE II/365, GaiaDR3 var I/358, ART-XC J/A+A/687/A183, MKM J/MNRAS/544/885); HEASARC xmmssc(5XMM); NWAY eRASSc3 27Jul2026; DR2 UL server erodat; SIMBAD; TNS; ASAS-SN SkyPatrol v2"
vanished_full,1eRASS J064954.3-705132,102.4763974384146,-70.85899256512197,2.5901077,,,,,,36.41423,,0.021812523,,2.0309612e-14,,,,,,,,,,,,,,,,,,,,,,PLAUSIBLE-CLASS,unclassified real fader (blank counterpart),position blank in stack (UL presence 1.06); no archival X-ray; counterpart faint/absent - XRB/CV/AGN flare all open,False,FADE-CANDIDATE,1.0594711141378774,,,,"services 2026-08-14: CDS X-Match (2RXS J/A+A/588/A103, XMMSL3 IX/71, CSC2.1 IX/70, 2SXPS IX/58, CatWISE II/365, GaiaDR3 var I/358, ART-XC J/A+A/687/A183, MKM J/MNRAS/544/885); HEASARC xmmssc(5XMM); NWAY eRASSc3 27Jul2026; DR2 UL server erodat; SIMBAD; TNS; ASAS-SN SkyPatrol v2"
vanished_full,1eRASS J102243.2+321848,155.68024563822468,32.313581257754656,2.7163267,,,,,,36.37899,,0.34372342,,3.2004044e-13,,,,,,,,,,,,,,,,,,,,,,ARTIFACT,"DR2 source within 15"" (crosswalk miss)","UL presence 2.93; bright-neighbor sep nan""",False,ARTIFACT-SPLIT/MOVED,2.929709297346635,,,,"services 2026-08-14: CDS X-Match (2RXS J/A+A/588/A103, XMMSL3 IX/71, CSC2.1 IX/70, 2SXPS IX/58, CatWISE II/365, GaiaDR3 var I/358, ART-XC J/A+A/687/A183, MKM J/MNRAS/544/885); HEASARC xmmssc(5XMM); NWAY eRASSc3 27Jul2026; DR2 UL server erodat; SIMBAD; TNS; ASAS-SN SkyPatrol v2"
vanished_full,1eRASS J124517.7+270733,191.3237806799476,27.125924661800447,2.8420334,,,,,,36.348064,,0.17446575,,1.6244483e-13,,,,,,,,,,,,,,,,,,,,,,PLAUSIBLE-CLASS,unclassified real fader (blank counterpart),position blank in stack (UL presence 1.04); no archival X-ray; counterpart faint/absent - XRB/CV/AGN flare all open,False,FADE-CANDIDATE,1.0390056042386364,,,,"services 2026-08-14: CDS X-Match (2RXS J/A+A/588/A103, XMMSL3 IX/71, CSC2.1 IX/70, 2SXPS IX/58, CatWISE II/365, GaiaDR3 var I/358, ART-XC J/A+A/687/A183, MKM J/MNRAS/544/885); HEASARC xmmssc(5XMM); NWAY eRASSc3 27Jul2026; DR2 UL server erodat; SIMBAD; TNS; ASAS-SN SkyPatrol v2"
vanished_full,1eRASS J064335.9-683221,100.89982559412428,-68.53933193364635,2.399364,,,,,,36.26861,,0.023021955,,2.1435714e-14,,,,,,,,,,,,,,,,,,,,,,ARTIFACT,erbox confusion dropout (paper Sect. 3.2.5),"UL presence 1.77; bright-neighbor sep 34.4756650781567""",False,ARTIFACT-CONFUSION,1.7715415985083518,,,,"services 2026-08-14: CDS X-Match (2RXS J/A+A/588/A103, XMMSL3 IX/71, CSC2.1 IX/70, 2SXPS IX/58, CatWISE II/365, GaiaDR3 var I/358, ART-XC J/A+A/687/A183, MKM J/MNRAS/544/885); HEASARC xmmssc(5XMM); NWAY eRASSc3 27Jul2026; DR2 UL server erodat; SIMBAD; TNS; ASAS-SN SkyPatrol v2"
vanished_full,1eRASS J080829.7-651945,122.12411082983252,-65.32925455026802,2.5110154,,,,,,36.173714,,0.041058842,,3.8229836e-14,,,,,,,,,,,,,,,,,,,,,,PLAUSIBLE-CLASS,unclassified real fader (blank counterpart),position blank in stack (UL presence 1.00); no archival X-ray; counterpart faint/absent - XRB/CV/AGN flare all open,False,FADE-CANDIDATE,1.0004531957634006,,,,"services 2026-08-14: CDS X-Match (2RXS J/A+A/588/A103, XMMSL3 IX/71, CSC2.1 IX/70, 2SXPS IX/58, CatWISE II/365, GaiaDR3 var I/358, ART-XC J/A+A/687/A183, MKM J/MNRAS/544/885); HEASARC xmmssc(5XMM); NWAY eRASSc3 27Jul2026; DR2 UL server erodat; SIMBAD; TNS; ASAS-SN SkyPatrol v2"
vanished_full,1eRASS J052414.6+033013,81.06110118309431,3.5037685977646897,4.2519984,,,,,,36.14209,,0.22249389,,2.0716377e-13,,,,,,,,,,,,,,,,,,,,,,ARTIFACT,absorbed into extended source,"UL presence 2.50; bright-neighbor sep nan""",False,ARTIFACT-EXTENDED,2.502821111971824,,,,"services 2026-08-14: CDS X-Match (2RXS J/A+A/588/A103, XMMSL3 IX/71, CSC2.1 IX/70, 2SXPS IX/58, CatWISE II/365, GaiaDR3 var I/358, ART-XC J/A+A/687/A183, MKM J/MNRAS/544/885); HEASARC xmmssc(5XMM); NWAY eRASSc3 27Jul2026; DR2 UL server erodat; SIMBAD; TNS; ASAS-SN SkyPatrol v2"
vanished_full,1eRASS J041454.2-533419,63.72599126671308,-53.57207197171957,2.1943948,,,,,,35.91861,,0.047275983,,4.4018608e-14,,,,,,,,,,,,,,,,,,,,,,ARTIFACT,erbox confusion dropout (paper Sect. 3.2.5),"UL presence 2.15; bright-neighbor sep 19.24459019206716""",False,ARTIFACT-CONFUSION,2.1500155978288285,,,,"services 2026-08-14: CDS X-Match (2RXS J/A+A/588/A103, XMMSL3 IX/71, CSC2.1 IX/70, 2SXPS IX/58, CatWISE II/365, GaiaDR3 var I/358, ART-XC J/A+A/687/A183, MKM J/MNRAS/544/885); HEASARC xmmssc(5XMM); NWAY eRASSc3 27Jul2026; DR2 UL server erodat; SIMBAD; TNS; ASAS-SN SkyPatrol v2"
vanished_full,1eRASS J055257.5-670514,88.23995806842284,-67.08723392354219,2.461748,,,,,,35.886955,,0.0114245275,,1.0637363e-14,,,,,,,,,,,,,,,,,,,,,,ARTIFACT,erbox confusion dropout (paper Sect. 3.2.5),"UL presence 1.65; bright-neighbor sep 39.88434918992351""",False,ARTIFACT-CONFUSION,1.645331756187683,,,,"services 2026-08-14: CDS X-Match (2RXS J/A+A/588/A103, XMMSL3 IX/71, CSC2.1 IX/70, 2SXPS IX/58, CatWISE II/365, GaiaDR3 var I/358, ART-XC J/A+A/687/A183, MKM J/MNRAS/544/885); HEASARC xmmssc(5XMM); NWAY eRASSc3 27Jul2026; DR2 UL server erodat; SIMBAD; TNS; ASAS-SN SkyPatrol v2"
vanished_full,1eRASS J064444.5-570116,101.1858010430576,-57.0212305846615,2.5820465,,,,,,35.559544,,0.06653447,,6.195016e-14,,,,,,,,,,,,,,,,,,,,,,ARTIFACT,"DR2 source within 15"" (crosswalk miss)","UL presence 2.06; bright-neighbor sep 75.49462759611052""",False,ARTIFACT-SPLIT/MOVED,2.0567783701621623,,,,"services 2026-08-14: CDS X-Match (2RXS J/A+A/588/A103, XMMSL3 IX/71, CSC2.1 IX/70, 2SXPS IX/58, CatWISE II/365, GaiaDR3 var I/358, ART-XC J/A+A/687/A183, MKM J/MNRAS/544/885); HEASARC xmmssc(5XMM); NWAY eRASSc3 27Jul2026; DR2 UL server erodat; SIMBAD; TNS; ASAS-SN SkyPatrol v2"
vanished_full,1eRASS J072558.5-303653,111.49387178173984,-30.61480461325498,3.1296062,,,,,,34.948334,,0.14748764,,1.3732555e-13,,,,,,,,,,,,,,,,,,,,,,ARTIFACT,erbox confusion dropout (paper Sect. 3.2.5),"UL presence 2.39; bright-neighbor sep 19.0746595282011""",False,ARTIFACT-CONFUSION,2.387029827129912,,,,"services 2026-08-14: CDS X-Match (2RXS J/A+A/588/A103, XMMSL3 IX/71, CSC2.1 IX/70, 2SXPS IX/58, CatWISE II/365, GaiaDR3 var I/358, ART-XC J/A+A/687/A183, MKM J/MNRAS/544/885); HEASARC xmmssc(5XMM); NWAY eRASSc3 27Jul2026; DR2 UL server erodat; SIMBAD; TNS; ASAS-SN SkyPatrol v2"
vanished_full,1eRASS J050906.4-194337,77.27699168829169,-19.7270127093354,2.5215003,,,,,,34.881565,,0.104442514,,9.7246294e-14,,,,,,,,,,,,,,,,,,,,,,PLAUSIBLE-CLASS,unclassified real fader (blank counterpart),position blank in stack (UL presence 1.01); no archival X-ray; counterpart faint/absent - XRB/CV/AGN flare all open,False,FADE-CANDIDATE,1.010984460304667,,,,"services 2026-08-14: CDS X-Match (2RXS J/A+A/588/A103, XMMSL3 IX/71, CSC2.1 IX/70, 2SXPS IX/58, CatWISE II/365, GaiaDR3 var I/358, ART-XC J/A+A/687/A183, MKM J/MNRAS/544/885); HEASARC xmmssc(5XMM); NWAY eRASSc3 27Jul2026; DR2 UL server erodat; SIMBAD; TNS; ASAS-SN SkyPatrol v2"
vanished_full,1eRASS J053518.0+135422,83.82503018026871,13.90637224242941,2.3743489,,,,,,34.83268,,0.21804035,,2.0301709e-13,,,,,,,,,,,,,,,,,,,,,,ARTIFACT,erbox confusion dropout (paper Sect. 3.2.5),"UL presence 3.34; bright-neighbor sep 24.14594158598165""",False,ARTIFACT-CONFUSION,3.3433344460239645,,,,"services 2026-08-14: CDS X-Match (2RXS J/A+A/588/A103, XMMSL3 IX/71, CSC2.1 IX/70, 2SXPS IX/58, CatWISE II/365, GaiaDR3 var I/358, ART-XC J/A+A/687/A183, MKM J/MNRAS/544/885); HEASARC xmmssc(5XMM); NWAY eRASSc3 27Jul2026; DR2 UL server erodat; SIMBAD; TNS; ASAS-SN SkyPatrol v2"
vanished_full,1eRASS J055756.4-655853,89.4851597324506,-65.98158363999448,2.256641,,,,,,34.70868,,0.0064526647,,6.008068e-15,,,,,,,,,,,,,,,,,,,,,,ARTIFACT,erbox confusion dropout (paper Sect. 3.2.5),"UL presence 1.84; bright-neighbor sep 23.23998856161077""",False,ARTIFACT-CONFUSION,1.8446145034171628,,,,"services 2026-08-14: CDS X-Match (2RXS J/A+A/588/A103, XMMSL3 IX/71, CSC2.1 IX/70, 2SXPS IX/58, CatWISE II/365, GaiaDR3 var I/358, ART-XC J/A+A/687/A183, MKM J/MNRAS/544/885); HEASARC xmmssc(5XMM); NWAY eRASSc3 27Jul2026; DR2 UL server erodat; SIMBAD; TNS; ASAS-SN SkyPatrol v2"
vanished_full,1eRASS J142824.4-021621,217.10184513400523,-2.272699999969292,2.8787975,,,,,,34.59478,,0.11072763,,1.0309836e-13,,,,,,,,,,,,,,,,,,,,,,PLAUSIBLE-CLASS,unclassified real fader (blank counterpart),position blank in stack (UL presence 1.02); no archival X-ray; counterpart faint/absent - XRB/CV/AGN flare all open,False,FADE-CANDIDATE,1.017561835660263,,,,"services 2026-08-14: CDS X-Match (2RXS J/A+A/588/A103, XMMSL3 IX/71, CSC2.1 IX/70, 2SXPS IX/58, CatWISE II/365, GaiaDR3 var I/358, ART-XC J/A+A/687/A183, MKM J/MNRAS/544/885); HEASARC xmmssc(5XMM); NWAY eRASSc3 27Jul2026; DR2 UL server erodat; SIMBAD; TNS; ASAS-SN SkyPatrol v2"
vanished_full,1eRASS J022058.2-521758,35.242903055479104,-52.29957317487663,3.074702,,,,,,34.484997,,0.10488274,,9.7656184e-14,,,,,,,,,,,,,,,,,,,,,,PLAUSIBLE-CLASS,AGN fader (high-amplitude X-ray variability),CatWISE W1-W2=0.9720000000000013; Gaia classifier AGN 0.99190056; stack blank (presence 1.03),False,FADE-CANDIDATE,1.0251130077734727,,,,"services 2026-08-14: CDS X-Match (2RXS J/A+A/588/A103, XMMSL3 IX/71, CSC2.1 IX/70, 2SXPS IX/58, CatWISE II/365, GaiaDR3 var I/358, ART-XC J/A+A/687/A183, MKM J/MNRAS/544/885); HEASARC xmmssc(5XMM); NWAY eRASSc3 27Jul2026; DR2 UL server erodat; SIMBAD; TNS; ASAS-SN SkyPatrol v2"
vanished_full,1eRASS J043048.9-573718,67.70391532862946,-57.62176285699675,2.0727568,,,,,,34.394768,,0.140007,,1.3036035e-13,,,,,,,,,,,,,,,,,,,,,,ARTIFACT,"DR2 source within 15"" (crosswalk miss)","UL presence 7.13; bright-neighbor sep nan""",False,ARTIFACT-SPLIT/MOVED,7.134380010824808,,,,"services 2026-08-14: CDS X-Match (2RXS J/A+A/588/A103, XMMSL3 IX/71, CSC2.1 IX/70, 2SXPS IX/58, CatWISE II/365, GaiaDR3 var I/358, ART-XC J/A+A/687/A183, MKM J/MNRAS/544/885); HEASARC xmmssc(5XMM); NWAY eRASSc3 27Jul2026; DR2 UL server erodat; SIMBAD; TNS; ASAS-SN SkyPatrol v2"
vanished_full,1eRASS J233623.2-762049,354.0968165966302,-76.34701796516546,3.0416968,,,,,,34.310997,,0.1134524,,1.0563538e-13,,,,,,,,,,,,,,,,,,,,,,ARTIFACT,erbox confusion dropout (paper Sect. 3.2.5),"UL presence 2.35; bright-neighbor sep 17.7954910269022""",False,ARTIFACT-CONFUSION,2.347437139640507,,,,"services 2026-08-14: CDS X-Match (2RXS J/A+A/588/A103, XMMSL3 IX/71, CSC2.1 IX/70, 2SXPS IX/58, CatWISE II/365, GaiaDR3 var I/358, ART-XC J/A+A/687/A183, MKM J/MNRAS/544/885); HEASARC xmmssc(5XMM); NWAY eRASSc3 27Jul2026; DR2 UL server erodat; SIMBAD; TNS; ASAS-SN SkyPatrol v2"
vanished_full,1eRASS J054201.1-665720,85.50465819802645,-66.95569132733281,2.488193,,,,,,34.276867,,0.021687841,,2.0193521e-14,,,,,,,,,,,,,,,,,,,,,,ARTIFACT,"DR2 source within 15"" (crosswalk miss)","UL presence 4.51; bright-neighbor sep nan""",False,ARTIFACT-SPLIT/MOVED,4.511795088697792,,,,"services 2026-08-14: CDS X-Match (2RXS J/A+A/588/A103, XMMSL3 IX/71, CSC2.1 IX/70, 2SXPS IX/58, CatWISE II/365, GaiaDR3 var I/358, ART-XC J/A+A/687/A183, MKM J/MNRAS/544/885); HEASARC xmmssc(5XMM); NWAY eRASSc3 27Jul2026; DR2 UL server erodat; SIMBAD; TNS; ASAS-SN SkyPatrol v2"
vanished_full,1eRASS J120426.3-812317,181.10991080117947,-81.38821454437809,2.671503,,,,,,34.276466,,0.06660857,,6.2019156e-14,,,,,,,,,,,,,,,,,,,,,,PLAUSIBLE-CLASS,unclassified real fader (blank counterpart),position blank in stack (UL presence 1.03); no archival X-ray; counterpart faint/absent - XRB/CV/AGN flare all open,False,FADE-CANDIDATE,1.034900704187011,,,,"services 2026-08-14: CDS X-Match (2RXS J/A+A/588/A103, XMMSL3 IX/71, CSC2.1 IX/70, 2SXPS IX/58, CatWISE II/365, GaiaDR3 var I/358, ART-XC J/A+A/687/A183, MKM J/MNRAS/544/885); HEASARC xmmssc(5XMM); NWAY eRASSc3 27Jul2026; DR2 UL server erodat; SIMBAD; TNS; ASAS-SN SkyPatrol v2"
vanished_full,1eRASS J022807.6-624750,37.03190011316237,-62.79724503626548,2.761283,,,,,,34.20574,,0.09903347,,9.220994e-14,,,,,,,,,,,,,,,,,,,,,,PLAUSIBLE-CLASS,AGN fader (high-amplitude X-ray variability),CatWISE W1-W2=0.9580000000000002; Gaia classifier AGN 0.30816442; stack blank (presence 1.30),False,FADE-CANDIDATE,1.3038160269808292,,,,"services 2026-08-14: CDS X-Match (2RXS J/A+A/588/A103, XMMSL3 IX/71, CSC2.1 IX/70, 2SXPS IX/58, CatWISE II/365, GaiaDR3 var I/358, ART-XC J/A+A/687/A183, MKM J/MNRAS/544/885); HEASARC xmmssc(5XMM); NWAY eRASSc3 27Jul2026; DR2 UL server erodat; SIMBAD; TNS; ASAS-SN SkyPatrol v2"
vanished_full,1eRASS J060921.7-675015,92.34058250109366,-67.83767105899912,2.0502656,,,,,,33.990486,,0.014711673,,1.369802e-14,,,,,,,,,,,,,,,,,,,,,,ARTIFACT,erbox confusion dropout (paper Sect. 3.2.5),"UL presence 8.40; bright-neighbor sep 18.513364301016875""",False,ARTIFACT-CONFUSION,8.401301355933233,,,,"services 2026-08-14: CDS X-Match (2RXS J/A+A/588/A103, XMMSL3 IX/71, CSC2.1 IX/70, 2SXPS IX/58, CatWISE II/365, GaiaDR3 var I/358, ART-XC J/A+A/687/A183, MKM J/MNRAS/544/885); HEASARC xmmssc(5XMM); NWAY eRASSc3 27Jul2026; DR2 UL server erodat; SIMBAD; TNS; ASAS-SN SkyPatrol v2"
vanished_full,1eRASS J055224.0-624209,88.10013077964643,-62.70273779942316,2.4722567,,,,,,33.989902,,0.023657238,,2.2027224e-14,,,,,,,,,,,,,,,,,,,,,,ARTIFACT,erbox confusion dropout (paper Sect. 3.2.5),"UL presence 2.13; bright-neighbor sep 33.50021434033368""",False,ARTIFACT-CONFUSION,2.129060299316653,,,,"services 2026-08-14: CDS X-Match (2RXS J/A+A/588/A103, XMMSL3 IX/71, CSC2.1 IX/70, 2SXPS IX/58, CatWISE II/365, GaiaDR3 var I/358, ART-XC J/A+A/687/A183, MKM J/MNRAS/544/885); HEASARC xmmssc(5XMM); NWAY eRASSc3 27Jul2026; DR2 UL server erodat; SIMBAD; TNS; ASAS-SN SkyPatrol v2"
vanished_full,1eRASS J053219.9-054824,83.08301680355858,-5.806904137144826,3.7673442,,,,,,33.87493,,0.14154807,,1.3179522e-13,,,,,,,,,,,,,,,,,,,,,,PLAUSIBLE-CLASS,unclassified real fader (blank counterpart),position blank in stack (UL presence 1.10); no archival X-ray; counterpart faint/absent - XRB/CV/AGN flare all open,False,FADE-CANDIDATE,1.097834809484433,,,,"services 2026-08-14: CDS X-Match (2RXS J/A+A/588/A103, XMMSL3 IX/71, CSC2.1 IX/70, 2SXPS IX/58, CatWISE II/365, GaiaDR3 var I/358, ART-XC J/A+A/687/A183, MKM J/MNRAS/544/885); HEASARC xmmssc(5XMM); NWAY eRASSc3 27Jul2026; DR2 UL server erodat; SIMBAD; TNS; ASAS-SN SkyPatrol v2"
vanished_full,1eRASS J140943.6-304835,212.4316869665372,-30.809839387815565,3.0411427,,,,,,33.829914,,0.1646953,,1.5334758e-13,,,,,,,,,,,,,,,,,,,,,,ARTIFACT,absorbed into extended source,"UL presence 2.49; bright-neighbor sep nan""",False,ARTIFACT-EXTENDED,2.487002121341712,,,,"services 2026-08-14: CDS X-Match (2RXS J/A+A/588/A103, XMMSL3 IX/71, CSC2.1 IX/70, 2SXPS IX/58, CatWISE II/365, GaiaDR3 var I/358, ART-XC J/A+A/687/A183, MKM J/MNRAS/544/885); HEASARC xmmssc(5XMM); NWAY eRASSc3 27Jul2026; DR2 UL server erodat; SIMBAD; TNS; ASAS-SN SkyPatrol v2"
vanished_full,1eRASS J215833.0-511756,329.63760307801465,-51.2991483452152,3.1860943,,,,,,33.71614,,0.16811226,,1.5652911e-13,,,,,,,,,,,,,,,,,,,,,,PLAUSIBLE-CLASS,AGN fader (high-amplitude X-ray variability),CatWISE W1-W2=0.5299999999999994; Gaia classifier AGN 0.26413706; stack blank (presence 1.01),False,FADE-CANDIDATE,1.0089029619728935,,,,"services 2026-08-14: CDS X-Match (2RXS J/A+A/588/A103, XMMSL3 IX/71, CSC2.1 IX/70, 2SXPS IX/58, CatWISE II/365, GaiaDR3 var I/358, ART-XC J/A+A/687/A183, MKM J/MNRAS/544/885); HEASARC xmmssc(5XMM); NWAY eRASSc3 27Jul2026; DR2 UL server erodat; SIMBAD; TNS; ASAS-SN SkyPatrol v2"
vanished_full,1eRASS J031214.1-012332,48.0591043287928,-1.3923590179020748,3.5024734,,,,,,33.69146,,0.12260102,,1.1415365e-13,,,,,,,,,,,,,,,,,,,,,,PLAUSIBLE-CLASS,AGN fader (high-amplitude X-ray variability),CatWISE W1-W2=0.7910000000000004; Gaia classifier AGN 0.29588348; stack blank (presence 1.05),False,FADE-CANDIDATE,1.0524722362964336,,,,"services 2026-08-14: CDS X-Match (2RXS J/A+A/588/A103, XMMSL3 IX/71, CSC2.1 IX/70, 2SXPS IX/58, CatWISE II/365, GaiaDR3 var I/358, ART-XC J/A+A/687/A183, MKM J/MNRAS/544/885); HEASARC xmmssc(5XMM); NWAY eRASSc3 27Jul2026; DR2 UL server erodat; SIMBAD; TNS; ASAS-SN SkyPatrol v2"
vanished_full,1eRASS J084356.4-711203,130.98524498539066,-71.20100048423095,2.4940677,,,,,,33.594208,,0.057013124,,5.3084846e-14,,,,,,,,,,,,,,,,,,,,,,ARTIFACT,erbox confusion dropout (paper Sect. 3.2.5),"UL presence 2.88; bright-neighbor sep 82.01913595190192""",False,ARTIFACT-CONFUSION,2.8758162147291384,,,,"services 2026-08-14: CDS X-Match (2RXS J/A+A/588/A103, XMMSL3 IX/71, CSC2.1 IX/70, 2SXPS IX/58, CatWISE II/365, GaiaDR3 var I/358, ART-XC J/A+A/687/A183, MKM J/MNRAS/544/885); HEASARC xmmssc(5XMM); NWAY eRASSc3 27Jul2026; DR2 UL server erodat; SIMBAD; TNS; ASAS-SN SkyPatrol v2"
vanished_full,1eRASS J064950.8-774038,102.46196171806416,-77.67738780987546,2.8350062,,,,,,33.56634,,0.044339128,,4.1284105e-14,,,,,,,,,,,,,,,,,,,,,,ARTIFACT,erbox confusion dropout (paper Sect. 3.2.5),"UL presence 2.02; bright-neighbor sep 20.93522862871095""",False,ARTIFACT-CONFUSION,2.023617151239619,,,,"services 2026-08-14: CDS X-Match (2RXS J/A+A/588/A103, XMMSL3 IX/71, CSC2.1 IX/70, 2SXPS IX/58, CatWISE II/365, GaiaDR3 var I/358, ART-XC J/A+A/687/A183, MKM J/MNRAS/544/885); HEASARC xmmssc(5XMM); NWAY eRASSc3 27Jul2026; DR2 UL server erodat; SIMBAD; TNS; ASAS-SN SkyPatrol v2"
vanished_full,1eRASS J171746.2-731605,259.44274681702973,-73.26808379634451,2.5405576,,,,,,33.40449,,0.2110309,,1.964906e-13,,,,,,,,,,,,,,,,,,,,,,ARTIFACT,erbox confusion dropout (paper Sect. 3.2.5),"UL presence 3.26; bright-neighbor sep 54.398678833380174""",False,ARTIFACT-CONFUSION,3.2559668952117624,,,,"services 2026-08-14: CDS X-Match (2RXS J/A+A/588/A103, XMMSL3 IX/71, CSC2.1 IX/70, 2SXPS IX/58, CatWISE II/365, GaiaDR3 var I/358, ART-XC J/A+A/687/A183, MKM J/MNRAS/544/885); HEASARC xmmssc(5XMM); NWAY eRASSc3 27Jul2026; DR2 UL server erodat; SIMBAD; TNS; ASAS-SN SkyPatrol v2"
vanished_full,1eRASS J043838.0-455717,69.65870651452568,-45.95485759628184,3.2319345,,,,,,33.395416,,0.06795862,,6.327619e-14,,,,,,,,,,,,,,,,,,,,,,PLAUSIBLE-CLASS,unclassified real fader (blank counterpart),position blank in stack (UL presence 1.04); no archival X-ray; counterpart faint/absent - XRB/CV/AGN flare all open,False,FADE-CANDIDATE,1.037077658592799,,,,"services 2026-08-14: CDS X-Match (2RXS J/A+A/588/A103, XMMSL3 IX/71, CSC2.1 IX/70, 2SXPS IX/58, CatWISE II/365, GaiaDR3 var I/358, ART-XC J/A+A/687/A183, MKM J/MNRAS/544/885); HEASARC xmmssc(5XMM); NWAY eRASSc3 27Jul2026; DR2 UL server erodat; SIMBAD; TNS; ASAS-SN SkyPatrol v2"
vanished_full,1eRASS J010307.9-555821,15.783320760480631,-55.97253975518188,2.792398,,,,,,33.373264,,0.18224268,,1.6968592e-13,,,,,,,,,,,,,,,,,,,,,,ARTIFACT,absorbed into extended source,"UL presence 2.15; bright-neighbor sep nan""",False,ARTIFACT-EXTENDED,2.151065021692352,,,,"services 2026-08-14: CDS X-Match (2RXS J/A+A/588/A103, XMMSL3 IX/71, CSC2.1 IX/70, 2SXPS IX/58, CatWISE II/365, GaiaDR3 var I/358, ART-XC J/A+A/687/A183, MKM J/MNRAS/544/885); HEASARC xmmssc(5XMM); NWAY eRASSc3 27Jul2026; DR2 UL server erodat; SIMBAD; TNS; ASAS-SN SkyPatrol v2"
vanished_full,1eRASS J035317.7-390605,58.323789372637584,-39.101615374226654,3.0867033,,,,,,33.30391,,0.06965643,,6.4857015e-14,,,,,,,,,,,,,,,,,,,,,,PLAUSIBLE-CLASS,AGN fader (high-amplitude X-ray variability),CatWISE W1-W2=0.8460000000000019; Gaia classifier nan nan; stack blank (presence 1.18),False,FADE-CANDIDATE,1.175002749803721,,,,"services 2026-08-14: CDS X-Match (2RXS J/A+A/588/A103, XMMSL3 IX/71, CSC2.1 IX/70, 2SXPS IX/58, CatWISE II/365, GaiaDR3 var I/358, ART-XC J/A+A/687/A183, MKM J/MNRAS/544/885); HEASARC xmmssc(5XMM); NWAY eRASSc3 27Jul2026; DR2 UL server erodat; SIMBAD; TNS; ASAS-SN SkyPatrol v2"
vanished_full,1eRASS J032813.8-730115,52.05756868436547,-73.02098545563722,2.9200308,,,,,,33.295635,,0.05703446,,5.310471e-14,,,,,,,,,,,,,,,,,,,,,,PLAUSIBLE-CLASS,unclassified real fader (blank counterpart),position blank in stack (UL presence 1.11); no archival X-ray; counterpart faint/absent - XRB/CV/AGN flare all open,False,FADE-CANDIDATE,1.11355271642854,,,,"services 2026-08-14: CDS X-Match (2RXS J/A+A/588/A103, XMMSL3 IX/71, CSC2.1 IX/70, 2SXPS IX/58, CatWISE II/365, GaiaDR3 var I/358, ART-XC J/A+A/687/A183, MKM J/MNRAS/544/885); HEASARC xmmssc(5XMM); NWAY eRASSc3 27Jul2026; DR2 UL server erodat; SIMBAD; TNS; ASAS-SN SkyPatrol v2"
vanished_full,1eRASS J093649.0-642056,144.2045428430318,-64.34908746336166,2.704948,,,,,,33.17052,,0.07248607,,6.749169e-14,,,,,,,,,,,,,,,,,,,,,,ARTIFACT,erbox confusion dropout (paper Sect. 3.2.5),"UL presence 1.98; bright-neighbor sep 33.04025110383768""",False,ARTIFACT-CONFUSION,1.976926641608544,,,,"services 2026-08-14: CDS X-Match (2RXS J/A+A/588/A103, XMMSL3 IX/71, CSC2.1 IX/70, 2SXPS IX/58, CatWISE II/365, GaiaDR3 var I/358, ART-XC J/A+A/687/A183, MKM J/MNRAS/544/885); HEASARC xmmssc(5XMM); NWAY eRASSc3 27Jul2026; DR2 UL server erodat; SIMBAD; TNS; ASAS-SN SkyPatrol v2"
vanished_full,1eRASS J052902.2-652828,82.25922685293237,-65.47453756247441,2.628268,,,,,,33.121136,,0.04070117,,3.7896806e-14,,,,,,,,,,,,,,,,,,,,,,ARTIFACT,"flux persists at position, mechanism unclear","UL presence 1.60; bright-neighbor sep nan""",False,ARTIFACT-UNCLEAR-PERSIST,1.596976690431303,,,,"services 2026-08-14: CDS X-Match (2RXS J/A+A/588/A103, XMMSL3 IX/71, CSC2.1 IX/70, 2SXPS IX/58, CatWISE II/365, GaiaDR3 var I/358, ART-XC J/A+A/687/A183, MKM J/MNRAS/544/885); HEASARC xmmssc(5XMM); NWAY eRASSc3 27Jul2026; DR2 UL server erodat; SIMBAD; TNS; ASAS-SN SkyPatrol v2"
vanished_full,1eRASS J061803.5-681611,94.51467124782224,-68.26988122023396,2.1984715,,,,,,33.049355,,0.011269869,,1.0493361e-14,,,,,,,,,,,,,,,,,,,,,,PLAUSIBLE-CLASS,AGN fader (high-amplitude X-ray variability),CatWISE W1-W2=1.3590000000000018; Gaia classifier nan nan; stack blank (presence 1.01),False,FADE-CANDIDATE,1.007533279572188,,,,"services 2026-08-14: CDS X-Match (2RXS J/A+A/588/A103, XMMSL3 IX/71, CSC2.1 IX/70, 2SXPS IX/58, CatWISE II/365, GaiaDR3 var I/358, ART-XC J/A+A/687/A183, MKM J/MNRAS/544/885); HEASARC xmmssc(5XMM); NWAY eRASSc3 27Jul2026; DR2 UL server erodat; SIMBAD; TNS; ASAS-SN SkyPatrol v2"
vanished_full,1eRASS J061316.4-684004,93.31850041137596,-68.66790821942872,2.2550826,,,,,,33.031643,,0.013942415,,1.2981765e-14,,,,,,,,,,,,,,,,,,,,,,PLAUSIBLE-CLASS,AGN fader (high-amplitude X-ray variability),CatWISE W1-W2=1.1940000000000026; Gaia classifier nan nan; stack blank (presence 1.03),False,FADE-CANDIDATE,1.02961445192331,,,,"services 2026-08-14: CDS X-Match (2RXS J/A+A/588/A103, XMMSL3 IX/71, CSC2.1 IX/70, 2SXPS IX/58, CatWISE II/365, GaiaDR3 var I/358, ART-XC J/A+A/687/A183, MKM J/MNRAS/544/885); HEASARC xmmssc(5XMM); NWAY eRASSc3 27Jul2026; DR2 UL server erodat; SIMBAD; TNS; ASAS-SN SkyPatrol v2"
vanished_full,1eRASS J044343.1-652640,70.92960308229148,-65.44450624419487,2.5092375,,,,,,33.01095,,0.029665703,,2.7621699e-14,,,,,,,,,,,,,,,,,,,,,,PLAUSIBLE-CLASS,AGN fader (high-amplitude X-ray variability),CatWISE W1-W2=0.9570000000000007; Gaia classifier nan nan; stack blank (presence 1.05),False,FADE-CANDIDATE,1.0472797093137325,,,,"services 2026-08-14: CDS X-Match (2RXS J/A+A/588/A103, XMMSL3 IX/71, CSC2.1 IX/70, 2SXPS IX/58, CatWISE II/365, GaiaDR3 var I/358, ART-XC J/A+A/687/A183, MKM J/MNRAS/544/885); HEASARC xmmssc(5XMM); NWAY eRASSc3 27Jul2026; DR2 UL server erodat; SIMBAD; TNS; ASAS-SN SkyPatrol v2"
vanished_full,1eRASS J142652.1-224617,216.71727895721548,-22.771581838269835,2.574446,,,,,,32.86779,,0.17683475,,1.646506e-13,,,,,,,,,,,,,,,,,,,,,,ARTIFACT,"DR2 source within 15"" (crosswalk miss)","UL presence 3.17; bright-neighbor sep nan""",False,ARTIFACT-SPLIT/MOVED,3.1748954366643893,,,,"services 2026-08-14: CDS X-Match (2RXS J/A+A/588/A103, XMMSL3 IX/71, CSC2.1 IX/70, 2SXPS IX/58, CatWISE II/365, GaiaDR3 var I/358, ART-XC J/A+A/687/A183, MKM J/MNRAS/544/885); HEASARC xmmssc(5XMM); NWAY eRASSc3 27Jul2026; DR2 UL server erodat; SIMBAD; TNS; ASAS-SN SkyPatrol v2"
vanished_full,1eRASS J093102.8-812637,142.7619458011349,-81.44375760400517,2.4963872,,,,,,32.846413,,0.06667884,,6.208458e-14,,,,,,,,,,,,,,,,,,,,,,PLAUSIBLE-CLASS,unclassified real fader (blank counterpart),position blank in stack (UL presence 1.19); no archival X-ray; counterpart faint/absent - XRB/CV/AGN flare all open,False,FADE-CANDIDATE,1.1920491266269384,,,,"services 2026-08-14: CDS X-Match (2RXS J/A+A/588/A103, XMMSL3 IX/71, CSC2.1 IX/70, 2SXPS IX/58, CatWISE II/365, GaiaDR3 var I/358, ART-XC J/A+A/687/A183, MKM J/MNRAS/544/885); HEASARC xmmssc(5XMM); NWAY eRASSc3 27Jul2026; DR2 UL server erodat; SIMBAD; TNS; ASAS-SN SkyPatrol v2"
vanished_full,1eRASS J032615.8-075432,51.56608618333729,-7.908946240874342,2.4809864,,,,,,32.70322,,0.16443829,,1.5310828e-13,,,,,,,,,,,,,,,,,,,,,,ARTIFACT,"DR2 source within 15"" (crosswalk miss)","UL presence 2.70; bright-neighbor sep nan""",False,ARTIFACT-SPLIT/MOVED,2.704358654263097,,,,"services 2026-08-14: CDS X-Match (2RXS J/A+A/588/A103, XMMSL3 IX/71, CSC2.1 IX/70, 2SXPS IX/58, CatWISE II/365, GaiaDR3 var I/358, ART-XC J/A+A/687/A183, MKM J/MNRAS/544/885); HEASARC xmmssc(5XMM); NWAY eRASSc3 27Jul2026; DR2 UL server erodat; SIMBAD; TNS; ASAS-SN SkyPatrol v2"
vanished_full,1eRASS J121225.2+272245,183.10523394190403,27.37926998363846,4.188917,,,,,,32.67312,,0.2069826,,1.9272123e-13,,,,,,,,,,,,,,,,,,,,,,PLAUSIBLE-CLASS,unclassified real fader (blank counterpart),position blank in stack (UL presence 1.16); no archival X-ray; counterpart faint/absent - XRB/CV/AGN flare all open,False,FADE-CANDIDATE,1.1610943257919704,,,,"services 2026-08-14: CDS X-Match (2RXS J/A+A/588/A103, XMMSL3 IX/71, CSC2.1 IX/70, 2SXPS IX/58, CatWISE II/365, GaiaDR3 var I/358, ART-XC J/A+A/687/A183, MKM J/MNRAS/544/885); HEASARC xmmssc(5XMM); NWAY eRASSc3 27Jul2026; DR2 UL server erodat; SIMBAD; TNS; ASAS-SN SkyPatrol v2"
vanished_full,1eRASS J051829.5-665023,79.62315787552068,-66.83986273101065,2.5671306,,,,,,32.654713,,0.035467744,,3.302397e-14,,,,,,,,,,,,,,,,,,,,,,ARTIFACT,erbox confusion dropout (paper Sect. 3.2.5),"UL presence 2.91; bright-neighbor sep 60.82876262731797""",False,ARTIFACT-CONFUSION,2.908348921333064,,,,"services 2026-08-14: CDS X-Match (2RXS J/A+A/588/A103, XMMSL3 IX/71, CSC2.1 IX/70, 2SXPS IX/58, CatWISE II/365, GaiaDR3 var I/358, ART-XC J/A+A/687/A183, MKM J/MNRAS/544/885); HEASARC xmmssc(5XMM); NWAY eRASSc3 27Jul2026; DR2 UL server erodat; SIMBAD; TNS; ASAS-SN SkyPatrol v2"
vanished_full,1eRASS J054444.1+034954,86.18401153072877,3.831894947773936,3.8597436,,,,,,32.445164,,0.13111271,,1.2207887e-13,,,,,,,,,,,,,,,,,,,,,,ARTIFACT,erbox confusion dropout (paper Sect. 3.2.5),"UL presence 1.53; bright-neighbor sep 30.42321319457169""",False,ARTIFACT-CONFUSION,1.526477312335664,,,,"services 2026-08-14: CDS X-Match (2RXS J/A+A/588/A103, XMMSL3 IX/71, CSC2.1 IX/70, 2SXPS IX/58, CatWISE II/365, GaiaDR3 var I/358, ART-XC J/A+A/687/A183, MKM J/MNRAS/544/885); HEASARC xmmssc(5XMM); NWAY eRASSc3 27Jul2026; DR2 UL server erodat; SIMBAD; TNS; ASAS-SN SkyPatrol v2"
vanished_full,1eRASS J061641.2-720512,94.1716694094497,-72.08670805065812,2.7591763,,,,,,32.296856,,0.02441685,,2.2734498e-14,,,,,,,,,,,,,,,,,,,,,,PLAUSIBLE-CLASS,AGN fader (high-amplitude X-ray variability),CatWISE W1-W2=1.0650000000000013; Gaia classifier nan nan; stack blank (presence 1.03),False,FADE-CANDIDATE,1.0264972074666945,,,,"services 2026-08-14: CDS X-Match (2RXS J/A+A/588/A103, XMMSL3 IX/71, CSC2.1 IX/70, 2SXPS IX/58, CatWISE II/365, GaiaDR3 var I/358, ART-XC J/A+A/687/A183, MKM J/MNRAS/544/885); HEASARC xmmssc(5XMM); NWAY eRASSc3 27Jul2026; DR2 UL server erodat; SIMBAD; TNS; ASAS-SN SkyPatrol v2"
vanished_full,1eRASS J093343.6-271336,143.43201008211005,-27.22678170266408,2.7457888,,,,,,32.29634,,0.30353728,,2.8262318e-13,,,,,,,,,,,,,,,,,,,,,,ARTIFACT,"DR2 source within 15"" (crosswalk miss)","UL presence 3.59; bright-neighbor sep nan""",False,ARTIFACT-SPLIT/MOVED,3.5861482575317347,,,,"services 2026-08-14: CDS X-Match (2RXS J/A+A/588/A103, XMMSL3 IX/71, CSC2.1 IX/70, 2SXPS IX/58, CatWISE II/365, GaiaDR3 var I/358, ART-XC J/A+A/687/A183, MKM J/MNRAS/544/885); HEASARC xmmssc(5XMM); NWAY eRASSc3 27Jul2026; DR2 UL server erodat; SIMBAD; TNS; ASAS-SN SkyPatrol v2"
vanished_full,1eRASS J053557.6-061538,83.99027362104218,-6.260632351999504,2.7123952,,,,,,32.262894,,0.17422849,,1.6222393e-13,,,,,,,,,,,,,,,,,,,,,,PLAUSIBLE-CLASS,unclassified real fader (blank counterpart),position blank in stack (UL presence 1.47); no archival X-ray; counterpart faint/absent - XRB/CV/AGN flare all open,False,FADE-CANDIDATE,1.466804871554685,,,,"services 2026-08-14: CDS X-Match (2RXS J/A+A/588/A103, XMMSL3 IX/71, CSC2.1 IX/70, 2SXPS IX/58, CatWISE II/365, GaiaDR3 var I/358, ART-XC J/A+A/687/A183, MKM J/MNRAS/544/885); HEASARC xmmssc(5XMM); NWAY eRASSc3 27Jul2026; DR2 UL server erodat; SIMBAD; TNS; ASAS-SN SkyPatrol v2"
vanished_full,1eRASS J105024.7-031748,162.60326910791346,-3.296789688795678,3.0730553,,,,,,32.235283,,0.1941641,,1.8078594e-13,,,,,,,,,,,,,,,,,,,,,,ARTIFACT,erbox confusion dropout (paper Sect. 3.2.5),"UL presence 1.94; bright-neighbor sep 19.918786152114563""",False,ARTIFACT-CONFUSION,1.9443470061623604,,,,"services 2026-08-14: CDS X-Match (2RXS J/A+A/588/A103, XMMSL3 IX/71, CSC2.1 IX/70, 2SXPS IX/58, CatWISE II/365, GaiaDR3 var I/358, ART-XC J/A+A/687/A183, MKM J/MNRAS/544/885); HEASARC xmmssc(5XMM); NWAY eRASSc3 27Jul2026; DR2 UL server erodat; SIMBAD; TNS; ASAS-SN SkyPatrol v2"
vanished_full,1eRASS J141248.4-352217,213.20185456514625,-35.371425519036606,2.6601167,,,,,,32.076855,,0.12104166,,1.1270174e-13,,,,,,,,,,,,,,,,,,,,,,PLAUSIBLE-CLASS,unclassified real fader (blank counterpart),position blank in stack (UL presence 1.01); no archival X-ray; counterpart faint/absent - XRB/CV/AGN flare all open,False,FADE-CANDIDATE,1.0113585617838352,,,,"services 2026-08-14: CDS X-Match (2RXS J/A+A/588/A103, XMMSL3 IX/71, CSC2.1 IX/70, 2SXPS IX/58, CatWISE II/365, GaiaDR3 var I/358, ART-XC J/A+A/687/A183, MKM J/MNRAS/544/885); HEASARC xmmssc(5XMM); NWAY eRASSc3 27Jul2026; DR2 UL server erodat; SIMBAD; TNS; ASAS-SN SkyPatrol v2"
vanished_full,1eRASS J162522.5-635316,246.3438501262698,-63.887997173972536,2.7633052,,,,,,32.06608,,0.11774752,,1.0963457e-13,,,,,,,,,,,,,,,,,,,,,,PLAUSIBLE-CLASS,unclassified real fader (blank counterpart),position blank in stack (UL presence 1.25); no archival X-ray; counterpart faint/absent - XRB/CV/AGN flare all open,False,FADE-CANDIDATE,1.2470413698029366,,,,"services 2026-08-14: CDS X-Match (2RXS J/A+A/588/A103, XMMSL3 IX/71, CSC2.1 IX/70, 2SXPS IX/58, CatWISE II/365, GaiaDR3 var I/358, ART-XC J/A+A/687/A183, MKM J/MNRAS/544/885); HEASARC xmmssc(5XMM); NWAY eRASSc3 27Jul2026; DR2 UL server erodat; SIMBAD; TNS; ASAS-SN SkyPatrol v2"
vanished_full,1eRASS J023220.4-395724,38.0850330966222,-39.95678369128317,2.912685,,,,,,31.98018,,0.09121845,,8.493338e-14,,,,,,,,,,,,,,,,,,,,,,ARTIFACT,erbox confusion dropout (paper Sect. 3.2.5),"UL presence 1.96; bright-neighbor sep 25.35441699892803""",False,ARTIFACT-CONFUSION,1.958767296427756,,,,"services 2026-08-14: CDS X-Match (2RXS J/A+A/588/A103, XMMSL3 IX/71, CSC2.1 IX/70, 2SXPS IX/58, CatWISE II/365, GaiaDR3 var I/358, ART-XC J/A+A/687/A183, MKM J/MNRAS/544/885); HEASARC xmmssc(5XMM); NWAY eRASSc3 27Jul2026; DR2 UL server erodat; SIMBAD; TNS; ASAS-SN SkyPatrol v2"
vanished_full,1eRASS J220916.9-514928,332.32076077630177,-51.82450572969503,3.4974532,,,,,,31.977999,,0.1968316,,1.8326965e-13,,,,,,,,,,,,,,,,,,,,,,ARTIFACT,absorbed into extended source,"UL presence 2.51; bright-neighbor sep nan""",False,ARTIFACT-EXTENDED,2.5116513597174586,,,,"services 2026-08-14: CDS X-Match (2RXS J/A+A/588/A103, XMMSL3 IX/71, CSC2.1 IX/70, 2SXPS IX/58, CatWISE II/365, GaiaDR3 var I/358, ART-XC J/A+A/687/A183, MKM J/MNRAS/544/885); HEASARC xmmssc(5XMM); NWAY eRASSc3 27Jul2026; DR2 UL server erodat; SIMBAD; TNS; ASAS-SN SkyPatrol v2"
vanished_full,1eRASS J123444.3+230118,188.6846248396637,23.021787605814907,3.0341015,,,,,,31.938313,,0.20406762,,1.900071e-13,,,,,,,,,,,,,,,,,,,,,,ARTIFACT,absorbed into extended source,"UL presence 2.33; bright-neighbor sep nan""",False,ARTIFACT-EXTENDED,2.3272960214230967,,,,"services 2026-08-14: CDS X-Match (2RXS J/A+A/588/A103, XMMSL3 IX/71, CSC2.1 IX/70, 2SXPS IX/58, CatWISE II/365, GaiaDR3 var I/358, ART-XC J/A+A/687/A183, MKM J/MNRAS/544/885); HEASARC xmmssc(5XMM); NWAY eRASSc3 27Jul2026; DR2 UL server erodat; SIMBAD; TNS; ASAS-SN SkyPatrol v2"
vanished_full,1eRASS J081045.3-485147,122.6890542511524,-48.86314148606703,2.98199,,,,,,31.922577,,0.08987915,,8.368636e-14,,,,,,,,,,,,,,,,,,,,,,ARTIFACT,erbox confusion dropout (paper Sect. 3.2.5),"UL presence 2.39; bright-neighbor sep 18.756655624271545""",False,ARTIFACT-CONFUSION,2.3929694012482288,,,,"services 2026-08-14: CDS X-Match (2RXS J/A+A/588/A103, XMMSL3 IX/71, CSC2.1 IX/70, 2SXPS IX/58, CatWISE II/365, GaiaDR3 var I/358, ART-XC J/A+A/687/A183, MKM J/MNRAS/544/885); HEASARC xmmssc(5XMM); NWAY eRASSc3 27Jul2026; DR2 UL server erodat; SIMBAD; TNS; ASAS-SN SkyPatrol v2"
vanished_full,1eRASS J020953.9-405253,32.47468853164399,-40.88148899440805,2.9071443,,,,,,31.915499,,0.10903829,,1.01525416e-13,,,,,,,,,,,,,,,,,,,,,,PLAUSIBLE-CLASS,unclassified real fader (blank counterpart),position blank in stack (UL presence 1.01); no archival X-ray; counterpart faint/absent - XRB/CV/AGN flare all open,False,FADE-CANDIDATE,1.0054849756416973,,,,"services 2026-08-14: CDS X-Match (2RXS J/A+A/588/A103, XMMSL3 IX/71, CSC2.1 IX/70, 2SXPS IX/58, CatWISE II/365, GaiaDR3 var I/358, ART-XC J/A+A/687/A183, MKM J/MNRAS/544/885); HEASARC xmmssc(5XMM); NWAY eRASSc3 27Jul2026; DR2 UL server erodat; SIMBAD; TNS; ASAS-SN SkyPatrol v2"
vanished_full,1eRASS J024021.1-494428,40.0883279870151,-49.74137139693612,2.8413916,,,,,,31.902805,,0.08548475,,7.9594744e-14,,,,,,,,,,,,,,,,,,,,,,PLAUSIBLE-CLASS,unclassified real fader (blank counterpart),position blank in stack (UL presence 1.02); no archival X-ray; counterpart faint/absent - XRB/CV/AGN flare all open,False,FADE-CANDIDATE,1.017862922140761,,,,"services 2026-08-14: CDS X-Match (2RXS J/A+A/588/A103, XMMSL3 IX/71, CSC2.1 IX/70, 2SXPS IX/58, CatWISE II/365, GaiaDR3 var I/358, ART-XC J/A+A/687/A183, MKM J/MNRAS/544/885); HEASARC xmmssc(5XMM); NWAY eRASSc3 27Jul2026; DR2 UL server erodat; SIMBAD; TNS; ASAS-SN SkyPatrol v2"
vanished_full,1eRASS J042315.2-550656,65.81351166601068,-55.1156678195864,2.4376395,,,,,,31.773197,,0.11903822,,1.10836335e-13,,,,,,,,,,,,,,,,,,,,,,ARTIFACT,"DR2 source within 15"" (crosswalk miss)","UL presence 6.52; bright-neighbor sep nan""",False,ARTIFACT-SPLIT/MOVED,6.523063760057325,,,,"services 2026-08-14: CDS X-Match (2RXS J/A+A/588/A103, XMMSL3 IX/71, CSC2.1 IX/70, 2SXPS IX/58, CatWISE II/365, GaiaDR3 var I/358, ART-XC J/A+A/687/A183, MKM J/MNRAS/544/885); HEASARC xmmssc(5XMM); NWAY eRASSc3 27Jul2026; DR2 UL server erodat; SIMBAD; TNS; ASAS-SN SkyPatrol v2"
vanished_full,1eRASS J052221.8-535405,80.59092606946278,-53.90143927480996,2.8360243,,,,,,31.715187,,0.04241564,,3.949315e-14,,,,,,,,,,,,,,,,,,,,,,PLAUSIBLE-CLASS,unclassified real fader (blank counterpart),position blank in stack (UL presence 1.03); no archival X-ray; counterpart faint/absent - XRB/CV/AGN flare all open,False,FADE-CANDIDATE,1.026619835156914,,,,"services 2026-08-14: CDS X-Match (2RXS J/A+A/588/A103, XMMSL3 IX/71, CSC2.1 IX/70, 2SXPS IX/58, CatWISE II/365, GaiaDR3 var I/358, ART-XC J/A+A/687/A183, MKM J/MNRAS/544/885); HEASARC xmmssc(5XMM); NWAY eRASSc3 27Jul2026; DR2 UL server erodat; SIMBAD; TNS; ASAS-SN SkyPatrol v2"
vanished_full,1eRASS J061205.2-703425,93.02186236800677,-70.57381774190037,3.8328073,,,,,,31.706175,,0.027761381,,2.5848586e-14,,,,,,,,,,,,,,,,,,,,,,ARTIFACT,erbox confusion dropout (paper Sect. 3.2.5),"UL presence 2.98; bright-neighbor sep 77.24205955142143""",False,ARTIFACT-CONFUSION,2.975491704005801,,,,"services 2026-08-14: CDS X-Match (2RXS J/A+A/588/A103, XMMSL3 IX/71, CSC2.1 IX/70, 2SXPS IX/58, CatWISE II/365, GaiaDR3 var I/358, ART-XC J/A+A/687/A183, MKM J/MNRAS/544/885); HEASARC xmmssc(5XMM); NWAY eRASSc3 27Jul2026; DR2 UL server erodat; SIMBAD; TNS; ASAS-SN SkyPatrol v2"
vanished_full,1eRASS J010720.2-512707,16.83428061722012,-51.4521572501238,2.758489,,,,,,31.675995,,0.12599696,,1.1731561e-13,,,,,,,,,,,,,,,,,,,,,,PLAUSIBLE-CLASS,AGN fader (high-amplitude X-ray variability),CatWISE W1-W2=0.8229999999999986; Gaia classifier AGN 0.45723256; stack blank (presence 1.03),False,FADE-CANDIDATE,1.031358155429894,,,,"services 2026-08-14: CDS X-Match (2RXS J/A+A/588/A103, XMMSL3 IX/71, CSC2.1 IX/70, 2SXPS IX/58, CatWISE II/365, GaiaDR3 var I/358, ART-XC J/A+A/687/A183, MKM J/MNRAS/544/885); HEASARC xmmssc(5XMM); NWAY eRASSc3 27Jul2026; DR2 UL server erodat; SIMBAD; TNS; ASAS-SN SkyPatrol v2"
vanished_full,1eRASS J075136.5-460118,117.90224539249805,-46.021786532073925,2.9103792,,,,,,31.670874,,0.10818117,,1.0072735e-13,,,,,,,,,,,,,,,,,,,,,,PLAUSIBLE-CLASS,unclassified real fader (blank counterpart),position blank in stack (UL presence 1.07); no archival X-ray; counterpart faint/absent - XRB/CV/AGN flare all open,False,FADE-CANDIDATE,1.0729825845105858,,,,"services 2026-08-14: CDS X-Match (2RXS J/A+A/588/A103, XMMSL3 IX/71, CSC2.1 IX/70, 2SXPS IX/58, CatWISE II/365, GaiaDR3 var I/358, ART-XC J/A+A/687/A183, MKM J/MNRAS/544/885); HEASARC xmmssc(5XMM); NWAY eRASSc3 27Jul2026; DR2 UL server erodat; SIMBAD; TNS; ASAS-SN SkyPatrol v2"
vanished_full,1eRASS J052209.3-415851,80.5390155297546,-41.9810023831585,2.7821288,,,,,,31.666622,,0.07267809,,6.767048e-14,,,,,,,,,,,,,,,,,,,,,,PLAUSIBLE-CLASS,AGN fader (high-amplitude X-ray variability),CatWISE W1-W2=1.3379999999999992; Gaia classifier AGN 0.76745313; stack blank (presence 1.49),False,FADE-CANDIDATE,1.486873838699481,,,,"services 2026-08-14: CDS X-Match (2RXS J/A+A/588/A103, XMMSL3 IX/71, CSC2.1 IX/70, 2SXPS IX/58, CatWISE II/365, GaiaDR3 var I/358, ART-XC J/A+A/687/A183, MKM J/MNRAS/544/885); HEASARC xmmssc(5XMM); NWAY eRASSc3 27Jul2026; DR2 UL server erodat; SIMBAD; TNS; ASAS-SN SkyPatrol v2"
vanished_full,1eRASS J081657.3-815419,124.23881874192575,-81.90547536482285,3.4574072,,,,,,31.598965,,0.050176788,,4.6719542e-14,,,,,,,,,,,,,,,,,,,,,,PLAUSIBLE-CLASS,unclassified real fader (blank counterpart),position blank in stack (UL presence 1.02); no archival X-ray; counterpart faint/absent - XRB/CV/AGN flare all open,False,FADE-CANDIDATE,1.0165738440299592,,,,"services 2026-08-14: CDS X-Match (2RXS J/A+A/588/A103, XMMSL3 IX/71, CSC2.1 IX/70, 2SXPS IX/58, CatWISE II/365, GaiaDR3 var I/358, ART-XC J/A+A/687/A183, MKM J/MNRAS/544/885); HEASARC xmmssc(5XMM); NWAY eRASSc3 27Jul2026; DR2 UL server erodat; SIMBAD; TNS; ASAS-SN SkyPatrol v2"
vanished_full,1eRASS J091013.5-273431,137.55640929475155,-27.57531000190642,2.9106045,,,,,,31.527275,,0.12222665,,1.1380507e-13,,,,,,,,,,,,,,,,,,,,,,ARTIFACT,bright source within ~PSF: identity confused,"UL presence 1.44; bright-neighbor sep 30.02688902121547""",False,CONFUSED-IDENTITY,1.4383714359619393,,,,"services 2026-08-14: CDS X-Match (2RXS J/A+A/588/A103, XMMSL3 IX/71, CSC2.1 IX/70, 2SXPS IX/58, CatWISE II/365, GaiaDR3 var I/358, ART-XC J/A+A/687/A183, MKM J/MNRAS/544/885); HEASARC xmmssc(5XMM); NWAY eRASSc3 27Jul2026; DR2 UL server erodat; SIMBAD; TNS; ASAS-SN SkyPatrol v2"
vanished_full,1eRASS J075026.7-673306,117.61139356035842,-67.55183671986786,3.0115047,,,,,,31.30328,,0.034166764,,3.181263e-14,,,,,,,,,,,,,,,,,,,,,,PLAUSIBLE-CLASS,unclassified real fader (blank counterpart),position blank in stack (UL presence 1.04); no archival X-ray; counterpart faint/absent - XRB/CV/AGN flare all open,False,FADE-CANDIDATE,1.0434070052363915,,,,"services 2026-08-14: CDS X-Match (2RXS J/A+A/588/A103, XMMSL3 IX/71, CSC2.1 IX/70, 2SXPS IX/58, CatWISE II/365, GaiaDR3 var I/358, ART-XC J/A+A/687/A183, MKM J/MNRAS/544/885); HEASARC xmmssc(5XMM); NWAY eRASSc3 27Jul2026; DR2 UL server erodat; SIMBAD; TNS; ASAS-SN SkyPatrol v2"
vanished_full,1eRASS J030103.0-235940,45.26291295917025,-23.99445733033694,3.092134,,,,,,31.294418,,0.085449725,,7.956213e-14,,,,,,,,,,,,,,,,,,,,,,ARTIFACT,erbox confusion dropout (paper Sect. 3.2.5),"UL presence 1.50; bright-neighbor sep 30.20694170910832""",False,ARTIFACT-CONFUSION,1.5011294501726211,,,,"services 2026-08-14: CDS X-Match (2RXS J/A+A/588/A103, XMMSL3 IX/71, CSC2.1 IX/70, 2SXPS IX/58, CatWISE II/365, GaiaDR3 var I/358, ART-XC J/A+A/687/A183, MKM J/MNRAS/544/885); HEASARC xmmssc(5XMM); NWAY eRASSc3 27Jul2026; DR2 UL server erodat; SIMBAD; TNS; ASAS-SN SkyPatrol v2"
vanished_full,1eRASS J053540.9-050902,83.92044346676153,-5.150760576237494,2.9916718,,,,,,31.2095,,0.21946973,,2.0434799e-13,,,,,,,,,,,,,,,,,,,,,,ARTIFACT,bright source within ~PSF: identity confused,"UL presence 1.46; bright-neighbor sep 38.85411639587369""",False,CONFUSED-IDENTITY,1.4586322711717274,,,,"services 2026-08-14: CDS X-Match (2RXS J/A+A/588/A103, XMMSL3 IX/71, CSC2.1 IX/70, 2SXPS IX/58, CatWISE II/365, GaiaDR3 var I/358, ART-XC J/A+A/687/A183, MKM J/MNRAS/544/885); HEASARC xmmssc(5XMM); NWAY eRASSc3 27Jul2026; DR2 UL server erodat; SIMBAD; TNS; ASAS-SN SkyPatrol v2"
vanished_full,1eRASS J033300.7-473846,53.252944905950855,-47.64621448130078,3.7262585,,,,,,31.203552,,0.09195856,,8.5622495e-14,,,,,,,,,,,,,,,,,,,,,,PLAUSIBLE-CLASS,AGN fader (high-amplitude X-ray variability),CatWISE W1-W2=-0.28800000000000026; Gaia classifier AGN 0.47520828; stack blank (presence 1.38),False,FADE-CANDIDATE,1.3772018030654063,,,,"services 2026-08-14: CDS X-Match (2RXS J/A+A/588/A103, XMMSL3 IX/71, CSC2.1 IX/70, 2SXPS IX/58, CatWISE II/365, GaiaDR3 var I/358, ART-XC J/A+A/687/A183, MKM J/MNRAS/544/885); HEASARC xmmssc(5XMM); NWAY eRASSc3 27Jul2026; DR2 UL server erodat; SIMBAD; TNS; ASAS-SN SkyPatrol v2"
vanished_full,1eRASS J023931.9-461917,39.88299131788459,-46.32152481737608,2.76237,,,,,,31.178284,,0.10143421,,9.4445265e-14,,,,,,,,,,,,,,,,,,,,,,ARTIFACT,erbox confusion dropout (paper Sect. 3.2.5),"UL presence 2.26; bright-neighbor sep 107.43172372223702""",False,ARTIFACT-CONFUSION,2.25995153333873,,,,"services 2026-08-14: CDS X-Match (2RXS J/A+A/588/A103, XMMSL3 IX/71, CSC2.1 IX/70, 2SXPS IX/58, CatWISE II/365, GaiaDR3 var I/358, ART-XC J/A+A/687/A183, MKM J/MNRAS/544/885); HEASARC xmmssc(5XMM); NWAY eRASSc3 27Jul2026; DR2 UL server erodat; SIMBAD; TNS; ASAS-SN SkyPatrol v2"
vanished_full,1eRASS J071852.6-245807,109.71922709616209,-24.96877968480865,3.9905496,,,,,,31.057724,,0.1489964,,1.3873035e-13,,,,,,,,,,,,,,,,,,,,,,ARTIFACT,absorbed into extended source,"UL presence 1.86; bright-neighbor sep nan""",False,ARTIFACT-EXTENDED,1.863311936550091,,,,"services 2026-08-14: CDS X-Match (2RXS J/A+A/588/A103, XMMSL3 IX/71, CSC2.1 IX/70, 2SXPS IX/58, CatWISE II/365, GaiaDR3 var I/358, ART-XC J/A+A/687/A183, MKM J/MNRAS/544/885); HEASARC xmmssc(5XMM); NWAY eRASSc3 27Jul2026; DR2 UL server erodat; SIMBAD; TNS; ASAS-SN SkyPatrol v2"
vanished_full,1eRASS J060303.4-672710,90.7643965612976,-67.45295540706772,2.3435256,,,,,,31.019361,,0.0071472465,,6.6547923e-15,,,,,,,,,,,,,,,,,,,,,,ARTIFACT,erbox confusion dropout (paper Sect. 3.2.5),"UL presence 2.21; bright-neighbor sep 23.73746055491907""",False,ARTIFACT-CONFUSION,2.210587352015757,,,,"services 2026-08-14: CDS X-Match (2RXS J/A+A/588/A103, XMMSL3 IX/71, CSC2.1 IX/70, 2SXPS IX/58, CatWISE II/365, GaiaDR3 var I/358, ART-XC J/A+A/687/A183, MKM J/MNRAS/544/885); HEASARC xmmssc(5XMM); NWAY eRASSc3 27Jul2026; DR2 UL server erodat; SIMBAD; TNS; ASAS-SN SkyPatrol v2"
vanished_full,1eRASS J055938.6-615349,89.91084827788883,-61.896978924209066,2.6533406,,,,,,30.916737,,0.026058618,,2.4263145e-14,,,,,,,,,,,,,,,,,,,,,,PLAUSIBLE-CLASS,unclassified real fader (blank counterpart),position blank in stack (UL presence 1.03); no archival X-ray; counterpart faint/absent - XRB/CV/AGN flare all open,False,FADE-CANDIDATE,1.0306128148932934,,,,"services 2026-08-14: CDS X-Match (2RXS J/A+A/588/A103, XMMSL3 IX/71, CSC2.1 IX/70, 2SXPS IX/58, CatWISE II/365, GaiaDR3 var I/358, ART-XC J/A+A/687/A183, MKM J/MNRAS/544/885); HEASARC xmmssc(5XMM); NWAY eRASSc3 27Jul2026; DR2 UL server erodat; SIMBAD; TNS; ASAS-SN SkyPatrol v2"
vanished_full,1eRASS J094058.8+294907,145.24516524009806,29.81877190405362,4.175607,,,,,,30.872183,,0.21766047,,2.026634e-13,,,,,,,,,,,,,,,,,,,,,,ARTIFACT,erbox confusion dropout (paper Sect. 3.2.5),"UL presence 1.56; bright-neighbor sep 21.3996211440726""",False,ARTIFACT-CONFUSION,1.5607432212101822,,,,"services 2026-08-14: CDS X-Match (2RXS J/A+A/588/A103, XMMSL3 IX/71, CSC2.1 IX/70, 2SXPS IX/58, CatWISE II/365, GaiaDR3 var I/358, ART-XC J/A+A/687/A183, MKM J/MNRAS/544/885); HEASARC xmmssc(5XMM); NWAY eRASSc3 27Jul2026; DR2 UL server erodat; SIMBAD; TNS; ASAS-SN SkyPatrol v2"
vanished_full,1eRASS J140229.5-274630,210.62315762150192,-27.77510097176293,3.181041,,,,,,30.817392,,0.11679067,,1.0874364e-13,,,,,,,,,,,,,,,,,,,,,,ARTIFACT,erbox confusion dropout (paper Sect. 3.2.5),"UL presence 1.50; bright-neighbor sep 25.84846513479024""",False,ARTIFACT-CONFUSION,1.500605009901169,,,,"services 2026-08-14: CDS X-Match (2RXS J/A+A/588/A103, XMMSL3 IX/71, CSC2.1 IX/70, 2SXPS IX/58, CatWISE II/365, GaiaDR3 var I/358, ART-XC J/A+A/687/A183, MKM J/MNRAS/544/885); HEASARC xmmssc(5XMM); NWAY eRASSc3 27Jul2026; DR2 UL server erodat; SIMBAD; TNS; ASAS-SN SkyPatrol v2"
vanished_full,1eRASS J124017.3-004626,190.0723881052928,-0.7741378136945577,3.223923,,,,,,30.770603,,0.13128854,,1.2224259e-13,,,,,,,,,,,,,,,,,,,,,,PLAUSIBLE-CLASS,unclassified real fader (blank counterpart),position blank in stack (UL presence 1.02); no archival X-ray; counterpart faint/absent - XRB/CV/AGN flare all open,False,FADE-CANDIDATE,1.0181528403067164,,,,"services 2026-08-14: CDS X-Match (2RXS J/A+A/588/A103, XMMSL3 IX/71, CSC2.1 IX/70, 2SXPS IX/58, CatWISE II/365, GaiaDR3 var I/358, ART-XC J/A+A/687/A183, MKM J/MNRAS/544/885); HEASARC xmmssc(5XMM); NWAY eRASSc3 27Jul2026; DR2 UL server erodat; SIMBAD; TNS; ASAS-SN SkyPatrol v2"
vanished_full,1eRASS J011231.0-361953,18.129218107840604,-36.3315456193771,3.0321581,,,,,,30.76997,,0.16991137,,1.5820426e-13,,,,,,,,,,,,,,,,,,,,,,ARTIFACT,absorbed into extended source,"UL presence 2.03; bright-neighbor sep nan""",False,ARTIFACT-EXTENDED,2.033012770671369,,,,"services 2026-08-14: CDS X-Match (2RXS J/A+A/588/A103, XMMSL3 IX/71, CSC2.1 IX/70, 2SXPS IX/58, CatWISE II/365, GaiaDR3 var I/358, ART-XC J/A+A/687/A183, MKM J/MNRAS/544/885); HEASARC xmmssc(5XMM); NWAY eRASSc3 27Jul2026; DR2 UL server erodat; SIMBAD; TNS; ASAS-SN SkyPatrol v2"
vanished_full,1eRASS J080838.7-751306,122.1612862553625,-75.21838120986234,2.7364135,,,,,,30.716045,,0.034422677,,3.205091e-14,,,,,,,,,,,,,,,,,,,,,,PLAUSIBLE-CLASS,unclassified real fader (blank counterpart),position blank in stack (UL presence 1.00); no archival X-ray; counterpart faint/absent - XRB/CV/AGN flare all open,False,FADE-CANDIDATE,1.0038665627965766,,,,"services 2026-08-14: CDS X-Match (2RXS J/A+A/588/A103, XMMSL3 IX/71, CSC2.1 IX/70, 2SXPS IX/58, CatWISE II/365, GaiaDR3 var I/358, ART-XC J/A+A/687/A183, MKM J/MNRAS/544/885); HEASARC xmmssc(5XMM); NWAY eRASSc3 27Jul2026; DR2 UL server erodat; SIMBAD; TNS; ASAS-SN SkyPatrol v2"
vanished_full,1eRASS J014002.4-274211,25.01028800240677,-27.7030706135494,2.9655929,,,,,,30.70583,,0.15157722,,1.4113336e-13,,,,,,,,,,,,,,,,,,,,,,ARTIFACT,"DR2 source within 15"" (crosswalk miss)","UL presence 2.34; bright-neighbor sep nan""",False,ARTIFACT-SPLIT/MOVED,2.340611648366661,,,,"services 2026-08-14: CDS X-Match (2RXS J/A+A/588/A103, XMMSL3 IX/71, CSC2.1 IX/70, 2SXPS IX/58, CatWISE II/365, GaiaDR3 var I/358, ART-XC J/A+A/687/A183, MKM J/MNRAS/544/885); HEASARC xmmssc(5XMM); NWAY eRASSc3 27Jul2026; DR2 UL server erodat; SIMBAD; TNS; ASAS-SN SkyPatrol v2"
vanished_full,1eRASS J021343.3-484023,33.430723605063775,-48.67328611864982,3.4529955,,,,,,30.675041,,0.1407352,,1.3103836e-13,,,,,,,,,,,,,,,,,,,,,,ARTIFACT,erbox confusion dropout (paper Sect. 3.2.5),"UL presence 2.84; bright-neighbor sep 25.49432194869346""",False,ARTIFACT-CONFUSION,2.836779152663163,,,,"services 2026-08-14: CDS X-Match (2RXS J/A+A/588/A103, XMMSL3 IX/71, CSC2.1 IX/70, 2SXPS IX/58, CatWISE II/365, GaiaDR3 var I/358, ART-XC J/A+A/687/A183, MKM J/MNRAS/544/885); HEASARC xmmssc(5XMM); NWAY eRASSc3 27Jul2026; DR2 UL server erodat; SIMBAD; TNS; ASAS-SN SkyPatrol v2"
vanished_full,1eRASS J002320.0-722356,5.833458550675414,-72.39898196514676,2.9614358,,,,,,30.605843,,0.12387871,,1.1534331e-13,,,,,,,,,,,,,,,,,,,,,,ARTIFACT,absorbed into extended source,"UL presence 2.49; bright-neighbor sep nan""",False,ARTIFACT-EXTENDED,2.4862546769051503,,,,"services 2026-08-14: CDS X-Match (2RXS J/A+A/588/A103, XMMSL3 IX/71, CSC2.1 IX/70, 2SXPS IX/58, CatWISE II/365, GaiaDR3 var I/358, ART-XC J/A+A/687/A183, MKM J/MNRAS/544/885); HEASARC xmmssc(5XMM); NWAY eRASSc3 27Jul2026; DR2 UL server erodat; SIMBAD; TNS; ASAS-SN SkyPatrol v2"
vanished_full,1eRASS J050650.6-031938,76.71116669167563,-3.3272928733436338,4.059742,,,,,,30.562374,,0.12210758,,1.1369421e-13,,,,,,,,,,,,,,,,,,,,,,ARTIFACT,absorbed into extended source,"UL presence 1.62; bright-neighbor sep nan""",False,ARTIFACT-EXTENDED,1.6208616524700634,,,,"services 2026-08-14: CDS X-Match (2RXS J/A+A/588/A103, XMMSL3 IX/71, CSC2.1 IX/70, 2SXPS IX/58, CatWISE II/365, GaiaDR3 var I/358, ART-XC J/A+A/687/A183, MKM J/MNRAS/544/885); HEASARC xmmssc(5XMM); NWAY eRASSc3 27Jul2026; DR2 UL server erodat; SIMBAD; TNS; ASAS-SN SkyPatrol v2"
vanished_full,1eRASS J093007.4-735037,142.53086430384883,-73.84377556251432,2.8760335,,,,,,30.450392,,0.060922477,,5.672484e-14,,,,,,,,,,,,,,,,,,,,,,ARTIFACT,erbox confusion dropout (paper Sect. 3.2.5),"UL presence 1.53; bright-neighbor sep 42.044566599579376""",False,ARTIFACT-CONFUSION,1.532938842128352,,,,"services 2026-08-14: CDS X-Match (2RXS J/A+A/588/A103, XMMSL3 IX/71, CSC2.1 IX/70, 2SXPS IX/58, CatWISE II/365, GaiaDR3 var I/358, ART-XC J/A+A/687/A183, MKM J/MNRAS/544/885); HEASARC xmmssc(5XMM); NWAY eRASSc3 27Jul2026; DR2 UL server erodat; SIMBAD; TNS; ASAS-SN SkyPatrol v2"
vanished_full,1eRASS J083503.3-615037,128.7638285427216,-61.84373677071472,2.661978,,,,,,30.4331,,0.06824279,,6.354077e-14,,,,,,,,,,,,,,,,,,,,,,PLAUSIBLE-CLASS,unclassified real fader (blank counterpart),position blank in stack (UL presence 1.27); no archival X-ray; counterpart faint/absent - XRB/CV/AGN flare all open,False,FADE-CANDIDATE,1.2651933181562365,,,,"services 2026-08-14: CDS X-Match (2RXS J/A+A/588/A103, XMMSL3 IX/71, CSC2.1 IX/70, 2SXPS IX/58, CatWISE II/365, GaiaDR3 var I/358, ART-XC J/A+A/687/A183, MKM J/MNRAS/544/885); HEASARC xmmssc(5XMM); NWAY eRASSc3 27Jul2026; DR2 UL server erodat; SIMBAD; TNS; ASAS-SN SkyPatrol v2"
vanished_full,1eRASS J042306.8-530129,65.77843001508705,-53.02493494132178,2.6593378,,,,,,30.424215,,0.055238448,,5.1432447e-14,,,,,,,,,,,,,,,,,,,,,,ARTIFACT,erbox confusion dropout (paper Sect. 3.2.5),"UL presence 2.66; bright-neighbor sep 21.626943320116627""",False,ARTIFACT-CONFUSION,2.6607145203612754,,,,"services 2026-08-14: CDS X-Match (2RXS J/A+A/588/A103, XMMSL3 IX/71, CSC2.1 IX/70, 2SXPS IX/58, CatWISE II/365, GaiaDR3 var I/358, ART-XC J/A+A/687/A183, MKM J/MNRAS/544/885); HEASARC xmmssc(5XMM); NWAY eRASSc3 27Jul2026; DR2 UL server erodat; SIMBAD; TNS; ASAS-SN SkyPatrol v2"
vanished_full,1eRASS J032014.6-454904,50.06092651589776,-45.81802258465381,2.6983376,,,,,,30.394905,,0.06460496,,6.0153597e-14,,,,,,,,,,,,,,,,,,,,,,PLAUSIBLE-CLASS,unclassified real fader (blank counterpart),position blank in stack (UL presence 1.19); no archival X-ray; counterpart faint/absent - XRB/CV/AGN flare all open,False,FADE-CANDIDATE,1.188735709432838,,,,"services 2026-08-14: CDS X-Match (2RXS J/A+A/588/A103, XMMSL3 IX/71, CSC2.1 IX/70, 2SXPS IX/58, CatWISE II/365, GaiaDR3 var I/358, ART-XC J/A+A/687/A183, MKM J/MNRAS/544/885); HEASARC xmmssc(5XMM); NWAY eRASSc3 27Jul2026; DR2 UL server erodat; SIMBAD; TNS; ASAS-SN SkyPatrol v2"
vanished_full,1eRASS J043151.6-535355,67.96512542147106,-53.898623017566514,2.619935,,,,,,30.384052,,0.04393543,,4.0908222e-14,,,,,,,,,,,,,,,,,,,,,,ARTIFACT,"DR2 source within 15"" (crosswalk miss)","UL presence 2.49; bright-neighbor sep nan""",False,ARTIFACT-SPLIT/MOVED,2.4852193742257582,,,,"services 2026-08-14: CDS X-Match (2RXS J/A+A/588/A103, XMMSL3 IX/71, CSC2.1 IX/70, 2SXPS IX/58, CatWISE II/365, GaiaDR3 var I/358, ART-XC J/A+A/687/A183, MKM J/MNRAS/544/885); HEASARC xmmssc(5XMM); NWAY eRASSc3 27Jul2026; DR2 UL server erodat; SIMBAD; TNS; ASAS-SN SkyPatrol v2"
vanished_full,1eRASS J172337.2-500318,260.9052361613381,-50.05520743953388,2.5957603,,,,,,30.332285,,0.14221087,,1.3241236e-13,,,,,,,,,,,,,,,,,,,,,,PLAUSIBLE-CLASS,unclassified real fader (blank counterpart),position blank in stack (UL presence 1.00); no archival X-ray; counterpart faint/absent - XRB/CV/AGN flare all open,False,FADE-CANDIDATE,1.001221906146216,,,,"services 2026-08-14: CDS X-Match (2RXS J/A+A/588/A103, XMMSL3 IX/71, CSC2.1 IX/70, 2SXPS IX/58, CatWISE II/365, GaiaDR3 var I/358, ART-XC J/A+A/687/A183, MKM J/MNRAS/544/885); HEASARC xmmssc(5XMM); NWAY eRASSc3 27Jul2026; DR2 UL server erodat; SIMBAD; TNS; ASAS-SN SkyPatrol v2"
vanished_full,1eRASS J090835.6-353932,137.14863211172596,-35.65914176103366,3.0317326,,,,,,30.315931,,0.13767782,,1.2819165e-13,,,,,,,,,,,,,,,,,,,,,,ARTIFACT,erbox confusion dropout (paper Sect. 3.2.5),"UL presence 3.47; bright-neighbor sep 16.028068607894653""",False,ARTIFACT-CONFUSION,3.4721051902082496,,,,"services 2026-08-14: CDS X-Match (2RXS J/A+A/588/A103, XMMSL3 IX/71, CSC2.1 IX/70, 2SXPS IX/58, CatWISE II/365, GaiaDR3 var I/358, ART-XC J/A+A/687/A183, MKM J/MNRAS/544/885); HEASARC xmmssc(5XMM); NWAY eRASSc3 27Jul2026; DR2 UL server erodat; SIMBAD; TNS; ASAS-SN SkyPatrol v2"
vanished_full,1eRASS J020156.2-303212,30.48421731719931,-30.53673640845032,3.2051883,,,,,,30.30576,,0.09497717,,8.843312e-14,,,,,,,,,,,,,,,,,,,,,,PLAUSIBLE-CLASS,unclassified real fader (blank counterpart),position blank in stack (UL presence 1.01); no archival X-ray; counterpart faint/absent - XRB/CV/AGN flare all open,False,FADE-CANDIDATE,1.012117761682561,,,,"services 2026-08-14: CDS X-Match (2RXS J/A+A/588/A103, XMMSL3 IX/71, CSC2.1 IX/70, 2SXPS IX/58, CatWISE II/365, GaiaDR3 var I/358, ART-XC J/A+A/687/A183, MKM J/MNRAS/544/885); HEASARC xmmssc(5XMM); NWAY eRASSc3 27Jul2026; DR2 UL server erodat; SIMBAD; TNS; ASAS-SN SkyPatrol v2"
vanished_full,1eRASS J123616.1+154715,189.0672467630143,15.787614065771884,3.0276067,,,,,,30.23814,,0.09882931,,9.201984e-14,,,,,,,,,,,,,,,,,,,,,,PLAUSIBLE-CLASS,unclassified real fader (blank counterpart),position blank in stack (UL presence 1.04); no archival X-ray; counterpart faint/absent - XRB/CV/AGN flare all open,False,FADE-CANDIDATE,1.0363550561871602,,,,"services 2026-08-14: CDS X-Match (2RXS J/A+A/588/A103, XMMSL3 IX/71, CSC2.1 IX/70, 2SXPS IX/58, CatWISE II/365, GaiaDR3 var I/358, ART-XC J/A+A/687/A183, MKM J/MNRAS/544/885); HEASARC xmmssc(5XMM); NWAY eRASSc3 27Jul2026; DR2 UL server erodat; SIMBAD; TNS; ASAS-SN SkyPatrol v2"
vanished_full,1eRASS J064116.3-665547,100.31792552434592,-66.92997858280826,2.3810065,,,,,,30.224178,,0.01789544,,1.666242e-14,,,,,,,,,,,,,,,,,,,,,,PLAUSIBLE-CLASS,unclassified real fader (blank counterpart),position blank in stack (UL presence 1.01); no archival X-ray; counterpart faint/absent - XRB/CV/AGN flare all open,False,FADE-CANDIDATE,1.011688371162415,,,,"services 2026-08-14: CDS X-Match (2RXS J/A+A/588/A103, XMMSL3 IX/71, CSC2.1 IX/70, 2SXPS IX/58, CatWISE II/365, GaiaDR3 var I/358, ART-XC J/A+A/687/A183, MKM J/MNRAS/544/885); HEASARC xmmssc(5XMM); NWAY eRASSc3 27Jul2026; DR2 UL server erodat; SIMBAD; TNS; ASAS-SN SkyPatrol v2"
vanished_full,1eRASS J215513.7-512144,328.80732819445785,-51.36249631144461,3.1821392,,,,,,30.223473,,0.17564313,,1.635411e-13,,,,,,,,,,,,,,,,,,,,,,ARTIFACT,"flux persists at position, mechanism unclear","UL presence 1.96; bright-neighbor sep nan""",False,ARTIFACT-UNCLEAR-PERSIST,1.9614909496423496,,,,"services 2026-08-14: CDS X-Match (2RXS J/A+A/588/A103, XMMSL3 IX/71, CSC2.1 IX/70, 2SXPS IX/58, CatWISE II/365, GaiaDR3 var I/358, ART-XC J/A+A/687/A183, MKM J/MNRAS/544/885); HEASARC xmmssc(5XMM); NWAY eRASSc3 27Jul2026; DR2 UL server erodat; SIMBAD; TNS; ASAS-SN SkyPatrol v2"
vanished_full,1eRASS J053524.9-064753,83.85405366999035,-6.798103348858206,3.539026,,,,,,30.217218,,0.11403659,,1.0617932e-13,,,,,,,,,,,,,,,,,,,,,,PLAUSIBLE-CLASS,unclassified real fader (blank counterpart),position blank in stack (UL presence 1.01); no archival X-ray; counterpart faint/absent - XRB/CV/AGN flare all open,False,FADE-CANDIDATE,1.0063980561077976,,,,"services 2026-08-14: CDS X-Match (2RXS J/A+A/588/A103, XMMSL3 IX/71, CSC2.1 IX/70, 2SXPS IX/58, CatWISE II/365, GaiaDR3 var I/358, ART-XC J/A+A/687/A183, MKM J/MNRAS/544/885); HEASARC xmmssc(5XMM); NWAY eRASSc3 27Jul2026; DR2 UL server erodat; SIMBAD; TNS; ASAS-SN SkyPatrol v2"
vanished_full,1eRASS J112318.8+271315,170.8284454173964,27.22101184353233,4.1001124,,,,,,30.068161,,0.2052899,,1.9114517e-13,,,,,,,,,,,,,,,,,,,,,,PLAUSIBLE-CLASS,unclassified real fader (blank counterpart),position blank in stack (UL presence 1.41); no archival X-ray; counterpart faint/absent - XRB/CV/AGN flare all open,False,FADE-CANDIDATE,1.408929002549458,,,,"services 2026-08-14: CDS X-Match (2RXS J/A+A/588/A103, XMMSL3 IX/71, CSC2.1 IX/70, 2SXPS IX/58, CatWISE II/365, GaiaDR3 var I/358, ART-XC J/A+A/687/A183, MKM J/MNRAS/544/885); HEASARC xmmssc(5XMM); NWAY eRASSc3 27Jul2026; DR2 UL server erodat; SIMBAD; TNS; ASAS-SN SkyPatrol v2"
vanished_full,1eRASS J072848.9-690659,112.20407921616648,-69.11658974731155,2.6657395,,,,,,30.056244,,0.024069898,,2.2411452e-14,,,,,,,,,,,,,,,,,,,,,,PLAUSIBLE-CLASS,AGN fader (high-amplitude X-ray variability),CatWISE W1-W2=0.8119999999999994; Gaia classifier AGN 0.015765637; stack blank (presence 1.01),False,FADE-CANDIDATE,1.0079346455215012,,,,"services 2026-08-14: CDS X-Match (2RXS J/A+A/588/A103, XMMSL3 IX/71, CSC2.1 IX/70, 2SXPS IX/58, CatWISE II/365, GaiaDR3 var I/358, ART-XC J/A+A/687/A183, MKM J/MNRAS/544/885); HEASARC xmmssc(5XMM); NWAY eRASSc3 27Jul2026; DR2 UL server erodat; SIMBAD; TNS; ASAS-SN SkyPatrol v2"
vanished_full,1eRASS J052922.3-641954,82.34327047167231,-64.33182870776372,2.232591,,,,,,30.023006,,0.017828163,,1.6599779e-14,,,,,,,,,,,,,,,,,,,,,,ARTIFACT,absorbed into extended source,"UL presence 3.46; bright-neighbor sep nan""",False,ARTIFACT-EXTENDED,3.4630745573892416,,,,"services 2026-08-14: CDS X-Match (2RXS J/A+A/588/A103, XMMSL3 IX/71, CSC2.1 IX/70, 2SXPS IX/58, CatWISE II/365, GaiaDR3 var I/358, ART-XC J/A+A/687/A183, MKM J/MNRAS/544/885); HEASARC xmmssc(5XMM); NWAY eRASSc3 27Jul2026; DR2 UL server erodat; SIMBAD; TNS; ASAS-SN SkyPatrol v2"
