IAUNAME,DETUID,RA,DEC,POS_ERR,sep_arcsec,match_type,direction,DET_LIKE_0,DET_LIKE_0_D1,ML_RATE_1,ML_RATE_ERR_1,ML_RATE_1_D1,ML_RATE_ERR_1_D1,ML_FLUX_1,ML_FLUX_1_D1,ML_EXP_1,ML_EXP_1_D1,R_raw,R,fader_floor,rate23,rate23_err,epoch_ratio,amp_cons,epoch_amp_cons,z_var,rank_amp,containment_violated,subfloor,IAUNAME_D1,MJD_MIN_D1,MJD_MAX_D1,FLAG_SP_SCL
3eRASS J161242.8-522522,sm03_242141_020_ML00003_001_c030,243.1785060564443,-52.42291376756108,0.4198485390955943,6.284276772249557,strong,rise,65650.01,14.219789,27.68111,0.27221382,0.06556227,0.02369063,2.5773847e-11,6.1044946e-14,401.47327,144.23508,422.2109779980247,431.1017388730561,0.366829718100423,44.07505586697857,0.4339954008926202,672.2624990853507,304.80491744902605,475.29918947632433,101.08644093439561,475.29918947632433,False,False,1eRASS J161243.0-522528,58920.18,58921.348,0
3eRASS J054334.0-682222,sm03_082159_020_ML00007_001_c030,85.89198886584605,-68.37291519418177,0.4233410189552503,3.0820156355062323,strong,rise,44766.14,39.12287,2.087527,0.020414088,0.026989883,0.0049144696,1.9436937e-12,2.5130246e-14,5392.3706,1819.7882,77.34479809397916,78.97349592661668,0.3445810318819876,3.203465189844676,0.03156081045931294,118.69133379237127,65.76709781305672,98.83435270758774,98.26983761931812,98.83435270758774,False,False,1eRASS J054333.6-682220,58958.375,58976.375,0
3eRASS J162636.4-515631,sm03_247141_020_ML00011_001_c030,246.6519045727625,-51.9421202647553,0.5906051920775467,0.9182847305282205,strong,rise,6247.8247,6.3000855,3.753051,0.099657305,0.047430634,0.022522494,3.494461e-12,4.4162604e-14,406.98795,138.74095,79.12715236115685,80.79338234338272,0.3480754360306424,5.789553637162907,0.1548241984840292,122.06359240954832,51.27237407312594,77.44439659883027,36.31454336049792,77.44439659883027,False,False,1eRASS J162636.4-515632,58922.848,58924.016,0
3eRASS J094452.8-711152,sm03_149162_020_ML00003_001_c030,146.22033015318507,-71.19802286286726,0.4804430269388935,1.6685094366732283,strong,rise,9401.145,25.298714,1.7079958,0.037942506,0.03674479,0.010041284,1.5903127e-12,3.4213026e-14,1277.03,486.05045,46.48266739013448,47.46148201631703,0.3886247799027163,2.793033103888582,0.06285141934073053,76.01168040256147,35.867945838150156,57.41398863909724,42.65737640412971,57.41398863909724,False,False,1eRASS J094453.1-711153,58872.47,58876.97,0
3eRASS J090506.7-533020,sm03_136144_020_ML00002_001_c030,136.27832006628677,-53.505647307592405,0.4830869482566243,4.5235106412241946,strong,rise,8786.441,15.460682,3.1682096,0.076026216,0.056907505,0.020687968,2.949916e-12,5.2986505e-14,589.7762,166.37207,55.67296552655959,56.845306013885384,0.28803379270604335,4.483691964310596,0.10843503584110914,78.78911543049058,39.63333060514377,54.906566956768586,39.55877911590221,54.906566956768586,False,False,1eRASS J090507.2-533017,59001.555,59003.387,0
3eRASS J150616.3-750200,sm03_228165_020_ML00002_001_c030,226.56807462222548,-75.03360801480872,0.5034504804400383,7.162952891248116,strong,rise,6832.872,21.605114,2.4647717,0.06790519,0.06835865,0.02046799,2.294946e-12,6.364865e-14,569.3289,211.31953,36.05647075954586,36.81573443629986,0.37898904311760184,3.9618228589094198,0.1109209484161782,57.95642140352118,27.03405769972417,42.52902960719343,33.866502746744125,42.52902960719343,False,False,1eRASS J150616.7-750207,58920.86,58922.86,0
3eRASS J123915.4-324332,sm03_189123_020_ML00001_001_c030,189.8142427788829,-32.725704888668616,0.4826803572297472,1.1185068734294645,strong,rise,8882.681,29.765837,3.9234192,0.09516444,0.114704944,0.030400526,3.653091e-12,1.06801625e-13,460.4002,153.4048,34.20444746063395,34.92471192338436,0.3402151840358905,5.950525628796525,0.14651282604535254,51.87680156807767,26.53118630179804,39.38998283546303,38.220388788244556,39.38998283546303,False,False,1eRASS J123915.3-324333,58851.95,58853.28,0
3eRASS J071521.8-191603,sm03_108108_020_ML00006_001_c030,108.84116983684136,-19.267748310491587,0.9218472666050108,1.05340729124777,strong,fade,985.52374,1421.0067,0.7970508,0.053609084,2.7668285,0.17193869,7.4213297e-13,2.5761906e-12,302.1435,100.230255,0.2880737868076643,0.29413993687561374,0.33871610180287415,-0.15563639785875838,0.11829629806450494,-0.056250828621359016,2.9930621121065446,32.12830160115502,10.823414252514082,32.12830160115502,False,True,1eRASS J071521.9-191604,58958.062,58958.9,0
3eRASS J014554.9-674648,sm03_027159_020_ML00002_001_c030,26.47891788138732,-67.78012775307835,0.5124782090967612,5.7869849492355065,strong,rise,5164.3037,35.299625,2.1040187,0.06502014,0.09397089,0.02280312,1.959049e-12,8.749617e-14,530.3251,212.88634,22.390111951111585,22.861594555060947,0.4098792026294062,3.5260508916232918,0.1119617796130568,37.52280084367117,17.56933129974862,28.806072712957906,29.265831322640214,28.806072712957906,False,False,1eRASS J014554.7-674642,58982.53,58984.53,0
3eRASS J142111.9-624156,sm03_218153_020_ML00010_001_c030,215.29989673640551,-62.69892351486364,0.4621631313393212,3.2300541427789815,strong,rise,12097.489,68.66336,4.6969695,0.09894716,0.20539789,0.040412128,4.3733424e-12,1.9124571e-13,519.95795,147.65074,22.86766203673979,23.349200711796783,0.28994636317963246,6.61638273946367,0.14200513271248635,32.212515771678405,18.905790885509457,26.068347422816835,42.18670895119941,26.068347422816835,False,False,1eRASS J142112.1-624159,58905.188,58906.355,0
3eRASS J092023.3+021339,sm03_140087_020_ML00003_001_c030,140.09739656658027,2.2275482690723445,0.6535312729398902,8.882522019467432,strong,rise,2161.1067,17.583473,2.07973,0.10163294,0.11936643,0.0421729,1.9364339e-12,1.1114193e-13,217.19814,85.2263,17.42307312279794,17.78996168068785,0.4006524575704538,3.4177925075975923,0.17294675504955212,28.632778201258052,12.209567032005273,19.599652584251846,17.891836307206994,19.599652584251846,False,False,1eRASS J092023.2+021347,58978.742,58979.41,0
3eRASS J231021.8-594252,sm03_346150_020_ML00017_001_c030,347.5912369413067,-59.71467418042196,1.2605802083735878,1.225808296556003,strong,fade,291.8756,491.23337,0.3236893,0.033824977,1.028008,0.093676895,3.013867e-13,9.571769e-13,315.69205,123.25509,0.31487042584288893,0.3215008495141596,0.3986497269076011,-0.11624210116284302,0.08252341562478262,-0.1130750956741551,2.559624998919511,19.2066099529701,6.986148455529398,19.2066099529701,False,True,1eRASS J231022.0-594253,58975.355,58976.355,0
3eRASS J022404.3-185028,sm03_036108_020_ML00009_001_c030,36.01795292703209,-18.84128406642364,0.8071357287701311,8.735419730903487,strong,rise,1072.8168,6.093628,0.6201948,0.037670624,0.028337868,0.015618798,5.7746256e-13,2.6385352e-14,476.01175,161.19835,21.8857252870211,22.34658670522999,0.3457746658566414,0.9429986872530612,0.05870637745295399,33.27698080761626,12.920005772399286,19.184166543128665,14.57137254152058,19.184166543128665,False,False,1eRASS J022404.8-185025,58857.34,58858.84,0
3eRASS J060622.5-624814,sm03_092153_020_ML00234_001_c030,91.59383843034585,-62.80399358684873,2.9063370641959776,8.231080700270885,strong,fade,37.248837,187.44093,0.037153598,0.005450048,0.14668702,0.013750614,3.459367e-14,1.3658009e-13,3594.053,1155.4854,0.2532848438932186,0.2586184214117425,0.32826926509339066,-0.013594386961897536,0.010474696937465335,-0.09267614368808397,3.0551591327579577,18.129203925714936,7.331219304781659,18.129203925714936,False,True,1eRASS J060621.3-624811,58944.875,58956.543,0
3eRASS J062258.5-095259,sm03_095099_020_ML00002_001_c030,95.74381642473094,-9.883280259327469,0.6955048674176918,5.899481721045584,strong,rise,2165.8691,17.569927,1.5674021,0.07610318,0.09428493,0.034687735,1.4594062e-12,8.7788575e-14,290.6045,93.731995,16.624100325025253,16.97416441254176,0.32933340843160924,2.317480673845594,0.11588466015291721,24.57954511063547,11.435296614608262,16.526328902228524,17.698993275358035,16.526328902228524,False,False,1eRASS J062258.1-095301,58945.902,58946.566,0
3eRASS J112114.9-603725,sm03_169150_020_ML00006_001_c030,170.31230580237462,-60.62383396965885,0.422335923155274,6.208157764755596,strong,fade,107902.78,158666.72,28.568436,0.21727197,83.736244,8.991868,2.6600035e-11,7.796671e-11,674.70447,268.13748,0.34117168666109,0.3483559524464507,0.4057833222945162,-6.817286024931988,5.941698804987194,-0.08141380223017966,2.8481809007211027,16.524826645294706,6.066550926687513,16.524826645294706,False,True,1eRASS J112114.4-603720,58860.13,58862.465,0
3eRASS J123351.5-210344,sm03_190111_020_ML00002_001_c030,188.46480651835316,-21.062339540428425,0.759618803056692,3.548888387236357,strong,rise,1148.3268,14.750731,0.8873199,0.05234275,0.058551934,0.022848302,8.2618244e-13,5.451763e-14,349.78015,139.12115,15.154408533464313,15.473524400873607,0.4061142848685561,1.4656704874480022,0.0900142418530245,25.03197412830588,10.125987316944217,16.323462187622315,14.580063610087805,16.323462187622315,False,False,1eRASS J123351.4-210341,58844.113,58845.277,0
3eRASS J040311.3-023207,sm03_062093_020_ML00001_001_c030,60.797093378833445,-2.5353764421857012,0.7183031325605457,8.224329648740985,strong,rise,1326.9532,9.173617,0.84370095,0.04685868,0.04391546,0.021699006,7.855689e-13,4.088963e-14,417.7782,114.851234,19.21193383329656,19.61649155102498,0.28069853638082687,1.1714325474737428,0.06649632360396238,26.674717760532882,11.7728811057404,15.978455943924608,15.561747553383867,15.978455943924608,False,False,1eRASS J040310.7-023207,58905.74,58906.74,0
3eRASS J140907.2-451717,sm03_213135_020_ML00001_001_c030,212.28005607354953,-45.28825117092416,0.4501070439364424,0.7389574519453724,strong,fade,15686.39,18129.668,6.7709208,0.122281395,16.975838,0.3594672,6.304396e-12,1.5806181e-11,481.9357,187.45267,0.39885635514056494,0.40725532310169155,0.39714836566833756,0.5083366964194889,0.30677343553344577,0.029944719381613704,2.386288280429066,14.971732547865173,26.442707751610598,14.971732547865173,False,False,1eRASS J140907.2-451716,58886.68,58888.348,0
3eRASS J053517.6-055827,sm03_083096_020_ML00036_001_c030,83.82336438309689,-5.974330885559013,0.7931575677793414,9.45442885959415,strong,rise,1118.5448,7.019616,0.80525345,0.04870038,0.05181583,0.024066692,7.4977047e-13,4.824565e-14,373.32385,124.191444,15.54068406205214,15.867933975082027,0.3396692188971492,1.2062484702995466,0.07547366426626076,23.27953573871587,9.777541216928897,14.296745818387727,13.945370083083283,14.296745818387727,False,False,1eRASS J053517.1-055833,58933.07,58934.07,1
3eRASS J082731.8-694520,sm03_129159_020_ML00029_001_c030,126.88290041010227,-69.75563207634447,0.7971047467981343,5.610220895459176,strong,rise,764.6097,6.218119,0.18769644,0.011230959,0.012833285,0.005773446,1.7476392e-13,1.1949056e-14,1742.9489,626.81744,14.625751698067473,14.933735307545554,0.36720339224464,0.2920714102633919,0.018198723966446954,22.758896646715733,9.355747899820035,14.20328546484661,13.927731541213703,14.20328546484661,False,False,1eRASS J082732.3-694515,58858.973,58864.805,0
3eRASS J054101.0-614312,sm03_085153_020_ML00612_001_c030,85.25429164613975,-61.72009443365733,2.0072077149149177,3.6119866927922555,strong,fade,24.48017,117.75028,0.01745644,0.0032354803,0.074360326,0.0090538375,1.625367e-14,6.9236805e-14,4310.8677,1352.1211,0.2347547571387892,0.23969813502037238,0.32025885689519085,-0.008012556521333317,0.00634722626249219,-0.10775311190279553,3.084021400431361,14.00238290870302,5.866142652005649,14.00238290870302,False,True,1eRASS J054101.5-614312,58908.38,58921.21,0
3eRASS J061543.9+283506,sb03_094060_020_ML00002_001_c030,93.93329723280154,28.58522250467383,0.8451898050703065,4.378976976822093,strong,rise,1110.2249,8.248379,1.0360737,0.0663512,0.066635765,0.03320768,9.646869e-13,6.204448e-14,252.97107,78.3139,15.548312270278267,15.87572281526416,0.31609546861167914,1.5023563095607781,0.0992491430950106,22.545795137349998,9.465070282032649,13.392205931265998,13.13803188868533,13.392205931265998,False,False,1eRASS J061543.9+283511,58943.586,58944.086,0
3eRASS J092718.4+230112,sm03_141066_020_ML00002_001_c030,141.8270534553282,23.02012369386773,0.512862365445355,1.30145556509968,strong,rise,8094.001,175.70905,6.403914,0.17550386,0.5969243,0.09289494,5.962676e-12,5.557955e-13,221.54659,74.89387,10.728184330118602,10.954094423585639,0.345168735129297,9.57319546512879,0.2748400514409328,16.03753672877448,9.152913247973599,13.380622430843875,29.437444136040074,13.380622430843875,False,False,1eRASS J092718.5+230113,58974.754,58975.42,0
3eRASS J181036.0-812023,sm03_270171_020_ML00009_001_c030,272.6503106585501,-81.33987487558566,0.8470548433093169,5.404718261470599,strong,rise,907.7009,11.11592,0.5015498,0.03267676,0.036795467,0.01583878,4.669924e-13,3.4260213e-14,513.6942,181.42433,13.630749094278464,13.917780311039833,0.3606127777790245,0.7716407517415905,0.052302510734683956,20.971081814004187,8.769353424301805,13.160004819957921,12.869516060355673,13.160004819957921,False,False,1eRASS J181038.1-812020,58939.86,58942.195,0
3eRASS J143209.5-432948,sm03_220132_020_ML00003_001_c030,218.03958731132246,-43.49673535023875,0.5346722535702211,3.529368063147578,strong,rise,4547.175,199.39056,2.0255342,0.06319284,0.2782578,0.032616675,1.8859723e-12,2.5908548e-13,546.59607,299.40686,7.279343996678941,7.4326297002114305,0.559300871693489,4.236231225092091,0.14804600752989291,15.224124605097265,6.4213386292396315,13.099455771742798,24.75734661607366,13.099455771742798,False,False,1eRASS J143209.2-432945,58892.01,58897.18,0
3eRASS J214719.8-480319,sm03_327138_020_ML00001_001_c030,326.83278086495045,-48.055404761889,0.703374298881955,0.9449936625296687,strong,rise,2208.972,33.348763,1.9715436,0.087678485,0.16291729,0.04524561,1.8357017e-12,1.5169208e-13,277.03232,90.07682,12.101500073994846,12.356328936799938,0.331996010413199,2.9044745761906468,0.13443786180117515,17.827909147595456,9.087743428843659,13.07899190660989,18.44446907854248,13.07899190660989,False,False,1eRASS J214719.9-480319,58970.348,58971.184,0
3eRASS J051903.0-512631,sm03_081141_020_ML00016_001_c030,79.76258966077562,-51.44219009993429,0.73367514156192,2.0006081867335315,strong,rise,1032.4978,10.773678,0.26171032,0.014420047,0.019682141,0.007550492,2.4367815e-13,1.8326017e-14,1399.3167,459.11078,13.296841825538156,13.576841747909972,0.33500534833080214,0.38809686454503917,0.022221416247105972,19.71822395404268,8.999715985767374,13.025293439030138,14.959924204788795,13.025293439030138,False,False,1eRASS J051902.9-512630,58913.215,58917.55,0
3eRASS J073505.0-690753,sm03_113159_020_ML00003_001_c030,113.77095111541038,-69.13139099643652,0.49097237030896873,4.049060487817371,strong,rise,6046.019,109.85377,0.63528883,0.016368011,0.06441035,0.009341188,5.9151664e-13,5.997239e-14,2574.294,894.6396,9.863148120921998,10.070842605404453,0.35484625790981283,0.9598607056823486,0.02609315856764577,14.902274052995597,8.522517697969015,12.591224193566255,30.515741265385415,12.591224193566255,False,False,1eRASS J073504.5-690749,58853.14,58861.64,0
3eRASS J123050.0+011521,sm03_188090_020_ML00001_001_c030,187.70846170870897,1.256033815547423,0.6429789288088223,2.4831645819815873,strong,rise,1795.7269,24.370049,1.4730784,0.071399674,0.13182354,0.038169604,1.3715813e-12,1.2274073e-13,308.59943,110.81338,11.174623083768005,11.409934117548968,0.36664632013970516,2.2729405888019074,0.11574137331060319,17.242296735395755,8.280231121321323,12.467190425138641,16.675894099384212,12.467190425138641,False,False,1eRASS J123049.9+011519,58833.27,58834.1,0
3eRASS J050715.2-290721,sm03_077120_020_ML00006_001_c030,76.81365570384848,-29.122532796770138,0.7137854432702184,6.68115903626867,strong,rise,1482.1803,15.4423895,0.6903846,0.03639883,0.05882994,0.019729236,6.4281626e-13,5.4776482e-14,571.78674,200.05171,11.735259569345118,11.982376276570951,0.357238653421661,1.0526215455865637,0.05814368841696882,17.892616077449265,8.226208723547936,12.241638504633704,15.354880553223921,12.241638504633704,False,False,1eRASS J050715.3-290714,58920.227,58921.895,0
3eRASS J073128.9+095623,sm03_113081_020_ML00002_001_c030,112.87082496595455,9.93973360893277,0.7671267285373469,7.318961852335717,strong,rise,1700.9655,23.669764,1.765761,0.09076919,0.15097448,0.0481703,1.6440978e-12,1.4057215e-13,232.67377,77.2615,11.695758057412922,11.942042956573374,0.33905172123219207,2.6242020744769015,0.14080702228387454,17.381759053155232,8.399618208994072,12.184811098478063,15.815694987223367,12.184811098478063,False,False,1eRASS J073128.7+095629,58957.58,58958.08,0
3eRASS J051227.6+225351,sb03_079066_020_ML00006_001_c030,78.11530821000709,22.89758339480881,0.7941120541028772,7.715839396343226,strong,rise,940.4371,12.5872755,0.63695973,0.043650772,0.04673573,0.021743502,5.930724e-13,4.351558e-14,355.46463,114.81254,13.628967200819861,13.915960895135175,0.3297943246715903,0.9383612791428017,0.0666460871942572,20.078027639607427,8.455010614799926,12.145037271904393,12.17232297092007,12.145037271904393,False,False,1eRASS J051227.4+225344,58929.082,58930.082,0
3eRASS J155500.2-234508,sm03_238114_020_ML00005_001_c030,238.7508400516559,-23.75245268802884,0.5751288715309436,3.8905051578823016,strong,rise,2426.5112,21.123383,1.7473174,0.0701865,0.14475068,0.042803194,1.626925e-12,1.3477717e-13,387.0602,106.8172,12.071220522348343,12.325411769678896,0.28178178278180505,2.408969344279079,0.10031560584195638,16.642196564420363,8.956624038943154,12.066529352583856,19.63918201289764,12.066529352583856,False,False,1eRASS J155500.3-234511,58909.0,58909.836,0
3eRASS J094640.9-455202,sm03_147135_020_ML00001_001_c030,146.67066270227207,-45.867245925521416,0.5894007197331302,0.6713194532190547,strong,fade,2757.6536,3250.7166,1.422457,0.057114076,4.448057,0.18059297,1.3244479e-12,4.1415803e-12,465.85214,142.8608,0.3197928722337261,0.3265269509401846,0.3131231779047895,0.1274200841300295,0.11599552361679709,0.028646233428670197,2.825685020682554,11.880550998809461,15.785229134896433,11.880550998809461,False,False,1eRASS J094640.8-455202,59002.56,59004.06,0
3eRASS J062106.5-711307,sm03_095162_020_ML00085_001_c030,95.27709389632882,-71.21879861549789,0.7411369287797109,2.3100914578771894,strong,rise,770.5042,6.2052283,0.08881172,0.0049958704,0.007150344,0.0029527838,8.269248e-14,6.6576764e-15,4221.484,1419.1108,12.420621563430403,12.682170367214075,0.3432427989941649,0.13298192856425728,0.007828366108665588,18.59797612316146,8.125691885049697,11.86695732680086,14.172172256063444,11.86695732680086,False,False,1eRASS J062106.9-711308,58911.207,58924.87,0
3eRASS J083533.2-090529,sm03_129099_020_ML00002_001_c030,128.88867015823055,-9.091400570556816,0.7798950276836832,1.6315634945673974,strong,rise,1089.5804,26.854805,1.0940164,0.069790065,0.1026278,0.03438038,1.0186373e-12,9.555661e-14,252.89839,98.734344,10.66003991442139,10.884515048267515,0.39863225185612594,1.7667428391318258,0.1189535981852637,17.215051455957518,7.471194432128637,11.761939707755205,12.821382882591553,11.761939707755205,False,False,1eRASS J083533.3-090528,58972.402,58973.24,0
3eRASS J035606.5-083328,sm03_059099_020_ML00001_001_c030,59.02739019119332,-8.55781632926033,0.572686163448461,5.437663525753236,strong,rise,3737.1572,49.161133,2.121483,0.07549751,0.20222828,0.044221252,1.97531e-12,1.8829449e-13,398.0383,121.77967,10.490536285738076,10.711442075562832,0.31239220350160496,3.0318906391360514,0.1127664127443662,14.99241683851112,8.382965511603958,11.710985652828155,22.098755372905547,11.710985652828155,False,False,1eRASS J035606.7-083333,58901.402,58903.402,0
3eRASS J153406.1-090331,sb03_234099_020_ML00003_001_c030,233.52558338394948,-9.058753482922395,0.6990321681690196,2.1014105037901722,strong,fade,1460.8507,1911.0542,0.9579387,0.04902364,2.1208308,0.104077965,8.9193545e-13,1.9747027e-12,434.17813,210.97282,0.45168086144212144,0.46119218810148854,0.49614523508771025,-0.10198427722135443,0.1384128680761392,-0.048086947085472495,1.9626357760181985,11.546687620916815,9.894581756622156,11.546687620916815,False,False,1eRASS J153406.2-090332,58897.83,58902.664,0
3eRASS J123822.2-253210,sm03_188117_020_ML00001_001_c030,189.59265830930556,-25.53631318365286,0.45196107592149,0.49651435714443054,strong,fade,17755.725,19082.004,8.519804,0.15740052,20.790726,0.4223467,7.9327786e-12,1.9358218e-11,364.18378,140.77293,0.4097886779186828,0.41841785464437015,0.3946833628826784,1.0802519779726225,0.37343936787015464,0.05195835841153682,2.316354024064174,11.232906785453116,26.75755369503127,11.232906785453116,False,False,1eRASS J123822.2-253210,58847.613,58848.945,0
3eRASS J090831.3-702611,sm03_137159_020_ML00005_001_c030,137.13048155550572,-70.43648631780559,0.5445538162801932,0.24411521218360152,strong,fade,3643.2583,4313.895,0.69830567,0.023182984,1.8468117,0.06179746,6.501915e-13,1.7195639e-12,1429.8701,524.04474,0.37811417619174165,0.38607636310578247,0.37421572103856116,0.0570752706026145,0.05171419058635231,0.030904759852003826,2.424235446689258,11.129345020256656,17.133145310991832,11.129345020256656,False,False,1eRASS J090831.3-702611,58865.473,58870.473,0
3eRASS J044115.3-375924,sm03_070129_020_ML00036_001_c030,70.31406832228633,-37.990042744981025,1.1762516995673777,2.924380127594184,strong,fade,363.07245,527.3608,0.1892102,0.016757717,0.72358066,0.061242975,1.7617338e-13,6.73725e-13,754.24744,205.46355,0.26149152007357035,0.2669979107099442,0.2781449576383118,-0.005380941381875482,0.03284491531273242,-0.007436546733445817,3.1517815047362228,11.01345335542922,8.34093637488948,11.01345335542922,False,False,1eRASS J044115.1-375923,58906.055,58907.723,0
3eRASS J223835.7-633422,sm03_338153_020_ML00001_001_c030,339.6491239150181,-63.57279903300673,0.6237430154536932,3.1474986408369667,strong,rise,2276.7495,44.0107,1.538639,0.06894037,0.16068847,0.039911017,1.4326247e-12,1.4961684e-13,350.05923,115.41369,9.575291268118566,9.776924170648202,0.33664024627414674,2.2647396508854505,0.10683448644123465,14.093976895764342,7.383214214237582,10.612571364239622,17.429096182549408,10.612571364239622,False,False,1eRASS J223835.8-633425,58969.19,58970.023,0
3eRASS J160901.8-390513,sm03_241129_020_ML00001_001_c030,242.2577220320897,-39.08708923255466,0.48424191965843766,1.1591348241157358,strong,fade,8533.704,9181.502,4.2221246,0.10821479,11.494069,0.30200467,3.9312147e-12,1.0702113e-11,383.77493,130.47115,0.3673307111734131,0.37506582391392856,0.3471267839911967,0.6112101417896922,0.22852243041936302,0.053176132534317286,2.533047848642806,10.485530984701489,22.33649212879067,10.485530984701489,False,False,1eRASS J160901.9-390512,58916.008,58917.176,0
3eRASS J125601.0+075759,sm03_195081_020_ML00002_001_c030,194.00425007119017,7.966410149076604,0.7862586612998312,8.446072158527697,strong,rise,878.8687,11.893729,0.88374895,0.05590204,0.09007446,0.03237233,8.228575e-13,8.3868215e-14,331.92526,124.154045,9.81131583546802,10.01791885506777,0.38191860908438674,1.3877403796570233,0.09321620863238889,15.406591639419926,6.723738163228346,10.281544202279212,12.378578941676912,10.281544202279212,False,False,1eRASS J125600.7+075806,58836.598,58837.598,0
3eRASS J112952.2+360641,sb03_173054_020_ML00001_001_c030,172.4676690442013,36.111444652595736,0.5668637223304573,5.059229941406906,strong,rise,3504.4902,92.246216,2.8486197,0.11161012,0.34436804,0.065444395,2.6523462e-12,3.2064065e-13,242.02853,89.75479,8.27202110518721,8.446210232026486,0.37865293235123026,4.420044313097875,0.18519410529093633,12.835233797795613,6.750537377376682,10.222515936481294,19.512494582086877,10.222515936481294,False,False,1eRASS J112952.2+360636,58991.266,58991.93,0
3eRASS J173953.8-282947,sb03_265117_020_ML00003_001_c030,264.9745061432481,-28.49657079735067,0.42618417285925764,1.426932860741514,strong,rise,43121.33,1291.4786,23.427475,0.2761134,3.0075116,0.1821805,2.1813292e-11,2.8002902e-12,332.03357,99.41576,7.789654029222751,7.953685650573364,0.3057197386499707,32.858684034862236,0.40988038992509696,10.925538529178185,7.401582370919728,10.15963481961186,62.303512640327455,10.15963481961186,False,False,1eRASS J173953.9-282946,58935.504,58936.168,0
3eRASS J095836.7+170001,sm03_149072_020_ML00004_001_c030,149.6531425602366,17.00047932147244,1.0478215079977402,1.504870245719603,strong,fade,550.57275,770.75757,0.83747154,0.07141007,2.4778078,0.1989391,7.7976867e-13,2.3070836e-12,178.54819,66.23527,0.33798891027039324,0.3451061543408223,0.37877743915338574,-0.10186279274386496,0.1649257262078143,-0.04111004670275718,2.4568340010950456,10.021628506451396,7.658580827466072,10.021628506451396,False,False,1eRASS J095836.6+170001,58981.918,58982.586,0
3eRASS J085554.2+005109,sm03_134090_020_ML00002_001_c030,133.97602644912732,0.8527439443538521,0.9060676726468934,2.305880727381972,strong,rise,860.3158,19.481853,0.9077689,0.06437105,0.09368717,0.034507256,8.452225e-13,8.7232007e-14,233.34134,88.87277,9.689362080130715,9.89339704315918,0.38889046477081374,1.4394425344280393,0.10826114784883047,15.364350805905612,6.491227114241442,10.016493230698638,11.223885404391808,10.016493230698638,False,False,1eRASS J085554.1+005108,58974.242,58974.91,0
3eRASS J162719.4-244142,sm03_248114_020_ML00001_001_c030,246.83092161046898,-24.695190486386164,0.48121923164225844,1.0484065764630983,strong,fade,10561.69,11142.935,4.995579,0.120265566,13.27615,0.3310237,4.651377e-12,1.2361406e-11,367.57007,126.98004,0.3762821947651657,0.3842058044994553,0.35273258322758366,0.7859250395570833,0.25636042608263243,0.05919826563959449,2.478933414881121,9.972797273421683,23.155333958869377,9.972797273421683,False,False,1eRASS J162719.4-244142,58917.668,58918.668,0
3eRASS J163401.4-472335,sm03_249138_020_ML00006_001_c030,248.5062327258242,-47.393182760252785,0.6792520772207901,1.3967268902797534,strong,fade,2348.8079,2709.0896,1.6070281,0.06801772,4.5756063,0.19662304,1.4963019e-12,4.260341e-12,390.01855,131.10362,0.3512164301624616,0.3586122143999127,0.34322560267561547,0.1548405300241387,0.14442003472428236,0.03384043956383805,2.561527631586681,9.880097734216212,14.07359242593381,9.880097734216212,False,False,1eRASS J163401.6-472335,58923.344,58924.51,0
3eRASS J100710.3+220302,sm03_151069_020_ML00001_001_c030,151.79303580706508,22.050607988917573,0.747396375829488,7.473347375862488,strong,rise,1794.7772,27.853498,2.050716,0.104749925,0.17965205,0.07433956,1.909419e-12,1.6727379e-13,199.26048,71.137695,11.414931929468919,11.655303297051272,0.3645262988415177,3.1567477353062663,0.17138534253736254,17.571454001720788,6.562674660903648,9.85143304001153,14.69635436584278,9.85143304001153,False,False,1eRASS J100709.8+220304,58982.086,58982.754,0
3eRASS J000009.1-772028,sm03_006168_020_ML00005_001_c030,0.038232913391112254,-77.34132362002869,0.6192993591433245,2.6292408523443944,strong,rise,2637.3755,57.44748,1.2289275,0.049964137,0.14492394,0.03123134,1.1442528e-12,1.349385e-13,529.0768,172.22583,8.479810102757844,8.658374772598446,0.33237613727510923,1.7904645040556,0.07712533168475003,12.354511617180814,6.752607972516514,9.607780455959396,18.554668423153377,9.607780455959396,False,False,1eRASS J000009.1-772031,58961.363,58962.863,0
3eRASS J090206.8-403318,sm03_136132_020_ML00081_001_c030,135.5285164215782,-40.5551479427421,0.8340637882045998,2.5951307048078864,strong,fade,152.43202,43368.293,3.7273324,0.23255593,38.496895,6.11266,3.4705145e-12,3.584441e-11,370.06146,141.68306,0.09682163637949093,0.0988604701887419,0.390925787400874,-17.716080286740983,3.811686138664636,-0.46019504591258664,9.512142734574578,,5.671005574518774,9.512142734574578,True,True,1eRASS J090206.7-403316,58990.727,58991.89,0
3eRASS J104411.1-595242,sm03_163150_020_ML00166_001_c030,161.04633729175555,-59.87842313964693,1.819555790745044,3.362496664334368,strong,fade,28.954903,94.59126,0.10067469,0.017675081,0.37196296,0.04756764,9.3738073e-14,3.4633424e-13,783.54266,272.07346,0.27065782998582005,0.27635724134828366,0.35454696956127374,-0.040388058856589096,0.0374785389648332,-0.10858086075076132,2.672518393280227,9.396105981111337,5.290655996912929,9.396105981111337,False,True,1eRASS J104411.4-595240,58850.797,58853.297,1
3eRASS J111007.6-762936,sm03_164165_020_ML00031_001_c030,167.5317604319482,-76.49354747621493,3.3237071880736484,1.615309930599533,strong,fade,7.3183856,204.861,0.06743416,0.01829424,0.31197053,0.037647072,6.278786e-14,2.9047535e-13,873.1673,255.81273,0.21615554995541647,0.2207072726879161,0.2991403118804535,-0.031885773129410516,0.03068146675860359,-0.10220764419985648,3.1317747827826277,9.357693293758915,5.784838168511998,9.357693293758915,False,True,1eRASS J111007.3-762937,58902.863,58905.195,0
3eRASS J100358.8+392606,sb03_150051_020_ML00005_001_c030,150.9953908587629,39.435101894668094,0.7358012512277922,4.897149751253357,strong,rise,1550.9589,37.86939,1.4407189,0.079710886,0.16616417,0.047375537,1.3414515e-12,1.5471526e-13,245.01984,84.49021,8.670454338585227,8.853033523446214,0.3520913899089564,2.1578503129340665,0.12670416053404238,12.986254811799073,6.38894553494217,9.329281610216968,13.85624075170337,9.329281610216968,False,False,1eRASS J100359.0+392610,58976.094,58976.93,0
3eRASS J053641.2-063401,sm03_086096_020_ML00039_001_c030,84.17207699607724,-6.567002919789598,0.92687058975173,4.886700201159463,strong,rise,943.89777,17.764523,0.65675634,0.04311447,0.06803033,0.024943383,6.11505e-13,6.334295e-14,388.28656,124.741486,9.653875926033821,9.857163634900525,0.3280264069119079,0.9557885119781814,0.06592485595596949,14.049447449096045,6.554994806932929,9.297077520788328,11.908727274023525,9.297077520788328,False,False,1eRASS J053641.5-063404,58933.402,58934.402,1
3eRASS J054332.9-273904,sm03_085117_020_ML00005_001_c030,85.88731748097666,-27.651251448312955,0.7320754543160494,3.754348856604734,strong,rise,1446.5193,20.917404,0.709414,0.03778736,0.07735392,0.02355489,6.6053445e-13,7.202413e-14,540.83344,165.78783,9.171015925519928,9.364135749077153,0.31299641186049615,1.0103564678351573,0.056604522633494594,13.06147776616994,6.663712319015419,9.262716763481446,14.312566835981828,9.262716763481446,False,False,1eRASS J054333.1-273907,58934.06,58935.56,0
3eRASS J090533.5-145955,sm03_137105_020_ML00010_001_c030,136.38992957276193,-14.998756287218855,1.086048992669749,7.1479398170771935,strong,rise,495.7614,13.698715,0.5868613,0.051415753,0.06699222,0.027938565,5.464258e-13,6.2376374e-14,241.15295,101.41088,8.760140861235845,8.94460863134959,0.42938040645331293,0.9854565720979127,0.09283759502219957,14.71001444798024,5.570364405535343,9.068554225783199,8.94954259634004,9.068554225783199,False,False,1eRASS J090534.0-145955,58980.402,58981.234,0
3eRASS J035840.3-381047,sm03_059129_020_ML00014_001_c030,59.66797623462686,-38.17985054290995,0.7537618998510723,6.08217452115697,strong,rise,1218.474,29.734993,0.4398023,0.02448247,0.055653628,0.015360504,4.0949934e-13,5.1819023e-14,794.3895,288.938,7.902490908775697,8.068898606936882,0.3713824598491329,0.6739535902330381,0.04025723486565403,12.109787176762955,5.877171821112224,8.773442043406941,13.408573193020324,8.773442043406941,False,False,1eRASS J035839.9-381051,58882.06,58884.723,0
3eRASS J105818.5-364003,sm03_165126_020_ML00004_001_c030,164.57719451586735,-36.66776668638502,0.6777720138651717,2.4617914908178142,strong,rise,1783.7882,46.908047,1.1513871,0.05485929,0.15164426,0.035803635,1.0720551e-12,1.4119577e-13,413.4281,145.17633,7.592684997082544,7.752568918217382,0.3585469861190722,1.7298092198088797,0.08847707394890156,11.407020769074474,5.860133764489188,8.583228299573952,15.403068232987343,8.583228299573952,False,False,1eRASS J105818.7-364003,58829.457,59011.4,0
3eRASS J124945.4-571624,sm03_193147_020_ML00043_001_c030,192.4392996341833,-57.273414315003535,0.9948377761212727,3.4118710447297556,strong,rise,450.44122,9.707169,0.25494322,0.021280454,0.029240955,0.012327883,2.373773e-13,2.7226216e-14,635.9315,240.29155,8.71870377379716,8.90229897722038,0.38581437169295424,0.4006523255584546,0.03571895000982397,13.701752563027423,5.578827203554474,8.51337339106472,9.249437272504089,8.51337339106472,False,False,1eRASS J124945.8-571624,58876.293,58878.293,0
3eRASS J055333.6-665748,sm03_087156_020_ML00034_001_c030,88.39033513187442,-66.96354873749512,0.45446602382579965,0.8779724254668905,strong,rise,8038.187,272.1873,0.18004638,0.003304541,0.030803949,0.0023832568,1.6764095e-13,2.8681518e-14,18840.426,7643.53,5.844912341127061,5.96799231930973,0.4142414013058183,0.28830581164537455,0.0059059708427285995,9.359378403302921,5.426142153033185,8.490265814291146,37.0457740408551,8.490265814291146,False,False,1eRASS J055333.5-665748,58828.98,59008.043,0
3eRASS J063623.7-425202,sm03_101132_020_ML00018_001_c030,99.09910354545778,-42.86746623978544,0.8250957219641478,0.25536869800358,strong,fade,886.0029,1087.3784,0.44890854,0.028828023,1.3802114,0.089425646,4.1797818e-13,1.2851131e-12,593.1215,187.0351,0.32524622881292986,0.3320951422627716,0.32198057824852355,0.03377630678715852,0.05953784530118183,0.024471836654837292,2.647772493065944,8.460619168955144,9.79176015642194,8.460619168955144,False,False,1eRASS J063623.7-425203,58952.387,58954.055,0
3eRASS J122808.8-552254,sm03_185144_020_ML00001_001_c030,187.0367470424783,-55.3817948485025,0.4487610548581884,4.390453732643875,strong,rise,14923.925,582.2079,4.402995,0.08632588,0.722735,0.05784698,4.099623e-12,6.729376e-13,628.2116,235.45192,6.092129458616941,6.2204152424047585,0.38268948650715967,6.757539109452616,0.14518645228580035,9.349954304306294,5.6351378329084065,8.453392191563328,35.786398242489895,8.453392191563328,False,False,1eRASS J122809.3-552254,58868.293,58870.46,0
3eRASS J065027.1-320318,sm03_104123_020_ML00002_001_c030,102.61327928451435,-32.05500901350605,0.5823879463539279,0.3419214622514366,strong,fade,3963.2275,4236.143,2.022231,0.071800604,5.8104715,0.21830127,1.8828968e-12,5.4101224e-12,420.35187,130.7421,0.34803218463474694,0.3553609162207285,0.3175796859106406,0.37386652737472387,0.14503464578634415,0.06434357782154779,2.6160668477257145,8.428542341149752,16.265465104480402,8.428542341149752,False,False,1eRASS J065027.1-320318,58954.227,58955.39,0
3eRASS J054324.9+090610,sm03_086081_020_ML00040_001_c030,85.85381603760467,9.103014563901002,1.3759981518191189,2.4927867263889345,strong,fade,283.86508,422.93152,0.30073178,0.032561526,1.0497373,0.10700864,2.8001099e-13,9.774091e-13,327.70023,100.54992,0.28648288322458915,0.29251553263985675,0.3132962800419859,-0.02168566789007886,0.06741162745293074,-0.02065818484539611,2.7475425122145176,8.293567101748557,6.627778656447844,8.293567101748557,False,False,1eRASS J054324.7+090610,58935.91,58936.742,0
3eRASS J095747.6-061110,sm03_149096_020_ML00010_001_c030,149.44835077150614,-6.186152935472186,0.9984032972339035,5.710137470777961,strong,rise,432.24188,11.334267,0.5331583,0.05218024,0.06477224,0.028687611,4.96423e-13,6.030935e-14,213.81975,89.301544,8.23127771368836,8.40460888142678,0.4264434113065089,0.888352658183249,0.09377432253882885,13.715021233951099,5.05381704595834,8.148468435202057,7.925990562894766,8.148468435202057,False,False,1eRASS J095747.3-061105,58988.41,58989.074,0
3eRASS J050214.5-674617,sm03_074159_020_ML00034_001_c030,75.56067307689224,-67.77144588365367,0.7870047523542073,0.8703003234374385,strong,fade,693.92505,921.4604,0.15454526,0.009210918,0.41405496,0.024282563,1.438969e-13,3.8552606e-13,2119.4438,782.8407,0.37324818534065757,0.38110790603915323,0.3771392508372995,0.0077123544234442044,0.02060764601767788,0.018626402695942994,2.329800192441966,7.96931229548142,9.840740422103542,7.96931229548142,False,False,1eRASS J050214.6-674616,58989.54,58997.04,0
3eRASS J005456.2-722647,sm03_014162_020_ML00009_001_c030,13.734467841050604,-72.44661641432718,0.6756433383879946,0.286311477452301,strong,fade,1728.914,2064.41,0.9094855,0.042770147,2.4823651,0.11981972,8.468208e-13,2.311327e-12,541.8377,186.35876,0.36637862312681174,0.3740936871533065,0.35118087054243907,0.11409989923182905,0.09152402940844707,0.04596418866409165,2.4315302492487887,7.9626740403833125,12.183234391886762,7.9626740403833125,False,False,1eRASS J005456.3-722647,58971.03,58972.695,0
3eRASS J140721.9-312055,sm03_211120_020_ML00008_001_c030,211.84138079545704,-31.348843260040493,0.7409316316433094,5.09831208244974,strong,rise,1147.977,25.363012,0.8086554,0.04572293,0.11087841,0.03060458,7.5293797e-13,1.0323875e-13,422.62808,149.08713,7.293172729623364,7.446749633442488,0.3601903305732818,1.2152717472997598,0.07403428107146595,10.960400403576484,5.425653691377689,7.9436474696930155,12.804869749503315,7.9436474696930155,False,False,1eRASS J140721.8-312050,58877.613,58879.34,0
3eRASS J110316.7-065415,sm03_167096_020_ML00003_001_c030,165.81994824167663,-6.904441033946328,0.7050678839575283,1.5180811333883386,strong,rise,1453.5447,28.55934,1.2862681,0.07079388,0.15630522,0.0482564,1.1976426e-12,1.4553559e-13,276.84686,76.755615,8.229207473478631,8.40249504687295,0.2830875722558114,1.757201270741771,0.10171192879637468,11.242114812978725,5.930907568558945,7.902824467587497,13.312829184578362,7.902824467587497,False,False,1eRASS J110316.7-065414,59000.08,59000.58,0
3eRASS J124536.4-705345,sm03_194162_020_ML00009_001_c030,191.40182655338705,-70.8959219359087,0.7895539323894107,0.7533825820976017,strong,rise,999.63214,45.9842,0.420753,0.024594333,0.06852265,0.015583552,3.9176258e-13,6.380135e-14,767.2997,338.58273,6.14034951137083,6.269650694996067,0.4505573109918965,0.7147871830902058,0.04659941169091619,10.431400626543033,4.760974569003409,7.856155524744028,12.21776164550178,7.856155524744028,False,False,1eRASS J124536.3-705345,58897.86,58902.695,0
3eRASS J050123.9-703333,sm03_077162_020_ML00022_001_c030,75.34958814136628,-70.55936593424065,0.804098527560264,3.1837229084545844,strong,rise,797.1534,14.958976,0.19721848,0.011088879,0.027847555,0.0080544865,1.8362987e-13,2.5928822e-14,1919.2139,700.51355,7.082075285297349,7.231206978080673,0.37268629327101727,0.30111361069618336,0.01842179436125978,10.812928306550553,5.217455424706896,7.752640739703224,12.488220580178224,7.752640739703224,False,False,1eRASS J050124.4-703332,58970.707,58977.54,0
3eRASS J144306.9-243101,sm03_222114_020_ML00015_001_c030,220.77906272350913,-24.517202184288855,1.282542186027763,4.4032630340491625,strong,rise,287.08212,9.951518,0.42643607,0.036494885,0.05314507,0.022254296,3.9705408e-13,4.9483306e-14,403.5075,148.59592,8.024000525444341,8.192966927670826,0.3760152939823656,0.6582533281993689,0.060395074692469575,12.385971695871978,5.094445811981778,7.631768112593041,8.807489373200625,7.631768112593041,False,False,1eRASS J144307.0-243057,58885.836,58887.17,0
3eRASS J055207.8-052500,sm03_089096_020_ML00003_001_c030,88.03276206946448,-5.416709049446846,0.7479325696758677,2.08475043531444,strong,rise,941.3308,25.262905,0.6404065,0.043448165,0.08052246,0.02754709,5.9628165e-13,7.497436e-14,368.984,114.381424,7.953140871439593,8.120615137572338,0.31651785014297684,0.9114808938207398,0.06547365091889955,11.319585404713573,5.485698150195896,7.6029187797670845,10.97988935018437,7.6029187797670845,False,False,1eRASS J055207.7-052501,58937.74,58938.57,0
3eRASS J082630.2-343036,sm03_125126_020_ML00002_001_c030,126.62620715133914,-34.51013416607671,0.7424060412726896,0.8660678288869419,strong,fade,1581.2925,1831.2611,1.1730132,0.060937215,3.011366,0.15918703,1.0921911e-12,2.8038789e-12,339.5411,127.74499,0.389528623537914,0.39773117161536337,0.3841508168011121,0.10380864447336088,0.13845016194896012,0.03447227877580288,2.2648821922629123,7.499055582774187,10.611434023239296,7.499055582774187,False,False,1eRASS J082630.2-343036,58978.895,58980.06,0
3eRASS J144357.1-390839,sm03_222129_020_ML00001_001_c030,220.98826588937212,-39.14424019216902,0.42199064294292127,1.1235430662974983,strong,rise,57328.24,4010.9382,21.850788,0.22903322,4.5724106,0.15996839,2.0345241e-11,4.2573657e-12,443.10837,192.58951,4.77883333472381,4.87946421988487,0.4437853133201674,35.94761016716107,0.43153006146268724,7.861850879470956,4.660944898292188,7.498061011459146,62.60617411919412,7.498061011459146,False,False,1eRASS J144357.2-390840,58893.176,58899.844,0
3eRASS J130304.4-770704,sm03_199168_020_ML00001_001_c030,195.76862657582063,-77.11785277668157,0.477642604341225,0.9543216201667856,strong,rise,9870.595,351.63824,2.3712242,0.054899585,0.39728168,0.040419355,2.2078437e-12,3.6990845e-13,836.584,267.87805,5.9686220257347005,6.094307036190541,0.32694736296473825,3.3744640488262188,0.08462893264713933,8.493882925316049,5.390151064907642,7.496889848111824,29.28554818324043,7.496889848111824,False,False,1eRASS J130304.6-770704,58910.863,58913.363,0
3eRASS J155120.8-283225,sm03_238120_020_ML00004_001_c030,237.83687887913095,-28.540484340332,0.6690287219608154,0.8155758373138091,strong,rise,1539.0916,27.194689,1.1849532,0.058729276,0.15918235,0.042810142,1.1033084e-12,1.4821449e-13,380.10287,106.17499,7.443998514586456,7.600751451379081,0.28521431480339215,1.6171678777083829,0.08484727067052576,10.15921569737072,5.6028342118752015,7.460343386659923,14.260781506667618,7.460343386659923,False,False,1eRASS J155120.9-283226,58909.17,58910.004,0
3eRASS J142139.6-295321,sm03_214120_020_ML00006_001_c030,215.41521478790816,-29.889317488003982,0.7713869379331807,9.473831406672542,strong,rise,1109.7449,30.664587,0.7905131,0.04343349,0.12320524,0.030136859,7.360457e-13,1.1471623e-13,459.1936,171.27867,6.416229674219674,6.551340239139742,0.38085328743676317,1.21403920962378,0.07296726914484891,9.853795490293551,4.910061439016608,7.336420272513689,12.755846890107208,7.336420272513689,False,False,1eRASS J142140.3-295325,58881.508,58883.008,0
3eRASS J122150.2-533805,sm03_185144_020_ML00088_001_c030,185.45919286395105,-53.63486761045006,1.06333707576921,5.534057219466464,strong,rise,410.25204,8.457336,0.25287855,0.021779183,0.03340272,0.014372536,2.3545488e-13,3.1101227e-14,602.9667,223.71472,7.570597762286491,7.730016578691241,0.3788362312019117,0.3908100302501126,0.03635783369247793,11.699946788398961,4.811509612871942,7.211666528390868,8.490068394970699,7.211666528390868,False,False,1eRASS J122150.4-533810,58864.625,58866.625,0
3eRASS J163528.6-480601,sm03_249138_020_ML00002_001_c030,248.86952044061243,-48.100555105654074,0.5020210104482121,1.8757786992063057,strong,fade,7697.0337,7739.5015,3.9983475,0.104624815,10.040799,0.2832823,3.7228562e-12,9.348976e-12,388.55792,134.8004,0.39821008912820877,0.4065954482613396,0.3542302659759642,0.9174142850914179,0.2222677648999044,0.09136865225713786,2.330565308351363,7.169777523046403,19.68007117261741,7.169777523046403,False,False,1eRASS J163528.8-480601,58923.844,58925.01,0
3eRASS J064734.7+280622,sm03_102063_020_ML00003_001_c030,101.89469329163268,28.106136045310155,0.738678426282481,0.3144739611506451,strong,rise,1367.2415,37.15687,1.259989,0.07411014,0.18041167,0.050463382,1.1731742e-12,1.6798107e-13,246.34242,77.89336,6.983966429293194,7.131032182477808,0.32285793363361737,1.7980030114155938,0.11309553817246891,9.96611275193265,5.153507597472849,7.165687689487436,12.16121290911755,7.165687689487436,False,False,1eRASS J064734.7+280621,58948.586,58949.254,0
3eRASS J041222.3-690819,sm03_067159_020_ML00020_001_c030,63.09314631562407,-69.1387960084712,0.8962667444232711,5.443583214566259,strong,rise,543.77893,13.866611,0.17568788,0.013048382,0.025594005,0.008909452,1.6358276e-13,2.3830545e-14,1183.8552,477.23282,6.864415195845154,7.0089634838659265,0.41160624938879514,0.28325519780894126,0.023118041415898887,11.067247732875657,4.5807586959659385,7.164706119734678,9.59552519835784,7.164706119734678,False,False,1eRASS J041222.1-690825,58985.703,58990.035,0
3eRASS J160049.7-233843,sm03_242114_020_ML00018_001_c030,240.20720654606222,-23.645475572605296,0.7909249799311066,3.2072622929520533,strong,rise,842.725,17.09806,0.67428124,0.043602407,0.089078724,0.030351315,6.278224e-13,8.294109e-14,399.01205,119.05033,7.569498150877923,7.728893812076866,0.3046455542180484,0.9433681331205901,0.06475172558260837,10.590274385280422,5.255595915712251,7.16064105683092,11.124306426624017,7.16064105683092,False,False,1eRASS J160049.5-233841,58910.336,58911.168,0
3eRASS J053654.0-025316,sm03_086093_020_ML00018_001_c030,84.22512019065644,-2.887860747851269,1.0026829505975163,8.323763222462123,strong,rise,643.8125,13.741613,0.5111879,0.039539315,0.06659834,0.025863616,4.7596643e-13,6.200963e-14,360.26785,116.86887,7.6756853753989125,7.837317087459621,0.3312253749746526,0.7405921227012986,0.0610333924888219,11.120278869388239,5.077299687537144,7.1519534841576595,9.497226449008869,7.1519534841576595,False,False,1eRASS J053654.2-025324,58933.74,58934.74,0
3eRASS J142423.4-695758,sm03_215159_020_ML00012_001_c030,216.09777382918315,-69.96629404310299,0.8344800596319434,0.712053116642736,strong,fade,816.5706,981.8028,0.37213042,0.024541212,1.1162332,0.07508375,3.4649017e-13,1.0393234e-12,686.8478,213.76385,0.33338052828370324,0.3404007307697123,0.31777814704213897,0.04728315755251918,0.049744983136400925,0.04235956814140851,2.5743718664883266,7.110425819140915,9.30161185003684,7.110425819140915,False,False,1eRASS J142423.5-695759,58910.69,58912.523,0
3eRASS J143308.0-772941,sm03_212168_020_ML00017_001_c030,218.28366684907482,-77.4949552731067,0.975414329589845,3.7471362545495475,strong,rise,571.4542,17.837154,0.32165897,0.023774866,0.04630672,0.015606015,2.9949627e-13,4.3116125e-14,640.594,229.9561,6.946270041145212,7.092541997886008,0.3665323624252734,0.4864219237462105,0.0388650487386023,10.504348899586718,4.798301364648399,7.047689074689278,9.775965482315605,7.047689074689278,False,False,1eRASS J143308.1-772938,58920.027,58922.027,0
3eRASS J064011.8-255342,sm03_102117_020_ML00003_001_c030,100.04931939078169,-25.89509938353798,0.6176888254513787,0.8744040597226495,strong,rise,2672.0925,93.82979,1.6766284,0.07141112,0.2721954,0.05143281,1.5611065e-12,2.534408e-13,355.2273,114.36083,6.15964986387269,6.289357467102911,0.3287162938192013,2.3955068021676715,0.11027193754993225,8.800688081658494,5.017926428487673,6.991995038006283,16.13522469597751,6.991995038006283,False,False,1eRASS J064011.8-255341,58950.895,58951.727,0
3eRASS J103100.6+202834,sm03_158069_020_ML00004_001_c030,157.75262438247478,20.476128294141063,0.9808369028231578,5.499844002041998,strong,rise,629.5203,17.50514,0.76939154,0.06176798,0.115395054,0.04023371,7.163795e-13,1.07444185e-13,217.83006,85.8256,6.667456780583652,6.807857591954912,0.40229930569681444,1.2213370657941265,0.10731128669134031,10.583963706567948,4.535373314940744,6.977631047903921,8.958771593251681,6.977631047903921,False,False,1eRASS J103100.2+202836,58986.754,58987.42,0
3eRASS J085117.7-273607,sm03_132117_020_ML00005_001_c030,132.82379676674475,-27.60219775227626,1.1256865590019565,1.0744438273399841,strong,fade,411.25665,534.8782,0.46618083,0.045820706,1.282976,0.11718718,4.3406037e-13,1.1945773e-12,255.37885,100.66584,0.36335895591153,0.371010432915109,0.4024829217040919,-0.04907260410377548,0.10852639928730518,-0.038249041998018825,2.1952732767624137,6.962677976582166,6.395388281185166,6.962677976582166,False,False,1eRASS J085117.6-273608,58981.73,58982.562,0
3eRASS J132329.4-581017,sm03_199147_020_ML00010_001_c030,200.87251942769961,-58.17150668241159,0.8587825756133516,4.668677459437562,strong,rise,858.0523,23.527996,0.48241946,0.030550884,0.07605948,0.021656394,4.4918014e-13,7.0818887e-14,570.6309,213.8266,6.342660271100709,6.476221639043591,0.3826103210828144,0.7421903851863944,0.05154885782144863,9.758025639845998,4.647238271465212,6.946287519916642,10.968316138678952,6.946287519916642,False,False,1eRASS J132329.8-581020,58885.688,58887.688,0
3eRASS J075438.3-515246,sm03_118141_020_ML00020_001_c030,118.65990918709811,-51.879548799425415,1.0621443580680239,9.461729819319057,strong,rise,419.0521,10.714157,0.22256559,0.019741282,0.031278618,0.012959472,2.0723054e-13,2.912348e-14,636.98303,247.34772,7.115582715699434,7.265419995420962,0.39648822689851737,0.3516600153536626,0.03396444144640029,11.242824697387467,4.52944751318198,6.930182846432184,8.177988160017243,6.930182846432184,False,False,1eRASS J075438.7-515237,58983.22,58985.383,0
3eRASS J151559.2-360234,sm03_227126_020_ML00005_001_c030,228.9970315117771,-36.04283293613414,0.8204093200003291,3.817048269223634,strong,rise,888.2421,15.948729,0.8308675,0.049943186,0.1150146,0.03694408,7.736197e-13,1.0708994e-13,373.3314,109.62638,7.224018037703963,7.376138707883315,0.29982705750314065,1.1532285214673308,0.07380979495546014,10.026801326018463,5.113973170633771,6.9142178322479415,11.645828725236138,6.9142178322479415,False,False,1eRASS J151559.3-360237,58903.676,58904.676,0
3eRASS J124129.1+190456,sm03_189072_020_ML00019_001_c030,190.37133484709412,19.082283130857753,1.3011348559792237,8.259513667550792,strong,rise,304.42966,7.670277,0.3257534,0.033886235,0.043027427,0.021301255,3.0330857e-13,4.006278e-14,314.68402,123.35271,7.570831284647467,7.7302550184787595,0.4002434622539789,0.5193109244820816,0.0585401752079677,12.069299981820842,4.440610760988977,6.847113857102695,7.127182683108137,6.847113857102695,False,False,1eRASS J124128.6+190450,58828.926,59010.926,0
3eRASS J074333.7-555402,sm03_114147_020_ML00027_001_c030,115.89074087830254,-55.90075690847885,0.9209211162778944,2.6140776598528754,strong,rise,599.38885,21.25574,0.26422814,0.019734208,0.043227248,0.013436465,2.4602247e-13,4.0248834e-14,752.1244,310.58453,6.112536611085095,6.241252121057662,0.4216386425081007,0.4291606769431666,0.0356008569004613,9.928012951400921,4.29536806367825,6.759284171033925,9.354908636380713,6.759284171033925,False,False,1eRASS J074333.7-555405,58985.55,58988.383,0
3eRASS J172927.8-441605,sm03_263135_020_ML00007_001_c030,262.365883501494,-44.26809969195391,0.7091352928297153,0.7243751355675467,strong,fade,1328.2186,1481.6763,1.0921056,0.057509817,3.0843465,0.17012204,1.0168581e-12,2.871831e-12,363.76135,115.4994,0.35408006702179623,0.3615361526532802,0.32420030211498224,0.1989476377614207,0.11690570517376829,0.06450236237865829,2.4849386775741165,6.74465064820821,10.94199156793347,6.74465064820821,False,False,1eRASS J172927.8-441605,58934.008,58935.01,0
3eRASS J011731.0-553459,sm03_019147_020_ML00009_001_c030,19.379410939266318,-55.58323328150232,0.8271689416753197,4.174626930628784,strong,rise,877.0423,40.846355,0.67393607,0.044712085,0.11128743,0.030487891,6.2750104e-13,1.0361959e-13,365.75757,139.24603,6.055814834101082,6.1833359181068905,0.38872257444699587,1.0427351096184634,0.07606397566335707,9.369747421481298,4.4554072965087705,6.6934281202832295,10.507534820548344,6.6934281202832295,False,False,1eRASS J011731.4-553501,58995.19,58996.36,0
3eRASS J141543.9-220049,sm03_215111_020_ML00006_001_c030,213.9332903437512,-22.013706718911493,0.8392186983360571,3.0934523010316997,strong,rise,754.5025,27.825163,0.5230645,0.036770217,0.08593739,0.02492912,4.870247e-13,8.0016194e-14,431.79382,167.33394,6.086576574381795,6.2147454276100715,0.39569253866281745,0.8176354153789139,0.06329724910605787,9.514315388352212,4.4059640877356,6.682623149416927,9.943855852819357,6.682623149416927,False,False,1eRASS J141544.0-220046,58875.273,58876.773,0
3eRASS J222526.2-574318,sm03_336147_020_ML00006_001_c030,336.3592128040741,-57.72170292489405,0.8422395019375467,2.0007799470940304,strong,rise,830.81866,27.85254,0.7638776,0.05228166,0.11600541,0.035559956,7.112454e-13,1.0801249e-13,307.77164,103.4801,6.58484418383758,6.723505370042253,0.3433037198658094,1.1162784775383217,0.08241496988179145,9.622641275234056,4.679896449058375,6.65008369872166,10.351351776897827,6.65008369872166,False,False,1eRASS J222526.3-574316,58971.02,58972.02,0
3eRASS J055013.1+081433,sm03_086081_020_ML00018_001_c030,87.55459314745471,8.242568826154589,1.0176149947937478,2.0006772885884834,strong,rise,489.99542,11.0151005,0.4062591,0.036275912,0.051678564,0.024200475,3.7826732e-13,4.8117844e-14,341.48355,105.45948,7.861268872871586,8.026808532817036,0.31533058110157597,0.5770688678118194,0.05466983401392715,11.166503452979372,4.785631822346746,6.599470963921132,8.207398613325187,6.599470963921132,False,False,1eRASS J055013.0+081434,58937.41,58938.242,0
3eRASS J074631.1-125709,sm03_117102_020_ML00004_001_c030,116.62987302102596,-12.952691107947773,1.0660954609250872,9.131439903863319,strong,rise,438.9934,6.032413,0.450669,0.04269066,0.05881908,0.02902759,4.1961733e-13,5.4766372e-14,267.76947,91.69973,7.661952177596646,7.8232947011140155,0.34966909581898736,0.6691827916444107,0.06799374724536825,11.37696769570733,4.578120363680547,6.592161129457344,7.663491273138815,6.592161129457344,False,False,1eRASS J074630.7-125716,58963.566,58964.234,0
3eRASS J143901.8-523607,sm03_219144_020_ML00016_001_c030,219.75779685978455,-52.60204138592728,1.0816776883100072,5.9853785817337855,strong,rise,369.93506,6.0724683,0.27526844,0.02614233,0.032077577,0.017294263,2.563021e-13,2.986739e-14,446.7791,128.1976,8.581335048397012,8.762037592574298,0.2929795382752469,0.3812577613927375,0.03807544172879552,11.885491282824043,4.877280387734875,6.561506817516395,7.828403530852832,6.561506817516395,False,False,1eRASS J143902.5-523607,58901.684,58903.684,0
3eRASS J121002.9+121509,sm03_182078_020_ML00001_001_c030,182.51214085605298,12.252672829600261,0.49289608937846013,2.8597588059462273,strong,fade,7878.3555,8375.869,6.150958,0.17218389,12.52548,0.40936202,5.7271492e-12,1.1662458e-11,218.07712,100.74682,0.4910756257196063,0.5014165125921637,0.4717061026436636,0.9181538354312336,0.47993025627047947,0.07330288464882613,1.9052783028163385,6.553037004707517,14.01738520162019,6.553037004707517,False,False,1eRASS J121002.8+121512,59006.254,59007.09,0
3eRASS J044940.8-643621,sm03_073156_020_ML00013_001_c030,72.42027558601345,-64.60607571103678,0.565867666787565,1.9383656600165402,strong,rise,2923.4775,118.52117,0.3802821,0.013104105,0.07327507,0.010117707,3.5408018e-13,6.822632e-14,2444.2761,895.7186,5.189788560290877,5.299073186901735,0.374172266050367,0.5705012537650115,0.02191520824150144,7.785748656480941,4.47570325355925,6.546109779574927,18.779063136061097,6.546109779574927,False,False,1eRASS J044940.8-643623,58831.15,59011.37,0
3eRASS J052001.3-561253,sm03_082147_020_ML00108_001_c030,80.00582499542877,-56.21485260744283,0.9462498406596141,2.780256730072745,strong,rise,386.04865,7.055355,0.09186011,0.007376376,0.011513261,0.005337215,8.553083e-14,1.0719983e-14,1970.9333,548.3056,7.978634991793578,8.146646103578375,0.284054058687463,0.12550707780991094,0.010635385966668777,10.901088445125668,4.92044634644471,6.538772690945567,8.913517424362043,6.538772690945567,False,False,1eRASS J052001.1-561254,58906.715,58911.88,0
3eRASS J222948.4-485827,sm03_336138_020_ML00006_001_c030,337.45189637039607,-48.9743504883024,0.9087382584971379,1.864845095309998,strong,rise,745.1363,28.124939,0.83221143,0.05892245,0.1380627,0.040287364,7.74871e-13,1.2855e-13,260.5311,99.090485,6.027778908048812,6.154709622008766,0.38834939855977907,1.2865530260057965,0.1001902378929721,9.318614079995573,4.34413966571441,6.515049122473141,9.82887264186889,6.515049122473141,False,False,1eRASS J222948.2-485827,58976.016,58976.85,0
3eRASS J071939.4-264441,sm03_108117_020_ML00002_001_c030,109.91424334311166,-26.744870940735694,0.4953692986587377,2.3752899291581184,strong,rise,8766.655,377.46115,4.4953704,0.11585256,0.85760427,0.09050168,4.1856336e-12,7.9851425e-13,355.82504,113.26017,5.241777088077379,5.35215646966355,0.32500568088052295,6.332804858817123,0.17859724524642212,7.384297298526347,4.703091344650062,6.471806300047207,25.059683269276857,6.471806300047207,False,False,1eRASS J071939.5-264441,58960.395,58961.227,0
3eRASS J111437.0+122712,sm03_169078_020_ML00016_001_c030,168.65421402572562,12.453433439823844,1.435829824373701,3.9611161036563702,strong,rise,257.3295,7.3060246,0.3745143,0.044841617,0.048792306,0.026443012,3.487098e-13,4.5430453e-14,206.77048,78.90602,7.675683723373431,7.837315400646405,0.3896474760584835,0.5882726872115274,0.07581754468850282,12.056668999969974,4.2718907187087485,6.46785448945454,6.309588779041749,6.46785448945454,False,False,1eRASS J111437.2+122714,58996.418,58997.086,0
3eRASS J112912.7-754627,sm03_175165_020_ML00005_001_c030,172.30313941863295,-75.77428545933039,0.5344465520313587,0.3121154228827067,strong,rise,4527.6655,156.36887,1.2429446,0.040493306,0.22385746,0.03190455,1.1573042e-12,2.084334e-13,815.3317,246.3808,5.5523929595109305,5.66931317395275,0.3085480240789735,1.7217619147348975,0.0608401330905397,7.691331333020287,4.774739189920803,6.457990719822589,20.014779659082848,6.457990719822589,False,False,1eRASS J112912.7-754627,58901.195,58904.53,0
3eRASS J155133.9-694209,sm03_239159_020_ML00002_001_c030,237.89161766562685,-69.70257399688116,0.698769132135216,1.7037595481071843,strong,rise,1326.8334,43.216805,0.73452854,0.03916738,0.12590308,0.029152825,6.839186e-13,1.1722821e-13,526.41675,178.59093,5.834078984634427,5.956930838047564,0.34640164613688446,1.0704360284385277,0.06234953433602874,8.502063547596833,4.523066040082403,6.415961394806936,12.610485893066436,6.415961394806936,False,False,1eRASS J155134.2-694208,58923.023,58924.523,0
3eRASS J105853.1-563300,sm03_167147_020_ML00007_001_c030,164.72154358032364,-56.55013155916163,0.73254214504591,0.9098733949844646,strong,fade,1018.0618,1233.2338,0.5594329,0.032343417,1.3867579,0.08055594,5.2088726e-13,1.2912085e-12,603.7139,233.72389,0.4034106773095224,0.4119055484836447,0.3952957706772963,0.056031115560612105,0.07411647214309261,0.04040439759145518,2.1601445514061894,6.3964230790096765,9.367348020135946,6.3964230790096765,False,False,1eRASS J105853.2-563300,58848.797,58850.797,0
3eRASS J114400.4-610737,sm03_174150_020_ML00022_001_c030,176.0018211222206,-61.12700583340823,0.6101647849721871,0.41927988787727805,strong,rise,2244.2803,93.086136,0.9235167,0.038216513,0.17659624,0.02877481,8.598852e-13,1.6442853e-13,700.6589,257.1273,5.229537700614108,5.339659349756397,0.37470699174126765,1.387247795439756,0.06386020978042185,7.855477566521593,4.369527258893913,6.39373583229786,15.806774011021965,6.39373583229786,False,False,1eRASS J114400.4-610736,58865.96,58868.465,0
3eRASS J021834.9-244913,sm03_034114_020_ML00034_001_c030,34.64582516161023,-24.82031625100182,1.2520938526162084,7.409212126628541,strong,rise,262.94995,6.1221175,0.1970348,0.020989887,0.024157839,0.013675091,1.8345885e-13,2.2493333e-14,508.90146,168.65532,8.156143720554795,8.32789274476463,0.3383892832179584,0.2889332641626268,0.03276424595352204,11.96022812336335,4.491087718810695,6.371063477625681,6.963198164424137,6.371063477625681,False,False,1eRASS J021834.5-244916,58851.836,58853.336,0
3eRASS J031124.1-450646,sm03_048135_020_ML00006_001_c030,47.8507355163511,-45.11289196800204,0.6924306225730162,4.402349754896091,strong,rise,1684.1289,45.37465,0.60290945,0.02908374,0.09916517,0.0226539,5.613682e-13,9.233256e-14,781.2003,224.82294,6.079850791797035,6.207878016010969,0.29385187029680376,0.8242902335616651,0.04268894276368221,8.312295759193507,4.769060379480753,6.357008681848942,13.826849010886326,6.357008681848942,False,False,1eRASS J031124.5-450645,58851.992,58854.33,0
3eRASS J054137.5-683233,sm03_082159_020_ML00258_001_c030,85.4063210895626,-68.54264480852481,1.3039741330065207,2.067976235468814,strong,fade,111.53905,185.68204,0.030121226,0.0032780813,0.09201321,0.008961912,2.8045835e-14,8.5673385e-14,4880.56,1645.5847,0.3273576244610846,0.33425099889085946,0.3442713139825405,-0.0004053914511417996,0.006803119425124049,-0.004405796199103674,2.4398851180635908,6.313919388984441,6.4033174809470665,6.313919388984441,False,False,1eRASS J054137.7-683231,58959.707,58975.875,0
3eRASS J155312.8-304643,sm03_238120_020_ML00002_001_c030,238.30368808681445,-30.778835685955972,0.46256287102397425,2.959291914460669,strong,rise,10610.771,421.3884,5.913045,0.12756456,1.1501997,0.10566595,5.5056285e-12,1.0709494e-12,384.68732,115.31202,5.140885689429339,5.249140537674429,0.3060673215778113,8.129701518997447,0.1914282451441558,7.068078578230745,4.6968358560944,6.309607824488292,29.139705803721185,6.309607824488292,False,False,1eRASS J155313.0-304645,58910.004,58911.004,0
3eRASS J113634.5-335411,sm03_175123_020_ML00009_001_c030,174.1438756363858,-33.90322910331248,0.7667138498393286,0.7726484756999333,strong,fade,922.32214,1076.5969,0.6211168,0.041601848,1.6576663,0.11257418,5.783211e-13,1.543451e-12,392.989,140.81314,0.37469351184670424,0.38258366769023694,0.36585839890148975,0.0626978431380965,0.09128814680814688,0.03782295759465914,2.282136985176704,6.303752461688991,8.506113707432734,6.303752461688991,False,False,1eRASS J113634.5-335411,58836.62,58837.785,0
3eRASS J130813.8+044137,sm03_197084_020_ML00004_001_c030,197.05776636746003,4.693629771090285,0.7278009499336151,0.647630227601458,strong,fade,1239.717,1437.0631,0.9431412,0.054990117,2.3048773,0.13522273,8.7815757e-13,2.1460683e-12,340.92358,134.37502,0.40919368232637754,0.41781032985740024,0.40244981726594237,0.09001280283677761,0.1277813276378477,0.03905318672339238,2.130450529298234,6.288749667434687,9.164784431320953,6.288749667434687,False,False,1eRASS J130813.8+044137,58841.266,58842.434,0
3eRASS J215406.5-722108,sm03_329162_020_ML00006_001_c030,328.52749664550515,-72.35222416728634,0.7400188588365704,5.2409048165261405,strong,rise,1204.3142,42.05931,0.9113677,0.051465277,0.15869014,0.038139842,8.4857333e-13,1.4775618e-13,375.60947,129.98291,5.743064543314883,5.8639998486605505,0.3533458378592593,1.3390235620518782,0.08285330350997488,8.437975825052602,4.394480526117846,6.283331078307464,11.887507550282814,6.283331078307464,False,False,1eRASS J215407.6-722109,58959.36,58960.36,0
3eRASS J113304.1-665602,sm03_177156_020_ML00011_001_c030,173.26709191171255,-66.93389918669112,0.7382329566914614,6.877206020873616,strong,rise,998.5738,34.29194,0.36863384,0.02165585,0.066720694,0.015947483,3.432345e-13,6.212355e-14,871.91614,327.94284,5.525029982914764,5.641373998028704,0.384037551080456,0.5630892438946655,0.036723201116200595,8.439499165478875,4.231928551965561,6.280471603787349,11.358934600076589,6.280471603787349,False,False,1eRASS J113304.3-665608,58875.465,58878.465,0
3eRASS J040756.7-375029,sm03_063129_020_ML00036_001_c030,61.98631224423641,-37.84142007978338,1.015957357844072,4.952671092914885,strong,rise,422.6335,16.446295,0.20779309,0.017389437,0.035499558,0.011870161,1.9347588e-13,3.3053594e-14,768.8555,313.33044,5.853399291031698,5.976657984231486,0.4161099546776493,0.33368963218358294,0.0310610474912919,9.39982502226517,4.015754810594553,6.2353131065440115,8.271816092702787,6.2353131065440115,False,False,1eRASS J040756.5-375024,58887.06,58894.39,0
3eRASS J111230.5-750649,sm03_164165_020_ML00053_001_c030,168.12738549581448,-75.11380825659137,1.0151595537853089,2.7003349461755155,strong,rise,484.7786,16.012493,0.19849554,0.015607281,0.033404958,0.011106715,1.8481894e-13,3.1103314e-14,914.6892,360.55408,5.942098175826565,6.067224656970505,0.40248259895049066,0.31281303260020993,0.027279459625407173,9.36426973665105,4.080019258313381,6.226497418771223,8.714252896843737,6.226497418771223,False,False,1eRASS J111230.7-750647,58897.863,58902.695,0
3eRASS J055816.1-450154,sm03_089135_020_ML00006_001_c030,89.56714314854595,-45.03188316308746,0.6088071151947767,1.7458434857410725,strong,rise,3404.5796,170.91687,1.0805765,0.037990306,0.20986216,0.029510729,1.0061235e-12,1.9540238e-13,810.97784,272.42325,5.148982317106032,5.257407661108738,0.3429931374181723,1.555284465288099,0.06028932645194463,7.410981009226381,4.426737520430765,6.214323407642381,18.33139313876368,6.214323407642381,False,False,1eRASS J055816.2-450155,58938.387,58941.72,0
3eRASS J113219.7-525356,sm03_175144_020_ML00015_001_c030,173.08243278617977,-52.89889014870013,1.2978569825466473,1.4834259215565897,strong,fade,528.86255,652.6923,0.3315335,0.025081867,0.8949799,0.06754283,3.086904e-13,8.3331465e-13,593.7002,215.0802,0.37043680397110385,0.37823732365212775,0.3698992864557382,0.02240728993001773,0.05554122968330315,0.025036640572822982,2.2739299505999613,6.211864281075525,7.7035293593886625,6.211864281075525,False,False,1eRASS J113219.6-525355,58851.63,58853.63,0
3eRASS J153129.6-302153,sm03_231120_020_ML00004_001_c030,232.87354120827905,-30.36497946617385,0.6339452011589334,0.40360649569204765,strong,fade,1704.1692,1818.263,1.274545,0.06086618,3.691347,0.19319032,1.1867271e-12,3.4370083e-12,373.17477,107.63279,0.34527910663245803,0.3525498649314713,0.2944981500614682,0.3326542135922206,0.11730251450702289,0.09011729974619334,2.563723947711619,6.167001450274685,11.776666938577018,6.167001450274685,False,False,1eRASS J153129.6-302153,58905.504,58906.34,0
3eRASS J045815.6-520201,sm03_076141_020_ML00009_001_c030,74.56532747782157,-52.03376742917146,0.6394646674932252,1.5515733908900158,strong,fade,1784.9874,1936.0859,0.42067528,0.018755436,1.0903562,0.051617794,3.916902e-13,1.0152292e-12,1310.3735,444.03207,0.3858145309318651,0.39393886903622305,0.3459947283458674,0.09083768751766517,0.039229211176832535,0.08331010082490872,2.3159806499179547,6.1422757206319165,12.002792374370506,6.1422757206319165,False,False,1eRASS J045815.5-520201,58897.883,58904.715,0
3eRASS J051840.6-643638,sm03_080156_020_ML00033_001_c030,79.6692415163741,-64.6106308421906,0.5223925764061286,0.7319643108634636,strong,rise,3832.6912,189.58597,0.3187129,0.009075237,0.06912253,0.0072734496,2.9675315e-13,6.43599e-14,4328.5815,1667.7516,4.610839443386984,4.707932776011102,0.3934015009806079,0.4860686755647558,0.015748559666320903,7.0319861253398575,4.124854106868263,6.134679401691022,21.757380577070464,6.134679401691022,False,False,1eRASS J051840.6-643637,58843.15,58859.15,0
3eRASS J232621.3-565537,sm03_352147_020_ML00005_001_c030,351.58897776173865,-56.92704937612839,0.8385123215382325,3.003292067631471,strong,rise,891.3144,47.009834,0.81388307,0.053568482,0.15069753,0.037242934,7.578055e-13,1.4031427e-13,307.2549,119.5832,5.400772460383224,5.514499907057874,0.397394253185273,1.2645195370472084,0.0926398399183361,8.391109945777876,4.070072799310596,6.133934065338741,10.281133522911656,6.133934065338741,False,False,1eRASS J232621.1-565540,58979.355,58980.355,0
3eRASS J053042.1-665431,sm03_080156_020_ML00031_001_c030,82.67568209113101,-66.9087127304337,0.4824418694858899,0.5420239766256955,strong,fade,6033.5947,6268.1187,0.4910181,0.011250957,1.155021,0.028370729,4.571863e-13,1.0754386e-12,4365.126,1562.7422,0.4251161727638446,0.4340681101437617,0.36554496631096306,0.13684414749591128,0.023885081855374427,0.11847763214366837,2.199278092314782,6.110352587198869,21.355732507024236,6.110352587198869,False,False,1eRASS J053042.2-665430,58828.98,59006.875,0
3eRASS J191608.6-482245,sm03_288138_020_ML00009_001_c030,289.03603158970645,-48.37934194902358,0.9804324600206482,1.4663319709073197,strong,fade,667.4276,828.60583,0.81011677,0.058994778,2.2661238,0.16909482,7.542987e-13,2.109985e-12,256.77808,86.73816,0.3574900797617039,0.36501797216617865,0.34490740104241324,0.09316184745869976,0.1253579177580979,0.04111066157262387,2.363776578157443,6.109514871423181,8.016259572770414,6.109514871423181,False,False,1eRASS J191608.5-482245,58950.844,58951.51,0
3eRASS J095019.5-385907,sm03_146129_020_ML00008_001_c030,147.58129989292283,-38.98528118357676,1.1347851515748493,6.522831088278197,strong,rise,326.5585,7.5210857,0.29766756,0.029997878,0.03743823,0.019737618,2.7715788e-13,3.4858685e-14,370.28217,107.91584,7.950898669299966,8.1183257199786,0.2975792566060679,0.4135508020717087,0.04398376731801163,11.046217092536535,4.525786179711528,6.098855322044646,7.313681392536829,6.098855322044646,False,False,1eRASS J095019.7-385901,58999.062,59000.062,0
3eRASS J085431.2+173728,sm03_133072_020_ML00004_001_c030,133.63000036628895,17.624632204549762,0.9312078475505231,5.464177758736976,strong,rise,840.28284,23.900045,0.9389349,0.06695275,0.15310295,0.048763424,8.742411e-13,1.4255396e-13,229.96573,75.05002,6.132703039009438,6.261843206079338,0.3332252764009252,1.3489871143158578,0.1041947800516374,8.810980590650344,4.312992881353966,6.0210090500718465,9.593703319907306,6.0210090500718465,False,False,1eRASS J085430.8+173727,58970.418,58970.918,0
3eRASS J020953.7-135320,sb03_032105_020_ML00003_001_c030,32.47415510077232,-13.889020995439951,0.668736390882768,0.8762187462566237,strong,rise,2066.0686,86.36983,1.0786582,0.050174914,0.2072443,0.038470898,1.0043373e-12,1.929649e-13,462.0968,158.0388,5.204766489333783,5.314366515572939,0.3492054575981559,1.5661088779254575,0.08038647830909625,7.556824609980934,4.243406439909544,5.999218123636307,13.95597840576064,5.999218123636307,False,False,1eRASS J020953.8-135320,58855.344,58856.676,0
3eRASS J043532.4-114425,sm03_069102_020_ML00008_001_c030,68.88532513415382,-11.740347192078813,0.7566755696197881,3.043769037724175,strong,rise,1187.4863,42.543636,0.67715853,0.038703248,0.119887605,0.029260093,6.3050146e-13,1.116272e-13,493.03543,159.58316,5.648278091623898,5.767217419318361,0.3304906558349964,0.9649401150461974,0.06008538993153868,8.048706224094078,4.319564326992908,5.991602749495956,11.623181753293705,5.991602749495956,False,False,1eRASS J043532.5-114422,58912.902,58914.234,0
3eRASS J145802.3-413423,sm03_224132_020_ML00017_001_c030,224.50997953177813,-41.57330757403652,0.6292608406687934,3.646089919087075,strong,rise,1951.6075,84.96283,1.3514711,0.061622072,0.2644619,0.04698602,1.258353e-12,2.4624015e-13,391.94507,136.89175,5.1102674605631435,5.2178775615954605,0.35661724256207844,1.9786217736562126,0.09992438599090596,7.481689188545242,4.199500350170175,5.986900235077452,14.204800772953535,5.986900235077452,False,False,1eRASS J145802.2-413427,58898.51,58902.844,0
3eRASS J222240.0-630325,sm03_338153_020_ML00002_001_c030,335.66671328486245,-63.057100614309626,0.6536421312823264,0.9503966759541728,strong,rise,1967.0713,83.815186,1.3951603,0.06760369,0.26386312,0.051573213,1.299032e-12,2.456826e-13,332.70862,111.19168,5.287439699463856,5.39878062724357,0.3412388725229999,2.007146954181062,0.10685902679755456,7.606773469455527,4.256497588929033,5.962544299259887,13.470249461180812,5.962544299259887,False,False,1eRASS J222240.1-630326,58967.855,58968.855,0
3eRASS J125851.6+235526,sb03_196066_020_ML00007_001_c030,194.7150443249758,23.924136485080222,1.0652963891337301,3.4076564011296493,strong,rise,573.635,26.955814,0.49948654,0.04073853,0.0856147,0.027785575,4.650713e-13,7.971574e-14,332.98703,123.256386,5.834120948974812,5.956973686057335,0.37794827224538985,0.7594137592425111,0.06803093070217497,8.870132434602041,4.0431805095370805,5.9555027225120325,8.483899019778168,5.9555027225120325,False,False,1eRASS J125851.5+235523,58829.926,58830.926,0
3eRASS J142638.7-214901,sm03_218111_020_ML00015_001_c030,216.6616176851728,-21.817053159452826,1.1313042104453626,1.3083024097326974,strong,rise,365.79758,10.903903,0.32278973,0.029213654,0.051672433,0.020889731,3.005491e-13,4.8112135e-14,424.5859,155.83829,6.246845998471744,6.378389745294497,0.3747648452551014,0.49074077608381544,0.0486575388356251,9.497148705034334,4.040154685491983,5.942034312880539,7.6316167676983335,5.942034312880539,False,False,1eRASS J142638.7-214901,58879.168,58880.504,0
3eRASS J053952.8-272518,sm03_085117_020_ML00024_001_c030,84.97030026213268,-27.42180082284652,1.0369944043024324,5.230643800301905,strong,rise,426.03156,9.5641165,0.27515066,0.024188224,0.04013182,0.017783295,2.5619242e-13,3.7366686e-14,524.84326,167.80783,6.856172158722294,7.000546867950089,0.32646216090000507,0.39412751423213155,0.03725519738327784,9.820823698813458,4.276248370174569,5.941065876983918,7.912680435579458,5.941065876983918,False,False,1eRASS J053952.9-272523,58932.895,58934.395,0
3eRASS J042706.4-594855,sm03_066150_020_ML00022_001_c030,66.77686927190702,-59.815544533041866,0.6733660727005439,2.034374474328765,strong,rise,1412.4839,60.830914,0.2778581,0.013178334,0.05362625,0.010442457,2.5871333e-13,4.9931332e-14,1789.1277,621.50793,5.181382360645958,5.2904899726484675,0.3546954313823788,0.40617909827709703,0.021354286151587114,7.574258775775636,4.172771223493214,5.936783091501673,13.50849911805679,5.936783091501673,False,False,1eRASS J042706.6-594854,58849.652,58855.652,0
3eRASS J140740.1-671837,sm03_211156_020_ML00006_001_c030,211.9174074504846,-67.31042948059705,0.7254398851311279,1.2477100252408573,strong,fade,1128.4824,1216.8138,0.531082,0.031078465,1.6330285,0.103995204,4.9448976e-13,1.5205107e-12,607.8086,163.06303,0.32521292320019013,0.3320611353128945,0.2739295826977267,0.14234414493340555,0.05774580764956074,0.08716574407792935,2.66318726211712,5.934159768294873,10.031950407619117,5.934159768294873,False,False,1eRASS J140740.3-671838,58906.523,58907.855,0
3eRASS J092753.9+162006,sm03_143075_020_ML00002_001_c030,141.97472573245508,16.335006471837563,0.8903379040012633,0.5351090391829396,strong,rise,855.5703,18.636267,1.0140042,0.07142187,0.17578371,0.053752966,9.44138e-13,1.6367199e-13,215.20355,75.799805,5.768476715201652,5.889947140559196,0.3596407578731764,1.5027435333243124,0.116310965679472,8.548821415304161,4.110826265689879,5.91236598274506,9.488023491194872,5.91236598274506,False,False,1eRASS J092753.8+162005,58976.582,58977.25,0
3eRASS J161902.1-213812,sm03_244111_020_ML00016_001_c030,244.75911881671908,-21.636679514914142,0.8032599678519426,0.4438468114772707,strong,fade,938.34076,1071.4935,0.75340915,0.045552142,2.0971909,0.13340472,7.014983e-13,1.9526917e-12,402.69052,128.29993,0.3592468204654344,0.3668117056586575,0.32531587341574997,0.1483650608321286,0.09246772009633697,0.07074466319630084,2.4079664610388725,5.900309371113386,9.399163448859579,5.900309371113386,False,False,1eRASS J161902.1-213811,58914.832,58915.832,0
3eRASS J160538.0-203947,sm03_241111_020_ML00005_001_c030,241.40851049526484,-20.663276214377802,0.6805123150768843,0.8505527999568294,strong,fade,2569.336,2606.363,1.7819728,0.06859508,4.7909465,0.20299552,1.6591925e-12,4.460844e-12,430.94833,131.7383,0.37194587165980103,0.3797781687238482,0.31213113442478885,0.5112061832650802,0.13477498586530004,0.10670254510538053,2.4286569370469118,5.880648589959879,13.837511826892978,5.880648589959879,False,False,1eRASS J160538.0-203946,58910.832,58911.832,0
3eRASS J073013.7-563322,sm03_114147_020_ML00072_001_c030,112.55744673059819,-56.55626917588719,1.2276425515841898,8.14874367510375,strong,rise,232.89034,7.1512547,0.10894842,0.011997008,0.01657587,0.007930849,1.0144173e-13,1.543377e-14,874.2433,339.38303,6.57271216803673,6.711117882789834,0.3963766521977979,0.17131117210985072,0.020645074581966176,10.334973709302863,3.8705058004652293,5.869085157620449,6.4871900854269695,5.869085157620449,False,False,1eRASS J073014.6-563326,58982.215,58985.383,0
3eRASS J110925.3-331339,sm03_168123_020_ML00014_001_c030,167.35563116171306,-33.22751160555083,1.2305466346528622,5.033099892018721,strong,rise,283.01242,6.0424085,0.2918188,0.030417299,0.04424126,0.021496814,2.717121e-13,4.119298e-14,359.30734,135.18797,6.59607779538483,6.734975534780287,0.3841689118533222,0.45100830923584356,0.05145248884522657,10.194291521552698,3.903497277732461,5.824315727099514,6.717266834730606,5.824315727099514,False,False,1eRASS J110924.9-331341,58829.953,58831.12,0
3eRASS J034930.7-433201,sm03_056135_020_ML00003_001_c030,57.37801263357562,-43.5338872932613,0.5386942770719778,1.8002114175376174,strong,rise,5071.7163,285.3567,1.2889493,0.039453086,0.29087743,0.030733688,1.200139e-12,2.708356e-13,890.1889,337.00378,4.43124529788088,4.524556804154055,0.3865474871244928,1.940658168477654,0.06747476989011307,6.671738531227602,3.9543964554330358,5.804666286577604,20.23354580695452,5.804666286577604,False,False,1eRASS J034930.5-433202,58870.66,58873.824,0
3eRASS J134036.7-370932,sm03_205126_020_ML00028_001_c030,205.15294443489597,-37.1588900334504,1.1722945772114106,5.04862382364703,strong,rise,281.93253,7.0868044,0.27879894,0.026092228,0.04517027,0.019169366,2.5958933e-13,4.205798e-14,487.25668,183.34485,6.172177814622679,6.302149226754556,0.3842033619745717,0.4291557695915261,0.04425196159310951,9.500845810300827,3.88120550053405,5.771842911238282,7.2970576840725,5.771842911238282,False,False,1eRASS J134036.3-370933,58872.617,58874.28,0
3eRASS J164914.6-390335,sm03_252129_020_ML00019_001_c030,252.31107559018355,-39.059823763831076,0.9388398010921317,2.1273680442569445,strong,fade,591.4173,692.9853,0.51088244,0.0388188,1.4236109,0.11121398,4.75682e-13,1.3255223e-12,372.37537,125.39619,0.35886380753022457,0.3664206273802983,0.34383781649590295,0.06369223749708873,0.08221710298075074,0.04473991899641709,2.338749683710631,5.76482110273778,7.639544909027697,5.76482110273778,False,False,1eRASS J164914.8-390335,58925.34,58926.34,0
3eRASS J060306.7-212408,sm03_091111_020_ML00031_001_c030,90.77826936704793,-21.402358658286747,1.2679918957147573,5.195258726576376,strong,rise,359.2478,7.7113714,0.32175463,0.030719584,0.043547627,0.02275917,2.9958533e-13,4.054714e-14,376.5089,110.51216,7.388568783513935,7.544154501759402,0.2996988429236273,0.44693004335650605,0.045393845746603184,10.263017261951752,4.278963387794345,5.762645475480661,7.353717340809296,5.762645475480661,False,False,1eRASS J060306.6-212413,58941.562,58942.562,0
3eRASS J083637.8-621006,sm03_129153_020_ML00010_001_c030,129.15766312412066,-62.16852126946732,0.6581315035344024,2.0042036050802965,strong,rise,1700.7134,79.67716,0.47095126,0.022897866,0.097566135,0.017644394,4.3850213e-13,9.08437e-14,991.12134,368.8236,4.826995125277728,4.928640183412591,0.3799637275612345,0.7080440629494767,0.038677486065562074,7.257067847334386,3.9340757519195875,5.751876309883166,13.086096891275668,5.751876309883166,False,False,1eRASS J083637.6-621008,58828.973,59011.383,0
3eRASS J161802.8-223532,sm03_245114_020_ML00064_001_c030,244.51167803380872,-22.592342409157567,1.09867519391373,9.663669811479991,strong,rise,330.0621,6.0170183,0.32849666,0.030649561,0.04711181,0.023210036,3.0586284e-13,4.3865746e-14,401.99478,128.81763,6.972703234417798,7.119531811456969,0.3271938503207709,0.4713639261193108,0.04733492222774771,10.005218088336637,4.13469006285802,5.74889893524785,7.399468664797828,5.74889893524785,False,False,1eRASS J161802.4-223540,58914.668,58915.836,0
3eRASS J071154.3-461915,sm03_110135_020_ML00017_001_c030,107.97652993145103,-46.32095799501326,1.0185325624871149,9.145889198589503,strong,rise,370.02194,8.973265,0.200041,0.018992547,0.029277848,0.013602813,1.8625791e-13,2.7260566e-14,619.7498,198.50078,6.832503383767776,6.976379684784293,0.32703637471853036,0.2867052763513828,0.02924178948217737,9.792566570122574,4.119699156853196,5.722699189847207,7.38678178961267,5.722699189847207,False,False,1eRASS J071154.1-461924,58964.887,58966.72,0
3eRASS J163114.1-474823,sm03_249138_020_ML00003_001_c030,247.80893581307822,-47.80655969399422,0.5835463194787471,1.0825597907355704,strong,fade,5810.4634,5562.6436,3.3591373,0.09676182,8.21326,0.26004297,3.1276884e-12,7.647356e-12,389.5559,131.49068,0.40898953894271484,0.41760188769871054,0.3446477271969882,0.9926177086963521,0.1994958828065875,0.1208555123447148,2.2561287870188544,5.722188589952748,17.195343950960794,5.722188589952748,False,False,1eRASS J163114.2-474823,58922.844,58924.01,0
3eRASS J141650.0-283257,sm03_214120_020_ML00012_001_c030,214.2084866509172,-28.549308260715843,0.9781627067022403,2.2102316988970947,strong,rise,406.6096,12.490453,0.3520353,0.030694501,0.06034478,0.022383075,3.2777963e-13,5.6186948e-14,426.27094,158.90924,5.833732491396367,5.956577048484479,0.3806393510319096,0.537223694992965,0.0517092778551857,8.902570854045658,3.866812314490723,5.710231101282324,7.766301076697536,5.710231101282324,False,False,1eRASS J141649.8-283256,58879.34,58880.67,0
3eRASS J081506.6-190319,sm03_124108_020_ML00001_001_c030,123.77789543674358,-19.055367420858648,0.562500769434134,1.4337913007769818,strong,rise,3887.6245,174.82816,2.718528,0.10060185,0.56056046,0.081517935,2.531218e-12,5.2193715e-13,286.30466,92.613365,4.849660657011579,4.951782997437173,0.33029006156598667,3.834976583945597,0.1567590939742014,6.841325466843553,4.138233753070513,5.692872461996453,16.892497494632124,5.692872461996453,False,False,1eRASS J081506.7-190318,58970.566,58971.4,0
3eRASS J064022.9-095742,sm03_101099_020_ML00002_001_c030,100.09572354283172,-9.961855856564007,0.6883102915817357,2.0392592976403936,strong,fade,1750.0428,1801.672,1.261328,0.06779494,3.4505997,0.19993125,1.1744209e-12,3.212849e-12,293.2588,91.83087,0.365538776568342,0.37323615542009664,0.31973333870874804,0.301909802757908,0.13588553420756844,0.0874948796137865,2.3967580844033285,5.673522376840505,10.221927234510668,5.673522376840505,False,False,1eRASS J064022.8-095744,58949.566,58950.234,0
3eRASS J091640.5-563408,sm03_140147_020_ML00020_001_c030,139.16909998338352,-56.56901828343809,0.9658065881020454,7.486399640977792,strong,rise,608.6859,23.972303,0.31372863,0.022666296,0.055170905,0.017221853,2.9211234e-13,5.136956e-14,675.9296,226.25047,5.686486952210853,5.806230867802098,0.3417734063201239,0.45374903251879933,0.035850898399628656,8.224426149862705,4.015784363849066,5.635691792537816,9.19170619682122,5.635691792537816,False,False,1eRASS J091639.7-563410,59008.387,59010.555,0
3eRASS J073327.4-761917,sm03_111165_020_ML00021_001_c030,113.36417393864363,-76.32164866825099,0.6466427130614579,1.80636073562515,strong,rise,1680.7722,56.287468,0.2887706,0.013014309,0.05620848,0.0109312665,2.6887393e-13,5.2335645e-14,1890.4933,576.1798,5.137491451185282,5.2456748248308145,0.31119538632287164,0.39946970611723825,0.019705400873569905,7.106929506983623,4.156692164046144,5.601978369495337,13.869126371313337,5.601978369495337,False,False,1eRASS J073327.8-761917,58908.535,58913.703,0
3eRASS J015141.8-361114,sm03_027126_020_ML00411_001_c030,27.924567496738277,-36.18727755236902,1.7742016506952925,1.536142807309968,strong,fade,29.795822,2461.0854,0.4452858,0.065370776,3.0676618,0.14325471,4.1460504e-13,2.856296e-12,472.4563,159.16461,0.14515478942318258,0.14821140469345886,0.34398153033478346,-0.8728448993595257,0.12421252441006346,-0.28453100993861646,5.595936490660854,,16.53362665581188,5.595936490660854,True,True,1eRASS J015141.7-361114,58835.832,58837.168,0
3eRASS J144830.9-651739,sm03_225156_020_ML00014_001_c030,222.12906100804992,-65.29422800427413,1.0211753652012703,5.090831687773471,strong,rise,371.02396,10.622028,0.2066716,0.019533655,0.031106422,0.013796129,1.9243166e-13,2.896315e-14,610.4714,188.40186,6.6440170266907455,6.783924252490594,0.31511576023694704,0.2913343877373677,0.02949794752960128,9.365731305344827,4.082854667971738,5.577289022538225,7.418803775990425,5.577289022538225,False,False,1eRASS J144831.3-651743,58910.52,58912.023,0
3eRASS J073020.3+372742,sb03_111054_020_ML00012_001_c030,112.58476625099888,37.461799308417284,1.3517669639256742,7.571101707737197,strong,rise,342.82883,8.9989395,0.41479114,0.042772755,0.05836291,0.030293217,3.862115e-13,5.434163e-14,250.01434,76.1302,7.107101864760829,7.256760557894984,0.3109154602153638,0.5834017296616285,0.06417999596577506,9.996104427328223,4.089185959023131,5.573191092866576,6.8702646760448625,5.573191092866576,False,False,1eRASS J073020.9+372742,58954.258,58954.926,0
3eRASS J051843.3+131846,sm03_081078_020_ML00010_001_c030,79.6808326872418,13.31281948589382,1.1657857725988083,2.4271293718247944,strong,rise,378.02774,9.408789,0.34376523,0.033192903,0.0447279,0.025357245,3.2007936e-13,4.164609e-14,346.43036,115.544266,7.685700326671583,7.847542929830772,0.3405514287567972,0.5042764831419454,0.05241204323264057,11.27431631942724,3.911423797332747,5.555340463853815,7.235805131725735,5.555340463853815,False,False,1eRASS J051843.2+131847,58929.91,58930.914,0
3eRASS J175621.7-760127,sm03_270165_020_ML00013_001_c030,269.09042434454835,-76.02437843393491,1.1507191385538047,1.1851298654930422,strong,fade,305.07144,397.2543,0.22034648,0.022588933,0.62673664,0.06272381,2.0516432e-13,5.8355366e-13,483.49493,172.35706,0.3515774668622495,0.3589808536755032,0.36398827304734627,0.002434061810108366,0.04991905210831889,0.0038837075274485875,2.2774532799502794,5.535933250779868,6.01152250159186,5.535933250779868,False,False,1eRASS J175621.7-760126,58938.86,58940.36,0
3eRASS J043959.5-651403,sm03_073156_020_ML00009_001_c030,69.99822021777487,-65.23424134705355,0.5364667961043507,0.6842416777590623,strong,fade,3820.8694,3984.9468,0.52877283,0.016390499,1.1415213,0.037254058,4.9233973e-13,1.0628691e-12,2143.3813,877.2936,0.46321765079066707,0.4729719148455749,0.41792250370054995,0.12303917549803792,0.03832839768166896,0.10778526144319858,1.983556624132512,5.531024935017662,14.730813169084259,5.531024935017662,False,False,1eRASS J043959.6-651403,58828.984,59011.37,0
3eRASS J092837.3-050059,sm03_143096_020_ML00008_001_c030,142.15580243480875,-5.01656264333545,1.061879755191071,1.7741945923008262,strong,rise,426.3339,17.370737,0.5406222,0.05192429,0.09144029,0.0363993,5.033726e-13,8.513994e-14,218.85165,79.892136,5.912297232245202,6.036796176264247,0.3727386694279382,0.8168001275214408,0.0860817061519101,8.932606465072341,3.7837786345371627,5.5269123460315495,7.16164871826235,5.5269123460315495,False,False,1eRASS J092837.4-050101,58982.242,58982.906,0
3eRASS J145343.9-142643,sm03_223105_020_ML00008_001_c030,223.43299846687182,-14.445454873413288,0.9746092707017965,0.8936191072813859,strong,fade,672.59937,802.8667,0.53679276,0.038651668,1.3551936,0.0990132,4.9980706e-13,1.261819e-12,399.14682,152.1101,0.39610041635483156,0.40444135078768195,0.38911292128244646,0.051135166131005404,0.08822130629949403,0.03773273838257082,2.1376846627131796,5.524861563651126,7.572073306391728,5.524861563651126,False,False,1eRASS J145343.8-142642,58885.0,58886.332,0
3eRASS J145415.1-681618,sm03_223159_020_ML00003_001_c030,223.56323590710593,-68.27180052881764,0.6314991858172593,1.8208383007071833,strong,rise,2274.5745,98.5878,1.0568277,0.04407113,0.22045524,0.036357205,9.840109e-13,2.052656e-13,597.1335,194.95847,4.793842252604532,4.8947891899452465,0.33336571035584867,1.4953100475106003,0.0690984585199116,6.782828201926,3.998503766607799,5.51147950527053,14.841964324882397,5.51147950527053,False,False,1eRASS J145415.4-681619,58913.688,58915.355,0
3eRASS J053359.2-714525,sm03_086162_020_ML00003_001_c030,83.49668298399304,-71.75710676978056,0.4309076281589944,2.0635401278720855,strong,rise,23145.734,1264.8513,2.1570392,0.031115396,0.5115204,0.027085291,2.0084164e-12,4.76276e-13,2374.5698,770.9854,4.21691730304567,4.3057155705585926,0.3315213252740808,3.0154467245222047,0.048814605954165195,5.895066567380223,4.025417215476846,5.50121820671983,40.50248118835928,5.50121820671983,False,False,1eRASS J053359.5-714527,58951.87,58959.04,0
3eRASS J075053.9-462058,sm03_118135_020_ML00040_001_c030,117.72478302426882,-46.34961033852295,1.1660153451234225,8.868528081477635,strong,rise,280.18756,8.882869,0.22432013,0.0225404,0.035156287,0.01624704,2.0886419e-13,3.2733974e-14,504.48706,177.38289,6.380654673412457,6.515016113269966,0.3590144633871872,0.33418558341580573,0.036572801421448656,9.505713188988999,3.8169910047888886,5.495471271487224,6.882288939614746,5.495471271487224,False,False,1eRASS J075053.9-462107,58976.555,58978.387,0
3eRASS J152058.9-065903,sm03_230096_020_ML00016_001_c030,230.24557444396436,-6.984344104484266,1.0312659724055746,8.148577675139883,strong,rise,389.2185,21.461826,0.30005917,0.026549794,0.068888724,0.019495096,2.793847e-13,6.41422e-14,473.94876,241.04784,4.355708057288661,4.447428928599075,0.5193045150717156,0.5521740852728715,0.058740119700116784,8.015449472880105,3.116655710877304,5.492599971707091,7.11239468721444,5.492599971707091,False,False,1eRASS J152059.2-065910,58891.83,58896.66,0
3eRASS J210838.3-424456,sb03_318132_020_ML00001_001_c030,317.1596049849393,-42.74902516803399,0.6911749573751524,0.7551154037722333,strong,fade,1840.4078,1861.2915,1.7721156,0.08996109,4.688934,0.25809664,1.6500145e-12,4.36586e-12,231.40701,74.48366,0.37793571953240623,0.3858941485728545,0.32865082990347566,0.44267687938706046,0.18263507016584402,0.09440885574657214,2.331030979665314,5.491050663575747,10.510859660694553,5.491050663575747,False,False,1eRASS J210838.3-424455,58966.844,58967.51,0
3eRASS J042723.8-014141,sm03_068093_020_ML00028_001_c030,66.84922167946512,-1.6948484676194466,1.1623222458365372,5.333157343873737,strong,rise,300.86206,6.2784777,0.24978721,0.025365144,0.03652944,0.018734813,2.3257654e-13,3.4012517e-14,443.43002,142.35321,6.8379698254002195,6.981961236700277,0.32778752794062144,0.3583652750099174,0.03915981912354327,9.810313839033439,3.9543592168407486,5.49094552214869,6.836140469846079,5.49094552214869,False,False,1eRASS J042723.6-014137,58912.574,58913.906,0
3eRASS J052431.6+014815,sm03_083087_020_ML00034_001_c030,81.13188335909331,1.804181429704504,1.1845642106844663,3.803821585818136,strong,rise,328.41995,6.6875563,0.30834875,0.030886922,0.045714453,0.022997668,2.8710313e-13,4.256467e-14,367.49753,118.17743,6.745104136617072,6.887140016972906,0.3283449712944935,0.44240789674447634,0.04774699465796736,9.677637356239023,3.94366628630845,5.477118827252027,6.895047593170356,5.477118827252027,False,False,1eRASS J052431.8+014816,58930.574,58931.574,1
3eRASS J121145.2-651443,sm03_183156_020_ML00070_001_c030,182.93864081848622,-65.24543662329617,1.0557093044892627,3.438000318881338,strong,rise,401.176,14.505458,0.22013028,0.018191883,0.04014019,0.013667793,2.0496303e-13,3.737448e-14,765.9689,279.55722,5.484036918622188,5.599517717118957,0.37265748291610773,0.3308762239380285,0.030287045816874632,8.243016046548536,3.7556938247661016,5.4624550770488085,8.005751978694184,5.4624550770488085,False,False,1eRASS J121144.8-651441,58879.86,58882.36,0
3eRASS J105237.2+240627,sm03_164066_020_ML00016_001_c030,163.15529873774142,24.107627540233924,1.3607122765763886,7.614444218511288,strong,rise,302.21872,10.331213,0.41459528,0.045618255,0.07316786,0.031330455,3.8602913e-13,6.81265e-14,217.85037,89.40457,5.66635778658844,5.7856778297379705,0.4190363256896733,0.667052661350076,0.0819547123426988,9.116744110311389,3.5178310610464707,5.44395344554334,6.237730976549573,5.44395344554334,False,False,1eRASS J105237.5+240634,58989.42,58990.09,0
3eRASS J065629.6-653338,sm03_107156_020_ML00001_001_c030,104.12337347752667,-65.5607128530255,0.44770265394479036,1.9671568792946217,strong,rise,14541.786,1025.2137,1.3554274,0.023982596,0.34461692,0.019954497,1.2620367e-12,3.2087237e-13,2518.3252,964.01245,3.9331422999673538,4.015964939592428,0.3908598725362061,2.0285944315118525,0.04156074342749897,5.886520119060149,3.7244948782431835,5.443428533986637,32.903013268304065,5.443428533986637,False,False,1eRASS J065629.3-653337,59002.38,59011.38,0
3eRASS J103006.7-423343,sm03_156132_020_ML00003_001_c030,157.52809916933626,-42.56210614207929,0.6317741008089478,1.187507658093192,strong,fade,2146.8857,2086.0144,1.238573,0.056731883,3.4123724,0.1719901,1.1532337e-12,3.1772556e-12,420.27393,122.32366,0.36296535894744514,0.37060854773335294,0.2971859543638065,0.38290743644765884,0.10799123628864638,0.11221150481128604,2.447598065689549,5.408750384449271,11.83426612804613,5.408750384449271,False,False,1eRASS J103006.6-423344,59009.395,59010.562,0
3eRASS J065708.8-682352,sm03_106159_020_ML00043_001_c030,104.28686968366698,-68.39779071202022,0.702103915845934,3.0674845186108364,strong,rise,1078.7563,38.232723,0.119120084,0.005910617,0.024823135,0.0051377616,1.1091256e-13,2.311279e-14,4037.5557,1381.7701,4.798752650576255,4.899802989241055,0.349435910702847,0.17199500763542622,0.009556521999019699,6.928818993390563,3.8233315241971426,5.368300995653021,12.21390425507432,5.368300995653021,False,False,1eRASS J065708.6-682354,58847.977,58861.31,0
3eRASS J083519.7+140832,sm03_128075_020_ML00003_001_c030,128.83213688989616,14.142236497325156,0.7562437579729819,0.9715797423805197,strong,fade,1560.5465,1641.6642,1.6532457,0.09035144,4.1815553,0.24180004,1.539335e-12,3.8934407e-12,218.83722,76.28236,0.39536621670209116,0.40369169063323224,0.3559206329855475,0.35376747641236655,0.19182755439906324,0.08460188936237256,2.2142166684661357,5.350284251038353,9.634793368346198,5.350284251038353,False,False,1eRASS J083519.7+140832,58967.914,58968.414,0
3eRASS J121753.8-571811,sm03_183147_020_ML00052_001_c030,184.47426182682057,-57.303107054970496,1.2577835693222141,1.066079781212508,strong,rise,203.21948,6.6754236,0.119646855,0.014371213,0.018636957,0.009754993,1.11403034e-13,1.7352847e-14,661.7237,246.90422,6.419870792872819,6.5550580311077695,0.3809799160344928,0.1837879343467057,0.024117199141341864,9.861477719297518,3.612605088546951,5.3410997456208875,5.875513584542339,5.3410997456208875,False,False,1eRASS J121753.9-571811,58868.293,58870.46,0
3eRASS J121923.0-175432,sm03_186108_020_ML00008_001_c030,184.84591541540925,-17.90913250396745,0.8331258764163378,3.0405997061716348,strong,rise,856.2656,45.5729,0.6820732,0.04710785,0.14249115,0.03545194,6.3507744e-13,1.3267332e-13,336.4437,128.90819,4.786775814780758,4.887573949716506,0.3912175802554628,1.0405122215901488,0.08102612406039864,7.302293820113003,3.608102377084215,5.331915080484418,9.270561971814708,5.331915080484418,False,False,1eRASS J121923.1-175431,58838.777,58839.777,0
3eRASS J060216.4-202555,sm03_091111_020_ML00011_001_c030,90.56873829067162,-20.431956943594464,0.983537753432777,5.435238548933141,strong,rise,679.05255,14.266211,0.5138121,0.039080676,0.080549955,0.03188925,4.784098e-13,7.499996e-14,370.66083,93.15959,6.378800861918419,6.51312326490678,0.25662628587619113,0.6737139431264724,0.054364113830647605,8.363926957478698,4.173560975916823,5.323550079852132,8.693754842271117,5.323550079852132,False,False,1eRASS J060216.8-202551,58940.395,58942.23,0
3eRASS J034907.6-471102,sm03_059138_020_ML00001_001_c030,57.28179497522139,-47.184127030426104,0.4845606199374058,0.841116723919595,strong,fade,8551.244,8052.1147,1.9573321,0.047201566,4.401898,0.11673776,1.8224695e-12,4.0986017e-12,930.292,341.85864,0.4446564130939791,0.454019821547054,0.37521270413550384,0.6022894465743901,0.10200661570648839,0.13682494670797352,2.0953248637250024,5.319413039562022,19.029593731001047,5.319413039562022,False,False,1eRASS J034907.6-471103,58864.824,58868.156,0
3eRASS J165331.4-265719,sm03_255117_020_ML00007_001_c030,253.38093719173924,-26.95543568542215,0.7569680664920122,0.3430496105335008,strong,fade,996.1414,1097.848,0.91426796,0.05322691,2.3623934,0.14445607,8.5127375e-13,2.1996216e-12,356.0474,121.19593,0.3870091938353325,0.3951586887043283,0.34756055293512106,0.19614523478648238,0.11111278641653465,0.08302818510774707,2.2478201012914467,5.313289883967608,9.257879677660474,5.313289883967608,False,False,1eRASS J165331.4-265719,58924.668,58925.668,0
3eRASS J063806.7-560452,sm03_098147_020_ML00002_001_c030,99.52809022463661,-56.081312371131965,0.48114518868907674,1.1017946529601328,strong,rise,7758.372,390.73734,1.4469241,0.035987392,0.33742958,0.03099889,1.3472292e-12,3.1418024e-13,1199.5507,386.01016,4.288077166233096,4.378373891532453,0.3285718839592149,2.0182847165457614,0.05614110637562703,5.981350829311081,3.901256707776522,5.312858949023595,23.712516794876723,5.312858949023595,False,False,1eRASS J063806.6-560452,58959.715,58963.38,0
3eRASS J113104.2+302743,sm03_173060_020_ML00009_001_c030,172.76785410840654,30.4621839711213,1.188402323688974,7.166619443065893,strong,rise,313.42,9.95695,0.42274463,0.046474464,0.07215148,0.032748934,3.93617e-13,6.7180155e-14,215.99141,83.63076,5.85912609737621,5.982505383522273,0.39534824899098575,0.6587900652523682,0.08015284113981287,9.130651873392154,3.5396153051778874,5.309436680085913,6.235102320726448,5.309436680085913,False,False,1eRASS J113104.6+302738,58993.43,58994.094,0
3eRASS J142547.0-035915,sm03_218093_020_ML00007_001_c030,216.4459301752925,-3.987744725438429,0.9847877758907774,7.663497417552779,strong,rise,522.47424,17.02665,0.38017705,0.030525068,0.072908685,0.023732273,3.5398236e-13,6.7885185e-14,446.7272,167.06752,5.214427511011546,5.324230975432136,0.38185622951509157,0.5765260358252787,0.05176667078420762,7.907508397645152,3.611622770748389,5.298152069064567,8.047901381546618,5.298152069064567,False,False,1eRASS J142547.1-035923,58869.766,58871.266,0
3eRASS J130901.9-572001,sm03_199147_020_ML00005_001_c030,197.25827247876674,-57.333653887242384,0.621148929081133,3.640581640517729,strong,rise,2392.309,141.05362,1.0344692,0.04192616,0.24017265,0.034101285,9.63193e-13,2.2362445e-13,634.36005,233.28825,4.307189965028539,4.397889160497073,0.37549771922640374,1.5309355393185373,0.0705550045435528,6.374312442874614,3.67405800760207,5.292644122318093,14.910676732137887,5.292644122318093,False,False,1eRASS J130902.1-572004,58881.188,58883.188,0
3eRASS J050556.7-652327,sm03_080156_020_ML00155_001_c030,76.48625132266532,-65.39099536617026,1.8205878992089184,4.130127602972347,strong,fade,31.575981,167.55605,0.028984305,0.0045832386,0.08109274,0.008766956,2.6987249e-14,7.5505344e-14,3362.6035,1381.0494,0.35742170470401596,0.36494815729209706,0.41935692225110405,-0.006297088747156803,0.010019903556793733,-0.07765293085855304,2.11289729734486,5.2790519030412115,5.182049141283711,5.2790519030412115,False,True,1eRASS J050556.3-652331,58828.98,59011.37,0
3eRASS J055718.2-652926,sm03_087156_020_ML00596_001_c030,89.32612192865479,-65.49072686094262,0.7400742889392736,0.7117510046833148,strong,fade,434.31763,585.39374,0.02015743,0.0012691787,0.055122484,0.0034910075,1.8768558e-14,5.1324474e-14,17838.148,5578.1113,0.3656843638593107,0.3733848084337914,0.31929172079213264,0.004866510636232698,0.0024653679074905567,0.0882854023497855,2.359563500701395,5.274948404101081,9.27569023257486,5.274948404101081,False,False,1eRASS J055718.2-652927,58890.043,58956.543,0
3eRASS J014235.6-404403,sm03_026132_020_ML00011_001_c030,25.648411425553164,-40.73441235083981,0.9430809858556048,5.4572336685361185,strong,rise,536.63794,18.044916,0.36385038,0.029421326,0.06825031,0.022929583,3.3878063e-13,6.354778e-14,459.34003,162.99255,5.331116691167047,5.443377352703603,0.3623128406419794,0.5383077307291602,0.04824112222953062,7.887256539975392,3.663493733373494,5.249066574746227,8.024543877647835,5.249066574746227,False,False,1eRASS J014235.3-404408,58830.164,59011.355,0
3eRASS J120826.8-445514,sm03_184135_020_ML00021_001_c030,182.1117698812812,-44.92063385791692,1.1084339843954678,4.402168471139325,strong,rise,441.71835,13.689229,0.27762297,0.024137313,0.049954936,0.01872953,2.584944e-13,4.6512978e-14,526.4817,181.86765,5.557468204302625,5.674495291351214,0.3527137787358764,0.40670448407531506,0.03892792421991294,8.141427402123805,3.6771890929705915,5.211025177943968,7.543710082814661,5.211025177943968,False,False,1eRASS J120826.4-445515,58852.62,58854.29,0
3eRASS J114607.7-760451,sm03_175165_020_ML00051_001_c030,176.53245109349416,-76.08090592821009,1.3438211633421668,3.648675200626052,strong,rise,377.5573,7.488167,0.1780693,0.015865523,0.027534127,0.013101812,1.6580009e-13,2.563699e-14,807.5959,233.85556,6.46722127694579,6.603405603966081,0.2956676814540954,0.24470526035512635,0.02341953763694156,8.887343995432781,3.9050585964303828,5.203939090790686,7.4051864891184875,5.203939090790686,False,False,1eRASS J114608.7-760452,58904.03,58906.03,0
3eRASS J061859.4-175020,sm03_095108_020_ML00010_001_c030,94.74760314960004,-17.839067238621716,1.1200495256236944,3.0108551350417003,strong,rise,496.5569,13.329105,0.45592678,0.040283605,0.078084126,0.030725818,4.2451283e-13,7.270403e-14,310.04248,98.8676,5.838917570284899,5.9618713128251155,0.32559898330674053,0.6469202854098612,0.06207865553083621,8.284914202130892,3.7763717009607385,5.1920488271328376,7.546457916829536,5.1920488271328376,False,False,1eRASS J061859.2-175023,58945.23,58946.066,0
3eRASS J114705.4-005455,sm03_176090_020_ML00006_001_c030,176.7728551429065,-0.9153482370977696,1.0154547746924243,1.2633668581816122,strong,rise,433.7811,17.378,0.49879164,0.048026215,0.09771824,0.034972884,4.6442423e-13,9.0985325e-14,235.49454,95.68523,5.104386253842776,5.211872510623445,0.4148721717800099,0.7909773570615747,0.08599681410510486,8.094470044973383,3.389476947546138,5.180609610002293,6.833296112351398,5.180609610002293,False,False,1eRASS J114705.4-005456,59006.414,59007.082,0
3eRASS J180907.0-761327,sm03_270165_020_ML00001_001_c030,272.2793783740552,-76.22430733140875,0.5530700579137009,2.2113161660105254,strong,rise,4415.971,254.78178,2.0687382,0.0707628,0.4880426,0.059187103,1.9261994e-12,4.5441583e-13,442.68924,151.04437,4.2388476985088905,4.328107768087887,0.34838210353033033,2.953512666270798,0.11387625152664102,6.051751852438752,3.7160205556877797,5.171376916972476,17.39031245018535,5.171376916972476,False,False,1eRASS J180906.9-761325,58940.023,58942.19,0
