lam_um,f,e
4.900400095357327,0.0004107674439911,1.0507617996540213e-05
4.902400095357327,0.0004089745065220806,1.020897937743949e-05
4.904400095357326,0.0003822765725872832,1.100872059693323e-05
4.906400095357326,0.0003808378825096692,1.1150045939905185e-05
4.908400095357326,0.0003826065351206217,9.872591019773765e-06
4.910400095357326,0.0003737354208088431,1.0672387984013429e-05
4.9124000953573255,0.00040200673903517724,1.0250033046109857e-05
4.914400095357325,0.00035949277026904044,1.089377963197146e-05
4.916400095357325,0.00035952294089282717,1.0060395556211346e-05
4.918400095357325,0.0003641365098067954,1.0600933290770799e-05
4.920400095357325,0.00035144395178298283,1.2115001962615161e-05
4.922400095357324,0.0003639703578827495,1.0196723020023896e-05
4.924400095357324,0.0003667493802434679,1.136455744391326e-05
4.926400095357324,0.00028770232656580834,1.0626306829432184e-05
4.928400095357324,0.00034396071468728714,1.2294273633093416e-05
4.9304000953573235,0.0003265930387633229,1.0538899283312747e-05
4.932400095357323,0.0002744044752309248,1.05018344223337e-05
4.934400095357323,0.0002993502651248875,1.1402784469964857e-05
4.936400095357323,0.00031747960800145107,1.0004811524595612e-05
4.938400095357323,0.0003237074830395311,1.1020691916304577e-05
4.940400095357322,0.00036155022352078964,1.047964771762161e-05
4.942400095357322,0.00033408423500166646,1.073690148664296e-05
4.944400095357322,0.00034184217369794787,1.0371080074830819e-05
4.946400095357322,0.0003340473436515303,1.0187603584694311e-05
4.9484000953573215,0.00028489606607150496,1.1441215716627659e-05
4.950400095357321,0.0003366133189758031,1.0179334148204076e-05
4.952400095357321,0.0003373306940292062,1.0045371612074867e-05
4.954400095357321,0.00030206250291260075,1.0971043043943085e-05
4.956400095357321,0.00037757687024149813,1.0130729930112673e-05
4.95840009535732,0.00033328228562786637,1.1636462986120301e-05
4.96040009535732,0.0003574143774234727,1.135899488100009e-05
4.96240009535732,0.00034410738705881167,1.0731587300717784e-05
4.96440009535732,0.0003765689221379583,1.1043878396719381e-05
4.9664000953573195,0.0003494105571745628,9.602174192560204e-06
4.968400095357319,0.00035125131774309606,1.1505233662624535e-05
4.970400095357319,0.00039213017155399955,1.0398954117660533e-05
4.972400095357319,0.0003929754974831985,1.0827045985879187e-05
4.974400095357319,0.0004217609491105351,1.0852584458781553e-05
4.976400095357318,0.0004212817527372712,1.003146890826426e-05
4.978400095357318,0.00040281964771444014,1.156185469498207e-05
4.980400095357318,0.00036269966585142957,9.530375198642319e-06
4.982400095357318,0.0003766048165223372,1.0833971706952816e-05
4.9844000953573175,0.00038917199412105273,1.1285620189457976e-05
4.986400095357317,0.0004058040275205308,1.0355670452171447e-05
4.988400095357317,0.00038393755637834,1.1029756768774005e-05
4.990400095357317,0.00031817785856239034,1.0325131109768853e-05
4.992400095357317,0.0004022796365398725,1.1283265784914312e-05
4.994400095357316,0.00034829622635716354,1.0756679865570664e-05
4.996400095357316,0.0003370112437825725,9.978179419976795e-06
4.998400095357316,0.00033913842065328304,1.15109062485918e-05
5.000400095357316,0.0003063465620442523,1.0847879740870453e-05
5.002400095357316,0.00032932325302224055,1.0296592799934751e-05
5.004400095357315,0.00031975760498215925,1.0827104810319062e-05
5.006400095357315,0.00031643721818122074,1.0642193169080387e-05
5.008400095357315,0.00034680859984052923,1.0894172609897056e-05
5.010400095357315,0.00033218668914106024,1.0227567797704491e-05
5.0124000953573145,0.0003223092803783954,1.0437077610967236e-05
5.014400095357314,0.00033909791753858077,1.0913464985306158e-05
5.016400095357314,0.0003180840449012997,1.016697708127968e-05
5.018400095357314,0.00028215901008556355,1.026606163948111e-05
5.020400095357314,0.00032245288270419314,1.0625546008494346e-05
5.022400095357313,0.00032297561296132376,1.0729658620565335e-05
5.024400095357313,0.0003508019566445005,1.0100909640615173e-05
5.026400095357313,0.00032349497776466374,1.0138261500164845e-05
5.028400095357313,0.00028463070090988196,1.120822101338133e-05
5.0304000953573125,0.0003119668989740857,1.0519468354009156e-05
5.032400095357312,0.0003490094120120611,1.0127389427868001e-05
5.034400095357312,0.00037105509446254604,1.1129194021336281e-05
5.036400095357312,0.0003561229127507758,1.0406814848205422e-05
5.038400095357312,0.00035839681568182176,1.1193172231938626e-05
5.040400095357311,0.000348238234555004,1.0383936467442443e-05
5.042400095357311,0.0003387731456884578,1.0523614866420263e-05
5.044400095357311,0.00034476033776624417,1.2062872522246952e-05
5.046400095357311,0.0003909875167669369,9.895004152520663e-06
5.0484000953573105,0.0003904757435520653,1.0589648961791406e-05
5.05040009535731,0.00041293537146480484,1.1736273938089566e-05
5.05240009535731,0.0004109548191817528,1.0232975562928005e-05
5.05440009535731,0.00036510944608816897,1.1076571756439598e-05
5.05640009535731,0.00040239649654303413,1.0792533038954983e-05
5.058400095357309,0.0003590863560158563,1.0969325962861339e-05
5.060400095357309,0.000341119021035129,1.1699514759568171e-05
5.062400095357309,0.00037602484697911106,1.0326381573230677e-05
5.064400095357309,0.0003431642258625339,1.1215919689343638e-05
5.0664000953573085,0.0003333516641328214,1.1587329292987254e-05
5.068400095357308,0.00037135903128162966,1.0702260849264115e-05
5.070400095357308,0.0003174617791589712,1.0941823092609362e-05
5.072400095357308,0.00038374838797411854,1.1184637531737527e-05
5.074400095357308,0.0003437088834636676,1.2304786755135816e-05
5.076400095357307,0.0003492489128517269,1.0934109500674382e-05
5.078400095357307,0.00030966258315127314,1.0404029516543168e-05
5.080400095357307,0.0003230084891322179,1.2304819130898898e-05
5.082400095357307,0.00032852375449727574,1.0623081821482422e-05
5.0844000953573065,0.0003084232243278281,1.0460477315081587e-05
5.086400095357306,0.00032213714092280284,1.1647545275575062e-05
5.088400095357306,0.0003372071642032414,1.007251650061595e-05
5.090400095357306,0.00031476177723322623,1.1245140432173919e-05
5.092400095357306,0.000316267050460536,1.1088852880169906e-05
5.094400095357305,0.00031520917831036875,9.695762649271444e-06
5.096400095357305,0.00030880705575652,1.2003517096492432e-05
5.098400095357305,0.00034417350823074034,1.083249562666198e-05
5.100400095357305,0.00033026488111837074,9.280681679375246e-06
5.1024000953573045,0.0003354435175878841,1.1618123307881077e-05
5.104400095357304,0.000359914108972412,1.1000071409506004e-05
5.106400095357304,0.0003119530989470914,9.759180789202084e-06
5.108400095357304,0.0003313432176834982,1.0872276683125892e-05
5.110400095357304,0.0002683942404258484,1.0835832776490695e-05
5.112400095357303,0.0002962972837249517,1.0544248243707843e-05
5.114400095357303,0.00035800520512888144,1.0787014609231416e-05
5.116400095357303,0.0003733578482269834,1.05534356299937e-05
5.118400095357303,0.0003319841534686194,1.0792728065860914e-05
5.120400095357303,0.0002898630031530187,1.0606455715573835e-05
5.122400095357302,0.0003389688071046733,1.0383452409076032e-05
5.124400095357302,0.0003307626529634064,1.0554119135217307e-05
5.126400095357302,0.00035325212499570375,1.0661389107214565e-05
5.128400095357302,0.0002878684338918892,1.1602234728480166e-05
5.1304000953573015,0.0003648789263120466,1.0597631543324352e-05
5.132400095357301,0.00031819285349031734,1.0262994936736262e-05
5.134400095357301,0.00031055150335251223,1.1783555028443716e-05
5.136400095357301,0.0003302576798936673,1.1282541103982801e-05
5.138400095357301,0.00035169757855592744,1.0046863768287878e-05
5.1404000953573,0.00031737929306795994,1.1014409703392853e-05
5.1424000953573,0.0003274869996262096,1.2053236937160597e-05
5.1444000953573,0.0002864516247601714,1.0550187256193523e-05
5.1464000953573,0.0002568267130753409,1.0637828705086939e-05
5.1484000953572995,0.00038171665417507207,1.1714356941179364e-05
5.150400095357299,0.00036360483525889814,1.1271123352516755e-05
5.152400095357299,0.0004577155355355217,1.0867888090200983e-05
5.154400095357299,0.0004789132590781543,1.1085239156420038e-05
5.156400095357299,0.0003997164782045466,1.1206401764128296e-05
5.158400095357298,0.0003392803848749851,1.1260340961245048e-05
5.160400095357298,0.0003750429115533642,1.1361056909548947e-05
5.162400095357298,0.000365977845723262,1.107963489569322e-05
5.164400095357298,0.0003994169866213709,1.1046000265298048e-05
5.1664000953572975,0.0003748330213819869,1.159873983352457e-05
5.168400095357297,0.0003642855053940751,1.1822999570913966e-05
5.170400095357297,0.00037569170539156595,1.1336277983695063e-05
5.172400095357297,0.00036394170372211113,1.2741898531750195e-05
5.174400095357297,0.0003471196865146003,1.2333825603300481e-05
5.176400095357296,0.0002945283621042286,1.1244600918864098e-05
5.178400095357296,0.00035169151858823323,1.0380263732185803e-05
5.180400095357296,0.00031261043322573947,1.2249394962163687e-05
5.182400095357296,0.0003791859208830351,1.2298246283360513e-05
5.1844000953572955,0.00033288710212835327,1.0410665525173637e-05
5.186400095357295,0.0003208182941796172,1.0806617770190856e-05
5.188400095357295,0.00034712556990285727,1.253365115191778e-05
5.190400095357295,0.00034900264291192205,1.1927937750460386e-05
5.192400095357295,0.000344440971314069,1.0303293507916203e-05
5.194400095357294,0.00026193733735483977,1.1828953813392588e-05
5.196400095357294,0.000309254460724075,1.1837051513316164e-05
5.198400095357294,0.00037419989957113197,1.12445852549212e-05
5.200400095357294,0.0002939792601503303,1.1407884007195402e-05
5.2024000953572935,0.0003301501734292025,1.1830051044953329e-05
5.204400095357293,0.0003144377403888086,1.1425868848552093e-05
5.206400095357293,0.00031116369992798237,1.1443657978622512e-05
5.208400095357293,0.00037876512821056427,1.157561678227796e-05
5.210400095357293,0.00030744507170659704,1.114410365786934e-05
5.212400095357292,0.00031267872496707475,1.1357839465968037e-05
5.214400095357292,0.0003399549137790236,1.1587582554750712e-05
5.216400095357292,0.0003377891669271209,1.1214110547651196e-05
5.218400095357292,0.00029658094876520167,1.086223558730197e-05
5.2204000953572915,0.0003155119130509108,1.2051053491153371e-05
5.222400095357291,0.00029789836229092735,1.1676912743449277e-05
5.224400095357291,0.0003302527689125038,1.082950879192403e-05
5.226400095357291,0.00029955604402640907,1.116507926784743e-05
5.228400095357291,0.00034366575927330617,1.1761015242825297e-05
5.2304000953572904,0.00035214232590739954,1.1781765968824644e-05
5.23240009535729,0.00034510063543215545,1.0582670673142171e-05
5.23440009535729,0.00035525900571427814,1.1243702363638389e-05
5.23640009535729,0.00031803275712707484,1.1724718219583482e-05
5.23840009535729,0.00032172215158367333,1.1777882930322997e-05
5.240400095357289,0.00027189301083638034,1.0793746533730075e-05
5.242400095357289,0.0003321254939651685,1.1038489713570458e-05
5.244400095357289,0.00029456410930415555,1.214539781413501e-05
5.246400095357289,0.0003320948847097677,1.2100653589646244e-05
5.2484000953572885,0.00026765568217020373,1.0965922285799377e-05
5.250400095357288,0.0003706687051292427,1.0809902874626552e-05
5.252400095357288,0.000342500366377684,1.2056888200070053e-05
5.254400095357288,0.0003237311970885871,1.215799961776355e-05
5.256400095357288,0.000313589554204316,1.11126444593202e-05
5.258400095357287,0.000372054678392176,1.0811291095440926e-05
5.260400095357287,0.00033077486507034016,1.2522721878689537e-05
5.262400095357287,0.0003435229592311822,1.2610136405698241e-05
5.264400095357287,0.0003208043668955437,1.1458675175340475e-05
5.2664000953572865,0.0003703426239997471,1.0603640457780016e-05
5.268400095357286,0.00032090896279678616,1.2095783244712403e-05
5.270400095357286,0.00032396860318853547,1.3029178254339281e-05
5.272400095357286,0.0003454470954798325,1.1480704824095321e-05
5.274400095357286,0.00031122565705969814,1.0942551768955681e-05
5.276400095357285,0.0003172118598635346,1.2212128613872015e-05
5.278400095357285,0.0003058507404906523,1.4116594025815848e-05
5.280400095357285,0.00034858970287984645,1.2263323555288459e-05
5.282400095357285,0.00028219004045233656,1.1284815038558615e-05
5.2844000953572845,0.0002945166821683726,1.2753700534700691e-05
5.286400095357284,0.00030113723327023347,1.3627882079284577e-05
5.288400095357284,0.0003139086821271898,1.3269651639416751e-05
5.290400095357284,0.00037416405973537834,1.0944841897266552e-05
5.292400095357284,0.00030137722352962924,1.1112997858332147e-05
5.294400095357283,0.000327311294751424,1.2634980475891828e-05
5.296400095357283,0.0003434322939962173,1.2752649550222212e-05
5.298400095357283,0.0002931504572036224,1.1227881952232455e-05
5.300400095357283,0.0003271422473857596,1.122893566963318e-05
5.3024000953572825,0.0003574704243704117,1.2167873229099246e-05
5.304400095357282,0.0002908853054655304,1.2039762880363025e-05
5.306400095357282,0.0003240395141981786,1.1757043359808939e-05
5.308400095357282,0.00037974758459827473,1.1123016026366359e-05
5.310400095357282,0.0003293565314655915,1.2378382424806406e-05
5.312400095357281,0.0003321729153191157,1.1748750341395987e-05
5.314400095357281,0.00034851353258423166,1.128210303109896e-05
5.316400095357281,0.0002776992082898478,1.1462913362092006e-05
5.318400095357281,0.0003109370940756416,1.2245106920530383e-05
5.3204000953572805,0.0003307303482354907,1.2345768300402515e-05
5.32240009535728,0.0003409475018694578,1.0722069065188456e-05
5.32440009535728,0.00034045522126844636,1.1227498080527682e-05
5.32640009535728,0.0002964124797013289,1.2655141150983202e-05
5.32840009535728,0.0002793705874586814,1.2700350984439362e-05
5.330400095357279,0.00030658743468118025,1.1132684533716157e-05
5.332400095357279,0.00031761403007465547,1.048875344836543e-05
5.334400095357279,0.0003263374976038425,1.228596760528534e-05
5.336400095357279,0.00029792240815261495,1.3485502449625787e-05
5.3384000953572786,0.0003203215422138394,1.1775431304285885e-05
5.340400095357278,0.00031318180308594073,1.062823085031094e-05
5.342400095357278,0.00033386273444806094,1.1143101432038228e-05
5.344400095357278,0.00029911044052640024,1.3175407552151595e-05
5.346400095357278,0.00031860094816855527,1.2815074703502194e-05
5.3484000953572775,0.0003210191427738951,1.1318075211347484e-05
5.350400095357277,0.00027951401861219834,1.1186059065632398e-05
5.352400095357277,0.00030859687189071594,1.2003431951482143e-05
5.354400095357277,0.00030719267378603063,1.3079920121818806e-05
5.356400095357277,0.00033478523839718924,1.2702749591835217e-05
5.358400095357276,0.0003521743304223101,1.2057159396146698e-05
5.360400095357276,0.0003571991887603213,1.1850398871228168e-05
5.362400095357276,0.00030099486038941847,1.246603162813233e-05
5.364400095357276,0.00028205165977233514,1.2795381229406266e-05
5.3664000953572755,0.0002876016132682672,1.2242036517245729e-05
5.368400095357275,0.00028226763953376313,1.2842685151806113e-05
5.370400095357275,0.0003179421699292595,1.2617749717693635e-05
5.372400095357275,0.0002885545694405381,1.221649738405611e-05
5.374400095357275,0.00034961997071254134,1.2225831153377904e-05
5.376400095357274,0.0003495806689643996,1.22762921408581e-05
5.378400095357274,0.0003119250046351287,1.2618663347528291e-05
5.380400095357274,0.00032889928318768734,1.2683975165741809e-05
5.382400095357274,0.0003024313817830759,1.3028360917737189e-05
5.3844000953572735,0.00033530442375369633,1.2886900735263516e-05
5.386400095357273,0.0003147720483519861,1.1852495479446703e-05
5.388400095357273,0.00031866230958486734,1.175156092863125e-05
5.390400095357273,0.0003218343783552527,1.250692638080286e-05
5.392400095357273,0.00031070434714872386,1.3264548087488188e-05
5.394400095357272,0.00034536367657533537,1.347313917569159e-05
5.396400095357272,0.00036675002106392024,1.1893402837650937e-05
5.398400095357272,0.00030103883511564087,1.1145416482149355e-05
5.400400095357272,0.000361468158434719,1.2600492673722173e-05
5.4024000953572715,0.00034582961699394744,1.3117716718651037e-05
5.404400095357271,0.0002924852482629055,1.2370658450307667e-05
5.406400095357271,0.0003396456710561786,1.1755586210015993e-05
5.408400095357271,0.00045123151473679146,1.1864093366567787e-05
5.410400095357271,0.00039004949454349866,1.2427135296166053e-05
5.41240009535727,0.0003360785382954455,1.2919077901679927e-05
5.41440009535727,0.00034251516781153783,1.2278055250618046e-05
5.41640009535727,0.00029086895316985723,1.1699012485260944e-05
5.41840009535727,0.0002744183413932056,1.1634019216583602e-05
5.4204000953572695,0.00025700291607742886,1.1997415082548029e-05
5.422400095357269,0.0002984771074485916,1.236237501226291e-05
5.424400095357269,0.0002769740646834554,1.2113729448377594e-05
5.426400095357269,0.0003072095029042018,1.227746936471791e-05
5.428400095357269,0.00026660420758091994,1.2419402236949385e-05
5.430400095357268,0.00027819254865890685,1.1348611008141247e-05
5.432400095357268,0.0003203137666988516,1.1192259408450794e-05
5.434400095357268,0.00029779186098407884,1.2062372767327918e-05
5.436400095357268,0.0002921065136250377,1.2216321256443219e-05
5.4384000953572675,0.00029427607474488715,1.2470558340428592e-05
5.440400095357267,0.00024725896422565395,1.2108677929981046e-05
5.442400095357267,0.0003188912675940952,1.2087388830921082e-05
5.444400095357267,0.000329633248164281,1.2400423949708872e-05
5.446400095357267,0.00037199759669785415,1.1572043201597846e-05
5.448400095357266,0.00031399398430034955,1.0714691344415287e-05
5.450400095357266,0.0002942121983602194,1.1035331305753592e-05
5.452400095357266,0.0003193435478639441,1.2478165319384965e-05
5.454400095357266,0.0002775693849485904,1.3000473979108904e-05
5.456400095357266,0.0003114555112579929,1.2605379688585225e-05
5.458400095357265,0.0003069679882287608,1.2395623513365795e-05
5.460400095357265,0.0003278936108608672,1.20640964528011e-05
5.462400095357265,0.00028826748337990363,1.1691846641450786e-05
5.464400095357265,0.0003447144125039853,1.1171308984146874e-05
5.4664000953572645,0.0003270449443613012,1.1558325161367433e-05
5.468400095357264,0.0003127066944885434,1.2564539743227853e-05
5.470400095357264,0.0003050824188377064,1.2969038807240752e-05
5.472400095357264,0.0003537592265248014,1.2998742774725966e-05
5.474400095357264,0.00028155781549150304,1.2428843583206241e-05
5.476400095357263,0.00029759162194914045,1.2146130646280371e-05
5.478400095357263,0.00027377361397082475,1.2560402666111517e-05
5.480400095357263,0.00032789848336569634,1.2828098497503939e-05
5.482400095357263,0.0002937841181981448,1.2104270809785209e-05
5.4844000953572625,0.00034039665487643506,1.1776501300000524e-05
5.486400095357262,0.0002910490422467536,1.1976498046072428e-05
5.488400095357262,0.00031771002998818416,1.2041087535735242e-05
5.490400095357262,0.00027735714337409135,1.1863106605035746e-05
5.492400095357262,0.000323586923211947,1.2009263213403165e-05
5.494400095357261,0.00029589910916379586,1.296679012502088e-05
5.496400095357261,0.0003295987099239381,1.4144874775214932e-05
5.498400095357261,0.000331647486988403,1.3238824866827956e-05
5.500400095357261,0.0002929534262391762,1.2255640154878571e-05
5.5024000953572605,0.0002691483205097899,1.2081470186422269e-05
5.50440009535726,0.0003412927860534434,1.242050764357177e-05
5.50640009535726,0.00034968242670708067,1.2249433573094468e-05
5.50840009535726,0.00031891963458733133,1.1959444129988315e-05
5.51040009535726,0.00033201033737836937,1.2656792156707931e-05
5.512400095357259,0.0003075756429185263,1.2945307209052509e-05
5.514400095357259,0.0002928518452958736,1.3132514592095924e-05
5.516400095357259,0.00026946342626802197,1.2930495734055702e-05
5.518400095357259,0.00030318547080128883,1.2770359298253945e-05
5.5204000953572585,0.00026946420190369355,1.2856213257336371e-05
5.522400095357258,0.0002506761105388038,1.3048423435038608e-05
5.524400095357258,0.0002599361787060117,1.2792762774097109e-05
5.526400095357258,0.00027004014265144115,1.218964436077377e-05
5.528400095357258,0.00023385550475159338,1.2072666846872432e-05
5.530400095357257,0.00024551376361974463,1.278452914868357e-05
5.532400095357257,0.00025486547327156257,1.258464331164818e-05
5.534400095357257,0.0002937089750407805,1.2095362131770453e-05
5.536400095357257,0.0002575375308476904,1.1554121206685049e-05
5.5384000953572565,0.00026594683461369405,1.2014782874541924e-05
5.540400095357256,0.0002779036711194253,1.2330702286971623e-05
5.542400095357256,0.00028961453201557547,1.2322644260393974e-05
5.544400095357256,0.0002845082053177527,1.2334778484723529e-05
5.546400095357256,0.00024342055300248514,1.2665122304155256e-05
5.548400095357255,0.0002642834184465872,1.3281098120168935e-05
5.550400095357255,0.000284527475555857,1.3430609774387879e-05
5.552400095357255,0.0002886431421227963,1.3219282719208907e-05
5.554400095357255,0.0002848216634715146,1.2813216558593907e-05
5.5564000953572545,0.00037831682151007694,1.2872893023915695e-05
5.558400095357254,0.00039600922508483083,1.3377437853679714e-05
5.560400095357254,0.0004089615404581741,1.2583585587887752e-05
5.562400095357254,0.0003467903254109733,1.210185951533025e-05
5.564400095357254,0.00030976676041282293,1.1814498274353217e-05
5.566400095357253,0.0003507027703401216,1.2356910468720106e-05
5.568400095357253,0.00030476004393891214,1.2159255747466646e-05
5.570400095357253,0.00033565592152158676,1.1231696934600237e-05
5.572400095357253,0.0003368070590748471,1.1103813013927548e-05
5.574400095357253,0.00037131223983276525,1.1639511611661944e-05
5.576400095357252,0.0003145807778644712,1.2538514998191796e-05
5.578400095357252,0.00033102930348595153,1.2372751483612557e-05
5.580400095357252,0.00029207059218164493,1.1952423919310876e-05
5.582400095357252,0.00031630471267824904,1.256564314647174e-05
5.5844000953572515,0.0003609513504788178,1.3427419008041095e-05
5.586400095357251,0.00030870824299975274,1.3241901831512282e-05
5.588400095357251,0.00026626277771091294,1.2531931542568385e-05
5.590400095357251,0.0003149423927170593,1.2416082367268797e-05
5.592400095357251,0.00031816823895122634,1.2870131213644944e-05
5.59440009535725,0.0003290071375172157,1.2798743132216948e-05
5.59640009535725,0.00032561996856900704,1.2353701188105224e-05
5.59840009535725,0.0002978243861501555,1.2154266317358593e-05
5.60040009535725,0.0003183322081543856,1.157264040627385e-05
5.6024000953572495,0.0003114316920447958,1.2085124532383373e-05
5.604400095357249,0.0002747604799897754,1.2085771932439172e-05
5.606400095357249,0.0003260573247114907,1.1659956518374606e-05
5.608400095357249,0.00029762522081437203,1.1445929922619119e-05
5.610400095357249,0.00031980514798127035,1.2508889851737236e-05
5.612400095357248,0.00032360144973707285,1.2975245534035173e-05
5.614400095357248,0.0002839486721900392,1.2404097119029834e-05
5.616400095357248,0.0003241134417625937,1.1980419216911958e-05
5.618400095357248,0.0003163577286825971,1.267525903100691e-05
5.6204000953572475,0.00027137272173539777,1.3655354264493108e-05
5.622400095357247,0.0002620278859400155,1.3921493381932048e-05
5.624400095357247,0.0003007809328642513,1.2957806638829851e-05
5.626400095357247,0.0003039979023203846,1.2865822639891592e-05
5.628400095357247,0.0003276344615209885,1.3491950489561147e-05
5.630400095357246,0.0002774640318351936,1.4396643437217235e-05
5.632400095357246,0.0002375776534688028,1.3508207003701317e-05
5.634400095357246,0.00025558172024258205,1.2766143905208661e-05
5.636400095357246,0.00028768210840542243,1.3190302605193508e-05
5.6384000953572455,0.00027974541459500565,1.3583104582809637e-05
5.640400095357245,0.00024827918769100506,1.3107933208883845e-05
5.642400095357245,0.00026346808807755804,1.2551203399859447e-05
5.644400095357245,0.00024349451378876714,1.1825852278670775e-05
5.646400095357245,0.0002817959926411341,1.2405057042745406e-05
5.648400095357244,0.0002621149682488884,1.287332107619584e-05
5.650400095357244,0.00028081079788861297,1.2744036164108226e-05
5.652400095357244,0.00029142863622559547,1.2097251441991697e-05
5.654400095357244,0.00030246990374162443,1.2015724478746625e-05
5.6564000953572435,0.0002889460702403183,1.2599065956982435e-05
5.658400095357243,0.0003188115013771415,1.3429322935442583e-05
5.660400095357243,0.0003113692506189068,8.408220971306904e-06
5.662400095357243,0.00032619724623031464,7.885472111096475e-06
5.664400095357243,0.00031129240198750065,7.623280663831434e-06
5.666400095357242,0.000285979624284092,7.71965677920863e-06
5.668400095357242,0.00026919179409156193,8.05566221649875e-06
5.670400095357242,0.0003126651730139917,8.092743658636037e-06
5.672400095357242,0.00029152937610482736,7.495674330113267e-06
5.6744000953572415,0.00031773278494646583,7.423669055039941e-06
5.676400095357241,0.0002932304044237633,7.742277591807833e-06
5.678400095357241,0.00030087598301883423,8.028400511732811e-06
5.680400095357241,0.000322903144672659,7.743050384059628e-06
5.682400095357241,0.0002734782313272137,7.650085090313613e-06
5.6844000953572404,0.00030888063894169885,7.643093322147188e-06
5.68640009535724,0.0002731948119512407,7.541854288018127e-06
5.68840009535724,0.00028643794155389595,7.490931503182661e-06
5.69040009535724,0.0002836593845171016,7.43658606514515e-06
5.69240009535724,0.00025782399434008457,7.423411353163885e-06
5.694400095357239,0.0002893725837345399,7.305976081798964e-06
5.696400095357239,0.00028141863889950624,7.414508653955575e-06
5.698400095357239,0.0002757096911881738,7.6517899436586e-06
5.700400095357239,0.0002768557120259508,7.515973810504713e-06
5.7024000953572385,0.0003151582891541756,7.582367608739473e-06
5.704400095357238,0.00033365572513283505,7.704078131037165e-06
5.706400095357238,0.0003043750364749208,8.082481496934983e-06
5.708400095357238,0.0002705975128360927,8.27565521003799e-06
5.710400095357238,0.00026857103749095105,7.92330627883008e-06
5.712400095357237,0.00031694285378979946,7.809254701726353e-06
5.714400095357237,0.00032749744632519794,8.067962365624634e-06
5.716400095357237,0.00029750062324940767,7.969755481369803e-06
5.718400095357237,0.00034555306765688966,7.840822414491305e-06
5.7204000953572365,0.0002664557752774085,7.811520063486801e-06
5.722400095357236,0.00031972854994542007,8.013966411835463e-06
5.724400095357236,0.00033618869371375117,7.65123158520983e-06
5.726400095357236,0.0003174495658261189,8.069727592391965e-06
5.728400095357236,0.0003135605396091905,8.104345378079186e-06
5.730400095357235,0.0003151531436589184,7.617940365298936e-06
5.732400095357235,0.0003153728405768851,7.5759887033432e-06
5.734400095357235,0.00031474646894607807,8.14329945422832e-06
5.736400095357235,0.0002702477541795128,8.238866927625602e-06
5.7384000953572345,0.00028685414136307545,7.860966853912246e-06
5.740400095357234,0.00033943560428701015,9.678711217835298e-06
5.742400095357234,0.00034718792479162674,9.484028077420344e-06
5.744400095357234,0.0003123332251631671,9.494269666274309e-06
5.746400095357234,0.0003169640211628634,1.0128497827763981e-05
5.748400095357233,0.00030151220948915295,1.045940672499346e-05
5.750400095357233,0.00031668281114929307,9.26165159370893e-06
5.752400095357233,0.00032767002789258436,9.300880202148017e-06
5.754400095357233,0.0003508537177320894,1.0349746534904538e-05
5.7564000953572325,0.00035825968495000436,1.0123490280792262e-05
5.758400095357232,0.0003614418864304175,9.679844485715025e-06
5.760400095357232,0.00037501963959460133,9.582219791848884e-06
5.762400095357232,0.00029884482436031817,9.448793902748356e-06
5.764400095357232,0.00031573044037423617,9.740547916464886e-06
5.766400095357231,0.00032689379141697566,1.0614110373666855e-05
5.768400095357231,0.0002938721833328232,9.68227067384658e-06
5.770400095357231,0.0003443094536823463,9.37600032202218e-06
5.772400095357231,0.0002868216402406197,1.007910822093115e-05
5.7744000953572305,0.00030813225520939834,1.034149757408041e-05
5.77640009535723,0.00033348519294943823,9.907645261574424e-06
5.77840009535723,0.0002934600304969195,1.0234439958859638e-05
5.78040009535723,0.00031978299709835555,9.387378560229601e-06
5.78240009535723,0.0003070364807775356,9.473476695070521e-06
5.784400095357229,0.00032383540334567833,1.0678627761125167e-05
5.786400095357229,0.00032949068894891175,1.0404047647955228e-05
5.788400095357229,0.0003287947189207885,9.397515398070046e-06
5.790400095357229,0.0003386571057785736,1.02167181512632e-05
5.7924000953572286,0.00024193770186777908,1.0144313973652604e-05
5.794400095357228,0.0002977407498081847,1.0302566006916457e-05
5.796400095357228,0.0003189376690062243,1.078008165464996e-05
5.798400095357228,0.000327748094119488,9.921458513482748e-06
5.800400095357228,0.0003176651142107071,9.225663936299055e-06
5.8024000953572274,0.00030574151148462917,1.0153133348588508e-05
5.804400095357227,0.0002696628957532848,1.0614413596938945e-05
5.806400095357227,0.0002542945372908306,1.0848388075152041e-05
5.808400095357227,0.00030055784292809214,1.1043824909802017e-05
5.810400095357227,0.00034634750261782263,9.836680036956573e-06
5.812400095357226,0.00032752883508704633,1.0162006516910418e-05
5.814400095357226,0.0002944577396652804,1.0874020013217698e-05
5.816400095357226,0.0002732420370368989,1.0111432252827907e-05
5.818400095357226,0.0002816268503496166,9.560867567938845e-06
5.8204000953572255,0.0002853424192188335,1.0018801118630717e-05
5.822400095357225,0.00035177307199255243,9.7181420264977e-06
5.824400095357225,0.0003497223842356331,1.0303709526064468e-05
5.826400095357225,0.00034385053996573557,1.0628644876730413e-05
5.828400095357225,0.0003871505422414504,9.433020103256334e-06
5.830400095357224,0.00031531037090048124,9.056579465966023e-06
5.832400095357224,0.00036085447956561657,1.0106644981196205e-05
5.834400095357224,0.00032982950547291164,1.0105920343346939e-05
5.836400095357224,0.0003633057730453995,1.0032224144025248e-05
5.8384000953572235,0.000347200261789069,9.6230066648046e-06
5.840400095357223,0.00032672053165610945,9.202632351089681e-06
5.842400095357223,0.00037025408000114875,9.216111267940971e-06
5.844400095357223,0.00035853218096149167,1.0526633513069608e-05
5.846400095357223,0.00030205011144176835,1.0388811213992547e-05
5.848400095357222,0.0002914659843460428,9.370486194025136e-06
5.850400095357222,0.0003635884681370823,9.394915957974393e-06
5.852400095357222,0.0003262084127728563,1.0059968273128877e-05
5.854400095357222,0.00030966052106137613,9.644172456526125e-06
5.8564000953572215,0.00031091034647416936,9.922097398881418e-06
5.858400095357221,0.0003127557124803116,9.99737070541537e-06
5.860400095357221,0.0003478030920775502,8.204435989605888e-06
5.862400095357221,0.00036369165116396744,9.8613751322395e-06
5.864400095357221,0.00031394866883631704,1.0775317158561381e-05
5.86640009535722,0.0002788328713626776,9.496498860981085e-06
5.86840009535722,0.0003154526918195567,1.035032277204893e-05
5.87040009535722,0.00033222197552260156,9.52248646198699e-06
5.87240009535722,0.00031499651450870577,8.286683939319716e-06
5.8744000953572195,0.00027982235485240754,1.1083858826673307e-05
5.876400095357219,0.00035015545557801384,1.0590196109712523e-05
5.878400095357219,0.0003181988041988164,9.069483015688938e-06
5.880400095357219,0.0003248581744651263,1.0117533853584342e-05
5.882400095357219,0.000341396516384303,9.34061022586385e-06
5.884400095357218,0.0003717759614874372,1.0127350810769551e-05
5.886400095357218,0.0002949352948306075,1.1178198794795479e-05
5.888400095357218,0.00029796353278593955,9.289403842400522e-06
5.890400095357218,0.00033932665788757415,9.547647921359072e-06
5.8924000953572175,0.00030953954230784496,9.982907349377972e-06
5.894400095357217,0.00032037982102315796,1.0071234269692716e-05
5.896400095357217,0.00027296739766818684,1.082766273365273e-05
5.898400095357217,0.0002850379459517226,9.99852390628298e-06
5.900400095357217,0.00030914008563067606,9.589108075655573e-06
5.902400095357216,0.00021952743444746267,9.796925681720127e-06
5.904400095357216,0.0002536974839837166,1.0606895462345736e-05
5.906400095357216,0.00035613650694256064,1.1155369162266325e-05
5.908400095357216,0.0003705524884682307,1.0022068249619155e-05
5.9104000953572156,0.00032622998611156077,1.0058244282646958e-05
5.912400095357215,0.0003088926299361194,1.0186497963897626e-05
5.914400095357215,0.0003238500406785232,1.0157223555661299e-05
5.916400095357215,0.00033085437922642826,1.2543097787293821e-05
5.918400095357215,0.00035276090964159553,1.0296787914720965e-05
5.9204000953572145,0.0003335321067748395,9.820083590686543e-06
5.922400095357214,0.0003351046040092722,1.0936790928061416e-05
5.924400095357214,0.00034543440979841616,9.526072861786242e-06
5.926400095357214,0.0003796622245958457,1.1632232629531217e-05
5.928400095357214,0.00035015500474235863,1.2243461689972268e-05
5.930400095357213,0.00032900014297153747,9.640810335835477e-06
5.932400095357213,0.0003159701528224187,1.1381801742003905e-05
5.934400095357213,0.0003422228047588664,1.0061931230622691e-05
5.936400095357213,0.00032113452878183,1.0855912395319077e-05
5.9384000953572125,0.000311460300417777,1.1784455975150342e-05
5.940400095357212,0.0003296229307802486,9.420008599233645e-06
5.942400095357212,0.0003436982188475526,1.0486890943293185e-05
5.944400095357212,0.00034080174270678,1.0868128955360584e-05
5.946400095357212,0.000371110621944157,1.1038906964586282e-05
5.948400095357211,0.0002938497385009363,1.2895306120908795e-05
5.950400095357211,0.0003234275289726199,1.0716527782094521e-05
5.952400095357211,0.00034568505493802915,9.630879404800722e-06
5.954400095357211,0.00034549714164897445,9.66199314377396e-06
5.9564000953572105,0.0003751731083930553,9.799864421007464e-06
5.95840009535721,0.00027475003922735073,1.0213090687310931e-05
5.96040009535721,0.0003137754246219563,9.703008242769204e-06
5.96240009535721,0.0003330748671722376,9.349486670753588e-06
5.96440009535721,0.00030359680744441173,9.15940938410727e-06
5.966400095357209,0.0002870548197494178,9.950718702351482e-06
5.968400095357209,0.00030804057289668163,9.853337368715353e-06
5.970400095357209,0.00027296583744827404,9.650380110910493e-06
5.972400095357209,0.00032076981526709807,9.502340616173152e-06
5.9744000953572085,0.0003248723197858492,9.390825845530556e-06
5.976400095357208,0.00030522714460110825,1.0000307702149214e-05
5.978400095357208,0.00029145912995144814,1.0070787460457325e-05
5.980400095357208,0.00031095351179354845,9.642133732077734e-06
5.982400095357208,0.00027044029107422293,9.409447889991413e-06
5.984400095357207,0.0002829258864434929,8.874025839927654e-06
5.986400095357207,0.0002834849046634157,9.768670719142814e-06
5.988400095357207,0.0003441565818743547,1.0041977357034672e-05
5.990400095357207,0.000303479280677287,9.680568701148679e-06
5.9924000953572065,0.0003219108672376756,9.71046437097442e-06
5.994400095357206,0.0002944266046061091,9.057159227903882e-06
5.996400095357206,0.0003380305131023338,9.502526222630268e-06
5.998400095357206,0.0003110012488579773,1.0068017334844517e-05
6.000400095357206,0.000347830524944212,9.93426528907674e-06
6.002400095357205,0.0003077070251817814,9.878071641752077e-06
6.004400095357205,0.00029680064113153496,9.248776494568477e-06
6.006400095357205,0.0002831302483166614,9.303956922703629e-06
6.008400095357205,0.000345593646308301,1.0537486904413534e-05
6.0104000953572045,0.00030929616181837047,9.824277738811953e-06
6.012400095357204,0.0003028749942198557,1.0168320319760544e-05
6.014400095357204,0.000320226245857311,1.0045657777876717e-05
6.016400095357204,0.00029779131756096407,9.460237271240549e-06
6.018400095357204,0.0003461152530284602,1.067539768006915e-05
6.020400095357203,0.0002945845219356477,1.0276689242107223e-05
6.022400095357203,0.00032079589415746153,1.0918276711457826e-05
6.024400095357203,0.00032731145787468933,1.0162896471026675e-05
6.026400095357203,0.0003279889877872392,9.603729066889125e-06
6.028400095357203,0.0002966513546795044,1.0148782920695428e-05
6.030400095357202,0.0003163109841734534,1.038797597875279e-05
6.032400095357202,0.00028196423138540053,1.1207223417047854e-05
6.034400095357202,0.0003162295419800143,1.0178524656903934e-05
6.036400095357202,0.00029132410439986693,1.0041755091680223e-05
6.0384000953572015,0.00035441290529430796,9.902706544422401e-06
6.040400095357201,0.00033111966304953287,1.049943267868635e-05
6.042400095357201,0.0003780728572040061,1.1259328325304422e-05
6.044400095357201,0.0003270551950235778,1.0609104899373287e-05
6.046400095357201,0.00032194034480114385,1.0511452726525654e-05
6.0484000953572,0.00027778712033988106,1.0040400324358258e-05
6.0504000953572,0.00029940237911592414,1.048231991261931e-05
6.0524000953572,0.0003004638389461364,1.057162088204187e-05
6.0544000953572,0.00029892651570430953,1.0772758612552741e-05
6.0564000953571995,0.0002941994365853399,1.0336487191344126e-05
6.058400095357199,0.0002941630832426249,9.762376541118697e-06
6.060400095357199,0.00026988058884909997,1.0288350668013128e-05
6.062400095357199,0.00031503930962854083,1.044290945743141e-05
6.064400095357199,0.000279300488162938,1.1316758725026196e-05
6.066400095357198,0.0003604511829213291,1.0438752401327468e-05
6.068400095357198,0.0002890625073053224,1.0113065561700555e-05
6.070400095357198,0.000268019996358216,1.0203502739771575e-05
6.072400095357198,0.0003383372521112494,1.008501492086097e-05
6.0744000953571975,0.00034623755532381184,1.1269120394988121e-05
6.076400095357197,0.0003186128195852977,1.017361917238568e-05
6.078400095357197,0.00031797331652178755,1.0308072151256524e-05
6.080400095357197,0.0002937897178739507,1.0016529660646668e-05
6.082400095357197,0.00034386161200384993,1.0095339956536198e-05
6.084400095357196,0.0003295421969363125,1.1364691090970324e-05
6.086400095357196,0.0003534892455303033,1.0652177084245882e-05
6.088400095357196,0.0003264898032438745,1.1152111183667405e-05
6.090400095357196,0.0003387641750654658,9.720894751131025e-06
6.0924000953571955,0.0003138005192803186,1.083171848185352e-05
6.094400095357195,0.00030033026861268127,1.0767824472750014e-05
6.096400095357195,0.00032324488636566667,1.1867561683595798e-05
6.098400095357195,0.000284985895060049,1.0907434021955546e-05
6.100400095357195,0.00027882548651293146,1.0223273185654765e-05
6.102400095357194,0.0002843379109481572,1.0086824718573439e-05
6.104400095357194,0.00028765729288486954,1.0030250426991688e-05
6.106400095357194,0.00031525195748546744,1.0878076685289642e-05
6.108400095357194,0.00026174724708927406,1.0328194188067912e-05
6.1104000953571935,0.00030892609353864363,1.0505882906739374e-05
6.112400095357193,0.00030438314537345755,9.867627940765765e-06
6.114400095357193,0.00032586252303376366,1.0076002601406107e-05
6.116400095357193,0.00030671170444541973,1.022466236336005e-05
6.118400095357193,0.00028245711434569584,1.0967335103522857e-05
6.120400095357192,0.0003107725637286921,1.0338053787522344e-05
6.122400095357192,0.00025799639867671645,1.0320598168290761e-05
6.124400095357192,0.00029239157290126606,9.441073049036279e-06
6.126400095357192,0.00029698226012120935,1.0257752879436703e-05
6.1284000953571915,0.0003047009366220599,1.0210285486439444e-05
6.130400095357191,0.00031676509726361523,1.0919631341566649e-05
6.132400095357191,0.00026172470056746636,9.937062868061802e-06
6.134400095357191,0.0002345498964874371,1.0018983870932104e-05
6.136400095357191,0.00017908727329107586,9.425885798990925e-06
6.1384000953571904,0.0002593802418146538,1.0677631682874868e-05
6.14040009535719,0.00025590427848399893,1.0292755658475672e-05
6.14240009535719,0.0002840282990929332,1.0600690387556213e-05
6.14440009535719,0.0002932192816186657,9.513993274780156e-06
6.14640009535719,0.00032757257202632224,1.0017477232356913e-05
6.148400095357189,0.00031221792757496003,1.013957583210112e-05
6.150400095357189,0.00026316570829396226,1.1008761179782721e-05
6.152400095357189,0.00023854128312870133,1.0876089104562684e-05
6.154400095357189,0.0002740930732448303,1.0146968265628779e-05
6.1564000953571885,0.0002728674344616121,1.0122983791587571e-05
6.158400095357188,0.00026757456400080263,9.91402064952855e-06
6.160400095357188,0.00028080598841026744,1.106237489772688e-05
6.162400095357188,0.00029779885334093117,1.0557373033036537e-05
6.164400095357188,0.0003007297588163557,1.170681037825891e-05
6.166400095357187,0.0002739418568814045,9.715974659757576e-06
6.168400095357187,0.0002493516563013573,1.0943621722879007e-05
6.170400095357187,0.0002567012100695783,9.936285424983674e-06
6.172400095357187,0.00025589681226123254,1.2413879575016211e-05
6.1744000953571865,0.0002533575306349241,1.0781234132532305e-05
6.176400095357186,0.00024047652445895797,1.1716890297184688e-05
6.178400095357186,0.00024905704721202727,9.79559563316917e-06
6.180400095357186,0.00023713390657127987,1.1655388372288013e-05
6.182400095357186,0.0002895153104965507,1.024432971113028e-05
6.184400095357185,0.00031664142535746723,1.2191950625429651e-05
6.186400095357185,0.0003246494120886639,1.0458755184671037e-05
6.188400095357185,0.0002943262431480426,1.1355039535349712e-05
6.190400095357185,0.0002923579214947703,1.000242165568142e-05
6.1924000953571845,0.0003205289743619754,1.122900158712958e-05
6.194400095357184,0.00029949207409260244,1.1055240151338812e-05
6.196400095357184,0.0002788297956297637,1.2275275693418175e-05
6.198400095357184,0.0002536124173239005,1.1287960777381426e-05
6.200400095357184,0.00024258725261489233,1.147431564859753e-05
6.202400095357183,0.00028917599419562277,1.0940144346422726e-05
6.204400095357183,0.00032311301936276853,1.1576831449561926e-05
6.206400095357183,0.0003139437750417439,1.166821758522855e-05
6.208400095357183,0.0002887835649975615,1.2078779125271458e-05
6.2104000953571825,0.00033715821962672577,1.1772738988465083e-05
6.212400095357182,0.00025606556281536,1.1408295042972255e-05
6.214400095357182,0.00031038580658047157,1.150531318629197e-05
6.216400095357182,0.0002664427865121151,1.1977200311449486e-05
6.218400095357182,0.0002576554127064218,1.2065789320019997e-05
6.220400095357181,0.0002975424826344245,1.1779261355830429e-05
6.222400095357181,0.00028053118559012306,1.1229420885318082e-05
6.224400095357181,0.0002648402878950852,1.0760031877079918e-05
6.226400095357181,0.0003018723942571988,1.1649049845669467e-05
6.2284000953571805,0.00034837539986413724,1.1442182206497452e-05
6.23040009535718,0.0003138876432728086,1.2081915757219894e-05
6.23240009535718,0.00033265631261025514,1.106398251410701e-05
6.23440009535718,0.0002649380122589466,1.0991039757819648e-05
6.23640009535718,0.0002814244484694905,1.0567909281119145e-05
6.238400095357179,0.0003395809913343902,1.2020987203079544e-05
6.240400095357179,0.00026444841059029253,1.1685121291917178e-05
6.242400095357179,0.0002693104735951728,1.1813610111396788e-05
6.244400095357179,0.000292257066769796,1.0470748189768781e-05
6.2464000953571786,0.00045516109779046777,1.107855219380766e-05
6.248400095357178,0.00042173366754894584,1.0642002815907086e-05
6.250400095357178,0.0003165561357896161,1.2211781382526745e-05
6.252400095357178,0.0003263595863495902,1.0544735345957277e-05
6.254400095357178,0.0003063024846968469,1.2169698059668434e-05
6.2564000953571774,0.000290757053254387,9.536468231376425e-06
6.258400095357177,0.00030114166886578914,1.1453170067034432e-05
6.260400095357177,0.00026189680292498563,9.913623859944554e-06
6.262400095357177,0.00027183030626405907,1.2593683941275013e-05
6.264400095357177,0.00027029810946273866,1.0843782771006067e-05
6.266400095357176,0.0002912425354253989,1.174046998168049e-05
6.268400095357176,0.00026069999015878426,9.35802609434953e-06
6.270400095357176,0.0002706915767510523,1.1254331336369292e-05
6.272400095357176,0.00024814874819677614,1.0287811265060167e-05
6.2744000953571755,0.0002596459323747361,1.1713418585054179e-05
6.276400095357175,0.00027058963958452115,1.1229258720446915e-05
6.278400095357175,0.000242466655990945,1.1015890253755167e-05
6.280400095357175,0.00026738199204296565,1.0886897460917594e-05
6.282400095357175,0.00026146420802435744,1.1235468921678792e-05
6.284400095357174,0.0002555966702169157,1.178733008788847e-05
6.286400095357174,0.00033882484567350675,1.1738986538007963e-05
6.288400095357174,0.00029696778459481363,1.18062301685508e-05
6.290400095357174,0.00030126251837413914,1.0785253096555333e-05
6.2924000953571735,0.0002757719145296099,1.0286642359877356e-05
6.294400095357173,0.0003278550979256877,1.1351963593915258e-05
6.296400095357173,0.0003127003857024296,1.0656109682155969e-05
6.298400095357173,0.00031863249478356656,1.2247094033883295e-05
6.300400095357173,0.00029945089981966256,9.970255757069068e-06
6.302400095357172,0.00029478798361905044,1.1776341560417465e-05
6.304400095357172,0.0003324457498772049,9.859153879099646e-06
6.306400095357172,0.00032400300456829416,1.2186465476888559e-05
6.308400095357172,0.000298648528437724,1.0870714571105965e-05
6.3104000953571715,0.0002951490075988243,1.1844297578103769e-05
6.312400095357171,0.000346226274942038,1.0680831764943285e-05
6.314400095357171,0.00033504163472534374,1.0386696433297282e-05
6.316400095357171,0.00032950265489250006,1.1722104382800096e-05
6.318400095357171,0.00026135638873746975,1.1225124350502895e-05
6.32040009535717,0.0003344801261820803,1.3048436828523172e-05
6.32240009535717,0.00028898843358144565,1.0749212175354141e-05
6.32440009535717,0.00025773965726424666,1.2011762428537485e-05
6.32640009535717,0.0003148157071986197,1.06618909512209e-05
6.3284000953571695,0.0003084395175852525,1.1849105019733193e-05
6.330400095357169,0.00028350004529394286,1.2006938301156963e-05
6.332400095357169,0.00030157564213261645,1.1999468413098983e-05
6.334400095357169,0.00027747895348919017,1.2396128701580732e-05
6.336400095357169,0.000299472077753156,1.1079737055434321e-05
6.338400095357168,0.0002895892041760215,1.1813022737477462e-05
6.340400095357168,0.0003480054891140789,1.198031587946957e-05
6.342400095357168,0.00034207341259200486,1.2360531889052018e-05
6.344400095357168,0.00029378556462409506,1.2502190291077244e-05
6.3464000953571675,0.00031519092371879863,1.1688534242879198e-05
6.348400095357167,0.0003824672516233591,1.1104426718204341e-05
6.350400095357167,0.00033299238243245853,1.1169520210794625e-05
6.352400095357167,0.0003082592127265699,1.1553697561201724e-05
6.354400095357167,0.0002811538726191703,1.2090966794718156e-05
6.356400095357166,0.0002812832529737704,1.2699231159548568e-05
6.358400095357166,0.0003294855996063722,1.2250304119908467e-05
6.360400095357166,0.00027634864825363945,1.0786579591137116e-05
6.362400095357166,0.00030598528360003505,1.1507578735345285e-05
6.3644000953571656,0.00028253978492936196,1.1571085290061527e-05
6.366400095357165,0.0003133206677317495,1.2137208588802812e-05
6.368400095357165,0.00033402031288512143,1.173478484234489e-05
6.370400095357165,0.00030632579734059414,1.1213228207566431e-05
6.372400095357165,0.0002590299129330369,1.1187111342797644e-05
6.3744000953571645,0.0002918387663090937,1.1272168223148796e-05
6.376400095357164,0.0002564391082111619,1.2563027221283677e-05
6.378400095357164,0.00027072232373007106,1.1791518091882061e-05
6.380400095357164,0.0002575655249914015,1.2369502189721986e-05
6.382400095357164,0.00027108596369567975,1.1155417039411635e-05
6.384400095357163,0.00028258831688995906,1.0949242769204167e-05
6.386400095357163,0.00024391081240353728,1.1362592660129271e-05
6.388400095357163,0.00021803298340719005,1.1559029796993107e-05
6.390400095357163,0.00028352376542741957,1.2080727775987105e-05
6.3924000953571625,0.0003062543954238859,1.159223796362525e-05
6.394400095357162,0.00021508126257503127,1.1078502856339338e-05
6.396400095357162,0.00026378109896761377,1.0854368459321623e-05
6.398400095357162,0.00026404994403886675,1.1009391897685855e-05
6.400400095357162,0.00025745946039065564,1.1931637117687815e-05
6.402400095357161,0.00026403648759870343,1.1878075716475355e-05
6.404400095357161,0.00027952113819047704,1.123079341188633e-05
6.406400095357161,0.0002505114423604657,1.1186786532595989e-05
6.408400095357161,0.0002745386009222228,1.0369368587213468e-05
6.4104000953571605,0.00035229591808353294,1.1400706833449457e-05
6.41240009535716,0.0003092829385576459,1.2082803690097094e-05
6.41440009535716,0.000304949040054855,1.1202591466721334e-05
6.41640009535716,0.0003284334463897004,1.2065202044410998e-05
6.41840009535716,0.0002873305186510508,1.0115420696372345e-05
6.420400095357159,0.00030420817715502664,1.0881886646337303e-05
6.422400095357159,0.00027164723261759107,1.1231552528790404e-05
6.424400095357159,0.0002725406044960941,1.065141794110145e-05
6.426400095357159,0.0002526240319463086,1.3007675960426047e-05
6.4284000953571585,0.00026946053373009935,1.0630676012480182e-05
6.430400095357158,0.0002659701817480612,1.114219214731336e-05
6.432400095357158,0.0003160448308820475,1.1299620904690206e-05
6.434400095357158,0.0003111945302733741,1.0611527230128297e-05
6.436400095357158,0.00034202500145172576,1.2670891135360649e-05
6.438400095357157,0.00035753366222440747,1.1321494256908932e-05
6.440400095357157,0.0002815368182429294,1.1499505084911276e-05
6.442400095357157,0.0002470330647388762,1.1182241277722503e-05
6.444400095357157,0.00023374356259632135,1.0370766631267348e-05
6.4464000953571565,0.00027440148907574124,1.216814218456743e-05
6.448400095357156,0.000377056766722614,1.1340455564955532e-05
6.450400095357156,0.00026022922969619366,1.185106089943737e-05
6.452400095357156,0.000255636672916577,1.1414373314045224e-05
6.454400095357156,0.0002776374104523739,1.083184722633929e-05
6.456400095357155,0.00026561453054306413,1.1165324566025956e-05
6.458400095357155,0.0003269731563251043,1.1495916124477317e-05
6.460400095357155,0.0002510921149468894,1.2214282774986215e-05
6.462400095357155,0.0002856436468345569,1.2365099800438175e-05
6.4644000953571545,0.0002405979107158255,1.1373689315623923e-05
6.466400095357154,0.0002884451063618441,1.1559954317516538e-05
6.468400095357154,0.00028762228209342866,1.0515552585733061e-05
6.470400095357154,0.0002605849500631635,1.1691742634967319e-05
6.472400095357154,0.0002852757359457977,1.3049039101347607e-05
6.474400095357153,0.00026164342632811153,1.1858340275187116e-05
6.476400095357153,0.0002640575014052917,1.3335868450906407e-05
6.478400095357153,0.0003296520814217829,1.1218178145464302e-05
6.480400095357153,0.0002546302051426938,1.1524241304619093e-05
6.482400095357153,0.00024256394523191284,1.2776006571911644e-05
6.484400095357152,0.00023566144451262798,1.1724558525042662e-05
6.486400095357152,0.0002934952584414634,1.2522226794986711e-05
6.488400095357152,0.0002620884065950786,1.3241868520746705e-05
6.490400095357152,0.00025049902321279285,1.0849126384465175e-05
6.4924000953571515,0.000248418972799142,1.1483064121821078e-05
6.494400095357151,0.00022257498935926765,1.1983142201461437e-05
6.496400095357151,0.0002128519950759637,1.1438172957477538e-05
6.498400095357151,0.0002452836912818027,1.3080235507448756e-05
6.500400095357151,0.00029842581335336345,1.304166715567513e-05
6.50240009535715,0.00023993838350224212,1.1029399386151933e-05
6.50440009535715,0.00025385121736507974,1.2010103275901842e-05
6.50640009535715,0.0001978338038422714,1.2182991209611022e-05
6.50840009535715,0.00027532506645527334,1.2838795051251032e-05
6.5104000953571495,0.00025757702655117753,1.320847398755776e-05
6.512400095357149,0.0002715766438102294,1.2880903814054996e-05
6.514400095357149,0.00020131396016973197,1.1565058435770312e-05
6.516400095357149,0.00028502199824238534,1.1344253721711667e-05
6.518400095357149,0.00021066215236382218,1.1690754638334403e-05
6.520400095357148,0.00030517178301730293,1.2178118229826455e-05
6.522400095357148,0.0002333200600192789,1.2917347931833476e-05
6.524400095357148,0.00020424760073941772,1.30536357678319e-05
6.526400095357148,0.0002748270825620791,1.1470683204071288e-05
6.5284000953571475,0.00024222659871809873,1.1308942083526432e-05
6.530400095357147,0.00025356398959963986,1.1917403932812884e-05
6.532400095357147,0.00022942341513530848,6.567283205898494e-06
6.534400095357147,0.00023249523856390042,7.326595789297441e-06
6.536400095357147,0.00023288153644369979,7.386996646486376e-06
6.538400095357146,0.0002226293919791158,6.696283072572627e-06
6.540400095357146,0.00023023887203256987,6.432880717423284e-06
6.542400095357146,0.00019147738461631336,6.352389740366544e-06
6.544400095357146,0.00022465415875078546,6.476144251511975e-06
6.5464000953571455,0.00022140392427919065,7.025312400571019e-06
6.548400095357145,0.00023745276719929823,7.369787611518227e-06
6.550400095357145,0.0002587451700241819,6.66791002011629e-06
6.552400095357145,0.00024178153464923105,6.778932127012814e-06
6.554400095357145,0.0002500272854020368,6.361994385388998e-06
6.556400095357144,0.00026325699601401217,6.5132020521084854e-06
6.558400095357144,0.0002347339908508228,7.023796090955126e-06
6.560400095357144,0.00024735160455042717,7.465130947151803e-06
6.562400095357144,0.00023825073131042548,7.30023582246097e-06
6.5644000953571435,0.0002549133887015526,6.680725884266534e-06
6.566400095357143,0.00022874370414466876,6.518694143779359e-06
6.568400095357143,0.00024785259180607144,6.608420431717651e-06
6.570400095357143,0.00026982648771707905,6.795083356244019e-06
6.572400095357143,0.00025677718546436286,7.22682116149844e-06
6.574400095357142,0.00024328464598453187,7.272294795017738e-06
6.576400095357142,0.00022616559384123884,6.589605317093682e-06
6.578400095357142,0.0002855524511987922,6.313098398266296e-06
6.580400095357142,0.00024976771301482754,6.069111216962641e-06
6.5824000953571415,0.0002700085560518488,6.214656297509633e-06
6.584400095357141,0.0002919969938467521,6.790114428999845e-06
6.586400095357141,0.00027968486128546486,6.834045652598617e-06
6.588400095357141,0.0002562445672027877,6.668011154201295e-06
6.590400095357141,0.00021927598874131986,6.350765473330368e-06
6.59240009535714,0.0002106690671337592,6.143328397760902e-06
6.59440009535714,0.0002427043151344566,6.401731590602554e-06
6.59640009535714,0.00023343656449250282,6.9466013491181664e-06
6.59840009535714,0.00020621698863849622,7.003223884260458e-06
6.60040009535714,0.0002390406638607977,6.8159971689538865e-06
6.602400095357139,0.00023088873726778944,6.470287682264991e-06
6.604400095357139,0.000286789399077162,6.198046866545251e-06
6.606400095357139,0.00028798123227320954,6.234951200018285e-06
6.608400095357139,0.0003109731906581181,6.482211287651076e-06
6.6104000953571385,0.0002775891349706114,6.76195798500079e-06
6.612400095357138,0.00023890021287701355,6.568996354866313e-06
6.614400095357138,0.0002382367305587652,6.324001052423234e-06
6.616400095357138,0.00025856494316762974,5.974602851215009e-06
6.618400095357138,0.0002521415036568998,5.714208078244197e-06
6.620400095357137,0.00019083777454362527,6.018238418990498e-06
6.622400095357137,0.00024276911611928955,6.262780899401142e-06
6.624400095357137,0.0002468845136865969,6.562088607102494e-06
6.626400095357137,0.00027625472400925595,6.429809975422105e-06
6.6284000953571365,0.0002357299543480509,6.078343105456801e-06
6.630400095357136,0.000230101883981212,7.323730180301854e-06
6.632400095357136,0.0002140592338780753,7.453313599771469e-06
6.634400095357136,0.00021256171673717083,7.819727244773566e-06
6.636400095357136,0.00024319125193785442,7.91416957394881e-06
6.638400095357135,0.0002547705686151067,8.129775416509065e-06
6.640400095357135,0.00021787003006006427,7.90945662163677e-06
6.642400095357135,0.00022899950250529567,7.2020351404682074e-06
6.644400095357135,0.0002513547699959025,7.0406886680642095e-06
6.6464000953571345,0.00023345339957642905,7.294409642931273e-06
6.648400095357134,0.00019953004870448381,8.075336834039635e-06
6.650400095357134,0.0001967080635815872,8.543475937207198e-06
6.652400095357134,0.00023807163978178578,8.809276134746023e-06
6.654400095357134,0.0002577097399303813,8.45473175954134e-06
6.656400095357133,0.00021768626972388011,7.874688586632275e-06
6.658400095357133,0.00020583853149171673,7.752495071112043e-06
6.660400095357133,0.0002503596244125053,7.940471213044363e-06
6.662400095357133,0.00021560479186732702,8.206020310401307e-06
6.6644000953571325,0.00020907026995321105,8.568969970331409e-06
6.666400095357132,0.00023367472140212625,7.90589153636448e-06
6.668400095357132,0.00022064092192236248,7.4434674297714084e-06
6.670400095357132,0.00024719047097285316,7.871114561802791e-06
6.672400095357132,0.000253259555614693,8.134978448012411e-06
6.674400095357131,0.00027618594492273774,9.064493873718573e-06
6.676400095357131,0.00024371246204931115,9.125885978474767e-06
6.678400095357131,0.00023252205392702846,8.778730163267367e-06
6.680400095357131,0.00019746285523705397,8.275122284056907e-06
6.6824000953571305,0.00020184718349951648,7.456380410100042e-06
6.68440009535713,0.00023222711529456095,7.566296457229977e-06
6.68640009535713,0.0001916856253328573,8.190394529591806e-06
6.68840009535713,0.00017583094532101526,8.748125016790372e-06
6.69040009535713,0.00022041074956847387,9.074721896703436e-06
6.692400095357129,0.000183718000422714,8.776387459786855e-06
6.694400095357129,0.00023673218476245216,8.294988594316713e-06
6.696400095357129,0.00023574333611429317,7.522230741996941e-06
6.698400095357129,0.00021567458816963952,7.60933611102146e-06
6.7004000953571285,0.00020718975799230123,8.212448171087087e-06
6.702400095357128,0.00021291456011933872,8.628143641371283e-06
6.704400095357128,0.00018308646627008935,9.249426048360754e-06
6.706400095357128,0.0001942670519739473,9.654475799337414e-06
6.708400095357128,0.0002081735604906847,8.272433784917803e-06
6.7104000953571274,0.00020423616479509063,8.450993201584451e-06
6.712400095357127,0.00022379565286731698,8.480569458585737e-06
6.714400095357127,0.00020120670783083848,9.028226953576907e-06
6.716400095357127,0.00021513601051053292,8.877987444265601e-06
6.718400095357127,0.00019248417040258566,8.155771898502472e-06
6.720400095357126,0.0001821255544284833,7.948548779626643e-06
6.722400095357126,0.00020664987137275777,7.038612684196641e-06
6.724400095357126,0.00021613276663091837,7.721737299160741e-06
6.726400095357126,0.00022945057231408124,8.926976338612278e-06
6.7284000953571255,0.00023761547370141497,9.441555161639765e-06
6.730400095357125,0.00024047639467836228,1.00357807821463e-05
6.732400095357125,0.00019308536391061205,8.759988714190474e-06
6.734400095357125,0.00022291625922095775,8.281818105495723e-06
6.736400095357125,0.0002047138919052047,7.872669076452486e-06
6.738400095357124,0.00024262551682186916,7.562866400190761e-06
6.740400095357124,0.000248873559402534,8.479713280350082e-06
6.742400095357124,0.00017576022015746405,8.573187224925573e-06
6.744400095357124,0.0002129132352557148,8.97086913269317e-06
6.7464000953571235,0.0002032995384168162,9.098703215110281e-06
6.748400095357123,0.00021509615021279973,8.26001040782111e-06
6.750400095357123,0.0002134831598554098,7.845530748202624e-06
6.752400095357123,0.00020947683094635374,7.950373236648805e-06
6.754400095357123,0.00021364749920971767,8.609993622448571e-06
6.756400095357122,0.0002112166108183379,9.044258882053026e-06
6.758400095357122,0.00019527989935787905,9.668846990107844e-06
6.760400095357122,0.00020078528852452722,8.910393786349992e-06
6.762400095357122,0.00025225685065696383,7.99900164214492e-06
6.7644000953571215,0.00023327153682872019,7.659609080188103e-06
6.766400095357121,0.0002463196959529947,7.449226441555638e-06
6.768400095357121,0.00019174837141440733,8.223199337125701e-06
6.770400095357121,0.0002312195308972171,8.4948617162876e-06
6.772400095357121,0.00022201118186384762,8.53332062955138e-06
6.77440009535712,0.00019185984769538243,8.483114660351944e-06
6.77640009535712,0.00021999081196344381,7.982806147162326e-06
6.77840009535712,0.0002232742595937142,8.437323238170509e-06
6.78040009535712,0.00021137930429721068,8.148284028466083e-06
6.7824000953571195,0.00021071944457820132,8.244689627139309e-06
6.784400095357119,0.0002181296315831461,8.470373110364597e-06
6.786400095357119,0.00022507583929365843,7.538278198323122e-06
6.788400095357119,0.00021026817693215464,7.677587710640695e-06
6.790400095357119,0.0002193889547198248,7.798954351240592e-06
6.792400095357118,0.0002171341804815502,8.216140655782915e-06
6.794400095357118,0.00019343938374901195,9.388830457923358e-06
6.796400095357118,0.0001870052881201134,9.134741530026062e-06
6.798400095357118,0.00016705315283593102,9.03196965728328e-06
6.8004000953571175,0.00018238845658878803,8.173853066811829e-06
6.802400095357117,0.0002238808113113402,7.243460480898713e-06
6.804400095357117,0.00022197519475938333,7.248949226552309e-06
6.806400095357117,0.00020131442679637975,7.480517898915081e-06
6.808400095357117,0.00018553507271210236,8.313406873772661e-06
6.810400095357116,0.0001897489123847567,9.21013767186119e-06
6.812400095357116,0.00019053263994486529,8.701421848588095e-06
6.814400095357116,0.0002097027552309546,8.312546505844627e-06
6.816400095357116,0.00024398932073700603,7.481866296876035e-06
6.8184000953571156,0.00020188292888788557,7.184120606607259e-06
6.820400095357115,0.00023388512978877207,7.874050240823823e-06
6.822400095357115,0.00024792250459136313,8.76718452207915e-06
6.824400095357115,0.00021844693486230962,9.024403479879087e-06
6.826400095357115,0.00020697076299519484,8.784561036305501e-06
6.8284000953571145,0.00019331361088706432,8.363435566618339e-06
6.830400095357114,0.00020869423388914356,7.984571376842284e-06
6.832400095357114,0.00025096486423633815,7.726451318221216e-06
6.834400095357114,0.000196240354629356,8.396563629514782e-06
6.836400095357114,0.00015883064040351244,8.878072195923472e-06
6.838400095357113,0.00023712578023505246,9.125269445102311e-06
6.840400095357113,0.0001871628647624555,8.82696268461565e-06
6.842400095357113,0.00019566187376452771,8.06654272416545e-06
6.844400095357113,0.00021141470053815216,7.83177870827462e-06
6.8464000953571125,0.00023845115947489231,7.785560662875482e-06
6.848400095357112,0.00018746413721975957,8.498172770777845e-06
6.850400095357112,0.000246022350685236,9.643465910873063e-06
6.852400095357112,0.00019602328350955356,9.426924159863859e-06
6.854400095357112,0.00020577636781699872,9.089068100814261e-06
6.856400095357111,0.00022194136952994622,8.238553214798881e-06
6.858400095357111,0.00019543936180706965,7.821539523864217e-06
6.860400095357111,0.00017817864106307738,7.927351517642377e-06
6.862400095357111,0.0002296129202256824,8.742983824846438e-06
6.8644000953571105,0.0002354827278840093,9.252694295433165e-06
6.86640009535711,0.00020027913464152274,9.538277268198073e-06
6.86840009535711,0.00018169546872344266,8.792876152068231e-06
6.87040009535711,0.00021020153364932224,8.198857933599343e-06
6.87240009535711,0.00024016717291180494,7.904306615714414e-06
6.874400095357109,0.00023518842232665566,7.883852463494141e-06
6.876400095357109,0.0002736842303988095,8.542587986990615e-06
6.878400095357109,0.00018137358175763824,9.336101053531017e-06
6.880400095357109,0.0002069510090408167,9.484203044256961e-06
6.8824000953571085,0.00022338794535398004,9.149963974996848e-06
6.884400095357108,0.00024024080223416318,8.516749722947928e-06
6.886400095357108,0.00024295248855780565,7.811482351763073e-06
6.888400095357108,0.00028146111421248674,7.939094874928975e-06
6.890400095357108,0.0002165529305252887,8.979329868806344e-06
6.892400095357107,0.00019872909064902648,9.630689614970794e-06
6.894400095357107,0.00019741936725064152,1.0364183222102623e-05
6.896400095357107,0.0002160216733793729,9.454515673572438e-06
6.898400095357107,0.00022641013943620336,8.556719378083833e-06
6.9004000953571065,0.0002322934048785285,7.834485851072888e-06
6.902400095357106,0.0002510372619092637,7.73519776746073e-06
6.904400095357106,0.0002592894426176422,8.71414020936959e-06
6.906400095357106,0.00025573671691159287,1.0091769504063856e-05
6.908400095357106,0.00022868331227892855,9.965474629637185e-06
6.910400095357105,0.00018715889286451774,9.423028627924158e-06
6.912400095357105,0.0002546416835738552,8.548694768031958e-06
6.914400095357105,0.00023360353428898548,7.849273186384019e-06
6.916400095357105,0.0002183399538433787,8.481377199757325e-06
6.9184000953571045,0.00023513699259890673,9.87407922775654e-06
6.920400095357104,0.0002298738438159475,1.0000316591875402e-05
6.922400095357104,0.0002451372763130621,9.63034328683178e-06
6.924400095357104,0.0002860182264260802,9.789235866026938e-06
6.926400095357104,0.00022299925757170651,9.116985727555655e-06
6.928400095357103,0.00023075547135964115,8.943430180913029e-06
6.930400095357103,0.00025672037554480965,9.031563586726913e-06
6.932400095357103,0.000285154108132546,8.865691744536485e-06
6.934400095357103,0.00022979183940552935,9.082750929446318e-06
6.936400095357103,0.0001757023827109373,9.427474528182812e-06
6.938400095357102,0.00022682972579649352,9.111843098819523e-06
6.940400095357102,0.00022428515960777807,8.832533155798454e-06
6.942400095357102,0.00022115406014774723,8.591431480595273e-06
6.944400095357102,0.0002051261973229537,8.065871116099085e-06
6.9464000953571015,0.00025838964373960934,8.014885163453316e-06
6.948400095357101,0.00025480473112967776,8.789811462889759e-06
6.950400095357101,0.00022996238504477575,9.5566205302422e-06
6.952400095357101,0.00020371125034994157,9.582068963809085e-06
6.954400095357101,0.00023212718528951802,9.250722506244053e-06
6.9564000953571,0.00022510869525247583,8.27822348576548e-06
6.9584000953571,0.00023436888575826002,7.806638224137455e-06
6.9604000953571,0.00021566963461359736,8.338441147135449e-06
6.9624000953571,0.0002418977274137036,9.241284285193192e-06
6.9644000953570995,0.00019878379872626992,9.502292054181439e-06
6.966400095357099,0.0002172572193800275,9.154878316842563e-06
6.968400095357099,0.0002152176746079643,8.81257412972864e-06
6.970400095357099,0.00022001641820204254,8.231932175409582e-06
6.972400095357099,0.0002497071682668518,8.251220848921493e-06
6.974400095357098,0.00023326454449595202,8.44458276540054e-06
6.976400095357098,0.00025271082938301296,8.625257969063177e-06
6.978400095357098,0.00025125847407317956,8.750641468739464e-06
6.980400095357098,0.0002561570812387075,9.6706007325513e-06
6.9824000953570975,0.00024472639364210043,9.88216884971479e-06
6.984400095357097,0.0002347719007833409,8.809794877402843e-06
6.986400095357097,0.0002237510601616816,7.696448340378703e-06
6.988400095357097,0.00023256834968736416,7.865995317711344e-06
6.990400095357097,0.00022670698629554176,8.606648596448348e-06
6.992400095357096,0.0002442415849566816,9.755110560048181e-06
6.994400095357096,0.0002294659056016322,1.0186032854438942e-05
6.996400095357096,0.00022694517706229814,9.092931621214326e-06
6.998400095357096,0.00018771789005075248,8.008179473324106e-06
7.0004000953570955,0.0002125441994727543,8.110848965818335e-06
7.002400095357095,0.00021869689591611378,8.61861454222199e-06
7.004400095357095,0.0002247619083105975,8.825266501494895e-06
7.006400095357095,0.00026354157640753054,9.473334193270399e-06
7.008400095357095,0.00022110128548601953,9.220216753084809e-06
7.010400095357094,0.00023052982573876617,8.81030648585783e-06
7.012400095357094,0.0001700542243218345,8.874242050684968e-06
7.014400095357094,0.00018742484130637737,8.574637987383192e-06
7.016400095357094,0.0001958303758786341,8.09472840498031e-06
7.0184000953570935,0.0002371854069513686,8.136382091337431e-06
7.020400095357093,0.00022352463788556862,9.131828482935579e-06
7.022400095357093,0.00024927223035711054,1.0182467754363305e-05
7.024400095357093,0.0002601574912720386,9.780413820261862e-06
7.026400095357093,0.00019437695493173312,8.823903487580223e-06
7.028400095357092,0.00022309020355143293,8.191275835084444e-06
7.030400095357092,0.00024221434782022657,8.166188108174966e-06
7.032400095357092,0.00021556140258877044,8.878305019247499e-06
7.034400095357092,0.00020128796707379648,9.752307494353736e-06
7.0364000953570915,0.00024520930676700094,9.56220811922334e-06
7.038400095357091,0.00023002608689643897,9.178031057694406e-06
7.040400095357091,0.00023610864810717154,9.15524552616853e-06
7.042400095357091,0.00017487219995146323,8.86618601725229e-06
7.044400095357091,0.0002205373626931584,8.724354979809127e-06
7.04640009535709,0.0002451229396425804,8.552570254025287e-06
7.04840009535709,0.0002417963685633204,9.258020004592374e-06
7.05040009535709,0.00023779617034873064,9.976127176856837e-06
7.05240009535709,0.0002767821299911606,1.0465199647772695e-05
7.05440009535709,0.00023472722796900162,1.007393789392893e-05
7.056400095357089,0.00023678317882593693,9.069085600143899e-06
7.058400095357089,0.00023055024114746053,8.525175664979344e-06
7.060400095357089,0.00020611614112525287,8.929762781160118e-06
7.062400095357089,0.00020089124237952934,9.321283719955085e-06
7.0644000953570885,0.00022517545022603406,1.0065328993774514e-05
7.066400095357088,0.00018741965609448853,1.028196104969992e-05
7.068400095357088,0.00020935786685219354,1.0039633259007545e-05
7.070400095357088,0.00017201748618049398,9.277324923794523e-06
7.072400095357088,0.00022042497409465183,8.709218444184915e-06
7.074400095357087,0.00023985000236438929,9.452115861710153e-06
7.076400095357087,0.0002945946760683006,9.199020571232256e-06
7.078400095357087,0.0002592430282184792,1.010824016337242e-05
7.080400095357087,0.0001897259052796598,1.0308474509198586e-05
7.0824000953570865,0.00018901887138282736,9.856483959720723e-06
7.084400095357086,0.00020202259990770904,9.493270647290045e-06
7.086400095357086,0.00021446449769231538,9.188719628908007e-06
7.088400095357086,0.00022492637387636267,8.894149619546629e-06
7.090400095357086,0.00023420653285222777,8.77560894282235e-06
7.092400095357085,0.0002091051359657978,9.425325470636423e-06
7.094400095357085,0.00020230400851449645,1.0615083890241668e-05
7.096400095357085,0.00021301761777640035,1.1434967032028145e-05
7.098400095357085,0.00023323488475398272,1.1203256354761969e-05
7.1004000953570845,0.00021565607075180846,9.374252479467436e-06
7.102400095357084,0.00020998900803823934,8.565781163673482e-06
7.104400095357084,0.0001938216797458651,9.647285128182862e-06
7.106400095357084,0.00017735484698555072,1.0695070320278446e-05
7.108400095357084,0.00020042504441098138,1.0646519564114176e-05
7.110400095357083,0.0002242058974255321,1.0450138534318321e-05
7.112400095357083,0.0002159766692208477,1.0394408706572986e-05
7.114400095357083,0.00024194049882988094,1.0155368847642989e-05
7.116400095357083,0.00019919581207724022,9.730634772310714e-06
7.1184000953570825,0.0001736490614045659,9.092914729796529e-06
7.120400095357082,0.0001764920952782203,9.12364007041713e-06
7.122400095357082,0.00018571528386819358,9.267188153969057e-06
7.124400095357082,0.00016744952529940558,1.0693185418187422e-05
7.126400095357082,0.0001963672283904536,1.1291010048385434e-05
7.128400095357081,0.0001967622539614445,9.826366327587207e-06
7.130400095357081,0.00018840306899310124,8.313261457412605e-06
7.132400095357081,0.00019226937487822374,8.540741790871168e-06
7.134400095357081,0.00020921014317126901,9.611123842732678e-06
7.1364000953570805,0.00025265052793156385,9.90799977512623e-06
7.13840009535708,0.00021026691474919297,9.363886739822842e-06
7.14040009535708,0.0001637619047854834,9.775685131543103e-06
7.14240009535708,0.00019304276933258425,1.0381011762650581e-05
7.14440009535708,0.00022119462260518092,1.000220950401588e-05
7.146400095357079,0.00023480926838333042,8.866410865400302e-06
7.148400095357079,0.00021626712608345715,8.35206203650221e-06
7.150400095357079,0.00020815432972322542,9.55283972412352e-06
7.152400095357079,0.00020655236461859704,1.0385727620875388e-05
7.1544000953570785,0.00023988766491220205,1.044594064245738e-05
7.156400095357078,0.00023783324053927932,9.92848271862393e-06
7.158400095357078,0.00024210744881140263,9.415969033563099e-06
7.160400095357078,0.0002547647010659986,9.345986207727097e-06
7.162400095357078,0.00024507335156666446,8.870081634341385e-06
7.1644000953570774,0.00020382111998768136,8.548164498407327e-06
7.166400095357077,0.00018484835745944162,9.340049611210367e-06
7.168400095357077,0.0002447524194620351,1.002270139899185e-05
7.170400095357077,0.00018921374155535928,9.850814787915544e-06
7.172400095357077,0.0002242645765373827,9.670612660509985e-06
7.174400095357076,0.00022462328381084296,9.45068368056373e-06
7.176400095357076,0.00019013409931856122,8.894147595798673e-06
7.178400095357076,0.0002526555938947056,8.210059424533854e-06
7.180400095357076,0.00019267772532988067,9.253520998739005e-06
7.1824000953570755,0.00024818568907653194,1.0590916451781302e-05
7.184400095357075,0.00026145602942307105,1.0338265923262185e-05
7.186400095357075,0.00022420951786591547,9.165867154096817e-06
7.188400095357075,0.00021913019520146502,9.487858608288952e-06
7.190400095357075,0.00022563915282011016,9.686437375643004e-06
7.192400095357074,0.0002256112848611606,8.434462645042984e-06
7.194400095357074,0.000275341766410318,8.106632742897938e-06
7.196400095357074,0.00023571934215350563,9.509953448141677e-06
7.198400095357074,0.00020403842852847654,1.0670199518968127e-05
7.2004000953570735,0.00019123586097499173,9.719096228479784e-06
7.202400095357073,0.0002268456010923765,8.844993016883931e-06
7.204400095357073,0.00023686233992150952,9.340632179615125e-06
7.206400095357073,0.00019248072520063324,9.08799979706686e-06
7.208400095357073,0.00025696649037299044,8.397377677811386e-06
7.210400095357072,0.0002573268009036949,8.645772676513087e-06
7.212400095357072,0.00025319598240138166,9.985557133017541e-06
7.214400095357072,0.000202490798022506,1.009239421436796e-05
7.216400095357072,0.00023232782403975855,9.773724099511098e-06
7.2184000953570715,0.0002111887057312169,9.953419760838584e-06
7.220400095357071,0.00022074755927186401,9.684597466788303e-06
7.222400095357071,0.00021780846091344543,8.760408532431175e-06
7.224400095357071,0.00018719750418933433,9.09972444274371e-06
7.226400095357071,0.00019689880949049458,9.919320194169663e-06
7.22840009535707,0.00023682989943577445,1.043059102246659e-05
7.23040009535707,0.00019797760619547018,9.950293317782938e-06
7.23240009535707,0.00018428014293106877,1.018052245682089e-05
7.23440009535707,0.00021615122984043475,9.604422807858975e-06
7.2364000953570695,0.00020859532047106497,8.792339463780306e-06
7.238400095357069,0.00020300082763522316,8.571213588852527e-06
7.240400095357069,0.0002117876357634139,9.418240043051388e-06
7.242400095357069,0.00020096675717297583,1.0389592762437784e-05
7.244400095357069,0.00017836668002978824,1.0718132855808357e-05
7.246400095357068,0.00023436297608134393,1.0173723823072933e-05
7.248400095357068,0.00015777751022188135,1.0083213220409949e-05
7.250400095357068,0.0001934243859060263,9.585548643116983e-06
7.252400095357068,0.00021226500736895782,9.0918671550576e-06
7.2544000953570675,0.00022066652744843977,9.650839613726574e-06
7.256400095357067,0.00020688948289293354,9.714235943954313e-06
7.258400095357067,0.00020139515433786407,1.0289601173732022e-05
7.260400095357067,0.0001855692992886097,1.0577532358723008e-05
7.262400095357067,0.00021066019446490736,1.0498398192505766e-05
7.264400095357066,0.00015442420237384065,9.512206035096973e-06
7.266400095357066,0.0001945305553101585,9.116150730594019e-06
7.268400095357066,0.00020207039485814647,9.110060038223597e-06
7.270400095357066,0.0001646113470127645,9.209323146051716e-06
7.2724000953570656,0.0002006628962798992,9.960037114064671e-06
7.274400095357065,0.00020506121128592195,1.0767039968870236e-05
7.276400095357065,0.0001874049858982937,1.0782777157241567e-05
7.278400095357065,0.00012674547647972692,1.0241032917378454e-05
7.280400095357065,0.000186105881620498,9.759592572355486e-06
7.2824000953570645,0.00019158012630780797,9.831333840968063e-06
7.284400095357064,0.00019194452102188754,9.519822357438766e-06
7.286400095357064,0.0001951763397513929,9.369322703231151e-06
7.288400095357064,0.0001936666658641552,1.0769782896764138e-05
7.290400095357064,0.00020969353603439664,1.1237648540585748e-05
7.292400095357063,0.00016908188202260409,1.0629635196215717e-05
7.294400095357063,0.00016631239738019733,1.0010304270849206e-05
7.296400095357063,0.00021157914462629625,9.783907424835896e-06
7.298400095357063,0.00024093192449871372,8.992615151974403e-06
7.3004000953570625,0.00018818351457010305,8.850496298222742e-06
7.302400095357062,0.00021716100820692437,1.0152778272766683e-05
7.304400095357062,0.00021732706236366646,1.0606471517003208e-05
7.306400095357062,0.00018725661618060669,1.0527152196546559e-05
7.308400095357062,0.00019292983784571611,1.1105777267851276e-05
7.310400095357061,0.0001835189882845271,1.0576612479506072e-05
7.312400095357061,0.00020828432463355809,9.300034191806834e-06
7.314400095357061,0.0002040895433068419,8.796512605469041e-06
7.316400095357061,0.00020052155041271036,9.576067252150908e-06
7.3184000953570605,0.00019533946430273197,9.841007093856477e-06
7.32040009535706,0.00014094125716671642,1.041398426163903e-05
7.32240009535706,0.00017613832879426078,1.1071021309192529e-05
7.32440009535706,0.00021076845660696896,1.0693236704881306e-05
7.32640009535706,0.00021793897461616524,9.597190708867299e-06
7.328400095357059,0.0001994521065291932,9.822434899646469e-06
7.330400095357059,0.00020883235041388494,9.802143565084443e-06
7.332400095357059,0.00017501926930137165,9.316035643054833e-06
7.334400095357059,0.00018474472091090368,9.94878590080306e-06
7.3364000953570585,0.00018137191577117677,1.082094103409418e-05
7.338400095357058,0.00016871019628237767,1.1105686431341116e-05
7.340400095357058,0.00019656650223881834,1.0184374541754032e-05
7.342400095357058,0.00016982608653488466,9.678344697847911e-06
7.344400095357058,0.00017266324717186198,9.179561630664899e-06
7.346400095357057,0.00016987284134172768,8.799484494378012e-06
7.348400095357057,0.00020638622914798287,9.46998697017291e-06
7.350400095357057,0.0002555287477795915,1.0546591134096803e-05
7.352400095357057,0.00018453611058274474,1.0579931390568393e-05
7.3544000953570565,0.00017107263675698403,1.0419939650367938e-05
7.356400095357056,0.00014052565817952947,1.059050487455618e-05
7.358400095357056,0.00013712276575509003,1.045284138830997e-05
7.360400095357056,0.0001755991396353183,8.785905996289069e-06
7.362400095357056,0.00021875687656760728,9.148084066856779e-06
7.364400095357055,0.00017373698963999267,9.756291650528351e-06
7.366400095357055,0.00022183512214176614,9.727712520098936e-06
7.368400095357055,0.0001548108184729247,1.0584681692929795e-05
7.370400095357055,0.00017744372023273768,1.0932564237479935e-05
7.3724000953570545,0.00017309689215339014,9.739505379300638e-06
7.374400095357054,0.000177978959400256,9.405433032945457e-06
7.376400095357054,0.00019485196859044324,9.397071251054026e-06
7.378400095357054,0.00018383153294398213,8.351048111887843e-06
7.380400095357054,0.00013917679561134582,9.436685534991586e-06
7.382400095357053,0.00020772996734056047,1.0712486414570264e-05
7.384400095357053,0.00021251126138346131,1.047123997964152e-05
7.386400095357053,0.00016146507438415285,1.0571278202129164e-05
7.388400095357053,0.00023262746390687465,1.0084598861053766e-05
7.390400095357053,0.00019506177349352125,8.716599254322257e-06
7.392400095357052,0.00019451026249817826,8.99507470868049e-06
7.394400095357052,0.00018161859900140412,9.276755462099759e-06
7.396400095357052,0.00021915942039853556,9.631783964690325e-06
7.398400095357052,0.000152304438249611,1.0426250965517671e-05
7.4004000953570515,0.0001849437907127125,1.061689078679332e-05
7.402400095357051,0.00020406835400861375,1.0128642405147236e-05
7.404400095357051,0.0001776897851685077,9.89835438182146e-06
7.406400095357051,0.00019383466416401454,8.892232544559952e-06
7.408400095357051,0.00020288501340322157,8.693722611441078e-06
7.41040009535705,0.0002457030722383197,9.399964363808569e-06
7.41240009535705,0.00021338313821749462,9.176511954430397e-06
7.41440009535705,0.0002015381604564865,1.0495946956310861e-05
7.41640009535705,0.00021498793028773113,1.1140562608309417e-05
7.4184000953570495,0.00022508842477861427,9.560793804727074e-06
7.420400095357049,0.00021912957071638936,9.594296894152573e-06
7.422400095357049,0.00019049219600546642,1.0064319412380154e-05
7.424400095357049,0.00019238402091061277,8.331815362645911e-06
7.426400095357049,0.00024189801515683048,9.491727994373473e-06
7.428400095357048,0.00020519400947657161,1.0401414655235272e-05
7.430400095357048,0.00018311841597804115,9.386365791424467e-06
7.432400095357048,0.00019464162735638706,1.0767572545509854e-05
7.434400095357048,0.00020688084609444963,1.1679609782291458e-05
7.4364000953570475,0.00013884595847678748,1.0091131594047739e-05
7.438400095357047,0.00016455738422324463,9.861184937412622e-06
7.440400095357047,0.00020043060347005735,9.95598086684543e-06
7.442400095357047,0.00020157411781502024,8.738499481059101e-06
7.444400095357047,0.0001968490164238379,1.0455796634873554e-05
7.446400095357046,0.0001963065082774963,1.1692294401170084e-05
7.448400095357046,0.00019647184526498304,1.0741816129756955e-05
7.450400095357046,0.00019471746540998712,1.0856231347841057e-05
7.452400095357046,0.00022246466840978292,1.0482372414129536e-05
7.4544000953570455,0.00020881621518425544,9.147973907602605e-06
7.456400095357045,0.00019475616811850127,9.448310057568148e-06
7.458400095357045,0.00016562222303946334,1.0178514616395455e-05
7.460400095357045,0.00014964583726275387,1.0091592172580147e-05
7.462400095357045,0.00020687322085554197,1.063210769424057e-05
7.464400095357044,0.00017833662943468536,1.182991738012825e-05
7.466400095357044,0.00017314822970054505,1.1075242872581716e-05
7.468400095357044,0.00018233248806892314,1.0252650810670112e-05
7.470400095357044,0.00023675967951594182,1.075569157475506e-05
7.4724000953570435,0.00021039924863256137,9.479574709893956e-06
7.474400095357043,0.0002615468376446091,9.592244067378423e-06
7.476400095357043,0.00025722370103291716,1.1218564992823097e-05
7.478400095357043,0.00017756007358258892,1.0662227774287418e-05
7.480400095357043,0.0001942345516776648,1.1284768215779895e-05
7.482400095357042,0.00018198077849648328,1.1915911845964011e-05
7.484400095357042,0.00023158728705497672,1.0200156978278679e-05
7.486400095357042,0.00020226568936688305,1.0215633044847472e-05
7.488400095357042,0.0002151373903192469,1.0410950850956737e-05
7.4904000953570415,0.00018983024614499188,9.022807282597617e-06
7.492400095357041,0.0001835308484585584,1.1002614958244438e-05
7.494400095357041,0.00014320248295409391,1.248633275388389e-05
7.496400095357041,0.00017081884654775482,1.1493392397025055e-05
7.498400095357041,0.00021891527844281053,1.2686009834296336e-05
7.50040009535704,0.0002265648398977417,1.1345534043604085e-05
7.50240009535704,0.00018526241212066954,9.756383904600312e-06
7.50440009535704,0.00016893414861469318,1.0357490922493718e-05
7.50640009535704,0.00014313564317941168,1.0366412037440426e-05
7.50840009535704,0.0001593157818441526,1.0427953518604247e-05
7.510400095357039,0.00019423430988258308,1.2316624123971993e-05
7.512400095357039,0.00013489281274361238,7.030417685896605e-06
7.514400095357039,0.00014360230381370328,6.826060852093238e-06
7.516400095357039,0.00016158983660693853,6.7957280793633194e-06
7.5184000953570385,0.00016108697509003547,6.654360502115688e-06
7.520400095357038,0.00016666003320127016,6.616029261866744e-06
7.522400095357038,0.0001641800990365568,6.819606678342036e-06
7.524400095357038,0.00016304125119919447,6.511352310360124e-06
7.526400095357038,0.0001475541746149771,6.670057063836145e-06
7.528400095357037,0.00017466661477900082,7.048256295543895e-06
7.530400095357037,0.0001630192405594884,7.030229537984979e-06
7.532400095357037,0.0001690294233032735,6.948898994726577e-06
7.534400095357037,0.00016911380937421555,7.0991095357088885e-06
7.5364000953570365,0.00019458132404370678,6.7723213330139885e-06
7.538400095357036,0.00015417417624655376,6.965480377894295e-06
7.540400095357036,0.00018247757222495905,7.0151267736887864e-06
7.542400095357036,0.00022351914981194587,7.384559824015638e-06
7.544400095357036,0.0002112719124350189,8.101515840370965e-06
7.546400095357035,0.000194125668006806,7.928091775594492e-06
7.548400095357035,0.00023899619435972572,7.314446365367556e-06
7.550400095357035,0.00020406237374108777,6.803762336417879e-06
7.552400095357035,0.00017771481968502354,6.5058791655475945e-06
7.5544000953570345,0.0001745294846601421,6.8227599470022275e-06
7.556400095357034,0.00017880325378998873,7.1163878295088635e-06
7.558400095357034,0.00019024870998079465,7.3088874642325765e-06
7.560400095357034,0.0001667329891209039,7.472122998514822e-06
7.562400095357034,0.00016519770006136251,7.3987585555004956e-06
7.564400095357033,0.00017087107391320036,7.115637624162559e-06
7.566400095357033,0.0001794486092878668,7.019406052097067e-06
7.568400095357033,0.0001712465437871628,6.791033774735385e-06
7.570400095357033,0.0001717660784060689,6.468772697597994e-06
7.5724000953570325,0.00017366460227630576,6.909389704411347e-06
7.574400095357032,0.0001680204084521393,7.31737778613711e-06
7.576400095357032,0.00017443805787463636,7.953247036146232e-06
7.578400095357032,0.00011942227336276298,8.293150203411068e-06
7.580400095357032,0.0001337927645005128,7.807249036349336e-06
7.582400095357031,0.00015297767347981122,7.246370815350577e-06
7.584400095357031,0.00014768573599977747,6.82597779121956e-06
7.586400095357031,0.00014881879797575714,6.711527433297718e-06
7.588400095357031,0.00014442514629970957,6.69031726798681e-06
7.5904000953570305,0.00013987369319331738,7.2580482751413525e-06
7.59240009535703,0.0001489990625366829,7.540824043919863e-06
7.59440009535703,0.00014058304539417283,7.535308602481409e-06
7.59640009535703,0.00013249326722848808,7.2186117574607605e-06
7.59840009535703,0.0001460609152036605,6.697090370994639e-06
7.600400095357029,0.0001549643290500959,6.546829506965375e-06
7.602400095357029,0.00019920965575796713,6.393483006755322e-06
7.604400095357029,0.00017879563542218938,6.881656756871944e-06
7.606400095357029,0.00015612509457546493,7.462026114286198e-06
7.6084000953570285,0.00015124186353884371,7.658837552270332e-06
7.610400095357028,0.00015250429711229855,8.059182885774233e-06
7.612400095357028,0.00013728742150158132,7.373271644515225e-06
7.614400095357028,0.00013889126925148752,7.626505830155736e-06
7.616400095357028,0.00017152053676869157,7.055835786338826e-06
7.6184000953570274,0.00016135683577192221,7.173803447310801e-06
7.620400095357027,0.00016338824201173204,6.7381684474542635e-06
7.622400095357027,0.0002167843802848682,6.416353394759183e-06
7.624400095357027,0.00017776552587829003,7.298556390304597e-06
7.626400095357027,0.00020514423614150008,7.193256967972237e-06
7.628400095357026,0.00016911607568814905,7.789379369299422e-06
7.630400095357026,0.00015062522621689078,7.191749176869289e-06
7.632400095357026,0.00017406353132125228,6.688359349391725e-06
7.634400095357026,0.00020305432631441262,6.298232234510514e-06
7.6364000953570255,0.0001815439865672932,6.439330548928141e-06
7.638400095357025,0.00015528361881617575,6.905240935477464e-06
7.640400095357025,0.00020216544236910814,7.334539954788718e-06
7.642400095357025,0.0001673312903610051,7.936493866705742e-06
7.644400095357025,0.00018562517439900644,7.8058220973086e-06
7.646400095357024,0.000188357198107583,7.582630160837256e-06
7.648400095357024,0.00018526003462779957,7.3063732877046884e-06
7.650400095357024,0.00015542460076454966,9.564179546402096e-06
7.652400095357024,0.00016413160366971914,9.545615714827616e-06
7.6544000953570235,0.00015615043048497463,9.740031024358567e-06
7.656400095357023,0.00015474675174345648,9.386165363802576e-06
7.658400095357023,0.00015005271071759227,9.59074747632458e-06
7.660400095357023,0.00014415726423255522,9.675213805258552e-06
7.662400095357023,0.00013394198041195295,9.61323572739875e-06
7.664400095357022,0.00013002232163976507,9.46215713833097e-06
7.666400095357022,0.00014003793038934478,8.546494976858441e-06
7.668400095357022,0.0001351220406840959,8.040627048296251e-06
7.670400095357022,0.00014083081185274371,7.97915537094633e-06
7.6724000953570215,0.00012721333415145712,8.74142545941532e-06
7.674400095357021,0.00010869145286410899,1.0011258609299619e-05
7.676400095357021,0.00015175008043308682,1.1160053808304636e-05
7.678400095357021,0.00016447817432878165,1.074666823320094e-05
7.680400095357021,0.0001380427513315353,9.592711477393074e-06
7.68240009535702,0.00013725864537201857,8.894514066813699e-06
7.68440009535702,0.00015089187995452955,8.601728045145617e-06
7.68640009535702,0.0001643546145350775,8.75399631388084e-06
7.68840009535702,0.00013829456324790306,9.367667275849916e-06
7.6904000953570195,0.00014086750877850937,1.0617389087900344e-05
7.692400095357019,0.00010892270848593675,1.0594603327609303e-05
7.694400095357019,0.00014851601572508292,1.0133716855645268e-05
7.696400095357019,0.00014798124173196525,9.928774547843373e-06
7.698400095357019,0.00011952444677553153,9.439269946824775e-06
7.700400095357018,0.00011261682251593226,9.21338912674736e-06
7.702400095357018,0.00011438443191783346,8.771106190855235e-06
7.704400095357018,0.00013219435955733874,8.52660137669366e-06
7.706400095357018,0.0001588018144490117,8.606258148667944e-06
7.7084000953570175,0.00012219616729739093,9.01760216654457e-06
7.710400095357017,0.00014666784845499635,9.379547244997018e-06
7.712400095357017,0.00013878778362970548,1.0174780130949742e-05
7.714400095357017,0.00013121327828790683,1.0438669780023794e-05
7.716400095357017,0.00013598961037255658,9.885519275716438e-06
7.718400095357016,0.00020244559832601088,9.796147549241502e-06
7.720400095357016,0.0001750856890480837,9.208290770100808e-06
7.722400095357016,0.00018780249529971833,8.976090249854438e-06
7.724400095357016,0.00020079292575307133,9.044618930481367e-06
7.7264000953570156,0.00012644781895103024,9.718404624083287e-06
7.728400095357015,0.00013919567417409207,1.0746785277014694e-05
7.730400095357015,0.0001602817961989347,1.1675157012186477e-05
7.732400095357015,0.00016087090311479326,1.114714058132838e-05
7.734400095357015,0.00011862458646265879,1.0148673248280352e-05
7.7364000953570145,0.00015818565317962012,9.285447980105517e-06
7.738400095357014,0.00019401423640375858,8.529673122952943e-06
7.740400095357014,0.00018285918474046352,8.528333508825144e-06
7.742400095357014,0.00014143715780444823,9.12282738516199e-06
7.744400095357014,0.00013273553693600313,1.0049605062259957e-05
7.746400095357013,0.00014400703018173467,1.0666077999142151e-05
7.748400095357013,0.00013657380952714957,1.0014357962493666e-05
7.750400095357013,0.0001806642473139119,9.364568410858421e-06
7.752400095357013,0.0001732446069711072,8.917350638881284e-06
7.7544000953570125,0.00016448548408502935,8.721314732779284e-06
7.756400095357012,0.00018170466249167383,9.044139334998268e-06
7.758400095357012,0.00016720103515406555,9.94233124028275e-06
7.760400095357012,0.00020356769259692565,1.0565480083225943e-05
7.762400095357012,0.00014697522122395694,1.0274126573269576e-05
7.764400095357011,0.00015995304509245178,9.662469832303322e-06
7.766400095357011,0.00014647024859189617,9.634567205762008e-06
7.768400095357011,0.00012304620506701065,9.640777140969711e-06
7.770400095357011,0.00013623878725632746,9.54845221099423e-06
7.7724000953570105,0.00016389308212464042,9.622980646442043e-06
7.77440009535701,0.00015645850188526463,1.0164367116719978e-05
7.77640009535701,0.00016305338914390734,9.927942043485665e-06
7.77840009535701,0.00017101350561195367,9.887993402498574e-06
7.78040009535701,0.0001716804895599721,9.982264031249298e-06
7.782400095357009,0.00015269644459880004,1.0302980179253657e-05
7.784400095357009,0.0001479976189816967,1.020941599804766e-05
7.786400095357009,0.00017602881021840425,9.791418067614495e-06
7.788400095357009,0.00019065312837202744,9.292510795773024e-06
7.7904000953570085,0.00019239345716809026,9.177502253899087e-06
7.792400095357008,0.00015260595856619083,9.322032980999269e-06
7.794400095357008,0.00012251989278044573,9.615643374154581e-06
7.796400095357008,0.00016385169288062434,1.0116183846571216e-05
7.798400095357008,0.00013991971897548395,1.0639421512273576e-05
7.800400095357007,0.00016481995536457217,1.0999947327021845e-05
7.802400095357007,0.0001481572897912974,1.0651100648537803e-05
7.804400095357007,0.00018157955719608462,1.0174221733587247e-05
7.806400095357007,0.0001504071311447566,9.989918042334893e-06
7.8084000953570065,0.00015659048661763672,9.803959019717686e-06
7.810400095357006,0.0001871814706820708,9.275446417265811e-06
7.812400095357006,0.00015695539040036554,9.218168970470152e-06
7.814400095357006,0.00012778423395816356,9.502240118487718e-06
7.816400095357006,0.00013505878454406057,9.692227681581592e-06
7.818400095357005,0.0001625709172580399,1.0076998335463992e-05
7.820400095357005,0.0001381645285213225,1.0040045696342459e-05
7.822400095357005,0.0001648353444922468,1.0304253564365492e-05
7.824400095357005,0.0001384283677012247,1.0290806382736024e-05
7.8264000953570045,0.00014475357854879363,9.978764169465458e-06
7.828400095357004,0.00015627860914414838,9.551430196170178e-06
7.830400095357004,0.00012999632065368986,9.515725236243568e-06
7.832400095357004,0.00013528834967670416,9.465802027696287e-06
7.834400095357004,0.00016079523688663353,9.631303162740678e-06
7.836400095357003,0.00016179491605576075,9.797705570949836e-06
7.838400095357003,0.00017682410867051878,1.0127542843126076e-05
7.840400095357003,0.00016837017869733993,1.005449993050593e-05
7.842400095357003,0.00016220216272538703,9.801697198899887e-06
7.8444000953570026,0.00015523021823083774,9.082691232737805e-06
7.846400095357002,0.00014960464490169307,9.228814869950171e-06
7.848400095357002,0.00015876639028394158,9.335836270032718e-06
7.850400095357002,0.0001716995541219434,9.689121063739066e-06
7.852400095357002,0.0001685364448546378,1.0117021528901584e-05
7.8544000953570015,0.00016158190324870787,1.056299653587246e-05
7.856400095357001,0.00014255635764777387,1.0669391033764185e-05
7.858400095357001,0.00013550276939824866,1.0097011178029607e-05
7.860400095357001,0.0001343619796178861,9.403079209936764e-06
7.862400095357001,0.00011765395438697844,9.225351651822335e-06
7.864400095357,0.00012469001264114058,9.217658953843942e-06
7.866400095357,0.00016778869486970983,9.25513836458787e-06
7.868400095357,0.00015450083648723531,9.383241257671113e-06
7.870400095357,0.0001335507707576332,9.609325525601682e-06
7.8724000953569995,0.0001655435217926241,9.754728925228445e-06
7.874400095356999,0.00013164610605216157,1.0033617389646636e-05
7.876400095356999,0.00012963851318801607,9.979159398220494e-06
7.878400095356999,0.00015205300904251386,9.636620923971914e-06
7.880400095356999,0.00015142397963953242,9.601112592082462e-06
7.882400095356998,8.064996422108567e-05,9.53457994683078e-06
7.884400095356998,0.00012999982339522578,9.8966347925353e-06
7.886400095356998,0.00014568890749369815,9.852722335817645e-06
7.888400095356998,0.00017180972743755383,9.953268664670007e-06
7.8904000953569975,0.00015339641378903578,9.960870456973781e-06
7.892400095356997,0.00016028510393216225,1.0114093227105523e-05
7.894400095356997,0.00015150292455956937,9.872692590389314e-06
7.896400095356997,0.00013790459999490613,9.535772661194508e-06
7.898400095356997,0.00012104790522785648,9.436363507823473e-06
7.900400095356996,0.00014422740739433704,1.0441217922045957e-05
7.902400095356996,0.00012964419433618532,9.847197030638772e-06
7.904400095356996,0.00012829076673272094,9.184403133434748e-06
7.906400095356996,0.00013178209825616427,9.251664897092303e-06
7.9084000953569955,0.0001769163188699292,9.73971606279063e-06
7.910400095356995,0.00017342240454738667,1.026383640980765e-05
7.912400095356995,0.00017009501476393898,1.0706505135093e-05
7.914400095356995,0.00013838326769612496,1.048809142535292e-05
7.916400095356995,0.00015952238443464272,1.0017206269418937e-05
7.918400095356994,0.00015586680273199522,9.423049355957968e-06
7.920400095356994,0.00018132443421870745,9.200887538687364e-06
7.922400095356994,0.00017841087979582332,9.093870180560557e-06
7.924400095356994,0.00018042931969715746,9.122863551063304e-06
7.9264000953569935,0.00016890724851520214,9.438257457279593e-06
7.928400095356993,0.00018281031879378805,9.41554038459628e-06
7.930400095356993,0.00019614143446222782,9.182556550385765e-06
7.932400095356993,0.00015776775645239902,9.317504314411814e-06
7.934400095356993,0.00017979796894181712,9.35677979866427e-06
7.936400095356992,0.0001693819640963571,8.805229857697649e-06
7.938400095356992,0.00017708474835773213,8.50684108956486e-06
7.940400095356992,0.00013286567829710723,8.4646009354707e-06
7.942400095356992,0.0001206793967147909,8.527876795583837e-06
7.9444000953569915,0.00012682135474322004,9.16467335421611e-06
7.946400095356991,0.00013675336462098367,9.907938932595461e-06
7.948400095356991,0.00015216410782245343,9.809764228982466e-06
7.950400095356991,0.00015574596414078798,9.828123138156106e-06
7.952400095356991,0.00013367934543210864,9.881844603551983e-06
7.95440009535699,0.00014809445403091677,9.988817664623707e-06
7.95640009535699,0.00015802834625713966,1.0023895640271819e-05
7.95840009535699,0.00016567029472042697,1.024354026518426e-05
7.96040009535699,0.00018034621190960972,1.0339131042336657e-05
7.96240009535699,0.00013827193721288665,1.0261381757366805e-05
7.964400095356989,0.00012419784652051728,1.0395953410989402e-05
7.966400095356989,0.00015012905788983335,1.0532194126904056e-05
7.968400095356989,0.00014623038704413978,1.0306282354089209e-05
7.970400095356989,0.00015911531557685668,1.0322591822878431e-05
7.9724000953569885,0.0001805989873154893,1.0284344222520649e-05
7.974400095356988,0.00019740932353449854,1.0473324775262135e-05
7.976400095356988,0.0001881323642681956,1.1001129552372802e-05
7.978400095356988,0.0001480924907899421,1.1433488272526368e-05
7.980400095356988,0.00014135331143013327,1.1395268966117037e-05
7.982400095356987,0.00012005727056301347,1.0899074778667364e-05
7.984400095356987,0.00011566666945028828,1.0500994646627458e-05
7.986400095356987,0.0001349081380666286,9.978228940285378e-06
7.988400095356987,0.00013069968619626413,9.394467769037285e-06
7.9904000953569865,0.00014890018608998965,8.967175532113812e-06
7.992400095356986,0.00015518198650136422,9.064044433325273e-06
7.994400095356986,0.00012916312094681448,9.474323754684004e-06
7.996400095356986,0.00014176506415783727,1.0187809593608171e-05
7.998400095356986,0.00014616686743961404,1.0794698226817098e-05
8.000400095356985,0.00019699625607836837,1.120199662713533e-05
8.002400095356986,0.00017438877917992846,1.0818244867261822e-05
8.004400095356985,0.00015943779017413393,1.0205998784392126e-05
8.006400095356984,0.00015159973851064214,9.674307781227468e-06
8.008400095356984,0.0001397117399517457,9.493542273417187e-06
8.010400095356985,0.0001535564061597314,9.271757933003834e-06
8.012400095356984,0.00013647786016904783,9.156362744401387e-06
8.014400095356983,0.00011795727963642182,9.244147779501416e-06
8.016400095356984,0.00012984424987427383,9.659721028089424e-06
8.018400095356984,0.00010784181096646924,1.0152960539097058e-05
8.020400095356983,8.263898506523783e-05,1.054361104276169e-05
8.022400095356982,0.00014074536247607862,1.0577912272253937e-05
8.024400095356983,0.00019090674617103551,1.0341179652336e-05
8.026400095356983,0.00017061566450187656,1.0253884551929118e-05
8.028400095356982,0.00016531201408810322,1.0709625964387612e-05
8.030400095356981,0.0001814875698694526,1.0270486887247759e-05
8.032400095356982,0.00014847625502030086,1.0220859858755169e-05
8.034400095356983,0.0001217007318080034,1.0048252475127684e-05
8.036400095356981,0.00010757251752225279,1.0069905353904286e-05
8.03840009535698,0.00010644274430757976,1.0177583673434762e-05
8.040400095356981,9.677363249143109e-05,9.882684248665765e-06
8.042400095356982,0.00012774860646897742,9.723009204122754e-06
8.04440009535698,0.00012045804380834465,9.725636945094003e-06
8.04640009535698,0.0001211531498703254,9.937506477383668e-06
8.04840009535698,0.00013439980262721632,1.0437562575139177e-05
8.05040009535698,0.00012185207405671268,1.0799495100296985e-05
8.05240009535698,0.00013793569535048138,1.1295742154056674e-05
8.054400095356979,0.00016443055089834744,1.1799937195370185e-05
8.05640009535698,0.00010573674106777005,1.1732196881447515e-05
8.05840009535698,0.0001115336335822824,1.140854781500748e-05
8.060400095356979,0.00012767208872255953,1.1047176226181327e-05
8.062400095356978,0.00015240141368320326,1.0685940466553504e-05
8.064400095356978,0.00013239742031908222,1.0070399661757844e-05
8.066400095356979,0.0001409002127510843,1.0271455359189966e-05
8.068400095356978,0.00014032001615861065,1.1338167592161735e-05
8.070400095356977,0.0001450157144894566,1.1401330829390134e-05
8.072400095356977,0.0001206339711788227,1.2447618020965668e-05
8.074400095356978,0.00016766972644681892,1.1944296981579681e-05
8.076400095356977,0.00015649765057428112,1.163594368686948e-05
8.078400095356976,0.00018415009881908118,1.1352136319930617e-05
8.080400095356977,0.00017317371177219337,1.1083076738176271e-05
8.082400095356977,0.00016322833071316263,1.0650103508335268e-05
8.084400095356976,0.0001562560924443159,1.034768114366835e-05
8.086400095356975,0.0001504579273228803,1.0401811315435772e-05
8.088400095356976,0.00016059013997681167,1.0929663147232151e-05
8.090400095356976,0.00010888000163002232,1.1348299450773636e-05
8.092400095356975,0.0001220642090519109,1.1597416407859046e-05
8.094400095356974,0.00013873487285325498,1.1810155490354457e-05
8.096400095356975,0.0001725832448547387,1.1727816794113287e-05
8.098400095356975,0.00018009869601013845,1.1673276733962316e-05
8.100400095356974,0.0001441452431667489,1.1115637756150586e-05
8.102400095356973,0.00012832677757610656,1.0474986636086948e-05
8.104400095356974,0.00010978321503635065,9.986404949112371e-06
8.106400095356975,0.0001477937276630015,9.888477856790654e-06
8.108400095356973,0.00015756984452286376,9.971511189389958e-06
8.110400095356972,0.00017717062839562288,1.0354700173206397e-05
8.112400095356973,0.0001108746094511591,1.0979891582412048e-05
8.114400095356974,0.0001448995145618115,1.0862236571179401e-05
8.116400095356973,0.00017303393779435718,1.062391877123954e-05
8.118400095356971,0.00020419289300146763,1.0305855905644066e-05
8.120400095356972,0.00017775872462495238,9.883417672312657e-06
8.122400095356973,0.00016873618715702385,9.686919532976841e-06
8.124400095356972,0.00019038256873946127,9.598645565658061e-06
8.12640009535697,0.00015527115522375362,9.783878896669525e-06
8.128400095356971,0.00014209145203690428,1.0140809700491545e-05
8.130400095356972,0.00016128767368334983,1.0368912903379164e-05
8.13240009535697,0.00015686479962217343,1.0568419030762477e-05
8.13440009535697,0.00017940152710845366,1.0435997210602716e-05
8.13640009535697,0.00012902630262116128,9.999428534160816e-06
8.138400095356971,0.00012548287638244787,9.592839224234692e-06
8.14040009535697,0.0001245255973093335,9.339202479792776e-06
8.142400095356969,0.00014871572090637743,9.131824218042873e-06
8.14440009535697,0.0001432477639562303,9.445335857899828e-06
8.14640009535697,0.00016004938967818216,1.0583835630318605e-05
8.148400095356969,0.00012924282497010867,1.0871540514142226e-05
8.150400095356968,0.0001582111273972028,1.0949449845431768e-05
8.152400095356969,0.00015459926420264528,1.046246750185357e-05
8.15440009535697,0.00013827270113224148,1.0598330664280177e-05
8.156400095356968,0.00015548596740284898,9.827057954014855e-06
8.158400095356967,0.00017919056675950372,9.692310684167747e-06
8.160400095356968,0.00017000916807845257,9.350795927451775e-06
8.162400095356968,0.00013912546159561452,9.853442987616072e-06
8.164400095356967,0.00014654356013659375,1.0604311684505478e-05
8.166400095356966,0.0001207169553545586,1.0645441727189925e-05
8.168400095356967,0.00011616294161359252,1.0620136553272599e-05
8.170400095356968,0.0001470496525567935,1.0913645676005779e-05
8.172400095356966,0.0001291691288612222,1.0728573467711489e-05
8.174400095356965,0.00011270439947551519,1.0259085221965733e-05
8.176400095356966,0.00013193278730903974,9.878554495520513e-06
8.178400095356967,0.00010444673895335433,9.50331051631312e-06
8.180400095356966,0.0001017772892490002,9.46964312912482e-06
8.182400095356964,0.00011089398330786575,9.463303343452519e-06
8.184400095356965,0.00014774294756732004,9.762426178359946e-06
8.186400095356966,0.0001512862666367159,9.95910526746938e-06
8.188400095356965,0.00012738554027734634,9.986676355930925e-06
8.190400095356964,0.0001227301257713813,9.865918120453814e-06
8.192400095356964,0.000148898609553794,9.796440655541421e-06
8.194400095356965,0.00015801076949118034,9.411580462051514e-06
8.196400095356964,0.0001593516334629657,8.960220585564294e-06
8.198400095356963,0.00014771162727910615,8.836430088491725e-06
8.200400095356963,0.00011626241051572462,8.928845780050994e-06
8.202400095356964,0.00011640664709021463,9.332206565350856e-06
8.204400095356963,0.00013973654523454518,1.032493574257544e-05
8.206400095356962,0.00011414960408696153,1.1087619466920303e-05
8.208400095356962,0.00014186127561101737,1.1260565416761875e-05
8.210400095356963,0.00014567679754400454,1.153546130312494e-05
8.212400095356962,0.00014265208122082307,1.128472473014345e-05
8.214400095356961,0.00014639207491731995,1.1017575664927078e-05
8.216400095356962,0.00015101426734959072,1.0560897108337045e-05
8.218400095356962,0.00013222423049547287,1.0367339150275542e-05
8.220400095356961,0.0001433260844144436,1.0507961506893491e-05
8.22240009535696,0.00015468684123520353,1.0966091697391143e-05
8.22440009535696,0.0001509366159621976,1.1409901170282335e-05
8.226400095356961,0.00014612572078370864,1.152418125750919e-05
8.22840009535696,0.00013577932060203734,1.1191763089599881e-05
8.23040009535696,0.00010658827813773733,1.0713948985266223e-05
8.23240009535696,0.00011063666327560785,1.0211507027262809e-05
8.23440009535696,0.00011426217506105555,9.755873148014735e-06
8.23640009535696,0.00012397164825668833,9.266042304642534e-06
8.238400095356958,0.0001072539822399765,9.199235668757151e-06
8.240400095356959,0.0001331957644290302,9.530622458778308e-06
8.24240009535696,0.00013915850619123727,1.0241177750470453e-05
8.244400095356959,0.00012774566241277276,1.0556076754101191e-05
8.246400095356957,0.00015617017870853274,1.0869674351869064e-05
8.248400095356958,0.000136159807693994,1.0939113943713043e-05
8.250400095356959,8.880344113820893e-05,1.0935398842180622e-05
8.252400095356958,0.000124659900251394,1.0588934201904383e-05
8.254400095356957,0.00011854699540960038,1.0217261721723453e-05
8.256400095356957,0.00013973518726547525,9.996770056480313e-06
8.258400095356958,0.00014635796669280288,9.941267704389996e-06
8.260400095356957,0.00014462817955953683,1.030826863540439e-05
8.262400095356956,0.00016056721285822694,1.0652880307290298e-05
8.264400095356956,0.00013178105449592492,1.1314643375978043e-05
8.266400095356957,0.00012934729506891506,1.1171174442491109e-05
8.268400095356956,0.00010974302110053764,1.107372357527441e-05
8.270400095356955,0.000142092686872778,1.0534896561243023e-05
8.272400095356955,0.00013664948002641215,1.005805210811722e-05
8.274400095356956,0.0001322078906875546,9.583670989635014e-06
8.276400095356955,0.00014053251972427166,9.283521519600512e-06
8.278400095356954,0.00013353642937567492,9.284109143995182e-06
8.280400095356955,0.00011515981140668074,9.991706809817036e-06
8.282400095356955,0.00013616483548866356,1.0030113027398305e-05
8.284400095356954,0.00014090187680286027,1.06237433461669e-05
8.286400095356953,0.0001645940168476198,1.0850937808861109e-05
8.288400095356954,0.0001590062216855174,1.0865542370458368e-05
8.290400095356954,0.00013014845882102313,1.0684817238572359e-05
8.292400095356953,0.00012927497357921423,1.0029746522593268e-05
8.294400095356952,0.00016460613331710554,9.621262913965296e-06
8.296400095356953,0.00014560798097932408,9.354003970904659e-06
8.298400095356953,0.00017742923322535816,9.461554128501402e-06
8.300400095356952,0.00014662288937512775,1.0095806792665391e-05
8.302400095356951,0.00013440806994728704,1.0668856734819674e-05
8.304400095356952,0.00013630219245103494,1.1398199603062894e-05
8.306400095356953,0.0001593047905747085,1.2116677962374365e-05
8.308400095356951,0.00012359322180568379,1.2460943937188033e-05
8.31040009535695,0.00014265312516167466,1.2496792662414092e-05
8.312400095356951,0.00011163871519951881,1.1916947355822921e-05
8.314400095356952,0.00012794582789000413,1.1339546565056482e-05
8.31640009535695,0.00011841831413497716,1.072276444615503e-05
8.31840009535695,0.00013431588268288293,1.0234508737788437e-05
8.32040009535695,0.00014128245777411317,1.0511671017876514e-05
8.32240009535695,0.00013300789758720677,1.0980538284687628e-05
8.32440009535695,0.00012055354448207547,1.1432795302985127e-05
8.326400095356949,0.00012666985564095375,1.1561604845971732e-05
8.32840009535695,0.00010072665992621584,1.1438341619459901e-05
8.33040009535695,9.165149774107213e-05,1.0972520608995534e-05
8.332400095356949,0.00012141455718007839,1.0387469921284391e-05
8.334400095356948,0.0001130798251765626,9.796933503206393e-06
8.336400095356948,0.00014358881066761943,9.257654411134841e-06
8.338400095356949,0.00015961826298209757,9.198278814771703e-06
8.340400095356948,0.00010240731413958819,9.71584855688201e-06
8.342400095356947,0.00017152604307180217,1.025076819363805e-05
8.344400095356947,0.00015067374117318713,1.1080403170646622e-05
8.346400095356948,0.0001491876111197798,1.1609759180290478e-05
8.348400095356947,0.00015978313313469105,1.1830371275511539e-05
8.350400095356946,0.0001268052294193043,1.1702162282951467e-05
8.352400095356947,0.00014842738178288712,1.1182470067584852e-05
8.354400095356947,0.00016794443273961127,1.087119080022254e-05
8.356400095356946,0.00014721985509128305,1.0704727941734797e-05
8.358400095356945,0.00010739291562981503,1.0367986531482639e-05
8.360400095356946,0.00012082520133325973,9.58191381220553e-06
8.362400095356946,0.00012260560636394657,1.0129067530191778e-05
8.364400095356945,0.00014396729001780247,1.0678678174265716e-05
8.366400095356944,0.00010888585665696559,1.1140461175764574e-05
8.368400095356945,0.0001567107320165361,1.138396526572197e-05
8.370400095356946,0.0001846394321194692,1.1247810236464299e-05
8.372400095356944,0.00010805658920407489,1.097282989499397e-05
8.374400095356943,0.0001132285111946384,1.0535284172164442e-05
8.376400095356944,0.00012816377856738497,1.0037542569069765e-05
8.378400095356945,0.00012586224763852085,1.0070345232988083e-05
8.380400095356944,0.00013604084541533567,1.0255236814002226e-05
8.382400095356942,0.00010834163630138513,1.0887649698156823e-05
8.384400095356943,9.265634889279641e-05,1.1363814515268232e-05
8.386400095356944,0.00012571847910581964,1.218202322926893e-05
8.388400095356943,0.0001318106061012184,1.2492737477537427e-05
8.390400095356942,0.0001571911436770342,1.2109063198030848e-05
8.392400095356942,0.00017286573320838213,1.1425621340620971e-05
8.394400095356943,0.00016693977187147313,1.0884689797439323e-05
8.396400095356942,0.00014918084218918686,1.0292788995384149e-05
8.39840009535694,0.0001343733699439224,1.0170393201858711e-05
8.400400095356941,0.00013816167213173106,1.0175422147536803e-05
8.402400095356942,0.00014992158084674642,1.0868362396048917e-05
8.40440009535694,0.00017032506920921332,1.1200449465929325e-05
8.40640009535694,0.00018649953172034643,1.1998125229285064e-05
8.40840009535694,0.00012203320419635128,1.2707346057748567e-05
8.410400095356941,0.0001346341895772613,1.2609527119122511e-05
8.41240009535694,0.00018430273534191487,1.227740773851618e-05
8.414400095356939,0.00018910394225780957,1.1534841233209022e-05
8.41640009535694,0.00014258217586721482,1.1257172896991734e-05
8.41840009535694,0.00014277566436802992,1.0651507836261943e-05
8.42040009535694,0.000118353757579699,1.03196021145123e-05
8.422400095356938,0.00011750578734293467,1.1090644682150444e-05
8.424400095356939,0.00013859450305797597,1.1162580498476749e-05
8.42640009535694,0.00012636758718125832,1.1648439690689402e-05
8.428400095356938,9.856646878070634e-05,1.1650122576520792e-05
8.430400095356937,0.00019586151953292287,1.1856563850960529e-05
8.432400095356938,0.000173343794692303,1.184377740571183e-05
8.434400095356938,9.329263286118171e-05,1.1416587271014935e-05
8.436400095356937,0.00011057032274311256,1.1140065813477523e-05
8.438400095356936,0.00012835506815800254,1.0625562955876045e-05
8.440400095356937,0.00013231746638919068,1.0322116672381795e-05
8.442400095356938,0.00014949986041711268,1.0289085074352747e-05
8.444400095356936,0.0001350503039638886,1.0574303445585671e-05
8.446400095356935,0.00013050668561989445,1.0846164187285945e-05
8.448400095356936,0.00012159604818429998,1.1056886577580902e-05
8.450400095356937,0.00012362495800108,1.1087621473942008e-05
8.452400095356936,0.00011660327036592378,1.1057532791376052e-05
8.454400095356934,0.00012873748987066202,1.0577217638849954e-05
8.456400095356935,0.00011892876048778293,9.99077271063665e-06
8.458400095356936,0.00013705478519746128,9.47530162615218e-06
8.460400095356935,0.00011322665296878393,9.457580871527044e-06
8.462400095356934,0.00013132602855070406,9.325931822520559e-06
8.464400095356934,0.00013994895795765164,9.887175162014691e-06
8.466400095356935,0.00014819767953760414,1.0355540409322904e-05
8.468400095356934,0.00011510042085433763,1.0844771768590795e-05
8.470400095356933,8.55378426393753e-05,1.1147521864229004e-05
8.472400095356933,7.488702625402466e-05,1.0865944993663958e-05
8.474400095356934,0.0001155480855410207,1.0627852082628834e-05
8.476400095356933,0.00012555231980140283,1.0157667703887472e-05
8.478400095356932,0.00013146766414369527,9.683640797061213e-06
8.480400095356933,0.00012708891574262314,9.55743633832219e-06
8.482400095356933,0.00013173995704582943,9.836902103354179e-06
8.484400095356932,0.00014089582858870274,1.044115856618503e-05
8.486400095356931,8.728854385177253e-05,1.1142174226004042e-05
8.488400095356932,0.000107044731185968,1.2138429939973193e-05
8.490400095356932,0.00016465793143152546,1.3246273222492365e-05
8.492400095356931,0.00015468880633578538,1.4110321895416447e-05
8.49440009535693,0.00015721149281573064,1.351573967692928e-05
8.49640009535693,0.00015388601446200865,1.2747355361522486e-05
8.498400095356931,0.0001130156704887336,1.2291862061156993e-05
8.50040009535693,0.0001076876093532535,1.1213493524325359e-05
8.50240009535693,9.156578717157481e-05,1.042847135561064e-05
8.50440009535693,0.0001664740537842934,1.043454621187102e-05
8.50640009535693,0.00015352929190521025,1.1051057462167872e-05
8.50840009535693,0.00015452923286925799,1.1053427474136467e-05
8.510400095356928,0.00014892179903400077,1.1602478326397063e-05
8.512400095356929,0.00011703817179167577,1.1717824938807902e-05
8.51440009535693,0.00011959094582715039,1.1582070681798061e-05
8.516400095356929,7.77803371216567e-05,1.1392841046559766e-05
8.518400095356927,8.47060182028444e-05,1.0721837214557732e-05
8.520400095356928,8.219798803132142e-05,1.0168719318790472e-05
8.522400095356929,9.629868964698636e-05,9.968836426984369e-06
8.524400095356928,0.00010906464320101437,1.0061756949180576e-05
8.526400095356927,0.0001314406264374322,1.0613150105610606e-05
8.528400095356927,0.00013389616755324897,1.1156308646559304e-05
8.530400095356928,0.00015412678695644771,1.2259227082344504e-05
8.532400095356927,0.00011784809112460085,1.255992784188786e-05
8.534400095356926,0.00014929713954387833,1.2988016561764777e-05
8.536400095356926,0.0001759748531327112,1.3006698863572915e-05
8.538400095356927,0.00013676701030060674,1.2576771262399742e-05
8.540400095356926,0.00011585441543699324,1.1802666564699964e-05
8.542400095356925,0.00010889308714814551,1.123911149422223e-05
8.544400095356925,0.0001047834524330298,1.0836170020448494e-05
8.546400095356926,0.00012174943814622163,1.0680044901682994e-05
8.548400095356925,0.00014439140749876868,1.0932835302570484e-05
8.550400095356924,0.00012703374094776644,1.1377260195573962e-05
8.552400095356925,0.00013385482881461168,1.1763436012664588e-05
8.554400095356925,0.00012174713511741873,1.2572615497926055e-05
8.556400095356924,0.00012218390952572426,1.2876616605713322e-05
8.558400095356923,8.530337546882403e-05,1.2962554320590552e-05
8.560400095356924,0.00016049462456647112,1.2827363546372567e-05
8.562400095356924,0.00016416041918537955,1.2247869721927415e-05
8.564400095356923,0.0001583436730375166,1.161366882850197e-05
8.566400095356922,0.00015184423911168918,1.0857387019766644e-05
8.568400095356923,0.00016986987137490242,1.0799706798295223e-05
8.570400095356923,0.00015422210642666878,1.0883244814608658e-05
8.572400095356922,0.0001357123560524311,1.1435119989456369e-05
8.574400095356921,0.00017169984619278464,1.1974783052779864e-05
8.576400095356922,0.00011446784617615024,1.2540856268075523e-05
8.578400095356923,0.00012820266221877038,1.2917524576633253e-05
8.580400095356921,0.00011228794381908778,1.3147883051815377e-05
8.58240009535692,9.829998664451441e-05,1.268790206450769e-05
8.584400095356921,0.00012078843312565596,1.2071441569171376e-05
8.586400095356922,0.00011960629303267936,1.090705232988473e-05
8.58840009535692,0.00014566380072196468,1.027342026081683e-05
8.59040009535692,0.00012119695200555003,1.0632513891854559e-05
8.59240009535692,0.00013010930922206535,1.0969730297231418e-05
8.59440009535692,0.00021289312908429064,1.1907248158514247e-05
8.59640009535692,0.00017718010085609532,1.3141636414199994e-05
8.598400095356919,0.0001279686781448085,1.3902966253487777e-05
8.60040009535692,0.00010910881552974707,1.4696470132383696e-05
8.60240009535692,0.00013573732046327162,1.4919506226985517e-05
8.604400095356919,0.00013622059845274062,1.3939323554461137e-05
8.606400095356918,0.00014648297580762613,1.243413636799583e-05
8.608400095356918,0.00010964364318712965,1.1169096546459157e-05
8.610400095356919,0.0001293780583803592,1.1357674225216047e-05
8.612400095356918,0.00018291201046264114,1.162671694404868e-05
8.614400095356917,0.00017236315365072488,1.1080008263676035e-05
8.616400095356918,0.00013950766428918305,1.1655098170660482e-05
8.618400095356918,0.0001043194409221643,1.2166597300192634e-05
8.620400095356917,0.00012368717503975725,1.2789057802729944e-05
8.622400095356916,0.00016718053420466746,1.3215964556802278e-05
8.624400095356917,0.00017229332251590896,1.3409900613632522e-05
8.626400095356917,0.0001686948939075876,1.2824119829309181e-05
8.628400095356916,0.0001705301037328696,1.1922074844948075e-05
8.630400095356915,0.0001393397740041873,1.0879398000074812e-05
8.632400095356916,0.00012678433190245182,1.0137941609021318e-05
8.634400095356916,0.0001383204000861458,1.0250756115274494e-05
8.636400095356915,9.936777119866501e-05,1.0822176556556392e-05
8.638400095356914,0.00010770890232899658,1.1728110830028504e-05
8.640400095356915,0.00011866262972496107,1.3080064801566696e-05
8.642400095356916,0.00013177402142181604,1.4338586243534637e-05
8.644400095356914,0.00011692790368835329,1.489425700937165e-05
8.646400095356913,0.00012355133875125048,1.4599834934714896e-05
8.648400095356914,8.708723118838773e-05,1.3687968469104384e-05
8.650400095356915,0.0001442640247240106,1.2895848004583696e-05
8.652400095356914,0.0001841696439853853,1.2330306322568364e-05
8.654400095356912,0.00016169168033339335,1.1495847412033954e-05
8.656400095356913,0.00013741376046654083,1.1070839277058755e-05
8.658400095356914,0.000134163871764077,1.0924908110330905e-05
8.660400095356913,0.00013891693887404909,1.125764222714929e-05
8.662400095356912,0.0001531242863539799,1.1946909869804344e-05
8.664400095356912,0.00015362541251046105,1.2158645739556425e-05
8.666400095356913,0.00014437576308499938,1.2570868826548514e-05
8.668400095356912,0.00016224490582153963,1.261019291084753e-05
8.67040009535691,0.00012670996701265533,1.2435168253463332e-05
8.672400095356911,0.00010694925166656773,6.951298274454438e-06
8.674400095356912,0.0001091436397794678,6.416198391648597e-06
8.676400095356911,0.00013274041108016137,6.093012066145646e-06
8.67840009535691,0.00013302980783449665,6.381237468248752e-06
8.68040009535691,0.00012195730616280375,5.954094073373806e-06
8.682400095356911,0.00012013160701652878,6.271108365270023e-06
8.68440009535691,0.00011076200966160017,6.8037724829046285e-06
8.686400095356909,0.00010488102061158704,6.946785598173472e-06
8.68840009535691,0.0001249624005894283,7.286840486190467e-06
8.69040009535691,0.00010820981052066744,7.260212749523751e-06
8.69240009535691,0.00012574229042955248,6.805661611328582e-06
8.694400095356908,0.00011458337209427149,6.751704268367972e-06
8.696400095356909,0.0001165011753474241,6.746908802726151e-06
8.69840009535691,0.00013759153570860972,6.041811767950544e-06
8.700400095356908,0.00012465864815550904,5.9559252836622895e-06
8.702400095356907,0.00010126300036305875,5.989498056125842e-06
8.704400095356908,0.00012004773988687494,5.8531382173959065e-06
8.706400095356909,0.0001060029016888431,6.6094784766026405e-06
8.708400095356907,9.937161853598146e-05,7.036841007026872e-06
8.710400095356906,0.0001166481422369228,6.965118435024383e-06
8.712400095356907,9.709331041812518e-05,7.65638115572389e-06
8.714400095356908,0.00012014632147814604,7.1147032689559294e-06
8.716400095356907,9.308538888476033e-05,6.692656149676079e-06
8.718400095356905,0.00014105017873189304,6.64509647359285e-06
8.720400095356906,0.00013338873062780532,5.947839401143335e-06
8.722400095356907,0.00010563009658770291,5.885731195074359e-06
8.724400095356906,0.00011034406369291581,6.085925102219607e-06
8.726400095356905,0.00011087683731123615,5.9427317848078585e-06
8.728400095356905,0.00011933887124969381,6.471667107661747e-06
8.730400095356906,0.00012473823092130467,6.828289359859823e-06
8.732400095356905,0.00011926161331456226,6.84544359484998e-06
8.734400095356904,0.00012399660175466947,7.245501294854844e-06
8.736400095356904,0.00011403430819290018,7.269276475354697e-06
8.738400095356905,0.0001166871488399601,6.470365382589947e-06
8.740400095356904,9.59616958132228e-05,6.623442425277729e-06
8.742400095356903,0.00012604154091367582,6.2245921978611064e-06
8.744400095356903,0.00012691006721599792,5.700408519487549e-06
8.746400095356904,0.00012582352478210772,6.259792424100624e-06
8.748400095356903,0.00010282656493973584,6.073478097171154e-06
8.750400095356902,0.00010410253729820266,6.194047754250735e-06
8.752400095356903,0.00011112889026052286,7.1943255352597205e-06
8.754400095356903,0.00012063659062786914,6.972483834881629e-06
8.756400095356902,7.721031197602515e-05,7.054534898918467e-06
8.758400095356901,0.0001247586765637311,7.428101613159684e-06
8.760400095356902,0.00012197930770488216,6.552588128500654e-06
8.762400095356902,0.0001187238102502199,6.364770601106093e-06
8.764400095356901,0.00010620374388163008,6.394677722359782e-06
8.7664000953569,0.00010810974384046304,5.7444751492866785e-06
8.7684000953569,0.00010897664819364701,5.725789535766613e-06
8.770400095356901,0.0001210636883294361,7.901936138258286e-06
8.7724000953569,0.00013708945470067174,7.354968952879894e-06
8.7744000953569,9.403980010382262e-05,7.97031372958181e-06
8.7764000953569,0.00010256990536697543,9.161194802454994e-06
8.7784000953569,0.00011153780573033378,8.081695896936553e-06
8.7804000953569,8.713947743512284e-05,8.863482178653021e-06
8.782400095356898,9.076802908835005e-05,9.241503019041873e-06
8.784400095356899,8.651623925162788e-05,7.643059830009764e-06
8.7864000953569,7.51913552729516e-05,7.898111065919636e-06
8.788400095356899,0.000120206081401882,7.720139252710758e-06
8.790400095356897,0.0001013559150478096,6.7549311160971175e-06
8.792400095356898,0.00012352857373028642,7.85475333339138e-06
8.794400095356899,0.00015662579887917202,8.379296239258044e-06
8.796400095356898,0.0001644065811842686,7.714928755723684e-06
8.798400095356897,0.00013004307489865237,8.23261453737764e-06
8.800400095356897,0.0001437131966125668,8.014030721209927e-06
8.802400095356898,0.00016624753123107086,7.5765497262763474e-06
8.804400095356897,0.00014780901060677302,8.583859070106515e-06
8.806400095356896,0.00011327588012413857,7.798781275848951e-06
8.808400095356896,0.0001124862054062019,7.425424129803566e-06
8.810400095356897,0.00010943226427940276,7.6075641909709265e-06
8.812400095356896,0.00011389716778247266,7.126706249378583e-06
8.814400095356895,0.0001549386475185385,7.60182449770873e-06
8.816400095356896,0.0001644786821882942,7.773432062464656e-06
8.818400095356896,0.00011628285206480402,7.959422356126967e-06
8.820400095356895,0.0001234755850153946,8.29206022649779e-06
8.822400095356894,0.00011557466809090493,8.4910979488416e-06
8.824400095356895,0.00013269208707737874,8.520570277452956e-06
8.826400095356895,0.0001232705307559233,8.462072095828444e-06
8.828400095356894,0.0001235988046138552,8.206997673616564e-06
8.830400095356893,0.00011366282974277936,7.83418598075197e-06
8.832400095356894,0.00010576583476066295,7.551095857807601e-06
8.834400095356894,0.00012976692668019226,7.455877685059498e-06
8.836400095356893,0.00014112156770785254,7.961479261507137e-06
8.838400095356892,0.00011143819693405268,7.710458347865293e-06
8.840400095356893,0.00010072890649388457,7.88265853925938e-06
8.842400095356894,0.00010620024277200255,8.613805712881601e-06
8.844400095356892,0.00013028236002555834,8.094864600646473e-06
8.846400095356891,0.00012619600038247253,8.010528957239187e-06
8.848400095356892,0.0001040267870983255,9.167342546653468e-06
8.850400095356893,0.00013165014681724825,7.839701445198801e-06
8.852400095356892,0.00012181796611825368,8.0094293048029e-06
8.85440009535689,0.0001221417319565518,8.143442940016759e-06
8.856400095356891,0.00011457734231517096,7.156362961838421e-06
8.858400095356892,0.00014821302385103173,7.426534384704284e-06
8.86040009535689,0.00014869550549507433,8.406917020544187e-06
8.86240009535689,0.0001574014296934669,7.891738906683648e-06
8.86440009535689,0.00011520301587290104,8.296919635177644e-06
8.86640009535689,0.00010851379778963402,8.976075806217132e-06
8.86840009535689,0.00015367720868948186,8.708774300622673e-06
8.870400095356889,0.00013274334107758108,9.606945459556815e-06
8.87240009535689,0.00011925230800879931,8.907654669578834e-06
8.87440009535689,0.00013150189671178646,7.74646207276042e-06
8.876400095356889,0.00013930711997146568,7.957790298903461e-06
8.878400095356888,0.00014411747101630243,7.780752325733136e-06
8.880400095356888,0.00013795729682560782,7.2205469261536974e-06
8.88240009535689,0.0001229337738192703,7.985226494967654e-06
8.884400095356888,0.00011284513135213786,7.762303206181751e-06
8.886400095356887,0.00013749235525519933,8.116917922469114e-06
8.888400095356888,0.00010724734317039752,8.907732179877106e-06
8.890400095356888,0.00010094862820232325,8.651021276940996e-06
8.892400095356887,0.00010604674336013296,8.690046093836606e-06
8.894400095356886,0.00011892060267670156,9.048868626336908e-06
8.896400095356887,0.00013509641793709235,8.65485334654106e-06
8.898400095356887,0.00011555893383339426,8.184623034789514e-06
8.900400095356886,0.00011725582975647643,7.84889633078158e-06
8.902400095356885,0.00011066798349334842,7.589868177556036e-06
8.904400095356886,0.00011461312463223973,7.94895029838997e-06
8.906400095356886,9.219185386733137e-05,8.147361627665626e-06
8.908400095356885,0.00012876298368733296,8.279477593326178e-06
8.910400095356884,0.0001204787102052476,8.955429362631622e-06
8.912400095356885,0.0001214428528146825,9.109939208641026e-06
8.914400095356886,0.00010948871325452445,9.32578188843242e-06
8.916400095356884,8.151472714369711e-05,9.732662663150341e-06
8.918400095356883,0.00012957435066345257,9.050434656699633e-06
8.920400095356884,9.569573752182626e-05,8.707485446790936e-06
8.922400095356885,0.0001296002559359286,8.87964914222199e-06
8.924400095356884,0.00012822790476309552,7.957059164331956e-06
8.926400095356883,0.0001223222394601184,7.626600296916885e-06
8.928400095356883,0.00010148302025120325,8.259087187760211e-06
8.930400095356884,0.00012498669347144436,8.04570475565582e-06
8.932400095356883,0.00011364306730781558,8.139134036195154e-06
8.934400095356882,0.00010291777432327803,9.320376511291451e-06
8.936400095356882,0.00010964002020930511,8.955246468346788e-06
8.938400095356883,0.0001143166059383628,9.143066695817657e-06
8.940400095356882,0.00010754794966839704,9.799329892852953e-06
8.94240009535688,0.00011591111387512708,8.682638662530209e-06
8.944400095356881,9.797395821934704e-05,8.593848922826054e-06
8.946400095356882,7.453502470802881e-05,8.896280842107437e-06
8.948400095356881,9.872099005670581e-05,7.661661728372877e-06
8.95040009535688,0.00012173573219625827,7.628772549332142e-06
8.95240009535688,0.00011032519482652496,8.637337969398309e-06
8.954400095356881,0.00010566909950963727,7.794883647340187e-06
8.95640009535688,8.905316262614022e-05,8.616292014920115e-06
8.958400095356879,0.00013282095087118365,9.898598033885638e-06
8.96040009535688,0.00010095390108982265,8.780353952108104e-06
8.96240009535688,0.0001365751945646097,9.261727680442397e-06
8.96440009535688,0.00012361536130840525,1.0250297971462708e-05
8.966400095356878,9.715392204423779e-05,8.52969319494375e-06
8.968400095356879,0.00011608365100822394,8.406323284636453e-06
8.97040009535688,0.00010802333183915126,8.861111886313984e-06
8.972400095356878,8.227316294186093e-05,7.33971865466001e-06
8.974400095356877,0.00010462410800327738,7.282825361649883e-06
8.976400095356878,0.00010887214061769815,8.210417089831436e-06
8.978400095356879,0.00012040251739185994,7.605761522435381e-06
8.980400095356877,0.00014464272998897693,8.022909458731435e-06
8.982400095356876,0.00010948690240318819,9.692785678365652e-06
8.984400095356877,0.00012406425727882033,9.590048109154132e-06
8.986400095356878,0.00016344606929424884,9.159722155568189e-06
8.988400095356877,0.00013319997123402227,9.77093099842408e-06
8.990400095356875,0.00010577244436287063,9.193430729451404e-06
8.992400095356876,0.0001427991784465803,8.29948153924583e-06
8.994400095356877,0.00013857382956746072,8.407710978646893e-06
8.996400095356876,0.00012636538210904902,8.16441879675786e-06
8.998400095356875,0.00012232909246117613,7.432784369705556e-06
9.000400095356875,0.0001511870407478273,7.90260061568656e-06
9.002400095356876,0.0001276783610930195,8.763227006852322e-06
9.004400095356875,0.00014099575583055725,8.462379373028578e-06
9.006400095356874,0.0001642831002487917,8.820365283051508e-06
9.008400095356874,0.00016414608498289756,9.92061261315323e-06
9.010400095356875,0.00013271122792977126,9.547809482228605e-06
9.012400095356874,0.00013779417474279296,8.72948706960421e-06
9.014400095356873,0.00011689485667369715,9.188712707481611e-06
9.016400095356873,0.00010230268712889335,9.171301936224472e-06
9.018400095356874,8.99455768061838e-05,7.907328431617474e-06
9.020400095356873,8.789316084929387e-05,7.647031203621877e-06
9.022400095356872,0.00011361382360005294,8.593750189806438e-06
9.024400095356873,0.00010625307985512486,7.794793907133245e-06
9.026400095356873,9.348752088805268e-05,7.431789459463075e-06
9.028400095356872,8.042866816937829e-05,8.934888285823435e-06
9.030400095356871,0.00011377342011899228,8.775625523574124e-06
9.032400095356872,0.00011362233111375908,8.090774247079329e-06
9.034400095356872,0.00011566736066335292,9.43208909976825e-06
9.036400095356871,0.00014252502421430383,9.582880534544815e-06
9.03840009535687,0.00019981504961325274,7.997585423535352e-06
9.04040009535687,0.0001418873232035363,8.27194994157778e-06
9.042400095356872,0.00013045203032910092,9.063651693092095e-06
9.04440009535687,9.926129302941608e-05,7.565006036520652e-06
9.04640009535687,0.00013914985913667126,7.5172060074628545e-06
9.04840009535687,0.00013181769738677344,8.502965826324524e-06
9.05040009535687,0.00011956875928938346,8.305080529207986e-06
9.05240009535687,0.00013254423571584808,8.245274960616418e-06
9.054400095356868,0.0001239427088252603,9.211983388644225e-06
9.056400095356869,0.0001402887242855693,9.312846832538705e-06
9.05840009535687,0.00013790102547457732,8.583051033049403e-06
9.060400095356869,0.00012244557733688416,9.034536858292429e-06
9.062400095356868,0.00013288268722491333,9.139361372510898e-06
9.064400095356868,0.00012991586394562964,7.783074978706501e-06
9.066400095356869,0.00013408553206617935,7.859068196094663e-06
9.068400095356868,0.00012577010404169622,8.388943246168018e-06
9.070400095356867,0.00013028332496807578,7.678327639091034e-06
9.072400095356867,0.00011702410520959062,7.693508980671995e-06
9.074400095356868,0.00017141285841997984,8.341421314465817e-06
9.076400095356867,0.00018695022824400287,8.71209716557867e-06
9.078400095356866,0.00013517916140619784,8.468855002344607e-06
9.080400095356866,0.00016602660806432727,9.391931119123424e-06
9.082400095356867,0.000168600725189823,9.783820518577634e-06
9.084400095356866,0.00012204745891126539,9.148387673890566e-06
9.086400095356865,0.0001083122229331173,8.5094638761629e-06
9.088400095356866,8.768150781937168e-05,8.754432856732506e-06
9.090400095356866,0.00011470564369429269,8.67770867385e-06
9.092400095356865,0.00015594960399419077,7.820855044089693e-06
9.094400095356864,0.0001318695217956987,8.00499883199767e-06
9.096400095356865,0.0001302673775897782,8.686548391715737e-06
9.098400095356865,0.00012065661298476519,8.098197954854373e-06
9.100400095356864,0.00010765103956725521,8.454745507778483e-06
9.102400095356863,7.055811082290828e-05,9.012261425749185e-06
9.104400095356864,8.350650807283411e-05,9.265775885496388e-06
9.106400095356864,8.618147833476596e-05,8.931248647837444e-06
9.108400095356863,0.00010100256092846265,8.994354119904086e-06
9.110400095356862,0.00010411925907177728,8.994304653746951e-06
9.112400095356863,0.00015079301299893199,8.614992967060072e-06
9.114400095356864,0.00016523810280491704,8.273114878089738e-06
9.116400095356862,0.0001398559146362221,8.278249515076434e-06
9.118400095356861,0.00012915052381879153,8.26731395687369e-06
9.120400095356862,0.00015015441308323854,8.405779934593373e-06
9.122400095356863,0.00012333014049368057,8.37346718315216e-06
9.124400095356862,0.000143940506285542,8.850789288177622e-06
9.12640009535686,0.00016072912808766447,9.450877801182137e-06
9.128400095356861,0.00015990774033919214,9.058708222992686e-06
9.130400095356862,0.00010857813420120267,9.079160297468039e-06
9.13240009535686,0.00010387160034986747,9.236992698542777e-06
9.13440009535686,0.00012368979621097672,8.766089803976791e-06
9.13640009535686,0.00012138902113792754,8.356335882852054e-06
9.138400095356861,0.00013783506697334072,8.475852337634372e-06
9.14040009535686,0.000139521192722707,8.343782266797532e-06
9.142400095356859,0.00012275858571281011,7.90097939286075e-06
9.14440009535686,0.00013275434906603607,8.38553811789073e-06
9.14640009535686,0.00013948747245168854,9.078704488308237e-06
9.148400095356859,0.00013363513292756702,8.77034528594755e-06
9.150400095356858,0.00012424745263473535,8.771408248164852e-06
9.152400095356859,0.000143579944920561,9.648776100627208e-06
9.15440009535686,0.00013654470917430186,9.392997797385676e-06
9.156400095356858,0.00010316420891155054,8.434839858202014e-06
9.158400095356857,8.740585233594718e-05,9.061654808072448e-06
9.160400095356858,9.497210644099209e-05,8.890811697048708e-06
9.162400095356858,0.00013309906676391592,8.03778251845047e-06
9.164400095356857,0.0001375736899922162,7.876658513839668e-06
9.166400095356856,0.00012944860253224813,8.531689630445806e-06
9.168400095356857,0.00011833906791297318,8.365734008029569e-06
9.170400095356857,0.00013314470309827578,8.032095026361683e-06
9.172400095356856,0.00012081119077651674,9.140295502322243e-06
9.174400095356855,0.00015048089748589865,9.296870790327304e-06
9.176400095356856,0.00019808765969976997,8.694670987628446e-06
9.178400095356857,0.0001283786145695495,9.29958597979551e-06
9.180400095356855,9.806472479696724e-05,9.746547774964037e-06
9.182400095356854,0.00012803848110466595,8.97030003685335e-06
9.184400095356855,0.00015648008163395686,8.546081475164681e-06
9.186400095356856,0.0001399681530574503,8.910703017585931e-06
9.188400095356855,0.00015299129132715833,8.314591898048673e-06
9.190400095356853,0.0001714601914926928,7.964738276251668e-06
9.192400095356854,0.00016044670900094846,8.712003279267051e-06
9.194400095356855,0.00010050243251229793,9.50730793069762e-06
9.196400095356854,0.00011085195641676718,8.802671520782606e-06
9.198400095356853,0.00010262542532552354,9.671837764603852e-06
9.200400095356853,0.0001179696285020302,1.0228387734141219e-05
9.202400095356854,0.0001684207012374272,9.800951235477027e-06
9.204400095356853,0.0001765888014728205,9.465549917832173e-06
9.206400095356852,0.0001499868529118192,9.773799034324724e-06
9.208400095356852,0.00016394711990158045,9.576500568664728e-06
9.210400095356853,0.00015160282619178692,9.112310684579095e-06
9.212400095356852,0.0001210779036048245,8.833346955884502e-06
9.21440009535685,0.000146200873191953,8.739557879265566e-06
9.216400095356851,0.000136260983750193,8.870586637453787e-06
9.218400095356852,0.00012642930812832733,9.141858358005695e-06
9.220400095356851,0.00012988377540843957,9.67466247988085e-06
9.22240009535685,0.00012184786895073622,9.90085336411749e-06
9.22440009535685,0.00011274865788386175,1.0580511084609806e-05
9.226400095356851,0.0001407362647785423,1.061750878383258e-05
9.22840009535685,0.00010794011062731174,9.997879765296218e-06
9.230400095356849,0.00010654942396345103,1.0331089277848142e-05
9.23240009535685,0.00012775204544691017,1.0190114051578754e-05
9.23440009535685,0.00013019857635383991,9.210144864952817e-06
9.23640009535685,0.00011601536644068439,8.684224744120653e-06
9.238400095356848,0.00011067682751578304,9.101326639797158e-06
9.240400095356849,0.00011737806637661087,9.106952871030622e-06
9.24240009535685,7.543851812224174e-05,8.337081733997835e-06
9.244400095356848,5.855293166042189e-05,9.301995221835193e-06
9.246400095356847,7.43632676842513e-05,1.0720733231307545e-05
9.248400095356848,7.49720145195014e-05,9.96460922119623e-06
9.250400095356849,0.00010613800012961085,9.418452533082704e-06
9.252400095356847,0.00013685048549101113,1.0760221909716833e-05
9.254400095356846,0.0001221112928393428,1.1151269933860646e-05
9.256400095356847,0.00012856213747253968,8.97235756983946e-06
9.258400095356848,0.00011316518096105303,9.005997636701998e-06
9.260400095356847,0.00011001248731326446,9.999748599047938e-06
9.262400095356845,7.196276263352828e-05,8.64690570618424e-06
9.264400095356846,0.00012193444571192963,7.581901422080808e-06
9.266400095356847,0.00011510953897001506,8.830145204584149e-06
9.268400095356846,0.00013271495591747875,9.99932022529571e-06
9.270400095356845,0.0001331455372271217,9.021039675369683e-06
9.272400095356845,0.00017663927405853002,8.891887380530556e-06
9.274400095356846,0.00017748184037823649,1.085597691586796e-05
9.276400095356845,0.00019257670153817547,1.1357557801907205e-05
9.278400095356844,0.00011251953519145966,9.653908367302076e-06
9.280400095356844,0.0001457265608259881,9.61995073551505e-06
9.282400095356845,0.00012780257191579643,1.108709765524065e-05
9.284400095356844,9.874852954472817e-05,1.0048515768284987e-05
9.286400095356843,9.711566262831564e-05,8.669949340870451e-06
9.288400095356844,0.00017586843986295195,8.989674998292625e-06
9.290400095356844,0.00014785092783715586,9.419125168190898e-06
9.292400095356843,0.00011074032945128242,8.92636891451746e-06
9.294400095356842,0.0001481693096612191,9.149139569657741e-06
9.296400095356843,0.0001383237417373378,1.0195093442539728e-05
9.298400095356843,0.00013468353823491578,1.077086534548619e-05
9.300400095356842,0.0001100024968872994,1.057974730337575e-05
9.302400095356841,0.00010334527593211686,1.0322626102735699e-05
9.304400095356842,0.00013165378461084184,1.055782805910835e-05
9.306400095356842,0.00012947801449657138,1.1088327503802965e-05
9.308400095356841,0.00011335845670363637,9.908099269893803e-06
9.31040009535684,0.0001943395984372126,9.137699922843676e-06
9.31240009535684,0.00014848122757084393,8.928694665944965e-06
9.314400095356842,0.00012480444523424772,9.326528721335234e-06
9.31640009535684,0.00012628019651119264,9.203122829304807e-06
9.31840009535684,0.0001453935889110828,8.913313076026566e-06
9.32040009535684,0.00013929980439334467,9.492165305171212e-06
9.32240009535684,0.00016630344022108533,1.114611169975694e-05
9.32440009535684,0.00014119719790034465,1.1388962342983156e-05
9.326400095356838,0.00015631099188921434,1.0340565346340525e-05
9.32840009535684,0.00016708139916067115,1.0542246317511062e-05
9.33040009535684,0.00016076818056547234,1.1743343189195059e-05
9.332400095356839,0.00018305793536613676,1.0421357461922291e-05
9.334400095356838,0.00013532108509154664,8.825337047382663e-06
9.336400095356838,0.00011782081997307538,9.319803208265581e-06
9.338400095356839,0.00014488176544039713,9.637439757010083e-06
9.340400095356838,0.00015357713943497305,8.90942438852783e-06
9.342400095356837,0.0001333741535081061,8.28115062317354e-06
9.344400095356837,0.00011539825894969678,9.355835984880983e-06
9.346400095356838,0.0001247670319896534,1.0633234286087883e-05
9.348400095356837,0.0001406971608070958,1.0050137399090915e-05
9.350400095356836,0.00014989522803647568,9.52942489522677e-06
9.352400095356836,0.0001501956305561254,1.0652158367336774e-05
9.354400095356837,0.0001775766785922847,1.103140503440903e-05
9.356400095356836,0.0001652771753609405,1.0101909624635262e-05
9.358400095356835,0.00013254467912805185,9.380332834518423e-06
9.360400095356836,0.00013248961768716502,9.616028597934766e-06
9.362400095356836,0.00011574602107178804,9.800625147625268e-06
9.364400095356835,0.00011553665139120272,8.633913333356087e-06
9.366400095356834,0.0001456925845840516,8.279523256368972e-06
9.368400095356835,0.00014395258064685054,8.855429387085808e-06
9.370400095356835,0.0001322126583286379,9.419478015815914e-06
9.372400095356834,0.00011724706568377924,9.368552127123141e-06
9.374400095356833,0.00013426023083028577,9.637307098649288e-06
9.376400095356834,0.00013639498177808678,1.009142264620412e-05
9.378400095356834,0.00012401058442299733,1.0341355997967443e-05
9.380400095356833,0.00013746627977711406,1.0152956676223846e-05
9.382400095356832,0.00013566480431965937,9.66685153035284e-06
9.384400095356833,0.00012349537680181698,9.185150451759035e-06
9.386400095356834,0.00011455702479953427,9.09130789863561e-06
9.388400095356833,0.0001349192663366116,8.901158077128203e-06
9.390400095356831,0.0001374717186096054,8.548738941775408e-06
9.392400095356832,0.00011404236032317285,8.302841304698412e-06
9.394400095356833,0.00016582374799592385,8.610261793186422e-06
9.396400095356832,0.00017158641056827392,9.34468059110109e-06
9.39840009535683,0.00013900404584942116,9.616482882892635e-06
9.400400095356831,0.00013897156412292697,9.692263360704236e-06
9.402400095356832,0.00013361762703434385,9.82352959900297e-06
9.40440009535683,0.0001584059952807289,1.0740304722560999e-05
9.40640009535683,0.00017149969552726646,1.0689154247773927e-05
9.40840009535683,0.00014017505479326412,1.0057471360868508e-05
9.410400095356831,0.00016771481181194266,9.174258312644521e-06
9.41240009535683,0.00014875303684688023,9.093015084847384e-06
9.414400095356829,0.00013724293877098194,8.796361331073254e-06
9.41640009535683,0.00013182932483281248,8.712172081277071e-06
9.41840009535683,0.00014119764132952106,8.45245914510555e-06
9.420400095356829,0.00014392807922189766,9.028740306818047e-06
9.422400095356828,9.750516210874952e-05,9.331162206738132e-06
9.424400095356829,9.513526082278988e-05,9.784869571820334e-06
9.42640009535683,0.00011738563467878308,9.877802092513355e-06
9.428400095356828,0.00012126112793489979,1.0289161633903762e-05
9.430400095356827,0.00010699063416690771,1.0169184022100225e-05
9.432400095356828,7.76993761841057e-05,1.0517593234310143e-05
9.434400095356828,5.099512216360822e-05,9.47058841412684e-06
9.436400095356827,6.964656106502229e-05,9.264540974451309e-06
9.438400095356826,7.444521306267019e-05,9.256146872420527e-06
9.440400095356827,9.482949110483832e-05,8.887953599145084e-06
9.442400095356827,8.405772667313109e-05,9.16438312717534e-06
9.444400095356826,0.00011206105122883684,8.668682426165982e-06
9.446400095356825,8.70859548459958e-05,9.464662224522119e-06
9.448400095356826,8.89502653937073e-05,9.970241788261135e-06
9.450400095356827,8.36619432504531e-05,1.0215101801634034e-05
9.452400095356825,0.00010780798537077496,9.754904149828734e-06
9.454400095356824,0.0001509564046088323,1.0997411545154346e-05
9.456400095356825,0.00011612952577217325,1.0825037396162263e-05
9.458400095356826,9.199358178868695e-05,1.0275771019743032e-05
9.460400095356825,7.81330869022328e-05,9.458499445489398e-06
9.462400095356823,9.808386290866031e-05,9.331182477253352e-06
9.464400095356824,0.00010894364482932846,9.43653495773421e-06
9.466400095356825,9.286619412558822e-05,9.255785496350542e-06
9.468400095356824,0.00012458307950854588,8.773219794450183e-06
9.470400095356823,0.00010378015590814284,9.249689208153773e-06
9.472400095356823,0.000106654810576937,9.786488780029283e-06
9.474400095356824,8.76281702316279e-05,9.845234337718197e-06
9.476400095356823,0.00010579199596231966,1.0078424192228182e-05
9.478400095356822,8.243648645988576e-05,1.0994517036841501e-05
9.480400095356822,7.185775041557588e-05,1.2271759045424906e-05
9.482400095356823,6.413509394790831e-05,1.0921632183974497e-05
9.484400095356822,0.00010967848507633087,9.632973071052248e-06
9.48640009535682,0.0001387521756084237,9.966186013323357e-06
9.488400095356821,0.00010731233562161732,1.0341998328481638e-05
9.490400095356822,0.0001131507926892475,1.0115899540384477e-05
9.492400095356821,0.00012357575343195537,8.813071131694442e-06
9.49440009535682,0.0001563525176326837,9.001517344648828e-06
9.49640009535682,0.0001423341495906609,9.881728827573938e-06
9.498400095356821,0.00013777661601758448,1.0550655946734735e-05
9.50040009535682,0.00014274091538260322,1.0264421451744523e-05
9.502400095356819,0.0001382840537515634,1.0273393113549357e-05
9.50440009535682,0.00014537420540256083,1.0989423718870824e-05
9.50640009535682,0.00013302745992198616,1.1347293117373177e-05
9.50840009535682,0.00011299150112329555,1.1179402249295151e-05
9.510400095356818,0.00010796314994550416,1.103827458147925e-05
9.512400095356819,0.00013664558329954228,1.0131682287439346e-05
9.51440009535682,9.996912580669554e-05,9.696863722181876e-06
9.516400095356818,0.00010633784117376203,9.407981624302275e-06
9.518400095356817,0.00011459715637158856,9.440673573321264e-06
9.520400095356818,0.00012868588376355856,9.490264037329971e-06
9.522400095356819,0.00014001774672965577,9.26076251769802e-06
9.524400095356818,0.00013387931990130168,9.344554451947922e-06
9.526400095356816,0.00015552596828053155,1.06007302940263e-05
9.528400095356817,0.00010356391432793166,1.1456421316672896e-05
9.530400095356818,0.00010663906115647143,1.1144131855884491e-05
9.532400095356817,9.242092648977654e-05,1.0554918199466002e-05
9.534400095356816,0.00012518035825289433,1.1654331432696057e-05
9.536400095356816,0.00012276365426547016,1.1611800800613481e-05
9.538400095356817,0.00012485689681019478,1.0379869864227522e-05
9.540400095356816,0.00010821822053841868,8.803893527904795e-06
9.542400095356815,0.0001361525439102499,8.906994163865352e-06
9.544400095356815,0.00012649251734876075,1.0169715898355954e-05
9.546400095356816,9.255394854264683e-05,1.0574612496214999e-05
9.548400095356815,0.00012399802502765473,9.300061146468555e-06
9.550400095356814,0.0001432418792369501,9.164798713816073e-06
9.552400095356814,0.00014986139025684596,1.0977176831787249e-05
9.554400095356815,0.00011287127991254972,1.270628177483214e-05
9.556400095356814,0.0001327611490925497,1.201894102701472e-05
9.558400095356813,9.448013732682285e-05,1.0429999395094145e-05
9.560400095356814,7.67421724777928e-05,1.0925244424997747e-05
9.562400095356814,0.0001224422467254673,1.2662172011488812e-05
9.564400095356813,0.0001321934914651119,1.229830940474777e-05
9.566400095356812,0.0001778052400436072,1.0151764750299538e-05
9.568400095356813,0.00013222093983921142,9.74250478080283e-06
9.570400095356813,0.00012076669154005672,1.0021491968208797e-05
9.572400095356812,0.00012172450333436264,1.0156495379391136e-05
9.574400095356811,8.483044816490844e-05,9.805690394456004e-06
9.576400095356812,0.00010256591289792187,9.145410862616922e-06
9.578400095356812,0.00010715277877933264,9.924990665840113e-06
9.580400095356811,0.0001517367513113789,1.1462362232975916e-05
9.58240009535681,0.00012407832629499231,1.1822925983148152e-05
9.584400095356811,0.00014323411174912965,1.153140962362081e-05
9.586400095356812,9.725836415855141e-05,1.0694267836181366e-05
9.58840009535681,0.00011242183809682696,1.1049824979682362e-05
9.59040009535681,9.761910926080753e-05,1.0698339405133108e-05
9.59240009535681,6.362896890297479e-05,1.0221576031440474e-05
9.59440009535681,6.71445593199755e-05,9.594589735264749e-06
9.59640009535681,9.448089020781667e-05,9.161082050106986e-06
9.598400095356808,0.0001399322190010833,8.923980716693989e-06
9.60040009535681,0.0001433920429987885,8.64470249732704e-06
9.60240009535681,0.0001258678758753811,9.199258248112315e-06
9.604400095356809,0.0001447843227077821,1.0189997378925279e-05
9.606400095356808,0.00012397258115923223,1.0587420117927863e-05
9.608400095356808,0.00010505804426712878,1.009014079506014e-05
9.610400095356809,0.00010749394242188944,1.0483556404430889e-05
9.612400095356808,9.917289106855449e-05,1.1620090232969538e-05
9.614400095356807,9.069273640563816e-05,1.2325749083169386e-05
9.616400095356807,7.179925681057042e-05,1.1223776577663855e-05
9.618400095356808,0.00011630885343265306,9.55446599179545e-06
9.620400095356807,0.00011117502454612489,9.333277504571067e-06
9.622400095356806,0.00011284252696592181,9.887635458322308e-06
9.624400095356807,0.0001296831501879394,9.83456495204727e-06
9.626400095356807,0.00017946642078610464,8.613254473143165e-06
9.628400095356806,0.00015094137878073532,8.207528771210517e-06
9.630400095356805,0.0001316520930114441,9.213682584586131e-06
9.632400095356806,0.00016795010935495656,1.1137329165745793e-05
9.634400095356806,0.0001599079408246048,1.1381383773116528e-05
9.636400095356805,0.00017507346531756173,1.0642219293261475e-05
9.638400095356804,0.00012640288350421425,1.0840424962996468e-05
9.640400095356805,9.549939146751983e-05,1.1630287672717584e-05
9.642400095356805,8.517722338232216e-05,1.2196955316504525e-05
9.644400095356804,0.00011537945835786224,1.1110597317762979e-05
9.646400095356803,0.0001331527764581475,1.029521452721551e-05
9.648400095356804,0.00014238456864723988,9.77458830344659e-06
9.650400095356805,9.695640884785592e-05,9.735141753521828e-06
9.652400095356803,0.0001220587556401872,9.59835090930633e-06
9.654400095356802,0.00012892029362051162,9.357829443323146e-06
9.656400095356803,0.00011708548028251208,9.271825947567427e-06
9.658400095356804,0.0001331164553571784,1.0245586197334496e-05
9.660400095356803,0.00013939209721524528,1.139755357959409e-05
9.662400095356801,0.00016926924811854632,1.1416777124597374e-05
9.664400095356802,0.00014186751968068903,1.1751700348253652e-05
9.666400095356803,0.00016716984138817904,1.1956853782229757e-05
9.668400095356802,0.00010714440707900418,1.2540068995595907e-05
9.6704000953568,0.00010689020598939336,1.2175344517101304e-05
9.672400095356801,0.00012536617652659154,1.1340996198013099e-05
9.674400095356802,0.00013485864761357265,1.1075224460095404e-05
9.6764000953568,0.00010208337451803924,1.0840892395994977e-05
9.6784000953568,0.00012869749514560176,1.0803766873920882e-05
9.6804000953568,0.00011492842090443317,1.0365247673209881e-05
9.682400095356801,0.00011745298516445193,9.71110344881608e-06
9.6844000953568,0.00013242694263730455,1.0552691903216712e-05
9.686400095356799,0.00010953152485076215,1.1459265086874455e-05
9.6884000953568,8.550313342396777e-05,1.2205042522394847e-05
9.6904000953568,0.00012412931402091932,1.2575625568876266e-05
9.692400095356799,8.719186996169274e-05,1.1990791427263506e-05
9.694400095356798,0.0001266253445296379,1.246422856144211e-05
9.696400095356799,6.613860231196201e-05,1.3483456425129186e-05
9.6984000953568,0.00010521791941806705,1.3005783565231481e-05
9.700400095356798,6.673312699132194e-05,1.2127220558123854e-05
9.702400095356797,9.910477035602905e-05,1.0915007508958485e-05
9.704400095356798,0.00011377193275106595,1.0401491702151925e-05
9.706400095356798,8.656483810786865e-05,1.0539583708182634e-05
9.708400095356797,5.464087977803061e-05,1.0326216944622662e-05
9.710400095356796,7.847937400596714e-05,1.0024607400874983e-05
9.712400095356797,0.0001019261062828232,1.0105934424927101e-05
9.714400095356797,9.738886177519759e-05,1.061875750406015e-05
9.716400095356796,0.00010786959250889134,1.1772381413091477e-05
9.718400095356795,0.0001434143974194861,1.2957541414432047e-05
9.720400095356796,0.00012139610278281506,1.194827434048659e-05
9.722400095356797,0.0001088708094964692,1.169002434020453e-05
9.724400095356796,0.00011973352908032213,1.1730888607206341e-05
9.726400095356794,0.00013187967217953195,1.1542856342225885e-05
9.728400095356795,0.00012657433323227273,1.1121827845369622e-05
9.730400095356796,0.00011746130261621923,1.0111020552343522e-05
9.732400095356795,7.487279346010746e-05,9.38556217141887e-06
9.734400095356794,9.664675421912092e-05,9.187759018365917e-06
9.736400095356794,9.647386370791146e-05,9.365307410705076e-06
9.738400095356795,0.00012087620636613716,9.275062038874546e-06
9.740400095356794,0.00014798078347569004,9.44467955646653e-06
9.742400095356793,9.5230541228195e-05,9.900768752812898e-06
9.744400095356793,9.512358162039677e-05,1.110406169363829e-05
9.746400095356794,0.00011836667523445996,1.074974875984736e-05
9.748400095356793,0.00013612624326029158,1.0847097280775381e-05
9.750400095356792,0.00013753167594933083,1.1397826343446004e-05
9.752400095356792,0.0001307200782338446,1.172360294150798e-05
9.754400095356793,0.00012136390297315573,1.0992981611792271e-05
9.756400095356792,0.00013483843873012265,9.993303961393476e-06
9.75840009535679,0.0001018595175459868,9.880445555764062e-06
9.760400095356792,0.00014980367722965755,9.329712635293368e-06
9.762400095356792,0.0001177751959926029,9.667040388837017e-06
9.764400095356791,9.867711615630249e-05,1.0114286078021534e-05
9.76640009535679,4.6162317153881285e-05,9.779903377091363e-06
9.76840009535679,8.323699085760873e-05,9.895617670393278e-06
9.770400095356791,0.00013870262141506094,1.035415611555256e-05
9.77240009535679,0.0001539946022298732,1.1456217855953246e-05
9.774400095356789,7.053943351619203e-05,1.2777819526562226e-05
9.77640009535679,7.99957228637012e-05,1.286569224187844e-05
9.77840009535679,0.00010782161937536854,1.272480076025526e-05
9.78040009535679,7.750008842342598e-05,1.1844653086928159e-05
9.782400095356788,0.00013006999885836426,1.164673474231722e-05
9.784400095356789,9.263315356894783e-05,1.2040323345545287e-05
9.78640009535679,8.960831380215033e-05,1.2428201744016394e-05
9.788400095356788,0.000118389361309559,1.1674872289155153e-05
9.790400095356787,0.00011178994460406276,1.0745581393096302e-05
9.792400095356788,0.00010957483560055081,9.840478683626136e-06
9.794400095356789,0.00012347549126428216,1.0255065940375614e-05
9.796400095356788,0.00015530333944497248,1.0878254290766881e-05
9.798400095356786,0.00012528689005763375,1.215361445958464e-05
9.800400095356787,0.0001041195818067377,1.2782269417296797e-05
9.802400095356788,0.00011149523416635405,1.2006125779098213e-05
9.804400095356787,9.269318362234974e-05,1.1603844527855157e-05
9.806400095356786,8.750237662052126e-05,1.1645287204230334e-05
9.808400095356786,9.985202625110966e-05,1.1959929598399288e-05
9.810400095356787,6.391775818447533e-05,1.3095352431450232e-05
9.812400095356786,0.0001240486110441491,1.1871739829367323e-05
9.814400095356785,0.0001162839637722051,1.0341560838793844e-05
9.816400095356785,0.00011808346242346362,9.229319683136233e-06
9.818400095356786,0.00011413897117687083,8.719301224155192e-06
9.820400095356785,0.00011203906076360574,9.146910479419213e-06
9.822400095356784,0.00011189916600273633,1.039455365072378e-05
9.824400095356784,9.001647585042542e-05,1.0981491134228251e-05
9.826400095356785,0.00010267392269653,1.0493999009517496e-05
9.828400095356784,0.00012671770996013488,9.980262094884039e-06
9.830400095356783,0.00013844863300699418,1.0167622210968691e-05
9.832400095356784,0.00011124014408806,1.1209758997456924e-05
9.834400095356784,0.00011800746593117791,1.2557554422658284e-05
9.836400095356783,0.00013959168745614865,1.2524769353178708e-05
9.838400095356782,0.00019733872442574612,1.1297172800194034e-05
9.840400095356783,0.00016523859343354786,9.883228163204989e-06
9.842400095356783,0.00014572780693829137,9.621064003762515e-06
9.844400095356782,0.0001559342432921763,1.002734557919729e-05
9.846400095356781,0.00011085764585749632,1.0975941203068865e-05
9.848400095356782,0.00010602206793534281,1.1322497336265006e-05
9.850400095356783,0.00010418619481601484,1.1072154804423859e-05
9.852400095356781,0.00011244610746703672,1.0839502848402593e-05
9.85440009535678,7.677915495571665e-05,1.1376244833786734e-05
9.856400095356781,7.227289755315951e-05,1.2722007746598652e-05
9.858400095356782,7.151316729062107e-05,1.3787062552964873e-05
9.86040009535678,7.386399498537441e-05,1.4030263493941284e-05
9.86240009535678,7.531394319147622e-05,1.457684141317787e-05
9.86440009535678,5.374329210689917e-05,1.4360311200458455e-05
9.86640009535678,6.7621911487014e-05,1.3999957710089675e-05
9.86840009535678,8.675989730124414e-05,1.3471044571346495e-05
9.870400095356779,8.444300162857772e-05,1.2569300537982492e-05
9.87240009535678,0.00016812874694938662,1.2461566888375856e-05
9.87440009535678,0.00011376088300573374,1.1995406566724866e-05
9.876400095356779,0.00010168337555668676,1.1697352442181766e-05
9.878400095356778,0.0001261693312636159,1.1770615132898505e-05
9.880400095356778,0.00010829169118323445,1.1792191090985239e-05
9.882400095356779,9.394171770201755e-05,1.1723983149043665e-05
9.884400095356778,9.63741101081284e-05,1.1536613181612208e-05
9.886400095356777,0.0001475392372037215,1.1864363223924464e-05
9.888400095356777,0.00017085510589940118,1.2987238363526568e-05
9.890400095356778,0.00011756530212567973,1.363682028078489e-05
9.892400095356777,0.00012199980025545264,1.316210635390648e-05
9.894400095356776,0.00011347352181332152,1.2526513097157793e-05
9.896400095356777,0.0001470557847824884,1.1454036538054807e-05
9.898400095356777,0.00010585448783046188,1.0873250557823137e-05
9.900400095356776,9.423420101946969e-05,1.1008489166547141e-05
9.902400095356775,0.00010263941421465341,1.1474494897644222e-05
9.904400095356776,9.626861572209737e-05,1.1455128214484871e-05
9.906400095356776,7.360258073419277e-05,1.1026187533708249e-05
9.908400095356775,0.0001022930082907945,1.1060711019438646e-05
9.910400095356774,7.841689764445591e-05,1.1565634753563484e-05
9.912400095356775,7.421088904984123e-05,1.2761259664556662e-05
9.914400095356775,9.11691011452096e-05,1.4688527630235995e-05
9.916400095356774,9.934921978821337e-05,1.5999674318748853e-05
9.918400095356773,0.00010318507697730742,1.5235482623591017e-05
9.920400095356774,0.00013969098769041856,1.5013492592537711e-05
9.922400095356775,9.589447820443322e-05,1.6277293476107785e-05
9.924400095356773,5.8113098045138134e-05,1.6895317584001045e-05
9.926400095356772,0.0001583745966153455,1.5264524642265055e-05
9.928400095356773,0.00010037941073235948,1.3269570191031561e-05
9.930400095356774,4.783409539208949e-05,1.2488982626973741e-05
9.932400095356773,8.86590293190349e-05,1.1244148354639753e-05
9.934400095356771,0.00010119108593880136,1.058083187999252e-05
9.936400095356772,9.803299380834778e-05,1.1795061966420198e-05
9.938400095356773,0.00013641055660376504,1.352949104142176e-05
9.940400095356772,0.00011579608660862118,1.2582997638789099e-05
9.94240009535677,0.0001255284934620339,1.2075027566094458e-05
9.944400095356771,0.00012569991588013538,1.2208085324118885e-05
9.946400095356772,8.281073027699215e-05,1.2687085908064937e-05
9.94840009535677,6.859518259530827e-05,1.3017278637817676e-05
9.95040009535677,0.00012935424267152394,1.4100920475510064e-05
9.95240009535677,8.00922583046599e-05,1.3969091318097692e-05
9.954400095356771,0.0001484748768169236,1.257836066951847e-05
9.95640009535677,0.00018112014012408784,1.145012462083709e-05
9.958400095356769,0.00017546345899361796,1.0877353211627643e-05
9.96040009535677,0.00012670956588134913,1.1080751312452116e-05
9.96240009535677,0.00016486951932846104,1.1652894311686839e-05
9.964400095356769,0.0001829689044188198,1.2152386718956137e-05
9.966400095356768,0.00012170605477713413,1.199817199620063e-05
9.968400095356769,0.0001361551760605016,1.1913518196679015e-05
9.97040009535677,7.962488740953803e-05,1.2146550964163458e-05
9.972400095356768,5.4880371856245926e-05,1.330644466430064e-05
9.974400095356767,7.183154142754952e-05,1.567827056250348e-05
9.976400095356768,0.00010666729816497875,1.654271834637616e-05
9.978400095356768,5.6378623780945755e-05,1.616884125645224e-05
9.980400095356767,3.763868886535148e-05,1.4758290379728485e-05
9.982400095356766,4.659709430261073e-05,1.3126700241177564e-05
9.984400095356767,5.171171329148815e-05,1.252479192367272e-05
9.986400095356768,6.601933607798774e-05,1.1800167123786758e-05
9.988400095356766,6.899590172246123e-05,1.1719764943805896e-05
9.990400095356765,0.00011193463938124125,1.1792090983668236e-05
9.992400095356766,9.72800347632987e-05,1.1409670244861477e-05
9.994400095356767,8.588146529859388e-05,1.0428289957686453e-05
9.996400095356766,6.319049493401299e-05,9.955719909641202e-06
9.998400095356764,8.966364177395947e-05,1.0367535539807183e-05
10.000400095356765,5.901875221219803e-05,1.2029725242572378e-05
10.002400095356766,6.189001462736852e-05,1.4401591513724398e-05
10.004400095356765,0.00010508829352606303,1.5687517047192893e-05
10.006400095356764,0.00011945793771085918,1.5947408864433163e-05
10.008400095356764,7.882640572700049e-05,1.5693715590140553e-05
10.010400095356765,7.595267061226794e-05,1.4826766171982558e-05
10.012400095356764,9.162102776790393e-05,7.909341136651256e-06
10.014400095356763,5.1169254423960386e-05,7.689462941953659e-06
10.016400095356763,9.442645782012408e-05,7.4521983140677745e-06
10.018400095356764,0.0001142244523774173,7.197386398807657e-06
10.020400095356763,9.530845447109748e-05,7.1039197106878666e-06
10.022400095356762,9.988085241480935e-05,6.7049007046532165e-06
10.024400095356762,9.693345548521281e-05,7.004970163848083e-06
10.026400095356763,0.00010164044169944572,7.009928167471185e-06
10.028400095356762,9.020260436889589e-05,7.425327452973782e-06
10.030400095356761,6.830430954991167e-05,7.399042972219033e-06
10.032400095356762,8.543654796277567e-05,7.983281322615508e-06
10.034400095356762,0.00011163514778127014,7.932983023673987e-06
10.036400095356761,0.00010264299408533054,8.407876058310184e-06
10.03840009535676,0.00011275296763288714,8.286969629316653e-06
10.04040009535676,0.00014079724935082624,8.670178918131966e-06
10.042400095356761,0.00012883104253719,8.130542407961187e-06
10.04440009535676,0.00011491490979369075,8.26652562935837e-06
10.04640009535676,0.00010642065597925472,7.614665739036738e-06
10.04840009535676,8.819288703505612e-05,7.67120731174246e-06
10.05040009535676,6.573065828754165e-05,7.102009794624425e-06
10.05240009535676,9.36656993849089e-05,7.377073876759467e-06
10.054400095356758,8.398637582753658e-05,7.5638284237896335e-06
10.056400095356759,7.205528219290197e-05,8.002775068962965e-06
10.05840009535676,7.76390305231696e-05,7.804336750490108e-06
10.060400095356758,7.92239667247096e-05,8.372872661579269e-06
10.062400095356757,0.00011196109538760373,7.89920106084686e-06
10.064400095356758,0.00010521615680760536,8.334075741445827e-06
10.066400095356759,7.209540340226971e-05,7.867625336611343e-06
10.068400095356758,7.32718739713229e-05,8.192219830797124e-06
10.070400095356757,0.00011771326376689217,7.71828605742573e-06
10.072400095356757,0.00010573942316226516,8.096408085083727e-06
10.074400095356758,6.342156026732968e-05,7.571136689364071e-06
10.076400095356757,8.751340094481717e-05,7.652980667643026e-06
10.078400095356756,8.47183279358039e-05,7.000577863206848e-06
10.080400095356756,8.44938363506534e-05,7.007848274250251e-06
10.082400095356757,7.76078621245687e-05,6.735898963531866e-06
10.084400095356756,6.613867546757964e-05,7.0108579322669e-06
10.086400095356755,7.533739471487846e-05,7.21403696105263e-06
10.088400095356755,7.342560115843516e-05,7.867579770687257e-06
10.090400095356756,6.878715315652452e-05,8.11394992671367e-06
10.092400095356755,9.056512521841245e-05,8.702330562520066e-06
10.094400095356754,0.0001087586625693135,8.935181828885373e-06
10.096400095356755,0.00010272156206085032,8.866830961637291e-06
10.098400095356755,8.724124583875178e-05,8.600778965172531e-06
10.100400095356754,8.223005190279047e-05,7.971657606505288e-06
10.102400095356753,0.00011616494808599378,7.917431091867279e-06
10.104400095356754,0.00010745535345762537,7.284948972113828e-06
10.106400095356754,0.00012170257735309984,7.3773561155706055e-06
10.108400095356753,9.944706589810017e-05,7.005425736847566e-06
10.110400095356752,9.028001412421622e-05,7.06606435903086e-06
10.112400095356753,9.966588260526508e-05,6.73807317654647e-06
10.114400095356753,9.725333686136787e-05,7.184280819429025e-06
10.116400095356752,0.0001002109111760172,7.06951685548494e-06
10.118400095356751,9.757244200691897e-05,7.83257711771294e-06
10.120400095356752,0.00012089268367309453,7.75592869537815e-06
10.122400095356753,0.0001283462496099267,8.30723926400351e-06
10.124400095356751,9.533160927893952e-05,8.228017856487148e-06
10.12640009535675,0.00010386162698083255,8.908372074134969e-06
10.128400095356751,8.972694552627731e-05,8.528794076598957e-06
10.130400095356752,4.8621349272861685e-05,9.181115930744392e-06
10.13240009535675,7.666818455615514e-05,9.29450813295882e-06
10.13440009535675,8.168787157609802e-05,9.924688025752906e-06
10.13640009535675,9.31744377715009e-05,8.772989626427884e-06
10.13840009535675,7.939094372409107e-05,9.400278311612876e-06
10.14040009535675,0.00011906581406497384,8.325943848617761e-06
10.142400095356749,0.0001495717685113913,9.481135912764847e-06
10.14440009535675,0.00010320464105457373,8.662004623492606e-06
10.14640009535675,6.122895143137191e-05,9.878780068089566e-06
10.148400095356749,7.837393527545186e-05,8.775965911274555e-06
10.150400095356748,8.251974330587796e-05,9.964726254685517e-06
10.152400095356748,7.891858452933487e-05,9.145676115377452e-06
10.154400095356749,9.357501964892666e-05,1.0256552556629376e-05
10.156400095356748,0.00012394156453155299,9.228097763669654e-06
10.158400095356747,0.00010325005537475903,9.992602475760584e-06
10.160400095356747,0.0001048448535952893,9.022486899952727e-06
10.162400095356748,0.00011078433475460164,9.748695349093907e-06
10.164400095356747,0.00013114452565111503,8.740203496656635e-06
10.166400095356746,0.0001532224680683611,9.273599052691693e-06
10.168400095356747,0.00015069493814790318,8.44610583107128e-06
10.170400095356747,0.00010850383040442459,9.10760355638312e-06
10.172400095356746,9.475237764844437e-05,8.649119793078046e-06
10.174400095356745,0.00012962932935293945,9.71492691013884e-06
10.176400095356746,0.0001032339133598343,9.179389607291658e-06
10.178400095356746,0.00011099538566346212,1.0395075625952366e-05
10.180400095356745,9.87834155392371e-05,9.935750407957343e-06
10.182400095356744,0.00013086066901616365,1.0984870370401142e-05
10.184400095356745,0.00013950800681028714,1.0314449770979981e-05
10.186400095356746,0.00011515157378346271,1.0917885010430879e-05
10.188400095356744,8.916310505413576e-05,9.970059360252881e-06
10.190400095356743,9.963530430832287e-05,1.0094863070066138e-05
10.192400095356744,0.00010631123685882301,9.241404665415416e-06
10.194400095356745,0.00010205991480984878,9.319592828179764e-06
10.196400095356744,7.359621064384153e-05,8.554904452191569e-06
10.198400095356742,0.00010380213007548365,8.610664338475814e-06
10.200400095356743,0.00012040814699122108,8.138892902399743e-06
10.202400095356744,0.00011632844876909723,8.57212123440017e-06
10.204400095356743,0.0001115739208385277,8.572028841325977e-06
10.206400095356742,9.410994697937216e-05,8.85019233332463e-06
10.208400095356742,8.42495182023542e-05,8.904633604656322e-06
10.210400095356743,6.849768879335638e-05,9.18627705483635e-06
10.212400095356742,8.700340972507679e-05,9.52855901826263e-06
10.21440009535674,0.00010423482059557488,9.678258308369612e-06
10.216400095356741,0.0001200123008022625,9.798981576608631e-06
10.218400095356742,6.502857573033575e-05,9.898697674574028e-06
10.22040009535674,6.950987946304247e-05,1.0091926167774308e-05
10.22240009535674,9.601352648698484e-05,9.532742544278748e-06
10.22440009535674,8.917711003984057e-05,9.58287083234962e-06
10.226400095356741,0.00010159133518809146,9.154166102763641e-06
10.22840009535674,8.402308646515667e-05,9.507051687945953e-06
10.230400095356739,0.00011958088981559205,8.840096239657504e-06
10.23240009535674,0.00012472813530061493,9.280050687847988e-06
10.23440009535674,0.00010392310200951494,8.959692100196923e-06
10.23640009535674,6.911307365215848e-05,9.450349339714113e-06
10.238400095356738,8.683275174175456e-05,9.0284471836754e-06
10.240400095356739,0.000100783243093943,1.001318942009454e-05
10.24240009535674,0.00012611775602946627,9.571970883144491e-06
10.244400095356738,9.472195819655928e-05,1.0177547238653909e-05
10.246400095356737,0.00010920366323668221,9.316850361957745e-06
10.248400095356738,7.219412489341639e-05,1.0127797813154259e-05
10.250400095356738,0.00010306552201062077,9.033644349926358e-06
10.252400095356737,0.00013106537375824037,9.646246880731907e-06
10.254400095356736,0.00013174619684804714,8.777502439265515e-06
10.256400095356737,0.00011570739987418357,9.630666928320437e-06
10.258400095356738,0.00013899963005795996,9.267360984398341e-06
10.260400095356736,8.954694085421198e-05,1.005041125045176e-05
10.262400095356735,8.220627319222337e-05,9.169615987407693e-06
10.264400095356736,9.221123883237108e-05,9.843411342515089e-06
10.266400095356737,9.15974852548417e-05,9.68007668064738e-06
10.268400095356736,7.39576027435922e-05,1.0360210687494209e-05
10.270400095356734,7.903113998235727e-05,1.0354040533475139e-05
10.272400095356735,3.5661941620700855e-05,1.1101170333368467e-05
10.274400095356736,-1.898918758705721e-05,1.1227541489798099e-05
10.276400095356735,-8.848922343143084e-06,1.1184041782300032e-05
10.278400095356734,6.810608635805908e-05,1.065353261414254e-05
10.280400095356734,3.3832888717374077e-05,1.071837289908435e-05
10.282400095356735,3.426829441218065e-05,1.0274772114957921e-05
10.284400095356734,6.239537241256009e-05,9.97791483782369e-06
10.286400095356733,9.083502717890235e-05,9.488490795321977e-06
10.288400095356733,6.025577986625152e-05,9.635556394337853e-06
10.290400095356734,8.915894600098449e-05,8.896499173598148e-06
10.292400095356733,0.00010286023258103023,9.140400447623488e-06
10.294400095356732,0.0001119657332364123,8.854605093729737e-06
10.296400095356733,9.376591740032978e-05,9.365985906994583e-06
10.298400095356733,7.370829305119096e-05,9.043860858850834e-06
10.300400095356732,0.0001417069988735433,9.575865972109385e-06
10.302400095356731,0.0001664093538941493,9.610045346964254e-06
10.304400095356732,0.00016201665486649687,9.650805409324462e-06
10.306400095356732,0.00010505165974221715,9.700401102508263e-06
10.308400095356731,9.775157969323686e-05,9.740961617814014e-06
10.31040009535673,9.205871152317917e-05,9.812019311670468e-06
10.31240009535673,8.735282927511475e-05,9.57951608779626e-06
10.314400095356731,8.122805356864452e-05,9.699629616878107e-06
10.31640009535673,5.462370753261902e-05,9.095448277722978e-06
10.31840009535673,6.915238188788503e-05,9.527863329610647e-06
10.32040009535673,8.715710018895069e-05,9.094281995948077e-06
10.32240009535673,0.0001317778044035102,1.0027426154745052e-05
10.32440009535673,0.00015893471133795496,9.253489926038438e-06
10.326400095356728,0.00014327872624279083,1.034805132583708e-05
10.328400095356729,9.901381816499055e-05,9.494561345350297e-06
10.33040009535673,8.718845178609392e-05,1.0660332754587976e-05
10.332400095356729,5.8993151930872365e-05,9.796722751731052e-06
10.334400095356727,8.159291590416185e-05,1.1001122247366291e-05
10.336400095356728,0.00010143833410727483,1.019649188869708e-05
10.338400095356729,0.00010424342203675603,1.1298520890401158e-05
10.340400095356728,7.972483009144926e-05,1.0221641358611772e-05
10.342400095356727,7.059946990126291e-05,1.0818913527400273e-05
10.344400095356727,5.999683599126985e-05,9.735573120167693e-06
10.346400095356728,0.00010102526338850547,1.0201935957191038e-05
10.348400095356727,9.692920580071389e-05,8.889747078656212e-06
10.350400095356726,8.849296344121359e-05,9.644262208070633e-06
10.352400095356726,0.00010150389356465385,8.63513878863264e-06
10.354400095356727,7.559594010164048e-05,9.49810704713115e-06
10.356400095356726,4.02685153116856e-05,8.526410111330124e-06
10.358400095356725,6.796519831800703e-05,9.923326372944566e-06
10.360400095356725,7.300214367342232e-05,8.907902187338743e-06
10.362400095356726,6.989967242307251e-05,1.0322811245268377e-05
10.364400095356725,6.330840414604619e-05,9.30523550846501e-06
10.366400095356724,8.715785855411674e-05,1.0735096667891014e-05
10.368400095356725,0.00012310396307310583,9.815192317668016e-06
10.370400095356725,0.00011140100845231849,1.084881309855274e-05
10.372400095356724,9.807568329874278e-05,1.0140385588317165e-05
10.374400095356723,0.00011564280638232867,1.0645566358332898e-05
10.376400095356724,0.0001322532182668957,1.0036954013702398e-05
10.378400095356724,0.000117446172755978,1.013593168845426e-05
10.380400095356723,9.487602598845095e-05,9.743865647073233e-06
10.382400095356722,0.00010759301492884439,9.45593001264414e-06
10.384400095356723,8.797876959817408e-05,9.79477429631434e-06
10.386400095356723,0.00016068209622064678,9.183764251491627e-06
10.388400095356722,0.00014731201798561734,1.001895629445004e-05
10.390400095356721,0.00015378348526020916,9.391523808176276e-06
10.392400095356722,0.00012261967195901106,1.0623725292059606e-05
10.394400095356723,0.0001132165659218472,9.948158540352205e-06
10.396400095356721,9.278887137116914e-05,1.1406589612641108e-05
10.39840009535672,0.00010352326524013581,1.0481783283011843e-05
10.400400095356721,6.099161946981403e-05,1.1312595024600829e-05
10.402400095356722,7.539595113921018e-05,1.0637601262647247e-05
10.40440009535672,5.546312597833414e-05,1.1199418653552271e-05
10.40640009535672,8.906679843637933e-05,1.040718056467563e-05
10.40840009535672,0.00011371303599359196,1.0800925238987397e-05
10.41040009535672,9.555590171338957e-05,9.798162242189945e-06
10.41240009535672,5.5759286699931115e-05,9.908907690953686e-06
10.414400095356719,7.853518742604194e-05,9.27915811625406e-06
10.41640009535672,0.00012122099608282256,9.414677789271055e-06
10.41840009535672,0.00014494803344341906,9.339261719501004e-06
10.420400095356719,0.0001159568946745275,9.332366360129652e-06
10.422400095356718,9.094869446594749e-05,9.606406666495753e-06
10.424400095356718,5.635600425278878e-05,9.70771135579666e-06
10.426400095356719,7.76389362643911e-05,1.0675191142759463e-05
10.428400095356718,7.880953093458025e-05,1.0292258058500632e-05
10.430400095356717,0.00010576764399104546,1.126889502018299e-05
10.432400095356718,8.191423804133071e-05,1.0458592016374797e-05
10.434400095356718,7.347636616441263e-05,1.1968532064114685e-05
10.436400095356717,0.000104619184406299,1.0584212447950214e-05
10.438400095356716,0.00010776139708148233,1.148286390552396e-05
10.440400095356717,0.0001339501506809071,1.0116359480491201e-05
10.442400095356717,0.00014398948611233907,1.0746328993272505e-05
10.444400095356716,0.0001319556055487794,9.62147397029788e-06
10.446400095356715,8.585963508110204e-05,9.837174964639196e-06
10.448400095356716,9.278704740453236e-05,9.738915583972027e-06
10.450400095356716,9.12100085715052e-05,9.758973753016412e-06
10.452400095356715,0.00011083001171487706,1.0339873848459534e-05
10.454400095356714,0.00011746039379918752,1.0039843464950226e-05
10.456400095356715,0.0001091931998576976,1.1467666584801046e-05
10.458400095356716,0.00013370458328405943,1.0671449870213113e-05
10.460400095356714,0.00011259139103301248,1.2474444190862326e-05
10.462400095356713,0.00013090339882142936,1.1494168985698651e-05
10.464400095356714,0.00012078639871114661,1.2509766448138028e-05
10.466400095356715,0.0001287926451894314,1.1330865150565249e-05
10.468400095356714,0.00013448461579872455,1.2217699944067463e-05
10.470400095356712,0.00014118943250974246,1.0931580947277066e-05
10.472400095356713,0.00018383344356343557,1.1226002382985977e-05
10.474400095356714,0.00017572008161495552,1.005889955329896e-05
10.476400095356713,0.00016959011812308245,1.0048238968644194e-05
10.478400095356712,0.00012503006195094377,9.40373034966134e-06
10.480400095356712,0.00011213577299150324,9.385596803293344e-06
10.482400095356713,0.0001159257412094498,9.238424897505149e-06
10.484400095356712,0.00011732350752841506,9.45851250064666e-06
10.48640009535671,9.944183695678636e-05,9.99076121775056e-06
10.488400095356711,8.470875598601262e-05,1.0310125002630791e-05
10.490400095356712,7.823869538465781e-05,1.0713489456106607e-05
10.492400095356711,8.125323473558157e-05,1.0700789855646221e-05
10.49440009535671,8.070104476307248e-05,1.1590740411919132e-05
10.49640009535671,7.873323311352945e-05,1.1028143037548359e-05
10.498400095356711,0.00012936034798400245,1.1742546750162845e-05
10.50040009535671,0.00010158510121896075,1.0793086112978798e-05
10.502400095356709,0.00012909195597134683,1.1526144044786591e-05
10.50440009535671,8.666642575419478e-05,1.1063035587772593e-05
10.50640009535671,8.706788429546388e-05,1.1059065522911922e-05
10.50840009535671,6.661345310966797e-05,1.0204185986647018e-05
10.510400095356708,6.363845310377573e-05,9.561771988351976e-06
10.512400095356709,7.313039623455095e-05,9.935171893569649e-06
10.51440009535671,6.638954851481921e-05,9.127497795843448e-06
10.516400095356708,7.509610066721728e-05,1.0006960715352224e-05
10.518400095356707,8.160637792529156e-05,9.543300860499911e-06
10.520400095356708,0.00010829714171312539,1.0691319287213044e-05
10.522400095356709,0.00012672955075713362,1.0252353559824622e-05
10.524400095356707,0.0001201144252022533,1.1024088370306322e-05
10.526400095356706,9.259739764397109e-05,1.0803753199809622e-05
10.528400095356707,0.00016898437509426382,1.1042850710725553e-05
10.530400095356708,0.0001825111658272207,1.1240756213974431e-05
10.532400095356707,0.00011836834284236942,1.1197490562440086e-05
10.534400095356705,0.00011349257064710631,1.133645943519024e-05
10.536400095356706,8.554319886058294e-05,1.0750318231191182e-05
10.538400095356707,9.977812801730427e-05,1.0676575609456913e-05
10.540400095356706,0.00010959596161801544,1.0037794817280755e-05
10.542400095356705,8.381683977600103e-05,9.793523503871328e-06
10.544400095356705,0.00010180716584415747,9.25266648097697e-06
10.546400095356706,9.276728798160475e-05,9.392354181688233e-06
10.548400095356705,8.708031717323853e-05,9.163818569331433e-06
10.550400095356704,9.416397616564251e-05,9.565618888890976e-06
10.552400095356704,8.945949403713206e-05,9.638239069223643e-06
10.554400095356705,9.229975138433411e-05,1.057408435392604e-05
10.556400095356704,0.00010290001459881851,1.0254025190630456e-05
10.558400095356703,5.9743660603409804e-05,1.0567719871444275e-05
10.560400095356703,9.842620651053344e-05,1.0317485707787756e-05
10.562400095356704,8.222951585790758e-05,1.084532434979142e-05
10.564400095356703,0.00010211746642200773,1.0432080774537777e-05
10.566400095356702,0.00013036067832731773,1.0550108227759495e-05
10.568400095356703,0.0001419168588418026,1.0546468526089423e-05
10.570400095356703,0.00012250012835387036,1.0181162080611232e-05
10.572400095356702,0.00011188075267605041,9.878802497328217e-06
10.574400095356701,0.00014461218993962795,9.52830911109023e-06
10.576400095356702,0.00017473177507438682,9.662658461910132e-06
10.578400095356702,0.00018060716644999235,9.436879614969644e-06
10.580400095356701,7.939400330177698e-05,9.743242633234433e-06
10.5824000953567,0.00010018330113885806,9.758571556874085e-06
10.5844000953567,0.00013313946515614226,1.037963821261503e-05
10.586400095356701,0.00010586012826615415,1.0250021039392757e-05
10.5884000953567,0.00011935940677594421,1.1152497846367605e-05
10.5904000953567,0.00010067514101357086,1.0501099941782823e-05
10.5924000953567,0.00011859417501816653,1.1752543734646746e-05
10.5944000953567,6.886500461237544e-05,1.0794557386594156e-05
10.5964000953567,6.97528317254925e-05,1.2076888350640273e-05
10.598400095356698,9.36999915655129e-05,1.1023942403543372e-05
10.600400095356699,9.463173739502846e-05,1.139640339871634e-05
10.6024000953567,0.00013264646290204985,1.0726210370317973e-05
10.604400095356699,8.339446217052607e-05,1.056310743415493e-05
10.606400095356697,7.30709281300802e-05,1.0633901109391431e-05
10.608400095356698,6.068245855232691e-05,9.912126939372587e-06
10.610400095356699,8.630440037296989e-05,1.037814330889319e-05
10.612400095356698,0.00010991123603302595,9.250060494436496e-06
10.614400095356697,0.0001670896187884196,1.0097891750397004e-05
10.616400095356697,0.0001498499418747393,9.453114497238644e-06
10.618400095356698,0.00011025833020469864,1.0579613955282237e-05
10.620400095356697,0.00010205644436075417,1.0664505580046788e-05
10.622400095356696,0.00011140412317667724,1.1095036751919687e-05
10.624400095356696,0.0001007647939257345,1.1051317074058305e-05
10.626400095356697,9.320018230044228e-05,1.1121862076653933e-05
10.628400095356696,0.00011172397250745417,1.1175119494182838e-05
10.630400095356695,0.00010013883287965097,1.092035004286506e-05
10.632400095356696,0.000124819578557359,1.084333254199329e-05
10.634400095356696,0.00013846343965665344,1.0243371171139119e-05
10.636400095356695,0.00014046595994750532,1.043695798757658e-05
10.638400095356694,0.00013138480357207733,9.508391524850378e-06
10.640400095356695,0.0001634016322587744,9.873767731154273e-06
10.642400095356695,0.00013414319962915195,9.080524396533922e-06
10.644400095356694,0.00011329356004561793,9.495049919641894e-06
10.646400095356693,0.00010931087684174557,9.11297502873262e-06
10.648400095356694,0.00010195633961638123,9.513883753913576e-06
10.650400095356694,9.25952189995585e-05,9.790364682922625e-06
10.652400095356693,9.382325862176314e-05,9.944039423854567e-06
10.654400095356692,8.575973085293995e-05,1.0414693743132723e-05
10.656400095356693,8.284916924134344e-05,1.0257213045683138e-05
10.658400095356694,9.305364697503726e-05,1.0823416345730503e-05
10.660400095356692,0.00010716278638797003,1.0675636516627453e-05
10.662400095356691,6.457976918893422e-05,1.0713576497850865e-05
10.664400095356692,6.613498878948393e-05,1.0950594278048706e-05
10.666400095356693,4.1727043732900685e-05,1.0222834685224844e-05
10.668400095356692,7.428668772263714e-05,1.0549348453589032e-05
10.67040009535669,6.497210376366792e-05,9.955753410993625e-06
10.672400095356691,9.453636647465392e-05,1.0158611369462202e-05
10.674400095356692,0.00010620303666549695,1.005864120244118e-05
10.67640009535669,5.4029209614316167e-05,9.888717648610411e-06
10.67840009535669,8.135163826488467e-05,1.0481300855013537e-05
10.68040009535669,7.777771416097416e-05,9.603602328036636e-06
10.68240009535669,9.401462413509548e-05,1.0663784267696515e-05
10.68440009535669,0.00010340131070850211,1.0107114822919718e-05
10.686400095356689,0.00010688504016780096,1.1215484656324598e-05
10.68840009535669,0.00011400444659554401,1.1063457864810101e-05
10.69040009535669,9.26770517363099e-05,1.1642583354263312e-05
10.692400095356689,8.486303360114327e-05,1.1677754489609944e-05
10.694400095356688,7.493553489957397e-05,1.1176176616052755e-05
10.696400095356688,5.1556122403758996e-05,1.186534754437535e-05
10.69840009535669,8.448031923876749e-05,1.0551575524065197e-05
10.700400095356688,6.664312366010384e-05,1.1770838373116292e-05
10.702400095356687,9.631126371173315e-05,1.0079181435532703e-05
10.704400095356688,0.0001090252552627604,1.1376458395330304e-05
10.706400095356688,0.00011790018324253763,9.907034531292214e-06
10.708400095356687,0.00010427681822658057,1.1101290432781048e-05
10.710400095356686,0.00010548095535422554,1.0467271810343078e-05
10.712400095356687,8.799577484834009e-05,1.0314657135578159e-05
10.714400095356687,7.845624640921773e-05,1.1240237275768905e-05
10.716400095356686,8.615403837108482e-05,9.89384246263397e-06
10.718400095356685,0.00010504788553152941,1.2077873352405118e-05
10.720400095356686,8.515756858858293e-05,9.836662800334333e-06
10.722400095356686,9.796616965743559e-05,1.2118515348972133e-05
10.724400095356685,9.842600252326244e-05,1.1033701714397627e-05
10.726400095356684,0.00010070767832363516,1.1862344856190641e-05
10.728400095356685,8.768089551610154e-05,1.2245238445259377e-05
10.730400095356686,9.89864939996795e-05,1.1114714333832998e-05
10.732400095356684,0.00010943741039846882,1.2289124737607766e-05
10.734400095356683,9.33657125717626e-05,1.0313929132440536e-05
10.736400095356684,9.642493780623384e-05,1.1596624481642911e-05
10.738400095356685,8.477746849909036e-05,1.011415723949773e-05
10.740400095356684,6.205878429170201e-05,1.0630570839742293e-05
10.742400095356682,8.035480849331862e-05,1.0614713815714896e-05
10.744400095356683,8.325268438869553e-05,1.0152982957891484e-05
10.746400095356684,0.00010305766396150042,1.0797997950827727e-05
10.748400095356683,9.851171471827924e-05,1.0054887888482524e-05
10.750400095356682,0.0001269860654323253,1.1159773641235958e-05
10.752400095356682,0.00012813612147498499,1.0787864796005626e-05
10.754400095356683,4.542468032972093e-05,1.1564171251178902e-05
10.756400095356682,5.998305220006238e-05,1.1492800407495761e-05
10.75840009535668,7.246095992115907e-05,1.186866819583794e-05
10.760400095356681,5.332377965535032e-05,1.2563791730478105e-05
10.762400095356682,5.2220995969813083e-05,1.167610610085753e-05
10.764400095356681,6.340267877740608e-05,1.1676412898956924e-05
10.76640009535668,7.620452092677363e-05,1.1199922417833937e-05
10.76840009535668,7.638322032415024e-05,1.1187193237263335e-05
10.770400095356681,0.00012069804466387163,1.0830503279081986e-05
10.77240009535668,0.0001312919691225448,1.000110675073929e-05
10.774400095356679,0.00012501784180969105,1.0629581785356357e-05
10.77640009535668,0.0001342700668911197,9.992879082237858e-06
10.77840009535668,0.00014809770678839165,1.0768948300985398e-05
10.78040009535668,0.0001123708361944449,1.0656707026902654e-05
10.782400095356678,0.0001309130690861429,1.0607991812234975e-05
10.784400095356679,0.00014875865712121234,1.163589002768445e-05
10.78640009535668,9.538037225867435e-05,1.073039529012874e-05
10.788400095356678,0.00011695219077079453,1.2588492815930651e-05
10.790400095356677,7.305086188152635e-05,1.1215764562901402e-05
10.792400095356678,8.102395004023972e-05,1.2081733304653175e-05
10.794400095356679,0.00011887198121923807,1.180465655924093e-05
10.796400095356677,0.00013912725777190068,1.1326223274759104e-05
10.798400095356676,0.0001477468505162969,1.2553942607049797e-05
10.800400095356677,0.00011818786559246732,1.0649591436410457e-05
10.802400095356678,0.00011952466398654365,1.2088546037869114e-05
10.804400095356677,0.00014224702450335908,1.0475254299896632e-05
10.806400095356675,0.00012634849272311242,1.056930800097864e-05
10.808400095356676,0.00010798790330167445,1.0800051373635267e-05
10.810400095356677,7.394743985908045e-05,1.005095048457477e-05
10.812400095356676,7.97858227843025e-05,1.1463897794243722e-05
10.814400095356675,7.747385919996174e-05,1.0275153625930244e-05
10.816400095356675,9.887453934627935e-05,1.1722846254118471e-05
10.818400095356676,0.00010317168052096263,1.147354538936768e-05
10.820400095356675,7.219351087155294e-05,1.2174155941998446e-05
10.822400095356674,7.403590523206595e-05,1.2338395947721097e-05
10.824400095356674,0.00013654393921653396,1.18693592447791e-05
10.826400095356675,0.00014592975577971213,1.2611043880859295e-05
10.828400095356674,0.00011907949049358585,1.1615320887085425e-05
10.830400095356673,5.681870657519012e-05,1.2621070330079888e-05
10.832400095356673,8.775040920875414e-05,1.1819990918809304e-05
10.834400095356674,0.0001240295758687857,1.180759951129177e-05
10.836400095356673,0.00014628701945319003,1.1429950220802989e-05
10.838400095356672,9.403605032719949e-05,1.0961002256122629e-05
10.840400095356673,9.581669623010908e-05,1.158542308867813e-05
10.842400095356673,9.874961808113994e-05,1.0458136381868176e-05
10.844400095356672,6.028735653243464e-05,1.1316486630653488e-05
10.846400095356671,0.00011965634629492425,1.1365641083519014e-05
10.848400095356672,0.00013272589438799562,1.1646623632042893e-05
10.850400095356672,0.00012390133725108333,1.2280933810909967e-05
10.852400095356671,0.00011212264519437332,1.233263786929709e-05
10.85440009535667,7.880707249017526e-05,1.2966195609178412e-05
10.85640009535667,0.00010162026946009026,1.3257375300626204e-05
10.858400095356671,9.096756291301377e-05,1.3250454912689287e-05
10.86040009535667,8.893009784325614e-05,1.3714552706022073e-05
10.86240009535667,6.578280049243203e-05,1.3325900283177677e-05
10.86440009535667,4.59349737447398e-05,1.3217416710143518e-05
10.86640009535667,9.449741065725037e-05,1.3032719863248492e-05
10.86840009535667,8.037330149729893e-05,1.2309814266320408e-05
10.870400095356668,0.00012225222907941846,1.2193684163515656e-05
10.872400095356669,0.00010138932197095528,1.164779356670114e-05
10.87440009535667,0.00011405332645070104,1.1399686489902356e-05
10.876400095356669,9.451560532850691e-05,1.1786914489897106e-05
10.878400095356668,0.00013113452019331324,1.1776126444111631e-05
10.880400095356668,0.00013013524353514255,1.2311406817353296e-05
10.882400095356669,0.00010960309450275741,1.2374901924521978e-05
10.884400095356668,7.405648045461432e-05,1.2523178421789384e-05
10.886400095356667,0.00011406777768241562,1.2962850792767813e-05
10.888400095356667,0.00015410783693952548,1.3449575618467047e-05
10.890400095356668,0.0001515906687702559,1.3625083837513443e-05
10.892400095356667,0.00012104429588366535,1.367056856197596e-05
10.894400095356666,0.0001226978158508257,1.3920852776692265e-05
10.896400095356666,0.00011363272621180479,1.3928206002668738e-05
10.898400095356667,9.909629884655151e-05,1.3667197438122281e-05
10.900400095356666,0.00010942277410176492,1.3241328540361551e-05
10.902400095356665,9.598128777647416e-05,1.2866189467639479e-05
10.904400095356666,0.00013593553255165962,1.2452561887046435e-05
10.906400095356666,0.000152442949557179,1.2469055637080065e-05
10.908400095356665,0.00011653745755554258,1.170678658756171e-05
10.910400095356664,7.478953337978083e-05,1.1377692042972501e-05
10.912400095356665,7.59317529742388e-05,1.160796373959761e-05
10.914400095356665,0.000132415759373256,1.1661832325902135e-05
10.916400095356664,9.809618522340364e-05,1.1936895955556649e-05
10.918400095356663,0.00010861886201855187,1.2052386553947233e-05
10.920400095356664,0.00010759425627493846,1.2785620852657027e-05
10.922400095356664,9.687698127690623e-05,1.2754302253889503e-05
10.924400095356663,9.717902812304546e-05,1.3629163385066674e-05
10.926400095356662,0.00011262264804759559,1.3598626668503754e-05
10.928400095356663,7.936233863656817e-05,1.388007466123135e-05
10.930400095356664,0.00010658250114078416,1.4230092986205008e-05
10.932400095356662,6.592870512970235e-05,1.313117748308355e-05
10.934400095356661,9.275667794200758e-05,1.4059458273331591e-05
10.936400095356662,7.805646313175557e-05,1.3061080113604355e-05
10.938400095356663,7.366040446805654e-05,1.273988221131633e-05
10.940400095356662,0.00010536446932853471,1.268149412147335e-05
10.94240009535666,0.00010129608221052871,1.1412786071658459e-05
10.944400095356661,0.00010471384631949558,1.2344715195798496e-05
10.946400095356662,9.89715464797261e-05,1.1221924595334619e-05
10.94840009535666,9.465850788645047e-05,1.1613618822154362e-05
10.95040009535666,8.426873756091977e-05,1.228243912128543e-05
10.95240009535666,8.751275777803994e-05,1.1984625763386511e-05
10.954400095356661,8.782110537850417e-05,1.37365189656751e-05
10.95640009535666,6.864012304893144e-05,1.303632725289789e-05
10.958400095356659,0.00010748482544781298,1.4119959343381973e-05
10.96040009535666,9.750649728216396e-05,1.4100463906188075e-05
10.96240009535666,7.425688664362523e-05,1.3786593934294605e-05
10.964400095356659,0.0001252513706234415,1.4515141198694673e-05
10.966400095356658,0.00019653240956235684,1.3701097867177388e-05
10.968400095356658,0.00019196018553650757,1.4643223122816666e-05
10.97040009535666,0.00015514105420062698,1.3277142668852091e-05
10.972400095356658,6.279389694716336e-05,1.3132129901546302e-05
10.974400095356657,5.056904279497253e-05,1.297158332414855e-05
10.976400095356658,0.00012013536334878127,1.1515203247885716e-05
10.978400095356658,0.00012612190167742425,1.2646323915834892e-05
10.980400095356657,0.00011824888110688107,1.147400128056552e-05
10.982400095356656,8.273454971174239e-05,1.2015431070329066e-05
10.984400095356657,8.54408787003737e-05,1.2941236384970619e-05
10.986400095356657,8.923670575067652e-05,1.1807611714760686e-05
10.988400095356656,0.0001007261236663887,1.3366584000554234e-05
10.990400095356655,0.0001079456980534655,1.271039862161347e-05
10.992400095356656,0.00010544981515187609,1.2696790249820077e-05
10.994400095356657,0.0001436000906989937,1.3926758893207475e-05
10.996400095356655,0.00011451915872523081,1.3076763572022348e-05
10.998400095356654,0.00015054126198353672,1.4389142025518532e-05
11.000400095356655,0.00015210384821636282,1.407456363718701e-05
11.002400095356656,0.00010405042862158691,1.3348240116237366e-05
11.004400095356655,0.00010481158081533414,1.4189812358451992e-05
11.006400095356653,6.795328544985637e-05,1.2605635906693875e-05
11.008400095356654,0.00011129918463860037,1.2694304786980048e-05
11.010400095356655,5.0271156469794614e-05,1.3126971035199503e-05
11.012400095356654,8.457165222111792e-05,1.1541673680377288e-05
11.014400095356653,0.00010154513483051817,1.2192277530775125e-05
11.016400095356653,9.34543055351853e-05,1.133746573865441e-05
11.018400095356654,0.00011619776843560993,1.1316170377431528e-05
11.020400095356653,0.00010265071665183523,1.2177645457611372e-05
11.022400095356652,6.0130516750139974e-05,1.1379996134605357e-05
11.024400095356652,7.019614018878317e-05,1.2883584957121309e-05
11.026400095356653,9.574498149538559e-05,1.2639128687104449e-05
11.028400095356652,0.00010812275851166806,1.2804571465297795e-05
11.03040009535665,0.00010013952338682701,1.4124481821233025e-05
11.032400095356651,0.00010919210770752285,1.2517877168964648e-05
11.034400095356652,0.00012771571450859309,1.4496117982298788e-05
11.036400095356651,0.00014748679165539893,1.3791580815663523e-05
11.03840009535665,0.0001283411222474711,1.3518733037605798e-05
11.04040009535665,8.631177551894681e-05,1.4702804205865868e-05
11.042400095356651,9.778137598281155e-05,1.1885093641871911e-05
11.04440009535665,0.00010433577074614143,1.3694512302228571e-05
11.046400095356649,0.00010328902989266043,1.1891636138051115e-05
11.04840009535665,0.00013050044467212657,1.1282679482020577e-05
11.05040009535665,0.00011769733791313142,1.3203388336247393e-05
11.05240009535665,8.337009080468004e-05,1.0696568917596993e-05
11.054400095356648,0.00010328327929547978,1.2674611249935962e-05
11.056400095356649,0.00011060631704415425,1.2332999543249137e-05
11.05840009535665,7.994816078953957e-05,1.1278277242813647e-05
11.060400095356648,9.17779389362451e-05,1.4199826593085482e-05
11.062400095356647,0.00010736410202258283,1.2009705115197265e-05
11.064400095356648,0.00011533100561144448,1.4071800590498524e-05
11.066400095356649,0.00013104720655733194,1.4659584026000604e-05
11.068400095356647,0.00011950591612301449,1.3287973181470022e-05
11.070400095356646,9.49146220084891e-05,1.5582951942470998e-05
11.072400095356647,0.00013718302214052697,1.3409057035049065e-05
11.074400095356648,0.00012014277642418774,1.380347064525875e-05
11.076400095356647,8.550575661338577e-05,1.402412650690084e-05
11.078400095356645,0.00015313992343913828,1.225974698738216e-05
11.080400095356646,0.00012805253852522032,1.3403448585473614e-05
11.082400095356647,0.00010622981875803621,1.1973110808299223e-05
11.084400095356646,0.0001439888458036954,1.1738062963647647e-05
11.086400095356645,0.00012417026784942577,1.2051467928202335e-05
11.088400095356645,0.0001307167567763442,1.1057089402744257e-05
11.090400095356646,0.00010621899382814661,1.249945571337317e-05
11.092400095356645,0.00012332947137417668,1.2147271394485162e-05
11.094400095356644,0.00010864431888666791,1.2351804911543871e-05
11.096400095356644,0.00012455427232083345,1.2731162310989924e-05
11.098400095356645,0.0001274084053768633,1.2788016444542158e-05
11.100400095356644,0.00011572066208855469,1.330109728292002e-05
11.102400095356643,0.0001363940852866522,1.3397135386914515e-05
11.104400095356644,9.444040033228106e-05,1.3564398996170834e-05
11.106400095356644,7.542341038285518e-05,1.3544120632695467e-05
11.108400095356643,8.021139568170758e-05,1.3810859136490428e-05
11.110400095356642,8.719199968654139e-05,1.3234214614449764e-05
11.112400095356643,9.434886351675758e-05,1.2921527694846777e-05
11.114400095356643,0.00012562011044629754,1.2798029819886943e-05
11.116400095356642,0.00012405444908053569,1.1801404369121727e-05
11.118400095356641,0.00010809376808278465,1.2213937631468888e-05
11.120400095356642,0.0001398712641302252,1.136981832066711e-05
11.122400095356642,0.00012677861514665489,1.1086177965571745e-05
11.124400095356641,0.0001152198245104712,1.2034625704660571e-05
11.12640009535664,0.00013501055733098897,1.0897147087558324e-05
11.12840009535664,0.00012379009792276252,1.2282119620999253e-05
11.130400095356642,0.00012373970066188825,1.254684355544618e-05
11.13240009535664,0.00015978987025624502,1.1652617277832105e-05
11.13440009535664,0.00015768709297072408,1.3315215160517389e-05
11.13640009535664,0.00018147244438472814,1.2241118614257993e-05
11.13840009535664,0.00011600731893918786,1.2906724492608926e-05
11.14040009535664,8.334989376669171e-05,1.3891982932315807e-05
11.142400095356638,6.39454854356436e-05,1.2383280775909506e-05
11.14440009535664,7.226339429808226e-05,1.3488376308213184e-05
11.14640009535664,9.024269480886556e-05,1.3352124487972289e-05
11.148400095356639,7.996274072669677e-05,1.3474308845465388e-05
11.150400095356638,8.375551411732063e-05,1.2610881247457477e-05
11.152400095356638,0.00012650414563237968,1.124315620204484e-05
11.154400095356639,9.69272345561258e-05,1.184745391845797e-05
11.156400095356638,9.371798933526634e-05,1.1070093578001046e-05
11.158400095356637,7.614255074555248e-05,1.066634802906892e-05
11.160400095356637,0.00010027301125854838,1.1467727965477883e-05
11.162400095356638,0.00011623519065864875,1.0431115993822805e-05
11.164400095356637,0.0001473490964354594,1.1580361199847637e-05
11.166400095356636,0.00012402773681111174,1.1455977429528677e-05
11.168400095356636,9.01073974983416e-05,1.1476676785786247e-05
11.170400095356637,9.690945354339733e-05,1.2821719479147529e-05
11.172400095356636,8.276975717520918e-05,1.1914510475290693e-05
11.174400095356635,7.202697687756398e-05,1.2603896134096883e-05
11.176400095356636,5.397081480898532e-05,1.3210376668069426e-05
11.178400095356636,8.583229519520183e-05,1.2454762222631905e-05
11.180400095356635,0.00011112227740728203,1.317162962196849e-05
11.182400095356634,8.106178838321021e-05,1.2473345969728002e-05
11.184400095356635,9.916573129467288e-05,1.244486837491186e-05
11.186400095356635,0.00013007313629942856,1.2342736763450756e-05
11.188400095356634,0.0001005655627808167,1.191128411664651e-05
11.190400095356633,9.785673180204722e-05,1.1634409400653597e-05
11.192400095356634,8.866259102393938e-05,1.089196037256013e-05
11.194400095356634,9.745511162217741e-05,1.124262341867411e-05
11.196400095356633,0.00013276794697633141,1.1264991557540623e-05
11.198400095356632,0.00010645744366340831,1.1022755914567956e-05
11.200400095356633,0.00010230971980695251,1.2083496111135527e-05
11.202400095356634,4.324831005154179e-05,1.160497622655457e-05
11.204400095356633,7.13113976639823e-05,1.2082063103026975e-05
11.206400095356631,8.153255162479599e-05,1.3007296015611933e-05
11.208400095356632,9.886262420297143e-05,1.2278268687983882e-05
11.210400095356633,0.00015173602825617734,1.3536970666711754e-05
11.212400095356632,0.00011668089619539906,1.3612726045704867e-05
11.21440009535663,0.0001101969082848031,1.2825620721330406e-05
11.216400095356631,7.621770360474373e-05,1.3804672644616827e-05
11.218400095356632,2.3611781475008546e-05,1.3385343878719057e-05
11.22040009535663,0.0001128387169291422,1.3318966157365926e-05
11.22240009535663,6.886838950610938e-05,1.3719189031217922e-05
11.22440009535663,7.898174596636276e-05,1.2748342791493486e-05
11.226400095356631,7.235720405787433e-05,1.2856345801429727e-05
11.22840009535663,9.943050946982619e-05,1.2297812941826038e-05
11.230400095356629,0.00012701635372589057,1.2061077104325607e-05
11.23240009535663,0.00011801378473263777,1.2729037821556797e-05
11.23440009535663,6.684480318352023e-05,1.2446893561234885e-05
11.236400095356629,8.34861503107802e-05,1.2854352093439791e-05
11.238400095356628,3.265999709754134e-05,1.320631857991711e-05
11.240400095356629,6.398329680897026e-05,1.2969767674629429e-05
11.24240009535663,0.00013110268012539198,1.3606245929546001e-05
11.244400095356628,0.00015069311979717677,1.4207642167153988e-05
11.246400095356627,0.0001262183906559786,1.408693987504922e-05
11.248400095356628,9.985453600833251e-05,1.5188743797883164e-05
11.250400095356628,9.05006218955074e-05,1.4901702809817886e-05
11.252400095356627,0.00010248093766281715,1.4636143106201628e-05
11.254400095356626,0.00015132472153820656,1.5339483191369172e-05
11.256400095356627,0.00011145994203633351,1.4543839177207471e-05
11.258400095356627,9.078441902760442e-05,1.3738815762459688e-05
11.260400095356626,0.0001452393823078239,1.3708584146139374e-05
11.262400095356625,0.00012598158732484587,1.3053796016481377e-05
11.264400095356626,0.00012322115571372264,1.25380122386635e-05
11.266400095356627,0.00015599408503464817,1.3045559605699158e-05
11.268400095356625,7.954820897892868e-05,1.2180125998100949e-05
11.270400095356624,9.727568611537607e-05,1.2033633644641551e-05
11.272400095356625,7.405462319627909e-05,1.2611009335120852e-05
11.274400095356626,6.353324531949715e-05,1.218060759309474e-05
11.276400095356625,0.00011128480368051873,1.2909412213329893e-05
11.278400095356623,0.0001036172201396307,1.3356804565124915e-05
11.280400095356624,6.0586789986187766e-05,1.2641906566801861e-05
11.282400095356625,9.145120791848225e-05,1.4045870813221508e-05
11.284400095356624,0.00012221373199547728,1.421999650049406e-05
11.286400095356623,0.0001610685709419303,1.3422498397889107e-05
11.288400095356623,9.491967054941136e-05,1.4614604097923599e-05
11.290400095356624,0.00014554013063815401,1.3682719880412936e-05
11.292400095356623,0.0001516025386797586,1.3379172235092852e-05
11.294400095356622,0.00012506479073016904,1.3791574642362027e-05
11.296400095356622,7.563697502067809e-05,1.2300194868124566e-05
11.298400095356623,0.00011435688434340544,1.2720202264846755e-05
11.300400095356622,8.28548187214236e-05,1.2607356256358938e-05
11.30240009535662,5.657440946802211e-05,1.1240881866213589e-05
11.304400095356621,6.921040478301906e-05,1.1986823273840627e-05
11.306400095356622,1.913463847951093e-05,1.1801956048133372e-05
11.308400095356621,6.0315348761313247e-05,1.0898293412711346e-05
11.31040009535662,9.832987680159417e-05,1.2675281871101065e-05
11.31240009535662,9.462243936091784e-05,1.243132722813035e-05
11.314400095356621,0.0001253069466079686,1.1965564569322273e-05
11.31640009535662,0.00012052679004238862,1.4035778832696793e-05
11.318400095356619,0.00010475848597934767,1.3133112739332894e-05
11.32040009535662,4.30147741586883e-05,1.3381372000642927e-05
11.32240009535662,5.231430656294508e-05,1.542851106268328e-05
11.32440009535662,9.959390430849397e-05,1.418224637483262e-05
11.326400095356618,7.21296450837894e-05,1.437302773928928e-05
11.328400095356619,8.783219299874339e-05,1.69178378816762e-05
11.33040009535662,9.065376389771924e-05,1.5120524574395213e-05
11.332400095356618,0.00012660927839020845,1.3983272478151556e-05
11.334400095356617,6.471159435696996e-05,1.4527130029984764e-05
11.336400095356618,0.00011583686314042031,1.3008350827598105e-05
11.338400095356619,7.578174170335222e-05,1.3293484207698883e-05
11.340400095356618,7.493048328299768e-05,1.3670552297795591e-05
11.342400095356616,0.00011537751741966899,1.2311740187636084e-05
11.344400095356617,0.0001969742334342856,1.2724221141320347e-05
11.346400095356618,0.00010851053325370999,1.3986514183333652e-05
11.348400095356617,0.00012488362112100926,1.280768930652863e-05
11.350400095356616,5.442296842657541e-05,1.4240382220974281e-05
11.352400095356616,7.787600906901238e-05,1.5517443706108436e-05
11.354400095356617,9.116189813780061e-05,1.4074156493878148e-05
11.356400095356616,5.340204964673022e-05,1.5634300095526103e-05
11.358400095356615,9.160005628356894e-05,1.585113315903163e-05
11.360400095356615,5.220387064066544e-05,1.4816326729768224e-05
11.362400095356616,7.08347847095929e-05,1.747707718054115e-05
11.364400095356615,0.00010064995772281162,1.612982010163096e-05
11.366400095356614,6.270666606924551e-05,1.4486472004727546e-05
11.368400095356614,7.964562102390208e-05,1.676345710770948e-05
11.370400095356615,6.17889570128099e-05,1.4263758775051178e-05
11.372400095356614,9.39716703625928e-05,1.3197516388712016e-05
11.374400095356613,4.212164535669495e-05,1.5005794509906011e-05
11.376400095356614,8.69873753591748e-05,1.2680651786535745e-05
11.378400095356614,0.00011244861058680321,1.2012445043468576e-05
11.380400095356613,8.700397561241883e-05,1.3389165374030913e-05
11.382400095356612,0.00010572036693628897,1.1692656667202794e-05
11.384400095356613,0.00013586638341199196,1.159897565140957e-05
11.386400095356613,0.00013567471207002582,1.3054575719292104e-05
11.388400095356612,0.0001442403586300252,1.1475712808338014e-05
11.390400095356611,0.00013065431149219202,1.2640236378312493e-05
11.392400095356612,0.00015925288715231922,1.4100514368811543e-05
11.394400095356612,8.799274870780563e-05,1.2821189522625187e-05
11.396400095356611,7.173688740556573e-05,1.471224322552602e-05
11.39840009535661,8.181931788429314e-05,1.5165126508756463e-05
11.400400095356611,0.00013138824126554343,1.3851765810547456e-05
11.402400095356612,0.00014795461040398295,1.5364464657387766e-05
11.40440009535661,9.812773754375538e-05,1.535011575135152e-05
11.40640009535661,0.00013296850365342562,1.4387191139647236e-05
11.40840009535661,0.00015719967379527856,1.5160257349801709e-05
11.41040009535661,8.230776024691343e-05,1.4038042866642295e-05
11.41240009535661,9.901206532300408e-05,1.3457616821672042e-05
11.414400095356608,0.00012561529802081924,1.3886638944203245e-05
11.41640009535661,0.00011622635262569474,1.3157906456922172e-05
11.41840009535661,0.00017926605136688885,1.2907336761684245e-05
11.420400095356609,0.00021848308508349955,1.317496303454932e-05
11.422400095356608,0.00022007690088223417,1.2792635592682888e-05
11.424400095356608,0.0001928896548070106,1.3436734574149595e-05
11.426400095356609,0.0002054386178744873,1.3688357160486231e-05
11.428400095356608,0.00019578414033362938,1.379263781554058e-05
11.430400095356607,0.00017895963329494656,1.482462715840257e-05
11.432400095356607,0.00016535325268225866,1.4963985840614667e-05
11.434400095356608,0.00016227429622830714,1.5201198079352173e-05
11.436400095356607,0.00017731968108652477,1.5621461522998724e-05
11.438400095356606,0.00017375219672669995,1.5300218060879398e-05
11.440400095356607,0.00017221729220082756,1.607223431333208e-05
11.442400095356607,0.00015827366508363945,1.600068440530986e-05
11.444400095356606,0.00017247199004946596,1.4756069860004308e-05
11.446400095356605,0.00014468549548269516,1.558018854636659e-05
11.448400095356606,0.0002082074221009226,1.5111863090608817e-05
11.450400095356606,0.00016811068193913045,1.3645654820816745e-05
11.452400095356605,0.00012093799254660152,1.4139083929484229e-05
11.454400095356604,0.00013310138342073643,1.3394690525464189e-05
11.456400095356605,0.00012135429610634903,1.1867752358691557e-05
11.458400095356605,0.0001142732091108136,1.2543798584321636e-05
11.460400095356604,7.808526803174916e-05,1.2293175564370136e-05
11.462400095356603,0.00011953809033598639,1.176167677004002e-05
11.464400095356604,9.696146149165329e-05,1.28913834523631e-05
11.466400095356605,0.00011662451323005366,1.2561889921236763e-05
11.468400095356603,0.00011339856788282989,1.249031762056138e-05
11.470400095356602,9.537536683678651e-05,1.4277919822709376e-05
11.472400095356603,0.00010771155398798506,1.39789620467079e-05
11.474400095356604,0.00013400050442891306,1.4782610754471423e-05
11.476400095356603,9.482777393074965e-05,1.621317083976321e-05
11.478400095356601,0.00011425484684692626,1.5266880318623413e-05
11.480400095356602,0.00015667716367213325,1.6060074135523077e-05
11.482400095356603,9.004974715204483e-05,1.6646592945819356e-05
11.484400095356602,8.202974408399743e-05,1.5947909946218078e-05
11.4864000953566,0.00011301848000972895,1.7384202828050208e-05
11.488400095356601,0.00011253814293626117,1.64267582173676e-05
11.490400095356602,0.00011139631349913045,1.4490353774525301e-05
11.4924000953566,0.0001259446761704201,1.4068314237056042e-05
11.4944000953566,0.00014521563197029985,1.3789126063508077e-05
11.4964000953566,0.00017659504276673204,1.2740647057437353e-05
11.498400095356601,0.00016343442835803977,1.2889117988611714e-05
11.5004000953566,0.00017338530110684534,1.282561320290464e-05
11.502400095356599,0.00016728525447881078,1.2476837779400079e-05
11.5044000953566,0.00017169908090303827,1.3262162021540267e-05
11.5064000953566,0.0001638519906818607,1.3203132180842283e-05
11.508400095356599,0.00011747700449907174,1.3218017744143389e-05
11.510400095356598,8.040517510866712e-05,1.4420052534794563e-05
11.512400095356599,0.00011716377879683102,1.4177257370966944e-05
11.5144000953566,0.00012644985346799674,1.4899979625801772e-05
11.516400095356598,0.00013172410448036238,1.6443225830084364e-05
11.518400095356597,8.482851064369018e-05,1.5062392812631453e-05
11.520400095356598,1.1220611368481492e-06,1.4953467165205323e-05
11.522400095356598,5.60555086916639e-05,1.6528087035417215e-05
11.524400095356597,9.03791169011325e-05,1.5047209597889172e-05
11.526400095356596,8.885728687911632e-05,1.4747436055479273e-05
11.528400095356597,9.476483021834638e-05,1.620274950368962e-05
11.530400095356597,7.469462791721459e-05,1.3870442138874121e-05
11.532400095356596,5.399161219679567e-05,1.3275949330430375e-05
11.534400095356595,9.837981483817372e-05,1.4474958464388217e-05
11.536400095356596,0.00014165256795403824,1.2855419112816968e-05
11.538400095356597,0.00016316542132113794,1.2363037772065945e-05
11.540400095356596,0.00015658757468992583,1.3568988705057608e-05
11.542400095356594,0.0001465084204431786,1.296996978860752e-05
11.544400095356595,0.00014630394616178127,1.2718243236640935e-05
11.546400095356596,0.0001373807229872003,1.4445011753403011e-05
11.548400095356595,0.00011144065193980492,1.3699965336182173e-05
11.550400095356594,8.764547496255859e-05,1.3877671331283168e-05
11.552400095356594,6.052810809212921e-05,7.91816926846916e-06
11.554400095356595,8.027359772267281e-05,7.787860512855488e-06
11.556400095356594,9.514405069536981e-05,7.790928638543841e-06
11.558400095356593,7.021665371046555e-05,8.050083037967352e-06
11.560400095356593,6.955139443374859e-05,8.033856473252067e-06
11.562400095356594,7.60295400595453e-05,8.003841352489561e-06
11.564400095356593,8.226205520842154e-05,8.366713889502005e-06
11.566400095356592,6.480222144102994e-05,8.352314553486577e-06
11.568400095356592,6.343508810078758e-05,7.858308539834954e-06
11.570400095356593,6.065450878028386e-05,7.899309461461629e-06
11.572400095356592,6.288540978381237e-05,7.792103056138162e-06
11.57440009535659,6.188094511034759e-05,7.484673942064966e-06
11.576400095356592,7.8036850828542e-05,7.680787259883404e-06
11.578400095356592,7.368001749607397e-05,7.831599056736314e-06
11.580400095356591,6.537963703856225e-05,7.82821049243332e-06
11.58240009535659,6.417578512410802e-05,8.263223150001602e-06
11.58440009535659,5.455074709318982e-05,8.555229964858537e-06
11.586400095356591,5.380331639841919e-05,8.416708902926551e-06
11.58840009535659,9.305895403515707e-05,8.12493127964791e-06
11.590400095356589,8.13742457774237e-05,8.13476168234543e-06
11.59240009535659,8.474932603073076e-05,7.962124702097328e-06
11.59440009535659,8.909883463943404e-05,7.756854388367004e-06
11.59640009535659,8.134988098367805e-05,7.75120604925571e-06
11.598400095356588,0.00010690949294185738,7.731760660445431e-06
11.600400095356589,0.0001026276026949983,7.638809308602306e-06
11.60240009535659,0.00011385097728795034,7.536033662209911e-06
11.604400095356588,8.949050321268914e-05,7.519577398798652e-06
11.606400095356587,6.947556580752636e-05,7.329783811017212e-06
11.608400095356588,4.4620478678459456e-05,7.271262115854576e-06
11.610400095356589,4.6429326778712466e-05,7.4288074379608146e-06
11.612400095356588,7.059282959737291e-05,7.407512497036474e-06
11.614400095356586,8.430280733131455e-05,7.120980440880358e-06
11.616400095356587,8.570804088287322e-05,7.252774039233112e-06
11.618400095356588,7.978268669625704e-05,7.455615561271938e-06
11.620400095356587,8.430073279102539e-05,7.147647110738923e-06
11.622400095356586,8.571996602522781e-05,7.264732033510347e-06
11.624400095356586,9.653600543065872e-05,7.605470885120128e-06
11.626400095356587,7.831517855924249e-05,7.334222038887227e-06
11.628400095356586,8.641621444636809e-05,7.293741579303771e-06
11.630400095356585,0.00010517699442945821,7.905055884906748e-06
11.632400095356585,8.386235171232417e-05,8.047432559727997e-06
11.634400095356586,8.211358958467796e-05,8.01538160514166e-06
11.636400095356585,7.142642750902422e-05,8.687506030004088e-06
11.638400095356584,9.536295905107948e-05,8.651550449350555e-06
11.640400095356584,7.244924271979078e-05,8.069300041800098e-06
11.642400095356585,9.163744158288128e-05,8.118675530692681e-06
11.644400095356584,0.00011696744283862389,8.038711454069574e-06
11.646400095356583,0.00010538528074465628,7.6075969821585e-06
11.648400095356584,8.401640133803349e-05,7.4345096216817715e-06
11.650400095356584,9.185919970409997e-05,7.548775725439148e-06
11.652400095356583,0.0001029195463909505,7.340134849572865e-06
11.654400095356582,9.763586103762492e-05,7.226187618423394e-06
11.656400095356583,7.442608075070661e-05,7.467857520373676e-06
11.658400095356583,8.201256661697625e-05,7.316256190102059e-06
11.660400095356582,0.00011943668021431703,7.172585945811252e-06
11.662400095356581,0.0001260226986154065,7.3830524795702384e-06
11.664400095356582,0.00011121335015883528,7.513488529572671e-06
11.666400095356583,8.260016160898715e-05,7.492280255797555e-06
11.668400095356581,9.934561867321007e-05,7.634542156628709e-06
11.67040009535658,0.00010804507989523447,7.895239331052208e-06
11.672400095356581,8.506206391963007e-05,7.965953948315615e-06
11.674400095356582,0.00010209181218277794,8.06077511794093e-06
11.67640009535658,0.000115331211350333,8.329005205093056e-06
11.67840009535658,0.00013120459315524812,8.355705526259302e-06
11.68040009535658,0.00010290860138640922,8.3591855910952e-06
11.68240009535658,9.68316506829119e-05,8.47090675466661e-06
11.68440009535658,9.782366964441873e-05,8.554975690825298e-06
11.686400095356579,0.00010392423949567481,8.52023100868526e-06
11.68840009535658,0.00011592576950947461,8.31515906280748e-06
11.69040009535658,0.00011937006493369724,8.13737759374789e-06
11.692400095356579,9.104176034735359e-05,7.934236249413748e-06
11.694400095356578,7.584907970128341e-05,7.60293277569763e-06
11.696400095356578,7.223455164534022e-05,7.548263227412128e-06
11.698400095356579,6.93226298505313e-05,7.705890097659556e-06
11.700400095356578,6.350432580656136e-05,9.184490801840164e-06
11.702400095356577,7.825718346884109e-05,9.1795945543778e-06
11.704400095356577,0.00010099452553203146,9.116622001711402e-06
11.706400095356578,0.00010966515835715405,8.989772889131677e-06
11.708400095356577,0.00010132490985909072,8.603384006152445e-06
11.710400095356576,7.752650074941596e-05,8.597194894162365e-06
11.712400095356577,7.454694653722343e-05,8.879596306179726e-06
11.714400095356577,9.235862985767247e-05,9.300833776759432e-06
11.716400095356576,0.00011267470347569938,9.693088978151726e-06
11.718400095356575,8.760964051588154e-05,1.0108896447046446e-05
11.720400095356576,8.1919604901092e-05,1.0281877750100742e-05
11.722400095356576,8.719423778771255e-05,1.0278826688158128e-05
11.724400095356575,8.618540851244242e-05,1.0162035074908908e-05
11.726400095356574,6.411918422735722e-05,9.99019750767876e-06
11.728400095356575,7.316210006689867e-05,9.695247847485866e-06
11.730400095356575,6.48564846839912e-05,9.638395248174723e-06
11.732400095356574,5.562704241084426e-05,9.873279055682428e-06
11.734400095356573,5.0558598492455186e-05,1.0289270882523365e-05
11.736400095356574,4.994382435037048e-05,1.0670760034285773e-05
11.738400095356575,4.987569335996763e-05,1.0555026287874973e-05
11.740400095356573,4.8624920861930675e-05,1.021688301516824e-05
11.742400095356572,4.7953677039737695e-05,9.747669716833856e-06
11.744400095356573,4.999631951468194e-05,9.231962335365962e-06
11.746400095356574,5.700633920729906e-05,8.775477466128134e-06
11.748400095356573,7.148350378689284e-05,8.652148189771973e-06
11.750400095356571,8.077130869143591e-05,8.814489007012769e-06
11.752400095356572,8.026336095658549e-05,8.982479316989477e-06
11.754400095356573,7.568262196346928e-05,8.994539502709128e-06
11.756400095356572,7.560733428852115e-05,8.779619933569728e-06
11.75840009535657,7.076273349650747e-05,8.719329948762825e-06
11.760400095356571,8.440116703427238e-05,8.839515722855108e-06
11.762400095356572,7.255956835552194e-05,8.98341269677368e-06
11.76440009535657,5.329501295715462e-05,9.200660755116519e-06
11.76640009535657,6.219839584647636e-05,9.594406408494924e-06
11.76840009535657,5.178709506754562e-05,1.0009444857653566e-05
11.770400095356571,6.161266943690534e-05,9.595605883370986e-06
11.77240009535657,7.871188791481112e-05,9.233714457804451e-06
11.774400095356569,9.051468640570214e-05,9.122207585640236e-06
11.77640009535657,9.05697580856869e-05,9.198508590840455e-06
11.77840009535657,0.00013790045239921357,9.491355145882384e-06
11.780400095356569,0.00011276098733989737,9.853507989293099e-06
11.782400095356568,6.984644655204458e-05,1.0159239370928498e-05
11.784400095356569,3.789604778029879e-05,1.019220991912335e-05
11.78640009535657,3.3929609374904954e-05,9.75789406706172e-06
11.788400095356568,4.878672519012931e-05,9.201421334280704e-06
11.790400095356567,4.31553931825979e-05,8.862108177995288e-06
11.792400095356568,4.517123447107005e-05,8.749548056625816e-06
11.794400095356568,5.789650513284851e-05,8.936385968552582e-06
11.796400095356567,7.352375749527006e-05,9.459958421956094e-06
11.798400095356566,7.773509669120833e-05,9.887822088825627e-06
11.800400095356567,9.874011635767449e-05,1.0058566901416155e-05
11.802400095356568,0.0001095623671565653,9.92208962042982e-06
11.804400095356566,0.00010162389794534587,9.584701483463415e-06
11.806400095356565,7.729828224447134e-05,9.23829703668617e-06
11.808400095356566,7.117877808847291e-05,9.14272782894474e-06
11.810400095356567,7.665733969909159e-05,9.486803564531691e-06
11.812400095356566,6.935639754289187e-05,1.005712635234733e-05
11.814400095356564,5.206342327178061e-05,1.050979092190774e-05
11.816400095356565,3.8786517363693964e-05,1.052432115858645e-05
11.818400095356566,4.239285447147714e-05,1.0668076141879934e-05
11.820400095356565,6.955429838902567e-05,1.0327922872248081e-05
11.822400095356564,0.00010022187640380714,1.0114289171715954e-05
11.824400095356564,0.00011287937113290864,1.007782140880308e-05
11.826400095356565,9.283562815197308e-05,1.0072821591425843e-05
11.828400095356564,0.0001026667333115188,1.02580692716412e-05
11.830400095356563,9.745186361275324e-05,1.0471292887349544e-05
11.832400095356563,9.046190951145992e-05,1.0477017143242766e-05
11.834400095356564,8.957633943573165e-05,1.0358151361169798e-05
11.836400095356563,9.641786309253816e-05,1.0307744696966539e-05
11.838400095356562,6.898783493697512e-05,1.025117816972641e-05
11.840400095356562,6.963757006362864e-05,1.0018680486807078e-05
11.842400095356563,7.538804918048514e-05,9.823191605717931e-06
11.844400095356562,8.210569943088794e-05,9.659083927244166e-06
11.846400095356561,9.184487950221548e-05,9.450814540428031e-06
11.848400095356562,9.78281546668916e-05,9.30192765545657e-06
11.850400095356562,9.996139213994592e-05,9.263576013244935e-06
11.852400095356561,9.717065928021757e-05,9.434566286638458e-06
11.85440009535656,8.979065472145516e-05,9.77380846216606e-06
11.85640009535656,8.106380904492706e-05,1.0175076584546395e-05
11.858400095356561,9.553147897653326e-05,1.0551392211037137e-05
11.86040009535656,0.00010846130612389722,1.0505776337840683e-05
11.86240009535656,0.00011458203473603307,1.0294251925345199e-05
11.86440009535656,0.00010891171173648892,1.0101785706500623e-05
11.86640009535656,8.940445372079685e-05,1.0091582359763484e-05
11.86840009535656,7.855402997036443e-05,1.0394532496050859e-05
11.870400095356558,9.538784159167715e-05,1.057914002020732e-05
11.872400095356559,0.00011915404490665091,1.0964865809109668e-05
11.87440009535656,0.00013019265478872796,1.1555790784748319e-05
11.876400095356558,0.00011116981177595817,1.2072749186182256e-05
11.878400095356557,6.750345181993186e-05,1.0703794535473827e-05
11.880400095356558,6.895026716514284e-05,1.0226223716446723e-05
11.882400095356559,7.492170057338627e-05,1.0019971280340128e-05
11.884400095356558,8.450801452776908e-05,1.0052131357746211e-05
11.886400095356557,0.00010607796951543394,1.0427594794592978e-05
11.888400095356557,8.719926320943278e-05,1.0485181596561207e-05
11.890400095356558,7.025229010152854e-05,1.0541641197749113e-05
11.892400095356557,9.21646577191185e-05,1.0610585570834536e-05
11.894400095356556,0.00011755769390747426,1.0529872106897424e-05
11.896400095356556,9.272848108481196e-05,1.0140075176050876e-05
11.898400095356557,8.757149260309805e-05,1.0013719926317471e-05
11.900400095356556,7.653743397765622e-05,1.0265013016690652e-05
11.902400095356555,8.342461650917527e-05,1.0689473935668214e-05
11.904400095356555,0.00010354319861439656,1.100769425314742e-05
11.906400095356556,0.00011936343871211979,1.096629542322002e-05
11.908400095356555,0.00010620992672828318,1.0973694413125675e-05
11.910400095356554,0.00010758607044349001,1.1093068099697309e-05
11.912400095356555,0.00010797249742194138,1.1177134155872527e-05
11.914400095356555,0.00010349539413916253,1.1294974967449592e-05
11.916400095356554,9.526664824560537e-05,1.1543993684108936e-05
11.918400095356553,8.823642903071223e-05,1.1426572813199524e-05
11.920400095356554,9.075681168384635e-05,1.125534855818257e-05
11.922400095356554,9.553192613395913e-05,1.1123837981339709e-05
11.924400095356553,0.00010377352001937553,1.107246196667048e-05
11.926400095356552,0.0001166551582264544,1.112844139125541e-05
11.928400095356553,0.00010225692194079853,1.1423950298960903e-05
11.930400095356553,9.137467986027387e-05,1.145840369006164e-05
11.932400095356552,9.74105598928639e-05,1.147612279085831e-05
11.934400095356551,0.0001111162816902672,1.1417114669635362e-05
11.936400095356552,0.00011392130194691969,1.1154594519492452e-05
11.938400095356553,9.206689974791167e-05,1.1080183606063854e-05
11.940400095356551,0.00011268527552249293,1.1175340355307352e-05
11.94240009535655,0.00012672238505064158,1.1540692088959382e-05
11.944400095356551,0.00013014561819934536,1.197644092182363e-05
11.946400095356552,0.0001344059920930212,1.2180750492311397e-05
11.94840009535655,0.000125573924667054,1.2162984634101343e-05
11.95040009535655,0.00011587997898612121,1.1839534015901497e-05
11.95240009535655,0.00010515055947898757,1.1675403393927087e-05
11.95440009535655,9.225143895502938e-05,1.1627985793004512e-05
11.95640009535655,7.762294288477993e-05,1.1490701640514562e-05
11.958400095356549,8.111708480965786e-05,1.1500959458935719e-05
11.96040009535655,8.432755885140978e-05,1.134866510655515e-05
11.96240009535655,8.115935694508594e-05,1.1155966088973137e-05
11.964400095356549,7.183020144090635e-05,1.0969781422546471e-05
11.966400095356548,5.951863600544086e-05,1.0834763422089213e-05
11.968400095356548,4.859787703037932e-05,1.1052114557631996e-05
11.970400095356549,7.534502718248587e-05,1.116218878039822e-05
11.972400095356548,7.487435967212763e-05,1.1250160138824238e-05
11.974400095356547,6.329633705644391e-05,1.1192285215065255e-05
11.976400095356547,8.115923857016739e-05,1.0840318388622842e-05
11.978400095356548,7.980039657304093e-05,1.0610427193405843e-05
11.980400095356547,7.601543371138099e-05,1.0665840598691532e-05
11.982400095356546,5.44776150882374e-05,1.0706207797074327e-05
11.984400095356547,4.3448454801603084e-05,1.0756631273941854e-05
11.986400095356547,7.819908116969742e-05,1.0921916926696847e-05
11.988400095356546,8.182064801818028e-05,1.081446355542701e-05
11.990400095356545,8.706255871255874e-05,1.063999012725382e-05
11.992400095356546,0.00010175908806284972,1.0480061685413304e-05
11.994400095356546,0.00011563974971474335,1.0467968925057124e-05
11.996400095356545,0.00011484465486650355,1.0758396126557054e-05
11.998400095356544,0.00012651879035704264,1.1537421267301546e-05
12.000400095356545,0.00012413682818076594,1.1901479193102667e-05
12.002400095356546,0.00011953234197556491,1.1898433334310231e-05
12.004400095356544,0.00010760250916823057,1.167597401530173e-05
12.006400095356543,8.274985746952723e-05,1.1455990768839827e-05
12.008400095356544,0.00010061362041404346,1.160290630752802e-05
12.010400095356545,0.00011557165315679523,1.1805473848631177e-05
12.012400095356544,0.00011805794008671291,1.2024318660849444e-05
12.014400095356542,0.00012157880338226942,1.2191076922193496e-05
12.016400095356543,0.00014101794896680198,1.2185986202328756e-05
12.018400095356544,0.00010570451644981025,1.1480111029464718e-05
12.020400095356543,9.639017585286862e-05,1.1182475416447823e-05
12.022400095356542,0.00011862429803885378,1.1233954512252559e-05
12.024400095356542,0.0001448558556605836,1.1548079041657624e-05
12.026400095356543,0.00013771670509749728,1.1952309303658706e-05
12.028400095356542,0.00010962239466861605,1.1710016666009028e-05
12.03040009535654,8.72299751073708e-05,1.1409008342614967e-05
12.032400095356541,8.188657892153839e-05,1.117795973087756e-05
12.034400095356542,8.677711272852257e-05,1.1112398646680983e-05
12.03640009535654,9.125032056522051e-05,1.1308017761942039e-05
12.03840009535654,0.00012839444375199738,1.204635011275527e-05
12.04040009535654,0.00013581530311756746,1.1764158582091685e-05
12.042400095356541,0.00014440281204469133,1.1318483372095755e-05
12.04440009535654,0.00014512140162672893,1.0984714286569994e-05
12.046400095356539,0.00011807701342087695,1.0840998333340638e-05
12.04840009535654,9.177405413526228e-05,1.1179345766727188e-05
12.05040009535654,0.00011050555217244665,1.1778151440221277e-05
12.052400095356539,0.00011365010077587949,1.1926963668917434e-05
12.054400095356538,0.0001015814859786609,1.163824578933846e-05
12.056400095356539,9.462031857254253e-05,1.1217960649398872e-05
12.05840009535654,6.420353985595525e-05,1.081508119060609e-05
12.060400095356538,6.8952994066643e-05,1.0965124779171026e-05
12.062400095356537,8.227888167615635e-05,1.144486753146892e-05
12.064400095356538,9.411532060032526e-05,1.1961717721613203e-05
12.066400095356538,0.000101181658645179,1.2174909692975015e-05
12.068400095356537,0.00010869063712245891,1.1714315677389583e-05
12.070400095356536,0.00010279378480273317,1.1086121382430966e-05
12.072400095356537,9.864084244037978e-05,1.0755710232032226e-05
12.074400095356538,9.568244880752665e-05,1.082340013601104e-05
12.076400095356536,9.003003066751745e-05,1.1197942745089501e-05
12.078400095356535,0.00010746462811581996,1.1471027869256186e-05
12.080400095356536,0.00010118092703076368,1.1352089547599286e-05
12.082400095356537,9.067039822326697e-05,1.100623809560497e-05
12.084400095356536,8.98370169957879e-05,1.0654405846847335e-05
12.086400095356534,0.00010757421974307612,1.054653729493818e-05
12.088400095356535,0.0001216769095896605,1.0878760942759085e-05
12.090400095356536,9.77765461767094e-05,1.133450460683823e-05
12.092400095356535,8.266911855450846e-05,1.1596115557401408e-05
12.094400095356534,8.206699815204558e-05,1.1587362662667756e-05
12.096400095356534,8.662853537884094e-05,1.1367250924986757e-05
12.098400095356535,0.00010251368060526244,1.1294003638719882e-05
12.100400095356534,7.385171478195186e-05,1.1341978858818261e-05
12.102400095356533,4.371647702069847e-05,1.1558599002066944e-05
12.104400095356533,4.300736632560164e-05,1.1797900989740458e-05
12.106400095356534,9.090069901395365e-05,1.1852733902599343e-05
12.108400095356533,0.0001354364135194531,1.1758206151023425e-05
12.110400095356532,9.808239124725143e-05,1.2132477687640195e-05
12.112400095356533,8.880564835825863e-05,1.233264892338549e-05
12.114400095356533,0.00010333296402806973,1.2288107928486725e-05
12.116400095356532,9.56218380030206e-05,1.2139063487789506e-05
12.118400095356531,6.462900250956156e-05,1.1789196554490301e-05
12.120400095356532,6.443024611178234e-05,1.1712509535335788e-05
12.122400095356532,7.03659394614046e-05,1.2380998961972899e-05
12.124400095356531,8.19012508944507e-05,1.3297243786086256e-05
12.12640009535653,0.00010173691039751259,1.3553251308113002e-05
12.12840009535653,7.28847810946027e-05,1.2333630898781077e-05
12.130400095356531,7.167627565410583e-05,1.162038188559187e-05
12.13240009535653,7.727079990695766e-05,1.1215565048461192e-05
12.13440009535653,8.041429137196514e-05,1.108166874170416e-05
12.13640009535653,7.833086508966148e-05,1.1227444006082807e-05
12.13840009535653,9.234477838997372e-05,1.1688362992482874e-05
12.14040009535653,9.004847007140909e-05,1.2208452916520874e-05
12.142400095356528,0.0001032861709443466,1.2244597824158112e-05
12.144400095356529,0.00011664456789338202,1.1875561875391065e-05
12.14640009535653,0.00010012927383757725,1.144884336800963e-05
12.148400095356529,7.18298261601171e-05,1.1288040510104324e-05
12.150400095356527,8.347779435454689e-05,1.1643538980612886e-05
12.152400095356528,9.309421084704042e-05,1.2213621060376041e-05
12.154400095356529,9.708039870699624e-05,1.264505040684992e-05
12.156400095356528,0.00010278756114391568,1.2580074427292368e-05
12.158400095356527,7.493464050393548e-05,1.1934055272805424e-05
12.160400095356527,8.346220022864727e-05,1.1421419798497247e-05
12.162400095356528,9.198293970944509e-05,1.1397456207999203e-05
12.164400095356527,9.287556996399342e-05,1.178771502920965e-05
12.166400095356526,9.065747557058521e-05,1.2319509365057317e-05
12.168400095356526,9.918305192847353e-05,1.2703703154200003e-05
12.170400095356527,7.977701897562982e-05,1.266806539179544e-05
12.172400095356526,4.948415327276931e-05,1.2262917898149646e-05
12.174400095356525,4.518447488787537e-05,1.180595730527273e-05
12.176400095356525,9.849608997269625e-05,1.1679296417010428e-05
12.178400095356526,0.00010242245286886809,1.1642571563557776e-05
12.180400095356525,0.00011004162942216906,1.1899861187751713e-05
12.182400095356524,0.00012867691222578673,1.2000025488767144e-05
12.184400095356525,0.00013080067235882566,1.1913848559584375e-05
12.186400095356525,8.629885139972675e-05,1.1776581167688298e-05
12.188400095356524,8.36022535677069e-05,1.1625816063036724e-05
12.190400095356523,9.96611384250642e-05,1.1524635124448258e-05
12.192400095356524,0.0001183438940482795,1.1529780364492065e-05
12.194400095356524,0.00013635129538112345,1.1592361497581618e-05
12.196400095356523,0.0001510997417211726,1.1652133082198754e-05
12.198400095356522,0.00011725243759216515,1.2020448824659343e-05
12.200400095356523,0.00011514001868280434,1.2277020672575901e-05
12.202400095356523,0.00010343101910994674,1.2279068974362746e-05
12.204400095356522,9.406675994423265e-05,1.2174160688757968e-05
12.206400095356521,0.00011333164650086436,1.2192684924852377e-05
12.208400095356522,0.00011631956778813274,1.2102170893553837e-05
12.210400095356523,0.00010625934295816663,1.2239546776805559e-05
12.212400095356521,9.593101213196237e-05,1.2529513927429479e-05
12.21440009535652,9.230533912944896e-05,1.2562895138097298e-05
12.216400095356521,9.765966471660855e-05,1.190890361420842e-05
12.218400095356522,8.939463105389725e-05,1.132533767375834e-05
12.22040009535652,0.0001172052461676977,1.1219518270860067e-05
12.22240009535652,0.00013850083394210925,1.1612390555233829e-05
12.22440009535652,0.00013693671258506972,1.2185691980675928e-05
12.22640009535652,0.00011309938403065151,1.246994827393333e-05
12.22840009535652,0.00013188400426961675,1.2091503485611359e-05
12.230400095356519,0.00014382621077258193,1.1483988062003597e-05
12.23240009535652,0.00012883411310242294,1.1207668876463397e-05
12.23440009535652,9.198405230947471e-05,1.1344610601808056e-05
12.236400095356519,5.234709930344926e-05,1.1754984644388073e-05
12.238400095356518,5.573582062553757e-05,1.2143204668187517e-05
12.240400095356518,0.00010430744538219663,1.2081500988154077e-05
12.242400095356519,0.00014526968012992266,1.1614592694599872e-05
12.244400095356518,0.00016195403720181733,1.12503604688242e-05
12.246400095356517,0.0001545002889146407,1.1560968653037526e-05
12.248400095356518,0.00014565091033691242,1.169757759746541e-05
12.250400095356518,0.00015136262511077447,1.1671056737858893e-05
12.252400095356517,0.0001520966101422464,1.1508613063139499e-05
12.254400095356516,0.0001482518273676899,1.145165976000983e-05
12.256400095356517,0.00014616045840589503,1.1747942292751815e-05
12.258400095356517,0.0001302030436684937,1.1779207209502381e-05
12.260400095356516,0.00011430108764745033,1.1446049137643072e-05
12.262400095356515,0.0001015242125633685,1.1235249081341371e-05
12.264400095356516,9.649617987110746e-05,1.1202197483405304e-05
12.266400095356516,0.00010259270441190742,1.1249458942535747e-05
12.268400095356515,0.00010633021011040511,1.151533847922792e-05
12.270400095356514,0.0001167620892028396,1.1172794677437532e-05
12.272400095356515,0.00011906236719279338,1.0828316831213253e-05
12.274400095356516,0.00011227048953212415,1.0651465704078843e-05
12.276400095356514,0.00010239547655066183,1.066163710514015e-05
12.278400095356513,0.00010653299200282022,1.1092438111218509e-05
12.280400095356514,0.00011058173456141467,1.156874157758973e-05
12.282400095356515,9.272506635278862e-05,1.1638404915781193e-05
12.284400095356514,6.791104731765532e-05,1.1285164022027845e-05
12.286400095356512,6.347780695753977e-05,1.0748190527493623e-05
12.288400095356513,7.414082654279958e-05,1.0895926504447302e-05
12.290400095356514,8.404915817827038e-05,1.1259481315989198e-05
12.292400095356513,9.244834401041187e-05,1.145224405757012e-05
12.294400095356512,9.242539462378281e-05,1.1356333644204649e-05
12.296400095356512,8.029405794537941e-05,1.0974871908696397e-05
12.298400095356513,0.00010907432245123559,1.0365269989075066e-05
12.300400095356512,0.00011255063047465999,1.0291107184807207e-05
12.30240009535651,9.268288738882085e-05,1.0600811553338883e-05
12.304400095356511,6.805492092109003e-05,1.0965741632549136e-05
12.306400095356512,6.450670590541071e-05,1.1023762012707063e-05
12.308400095356511,0.00010248246587581695,1.1000203639490968e-05
12.31040009535651,0.00011236998702756062,1.0882213338862997e-05
12.31240009535651,8.017789292622226e-05,1.1006778945405298e-05
12.314400095356511,5.109649997032958e-05,1.1318300950893422e-05
12.31640009535651,8.141444701493351e-05,1.1574502709260742e-05
12.318400095356509,8.051709430783764e-05,1.133170006299171e-05
12.32040009535651,7.137633861136212e-05,1.1300403457359068e-05
12.32240009535651,6.0007556988229095e-05,1.1437662866029531e-05
12.32440009535651,5.871285452014698e-05,1.1606030972956993e-05
12.326400095356508,7.818274781299144e-05,1.1626170744817926e-05
12.328400095356509,8.657463956856235e-05,1.1363417254242194e-05
12.33040009535651,7.454987792851272e-05,1.1097610108982335e-05
12.332400095356508,8.06433675207478e-05,1.091720815447528e-05
12.334400095356507,9.636621416898702e-05,1.1004608804662331e-05
12.336400095356508,9.754852381391894e-05,1.148148324816834e-05
12.338400095356509,9.788943357470431e-05,1.1530345597696246e-05
12.340400095356507,7.327116339076329e-05,1.1139922610996956e-05
12.342400095356506,6.362420155883967e-05,1.0896635696911268e-05
12.344400095356507,7.399968095840785e-05,1.0974087093072278e-05
12.346400095356508,9.275842370507799e-05,1.1365220254850512e-05
12.348400095356507,8.577131803762192e-05,1.1959887353697689e-05
12.350400095356505,9.149641605108153e-05,1.1654621638740479e-05
12.352400095356506,9.464127505016937e-05,1.122934608086408e-05
12.354400095356507,9.300176030251333e-05,1.1087636697587237e-05
12.356400095356506,9.062660250579723e-05,1.1420362985210553e-05
12.358400095356505,0.0001018084770813644,1.1682978876600456e-05
12.360400095356505,9.690473604558946e-05,1.1803290139221678e-05
12.362400095356506,9.324861809771148e-05,1.1520252898363309e-05
12.364400095356505,9.397748891844226e-05,1.1150560502457764e-05
12.366400095356504,9.416989372185997e-05,1.1213442986256664e-05
12.368400095356504,6.365570509524944e-05,1.176444564950695e-05
12.370400095356505,9.480886546991973e-05,1.181936266445977e-05
12.372400095356504,8.530089197652789e-05,1.1629240123463947e-05
12.374400095356503,4.886717082723634e-05,1.1422243967560909e-05
12.376400095356503,4.175247920672874e-05,1.1412656044810343e-05
12.378400095356504,6.818223754435207e-05,1.1622817537623348e-05
12.380400095356503,0.00011340215232422425,1.2331726548841199e-05
12.382400095356502,0.0001082027461784619,1.23670352898517e-05
12.384400095356503,7.85870712827887e-05,1.2039345609312085e-05
12.386400095356503,7.943860622339992e-05,1.2152884736002318e-05
12.388400095356502,5.115765581217588e-05,1.2246396236848011e-05
12.390400095356501,7.056095113157979e-05,1.2224769652160831e-05
12.392400095356502,8.778309285319351e-05,1.2268009959518582e-05
12.394400095356502,9.18346871581214e-05,1.2345074756670363e-05
12.396400095356501,8.805932758142968e-05,1.2352408428896623e-05
12.3984000953565,9.225407606695509e-05,1.2324349252331512e-05
12.4004000953565,0.00015055033632855924,1.2523742942498238e-05
12.402400095356501,0.00015607733968594226,1.2517232223910881e-05
12.4044000953565,0.00012585346027590367,1.2149338939075496e-05
12.4064000953565,0.00011807444198471411,1.1456622395845166e-05
12.4084000953565,8.621087872602353e-05,1.1202838685182306e-05
12.4104000953565,8.486430945285611e-05,1.1509529839674445e-05
12.4124000953565,9.213283964852382e-05,1.1872552327997035e-05
12.414400095356498,9.215878783199807e-05,1.1927967333308616e-05
12.416400095356499,6.914942076524853e-05,1.1462868835541818e-05
12.4184000953565,-1.1908381444473686e-05,1.1273717508238406e-05
12.420400095356499,1.9244420699740002e-05,1.1373282060396603e-05
12.422400095356497,4.771380132790519e-05,1.1506703088932233e-05
12.424400095356498,5.5391162290531144e-05,1.1586944900869624e-05
12.426400095356499,6.0651047168670065e-05,1.1594348600800183e-05
12.428400095356498,6.704435498463861e-05,1.1546844288369038e-05
12.430400095356497,4.4904788115917744e-05,1.1575122216339573e-05
12.432400095356497,3.939669677223937e-05,1.165200160987646e-05
12.434400095356498,5.272213481288644e-05,1.16162927382537e-05
12.436400095356497,6.760213397969051e-05,1.1323940244965919e-05
12.438400095356496,4.877290257805982e-05,1.1366936379302277e-05
12.440400095356496,4.532590533594077e-05,1.1380932271868339e-05
12.442400095356497,6.0071985410480476e-05,1.1482536009023641e-05
12.444400095356496,8.568945524611702e-05,1.1488819118590302e-05
12.446400095356495,0.00010819172818513682,1.117422911366648e-05
12.448400095356495,9.64827744296268e-05,1.1120206702739293e-05
12.450400095356496,7.748638603756095e-05,1.1152170369560632e-05
12.452400095356495,6.001414543908716e-05,1.1416377587510992e-05
12.454400095356494,4.9440297497590094e-05,1.1630661320350346e-05
12.456400095356495,4.831904251248656e-05,1.1363657370095488e-05
12.458400095356495,4.5193992908843096e-05,1.0492464269136885e-05
12.460400095356494,5.0422487803491766e-05,1.0199536168664692e-05
12.462400095356493,5.991179278205072e-05,1.0201974675630669e-05
12.464400095356494,6.637096652306828e-05,1.0338093192997908e-05
12.466400095356494,6.401526602099347e-05,1.0462662738673364e-05
12.468400095356493,7.771084371065024e-05,1.0290071504132962e-05
12.470400095356492,9.380599637609e-05,1.0091793438933947e-05
12.472400095356493,9.279186764605934e-05,1.0232363352769067e-05
12.474400095356494,8.09497318721123e-05,1.0607120188865555e-05
12.476400095356492,7.325347981096915e-05,1.088878806081615e-05
12.478400095356491,6.041858596439124e-05,1.0542953336358639e-05
12.480400095356492,9.91728474313576e-05,1.0285199703088453e-05
12.482400095356493,0.00012494423662608324,1.0409209817474284e-05
12.484400095356492,0.0001261948706388573,1.09735751184349e-05
12.48640009535649,0.0001112597361760954,1.1806907828935051e-05
12.488400095356491,7.170844641909574e-05,1.155149432326864e-05
12.490400095356492,5.876256145424131e-05,1.1114316047502021e-05
12.49240009535649,6.421566130531389e-05,1.1140017254085612e-05
12.49440009535649,6.603461682109473e-05,1.139561822406517e-05
12.49640009535649,4.210043847625842e-05,1.1360098563437852e-05
12.49840009535649,3.5208917352974676e-05,1.1341108415211069e-05
12.50040009535649,5.6816991568831424e-05,1.1224118520211833e-05
12.502400095356489,5.7454534502464386e-05,1.1344220864815046e-05
12.50440009535649,4.2853452600241124e-05,1.1796099102169722e-05
12.50640009535649,3.851525770340339e-05,1.2468191591767818e-05
12.508400095356489,3.9476267511848115e-05,1.2239915527737024e-05
12.510400095356488,5.144168453001885e-05,1.2376249636464757e-05
12.512400095356488,6.832346367700788e-05,1.2430909533444272e-05
12.51440009535649,7.707634764004218e-05,1.2338848588425773e-05
12.516400095356488,6.589441850350112e-05,1.220652997134886e-05
12.518400095356487,6.600699064897892e-05,1.2324776505757029e-05
12.520400095356488,4.4415653064466235e-05,1.233104415915957e-05
12.522400095356488,5.4766894062961087e-05,1.2340878680721932e-05
12.524400095356487,7.622415785871627e-05,1.2333949830124623e-05
12.526400095356486,6.527867470035014e-05,1.2218021423053924e-05
12.528400095356487,6.235121946208722e-05,1.1704558228917603e-05
12.530400095356487,3.134758449539444e-05,1.1950799431532424e-05
12.532400095356486,2.1498705912308313e-05,1.2273353246430414e-05
12.534400095356485,3.839243539906643e-05,1.2235435650155411e-05
12.536400095356486,6.698356968179289e-05,1.1590393704634106e-05
12.538400095356486,6.816563674637024e-05,1.1085205564154708e-05
12.540400095356485,7.35662858242622e-05,1.1047639844477665e-05
12.542400095356484,7.011365844178749e-05,1.125905475194098e-05
12.544400095356485,5.694354342926191e-05,1.1469989889249978e-05
12.546400095356486,4.010230680869809e-05,1.138516395275472e-05
12.548400095356484,4.2327540320009935e-05,1.0500862174678178e-05
12.550400095356483,3.9714102101087126e-05,1.0481299298323608e-05
12.552400095356484,5.2548258046343624e-05,1.0986410003256185e-05
12.554400095356485,6.476029536612839e-05,1.1549107190723678e-05
12.556400095356484,5.176411358047628e-05,1.16542238894425e-05
12.558400095356482,5.5821016761020136e-05,1.1102130506410242e-05
12.560400095356483,4.334485676825382e-05,1.0948853876879784e-05
12.562400095356484,3.723284843303043e-05,1.105488250651791e-05
12.564400095356483,3.9463932464746874e-05,1.1284961906930746e-05
12.566400095356482,4.265613436752353e-05,1.1474660195139473e-05
12.568400095356482,3.09147833010204e-05,1.129639535852194e-05
12.570400095356483,5.079924436620351e-05,1.1157513040535555e-05
12.572400095356482,5.7296528033802665e-05,1.1055764436956672e-05
12.57440009535648,5.994998888359447e-05,1.100263830142956e-05
12.576400095356481,8.349083362373482e-05,1.102749692206749e-05
12.578400095356482,8.248210147594713e-05,1.131363808418294e-05
12.580400095356481,6.681094561119001e-05,1.140810707812331e-05
12.58240009535648,5.0388670216217634e-05,1.1322529502622471e-05
12.58440009535648,2.9757654928505342e-05,1.1095728581937889e-05
12.586400095356481,2.2917272635481725e-06,1.0803812449834454e-05
12.58840009535648,4.308400129803475e-05,1.0687289658497931e-05
12.590400095356479,5.0725036826623734e-05,1.1051586870677651e-05
12.59240009535648,5.480503047378486e-05,1.130308762334706e-05
12.59440009535648,5.350228472833658e-05,1.1146605826863973e-05
12.59640009535648,4.0346221840900924e-05,1.0549848325656663e-05
12.598400095356478,8.470401197853833e-05,1.0907498617652225e-05
12.600400095356479,3.76911486858836e-05,1.1419252050420939e-05
12.60240009535648,3.228084613634105e-05,1.1431914632181202e-05
12.604400095356478,5.372739919581611e-05,1.103074063975768e-05
12.606400095356477,3.824923182397248e-05,1.0637575581305118e-05
12.608400095356478,3.438207014599113e-05,1.0874310032451327e-05
12.610400095356479,8.092998033132205e-06,1.1278447550843548e-05
12.612400095356477,1.9701928081001874e-05,1.1314871655766506e-05
12.614400095356476,4.612644293229262e-05,1.0929562551674223e-05
12.616400095356477,3.650097058298549e-05,1.03564281736101e-05
12.618400095356478,1.0530338947757301e-05,1.0635041702237513e-05
12.620400095356477,2.5513026196800078e-05,1.1170114174875996e-05
12.622400095356475,3.785279412900452e-05,1.1323443603599243e-05
12.624400095356476,3.843040417044067e-05,1.1013119752627178e-05
12.626400095356477,3.2099554402378794e-05,1.0483802682849956e-05
12.628400095356476,2.7287477086786792e-05,1.0872273050116707e-05
12.630400095356475,3.3972370642784015e-05,1.1210528452647943e-05
12.632400095356475,4.025567479490223e-05,1.1346789555438256e-05
12.634400095356476,3.819039679891336e-05,1.1318210105364158e-05
12.636400095356475,2.5743087385485293e-05,1.1255896205140037e-05
12.638400095356474,4.534953144897131e-05,1.1376980011156029e-05
12.640400095356474,6.218470243793467e-05,1.1649655751025291e-05
12.642400095356475,4.5640512833019374e-05,1.1627434954311496e-05
12.644400095356474,2.0473610952731713e-05,1.1389121772219165e-05
12.646400095356473,2.8103893958778305e-05,1.1232124274263611e-05
12.648400095356473,4.011162651802174e-05,1.142021123639591e-05
12.650400095356474,3.657380898139267e-05,1.1405793896216662e-05
12.652400095356473,2.3260279671073414e-05,1.1330735554379263e-05
12.654400095356472,1.281635641203702e-05,1.1355231422118113e-05
12.656400095356473,1.7926062012571047e-05,1.1602386104822344e-05
12.658400095356473,1.866958737781012e-05,1.1710319629054823e-05
12.660400095356472,3.3854573819210164e-05,1.1509772602334254e-05
12.662400095356471,3.2629984180504145e-05,1.1492812527593869e-05
12.664400095356472,2.8529980456022405e-05,1.1644965314510227e-05
12.666400095356472,4.831247626568516e-05,1.1746523217922036e-05
12.668400095356471,6.75026546775458e-05,1.1607874958917832e-05
12.67040009535647,7.007169597920053e-05,1.1304484567036069e-05
12.67240009535647,6.706296908581389e-05,1.1262012384029239e-05
12.674400095356471,6.189079812407786e-05,1.146552309331392e-05
12.67640009535647,5.583061648823899e-05,1.1681015063092237e-05
12.67840009535647,5.539982554803321e-05,1.13455226100435e-05
12.68040009535647,4.28077362175852e-05,1.1063820218870903e-05
12.68240009535647,4.377312264198395e-05,1.114927306246785e-05
12.68440009535647,5.2904484930485e-05,1.1542160888878057e-05
12.686400095356468,5.283160215264441e-05,1.1976342359598462e-05
12.688400095356469,3.565388471125328e-05,1.1780524286730694e-05
12.69040009535647,4.6538519521335694e-05,1.1258942491074688e-05
12.692400095356469,7.304344890010181e-05,1.1278985607158223e-05
12.694400095356468,8.688564288457189e-05,1.1695966354351466e-05
12.696400095356468,6.057896046131364e-05,1.1944450077432693e-05
12.698400095356469,4.658859408121727e-05,1.1511892263694254e-05
12.700400095356468,2.3866541012832266e-05,1.1158702346595117e-05
12.702400095356467,4.051430644265479e-05,1.1230935736993764e-05
12.704400095356467,6.913791907008504e-05,1.14740029942729e-05
12.706400095356468,6.105719206983147e-05,1.1412790557069627e-05
12.708400095356467,7.418972602663251e-05,1.0960018259214753e-05
12.710400095356466,6.107468684657993e-05,1.0794552608381332e-05
12.712400095356466,6.661625101103323e-05,1.0849483269369498e-05
12.714400095356467,7.881464214787855e-05,1.101976961064946e-05
12.716400095356466,6.699414367918541e-05,1.1157319948474283e-05
12.718400095356465,4.719638018978093e-05,1.0955169095200118e-05
12.720400095356466,5.843055886373431e-05,1.089351208487089e-05
12.722400095356466,5.6664868543708734e-05,1.1011979007359083e-05
12.724400095356465,4.159008079755885e-05,1.118602601154573e-05
12.726400095356464,3.052527687653888e-05,1.1233514284316407e-05
12.728400095356465,3.9001429007575546e-05,1.1142896411695931e-05
12.730400095356465,3.4101106760244204e-05,1.1277997998601075e-05
12.732400095356464,3.6056182457727185e-05,1.143924325613596e-05
12.734400095356463,4.227174719475141e-05,1.1556586791473699e-05
12.736400095356464,4.333689361156106e-05,1.163621893372957e-05
12.738400095356464,5.531745932971322e-05,1.1963729393124013e-05
12.740400095356463,4.189100296300921e-05,1.2084805769534649e-05
12.742400095356462,4.76100237359428e-05,1.2295057999194382e-05
12.744400095356463,6.402068865379767e-05,1.252096805762423e-05
12.746400095356464,6.574252172799866e-05,1.2586997665319072e-05
12.748400095356462,7.707674526479102e-05,1.2798481405274165e-05
12.750400095356461,5.744924714795635e-05,1.267894833602988e-05
12.752400095356462,4.693657393043581e-05,1.2381421749297702e-05
12.754400095356463,5.4908647185995947e-05,1.2174543684060425e-05
12.756400095356462,7.628936127363934e-05,1.2315418415533459e-05
12.75840009535646,8.650534152159425e-05,1.2381990152257178e-05
12.760400095356461,0.00010022872485289653,1.2016350570306847e-05
12.762400095356462,8.075784268597169e-05,1.1792839723559169e-05
12.76440009535646,5.231525020621124e-05,1.188915493811801e-05
12.76640009535646,5.665964519903638e-05,1.2250675428930545e-05
12.76840009535646,5.247231343833045e-05,1.2117543460872908e-05
12.770400095356461,3.919283892017535e-05,1.1772628091070583e-05
12.77240009535646,3.657952967249975e-05,1.1812815766254489e-05
12.774400095356459,4.731801806831961e-05,1.2181815020941089e-05
12.77640009535646,6.553297180869976e-05,1.2523935679756645e-05
12.77840009535646,7.24252416705937e-05,1.22546554720934e-05
12.780400095356459,7.524006808466566e-05,1.2173814898655055e-05
12.782400095356458,7.179129541049319e-05,1.2389200752989811e-05
12.784400095356458,5.938581575011167e-05,1.2750360766921162e-05
12.78640009535646,4.015501338977896e-05,1.2970742152536672e-05
12.788400095356458,6.399113831320115e-05,1.2572851718998041e-05
12.790400095356457,3.8753351925147484e-05,1.2748985069687062e-05
12.792400095356458,6.353978465484204e-05,1.2859066014903344e-05
12.794400095356458,0.00010835090053316707,1.272807644887573e-05
12.796400095356457,0.00010124326729235945,1.242277126905913e-05
12.798400095356456,8.536249260955417e-05,1.2586363612221234e-05
12.800400095356457,6.875620733616216e-05,1.292300655086379e-05
12.802400095356457,5.59894583106409e-05,1.3003392463909174e-05
12.804400095356456,6.349768442673415e-05,1.287965786752916e-05
12.806400095356455,0.00010065108220198575,1.279039894103846e-05
12.808400095356456,5.959012187709978e-05,1.2807306796536741e-05
12.810400095356457,0.00013158099038028729,1.2546408779956367e-05
12.812400095356455,0.0001472622480979081,1.2256238847582176e-05
12.814400095356454,0.00010212534858250564,1.2086959507181132e-05
12.816400095356455,5.512974012507388e-05,1.2095775104345616e-05
12.818400095356456,2.2643404944390282e-05,1.1765713007671713e-05
12.820400095356455,2.6282948068593003e-05,1.1381432050065597e-05
12.822400095356453,3.8478245651796485e-05,1.1157495801705737e-05
12.824400095356454,4.835528264049845e-05,1.116137490666594e-05
12.826400095356455,5.2316072289321195e-05,1.1347932417889648e-05
12.828400095356454,5.9576188641437906e-05,1.1205463042129943e-05
12.830400095356453,4.6395935546485786e-05,1.1174987016483864e-05
12.832400095356453,2.9250993452430478e-05,1.1447136640498916e-05
12.834400095356454,2.9555497806555327e-05,1.1873622406680604e-05
12.836400095356453,6.403198945693042e-05,1.2131934895968347e-05
12.838400095356452,7.995985099051982e-05,1.1643057279809327e-05
12.840400095356452,5.848258399093226e-05,1.1662389575097289e-05
12.842400095356453,4.821230432191482e-05,1.1976841543193538e-05
12.844400095356452,4.537109915649349e-05,1.2120826795487144e-05
12.84640009535645,2.7976791814371477e-05,1.1662012525359362e-05
12.848400095356451,3.308594220059401e-06,1.1683186065404374e-05
12.850400095356452,1.5683077696230588e-06,1.197929909491656e-05
12.852400095356451,2.2616062667636148e-05,1.1956390733933427e-05
12.85440009535645,6.061195583877605e-05,1.1819057397364234e-05
12.85640009535645,0.00010100681900771588,1.2069985299905656e-05
12.858400095356451,7.620275776699355e-05,1.2894667121270612e-05
12.86040009535645,7.181320756303552e-05,1.2938584479761963e-05
12.862400095356449,4.4532630240377844e-05,1.276628011512987e-05
12.86440009535645,2.2941105734569113e-05,1.262957763153641e-05
12.86640009535645,5.05279611442844e-05,1.2671609778254782e-05
12.86840009535645,2.332154679595609e-05,1.3048435934882394e-05
12.870400095356448,4.706040937990229e-05,1.279957709510561e-05
12.872400095356449,8.216051503257579e-05,1.2421862892783367e-05
12.87440009535645,8.610743985468155e-05,1.236395573015834e-05
12.876400095356448,3.1046977131173555e-05,1.2929405437286652e-05
12.878400095356447,5.684531262937031e-05,1.3063294128760303e-05
12.880400095356448,7.142397059463237e-05,1.2497229848536555e-05
12.882400095356449,5.679272574313163e-05,1.2199377660207728e-05
12.884400095356447,3.861077851461524e-05,1.234127404499505e-05
12.886400095356446,5.1192479362744066e-05,1.2709254257733103e-05
12.888400095356447,2.6032196419618374e-05,1.2491371182086027e-05
12.890400095356448,2.3382915085804756e-05,1.2405242223496854e-05
12.892400095356447,3.2401991135817465e-05,1.2676084127357138e-05
12.894400095356445,4.345788627136132e-05,1.3067477167568044e-05
12.896400095356446,4.857453727702285e-05,1.3205702803512049e-05
12.898400095356447,5.878918223719611e-05,1.3364187048867664e-05
12.900400095356446,5.846807143440739e-06,1.371876460237327e-05
12.902400095356445,-1.171756113318447e-05,1.3894404168415816e-05
12.904400095356445,-8.1069126136144e-08,1.397173340711437e-05
12.906400095356446,-1.0921707692628613e-06,1.4187824953234356e-05
12.908400095356445,1.759576545015344e-05,1.4457233474653597e-05
12.910400095356444,2.908676738112755e-05,1.4625899967580388e-05
12.912400095356444,4.3483538130534515e-05,1.4565294388305132e-05
12.914400095356445,4.2917125067427466e-05,1.4435741179202341e-05
12.916400095356444,5.83403287716581e-06,1.4463874330854804e-05
12.918400095356443,-1.4320087068032985e-05,1.42658252365716e-05
12.920400095356444,1.6120716643907443e-05,1.3952372887409831e-05
12.922400095356444,1.7366206755799726e-05,1.3705407030027672e-05
12.924400095356443,-8.162999100048822e-07,1.3611872026571048e-05
12.926400095356442,2.481723586712531e-06,1.3682436148831298e-05
12.928400095356443,1.222798863043549e-05,1.3568888837981055e-05
12.930400095356443,-1.1163319254376177e-05,1.3314234219254892e-05
12.932400095356442,-2.7416055130301037e-06,1.352156350264712e-05
12.934400095356441,2.0635851916357216e-05,1.3887500223281382e-05
12.936400095356442,1.6647226835658047e-05,1.3800382645630295e-05
12.938400095356442,2.7635738670389594e-05,1.3378272261772834e-05
12.940400095356441,1.7882745542317602e-05,1.3631347767629683e-05
12.94240009535644,4.6606798938987776e-05,1.394309024745669e-05
12.94440009535644,8.635296917985622e-05,1.3850357969738102e-05
12.946400095356442,7.848988863444785e-05,1.3082073694157697e-05
12.94840009535644,1.3076962240816427e-05,1.2742548245175926e-05
12.95040009535644,2.1605079793731193e-05,1.3236515564774678e-05
12.95240009535644,1.843116583225865e-05,1.3546739192724478e-05
12.95440009535644,1.078940393007991e-05,1.327213730382774e-05
12.95640009535644,3.628643416617332e-05,1.241670371901861e-05
12.958400095356438,6.623851335980551e-05,1.2551975764659838e-05
12.960400095356439,3.712707942702072e-05,1.2764949992518736e-05
12.96240009535644,7.1710420390229395e-06,1.2580431656023564e-05
12.964400095356439,-1.375846978327471e-06,1.2315052389508022e-05
12.966400095356438,1.964542305149782e-05,1.2515416614825993e-05
12.968400095356438,7.820300764796785e-05,1.2691460498176772e-05
12.970400095356439,4.6691515286047735e-05,1.2355351743072787e-05
12.972400095356438,5.9462048397790517e-05,1.2170372265092091e-05
12.974400095356437,9.574271552392241e-05,1.222595310056444e-05
12.976400095356437,8.199872558042717e-05,1.2362165444119992e-05
12.978400095356438,4.950107152946858e-05,1.2249798877114584e-05
12.980400095356437,1.5167489042216329e-05,1.2172607362599016e-05
12.982400095356436,5.075974235556762e-05,1.1962524858380297e-05
12.984400095356436,9.603803784173354e-05,1.1708866082120108e-05
12.986400095356437,5.5351833871819873e-05,1.1616676772900313e-05
12.988400095356436,3.795327311012371e-05,1.1974467365854342e-05
12.990400095356435,1.1644041314429263e-05,1.2025606194495155e-05
12.992400095356436,1.583629323507572e-05,1.2053265514078946e-05
12.994400095356436,3.30374966802514e-05,1.2136522848593404e-05
12.996400095356435,2.633535066609256e-05,1.2249193428462172e-05
12.998400095356434,4.990903505774125e-06,1.2087626417525415e-05
13.000400095356435,8.686783021740764e-06,1.1735507034818964e-05
13.002400095356435,3.0182485464286043e-05,1.1573581168235819e-05
13.004400095356434,5.7620965688082567e-05,1.1710437478059458e-05
13.006400095356433,7.864083427694423e-05,1.2146632959988119e-05
13.008400095356434,0.00010473536174199928,1.2987934454719895e-05
13.010400095356434,9.22597909751679e-05,1.2890787267562548e-05
13.012400095356433,7.670003999512023e-05,1.2561713733193743e-05
13.014400095356432,8.082954243680106e-05,1.221561415657989e-05
13.016400095356433,0.00011329116072704304,1.1875747121068177e-05
13.018400095356434,8.73046565369103e-05,1.142737098747314e-05
13.020400095356433,4.905983301977711e-05,1.1431767981359644e-05
13.022400095356431,4.6893340611223355e-05,1.1655785983323276e-05
13.024400095356432,6.307629241665647e-05,1.1764382594300931e-05
13.026400095356433,5.818236962400864e-05,1.1470637470763166e-05
13.028400095356432,5.576085317640918e-05,1.1511770620460138e-05
13.03040009535643,5.478918731187355e-05,1.1785993561174431e-05
13.032400095356431,6.10588905595406e-05,1.1814026788864188e-05
13.034400095356432,8.221505384875075e-05,1.1652610838007767e-05
13.03640009535643,0.00012148797973844146,1.156707014716478e-05
13.03840009535643,0.00013412553389691476,1.167194999471801e-05
13.04040009535643,0.0001095729000700478,1.1739933796173929e-05
13.042400095356431,6.776063520372079e-05,1.1607857864699163e-05
13.04440009535643,3.697472439087356e-05,1.1314766699369044e-05
13.046400095356429,4.335539538847418e-05,1.1002577418949188e-05
13.04840009535643,4.820509841803829e-05,1.0939487051003517e-05
13.05040009535643,4.800815391352086e-05,1.1184832050224269e-05
13.052400095356429,5.937498941716713e-05,1.1176784105608834e-05
13.054400095356428,8.045394718163034e-05,1.093606889282612e-05
13.056400095356429,0.00010212830147518777,1.0753045111021916e-05
13.05840009535643,0.00012160465187148464,1.1204424453881425e-05
13.060400095356428,5.4759818129017585e-05,1.1217653777819384e-05
13.062400095356427,4.645005238608823e-05,1.0995804887558505e-05
13.064400095356428,7.503066483335066e-05,1.0934909781156104e-05
13.066400095356428,6.477570642509713e-05,1.1400130881568667e-05
13.068400095356427,8.585700690798059e-05,1.1539060370047199e-05
13.070400095356426,5.664015487546271e-05,1.1356596460421902e-05
13.072400095356427,2.308911400480079e-05,1.1372579780442344e-05
13.074400095356427,1.5766091358696346e-05,1.1557530956337007e-05
13.076400095356426,4.99039583174572e-05,1.164299560486766e-05
13.078400095356425,4.345847240258535e-05,1.1222044799923959e-05
13.080400095356426,6.969151020131633e-05,1.1359718417925748e-05
13.082400095356427,6.518014279195163e-05,1.1578645750896748e-05
13.084400095356425,4.3148845836256376e-05,1.1594926817887512e-05
13.086400095356424,4.187661484581557e-05,1.1277474539227153e-05
13.088400095356425,3.192693733538491e-05,1.1329949205178463e-05
13.090400095356426,4.275916685673593e-05,1.1508171462324872e-05
13.092400095356425,1.783074974927093e-05,1.1644401694423883e-05
13.094400095356423,-2.6653541967241414e-06,1.1690034081458079e-05
13.096400095356424,4.5240893764268447e-05,1.1640486003923212e-05
13.098400095356425,6.247077329544362e-05,1.143749340114214e-05
13.100400095356424,6.574092596507566e-05,1.1387107838959355e-05
13.102400095356423,5.014821611109801e-05,1.1469524222051801e-05
13.104400095356423,3.076587242586063e-05,1.1547760980135815e-05
13.106400095356424,2.987869798793265e-05,1.147356075041671e-05
13.108400095356423,5.305944842569332e-05,1.152827478134423e-05
13.110400095356422,3.492576502177917e-05,1.1997424138037016e-05
13.112400095356422,1.7514944341739767e-05,1.2061902049337773e-05
13.114400095356423,1.4826899666404275e-05,1.178906582285597e-05
13.116400095356422,2.67868670734752e-05,1.161430052176395e-05
13.11840009535642,2.1908104957544183e-05,1.1962028748444794e-05
13.120400095356421,2.2317511417991933e-05,1.1935571313876058e-05
13.122400095356422,2.340672342374378e-05,1.1833083066747974e-05
13.124400095356421,2.9779114827347647e-05,1.1792384977649194e-05
13.12640009535642,4.3662733108644235e-05,1.188368142117113e-05
13.12840009535642,6.439746067845101e-06,1.2083564746117576e-05
13.130400095356421,1.937186537926667e-05,1.1571295984979254e-05
13.13240009535642,2.4312395462611653e-05,1.1558141283832539e-05
13.134400095356419,2.644454007341358e-05,1.1946216606725783e-05
13.13640009535642,4.9379694946298576e-05,1.2127690841898056e-05
13.13840009535642,4.795472561555637e-05,1.1795453091643943e-05
13.14040009535642,4.645078315103844e-05,1.1851289938228781e-05
13.142400095356418,3.86779587001854e-05,1.2053720023911258e-05
13.144400095356419,3.63673258780222e-05,1.2054704298185131e-05
13.14640009535642,5.539281676856367e-05,1.1593867060541232e-05
13.148400095356418,7.92278904029234e-05,1.1815244980470075e-05
13.150400095356417,7.500893095776191e-05,1.213048379597787e-05
13.152400095356418,5.502847956715471e-05,1.2112446541997308e-05
13.154400095356419,3.7451352471109683e-05,1.1876309246105175e-05
13.156400095356418,3.741876810016534e-05,1.173073632355066e-05
13.158400095356416,6.4147330993486045e-06,1.160089592285461e-05
13.160400095356417,1.609478922790413e-05,1.1481529971980369e-05
13.162400095356418,3.5926894803214144e-05,1.1506749140580276e-05
13.164400095356417,5.817128114395676e-05,1.1609219711412282e-05
13.166400095356416,7.97941309596922e-05,1.1647606246079793e-05
13.168400095356416,6.072580928617002e-05,1.1612562356586587e-05
13.170400095356417,4.469399165457328e-05,1.1808037690792315e-05
13.172400095356416,6.631006531004609e-05,1.1846277724128642e-05
13.174400095356415,8.49012919647523e-05,1.1828873079138604e-05
13.176400095356415,4.240375017754097e-05,1.1995679031855964e-05
13.178400095356416,2.4755068781343684e-05,1.1955946963257819e-05
13.180400095356415,1.4072045632033264e-05,1.1810905193820679e-05
13.182400095356414,1.8865454417435358e-05,1.173304218762267e-05
13.184400095356414,4.030807462430698e-05,1.1700953615108677e-05
13.186400095356415,7.129680602103193e-05,1.162411489955955e-05
13.188400095356414,5.8573124338610625e-05,1.1518015190506936e-05
13.190400095356413,6.505494833159095e-05,1.1578990602989387e-05
13.192400095356414,7.94249735576155e-05,1.17116315990518e-05
13.194400095356414,8.33780160075079e-05,1.1730945105869321e-05
13.196400095356413,6.054062490459863e-05,1.1509050498252508e-05
13.198400095356412,4.6381542798194984e-05,1.1901727617653959e-05
13.200400095356413,4.4530229728852256e-05,1.1998976732408345e-05
13.202400095356413,4.514948336542938e-05,1.1861847572679317e-05
13.204400095356412,4.977303247616412e-05,1.1682782436923394e-05
13.206400095356411,6.190963941258816e-05,1.1708897547264691e-05
13.208400095356412,6.145218198721854e-05,1.2088448441649112e-05
13.210400095356412,4.248266412723265e-05,1.1964283878345131e-05
13.212400095356411,3.150872264519978e-05,1.1926585863445272e-05
13.21440009535641,3.663809502665679e-05,1.215414846825863e-05
13.216400095356411,5.553517037977238e-05,1.2629709880258506e-05
13.218400095356412,5.7479064831403825e-05,1.3029627387793772e-05
13.22040009535641,6.484687655143569e-05,1.3242033041705498e-05
13.22240009535641,6.469250335504018e-05,1.3131547945088742e-05
13.22440009535641,5.797213992914799e-05,1.291117051180432e-05
13.22640009535641,5.009026108885303e-05,1.288139891239368e-05
13.22840009535641,3.184428316939901e-05,1.2656207057569031e-05
13.230400095356408,7.4036839623816044e-06,1.2652236615511539e-05
13.23240009535641,1.7093768075203256e-05,1.2655534984206491e-05
13.23440009535641,3.719370818685441e-05,1.2680793277381337e-05
13.236400095356409,2.5660745196780014e-05,1.2806120607895465e-05
13.238400095356408,2.8558073097311868e-05,1.2851818688488531e-05
13.240400095356408,2.5897390667727453e-05,1.2821340925433934e-05
13.242400095356409,4.0473688478432336e-05,1.2868646694372773e-05
13.244400095356408,5.131636966554644e-05,1.2905451988261217e-05
13.246400095356407,3.031091311572001e-05,1.2783766758082075e-05
13.248400095356407,6.09462170254845e-05,1.2755531670925385e-05
13.250400095356408,8.47425798231581e-05,1.2894300701514955e-05
13.252400095356407,7.312009196594477e-05,1.292101074145564e-05
13.254400095356406,5.3604620108824374e-05,1.2981900974558601e-05
13.256400095356407,6.554053139031809e-05,1.3296810095929104e-05
13.258400095356407,2.4286066807729563e-05,1.3075585861102237e-05
13.260400095356406,3.9160169850426216e-05,1.2918195308852181e-05
13.262400095356405,5.675359525730186e-05,1.291546959406919e-05
13.264400095356406,5.632941969778197e-05,1.2944701829067798e-05
13.266400095356406,3.200180695431604e-05,1.2814912200866544e-05
13.268400095356405,4.2884748174510333e-07,1.2577619335514441e-05
13.270400095356404,-9.974677687039001e-06,1.2548684174200737e-05
13.272400095356405,9.511309161188008e-06,1.2586892550805466e-05
13.274400095356405,2.907095403288386e-05,1.2724849732703745e-05
13.276400095356404,1.2260471158896111e-05,1.3019394293453263e-05
13.278400095356403,2.5994657755500872e-05,1.3124059788120803e-05
13.280400095356404,5.754663322918773e-05,1.3186450639879983e-05
13.282400095356405,4.034785463273118e-05,1.336135444079375e-05
13.284400095356403,9.26901316353707e-06,1.3561789216180494e-05
13.286400095356402,2.8745232151903915e-05,1.3644808779200008e-05
13.288400095356403,3.249700865199762e-05,1.392631507878585e-05
13.290400095356404,5.4222400513506424e-05,1.4392641332963778e-05
13.292400095356403,6.600259911993954e-05,1.4462541544495458e-05
13.294400095356401,5.426747052198354e-05,1.4326707994869531e-05
13.296400095356402,2.0170738518263062e-05,1.4415743749802758e-05
13.298400095356403,5.218408613947672e-05,1.4298716157765832e-05
13.300400095356402,9.868976466039994e-05,1.4016646894741895e-05
13.3024000953564,9.405408386955989e-05,1.4100279828131848e-05
13.304400095356401,6.136408814489437e-05,1.4261505978782423e-05
13.306400095356402,5.611832688447864e-05,1.3975510174481278e-05
13.3084000953564,8.134909805514087e-05,1.3774656842261877e-05
13.3104000953564,7.110995983261386e-05,1.3929261292456559e-05
13.3124000953564,6.362397317389649e-05,1.3837214515386624e-05
13.314400095356401,7.241225026076289e-05,1.3592616481901677e-05
13.3164000953564,9.439938631599534e-05,1.3538029183417095e-05
13.318400095356399,5.687550074081086e-05,1.363593869864033e-05
13.3204000953564,4.2039374772982635e-05,1.3418125355954793e-05
13.3224000953564,3.55687950891409e-05,1.3371924858178034e-05
13.324400095356399,3.924692954081876e-05,1.349011915921266e-05
13.326400095356398,5.890145145482776e-05,1.3574511652969343e-05
13.328400095356399,8.287134994381622e-05,1.3548878940946509e-05
13.3304000953564,6.916103048984514e-05,1.4005726118450451e-05
13.332400095356398,6.947202868453136e-05,1.424783156469774e-05
13.334400095356397,8.040587684382915e-05,1.4264881210142641e-05
13.336400095356398,7.716787603547161e-05,1.4357180855124645e-05
13.338400095356398,4.391342836480932e-05,1.5138220526457665e-05
13.340400095356397,9.977868214729996e-05,1.509648691144886e-05
13.342400095356396,0.00010454866494471835,9.581076577577335e-06
13.344400095356397,9.722936912627082e-05,9.688794270441638e-06
13.346400095356397,8.726474934180282e-05,9.827037661806216e-06
13.348400095356396,7.227432113653454e-05,9.895311792860266e-06
13.350400095356395,6.668721861776658e-05,1.0068290900402658e-05
13.352400095356396,7.967346421211033e-05,1.0166369641790142e-05
13.354400095356397,0.00010526857847360391,1.0191975488545263e-05
13.356400095356395,0.00012312889958501893,1.0203006006662172e-05
13.358400095356394,5.7748934368803897e-05,1.0194251838104747e-05
13.360400095356395,5.5784611083745996e-05,1.0128479833225e-05
13.362400095356396,6.318359976081581e-05,1.0107960821562835e-05
13.364400095356395,6.598484439392971e-05,1.0222679795698325e-05
13.366400095356394,6.136658102045089e-05,1.0488642092522513e-05
13.368400095356394,5.422778068817779e-05,1.0369506278154657e-05
13.370400095356395,4.002956421938133e-05,1.0408223437413637e-05
13.372400095356394,3.179418515367238e-05,1.036873107408857e-05
13.374400095356393,3.3074563904239203e-05,1.0248931935499088e-05
13.376400095356393,4.0933314846790284e-05,1.0150833913786609e-05
13.378400095356394,3.3118003659964486e-05,1.024983221772586e-05
13.380400095356393,3.319867273712508e-05,1.0275716779545254e-05
13.382400095356392,2.8545778468526487e-05,1.035720884673401e-05
13.384400095356392,2.5332674801634076e-05,1.0449374053770145e-05
13.386400095356393,3.5211533534970245e-05,1.0409672075835488e-05
13.388400095356392,7.540673013588826e-05,1.039993585737543e-05
13.39040009535639,0.00011008940912892847,1.0600788657190393e-05
13.392400095356392,0.0001045470557401898,1.0765637156157892e-05
13.394400095356392,7.140282619468265e-05,1.0816438224959383e-05
13.396400095356391,4.440437102462044e-05,1.0742586781806282e-05
13.39840009535639,9.433486102439123e-05,1.0722145582344382e-05
13.40040009535639,0.00010573655534454549,1.0559279172376715e-05
13.402400095356391,0.00010991542781470896,1.0592938783748445e-05
13.40440009535639,0.00010686113936285771,1.0718458686953503e-05
13.406400095356389,8.739599954901396e-05,1.0675254452271713e-05
13.40840009535639,7.073417999488972e-05,1.0483459713858495e-05
13.41040009535639,7.871938662510322e-05,1.0477285457563662e-05
13.41240009535639,7.064389921928326e-05,1.0504775759605274e-05
13.414400095356388,5.8990273545873415e-05,1.0555378920307444e-05
13.416400095356389,7.242045191695944e-05,1.0659950541666454e-05
13.41840009535639,8.627468400982718e-05,1.0724038685871236e-05
13.420400095356388,5.758493322279213e-05,1.0551564933446966e-05
13.422400095356387,5.551450104759256e-05,1.0512154903970892e-05
13.424400095356388,7.206025339504027e-05,1.0611785699272164e-05
13.426400095356389,7.342068671136746e-05,1.0703709762229911e-05
13.428400095356388,9.158624282077728e-05,1.0607507407454685e-05
13.430400095356386,7.6858932269059e-05,1.0532297222807769e-05
13.432400095356387,7.425381469766913e-05,1.0469182337120968e-05
13.434400095356388,7.621160333289067e-05,1.0395831649277377e-05
13.436400095356387,6.034375358700045e-05,1.0280706562747102e-05
13.438400095356386,6.575101446180506e-05,1.0065204462626864e-05
13.440400095356386,7.26731641318608e-05,9.915400637684426e-06
13.442400095356387,7.336412626137817e-05,9.85621503833374e-06
13.444400095356386,6.36324874084125e-05,9.86186859079826e-06
13.446400095356385,4.72549862262397e-05,9.877956244836395e-06
13.448400095356385,6.004631916063118e-05,9.851801446549658e-06
13.450400095356386,5.983955286383446e-05,9.872897585149417e-06
13.452400095356385,8.076446671636768e-05,1.0034726370301166e-05
13.454400095356384,0.00010650484560840438,1.0282373164427158e-05
13.456400095356384,0.0001019119950417628,1.0477986346504543e-05
13.458400095356385,4.340685476177527e-05,1.0369300108069394e-05
13.460400095356384,1.835355363396814e-05,1.0553870177010418e-05
13.462400095356383,1.8628994838923482e-05,1.0640205511143569e-05
13.464400095356384,3.2405984275942284e-05,1.0591422254454772e-05
13.466400095356384,4.467818620793638e-05,1.0535715593709493e-05
13.468400095356383,4.6807772540342076e-05,1.0687252543406426e-05
13.470400095356382,4.28810850823269e-05,1.0872875889774042e-05
13.472400095356383,4.725230466274678e-05,1.4502688208508932e-05
13.474400095356383,5.5609987534346956e-05,1.4468619723271851e-05
13.476400095356382,6.458533041843752e-05,1.4185439672653514e-05
13.478400095356381,6.89645029759046e-05,1.3968910297079906e-05
13.480400095356382,5.9593070437996944e-05,1.4255963060344658e-05
13.482400095356383,4.246281625131869e-05,1.4140499399889152e-05
13.484400095356381,3.075297772755853e-05,1.3885687844793109e-05
13.48640009535638,3.9065092268748685e-05,1.411705812902703e-05
13.488400095356381,6.377217455694405e-05,1.426856443174869e-05
13.490400095356382,7.555535974145924e-05,1.4318224346814157e-05
13.49240009535638,5.4851739656973664e-05,1.4254004379663224e-05
13.49440009535638,4.742917023049369e-05,1.4141627304382564e-05
13.49640009535638,0.0001070154172144515,1.4039369275542166e-05
13.49840009535638,8.947908188948098e-05,1.3548072238197488e-05
13.50040009535638,9.691322775572992e-05,1.3435300827351888e-05
13.502400095356379,7.858733580522747e-05,1.3312616209068002e-05
13.50440009535638,5.882551744357174e-05,1.3266698932634262e-05
13.50640009535638,8.325902744120455e-05,1.3492633071673504e-05
13.508400095356379,0.000101395198834104,1.3396043112096882e-05
13.510400095356378,8.464593024043189e-05,1.3375578985183846e-05
13.512400095356378,6.00911412654712e-05,1.3323071269017983e-05
13.514400095356379,3.925799748602388e-05,1.3310455585208415e-05
13.516400095356378,2.928411493232521e-05,1.3458339250875504e-05
13.518400095356377,5.025534986786018e-05,1.3651075971084733e-05
13.520400095356377,6.379556094360298e-05,1.3881821923133283e-05
13.522400095356378,6.054147696416076e-05,1.4156829240231565e-05
13.524400095356377,4.423397849433684e-05,1.4287764925681568e-05
13.526400095356376,2.960695134984746e-05,1.4095003408645643e-05
13.528400095356377,8.195493272590886e-05,1.4286505813128581e-05
13.530400095356377,8.546764934486363e-05,1.4660913555016712e-05
13.532400095356376,6.0627855242088284e-05,1.46304148265594e-05
13.534400095356375,4.4029103450292144e-05,1.4433188162402293e-05
13.536400095356376,7.32516241966138e-05,1.4546295063175334e-05
13.538400095356376,0.00011577012502067644,1.4355282734187105e-05
13.540400095356375,0.00011480651684923053,1.435486262748354e-05
13.542400095356374,0.00010643063960745708,1.4232226757092985e-05
13.544400095356375,0.0001014233113293147,1.4203848122961514e-05
13.546400095356375,9.901476060211723e-05,1.456015273743899e-05
13.548400095356374,7.668477079933756e-05,1.4165667371500147e-05
13.550400095356373,8.681773437411022e-05,1.3909258944696318e-05
13.552400095356374,9.027597240988413e-05,1.3791355968487477e-05
13.554400095356375,9.264568391361907e-05,1.3717857161542929e-05
13.556400095356373,0.00010920041456742493,1.3570868123487564e-05
13.558400095356372,7.173940243342537e-05,1.3448117514464091e-05
13.560400095356373,9.203738829393498e-05,1.3390387583276636e-05
13.562400095356374,9.750670617813921e-05,1.3326134441066165e-05
13.564400095356373,8.62338990753081e-05,1.3237893701271176e-05
13.566400095356371,7.926564747317465e-05,1.3124701428660943e-05
13.568400095356372,4.140481845865498e-05,1.2933499497722353e-05
13.570400095356373,3.871640689910154e-05,1.2889710410986917e-05
13.572400095356372,6.886055959432563e-05,1.2972306607235756e-05
13.57440009535637,0.0001036710721946299,1.3139036818819919e-05
13.576400095356371,0.00011038864345668041,1.3292819524642632e-05
13.578400095356372,0.00013153596684384696,1.2932481324548973e-05
13.58040009535637,0.0001227496826882709,1.3070475433508023e-05
13.58240009535637,0.0001065077339976383,1.3174059335445961e-05
13.58440009535637,9.717117967214563e-05,1.334000255881023e-05
13.586400095356371,0.00010232714517338775,1.3781408348439974e-05
13.58840009535637,8.838664662930964e-05,1.3368514661713744e-05
13.590400095356369,7.608656099848774e-05,1.3296517235422262e-05
13.59240009535637,8.165980709108525e-05,1.326913637006019e-05
13.59440009535637,8.87735893984044e-05,1.3387205100995889e-05
13.596400095356369,7.468796685036024e-05,1.382850323095131e-05
13.598400095356368,9.157098779017927e-05,1.4005303739462749e-05
13.600400095356369,9.199688911923591e-05,1.4299193589154496e-05
13.60240009535637,0.00011330910820743781,1.4241897506081168e-05
13.604400095356368,0.00013873393851546463,1.4066292306983994e-05
13.606400095356367,0.00013652171272641214,1.4226791937704212e-05
13.608400095356368,0.00014975068067058701,1.4442541227363865e-05
13.610400095356368,0.00014255749083418316,1.4409787196137851e-05
13.612400095356367,0.00011483261778634843,1.4410353958599538e-05
13.614400095356366,8.710138593556898e-05,1.4673030660067545e-05
13.616400095356367,8.383173114699015e-05,1.5308155906876398e-05
13.618400095356368,7.565175608824538e-05,1.5451224467857352e-05
13.620400095356366,6.475777587920079e-05,1.5865119783464334e-05
13.622400095356365,5.2571577161031785e-05,1.5601597798459316e-05
13.624400095356366,5.359644708996334e-05,1.5032840610189993e-05
13.626400095356367,8.009863147191838e-05,1.494891654655014e-05
13.628400095356366,6.879429551925613e-05,1.4747637834710546e-05
13.630400095356364,9.725432144621628e-05,1.47572983187015e-05
13.632400095356365,0.00011952314156807661,1.4721541008855789e-05
13.634400095356366,0.00012943709281484976,1.4721993614724464e-05
13.636400095356365,0.000134302894661222,1.4892429252789491e-05
13.638400095356364,0.00011640533197039023,1.4523908305317373e-05
13.640400095356364,8.133339025856598e-05,1.4767405970393808e-05
13.642400095356365,6.704837311080763e-05,1.4792295968089799e-05
13.644400095356364,7.406042689427058e-05,1.4735960409145065e-05
13.646400095356363,8.660738344966546e-05,1.502824271260943e-05
13.648400095356363,8.446588370245638e-05,1.5102198699876294e-05
13.650400095356364,0.0001045039629001844,1.5075963522195585e-05
13.652400095356363,0.00012277291572256667,1.5014317591995717e-05
13.654400095356362,0.00012054207664185603,1.5016900216066799e-05
13.656400095356362,9.016739842251704e-05,1.5120088932007372e-05
13.658400095356363,0.00011526262650689291,1.455037077461448e-05
13.660400095356362,0.00012420440503039404,1.459467591045397e-05
13.662400095356361,0.000112410547425641,1.4631308578546155e-05
13.664400095356362,0.00010193673814570897,1.4650651840441346e-05
13.666400095356362,0.00011959487369115319,1.4833457705078911e-05
13.668400095356361,0.00012261535684210672,1.4862927935760386e-05
13.67040009535636,0.00012327954682650675,1.5165141912044339e-05
13.67240009535636,0.00010347183846903415,1.518911152186233e-05
13.674400095356361,8.526244135978361e-05,1.5064870296404301e-05
13.67640009535636,9.9288798147085e-05,1.511856407975843e-05
13.67840009535636,9.172232639803401e-05,1.4798602609523336e-05
13.68040009535636,9.115561149450044e-05,1.4822115651960634e-05
13.68240009535636,8.029881033581476e-05,1.4747408759964244e-05
13.68440009535636,8.465434608801627e-05,1.4616947818851666e-05
13.686400095356358,0.00012972931308601052,1.4610736943798507e-05
13.688400095356359,6.426949628426815e-05,1.4325192957043024e-05
13.69040009535636,8.248194792848173e-05,1.4280364841233922e-05
13.692400095356358,0.00011133370969270899,1.4098430089107035e-05
13.694400095356357,0.00011847384454550085,1.389371182265411e-05
13.696400095356358,9.638015932670932e-05,1.3910533862070195e-05
13.698400095356359,0.00013528344317578414,1.3679748888092009e-05
13.700400095356358,0.00015603035069851388,1.3699848872658162e-05
13.702400095356357,0.00012243355558342033,1.3687903900096229e-05
13.704400095356357,7.219812615279078e-05,1.3710328701438107e-05
13.706400095356358,6.852263916744771e-05,1.3917003357357672e-05
13.708400095356357,0.00010918687032289179,1.3900712353538847e-05
13.710400095356356,0.00011741130508138336,1.4069573654938465e-05
13.712400095356356,0.00011944853792421774,1.412599933601594e-05
13.714400095356357,0.00011778571021199101,1.4134207371933568e-05
13.716400095356356,0.00010811175382678045,1.4286161934967004e-05
13.718400095356355,0.00010758997350119805,1.4573206341827777e-05
13.720400095356355,0.00010497466683316779,1.4665183262010184e-05
13.722400095356356,0.0001039835865570755,1.4980236904376312e-05
13.724400095356355,9.575344971537874e-05,1.516814191967187e-05
13.726400095356354,7.047931641733472e-05,1.4724693301265015e-05
13.728400095356355,5.962189066319737e-05,1.4760176019342117e-05
13.730400095356355,0.00010954253145348792,1.484488797501795e-05
13.732400095356354,0.00013596946995658336,1.4910201812152132e-05
13.734400095356353,0.00011645171963984693,1.4906219152810041e-05
13.736400095356354,6.568616171093279e-05,1.4791450559184406e-05
13.738400095356354,0.00011750156604806276,1.4520391344754073e-05
13.740400095356353,7.987528591250968e-05,1.4339634929988705e-05
13.742400095356352,7.374080984144395e-05,1.4113040581597565e-05
13.744400095356353,7.628072672857771e-05,1.3943417851269836e-05
13.746400095356353,2.967525882762079e-05,1.3964229054100498e-05
13.748400095356352,0.00011047056615422485,1.3643258093718777e-05
13.750400095356351,0.00011873242018578287,1.365100298154875e-05
13.752400095356352,0.00010213320067082931,1.3630739820766918e-05
13.754400095356353,9.031737814325295e-05,1.354522978834264e-05
13.756400095356351,0.00010127380650983996,1.3479752365506316e-05
13.75840009535635,9.115522832346027e-05,1.3481829498804978e-05
13.760400095356351,9.431358944186274e-05,1.3083062612573314e-05
13.762400095356352,0.00010294018894568986,1.2928490473086496e-05
13.76440009535635,9.760930260925488e-05,1.2981681889553306e-05
13.76640009535635,6.29866779334546e-05,1.2964911128911608e-05
13.76840009535635,7.489115723302694e-05,1.2997524662789716e-05
13.77040009535635,0.00010395282603642948,1.3069968198042096e-05
13.77240009535635,0.00010661535902996566,1.3143975748389894e-05
13.774400095356349,9.783919064349887e-05,1.3157622300265859e-05
13.77640009535635,0.00011163068442749969,1.3076201615375399e-05
13.77840009535635,0.0001279446545727908,1.3238302676486665e-05
13.780400095356349,0.0001230617492393501,1.31284230296197e-05
13.782400095356348,0.00010477085262433332,1.3081020877787416e-05
13.784400095356348,9.738144274915058e-05,1.3125107984361467e-05
13.786400095356349,0.00012710723598433147,1.3176936537350818e-05
13.788400095356348,0.0001665681562403299,1.3256311309926005e-05
13.790400095356347,0.0001522397021184322,1.3339347615998033e-05
13.792400095356347,0.00011867686544995417,1.351706390779928e-05
13.794400095356348,0.00010067468820091426,1.3633699994442142e-05
13.796400095356347,0.00012471459785184092,1.3501821682256364e-05
13.798400095356346,0.00012049165791569017,1.3648029023200261e-05
13.800400095356347,0.00012514121221206026,1.3513231790596066e-05
13.802400095356347,0.00011906649572483125,1.344786760550891e-05
13.804400095356346,0.00010691150736327885,1.3386814170726262e-05
13.806400095356345,0.00010311070004065609,1.3166440148559949e-05
13.808400095356346,0.00011938573953724859,1.3314612489513021e-05
13.810400095356346,0.0001040060069505645,1.3367471366263995e-05
13.812400095356345,9.569741043624349e-05,1.3313045729565157e-05
13.814400095356344,9.392207819839753e-05,1.3278628461483724e-05
13.816400095356345,8.589558543627084e-05,1.3408278938075958e-05
13.818400095356346,9.448822042736459e-05,1.3400098225870538e-05
13.820400095356344,7.306668096107522e-05,1.3241712382673438e-05
13.822400095356343,7.12173355265733e-05,1.319989861943245e-05
13.824400095356344,7.436010957179916e-05,1.3143558758183898e-05
13.826400095356345,4.949749395656177e-05,1.2857069134520995e-05
13.828400095356344,4.257343739880069e-05,1.2915286792253268e-05
13.830400095356342,5.281787964356119e-05,1.3051022915314368e-05
13.832400095356343,7.381820594511866e-05,1.3025826579314833e-05
13.834400095356344,8.37911081274307e-05,1.2838263428616351e-05
13.836400095356343,6.485812113234251e-05,1.261138670327374e-05
13.838400095356342,0.00010664836943637349,1.2700277476809308e-05
13.840400095356342,0.00013189223047727305,1.2644621714044644e-05
13.842400095356343,0.00010839364117745244,1.2648225831121324e-05
13.844400095356342,6.678411048166856e-05,1.2618142602370301e-05
13.84640009535634,5.9272146353496357e-05,1.2412861564048473e-05
13.848400095356341,7.971962913991528e-05,1.26128670809072e-05
13.850400095356342,6.043404999094967e-05,1.2563023037086617e-05
13.85240009535634,5.956080684681469e-05,1.2523906274857426e-05
13.85440009535634,7.240126579657216e-05,1.2500105048938605e-05
13.85640009535634,7.029415490450409e-05,1.2416894349293248e-05
13.858400095356341,4.080756294148893e-05,1.2415563016860197e-05
13.86040009535634,5.197122790326453e-05,1.242578466522711e-05
13.862400095356339,6.298127694782531e-05,1.2375777517951862e-05
13.86440009535634,7.939098858112298e-05,1.2335311817935557e-05
13.86640009535634,0.00011336949546157684,1.2418520237304743e-05
13.868400095356339,5.944916426170377e-05,1.25956826881003e-05
13.870400095356338,4.063502555057004e-05,1.2708443616351501e-05
13.872400095356339,4.6960696265574646e-05,1.2845030464013214e-05
13.87440009535634,7.178471542804019e-05,1.3012960875405018e-05
13.876400095356338,0.00010446676397990093,1.3166037258161443e-05
13.878400095356337,9.518739360328966e-05,1.3042785992218039e-05
13.880400095356338,9.31034002843307e-05,1.297402527087221e-05
13.882400095356338,0.00010933683907164663,1.3075697258589846e-05
13.884400095356337,0.00012030778977365534,1.3273585944412156e-05
13.886400095356336,9.37951596800286e-05,1.3398758156942543e-05
13.888400095356337,5.77624605026111e-05,1.3170631919660837e-05
13.890400095356338,4.9250468903623054e-05,1.32319085139042e-05
13.892400095356336,6.483977031517864e-05,1.3284514268790545e-05
13.894400095356335,8.993331386765013e-05,1.3318178098741592e-05
13.896400095356336,0.00010448502364496263,1.341961090994587e-05
13.898400095356337,9.136818978614818e-05,1.3515234213711556e-05
13.900400095356336,0.00010005958446576586,1.40176627464994e-05
13.902400095356334,9.247511525212986e-05,1.4120170904912747e-05
13.904400095356335,9.237703012106684e-05,1.391103295557114e-05
13.906400095356336,0.00013459176042530623,1.3809799370476133e-05
13.908400095356335,0.00011103021457138095,1.3815623323634221e-05
13.910400095356334,0.0001066040480897833,1.3682150429105798e-05
13.912400095356334,0.00011081320378256891,1.3746263820368407e-05
13.914400095356335,0.00012098520467168171,1.388985883399086e-05
13.916400095356334,0.0001319719468226951,1.3827133743087206e-05
13.918400095356333,8.688164535835412e-05,1.3484814099470582e-05
13.920400095356333,7.828453445847881e-05,1.3086351479481675e-05
13.922400095356334,7.855923120693603e-05,1.2732295692582298e-05
13.924400095356333,7.897043965211225e-05,1.2526843125819886e-05
13.926400095356332,7.850631428977605e-05,1.2543200100900108e-05
13.928400095356332,8.514320648780099e-05,1.2554769158888755e-05
13.930400095356333,8.731966450873563e-05,1.2368900724286302e-05
13.932400095356332,8.81693254652107e-05,1.2377629737380786e-05
13.934400095356331,8.488999897070778e-05,1.2504066489528397e-05
13.936400095356332,7.437916712772189e-05,1.2499700057156406e-05
13.938400095356332,7.325352024901967e-05,1.2344855053410907e-05
13.940400095356331,7.942965384236422e-05,1.2154933010272283e-05
13.94240009535633,8.286764429208406e-05,1.2178546897755367e-05
13.94440009535633,8.82667771774778e-05,1.2237407498424584e-05
13.946400095356331,0.00010256831552145855,1.2046166312679512e-05
13.94840009535633,9.5232779718324e-05,1.2052036506803163e-05
13.95040009535633,0.00011013336733924604,1.2087027546407187e-05
13.95240009535633,0.00010176046065186427,1.2138979610856884e-05
13.95440009535633,8.134074388697241e-05,1.2164676396597517e-05
13.95640009535633,7.976137624909684e-05,1.213602457388085e-05
13.958400095356328,8.910826268256313e-05,1.2313936799428277e-05
13.960400095356329,7.995113708926311e-05,1.2363554789304063e-05
13.96240009535633,5.9246921020250567e-05,1.2489290139342702e-05
13.964400095356329,4.373270465245618e-05,1.2607074543731546e-05
13.966400095356327,5.018186986624841e-05,1.2565391431546338e-05
13.968400095356328,5.022981283427691e-05,1.2717516026268665e-05
13.970400095356329,4.77462955774936e-05,1.2642168010487711e-05
13.972400095356328,5.701902121074435e-05,1.2534769924296974e-05
13.974400095356327,7.006168756919885e-05,1.2484770321114103e-05
13.976400095356327,7.192552653203905e-05,1.2521313243036064e-05
13.978400095356328,7.213246999157615e-05,1.2461697925697693e-05
13.980400095356327,5.710543989946724e-05,1.2637368743900876e-05
13.982400095356326,5.226166140028505e-05,1.2859168852214884e-05
13.984400095356326,5.160089425689251e-05,1.3176221091664644e-05
13.986400095356327,4.175311532103993e-05,1.368029682833919e-05
13.988400095356326,6.548751157861375e-05,1.3979055196969909e-05
13.990400095356325,6.569785908533228e-05,1.3922171125715076e-05
13.992400095356325,4.891972814007491e-05,1.391106777270038e-05
13.994400095356326,4.725678120621057e-05,1.3881264760565971e-05
13.996400095356325,9.036636888732576e-05,1.3642095717341263e-05
13.998400095356324,7.123520266470154e-05,1.359555707872546e-05
14.000400095356325,4.412943154301275e-05,1.3406425947085993e-05
14.002400095356325,3.6886083540905956e-05,1.325727553607095e-05
14.004400095356324,4.07352061498537e-05,1.3154987173791189e-05
14.006400095356323,3.6260427909828165e-05,1.3089642643071365e-05
14.008400095356324,5.31293347975566e-05,1.360956735323397e-05
14.010400095356324,5.149234073277293e-05,1.3614273744404422e-05
14.012400095356323,6.832581116882052e-05,1.3298193236040854e-05
14.014400095356322,9.71712945699022e-05,1.2797344604254652e-05
14.016400095356323,0.00011045203999494918,1.2266714230015413e-05
14.018400095356323,4.813627118342942e-05,1.2097500927589884e-05
14.020400095356322,6.314993492204321e-05,1.2050401721475175e-05
14.022400095356321,7.934888898803569e-05,1.2044145796445016e-05
14.024400095356322,8.263390435979642e-05,1.2066529211048664e-05
14.026400095356323,8.175121622191178e-05,1.2129190882996975e-05
14.028400095356321,7.207116076334091e-05,1.2237799843115026e-05
14.03040009535632,8.472913915766289e-05,1.2221314563221149e-05
14.032400095356321,8.134798226373753e-05,1.2279821366246187e-05
14.034400095356322,8.259349062846215e-05,1.235711474376569e-05
14.03640009535632,0.00012210742276621975,1.2330565957971113e-05
14.03840009535632,0.00012159461632235829,1.2464720436801768e-05
14.04040009535632,0.0001208227082617876,1.2615226255273842e-05
14.04240009535632,0.00011415040515519692,1.280470021066421e-05
14.04440009535632,0.00010349570779489169,1.2984035757287884e-05
14.046400095356319,9.434240679698156e-05,1.3108768115501257e-05
14.04840009535632,9.503750008126332e-05,1.3492092656670572e-05
14.05040009535632,5.86667464800951e-05,1.3578828457155221e-05
14.052400095356319,4.664216638164996e-05,1.3585009067222472e-05
14.054400095356318,4.2102662695276514e-05,1.3656896231174382e-05
14.056400095356318,9.520328956403245e-06,1.3863474039995994e-05
14.058400095356319,4.928653226996205e-05,1.371395874147655e-05
14.060400095356318,6.630046546273014e-05,1.3547066316853916e-05
14.062400095356317,7.658374175042945e-05,1.3489108087152585e-05
14.064400095356318,7.642947023896816e-05,1.3475345639495836e-05
14.066400095356318,6.022599022532335e-05,1.3386707763439543e-05
14.068400095356317,7.742903361824613e-05,1.337507164555132e-05
14.070400095356316,6.590480213857825e-05,1.3377933008167833e-05
14.072400095356317,7.901949318390563e-05,1.3392510869445791e-05
14.074400095356317,0.0001051390991917964,1.3361235631157193e-05
14.076400095356316,0.00011174111882199815,1.3228406506789289e-05
14.078400095356315,0.00012645437864534744,1.3181385644813184e-05
14.080400095356316,9.873308831665343e-05,1.2994015721784885e-05
14.082400095356316,8.876056624987153e-05,1.2950237190095538e-05
14.084400095356315,9.105236583361848e-05,1.2985266609980419e-05
14.086400095356314,7.859419086275126e-05,1.2946442958230205e-05
14.088400095356315,7.661278118010094e-05,1.3260931133631492e-05
14.090400095356316,3.584966781333749e-05,1.306833441006034e-05
14.092400095356314,3.121874463604183e-05,1.3183672924705349e-05
14.094400095356313,5.52273041955919e-05,1.3472573098399258e-05
14.096400095356314,7.012078580944497e-05,1.3489540786086824e-05
14.098400095356315,7.89294644044912e-05,1.357477998119232e-05
14.100400095356314,8.240902440644948e-05,1.3767725189144585e-05
14.102400095356312,7.227357486023014e-05,1.4062562344751448e-05
14.104400095356313,5.9659954533268656e-05,1.4201742010331916e-05
14.106400095356314,6.279146152216265e-05,1.3899760655603063e-05
14.108400095356313,8.719389585769299e-05,1.3641169031937602e-05
14.110400095356312,8.903519877755441e-05,1.3308032853673046e-05
14.112400095356312,9.959811919933908e-05,1.3204915404903166e-05
14.114400095356313,0.00011000817975700652,1.3169396436849174e-05
14.116400095356312,9.887058116750506e-05,1.2911896389120742e-05
14.11840009535631,8.168490946839306e-05,1.28401599378585e-05
14.120400095356311,5.520590562584261e-05,1.2901463839416619e-05
14.122400095356312,6.209711894014553e-05,1.3114174150413883e-05
14.124400095356311,7.853792916457054e-05,1.3331040947807789e-05
14.12640009535631,6.312256570138974e-05,1.3361764024354042e-05
14.12840009535631,7.942997968259651e-05,1.3322831207037475e-05
14.130400095356311,7.852803451482109e-05,1.3513746061423409e-05
14.13240009535631,8.223928170715487e-05,1.3639309577043946e-05
14.134400095356309,8.92827647142305e-05,1.3713184809749122e-05
14.13640009535631,8.827467079923571e-05,1.3843644139932207e-05
14.13840009535631,5.908465872226641e-05,1.3835174399804167e-05
14.14040009535631,7.409227164006306e-05,1.3960783593113077e-05
14.142400095356308,7.30211468546381e-05,1.426743747150419e-05
14.144400095356309,6.692338125746905e-05,1.4531239572408387e-05
14.14640009535631,9.016466644533139e-05,1.4449183566640826e-05
14.148400095356308,0.00012199818228396793,1.4088908934737043e-05
14.150400095356307,0.00011375930978939401,1.3931743319367728e-05
14.152400095356308,8.707424239570183e-05,1.3718918202624883e-05
14.154400095356308,6.442236282338276e-05,1.3521581113788904e-05
14.156400095356307,6.563538119623855e-05,1.3503423652150397e-05
14.158400095356306,6.954349885013704e-05,1.3428422098547078e-05
14.160400095356307,5.819408757379675e-05,1.3355039513926605e-05
14.162400095356308,5.1544109104370666e-05,1.3271733369929531e-05
14.164400095356307,6.218503267112855e-05,1.3285363494504913e-05
14.166400095356305,9.393640694670308e-05,1.3482939396534896e-05
14.168400095356306,9.33730534454206e-05,1.3271366724078624e-05
14.170400095356307,8.904928069757294e-05,1.3273189519354428e-05
14.172400095356306,8.171456759114762e-05,1.3430709186479917e-05
14.174400095356305,7.690380466386102e-05,1.3579398044860786e-05
14.176400095356305,8.027201157086415e-05,1.3564317386041296e-05
14.178400095356306,7.79457874859061e-05,1.3846759642301498e-05
14.180400095356305,0.00010257002991190192,1.40667800754396e-05
14.182400095356304,0.00012726794290929705,1.4241252224850702e-05
14.184400095356304,0.00014091672875817486,1.4397417020581297e-05
14.186400095356305,0.00014022717842917412,1.4556864372632598e-05
14.188400095356304,0.0001388768463801926,1.4614013572749323e-05
14.190400095356303,0.00011638333543333108,1.4514333892930921e-05
14.192400095356303,8.80976789435984e-05,1.442876318251586e-05
14.194400095356304,6.98890211536414e-05,1.4380303083194489e-05
14.196400095356303,7.571348202512663e-05,1.434374737609145e-05
14.198400095356302,9.505873503787473e-05,1.4400553878440867e-05
14.200400095356303,8.164566322706957e-05,1.4135680729297576e-05
14.202400095356303,7.380979066063523e-05,1.3827325893569289e-05
14.204400095356302,8.310473915357726e-05,1.3540364493917046e-05
14.206400095356301,0.00010520301070576343,1.326647503155165e-05
14.208400095356302,8.355766388558922e-05,1.30746859065876e-05
14.210400095356302,0.00011395660041676033,1.3062957289688047e-05
14.212400095356301,0.00011866028056959904,1.2985730492801538e-05
14.2144000953563,9.848476781793039e-05,1.2865094448761783e-05
14.2164000953563,8.483773578371605e-05,1.282018206733504e-05
14.218400095356301,9.341172357426423e-05,1.285761434901248e-05
14.2204000953563,9.11132186450944e-05,1.2986615190280422e-05
14.2224000953563,9.091200492454977e-05,1.3061892537212142e-05
14.2244000953563,9.598519634504132e-05,1.3150510081497083e-05
14.2264000953563,0.0001039504399880843,1.3369583814111431e-05
14.2284000953563,9.5855169143007e-05,1.3470666694985112e-05
14.230400095356298,8.117634089902748e-05,1.3758201204934383e-05
14.232400095356299,7.278452837778335e-05,1.3942656550419855e-05
14.2344000953563,6.287462337190213e-05,1.4081454702735341e-05
14.236400095356299,3.9517659294739274e-05,1.4326446871434996e-05
14.238400095356297,3.47083942829331e-05,1.4349779036782763e-05
14.240400095356298,3.6637039767037585e-05,1.4214724245691692e-05
14.242400095356299,4.247179910568522e-05,1.3954864389137294e-05
14.244400095356298,6.663809199258877e-05,1.3656041173778379e-05
14.246400095356297,0.0001185711926152401,1.3414304689403303e-05
14.248400095356297,9.022998123184582e-05,1.31477340094636e-05
14.250400095356298,0.00010113685914337922,1.2981272177030803e-05
14.252400095356297,0.00011435525773613002,1.2843185554900283e-05
14.254400095356296,0.00012033964384053244,1.2702170263363195e-05
14.256400095356296,0.00011918329611219738,1.2562437427120892e-05
14.258400095356297,0.00010137220869005203,1.2648759238120773e-05
14.260400095356296,6.708644481823818e-05,1.2694984361179237e-05
14.262400095356295,7.471932050323861e-05,1.2842589635355293e-05
14.264400095356295,0.00011288271578968572,1.3053268063879991e-05
14.266400095356296,0.00014375096682422327,1.3211742426026113e-05
14.268400095356295,0.00016248534835111895,1.3191366131295966e-05
14.270400095356294,0.0001299081684991777,1.329749732492557e-05
14.272400095356295,0.0001029381121006893,1.3558171536910144e-05
14.274400095356295,0.00010258949999795807,1.3914467358004743e-05
14.276400095356294,0.00013020111365864357,1.4283201634526674e-05
14.278400095356293,0.00013298252623233342,1.4774016046274447e-05
14.280400095356294,0.00010748792176388708,1.4911347562532747e-05
14.282400095356294,0.00010836462871149173,1.5000634335180918e-05
14.284400095356293,0.00012565222392752287,1.4908819881137893e-05
14.286400095356292,0.00012549495156118884,1.4441851506175428e-05
14.288400095356293,0.00010273338687278566,1.4497729726350211e-05
14.290400095356294,9.296474593617619e-05,1.408716961410997e-05
14.292400095356292,8.779547704372658e-05,1.3863260720900802e-05
14.294400095356291,8.863075366048138e-05,1.376590139915273e-05
14.296400095356292,9.829048008017392e-05,1.3501848737241487e-05
14.298400095356293,9.785941185424594e-05,1.334829096227916e-05
14.300400095356292,9.680737360185636e-05,1.3220827265077368e-05
14.30240009535629,0.00010172716780323193,1.3266704643476575e-05
14.304400095356291,9.896668530556505e-05,1.3310011496891795e-05
14.306400095356292,7.39458756142943e-05,1.3108311248791643e-05
14.30840009535629,8.671739422110493e-05,1.3128330798394242e-05
14.31040009535629,9.036105412877035e-05,1.3529335750703207e-05
14.31240009535629,7.74812085956309e-05,1.3681372831287868e-05
14.31440009535629,6.930428703098721e-05,1.3747042454749738e-05
14.31640009535629,9.08221629802806e-05,1.4125871982917114e-05
14.318400095356289,8.187044168490785e-05,1.4334513756956169e-05
14.32040009535629,7.344487274669925e-05,1.4630047123910015e-05
14.32240009535629,7.697822824111147e-05,1.4970076206870301e-05
14.324400095356289,9.063560166426614e-05,1.5073755708177162e-05
14.326400095356288,0.00010935428137731543,1.4610119619014078e-05
14.328400095356288,0.000155491756629351,1.3697657481341836e-05
14.33040009535629,0.0001305073392621023,1.341626336093889e-05
14.332400095356288,9.456435789800452e-05,1.3169326115424804e-05
14.334400095356287,7.715578943275638e-05,1.2895686360536036e-05
14.336400095356288,9.023112875616502e-05,1.271538512661338e-05
14.338400095356288,8.266600742290887e-05,1.2487637465941139e-05
14.340400095356287,6.873923130013664e-05,1.2611275117776193e-05
14.342400095356286,7.83543497940149e-05,1.282941819980044e-05
14.344400095356287,9.225798089604997e-05,1.3038390609059394e-05
14.346400095356287,7.713149029564712e-05,1.3204239627923252e-05
14.348400095356286,6.545158007016376e-05,1.3451147204643383e-05
14.350400095356285,8.785816409779645e-05,1.370373631452622e-05
14.352400095356286,9.128955141880534e-05,1.405004985332497e-05
14.354400095356286,7.344609665618782e-05,1.4432962492837206e-05
14.356400095356285,5.364968728447379e-05,1.4729657280802984e-05
14.358400095356284,5.853373158662564e-05,1.4777299378810597e-05
14.360400095356285,9.005954818533881e-05,1.4553917092236143e-05
14.362400095356286,0.00010385043879509996,1.4511542081836644e-05
14.364400095356284,9.28706614210456e-05,1.4478148895117003e-05
14.366400095356283,6.850581606621761e-05,1.4083500703071744e-05
14.368400095356284,7.077258901674558e-05,1.3519538384151948e-05
14.370400095356285,7.03980340847759e-05,1.3393148407323443e-05
14.372400095356284,5.547308182581645e-05,1.3260301891037685e-05
14.374400095356282,4.181896894034952e-05,1.3065715859679471e-05
14.376400095356283,5.0070406372181795e-05,1.2917702607730448e-05
14.378400095356284,3.1013745907383015e-05,1.3045690183033397e-05
14.380400095356283,6.417255474436978e-05,1.3207204800114185e-05
14.382400095356282,6.784721552143409e-05,1.3296126364651003e-05
14.384400095356282,5.6721912964025744e-05,1.3432323889917016e-05
14.386400095356283,7.37415136227135e-05,1.3764360259166761e-05
14.388400095356282,4.8940102726102787e-05,1.3791284407975673e-05
14.39040009535628,6.208393583993531e-05,1.3798436761186963e-05
14.392400095356281,6.213766235451147e-05,1.3700620903641062e-05
14.394400095356282,5.164911885337692e-05,1.353768313197557e-05
14.396400095356281,5.251523976052139e-05,1.340011506316083e-05
14.39840009535628,6.318457037916905e-05,1.3335470793304742e-05
14.40040009535628,7.246078510085472e-05,1.3377614606941027e-05
14.402400095356281,6.070653137097512e-05,1.3267043386339367e-05
14.40440009535628,4.644341356204564e-05,1.3086588455854076e-05
14.406400095356279,5.9180762111227146e-05,1.3040180296366104e-05
14.40840009535628,7.656192659251188e-05,1.3116505327645167e-05
14.41040009535628,7.005245970765287e-05,1.3201672526569419e-05
14.41240009535628,6.218912824937875e-05,1.3429313944562682e-05
14.414400095356278,6.317249017002391e-05,1.371549187831866e-05
14.416400095356279,7.600125187409799e-05,1.3913038291323643e-05
14.41840009535628,7.862805618565553e-05,1.4180278144081789e-05
14.420400095356278,8.563334230458799e-05,1.4127781940632011e-05
14.422400095356277,9.143767149869599e-05,1.4111290132796507e-05
14.424400095356278,9.642140714790471e-05,1.4108583252833728e-05
14.426400095356279,0.0001006508528204311,1.3997159155358728e-05
14.428400095356277,7.626188044049015e-05,1.41580211980696e-05
14.430400095356276,6.664305951578644e-05,1.4029477072828834e-05
14.432400095356277,7.632717276060308e-05,1.3892119761864129e-05
14.434400095356278,8.302351380325998e-05,1.3801245675991744e-05
14.436400095356277,6.114631332083733e-05,1.3729542885403448e-05
14.438400095356275,6.959056305789903e-05,1.3699222117207577e-05
14.440400095356276,8.556376022727304e-05,1.357120172190999e-05
14.442400095356277,7.55097026041058e-05,1.3541045293862956e-05
14.444400095356276,5.5698464822641485e-05,1.3576015804474906e-05
14.446400095356275,5.687376724047121e-05,1.3562115587896202e-05
14.448400095356275,4.37410389660969e-05,1.3522698085624748e-05
14.450400095356276,3.5527130991414656e-05,1.3442347258518759e-05
14.452400095356275,2.818269005949793e-05,1.3228435896310333e-05
14.454400095356274,3.209220564403528e-05,1.3032764142296876e-05
14.456400095356274,5.968673131351377e-05,1.3045611979683078e-05
14.458400095356275,8.780532035478146e-05,1.2798255942305983e-05
14.460400095356274,9.41484174912565e-05,1.3041755146465498e-05
14.462400095356273,8.027965400893591e-05,1.3151066033700353e-05
14.464400095356273,6.914941732167319e-05,1.318568774963545e-05
14.466400095356274,8.540239579787013e-05,1.3444372635317277e-05
14.468400095356273,7.396994196191065e-05,1.3867092779042835e-05
14.470400095356272,6.370724659236352e-05,1.4030733107942905e-05
14.472400095356273,6.514928410922619e-05,1.414357800769827e-05
14.474400095356273,7.474648365557495e-05,1.4282055918924784e-05
14.476400095356272,8.104744797741264e-05,1.446178775867491e-05
14.478400095356271,5.471310161522199e-05,1.4572559954074423e-05
14.480400095356272,4.394671066583926e-05,1.4284087224998004e-05
14.482400095356272,5.148047779147935e-05,1.3967367701498713e-05
14.484400095356271,5.9298927216427356e-05,1.3633161120995607e-05
14.48640009535627,4.6888133626647944e-05,1.3192015011596395e-05
14.48840009535627,6.168503810459868e-05,1.2948899755835027e-05
14.490400095356271,5.913998900879868e-05,1.2805618168110382e-05
14.49240009535627,6.663510766015424e-05,1.2805694516896673e-05
14.49440009535627,7.346297601589736e-05,1.293212000230169e-05
14.49640009535627,5.9432086651560015e-05,1.3151788718888047e-05
14.49840009535627,6.502256309032474e-05,1.3598334201689642e-05
14.50040009535627,6.802818296169947e-05,1.3933041383933181e-05
14.502400095356268,5.332751309877419e-05,1.4329885790260486e-05
14.504400095356269,3.985149891700402e-05,1.4680612692307952e-05
14.50640009535627,5.5794671351896155e-05,1.4801899873584076e-05
14.508400095356269,7.830685757705827e-05,1.490070189858959e-05
14.510400095356268,6.0319028854598e-05,1.4572976616715363e-05
14.512400095356268,3.780173116521803e-05,1.4199165233137706e-05
14.514400095356269,3.124779964755233e-05,1.393802205079652e-05
14.516400095356268,5.047940203711513e-05,1.383259053792444e-05
14.518400095356267,5.571641361294759e-05,1.3602058370913449e-05
14.520400095356267,7.419474225914201e-05,1.348334997799031e-05
14.522400095356268,9.18366326438273e-05,1.34838644145085e-05
14.524400095356267,8.697677692035654e-05,1.3551571665906898e-05
14.526400095356266,4.330041491233697e-05,1.3621839482401888e-05
14.528400095356266,2.829489444163539e-05,1.381077812695805e-05
14.530400095356267,8.014231407691991e-05,1.4012672935838269e-05
14.532400095356266,0.00011120775765511644,1.4230713376161187e-05
14.534400095356265,0.00011251389312637183,1.4361813994410879e-05
14.536400095356266,0.00010585983294491296,1.4276911881804648e-05
14.538400095356266,0.00010130713250571065,1.400876947368061e-05
14.540400095356265,7.027813009157885e-05,1.369723672387353e-05
14.542400095356264,3.289467707729412e-05,1.3398065398242703e-05
14.544400095356265,1.812470953486966e-05,1.318381413947999e-05
14.546400095356265,5.008915677855491e-05,1.3111286561029316e-05
14.548400095356264,6.517958782730024e-05,1.301964242885292e-05
14.550400095356263,6.317332607285425e-05,1.305805796988464e-05
14.552400095356264,5.3921220045634994e-05,1.3259897365759477e-05
14.554400095356264,5.286928464729798e-05,1.361543106329743e-05
14.556400095356263,7.181389619413501e-05,1.406973849625931e-05
14.558400095356262,5.878488528770613e-05,1.437708259873562e-05
14.560400095356263,4.792395031232576e-05,1.4718903880583538e-05
14.562400095356264,6.503137493664408e-05,1.4980753191312234e-05
14.564400095356262,8.468687815239688e-05,1.5107892989073023e-05
14.566400095356261,6.599431107260088e-05,1.5063333720122443e-05
14.568400095356262,2.9951287836491978e-05,1.4699144308460856e-05
14.570400095356263,5.943697879998793e-05,1.4494845993722511e-05
14.572400095356262,5.806667995770308e-05,1.4130443331598278e-05
14.57440009535626,1.9950348153917483e-05,1.3718235862516968e-05
14.576400095356261,-2.0893405316823732e-05,1.3521480474420597e-05
14.578400095356262,-1.5417225619222459e-06,1.3532681031900726e-05
14.58040009535626,2.2353096899596248e-05,1.3514242694213831e-05
14.58240009535626,2.097830913885527e-05,1.3522066254251404e-05
14.58440009535626,8.007196015492023e-06,1.360407257668826e-05
14.586400095356261,1.6104940228203996e-05,1.3801853605115493e-05
14.58840009535626,8.438575403946845e-05,1.4143548982332461e-05
14.590400095356259,7.039922195399652e-05,1.4489355446757276e-05
14.59240009535626,4.7262836377051346e-05,1.4724896795277787e-05
14.59440009535626,3.424115085584352e-05,1.4779882696985814e-05
14.596400095356259,3.0539994814347734e-05,1.4638622473628321e-05
14.598400095356258,3.9898905612310745e-05,1.4597879648512264e-05
14.600400095356258,3.87662845622646e-05,1.4759892311528366e-05
14.60240009535626,3.7468970631121526e-05,1.467988832645927e-05
14.604400095356258,4.315806957243071e-05,1.4415238547109397e-05
14.606400095356257,5.974157545816633e-05,1.4211280979949634e-05
14.608400095356258,7.074297950765052e-05,1.4088786810886272e-05
14.610400095356258,7.973535346192333e-05,1.4047795732267346e-05
14.612400095356257,8.288654326464798e-05,1.4173126851452102e-05
14.614400095356256,8.552658420152737e-05,1.429019526765883e-05
14.616400095356257,9.222036118977402e-05,1.4184137354045845e-05
14.618400095356257,5.946093804076316e-05,1.4359901954769942e-05
14.620400095356256,4.044553373192665e-05,1.4280401535216505e-05
14.622400095356255,3.2490813036469186e-05,1.417299494685864e-05
14.624400095356256,2.6970891492674882e-05,1.4116907361949356e-05
14.626400095356257,1.5926708055685616e-05,1.4128045283319874e-05
14.628400095356255,2.8611627945652827e-05,1.4150644661747897e-05
14.630400095356254,6.091119305911039e-05,1.397732299998834e-05
14.632400095356255,6.494189828966944e-05,1.3977983548205216e-05
14.634400095356256,5.155437818459519e-05,1.4107169467779652e-05
14.636400095356255,5.0917428660487735e-05,1.417316379393954e-05
14.638400095356253,3.96635643862905e-05,1.4248801222710132e-05
14.640400095356254,3.3342616515521625e-05,1.4593053337273363e-05
14.642400095356255,4.1073730933460017e-05,1.475540328296337e-05
14.644400095356254,6.136237663099382e-05,1.476851474639597e-05
14.646400095356253,8.405228691720685e-05,1.4824989506433121e-05
14.648400095356253,6.0928050687837333e-05,1.4715874118423273e-05
14.650400095356254,7.636890809296061e-05,1.4574019279414385e-05
14.652400095356253,6.399497358042827e-05,1.414856971056474e-05
14.654400095356252,4.035386082855057e-05,1.3688111698556735e-05
14.656400095356252,5.3150264455701855e-05,1.3579577128919778e-05
14.658400095356253,0.0001223858667117044,1.3469778959652075e-05
14.660400095356252,0.00010059799547126599,1.352194326639773e-05
14.66240009535625,7.297171967990693e-05,1.3650299590091696e-05
14.664400095356251,5.97038046613081e-05,1.395410069483983e-05
14.666400095356252,5.9649564780864137e-05,1.4541640993449906e-05
14.668400095356251,0.00010984305157920175,1.4926346630073797e-05
14.67040009535625,0.00012467403286336678,1.508517008581152e-05
14.67240009535625,0.0001077393135908507,1.5434390057646814e-05
14.674400095356251,7.542576567896988e-05,1.56183067111813e-05
14.67640009535625,5.1583397925514565e-05,1.5149551538261758e-05
14.678400095356249,6.674119411666024e-05,1.5378476562956602e-05
14.68040009535625,8.889062049123413e-05,1.4760367653986847e-05
14.68240009535625,0.00011146842398346028,1.4529509438540775e-05
14.68440009535625,0.00011736349162184895,1.4680593689830314e-05
14.686400095356248,9.162536783495643e-05,1.4779886228842053e-05
14.688400095356249,8.313542682776192e-05,1.5191496660192046e-05
14.69040009535625,8.79240049108258e-05,1.543917318774118e-05
14.692400095356248,8.734429639314535e-05,1.548223999362087e-05
14.694400095356247,7.915136645459784e-05,1.5458315194156453e-05
14.696400095356248,7.145669684604551e-05,1.5540188446793977e-05
14.698400095356249,0.0001099542691754481,1.5427152859090287e-05
14.700400095356247,0.00010555396252192338,1.540154955070733e-05
14.702400095356246,0.00010146517440361571,1.5230105972079961e-05
14.704400095356247,8.882240767490654e-05,1.5039616969453663e-05
14.706400095356248,4.9155599593099115e-05,1.5049993183381499e-05
14.708400095356247,7.354888355629537e-05,1.491282318749109e-05
14.710400095356245,8.429356851474018e-05,1.5107051622665635e-05
14.712400095356246,0.00011478451621230411,1.528016530654774e-05
14.714400095356247,0.00013371262886106508,1.5401466471931852e-05
14.716400095356246,9.704881931838465e-05,1.5544464232903715e-05
14.718400095356245,9.968997277026442e-05,1.5551281718527318e-05
14.720400095356245,8.898312310180384e-05,1.56153078981046e-05
14.722400095356246,6.519573967956136e-05,1.555533165669741e-05
14.724400095356245,5.113276561784107e-05,1.5474499934490176e-05
14.726400095356244,7.433815289084372e-05,1.5543914206574755e-05
14.728400095356244,0.00011401508217831655,1.542275681004067e-05
14.730400095356245,0.00013903952674551101,1.5157836018330692e-05
14.732400095356244,0.00010904230587549269,1.5195854673606574e-05
14.734400095356243,6.406453615852849e-05,1.5439407628608418e-05
14.736400095356244,6.524910460476911e-05,1.5584205511904412e-05
14.738400095356244,3.652803992976514e-05,1.5559560750437882e-05
14.740400095356243,4.515827861125425e-05,1.5330006677972927e-05
14.742400095356242,6.783755561256681e-05,1.5242625661207538e-05
14.744400095356243,9.469112070728148e-05,1.523453926123392e-05
14.746400095356243,0.0001166950617752601,1.5113442127673388e-05
14.748400095356242,8.792961845104289e-05,1.5082465763869188e-05
14.750400095356241,8.419348198114281e-05,1.5207866098600345e-05
14.752400095356242,7.257875390567814e-05,1.5277098591603465e-05
14.754400095356242,6.311341546384585e-05,1.5333433062398422e-05
14.756400095356241,7.864334934755118e-05,1.5501550503260042e-05
14.75840009535624,9.766481678246942e-05,1.568703250717716e-05
14.76040009535624,8.728011294801646e-05,1.5710196589515812e-05
14.762400095356242,7.944114298113019e-05,1.5537386579440938e-05
14.76440009535624,8.620594909139039e-05,1.52610271166246e-05
14.76640009535624,0.00010964178581256538,1.5030553340335795e-05
14.76840009535624,0.00013090953920091896,1.4959854234715924e-05
14.77040009535624,0.00013174637795274337,1.5405989723037052e-05
14.77240009535624,0.00011384106757552337,1.6036755011692875e-05
14.774400095356238,7.593691303000047e-05,1.6473038818715765e-05
14.776400095356239,2.6630707415756488e-05,1.6402147128794496e-05
14.77840009535624,7.620775725079656e-05,1.6478044035874574e-05
14.780400095356239,7.367757153653818e-05,1.622882638704938e-05
14.782400095356238,7.688927046899895e-05,1.5711041571144597e-05
14.784400095356238,8.169110742479616e-05,1.5092469480797331e-05
14.786400095356239,6.561609061511063e-05,1.4586943345172482e-05
14.788400095356238,6.936201366475882e-05,1.4278127980325015e-05
14.790400095356237,6.806491322795978e-05,1.4229252825419399e-05
14.792400095356237,5.7602077643181627e-05,1.4314909270330427e-05
14.794400095356238,5.346417953244875e-05,1.4612012739605286e-05
14.796400095356237,7.670567527055907e-05,1.5194437791609914e-05
14.798400095356236,0.0001223083059385344,1.5382379796154293e-05
14.800400095356236,0.00011616874791267563,1.5662638745471558e-05
14.802400095356237,0.00010824445018058655,1.5770797972631745e-05
14.804400095356236,0.00010819000916963846,1.5883245985783135e-05
14.806400095356235,0.0001092527320066001,1.626645413906426e-05
14.808400095356236,9.653877705741255e-05,1.624954648636777e-05
14.810400095356236,9.994904689863408e-05,1.529682781255025e-05
14.812400095356235,9.0790299670063e-05,1.4500591953141556e-05
14.814400095356234,7.363718392016537e-05,1.4222487569920255e-05
14.816400095356235,6.576560202749371e-05,1.4506437212592126e-05
14.818400095356235,7.43946825086577e-05,1.5171636272647655e-05
14.820400095356234,7.557141253168881e-05,1.564915319974233e-05
14.822400095356233,7.50790686190772e-05,1.5864756698676435e-05
14.824400095356234,7.051059805181812e-05,1.5742912662296296e-05
14.826400095356234,5.764653094791115e-05,1.526589455431299e-05
14.828400095356233,4.521852432486416e-05,1.4847270852423501e-05
14.830400095356232,6.245091738485821e-05,1.4653330783512257e-05
14.832400095356233,7.535818955873316e-05,1.4795372715301955e-05
14.834400095356234,7.48858323821309e-05,1.5149889848064246e-05
14.836400095356232,6.274134265092849e-05,1.5458416054587328e-05
14.838400095356231,4.834495844217565e-05,1.5216014499628357e-05
14.840400095356232,6.775125321256335e-05,1.617604117996752e-05
14.842400095356233,7.548914428265773e-05,1.6588154729273703e-05
14.844400095356232,8.965369514609332e-05,1.652945694552764e-05
14.84640009535623,0.0001354676776430803,1.6642721190561295e-05
14.848400095356231,5.024993307827152e-05,1.573259834285232e-05
14.850400095356232,5.349878451296534e-05,1.5251085157345465e-05
14.85240009535623,5.37027263203705e-05,1.469653290670296e-05
14.85440009535623,5.473987437961455e-05,1.4271924219949806e-05
14.85640009535623,8.77215889025541e-05,1.4388463470066321e-05
14.858400095356231,8.032312022804365e-05,1.4745812497389923e-05
14.86040009535623,8.619343826331971e-05,1.512879581620035e-05
14.862400095356229,8.524318215896544e-05,1.5632254829227044e-05
14.86440009535623,7.260675132945949e-05,1.5990091826320224e-05
14.86640009535623,5.316117279833442e-05,1.588536948346051e-05
14.868400095356229,6.665701439146864e-05,1.5984383157128033e-05
14.870400095356228,8.289054757887913e-05,1.5556721755334286e-05
14.872400095356229,8.259218180978816e-05,1.535466209493478e-05
14.87440009535623,7.499389057543358e-05,1.5232133639229158e-05
14.876400095356228,7.751378920873186e-05,1.4802924318553612e-05
14.878400095356227,6.779462889596794e-05,1.4941416013282035e-05
14.880400095356228,8.241646743000432e-05,1.5149613735990921e-05
14.882400095356228,0.00011132057914588283,1.5418636226942285e-05
14.884400095356227,0.00012607647402870318,1.5708824521938253e-05
14.886400095356226,9.692591927579844e-05,1.595182254126303e-05
14.888400095356227,6.135310424098313e-05,1.594228591752021e-05
14.890400095356227,5.58210241578025e-05,1.5952626412917633e-05
14.892400095356226,5.779887495237254e-05,1.586309371149815e-05
14.894400095356225,5.6387506835052064e-05,1.577316876078298e-05
14.896400095356226,5.0911361184806673e-05,1.5831048629351432e-05
14.898400095356227,0.00010366495164983955,1.5750943071905958e-05
14.900400095356225,7.013982144950708e-05,1.5621059314615463e-05
14.902400095356224,4.7686466485226997e-05,1.56322208520283e-05
14.904400095356225,5.8624987011230755e-05,1.5853383624174133e-05
14.906400095356226,9.085189071392433e-05,1.625280589968681e-05
14.908400095356225,8.644936181379314e-05,1.6341810285789646e-05
14.910400095356223,7.698845356111566e-05,1.5929727475086897e-05
14.912400095356224,6.173251035169047e-05,1.582436407794044e-05
14.914400095356225,5.117595164126639e-05,1.6006517974504006e-05
14.916400095356224,5.65944693229953e-05,1.6140385509658773e-05
14.918400095356223,4.924432557514558e-05,1.6133940079378962e-05
14.920400095356223,4.691068095964769e-05,1.613778737031637e-05
14.922400095356224,7.381536717540836e-05,1.6252728713617504e-05
14.924400095356223,8.560706422085624e-05,1.6339272291541684e-05
14.926400095356222,2.7910769172519543e-05,1.6194732711862132e-05
14.928400095356222,3.382479613995574e-05,1.5989824954887014e-05
14.930400095356223,2.9395217449545355e-05,1.5800752160748075e-05
14.932400095356222,3.5821620783908255e-05,1.548765611502501e-05
14.93440009535622,4.8514538283823524e-05,1.5241000698546581e-05
14.936400095356221,5.462643754509827e-05,1.5346902970171076e-05
14.938400095356222,6.615106523257716e-05,1.5687095617799344e-05
14.940400095356221,8.859800211043724e-05,1.5983862453443043e-05
14.94240009535622,8.374132134179597e-05,1.612028941572378e-05
14.94440009535622,6.370164192969872e-05,1.626202356232104e-05
14.946400095356221,5.8584628164551185e-05,1.6634480075010676e-05
14.94840009535622,6.559014069001323e-05,1.6854955371153907e-05
14.950400095356219,4.5951237466896564e-05,1.666073690580553e-05
14.95240009535622,3.1049389406641895e-05,1.6240390526964073e-05
14.95440009535622,3.2065507205372725e-05,1.5872312071800875e-05
14.95640009535622,5.001653606088234e-05,1.5814715950013625e-05
14.958400095356218,6.578677053289112e-05,1.5631491073023835e-05
14.960400095356219,5.670284892923294e-05,1.5677031248350816e-05
14.96240009535622,4.16651392764951e-05,1.5915649984078285e-05
14.964400095356218,4.852117517732247e-05,1.6220659831147132e-05
14.966400095356217,9.723229339719918e-05,1.6435646259481145e-05
14.968400095356218,8.840346949757607e-05,1.657662999248718e-05
14.970400095356219,6.477450597584331e-05,1.6473595958943815e-05
14.972400095356218,6.98868688744049e-05,1.6227989251625063e-05
14.974400095356216,9.503015718072719e-05,1.588988124465803e-05
14.976400095356217,0.00010676340820633867,1.5542297388086963e-05
14.978400095356218,4.3631165552758164e-05,1.5728067890736594e-05
14.980400095356217,2.4433620658036075e-05,1.5830160988798968e-05
14.982400095356216,3.119926856018347e-05,1.578395621270192e-05
14.984400095356216,4.53217742094291e-05,1.5767069225683857e-05
14.986400095356217,4.6754386956397094e-05,1.6000837520483212e-05
14.988400095356216,1.8348984468658254e-05,1.6103102702722576e-05
14.990400095356215,6.131433691561456e-05,1.6190531102243292e-05
14.992400095356215,9.246377716917595e-05,1.6189482174685514e-05
14.994400095356216,0.00010060096298437074,1.6300074891891513e-05
14.996400095356215,0.0001008786753534559,1.6722666117620007e-05
14.998400095356214,8.330514976534664e-05,1.6517569347015996e-05
15.000400095356214,8.663550705692546e-05,1.6290307993803653e-05
15.002400095356215,0.00010379007690667395,1.601796173821944e-05
15.004400095356214,0.00012031570585260959,1.5813835453530348e-05
15.006400095356213,0.00011908290295667663,1.579008543447155e-05
15.008400095356214,9.272965298516323e-05,1.5478731869321226e-05
15.010400095356214,4.288050311056546e-05,1.5373040127870743e-05
15.012400095356213,5.877836094663265e-05,1.5704591640381998e-05
15.014400095356212,9.847477061819577e-05,1.6196972771581862e-05
15.016400095356213,7.816190606834915e-05,1.6418111189519415e-05
15.018400095356213,4.7375618876126425e-05,1.66270185465032e-05
15.020400095356212,6.242890998594262e-05,1.6535383585097452e-05
15.022400095356211,8.020883851822983e-05,1.6298879605049014e-05
15.024400095356212,8.211067978620973e-05,1.596087223405905e-05
15.026400095356212,6.564044608748074e-05,1.5591308123283937e-05
15.028400095356211,9.683240885314623e-05,1.589694707237276e-05
15.03040009535621,0.00011095448741072765,1.634611354371207e-05
15.032400095356211,0.00013517261569948724,1.6809868242498884e-05
15.034400095356212,0.00014139880486474738,1.7294525860175944e-05
15.03640009535621,9.221978586559552e-05,1.777116701439807e-05
15.03840009535621,8.03364993603592e-05,1.7313061852126833e-05
15.04040009535621,7.606440835412109e-05,1.7207244586165892e-05
15.04240009535621,6.90850482594471e-05,1.705958005223585e-05
15.04440009535621,6.367128215907995e-05,1.6990378896234732e-05
15.046400095356208,6.78331542854321e-05,1.7239909058414572e-05
15.04840009535621,6.815571152301617e-05,1.7203057202932164e-05
15.05040009535621,5.376423598022699e-05,1.722894041086544e-05
15.052400095356209,4.980450416477698e-05,1.739772531730875e-05
15.054400095356208,4.994273084654675e-05,1.7418503861511757e-05
15.056400095356208,4.099685925517089e-05,1.6940978706079227e-05
15.058400095356209,7.166737757772042e-05,1.6562931868279978e-05
15.060400095356208,6.305657645031657e-05,1.6598105679910924e-05
15.062400095356207,9.162156734347448e-05,1.7040216891848793e-05
15.064400095356207,0.0001264941531271598,1.7473998750307114e-05
15.066400095356208,0.0001031067517395003,1.7368228384867476e-05
15.068400095356207,6.129039940730853e-05,1.686672702073832e-05
15.070400095356206,3.702372259297443e-05,1.6280273561360552e-05
15.072400095356207,1.8319102145950435e-05,1.5733250046350585e-05
15.074400095356207,3.276925547723928e-05,1.5267099101396917e-05
15.076400095356206,0.00010575349347409442,1.4945885724800092e-05
15.078400095356205,8.616153689326122e-05,1.5428491031582875e-05
15.080400095356206,8.085649476048902e-05,1.632394908939046e-05
15.082400095356206,8.107898858413205e-05,1.6962863750537895e-05
15.084400095356205,8.259759921381146e-05,1.7223296998441178e-05
15.086400095356204,8.461118245158992e-05,1.7178967232432653e-05
15.088400095356205,0.00010680581794981879,1.655531903180869e-05
15.090400095356205,9.539560170763541e-05,1.584066898149423e-05
15.092400095356204,7.660231548303229e-05,1.5244323081511258e-05
15.094400095356203,8.398794412040076e-05,1.4987897914304696e-05
15.096400095356204,0.00014100682648013766,1.5255717143470644e-05
15.098400095356205,0.0001347349892425891,1.5887272049199715e-05
15.100400095356203,0.0001152055837076187,1.6445371089733275e-05
15.102400095356202,0.0001107890459732285,1.6735392714845393e-05
15.104400095356203,0.00011984812440373365,1.6727637810316448e-05
15.106400095356204,0.0001280199413381676,1.6466526115875778e-05
15.108400095356203,0.00011945661284356095,1.5927732476885656e-05
15.110400095356201,0.00013696743240740358,1.5717538735816546e-05
15.112400095356202,0.00015386360174450873,1.5879474521302343e-05
15.114400095356203,0.0001512393454207839,1.6337145420973982e-05
15.116400095356202,0.00011824541254342361,1.69099651646434e-05
15.1184000953562,9.43672579150488e-05,1.7053457356106123e-05
15.120400095356201,6.160833493846602e-05,1.695985405509343e-05
15.122400095356202,3.390142047066355e-05,1.656796923970876e-05
15.1244000953562,3.309641068413107e-05,1.613976739865407e-05
15.1264000953562,7.682383820221691e-05,1.604050945041894e-05
15.1284000953562,0.00011198213642915243,1.6233084239314897e-05
15.130400095356201,9.366500739085306e-05,1.66355858542987e-05
15.1324000953562,7.43434958553428e-05,1.69294446595116e-05
15.134400095356199,6.384879650187184e-05,1.6997554380871775e-05
15.1364000953562,6.206925511293289e-05,1.681887268268856e-05
15.1384000953562,0.00013744984922582816,1.647898366866133e-05
15.140400095356199,9.667155047599923e-05,1.60071914931647e-05
15.142400095356198,4.878146750958243e-05,1.5785617682745794e-05
15.144400095356199,3.7173586112702946e-05,1.594626504744565e-05
15.1464000953562,7.038144803587575e-05,1.6491017978713057e-05
15.148400095356198,5.8804016684588926e-05,1.724954630024234e-05
15.150400095356197,3.0738946671621115e-05,1.7322469772420848e-05
15.152400095356198,2.6639452433561187e-05,1.7122868282998343e-05
15.154400095356198,3.2325011230647644e-05,1.668939348224647e-05
15.156400095356197,1.8883184408880922e-05,1.5975403731364026e-05
15.158400095356196,3.8884097042933235e-05,1.5386435837562138e-05
15.160400095356197,3.7803693626942664e-05,1.529041532530612e-05
15.162400095356197,4.5960350187151846e-05,1.561452441626856e-05
15.164400095356196,6.687442404724548e-05,1.6254344506732644e-05
15.166400095356195,8.84425917864168e-05,1.7005711972452237e-05
15.168400095356196,5.0847133213592775e-05,1.7020320712469517e-05
15.170400095356197,5.87274706784628e-05,1.6982916060938474e-05
15.172400095356195,4.9880077129116594e-05,1.662365295478365e-05
15.174400095356194,2.1297335868727876e-05,1.60661244611071e-05
15.176400095356195,-1.227808706090017e-06,1.563863730313593e-05
15.178400095356196,5.712461957352814e-05,1.6008626276156433e-05
15.180400095356195,4.1770418283579365e-05,1.635848617915295e-05
15.182400095356194,4.4854376042157226e-05,1.691209471553362e-05
15.184400095356194,6.768126962938318e-05,1.7351593725535208e-05
15.186400095356195,7.851175440900684e-05,1.7217373179982502e-05
15.188400095356194,8.08114549610959e-05,1.6869033512148715e-05
15.190400095356193,8.913019171974628e-05,1.6564059918382392e-05
15.192400095356193,9.641375529838089e-05,1.6253942249237407e-05
15.194400095356194,0.000109188628631879,1.6070406262596122e-05
15.196400095356193,0.00012949869719605393,1.6194574640870903e-05
15.198400095356192,5.828886788312075e-05,1.6599655519478012e-05
15.200400095356192,3.12173159082065e-05,1.685237799361628e-05
15.202400095356193,4.764290139960545e-05,1.6823938261392796e-05
15.204400095356192,7.173599904383482e-05,1.673334213300998e-05
15.20640009535619,5.829556391599835e-05,1.689875475227369e-05
15.208400095356192,3.183257167932469e-05,1.710215837063687e-05
15.210400095356192,3.9341850397067396e-05,1.684970744686719e-05
15.212400095356191,5.252738296933448e-05,1.6820471293720126e-05
15.21440009535619,6.769675609120054e-05,1.7010820514897903e-05
15.21640009535619,8.548913868465589e-05,1.713144786628506e-05
15.218400095356191,5.583150830541918e-05,1.6824579149045897e-05
15.22040009535619,6.926243159103098e-05,1.6788848897457156e-05
15.222400095356189,7.192468040406595e-05,1.7018689342046256e-05
15.22440009535619,6.226285306207133e-05,1.7348860497453444e-05
15.22640009535619,5.710875250925173e-05,1.7550972009028252e-05
15.22840009535619,4.627926930854521e-05,1.7542917004574894e-05
15.230400095356188,5.603428743741698e-05,1.7594126119435348e-05
15.232400095356189,5.29391471798336e-05,1.7726261507687896e-05
15.23440009535619,4.791692303079185e-05,1.769102438950792e-05
15.236400095356188,6.587074317135923e-05,1.7214736788230234e-05
15.238400095356187,9.057264409681242e-05,1.688054430725555e-05
15.240400095356188,6.221602052410699e-05,1.6799012272162104e-05
15.242400095356189,3.453342221531386e-05,1.6753022002741318e-05
15.244400095356188,2.8614928380849648e-05,1.6721629431535835e-05
15.246400095356186,4.9370969136414914e-05,1.6767834453228193e-05
15.248400095356187,6.747387428436063e-05,1.7055292928643637e-05
15.250400095356188,5.7690665544796424e-05,1.736721119601542e-05
15.252400095356187,2.282217425818668e-05,1.7130891390147808e-05
15.254400095356186,5.919716629066057e-06,1.663885221424965e-05
15.256400095356186,5.436216699173215e-05,1.648684054695713e-05
15.258400095356187,8.553564444518068e-05,1.6600348289961762e-05
15.260400095356186,0.0001410297452014523,1.6688773982972677e-05
15.262400095356185,0.00014996931801243395,1.6844433839741777e-05
15.264400095356185,0.00012480778408923096,1.712895504065727e-05
15.266400095356186,0.0001049356342111947,1.7546613677087714e-05
15.268400095356185,4.467473738339439e-05,1.7679105528714766e-05
15.270400095356184,5.0542801076196586e-05,1.6966459555113974e-05
15.272400095356184,6.564040038170835e-05,1.668571182733572e-05
15.274400095356185,8.292178168151889e-05,1.7015932772409807e-05
15.276400095356184,0.00011119959097094378,1.76238132879097e-05
15.278400095356183,0.00012830253429601488,1.7577614564200024e-05
15.280400095356184,4.96076565466918e-05,1.7634532250682246e-05
15.282400095356184,2.2665182935078937e-05,1.7729192037978658e-05
15.284400095356183,4.046601225831074e-05,1.7858440260472045e-05
15.286400095356182,4.26543367830227e-05,1.79993560880144e-05
15.288400095356183,7.080709981039675e-05,1.7698550844456205e-05
15.290400095356183,9.435427977169717e-05,1.810820173838432e-05
15.292400095356182,8.600312453978109e-05,1.835761513171459e-05
15.294400095356181,7.058201957321995e-05,1.8248782651990148e-05
15.296400095356182,8.527265970466669e-05,1.7917257110609087e-05
15.298400095356183,6.697167177813279e-05,1.8128577644677757e-05
15.300400095356181,6.818494547222182e-05,1.832231889899147e-05
15.30240009535618,8.45385001675707e-05,1.856081403027525e-05
15.304400095356181,9.93048743307812e-05,1.8759107613868054e-05
15.306400095356182,9.391143592098933e-05,1.8784395601266936e-05
15.30840009535618,8.882730967406953e-05,1.8623726355878017e-05
15.31040009535618,5.325229265827107e-05,1.8594696408433767e-05
15.31240009535618,8.524975766489377e-05,1.836144518024735e-05
15.31440009535618,0.00013844615769583214,1.8129657323956708e-05
15.31640009535618,0.00012060880098453417,1.8259178248916775e-05
15.318400095356179,8.55491709590377e-05,1.841186046825331e-05
15.32040009535618,7.919953154740417e-05,1.8565436283804324e-05
15.32240009535618,8.688073062844152e-05,1.8497860581449035e-05
15.324400095356179,0.00010966548440468246,1.8252759874067366e-05
15.326400095356178,0.00014503727096793696,1.797152432427688e-05
15.328400095356178,9.909489309097125e-05,1.7601213180165086e-05
15.330400095356179,6.0503988234394124e-05,1.7167232884373288e-05
15.332400095356178,5.3312526123410416e-05,1.706956918369367e-05
15.334400095356177,6.758578681091855e-05,1.7259694669614236e-05
15.336400095356177,8.05245054760792e-05,1.7477281416654918e-05
15.338400095356178,9.215522121480521e-05,1.7285073038963246e-05
15.340400095356177,8.341305696689372e-05,1.715915228158533e-05
15.342400095356176,7.067024104507291e-05,1.7465058488605306e-05
15.344400095356177,6.630428884760074e-05,1.7868864161563826e-05
15.346400095356177,7.86360404859545e-05,1.7810992826176906e-05
15.348400095356176,8.840215915340203e-05,1.74612993862518e-05
15.350400095356175,7.67534298448031e-05,1.722930814310529e-05
15.352400095356176,7.404981575295668e-05,1.7242521252855788e-05
15.354400095356176,5.829449866226646e-05,1.7390196220316926e-05
15.356400095356175,3.3557641322121543e-06,1.752361474270694e-05
15.358400095356174,5.4878452260160845e-05,1.820684013769967e-05
15.360400095356175,0.00012502193737989106,1.8648483444478448e-05
15.362400095356175,0.00014046918610494303,1.8837804668176494e-05
15.364400095356174,0.00010025776872113271,1.8412297544241496e-05
15.366400095356173,4.4025829817848556e-05,1.713424639828738e-05
15.368400095356174,0.00010556070751397731,1.728392591262007e-05
15.370400095356175,9.933320769365079e-05,1.7939357513048905e-05
15.372400095356173,7.399504307984537e-05,1.8385654141878903e-05
15.374400095356172,3.625447290281204e-05,1.8513834042524132e-05
15.376400095356173,-1.1621571755762546e-05,1.845693348822746e-05
15.378400095356174,4.353156773515933e-05,1.8275141384578914e-05
15.380400095356173,5.506058292688596e-05,1.770067378333426e-05
15.382400095356171,6.886919598394619e-05,1.7275134949690193e-05
15.384400095356172,8.927201061039701e-05,1.7345997734942053e-05
15.386400095356173,0.0001048006101378738,1.8091139680640315e-05
15.388400095356172,0.00010967290982213896,1.8833536243191803e-05
15.39040009535617,9.739510781961051e-05,1.8499260138484654e-05
15.392400095356171,9.736646953229278e-05,1.790110257134501e-05
15.394400095356172,0.0001242989029360705,1.7450758349599548e-05
15.39640009535617,0.0001769121688670354,1.7369071169866633e-05
15.39840009535617,0.00015642275106339255,1.7375849883831045e-05
15.40040009535617,7.66309409208722e-05,1.7324686511131663e-05
15.402400095356171,3.81001355067515e-05,1.7433959537420346e-05
15.40440009535617,3.5077779123550605e-05,1.7565056907084776e-05
15.406400095356169,2.5971000120897567e-05,1.7465700271144104e-05
15.40840009535617,5.1662848685993065e-05,1.7235442608703134e-05
15.41040009535617,5.036779076314048e-05,1.7292913913655586e-05
15.412400095356169,6.462339523816421e-05,1.1020588723108488e-05
15.414400095356168,7.077624826618482e-05,1.1294787734719303e-05
15.416400095356169,8.065168593208573e-05,1.1439271089383168e-05
15.41840009535617,7.834999818729735e-05,1.1281399421401465e-05
15.420400095356168,8.379459940792674e-05,1.1422186099806003e-05
15.422400095356167,8.4825339733473e-05,1.1485333067310132e-05
15.424400095356168,8.858948431556105e-05,1.145678761791409e-05
15.426400095356168,0.0001025332064401638,1.1425049871059695e-05
15.428400095356167,8.73132178350894e-05,1.1340342750386515e-05
15.430400095356166,9.822374345964428e-05,1.1300068410008568e-05
15.432400095356167,9.186578710523814e-05,1.1299418983614792e-05
15.434400095356168,7.281325478338662e-05,1.1233209800869034e-05
15.436400095356166,6.035693890205986e-05,1.1096868251102293e-05
15.438400095356165,6.092445958858212e-05,1.140717804395531e-05
15.440400095356166,6.008933179687279e-05,1.1498286038530358e-05
15.442400095356167,6.387340269408836e-05,1.1330907047650646e-05
15.444400095356166,6.65995439123358e-05,1.10269466173367e-05
15.446400095356164,5.302390459746578e-05,1.0753963274173992e-05
15.448400095356165,3.913417063618408e-05,1.081040329545126e-05
15.450400095356166,5.748080129491483e-05,1.0962189610405001e-05
15.452400095356165,8.034873841729997e-05,1.1121016950924673e-05
15.454400095356164,9.143815105374722e-05,1.1325365689142808e-05
15.456400095356164,7.842956446761676e-05,1.1535700483243095e-05
15.458400095356165,6.758220462654394e-05,1.1067259072679014e-05
15.460400095356164,6.506714317784963e-05,1.0799277512775027e-05
15.462400095356163,5.820716560422496e-05,1.0825012400557896e-05
15.464400095356163,5.10641974556573e-05,1.105710842202361e-05
15.466400095356164,5.3771407158251475e-05,1.1338737687741515e-05
15.468400095356163,5.237720407094177e-05,1.160182781844037e-05
15.470400095356162,6.95381461128314e-05,1.1478678766654847e-05
15.472400095356162,5.9870540095535455e-05,1.1315306873744446e-05
15.474400095356163,3.886045497773278e-05,1.1122662126444544e-05
15.476400095356162,3.8566363401980535e-05,1.0808284453549691e-05
15.478400095356161,6.90296081484037e-05,1.075842228306771e-05
15.480400095356162,5.149357036430687e-05,1.0994617460281105e-05
15.482400095356162,4.578061736573952e-05,1.127803054300092e-05
15.484400095356161,5.3158903892491706e-05,1.1573427031379127e-05
15.48640009535616,5.6047192349928907e-05,1.1821013792319996e-05
15.48840009535616,6.408948768391653e-05,1.1358943062102938e-05
15.490400095356161,6.926196620695852e-05,1.09592909767893e-05
15.49240009535616,6.323529234523727e-05,1.0638800966665574e-05
15.49440009535616,5.2308725710724134e-05,1.0528338343147973e-05
15.49640009535616,4.845911305405401e-05,1.0746006573342633e-05
15.49840009535616,4.6436531886399345e-05,1.1257815088259522e-05
15.50040009535616,5.4894025048587905e-05,1.1490371207742963e-05
15.502400095356158,6.313889812086546e-05,1.166997879663117e-05
15.504400095356159,7.343847819741375e-05,1.1672961412958562e-05
15.50640009535616,8.765467593486578e-05,1.1309087114796755e-05
15.508400095356158,7.648424629420048e-05,1.1153383778296523e-05
15.510400095356157,5.675019002587893e-05,1.1082347973016627e-05
15.512400095356158,5.400211265922129e-05,1.1202263724112888e-05
15.514400095356159,6.395140760931452e-05,1.1466226299386353e-05
15.516400095356158,7.523425874725034e-05,1.1774331061372031e-05
15.518400095356156,9.671423810367012e-05,1.1810903510505437e-05
15.520400095356157,9.223374189600066e-05,1.2004845045367976e-05
15.522400095356158,9.204897535646795e-05,1.1819485577804368e-05
15.524400095356157,9.550180445832681e-05,1.136715365218234e-05
15.526400095356156,8.914580201835879e-05,1.103874886890999e-05
15.528400095356156,7.018926002298227e-05,1.0974762876561434e-05
15.530400095356157,5.479206684911621e-05,1.1037608398461227e-05
15.532400095356156,4.912318024734532e-05,1.1271465642915537e-05
15.534400095356155,5.202919326657853e-05,1.1662608127262232e-05
15.536400095356155,6.0107202295176425e-05,1.2103074916617546e-05
15.538400095356156,9.467384026874585e-05,1.2166005164072503e-05
15.540400095356155,9.39048990627937e-05,1.177006822463172e-05
15.542400095356154,9.221360710203923e-05,1.1434449731912053e-05
15.544400095356155,8.401982265564438e-05,1.1383628331164618e-05
15.546400095356155,5.584198408534236e-05,1.1678557608619864e-05
15.548400095356154,5.676389816668232e-05,1.1740145092418304e-05
15.550400095356153,5.497345782607534e-05,1.1882500099882984e-05
15.552400095356154,4.67288047863858e-05,1.2004628602275747e-05
15.554400095356154,4.397767848564578e-05,1.2075190454798924e-05
15.556400095356153,5.695063562740305e-05,1.2135229403519582e-05
15.558400095356152,3.259955561794864e-05,1.2064289847055035e-05
15.560400095356153,3.194830821106478e-05,1.1937258315106367e-05
15.562400095356153,4.914119540156372e-05,1.1658994458955343e-05
15.564400095356152,7.26547180188856e-05,1.138845407784897e-05
15.566400095356151,8.753664178982578e-05,1.1364446288594181e-05
15.568400095356152,9.226767611113392e-05,1.1756618844652644e-05
15.570400095356153,5.760968221821428e-05,1.589874505548162e-05
15.572400095356151,5.414219867996254e-05,1.6236284573602515e-05
15.57440009535615,6.202028605211894e-05,1.5877884201409607e-05
15.576400095356151,3.4702024236584976e-05,1.5112562055189161e-05
15.578400095356152,6.324712522542492e-05,1.4129691911150526e-05
15.58040009535615,7.13628522205444e-05,1.3453843709087753e-05
15.58240009535615,8.035596979431579e-05,1.330534013129235e-05
15.58440009535615,9.683345694881196e-05,1.383920315062798e-05
15.58640009535615,0.00011430089166530316,1.5043050350734085e-05
15.58840009535615,5.099892888206637e-05,1.578460766117074e-05
15.590400095356149,6.67151027749136e-05,1.5974975641869326e-05
15.59240009535615,7.53260857973991e-05,1.5392594299995532e-05
15.59440009535615,6.598197736770548e-05,1.4367835426782308e-05
15.596400095356149,5.777683971432324e-05,1.345220833826937e-05
15.598400095356148,7.214005050188815e-05,1.2801910655818266e-05
15.600400095356148,5.238265539415632e-05,1.2819031158322535e-05
15.602400095356149,5.750610398893077e-05,1.3517280234693503e-05
15.604400095356148,8.150123415158264e-05,1.4573490106345435e-05
15.606400095356147,9.188419252577522e-05,1.5476269584983886e-05
15.608400095356147,5.8656896794382755e-05,1.5530903924324462e-05
15.610400095356148,5.5821780926095626e-05,1.4710035786114276e-05
15.612400095356147,6.009896388458773e-05,1.3764127998501562e-05
15.614400095356146,5.946770186313337e-05,1.3011765439439465e-05
15.616400095356147,5.015691914654503e-05,1.2632213266192804e-05
15.618400095356147,7.209347987701313e-05,1.3038746763915785e-05
15.620400095356146,7.848384373939577e-05,1.4027173661991959e-05
15.622400095356145,7.229830179533505e-05,1.5143993244019762e-05
15.624400095356146,6.013272753930231e-05,1.6015523440072545e-05
15.626400095356146,5.202339133886157e-05,1.624720138624518e-05
15.628400095356145,7.145506246124595e-05,1.4965551626034246e-05
15.630400095356144,5.823679283228291e-05,1.4034624205009627e-05
15.632400095356145,4.372620319442221e-05,1.3491044662583514e-05
15.634400095356145,4.2678563366402886e-05,1.343080939059365e-05
15.636400095356144,5.9969596127597e-05,1.392873269691024e-05
15.638400095356143,6.522661332931849e-05,1.4855827769059422e-05
15.640400095356144,8.130996637357549e-05,1.549087094132034e-05
15.642400095356145,9.882431988069592e-05,1.5858908385142432e-05
15.644400095356144,0.00010917026655531223,1.574309629934013e-05
15.646400095356142,0.00010485339885639285,1.4959947936622503e-05
15.648400095356143,8.690509687472335e-05,1.445354319783367e-05
15.650400095356144,5.674888913936239e-05,1.392690744469352e-05
15.652400095356143,4.830617156592979e-05,1.3815763166293087e-05
15.654400095356142,6.270905138428501e-05,1.407438557217577e-05
15.656400095356142,8.31861398796581e-05,1.4457349235994428e-05
15.658400095356143,5.33947283776028e-05,1.4846615995623431e-05
15.660400095356142,3.874996519716129e-05,1.5744320283559555e-05
15.66240009535614,3.639386025023608e-05,1.5815487253280282e-05
15.664400095356141,3.367360920304051e-05,1.5337796621621915e-05
15.666400095356142,1.8629574778595298e-05,1.5125288032548423e-05
15.66840009535614,3.2558416284785975e-05,1.4565385691553548e-05
15.67040009535614,3.7129848543554435e-05,1.4147424133973646e-05
15.67240009535614,4.963403691476968e-05,1.3957765890361023e-05
15.674400095356141,6.812735390222753e-05,1.4011459144526077e-05
15.67640009535614,8.092485054795807e-05,1.43160078750321e-05
15.678400095356139,5.774779944214714e-05,1.5232208895468813e-05
15.68040009535614,7.409451744045839e-05,1.5289309270016395e-05
15.68240009535614,8.333953711974352e-05,1.5180696918869092e-05
15.684400095356139,8.387591657710463e-05,1.4897233166687467e-05
15.686400095356138,8.86446071587723e-05,1.4234260720937318e-05
15.688400095356139,7.586216892389179e-05,1.3676197205446676e-05
15.69040009535614,7.584253425813445e-05,1.3369131613694402e-05
15.692400095356138,7.455452247967396e-05,1.3360364317399229e-05
15.694400095356137,7.912036344771141e-05,1.3836770023825728e-05
15.696400095356138,9.969524041606896e-05,1.4874643354757987e-05
15.698400095356138,9.27601030409714e-05,1.5053630623244056e-05
15.700400095356137,8.522379547377337e-05,1.510148138862666e-05
15.702400095356136,7.48935303494363e-05,1.4773006344030745e-05
15.704400095356137,5.952089715402247e-05,1.4208088252631621e-05
15.706400095356138,4.0685393143909166e-05,1.3714192528837782e-05
15.708400095356136,5.7732081368126296e-05,1.355712517812135e-05
15.710400095356135,7.432545300947832e-05,1.3582939956494993e-05
15.712400095356136,0.00010152890887770558,1.404846384886109e-05
15.714400095356137,0.00011618422792993333,1.4747031518649772e-05
15.716400095356136,8.944294312327268e-05,1.5304110127622368e-05
15.718400095356134,7.583591337582186e-05,1.5733225570781875e-05
15.720400095356135,6.224912643819049e-05,1.513838364795352e-05
15.722400095356136,5.7511300884609564e-05,1.4417950562699675e-05
15.724400095356135,5.848220257884043e-05,1.3819012697087947e-05
15.726400095356134,5.74958336236133e-05,1.337200150458068e-05
15.728400095356134,5.350162055932558e-05,1.3416472355114224e-05
15.730400095356135,4.056919856990745e-05,1.4186822019281114e-05
15.732400095356134,1.7850661832677794e-05,1.4864140402517036e-05
15.734400095356133,1.7914956399148573e-06,1.5378390992280234e-05
15.736400095356133,1.223184594597257e-05,1.584232373389758e-05
15.738400095356134,2.9751749750226706e-05,1.5193478942398507e-05
15.740400095356133,3.2490857741811757e-05,1.4555810072030882e-05
15.742400095356132,3.174133613444877e-05,1.3988185263377226e-05
15.744400095356132,3.902148509462242e-05,1.368767579115568e-05
15.746400095356133,6.137483571766847e-05,1.386932027352531e-05
15.748400095356132,5.7381829756429485e-05,1.443842946046607e-05
15.750400095356131,5.889833579839646e-05,1.4800690799133923e-05
15.752400095356132,7.073879748568777e-05,1.5239050291636763e-05
15.754400095356132,9.059117231643829e-05,1.539396945177653e-05
15.756400095356131,0.00010865415781255845,1.4813889198058106e-05
15.75840009535613,7.280445661793201e-05,1.4692431014930238e-05
15.76040009535613,4.821268088774019e-05,1.419079502098799e-05
15.762400095356131,5.605436572272532e-05,1.3923095142238977e-05
15.76440009535613,7.132806608809953e-05,1.3991701990826695e-05
15.76640009535613,5.737338790275401e-05,1.4262613006726685e-05
15.76840009535613,6.090425350559311e-05,1.436734947228942e-05
15.77040009535613,6.805784630454188e-05,1.4790789689223893e-05
15.77240009535613,5.5007302997743856e-05,1.4933105865661385e-05
15.774400095356128,3.6529228471385056e-05,1.4857308971214194e-05
15.776400095356129,3.6708878267354827e-05,1.482469726961728e-05
15.77840009535613,9.374393918324285e-06,1.4315311570733634e-05
15.780400095356129,3.8770228849899436e-05,1.4273296828676095e-05
15.782400095356127,7.113075375171185e-05,1.4320020361124203e-05
15.784400095356128,7.72591593575385e-05,1.4327031339258557e-05
15.786400095356129,4.4043222452154494e-05,1.4313702559408228e-05
15.788400095356128,2.5793650393432974e-05,1.4870080118475151e-05
15.790400095356127,1.5300961926133012e-05,1.5041833200668969e-05
15.792400095356127,2.3474089341735882e-05,1.5151677448338376e-05
15.794400095356128,3.51379573345504e-05,1.5244656712420455e-05
15.796400095356127,3.0131469120081845e-05,1.5262404314760464e-05
15.798400095356126,5.20295137243456e-05,1.515506270021261e-05
15.800400095356126,3.5166427812199717e-05,1.4936472578646997e-05
15.802400095356127,3.844445869742249e-05,1.472365539575244e-05
15.804400095356126,4.436806168851413e-05,1.4656569866262716e-05
15.806400095356125,1.692180194085043e-05,1.4860747457451682e-05
15.808400095356125,4.634993544419804e-05,1.5234473633410315e-05
15.810400095356126,3.8022025602318425e-05,1.557463648278582e-05
15.812400095356125,3.6847199229684326e-05,1.5598725957375006e-05
15.814400095356124,4.845089689635656e-05,1.5448780865011136e-05
15.816400095356125,6.214891751584264e-05,1.5397411192826613e-05
15.818400095356125,6.117808099532983e-05,1.5174394675329022e-05
15.820400095356124,6.895105061725996e-05,1.4926505135480742e-05
15.822400095356123,8.676480679106794e-05,1.4661771912528094e-05
15.824400095356124,9.544691009691601e-05,1.4577360081233183e-05
15.826400095356124,7.516368328185193e-05,1.4889747560235571e-05
15.828400095356123,8.62031703832022e-05,1.5260733520846947e-05
15.830400095356122,6.735967191305604e-05,1.5353013524154795e-05
15.832400095356123,4.802370131418348e-05,1.540490988759418e-05
15.834400095356123,3.9230620602425226e-05,1.548001683991587e-05
15.836400095356122,4.407609561625785e-05,1.554401800436812e-05
15.838400095356121,5.767188259981608e-05,1.5230884486911589e-05
15.840400095356122,4.903911438549075e-05,1.4722096823650062e-05
15.842400095356123,6.179236908492218e-05,1.4511510787670888e-05
15.844400095356121,8.440693502688132e-05,1.465329348620989e-05
15.84640009535612,8.69122646499017e-05,1.5021456995489081e-05
15.848400095356121,8.251003171716688e-05,1.5584317983923686e-05
15.850400095356122,7.217040982375716e-05,1.5743820823003237e-05
15.85240009535612,7.725216983253405e-05,1.5593733354659007e-05
15.85440009535612,9.065959601940653e-05,1.5417912984387186e-05
15.85640009535612,9.352575643839483e-05,1.5484164035122904e-05
15.85840009535612,6.874123365339585e-05,1.4957543977108978e-05
15.86040009535612,3.243700025740794e-05,1.4870116744595695e-05
15.862400095356119,1.7083947376944308e-05,1.4788532771913187e-05
15.86440009535612,3.238956313796858e-05,1.4822549101944493e-05
15.86640009535612,7.254508189327855e-05,1.5216597726828038e-05
15.868400095356119,7.677787434031891e-05,1.544215361897782e-05
15.870400095356118,8.271688372619274e-05,1.5488524296483332e-05
15.872400095356118,7.856925897240607e-05,1.5679810400050377e-05
15.874400095356119,7.138297102651709e-05,1.5822015174077413e-05
15.876400095356118,7.420858186139283e-05,1.564086993882928e-05
15.878400095356117,8.070143174329231e-05,1.618570514885792e-05
15.880400095356118,6.219614152812804e-05,1.598632964139708e-05
15.882400095356118,6.447324108407679e-05,1.5810975967784694e-05
15.884400095356117,7.74281999326455e-05,1.5832755320884346e-05
15.886400095356116,7.132175473214702e-05,1.5991876346553914e-05
15.888400095356117,5.0025667395004234e-05,1.6235180892440414e-05
15.890400095356117,4.482008112264831e-05,1.6286177879011935e-05
15.892400095356116,6.91695067151324e-05,1.6136227858234013e-05
15.894400095356115,0.00010356584649269994,1.610725284030985e-05
15.896400095356116,0.00011477607090815593,1.653249253244337e-05
15.898400095356116,7.73623329430103e-05,1.6434173591230195e-05
15.900400095356115,8.82658449591235e-05,1.6737044347752364e-05
15.902400095356114,7.510488715939075e-05,1.6710385737309188e-05
15.904400095356115,5.475053226232459e-05,1.6544492997826068e-05
15.906400095356116,7.034397225777806e-05,1.6713231192720456e-05
15.908400095356114,6.47241660626971e-05,1.673378272752241e-05
15.910400095356113,5.795018787379851e-05,1.639112301650404e-05
15.912400095356114,5.449935051111386e-05,1.634704405439693e-05
15.914400095356115,5.8222307913833014e-05,1.65391420343998e-05
15.916400095356114,7.103439097420018e-05,1.6691515938298036e-05
15.918400095356112,7.977514781581719e-05,1.7409197955208133e-05
15.920400095356113,6.887595647872646e-05,1.7222107872759643e-05
15.922400095356114,5.51213692644067e-05,1.6939207837066064e-05
15.924400095356113,4.910009244233661e-05,1.669125759179422e-05
15.926400095356112,5.6654526485460944e-05,1.6393563205685967e-05
15.928400095356112,5.8395146173054224e-05,1.6401451260221767e-05
15.930400095356113,7.116151995701361e-05,1.6434561243854155e-05
15.932400095356112,8.341582759563302e-05,1.6213438900046104e-05
15.93440009535611,7.817984199044052e-05,1.610142191595718e-05
15.936400095356111,4.315880667862627e-05,1.6577439739696825e-05
15.938400095356112,3.46194395544753e-05,1.6604508499903387e-05
15.940400095356111,4.75584282892935e-05,1.6893708849105538e-05
15.94240009535611,7.065392897815787e-05,1.6881987155799727e-05
15.94440009535611,8.951260442225237e-05,1.666510391225401e-05
15.946400095356111,8.892087367968629e-05,1.6578282861242393e-05
15.94840009535611,6.294524035977782e-05,1.660591541790982e-05
15.950400095356109,4.7067390025996175e-05,1.632760256588698e-05
15.95240009535611,5.193384189819148e-05,1.6094474522956958e-05
15.95440009535611,7.026430971436975e-05,1.586295160333825e-05
15.95640009535611,8.473976389806327e-05,1.5516654047333246e-05
15.958400095356108,5.8904903473569115e-05,1.579329575797427e-05
15.960400095356109,3.588572963342806e-05,1.6139816897622744e-05
15.96240009535611,4.865642879022643e-05,1.664467697109327e-05
15.964400095356108,6.349962426353885e-05,1.703948344280675e-05
15.966400095356107,3.351745160593787e-05,1.6995336947290387e-05
15.968400095356108,6.308696854382033e-05,1.7069009460200603e-05
15.970400095356108,7.193328912967652e-05,1.6788297665559823e-05
15.972400095356107,6.736766413496582e-05,1.6218738474614592e-05
15.974400095356106,6.969798387617576e-05,1.564627793832671e-05
15.976400095356107,9.901112469142837e-05,1.5405784715412833e-05
15.978400095356108,0.00011401599214017226,1.5291335239990563e-05
15.980400095356107,9.214581050563542e-05,1.5799767212637403e-05
15.982400095356105,5.552811281423509e-05,1.6419081304025564e-05
15.984400095356106,3.546272086980526e-05,1.6990448529213694e-05
15.986400095356107,5.996626464209771e-05,1.7456110693859176e-05
15.988400095356106,7.931359826129314e-05,1.744690655434188e-05
15.990400095356105,5.63577001683601e-05,1.6996851099909927e-05
15.992400095356105,5.305098711987651e-05,1.635161115655822e-05
15.994400095356106,5.60221772574541e-05,1.567573343480968e-05
15.996400095356105,2.8806156129293506e-05,1.5135223892980219e-05
15.998400095356104,9.700842131045896e-06,1.5123226258589983e-05
16.000400095356106,2.1941499973983654e-05,1.5374323132285166e-05
16.002400095356105,3.6701839252478724e-05,1.581601204550465e-05
16.004400095356104,4.9540905889298135e-05,1.636659137801725e-05
16.006400095356103,6.2442955226943e-05,1.6938796725014704e-05
16.0084000953561,4.7377672158225994e-05,1.7540013846891297e-05
16.010400095356104,6.697752906361431e-05,1.742561868470685e-05
16.012400095356103,6.183774512277339e-05,1.6923800776179955e-05
16.014400095356102,4.5083160624681364e-05,1.6257657747977886e-05
16.016400095356104,5.315253527287167e-05,1.566687743212972e-05
16.018400095356103,5.79255803519779e-05,1.575234636094668e-05
16.020400095356102,5.0169583224346334e-05,1.5718130317433908e-05
16.0224000953561,3.810800131940368e-05,1.5883244593054063e-05
16.0244000953561,3.1989228737756615e-05,1.6203311224437335e-05
16.026400095356102,4.196042426092211e-05,1.650652855503383e-05
16.0284000953561,6.699925725953235e-05,1.6884363918229637e-05
16.0304000953561,7.321666858315852e-05,1.7036249962887822e-05
16.032400095356103,6.557822632033537e-05,1.7070190454322795e-05
16.0344000953561,6.096313204573711e-05,1.6967575606713554e-05
16.0364000953561,7.656050537319656e-05,1.666525999823875e-05
16.0384000953561,7.747221173465217e-05,1.60713903648411e-05
16.040400095356098,8.398111427945907e-05,1.5857023032971625e-05
16.0424000953561,8.19571541339513e-05,1.560287866953397e-05
16.0444000953561,6.524498632506153e-05,1.5433528501169714e-05
16.0464000953561,3.6229241836904874e-05,1.5638569037511767e-05
16.0484000953561,4.760870663146701e-05,1.6016762266999044e-05
16.0504000953561,5.625642811416025e-05,1.662051920859756e-05
16.0524000953561,6.183954645787186e-05,1.7211496514798326e-05
16.054400095356097,5.881218159089095e-05,1.755074762099112e-05
16.056400095356096,4.305801040836503e-05,1.7458010766561004e-05
16.0584000953561,4.372976753394765e-05,1.7335962649724314e-05
16.060400095356098,4.034149262787233e-05,1.6870149760190658e-05
16.062400095356097,4.52185627821316e-05,1.6376132862594628e-05
16.0644000953561,6.30130512407339e-05,1.5939166944370835e-05
16.066400095356098,8.83696432901468e-05,1.5574562480120793e-05
16.068400095356097,4.90113245475084e-05,1.5485780290879187e-05
16.070400095356096,6.0032047908617134e-05,1.576893714517288e-05
16.072400095356095,3.990653804381182e-05,1.6317130730387517e-05
16.074400095356097,3.177729589847278e-05,1.7121038892636152e-05
16.076400095356096,0.00010633563022932382,1.8079870014642483e-05
16.078400095356095,0.00010281061960237563,1.7926792800304834e-05
16.080400095356097,5.136315083473698e-05,1.7390201070581654e-05
16.082400095356096,2.6298837654274524e-05,1.6678447238064174e-05
16.084400095356095,4.1478178434944024e-05,1.6090814894706056e-05
16.086400095356094,8.174062667944883e-05,1.5888861049264588e-05
16.088400095356093,9.219459514377139e-05,1.549095888014281e-05
16.090400095356095,8.187260647126136e-05,1.5361809918020265e-05
16.092400095356094,7.813652461870922e-05,1.5699739582028767e-05
16.094400095356093,8.012595907743883e-05,1.641102636621668e-05
16.096400095356096,7.576735892086018e-05,1.7262694084309892e-05
16.098400095356094,5.439286968937644e-05,1.8043966104464484e-05
16.100400095356093,6.4707177238829e-05,1.8096375736878776e-05
16.102400095356092,6.897555896120509e-05,1.7576076705569985e-05
16.10440009535609,7.593332794963908e-05,1.663328478056894e-05
16.106400095356094,0.00010544354964541921,1.5513988999410124e-05
16.108400095356092,0.00010297025920581824,1.5122637893407992e-05
16.11040009535609,9.867448740800104e-05,1.5033824500092884e-05
16.112400095356094,8.971823379126288e-05,1.5143023943869815e-05
16.114400095356093,7.964688156038737e-05,1.556824189988308e-05
16.11640009535609,7.356504564710027e-05,1.6404897166398594e-05
16.11840009535609,6.440703605148094e-05,1.6758983003382182e-05
16.12040009535609,6.82839016663372e-05,1.7420513938823596e-05
16.12240009535609,6.042938341577525e-05,1.7712148658076323e-05
16.12440009535609,4.1635067217396746e-05,1.7444345437407548e-05
16.12640009535609,2.763879965318886e-05,1.6669627331935526e-05
16.128400095356092,7.865310507714757e-05,1.5737363312530402e-05
16.13040009535609,8.353137210124149e-05,1.516449963030604e-05
16.13240009535609,6.497082206319074e-05,1.502303709304824e-05
16.13440009535609,3.9949796198147024e-05,1.5284919006995556e-05
16.136400095356088,2.2986693141730854e-05,1.582781462047191e-05
16.13840009535609,1.2424222628714388e-05,1.6229223369857668e-05
16.14040009535609,1.8259634130723605e-05,1.6438088015664145e-05
16.142400095356088,3.7721305156792996e-05,1.680244813158712e-05
16.14440009535609,6.135173024319294e-05,1.7162763473529375e-05
16.14640009535609,7.547362932618371e-05,1.720792654525189e-05
16.148400095356088,5.763706159896261e-05,1.7182230866715918e-05
16.150400095356087,3.0345615964362932e-05,1.6574436012843154e-05
16.152400095356086,1.9375856203055415e-05,1.6079582053976695e-05
16.15440009535609,2.171012240633863e-05,1.5830823572726966e-05
16.156400095356087,2.5366929325063475e-05,1.5754689375107623e-05
16.158400095356086,5.1270936508550046e-05,1.5975832840024567e-05
16.16040009535609,5.104343197585514e-05,1.6223479316807653e-05
16.162400095356087,5.424062099033435e-05,1.635190294489491e-05
16.164400095356086,4.763123692413801e-05,1.648187979965852e-05
16.166400095356085,1.2192144138777112e-05,1.6824717268594756e-05
16.168400095356084,4.1607281266973535e-05,1.7391749297988633e-05
16.170400095356086,2.725971577761701e-05,1.769432241477439e-05
16.172400095356085,2.2713326739891217e-05,1.7621068050197858e-05
16.174400095356084,2.7073388726164806e-05,1.7258960620170733e-05
16.176400095356087,1.955856667989319e-05,1.6823655269948597e-05
16.178400095356086,-1.643559950603054e-06,1.6831818053663274e-05
16.180400095356084,2.08033407305545e-06,1.6993896975822236e-05
16.182400095356083,2.552690654997078e-05,1.7173848326554098e-05
16.184400095356082,4.64578217409478e-05,1.72949153043426e-05
16.186400095356085,4.2449568238461764e-05,1.725560580198674e-05
16.188400095356084,6.82861263539592e-05,1.6468307893069868e-05
16.190400095356082,6.912778365336575e-05,1.717363999111968e-05
16.192400095356085,5.949679554489215e-05,1.77872971722461e-05
16.194400095356084,5.713590543747494e-05,1.8014382352701377e-05
16.196400095356083,7.481947286537471e-05,1.8031050495702984e-05
16.19840009535608,5.579736597762271e-05,1.7633676308056997e-05
16.20040009535608,3.147420374020723e-05,1.7002146612178518e-05
16.202400095356083,1.4288341143306945e-05,1.629514106838991e-05
16.204400095356082,1.8148538925945892e-05,1.5688323231974677e-05
16.20640009535608,5.404667417567334e-05,1.536122805192655e-05
16.208400095356083,0.00010250045754990738,1.542959489855111e-05
16.210400095356082,9.274218600328167e-05,1.577059233296248e-05
16.21240009535608,6.555657629255878e-05,1.648741174853363e-05
16.21440009535608,4.908446687545853e-05,1.726793828468132e-05
16.21640009535608,6.377074271920608e-05,1.767015410128194e-05
16.21840009535608,9.218143668213508e-05,1.7790834221240702e-05
16.22040009535608,9.13385618859661e-05,1.763769592339163e-05
16.22240009535608,7.371677914412291e-05,1.7221776044386416e-05
16.22440009535608,5.806918366546838e-05,1.6529168594965568e-05
16.22640009535608,6.195111115743396e-05,1.5621986923007316e-05
16.22840009535608,5.6107849248880336e-05,1.5278329389983952e-05
16.230400095356078,6.203205156427881e-05,1.522908011168339e-05
16.232400095356077,5.107842642158193e-05,1.532321461346195e-05
16.23440009535608,3.975003464210656e-05,1.5691792745632904e-05
16.23640009535608,5.594633052138495e-05,1.648349196879975e-05
16.238400095356077,5.4897407993204576e-05,1.700014814411865e-05
16.24040009535608,6.545057454547999e-05,1.7416566319151737e-05
16.24240009535608,6.804761038452647e-05,1.7389852415470877e-05
16.244400095356077,6.386898855342807e-05,1.7063324739498552e-05
16.246400095356076,6.073355969066598e-05,1.677443357144774e-05
16.248400095356075,4.6980824446055724e-05,1.6646128838940723e-05
16.250400095356078,2.5876360726284507e-05,1.6172622336567585e-05
16.252400095356077,2.9441910067717442e-05,1.5955309545550327e-05
16.254400095356075,4.472101926947862e-05,1.5912588750030996e-05
16.256400095356078,4.2296274496436834e-05,1.5782577186954013e-05
16.258400095356077,1.7707234554068942e-05,1.633358942766854e-05
16.260400095356076,8.675754900977919e-05,1.6465104788702732e-05
16.262400095356075,8.039114023104608e-05,1.668630381711962e-05
16.264400095356073,2.73974526717891e-05,1.689978511000819e-05
16.266400095356076,2.2379014391285713e-05,1.6822411603182093e-05
16.268400095356075,1.2251097137807267e-06,1.6732703917391232e-05
16.270400095356074,2.2188323636489873e-05,1.689113755191539e-05
16.272400095356076,3.5741387612267745e-05,1.708657630612074e-05
16.274400095356075,4.088874003799296e-05,1.7361985779425173e-05
16.276400095356074,5.173126568246482e-05,1.7768959781300666e-05
16.278400095356073,3.911327023904764e-05,1.745803345942499e-05
16.28040009535607,2.3045812608393915e-05,1.7479348665561476e-05
16.282400095356074,1.2294149702256555e-05,1.7312227224943667e-05
16.284400095356073,3.758352667148081e-06,1.708041960071121e-05
16.286400095356072,-6.624808945652194e-06,1.7069712423990222e-05
16.288400095356074,1.776792110893884e-05,1.65477375648854e-05
16.290400095356073,2.401011977594818e-05,1.6748804943029284e-05
16.292400095356072,2.6651875347768797e-05,1.7067887740189594e-05
16.29440009535607,2.6351384835417106e-05,1.7320545425525982e-05
16.29640009535607,2.2892042696459338e-05,1.7522518536842028e-05
16.298400095356072,6.0369412006961125e-05,1.81331009771846e-05
16.30040009535607,8.054150951916667e-05,1.825675434183387e-05
16.30240009535607,5.960635870878088e-05,1.8755898241633494e-05
16.304400095356073,3.3715212260949185e-05,1.903929238759921e-05
16.30640009535607,5.4926006758498846e-05,1.8145038683323183e-05
16.30840009535607,7.590171659426894e-05,1.730196050627345e-05
16.31040009535607,5.8739084116728456e-05,1.647949087067883e-05
16.312400095356068,6.008847888777913e-05,1.6290352865566155e-05
16.31440009535607,7.549244079228736e-05,1.6600443259519886e-05
16.31640009535607,7.780554570575889e-05,1.6954961750283363e-05
16.31840009535607,6.183936477345039e-05,1.6972410189025134e-05
16.32040009535607,3.2657136853250557e-05,1.7185425134250384e-05
16.32240009535607,1.4344621426475558e-05,1.7360746479301925e-05
16.32440009535607,1.65716979596082e-05,1.7606763890112932e-05
16.326400095356068,4.2719253130819645e-05,1.807995811632871e-05
16.328400095356066,9.654971826842132e-05,1.8049567379217207e-05
16.33040009535607,5.268745920357996e-05,1.802955355086316e-05
16.332400095356068,2.097133931760545e-05,1.7664024983902875e-05
16.334400095356067,1.8165651702137947e-05,1.733876534730105e-05
16.33640009535607,2.5689511298086153e-05,1.758344821372091e-05
16.338400095356068,4.17185570987113e-05,1.7252002375742005e-05
16.340400095356067,7.189912933523305e-05,1.7123813426370527e-05
16.342400095356066,9.238558997074074e-05,1.7082883605082972e-05
16.344400095356065,9.463283515784559e-05,1.7004370931474408e-05
16.346400095356067,7.68999821241545e-05,1.6777983463889504e-05
16.348400095356066,3.9660377307558525e-05,1.6525538368900115e-05
16.350400095356065,5.8192109663004895e-05,1.6513342035076635e-05
16.352400095356067,7.473618303438706e-05,1.672487760976274e-05
16.354400095356066,8.060272879167252e-05,1.687372650096058e-05
16.356400095356065,8.525503893206273e-05,1.6678403010704875e-05
16.358400095356064,8.717432098879438e-05,1.7109998252548354e-05
16.360400095356063,5.1147330021574654e-05,1.7190812235196314e-05
16.362400095356065,5.411821675913451e-05,1.7434350268463854e-05
16.364400095356064,7.120356110992003e-05,1.7626246930207906e-05
16.366400095356063,4.843017892384514e-05,1.7377306658124332e-05
16.368400095356066,6.223853879762362e-05,1.7495780029675702e-05
16.370400095356064,7.681343997016562e-05,1.7140849458116076e-05
16.372400095356063,9.29471962009354e-05,1.6655456130121702e-05
16.374400095356062,9.928515031502758e-05,1.6171339083699932e-05
16.37640009535606,8.395524996211849e-05,1.575664048632321e-05
16.378400095356064,7.854592036336034e-05,1.5595008516765668e-05
16.380400095356062,8.09683623919993e-05,1.5958355736077957e-05
16.38240009535606,9.602839280053488e-05,1.645639530768902e-05
16.384400095356064,0.00010828628754248486,1.696943041741971e-05
16.386400095356063,0.00010186754243224682,1.7461224154047233e-05
16.38840009535606,0.00014434480933787057,1.7750773444793002e-05
16.39040009535606,0.00012581712968315798,1.7839777195147587e-05
16.39240009535606,6.556940775270372e-05,1.773605928895276e-05
16.394400095356062,2.672581253225382e-06,1.7482346638937013e-05
16.39640009535606,-2.104267416332231e-05,1.713791245689516e-05
16.39840009535606,-3.8195474244259554e-05,1.6673781703667374e-05
16.400400095356062,-4.188820666872235e-06,1.6636086413524785e-05
16.40240009535606,1.550867984778918e-05,1.6560250497003535e-05
16.40440009535606,1.8083921105800008e-05,1.6496122058932137e-05
16.40640009535606,2.4147706678936825e-05,1.667499068061612e-05
16.408400095356058,3.591821689262768e-05,1.7120305273964943e-05
16.41040009535606,5.2023583423213135e-05,1.6923778493476864e-05
16.41240009535606,4.756161232170465e-05,1.6995880313705557e-05
16.414400095356058,3.266009751644931e-05,1.7261353255555473e-05
16.41640009535606,3.162356685891229e-05,1.7327720316701524e-05
16.41840009535606,6.245331970700662e-05,1.764006210358498e-05
16.420400095356058,6.499847537920847e-05,1.755480934710507e-05
16.422400095356057,7.200016214232427e-05,1.7573670181138797e-05
16.424400095356056,7.357028599736636e-05,1.74515220639096e-05
16.42640009535606,5.0938205988065336e-05,1.6773307537764037e-05
16.428400095356057,6.641608402140806e-05,1.6408413449678414e-05
16.430400095356056,9.036997927831373e-05,1.618048532439656e-05
16.43240009535606,0.00011526839735356674,1.6149007862143696e-05
16.434400095356057,0.00012407366315687226,1.6156750084474214e-05
16.436400095356056,0.0001013364161393514,1.6006582609951903e-05
16.438400095356055,8.543232115050597e-05,1.6070592842936787e-05
16.440400095356054,0.00010076268110639235,1.621983325642223e-05
16.442400095356057,8.428311976803141e-05,1.627969716270531e-05
16.444400095356055,6.270282661538618e-05,1.6381335593332398e-05
16.446400095356054,8.759262186345286e-05,1.672329353064468e-05
16.448400095356057,8.950310194102456e-05,1.6928284724264356e-05
16.450400095356056,8.832603268260996e-05,1.7353690514567496e-05
16.452400095356055,5.764011013863556e-05,1.7336817131640602e-05
16.454400095356053,3.0515481160321684e-05,1.7018065556235288e-05
16.456400095356052,5.189908315458636e-05,1.6807471556240314e-05
16.458400095356055,3.479308378566273e-05,1.641188519503738e-05
16.460400095356054,5.974350283919828e-05,1.6624720344419722e-05
16.462400095356053,7.61247387000488e-05,1.6674985032730957e-05
16.464400095356055,7.834539103392914e-05,1.6572016766579803e-05
16.466400095356054,8.065401175407322e-05,1.6597009371681322e-05
16.468400095356053,0.00011588999213660822,1.6610220102450343e-05
16.47040009535605,0.00010009133632975237,1.6689362695205625e-05
16.47240009535605,7.911329012611337e-05,1.721747443132644e-05
16.474400095356053,6.568596006807069e-05,1.795115209881497e-05
16.476400095356052,6.297318797245189e-05,1.8462496147884462e-05
16.47840009535605,0.00010560392025572195,1.919507070327693e-05
16.480400095356053,8.77374225093259e-05,1.9309899296094865e-05
16.482400095356052,7.84599712232323e-05,1.8996611997379005e-05
16.48440009535605,7.895498411740733e-05,1.837366114840264e-05
16.48640009535605,6.959743046166598e-05,1.7607097544244542e-05
16.48840009535605,9.33656283740904e-05,1.73751498582254e-05
16.49040009535605,9.588707966045182e-05,1.6850967890835316e-05
16.49240009535605,0.00011072352042534643,1.6424087814117662e-05
16.49440009535605,0.00013156413372550815,1.6180484754009236e-05
16.49640009535605,0.00013720351652497787,1.608241852925941e-05
16.49840009535605,0.00011973804841692391,1.609850408708828e-05
16.50040009535605,0.00010626035674823463,1.649154299527598e-05
16.502400095356048,9.847353334237462e-05,1.6726718054741093e-05
16.504400095356047,9.996785855484976e-05,1.702335709468108e-05
16.50640009535605,0.00011219771511003591,1.7769257398948424e-05
16.50840009535605,0.00011090391861199801,1.798762148715416e-05
16.510400095356047,0.0001314744886220193,1.8321221834555987e-05
16.51240009535605,0.0001302731280350776,1.7967618825532967e-05
16.51440009535605,0.00010894463726647522,1.7142187143598123e-05
16.516400095356047,9.176009932406972e-05,1.6444630188351356e-05
16.518400095356046,0.00014144860365133906,1.5944985187327838e-05
16.520400095356045,0.000130639207367624,1.5704588761349126e-05
16.522400095356048,0.00012267268466708002,1.555032590405868e-05
16.524400095356047,0.00013094055993885138,1.5447229153837764e-05
16.526400095356045,0.0001458802325058584,1.5415689575286833e-05
16.528400095356048,0.00012379813454753804,1.5546435625322578e-05
16.530400095356047,0.0001283516527573892,1.564966046761512e-05
16.532400095356046,0.0001040431907677272,1.591351718886897e-05
16.534400095356045,8.666848588177334e-05,1.6205251913767388e-05
16.536400095356043,0.00013155341539595835,1.634628811755575e-05
16.538400095356046,0.00011438238782573499,1.7061881877560043e-05
16.540400095356045,8.205442841524097e-05,1.7515252698466757e-05
16.542400095356044,6.406251133949765e-05,1.76368649558017e-05
16.544400095356046,6.570877835218273e-05,1.7413051115530754e-05
16.546400095356045,7.716102102503072e-05,1.6941550417033114e-05
16.548400095356044,3.877322296162947e-05,1.7033923571979244e-05
16.550400095356043,0.00010841459152665848,1.669564300575451e-05
16.55240009535604,0.00018205256381156133,1.61262052165657e-05
16.554400095356044,0.0001899507773219335,1.5604405295268143e-05
16.556400095356043,9.898009669570979e-05,1.5407445405663436e-05
16.558400095356042,0.00011396168079939078,1.5351588767735252e-05
16.560400095356044,0.00012921474327538333,1.5487556248867204e-05
16.562400095356043,0.00011650554414248615,1.556316729220672e-05
16.564400095356042,9.643537148328662e-05,1.575231248856479e-05
16.56640009535604,0.00010428562819278064,1.63082774225666e-05
16.56840009535604,0.00011504448237517381,1.6572390846917094e-05
16.570400095356042,7.68840450508113e-05,1.733257509514985e-05
16.57240009535604,5.033256163186008e-05,1.7670655344928727e-05
16.57440009535604,4.4186915973614015e-05,1.7604217962919248e-05
16.576400095356043,4.396118587807682e-05,1.75011333437803e-05
16.57840009535604,1.0017325943999495e-05,1.7331295330835224e-05
16.58040009535604,6.649348244404724e-05,1.7065715229826543e-05
16.58240009535604,8.835190777866767e-05,1.655148311976513e-05
16.584400095356038,8.304733996085202e-05,1.5962270847294934e-05
16.58640009535604,0.00010114405346909851,1.5587267767797252e-05
16.58840009535604,8.627041842374595e-05,1.545465883068396e-05
16.59040009535604,6.528577278191924e-05,1.5458679472633567e-05
16.59240009535604,4.4948719441476016e-05,1.5530726430055925e-05
16.59440009535604,3.6761255032263824e-05,1.57018770395933e-05
16.59640009535604,5.105365377710212e-05,1.6048654693082604e-05
16.598400095356038,6.830652937629801e-05,1.6762655104389335e-05
16.600400095356036,5.483356163893111e-05,1.717551659235947e-05
16.60240009535604,2.8624144268587015e-05,1.7461563150760038e-05
16.604400095356038,3.1855362741274127e-06,1.75214784592571e-05
16.606400095356037,-1.079309609619722e-05,1.723979972360436e-05
16.60840009535604,-2.0891445322926765e-05,1.7341856231527678e-05
16.610400095356038,-1.0726097915448202e-06,1.7141991503575143e-05
16.612400095356037,4.14373034150588e-05,1.6982933636390388e-05
16.614400095356036,8.002266631330913e-05,1.675465372325379e-05
16.616400095356035,8.409219915260681e-05,1.625309917535201e-05
16.618400095356037,7.21724876848949e-05,1.6134079106440245e-05
16.620400095356036,3.2529602184922004e-05,1.5971891962638312e-05
16.622400095356035,3.604006571044497e-05,1.6018209215770852e-05
16.624400095356037,5.535808403634901e-05,1.6181236009631248e-05
16.626400095356036,3.6945105907753e-05,1.6243912057674295e-05
16.628400095356035,7.556417349588168e-05,1.619739557412806e-05
16.630400095356034,3.31523903220141e-05,1.6128407488199445e-05
16.632400095356033,1.5027782827753443e-05,1.6122199607050932e-05
16.634400095356035,2.8714806774965685e-05,1.6225199616765003e-05
16.636400095356034,4.562803719595489e-05,1.6463339453468723e-05
16.638400095356033,7.197319939368339e-05,1.6849527855359907e-05
16.640400095356036,7.973586587785264e-05,1.7168222998283693e-05
16.642400095356034,6.911411509072934e-05,1.713762430575626e-05
16.644400095356033,5.4310058238617223e-05,1.7019567478932945e-05
16.646400095356032,5.0778195021269974e-05,1.722857495077775e-05
16.64840009535603,2.0197680961579683e-05,1.737550238727002e-05
16.650400095356034,2.278169927406814e-05,1.7618368453152598e-05
16.652400095356032,5.038164492108089e-05,1.7473455130261665e-05
16.65440009535603,8.135297443546067e-05,1.7121978088152673e-05
16.656400095356034,8.911919614725469e-05,1.694568398636154e-05
16.658400095356033,6.4606218345784e-05,1.650080454203625e-05
16.66040009535603,7.843170940036128e-05,1.6399489594850355e-05
16.66240009535603,6.242025600735114e-05,1.6289633323310952e-05
16.66440009535603,3.529505506179207e-05,1.6302112967268058e-05
16.666400095356032,4.4039498202314055e-05,1.66868292808483e-05
16.66840009535603,6.178873836976786e-05,1.699255724697113e-05
16.67040009535603,5.811099642705228e-05,1.710829047010727e-05
16.672400095356032,4.770022795357742e-05,1.7082076712474704e-05
16.67440009535603,3.2391006090056975e-05,1.6995922201095245e-05
16.67640009535603,1.0397161045158736e-05,1.69672610236134e-05
16.67840009535603,-1.0103170391568415e-05,1.7258597889621987e-05
16.680400095356028,-4.703199660067795e-06,1.7055400437862453e-05
16.68240009535603,1.2419054507537297e-05,1.7012299039955574e-05
16.68440009535603,1.953635744053229e-05,1.7007177399068076e-05
16.686400095356028,-2.570879080569317e-06,1.670720050157112e-05
16.68840009535603,-1.1142559678909598e-05,1.6806956100868468e-05
16.69040009535603,-1.9644617714244942e-05,1.6722899357206583e-05
16.692400095356028,-2.6799359717285962e-05,1.6570483610588982e-05
16.694400095356027,-3.812162253009e-05,1.6363165142869956e-05
16.696400095356026,-5.5793322553125695e-05,1.6128557003854626e-05
16.69840009535603,-1.9996649162118418e-05,1.640574511363222e-05
16.700400095356027,-2.6570870543867493e-05,1.678758631193196e-05
16.702400095356026,-9.228938802963723e-06,1.7228528636935213e-05
16.70440009535603,1.7517646706026162e-05,1.7577753162230334e-05
16.706400095356027,1.2897251988056042e-05,1.76700158051661e-05
16.708400095356026,2.741803088106068e-06,1.763946750148061e-05
16.710400095356025,2.7506376492031985e-05,1.751310450764775e-05
16.712400095356024,3.207236495300567e-05,1.6944682864012517e-05
16.714400095356027,8.539699359496273e-06,1.6244889789447098e-05
16.716400095356025,-2.82430733182691e-05,1.5932881639437467e-05
16.718400095356024,-3.111267516790594e-05,1.5790671778477474e-05
16.720400095356027,-2.4676440010346876e-05,1.5995997068824343e-05
16.722400095356026,-4.102157405726576e-05,1.612747127371756e-05
16.724400095356025,-6.155248640498414e-05,1.6309258800987428e-05
16.726400095356023,-5.620992904542261e-05,1.682693916288808e-05
16.728400095356022,-9.262308045085047e-05,1.7409901540358326e-05
16.730400095356025,-3.872928740819287e-05,1.789792132404406e-05
16.732400095356024,3.924995990959763e-06,1.8124779290827328e-05
16.734400095356023,8.29446694321958e-06,1.8087581736113543e-05
16.736400095356025,-1.8918201363313574e-05,1.7882064186563202e-05
16.738400095356024,-3.005956458626086e-05,1.7801759263402477e-05
16.740400095356023,-3.222551239458524e-05,1.7776428095136574e-05
16.74240009535602,-3.1457817067939966e-05,1.763620105063942e-05
16.74440009535602,-1.975114943910371e-05,1.7269681691929403e-05
16.746400095356023,1.261346433080306e-05,1.6633364715065343e-05
16.748400095356022,3.925011520270816e-05,1.6069267103921637e-05
16.75040009535602,3.0419537412269845e-05,1.576273619236993e-05
16.752400095356023,2.600735539600451e-05,1.562427242028903e-05
16.754400095356022,4.4662423388330065e-05,1.5617806918596418e-05
16.75640009535602,8.620272418847378e-05,1.573959133961648e-05
16.75840009535602,4.534298903537845e-05,1.6209412346498275e-05
16.76040009535602,-2.1335524637285274e-05,1.6326166512328932e-05
16.76240009535602,-3.6599104187308554e-06,1.6511468375225193e-05
16.76440009535602,3.585642358907981e-05,1.6762996344405105e-05
16.76640009535602,-1.2914668924585814e-05,1.6940019251850257e-05
16.76840009535602,-1.113683544421404e-05,1.721376909426645e-05
16.77040009535602,-2.3175929701513645e-05,1.7441224821471838e-05
16.77240009535602,-1.1920532711885743e-05,1.7625625247741245e-05
16.774400095356018,1.5174707938030847e-05,1.7648550110585405e-05
16.776400095356017,3.514618479856225e-05,1.7397582462919943e-05
16.77840009535602,5.76431366583949e-05,1.727331776421528e-05
16.78040009535602,4.61639103960763e-05,1.7336814535246077e-05
16.782400095356017,3.0198440555633513e-05,1.7294574474529295e-05
16.78440009535602,2.5919277383044492e-05,1.7127394798146517e-05
16.78640009535602,4.132494843088046e-05,1.690427983284287e-05
16.788400095356018,5.1681365413054594e-05,1.6438176020535415e-05
16.790400095356016,4.932789971478941e-05,1.6260782087477717e-05
16.792400095356015,5.9261605485946064e-05,1.6154152290375092e-05
16.794400095356018,7.139092693856644e-05,1.600953024683345e-05
16.796400095356017,6.269620399185246e-05,1.5766148896832453e-05
16.798400095356016,2.4313068917744676e-05,1.5458626618603804e-05
16.800400095356018,7.847371647450317e-06,1.5438613167288015e-05
16.802400095356017,2.5211811898754805e-07,1.5486418635661978e-05
16.804400095356016,-1.4740423201451471e-06,1.550705766196197e-05
16.806400095356015,2.2182484619094175e-06,1.544982443549604e-05
16.808400095356014,2.4123348884028795e-06,1.525818642347532e-05
16.810400095356016,6.433211225355668e-06,1.5482277172513723e-05
16.812400095356015,1.646809555196109e-05,1.600293801218925e-05
16.814400095356014,2.5506223226182916e-05,1.6563344553843912e-05
16.816400095356016,2.5415723614180928e-05,1.6867844990664522e-05
16.818400095356015,3.662311126777763e-05,1.6941410868419015e-05
16.820400095356014,1.796891243791324e-05,1.7279470073094048e-05
16.822400095356013,4.614071914009469e-06,1.7560246334266717e-05
16.82440009535601,7.127330066990147e-06,1.7638192974194054e-05
16.826400095356014,2.2831362997387857e-05,1.7449802962832904e-05
16.828400095356013,1.4939451180446555e-05,1.702615884834373e-05
16.830400095356012,1.3849434943924126e-05,1.6760390625130782e-05
16.832400095356014,-6.792764135515916e-07,1.6530551999522967e-05
16.834400095356013,-1.683989151859874e-05,1.6223604777425903e-05
16.836400095356012,-1.4819932429402647e-05,1.575145713972804e-05
16.83840009535601,-2.815310552577312e-05,1.5262547722839242e-05
16.84040009535601,-2.620378514930733e-05,1.5016106816614878e-05
16.842400095356012,2.6695310571039258e-06,1.4992416685355126e-05
16.84440009535601,3.8893965691620706e-05,1.5074760655680961e-05
16.84640009535601,5.17339495695065e-05,1.5122323072529162e-05
16.848400095356013,3.593745734844948e-05,1.5266946464027658e-05
16.85040009535601,-2.51840614333628e-06,1.5531299968454682e-05
16.85240009535601,-1.1418104730706554e-05,1.595439672313699e-05
16.85440009535601,2.418090869234508e-07,1.651317726345591e-05
16.85640009535601,9.8327230601403e-07,1.7131988844270476e-05
16.85840009535601,-9.502977899131695e-06,1.7540296817097137e-05
16.86040009535601,6.804706444651136e-06,1.7661389503982987e-05
16.86240009535601,3.170247273250959e-05,1.781777391141876e-05
16.86440009535601,3.72384147255087e-05,1.7941253765148607e-05
16.86640009535601,2.3841162786945655e-06,1.7819979244888224e-05
16.86840009535601,1.9988251761049405e-05,1.734145923958883e-05
16.870400095356008,1.0211504038916576e-05,1.6739403998685038e-05
16.872400095356006,6.083443644156177e-06,1.6384549112569977e-05
16.87440009535601,1.7315058749266563e-05,1.623858379994117e-05
16.876400095356008,3.6922704513522224e-05,1.6096288215799757e-05
16.878400095356007,-1.666741760134483e-05,1.5821797405147006e-05
16.88040009535601,-2.50258881326181e-05,1.5593689575173673e-05
16.882400095356008,-4.451015543418707e-06,1.5498349729824642e-05
16.884400095356007,2.386965280356183e-05,1.5618707183517646e-05
16.886400095356006,3.3345663879798994e-05,1.597102545041911e-05
16.888400095356005,-2.1874726087554957e-05,1.5988026118867865e-05
16.890400095356007,-1.7426484223065604e-05,1.596815797372706e-05
16.892400095356006,-1.950994961571154e-05,1.596496336005112e-05
16.894400095356005,-1.834650422531275e-05,1.6247123546804554e-05
16.896400095356007,1.9443287702357137e-05,1.7004022677540098e-05
16.898400095356006,6.320101540442559e-05,1.6776283092208624e-05
16.900400095356005,2.035381353561178e-05,1.7109837214305104e-05
16.902400095356004,-1.4614501116096228e-05,1.7414943739007504e-05
16.904400095356003,-1.3651589703875278e-06,1.759623838414976e-05
16.906400095356005,6.652549958149083e-05,1.7716914416461826e-05
16.908400095356004,7.017838969430878e-05,1.747292380911804e-05
16.910400095356003,4.983819394159833e-05,1.7464670651474043e-05
16.912400095356006,4.3157919641477784e-05,1.756757035193394e-05
16.914400095356005,3.90402807216778e-05,1.766321123117995e-05
16.916400095356003,1.3736693775249295e-05,1.7659124817212662e-05
16.918400095356002,1.5941132614999242e-05,1.776789107275602e-05
16.920400095356,4.942603797562674e-05,1.7423083861949058e-05
16.922400095356004,3.826544422923632e-05,1.712028906909406e-05
16.924400095356003,-4.6816781610579306e-06,1.699325110565725e-05
16.926400095356,-3.168602456396302e-05,1.7006546492595358e-05
16.928400095356004,-1.8043208940839904e-05,1.6863815201350953e-05
16.930400095356003,5.671583773188512e-06,1.6349944104924022e-05
16.932400095356,3.3137372996865224e-05,1.5907691891131697e-05
16.934400095356,4.57668580546879e-05,1.5703375228371885e-05
16.936400095356,2.9640638216190543e-05,1.5760292405042973e-05
16.938400095356002,6.911116248370429e-05,1.578983987592161e-05
16.940400095356,7.479114222629144e-05,1.5763685598072636e-05
16.942400095356,8.297054290518401e-05,1.575069289054618e-05
16.944400095356002,8.163792675833192e-05,1.5813777226670656e-05
16.946400095356,4.917689084089423e-05,1.6017648558467452e-05
16.948400095356,5.888302687380301e-05,1.648197209078855e-05
16.950400095356,4.588692672386831e-05,1.7082942824011917e-05
16.952400095355998,2.9649805386620124e-05,1.7345699131365794e-05
16.954400095356,2.765282286044323e-05,1.7397318123509397e-05
16.956400095356,5.453684241449982e-05,1.7593025011266542e-05
16.958400095355998,0.00010273132334832162,1.802699510910511e-05
16.960400095356,9.691305339772285e-05,1.8458862004120703e-05
16.962400095356,7.353678247434658e-05,1.840658760675796e-05
16.964400095355998,4.975974503977594e-05,1.813607409618705e-05
16.966400095355997,3.598992231852561e-05,1.8156316979766854e-05
16.968400095355996,4.028772165271052e-05,1.8202507506163016e-05
16.970400095356,3.5759675172030393e-05,1.8043911383671097e-05
16.972400095355997,2.3324615735616132e-05,1.7761728942810323e-05
16.974400095355996,8.630284949372078e-06,1.7433779612812157e-05
16.976400095356,2.8957981908724396e-06,1.7154521194804382e-05
16.978400095355997,5.123686189613185e-05,1.7130468593471744e-05
16.980400095355996,3.5917459465599914e-05,1.6829663851178433e-05
16.982400095355995,-1.4997186088840415e-06,1.6467327117528886e-05
16.984400095355994,-9.567420988680004e-06,1.6079637760482764e-05
16.986400095355997,4.889507528900544e-05,1.5705629845836137e-05
16.988400095355995,1.4010988563954928e-05,1.609325727729157e-05
16.990400095355994,2.464410887491912e-05,1.609637988875588e-05
16.992400095355997,3.375089195659614e-05,1.614129236084579e-05
16.994400095355996,3.7652202004077004e-05,1.6146277395687547e-05
16.996400095355995,4.615498092756496e-05,1.593329844319632e-05
16.998400095355993,3.344435746248756e-05,1.638389263687258e-05
17.000400095355992,6.249619970704403e-05,1.6603287182956347e-05
17.002400095355995,7.124509518207941e-05,1.6835809457142594e-05
17.004400095355994,5.9595979292569746e-05,1.693669771985872e-05
17.006400095355993,4.72271350019826e-05,1.6705702629898684e-05
17.008400095355995,-3.0551735896526586e-06,1.6924956663653107e-05
17.010400095355994,4.188360326868164e-06,1.702429676822191e-05
17.012400095355993,4.697953753013138e-05,1.7102263947329176e-05
17.01440009535599,9.068226049456626e-05,1.704529854959435e-05
17.01640009535599,9.871664033028217e-05,1.672477507202542e-05
17.018400095355993,8.52326030633742e-05,1.6683610828037462e-05
17.020400095355992,6.241250049865996e-05,1.6998437251841392e-05
17.02240009535599,7.79116516699894e-05,1.70887710109673e-05
17.024400095355993,9.580827168630778e-05,1.699373952540561e-05
17.026400095355992,5.7516450935575924e-05,1.697767857004009e-05
17.02840009535599,2.68698193835846e-05,1.7008952742760066e-05
17.03040009535599,3.402414758523103e-05,1.7690270448734295e-05
17.03240009535599,7.174485938776724e-05,1.8251611867543464e-05
17.03440009535599,9.560675097406098e-05,1.8363991724983564e-05
17.03640009535599,5.872581149533525e-05,1.7940675851170674e-05
17.03840009535599,5.391516737094348e-05,1.7529686171068178e-05
17.04040009535599,2.4206833500348685e-05,1.7714164840213125e-05
17.04240009535599,2.1842690380797224e-05,1.7819053949301335e-05
17.04440009535599,4.0380600477276494e-05,1.7845744251641852e-05
17.046400095355988,4.9218348159207e-05,1.7969888670183455e-05
17.048400095355987,2.027588053337851e-05,1.7407966246848403e-05
17.05040009535599,2.0506281878697948e-05,1.7448624739848354e-05
17.05240009535599,2.6042998980324135e-05,1.7539375865756938e-05
17.054400095355987,2.228894434799911e-05,1.7594559099260244e-05
17.05640009535599,4.789762044199372e-06,1.7652197611705485e-05
17.05840009535599,3.89330160474385e-05,1.7184258864736755e-05
17.060400095355988,4.928614602807514e-05,1.7091306099245654e-05
17.062400095355986,4.582009408004238e-05,1.728207658625483e-05
17.064400095355985,4.038155508475366e-05,1.7599172154326055e-05
17.066400095355988,4.0472984458041394e-05,1.7819183719663347e-05
17.068400095355987,-6.628300547681684e-06,1.747172650211544e-05
17.070400095355986,-2.1109060192504915e-05,1.717043100548884e-05
17.072400095355988,9.682670228270974e-06,1.690259016620286e-05
17.074400095355987,7.132525303763819e-05,1.6694259696092633e-05
17.076400095355986,0.00012725490499589006,1.6571774239350967e-05
17.078400095355985,4.863413905598574e-05,1.6432328646511756e-05
17.080400095355984,5.844666753067644e-06,1.6072394271803124e-05
17.082400095355986,1.0772637322403137e-05,1.591581943884367e-05
17.084400095355985,3.447331213545759e-05,1.5911017277000557e-05
17.086400095355984,3.503049045120186e-05,1.583662273957198e-05
17.088400095355986,2.8350928132747603e-05,1.5747786664432963e-05
17.090400095355985,3.145274700629411e-05,1.5776883208133408e-05
17.092400095355984,1.324039681487737e-05,1.5919948203469932e-05
17.094400095355983,1.5240931861023355e-05,1.61887193027765e-05
17.096400095355982,8.867889987476497e-05,1.6571925395162145e-05
17.098400095355984,8.367476694395527e-05,1.6831371261355116e-05
17.100400095355983,0.00010386582519871109,1.7001853398859794e-05
17.102400095355982,0.00010025462372499989,1.7599576596973206e-05
17.104400095355984,5.4333261165160044e-05,1.8489069598004306e-05
17.106400095355983,-2.413106289057351e-05,1.922020018089171e-05
17.108400095355982,2.780215158583869e-05,1.8966798028218768e-05
17.11040009535598,2.6860329241757566e-06,1.8020262242270817e-05
17.11240009535598,-9.482089220398175e-06,1.7672273050804894e-05
17.114400095355983,4.886281407255275e-06,1.7791149799260994e-05
17.11640009535598,2.8392303385973836e-05,1.7780210571577728e-05
17.11840009535598,3.891649461957408e-05,1.8311780894868494e-05
17.120400095355983,2.73523491196332e-05,1.8041251465809746e-05
17.12240009535598,4.926551491062244e-05,1.7898523311347578e-05
17.12440009535598,6.617300838158326e-05,1.785743343439257e-05
17.12640009535598,1.6611438574161936e-05,1.7616046749673962e-05
17.12840009535598,-3.101012033162359e-06,1.7932209774173273e-05
17.13040009535598,5.681374010870222e-06,1.761219490195973e-05
17.13240009535598,1.8866005426332976e-05,1.751400513893861e-05
17.13440009535598,2.710706613285928e-05,1.752228149429926e-05
17.13640009535598,2.6448907336100223e-05,1.725846418272569e-05
17.13840009535598,1.1673187774712485e-05,1.7655977216874213e-05
17.14040009535598,1.567483377331113e-05,1.7504564534385473e-05
17.142400095355978,6.389428971192251e-05,1.7169848812341338e-05
17.144400095355977,0.00011543663715181766,1.6806167090582376e-05
17.14640009535598,0.00010944414891898378,1.6525173353421833e-05
17.148400095355978,6.97629032666484e-05,1.6737903628665193e-05
17.150400095355977,4.578257847879478e-05,1.667532275984687e-05
17.15240009535598,9.330454260421654e-06,1.6623002148727898e-05
17.154400095355978,-2.2661092330637726e-05,1.658090474325201e-05
17.156400095355977,-2.0431840748209718e-05,1.6475529656123865e-05
17.158400095355976,-9.10272103966961e-06,1.6624733952649432e-05
17.160400095355975,9.180256311595663e-06,1.6705141604383205e-05
17.162400095355977,2.8726060365082815e-05,1.6693840874153836e-05
17.164400095355976,3.696830602599038e-05,1.6634757275909305e-05
17.166400095355975,2.1270827389155864e-05,1.6597400524977866e-05
17.168400095355977,-4.292782456543486e-06,1.6592624579603267e-05
17.170400095355976,1.4924627196978718e-06,1.706107102591463e-05
17.172400095355975,2.1021334985906094e-05,1.741255213186419e-05
17.174400095355974,3.716667176472661e-05,1.7565488304576748e-05
17.176400095355973,3.627766662943606e-05,1.7640707961387956e-05
17.178400095355975,4.6157238755871585e-05,1.773183216007457e-05
17.180400095355974,3.7707953460554606e-05,1.8209151561172542e-05
17.182400095355973,3.6643947936716144e-05,1.8588430267336377e-05
17.184400095355976,3.3745246841919134e-05,1.8808959506881063e-05
17.186400095355975,1.2055328587309841e-05,1.8952087236741696e-05
17.188400095355973,1.861276446929259e-05,1.88035231728825e-05
17.190400095355972,4.435922707600716e-05,1.9363182006223353e-05
17.19240009535597,6.260099533305708e-05,1.9562133928475996e-05
17.194400095355974,6.655768537961384e-05,1.9391307745862306e-05
17.196400095355973,5.648638874381146e-05,1.9201128573434517e-05
17.19840009535597,2.0331977035382746e-05,1.858020929282089e-05
17.200400095355974,4.70856155344907e-05,1.8882186137514805e-05
17.202400095355973,4.6760097263074344e-05,1.8880894907309744e-05
17.20440009535597,3.6298872166250276e-05,1.86151711282328e-05
17.20640009535597,6.439741786196363e-05,1.851606320316853e-05
17.20840009535597,6.345218746351348e-05,1.780943079508269e-05
17.210400095355972,1.9849620223646285e-05,1.7611392667801535e-05
17.21240009535597,-1.6894656651477006e-05,1.7601744931106444e-05
17.21440009535597,-7.219584225056563e-06,1.759612372788672e-05
17.216400095355972,6.759468932934877e-05,1.7457707554574026e-05
17.21840009535597,5.831817016568381e-05,1.7103242013929004e-05
17.22040009535597,2.357411043413135e-05,1.6795250448087478e-05
17.22240009535597,2.8961853937397942e-05,1.6646052748122164e-05
17.224400095355968,4.410274163613008e-05,1.675350836980402e-05
17.22640009535597,1.2728518316025647e-05,1.7123595471202263e-05
17.22840009535597,1.884712626729183e-05,1.698040624883201e-05
17.230400095355968,4.89418474423092e-05,1.6867558305031244e-05
17.23240009535597,2.051821156331117e-05,1.6970137773133317e-05
17.23440009535597,-4.725956382919863e-06,1.723275830950104e-05
17.236400095355968,6.996124612558429e-05,1.7488406170980512e-05
17.238400095355967,9.322605588425323e-05,1.7513761148747983e-05
17.240400095355966,8.703358085771604e-05,1.7392359008862114e-05
17.24240009535597,6.655288861013183e-05,1.74651332341242e-05
17.244400095355967,4.123745173229235e-05,1.7673515617955442e-05
17.246400095355966,2.3072317981204073e-05,1.780929540051421e-05
17.24840009535597,6.458760567757711e-05,1.7838337153860773e-05
17.250400095355968,7.325773560730128e-05,1.7667559661740365e-05
17.252400095355966,6.700609135193058e-05,1.769451691738213e-05
17.254400095355965,6.301340541665675e-05,1.7875280904758155e-05
17.256400095355964,7.510560682996407e-05,1.798529201827653e-05
17.258400095355967,7.72235807136201e-05,1.78257700827848e-05
17.260400095355966,7.868687698140111e-05,1.7541527889177504e-05
17.262400095355964,7.447854586999452e-05,1.732866737940871e-05
17.264400095355967,5.826974935458975e-05,1.7230294325141383e-05
17.266400095355966,2.74265972571943e-05,1.7244227327556464e-05
17.268400095355965,1.8617067942064574e-05,1.7561479013151966e-05
17.270400095355964,3.312988951237001e-05,1.764487423320105e-05
17.272400095355962,2.626909268368135e-05,1.7595896938255107e-05
17.274400095355965,1.691676893612681e-05,1.7618818921534646e-05
17.276400095355964,3.9532130530467464e-05,1.7922489273487118e-05
17.278400095355963,2.2660578586386982e-05,1.8282085491613367e-05
17.280400095355965,3.6966499412993814e-05,1.8471971769360933e-05
17.282400095355964,3.941671277906576e-05,1.8546453088370562e-05
17.284400095355963,4.6384177999363846e-05,1.852507874694022e-05
17.286400095355962,8.431629157718083e-05,1.8449214248552902e-05
17.28840009535596,3.956950473563329e-05,1.865228002895186e-05
17.290400095355963,-1.9151881708991632e-05,1.8870311697908492e-05
17.292400095355962,6.352004789089775e-06,1.8976458839807606e-05
17.29440009535596,5.079668043535437e-05,1.8858459895721065e-05
17.296400095355963,6.015611807491193e-06,1.8516911270484904e-05
17.298400095355962,2.444085168978337e-05,1.8978728458219513e-05
17.30040009535596,1.2289940810196042e-06,1.9332348644981802e-05
17.30240009535596,6.312235335319755e-06,1.942283118077947e-05
17.30440009535596,1.5153303333204307e-05,1.9167806256771214e-05
17.30640009535596,-1.9976341764974356e-05,1.8609946547276253e-05
17.30840009535596,8.145572364668076e-06,1.861817991641962e-05
17.31040009535596,4.216325771250225e-05,1.8741105800966664e-05
17.31240009535596,6.586883620083523e-05,1.870859947105639e-05
17.31440009535596,5.198329354783444e-05,1.8455387716503223e-05
17.31640009535596,-1.4491167453097848e-05,1.8050200926469905e-05
17.31840009535596,1.3893092481979818e-05,1.8020883096603683e-05
17.320400095355957,2.5651430891241083e-05,1.798142120372667e-05
17.32240009535596,2.8135615526304016e-05,1.8011257516685304e-05
17.32440009535596,8.64669203761341e-06,1.7973455903073223e-05
17.326400095355957,-3.736423806587631e-05,1.7687891961661465e-05
17.32840009535596,4.298471142613365e-05,1.7428990388818485e-05
17.33040009535596,0.0001036684187540696,1.733805963172533e-05
17.332400095355958,8.755879379637122e-05,1.74602216187533e-05
17.334400095355956,3.5047024374456357e-05,1.7544519632697108e-05
17.336400095355955,2.0180863541315294e-05,1.7293765969205677e-05
17.338400095355958,2.8090370236623152e-05,1.7235932993619452e-05
17.340400095355957,2.8241489872704714e-05,1.7276250714115174e-05
17.342400095355956,3.1807470014302695e-05,1.7593384929389716e-05
17.344400095355958,2.190916318158408e-05,1.795520079607861e-05
17.346400095355957,-1.6894489939509503e-05,1.8011155845986958e-05
17.348400095355956,2.7951664169865844e-05,1.799231634729205e-05
17.350400095355955,1.8066263087943486e-05,1.7892218459986494e-05
17.352400095355954,-1.2794496274239537e-05,1.8214135028903236e-05
17.354400095355956,-2.5778072606601933e-05,1.8628337994024128e-05
17.356400095355955,1.3348524599067233e-05,1.857392337287877e-05
17.358400095355954,6.020540288532845e-05,1.8682753745092263e-05
17.360400095355956,3.5855114247867455e-05,1.8308368007563924e-05
17.362400095355955,2.106764542574067e-05,1.839474644751223e-05
17.364400095355954,1.5158007813681357e-05,1.8815866829130056e-05
17.366400095355953,-3.65729283014915e-06,1.9060031098576544e-05
17.368400095355952,5.7085456423046276e-05,1.9202057435933403e-05
17.370400095355954,6.985010039763261e-05,1.8380621504254183e-05
17.372400095355953,6.879249381356037e-05,1.7881407666304736e-05
17.374400095355952,4.8615954912657744e-05,1.7796907120346893e-05
17.376400095355955,1.6401088322923837e-06,1.7784257922724886e-05
17.378400095355953,4.424420564964959e-05,1.7994890086755864e-05
17.380400095355952,4.986826422648312e-05,1.7698849596098615e-05
17.38240009535595,7.240647230955636e-05,1.7588160369348347e-05
17.38440009535595,9.03188309141416e-05,1.756001666746579e-05
17.386400095355953,6.304716224573548e-05,1.7274342146638073e-05
17.38840009535595,6.487051367779016e-05,1.7233987750530185e-05
17.39040009535595,4.5732868689302005e-05,1.7066173034104032e-05
17.392400095355953,2.698000366338276e-05,1.686704147934034e-05
17.39440009535595,2.515887320027247e-05,1.6748250528732433e-05
17.39640009535595,4.764898978517111e-05,1.680370028874165e-05
17.39840009535595,2.790895513979062e-05,1.6870065880524542e-05
17.40040009535595,1.8710984598396702e-05,1.7120932373362706e-05
17.40240009535595,3.545753762348687e-05,1.7125435877292928e-05
17.40440009535595,5.398007432962517e-05,1.692928441366046e-05
17.40640009535595,3.952119270053253e-05,1.6781028131246746e-05
17.40840009535595,2.118521166651175e-05,1.6961403465658234e-05
17.41040009535595,-1.9781697540231284e-05,1.733393632830375e-05
17.41240009535595,-1.594848560975894e-05,1.739439872171287e-05
17.414400095355948,1.962949177638765e-05,1.7271015390132502e-05
17.416400095355947,4.1890445137407546e-05,1.7299423262864568e-05
17.41840009535595,2.5192186170068245e-05,1.7235297568962797e-05
17.420400095355948,4.994920834131704e-05,1.7808930600881534e-05
17.422400095355947,3.339233834717468e-05,1.8065098504681477e-05
17.42440009535595,1.4122873278541175e-05,1.804049087027724e-05
17.426400095355948,6.074733723923147e-05,1.8121089690181793e-05
17.428400095355947,4.231892685926636e-05,1.8128295898531185e-05
17.430400095355946,4.231771359829625e-05,1.843282904048467e-05
17.432400095355945,4.176840798794519e-05,1.854454213656355e-05
17.434400095355947,4.260301240353964e-05,1.853337670584159e-05
17.436400095355946,5.247959183459983e-05,1.8643754304761286e-05
17.438400095355945,5.426435803440969e-05,1.8561614792843988e-05
17.440400095355947,3.799790825486822e-05,1.848491173492864e-05
17.442400095355946,4.938237039840912e-05,1.843338225325364e-05
17.444400095355945,9.64632223179469e-05,1.8449423308764353e-05
17.446400095355944,0.0001590339129796454,1.85377766129735e-05
17.448400095355943,9.433380707224712e-05,1.8243328505718374e-05
17.450400095355945,8.048085944053037e-05,1.8141011237122237e-05
17.452400095355944,8.293817211950768e-05,1.808753715062687e-05
17.454400095355943,8.88432890990579e-05,1.8126854100347504e-05
17.456400095355946,9.640516722940676e-05,1.8303657746054644e-05
17.458400095355945,0.00014073533989332539,1.7955676298457727e-05
17.460400095355944,0.00011885519784704621,1.7748737585218874e-05
17.462400095355942,8.923086974332198e-05,1.7735716809307605e-05
17.46440009535594,7.256494131777261e-05,1.7904975793768606e-05
17.466400095355944,7.120438562619804e-05,1.8158461322828843e-05
17.468400095355943,4.581388196234753e-05,1.7887469586662314e-05
17.47040009535594,4.535425273187287e-05,1.7703666675136777e-05
17.472400095355944,4.8656561096241894e-05,1.757764207277509e-05
17.474400095355943,4.920831482880738e-05,1.754770974575653e-05
17.47640009535594,4.772109000333552e-05,1.7650101213425254e-05
17.47840009535594,6.269931884785242e-05,1.7668047119880867e-05
17.48040009535594,4.0842316471054637e-05,1.758633729589027e-05
17.482400095355942,6.939208023287569e-06,1.753726894529413e-05
17.48440009535594,-1.4609640874769574e-05,1.7544639026047034e-05
17.48640009535594,-1.8112608569137432e-06,1.7610614279849835e-05
17.488400095355942,3.811411703741227e-05,1.7970571186925746e-05
17.49040009535594,1.572077467015337e-05,1.7929416628504273e-05
17.49240009535594,-8.127341882535015e-06,1.7900627342567415e-05
17.49440009535594,-1.5193873673715684e-05,1.794331182882676e-05
17.496400095355938,-6.727486744890213e-06,1.799471603321729e-05
17.49840009535594,-1.4035887764344063e-05,1.8164845554176038e-05
17.50040009535594,1.8759424769452594e-05,1.828824171894176e-05
17.502400095355938,1.2911454110591065e-05,1.8220722966133454e-05
17.50440009535594,3.2428959752418654e-06,1.8091321925332752e-05
17.50640009535594,5.184873243908411e-05,1.811173946216576e-05
17.508400095355938,2.5733615874929762e-05,1.8141221893365554e-05
17.510400095355937,1.2350186234786204e-05,1.8165094940618507e-05
17.512400095355936,1.762190159820123e-05,1.81213563487054e-05
17.51440009535594,1.815930232648837e-05,1.7933817160653223e-05
17.516400095355937,-1.1762917477423536e-05,1.7593593834500917e-05
17.518400095355936,5.470788284653966e-06,1.7794157916551474e-05
17.52040009535594,1.017179628375193e-05,1.7802450285632518e-05
17.522400095355938,-3.293188006312047e-07,1.786445094642173e-05
17.524400095355936,-1.8771534671475423e-05,1.7777922748857514e-05
17.526400095355935,-3.4182787952362916e-05,1.7283937247535692e-05
17.528400095355934,-4.618097764262966e-05,1.735149494725292e-05
17.530400095355937,-4.858137420902796e-05,1.7442005040351688e-05
17.532400095355936,-2.1821294060955734e-05,1.7499102167903596e-05
17.534400095355934,1.5367712811284885e-05,1.7426941467905225e-05
17.536400095355937,3.349717442107893e-05,1.7160808727855932e-05
17.538400095355936,6.2510919909687e-05,1.7086934059771866e-05
17.540400095355935,-6.941824893038912e-06,1.7564429202182004e-05
17.542400095355934,-1.3640445678125567e-05,1.7960667634405345e-05
17.544400095355932,3.0885072147462626e-05,1.8085859855543318e-05
17.546400095355935,5.424158475913137e-05,1.7941491395188303e-05
17.548400095355934,8.640856351919934e-05,1.7665350451179863e-05
17.550400095355933,6.543336191090231e-05,1.7505020011190153e-05
17.552400095355935,7.794263233064063e-06,1.7622906669178173e-05
17.554400095355934,-4.911447225254048e-05,1.778228449042881e-05
17.556400095355933,-6.407929527256982e-05,1.7643735868675135e-05
17.558400095355932,-6.081079004698141e-05,1.7565278921613164e-05
17.56040009535593,-3.4196789620311264e-05,1.7552523231619192e-05
17.562400095355933,-1.2079671245091771e-05,1.7604500425912554e-05
17.564400095355932,2.479999316886611e-06,1.775357939319188e-05
17.56640009535593,1.4091394490186563e-05,1.7996884146683972e-05
17.568400095355933,4.269580097167914e-06,1.7878228566609823e-05
17.570400095355932,-2.6134255497334536e-05,1.7713414618947714e-05
17.57240009535593,6.819653063167492e-06,1.7617702190711638e-05
17.57440009535593,4.2203287176257996e-05,1.7652725359102054e-05
17.57640009535593,-2.0835196174411666e-05,1.7822573963913706e-05
17.57840009535593,-7.94600124095847e-05,1.780067850530855e-05
17.58040009535593,-4.105173768383894e-05,1.787179891037615e-05
17.58240009535593,1.0332642402182338e-05,1.785652735945706e-05
17.58440009535593,2.3112522041396377e-05,1.7761130408677118e-05
17.58640009535593,-2.6381987867283317e-05,1.770550428441769e-05
17.58840009535593,6.762166811646541e-07,1.818402660823606e-05
17.59040009535593,1.6298103206507502e-06,1.856758586164457e-05
17.592400095355927,-1.9926272500916276e-07,1.8410195727854678e-05
17.59440009535593,-1.0967449826217103e-06,1.8197896855333213e-05
17.59640009535593,-7.712600588492748e-06,1.8611018471048687e-05
17.598400095355927,-5.663134826067848e-05,1.829655705009455e-05
17.60040009535593,-7.063976830113636e-05,1.8576619889254304e-05
17.60240009535593,-1.9394461369093508e-05,1.860053013058098e-05
17.604400095355928,3.761687366931132e-05,1.8397969261287012e-05
17.606400095355927,1.8550227907835897e-05,1.832796168513677e-05
17.608400095355925,7.562403561626012e-06,1.8463854679245646e-05
17.610400095355928,-2.071341909428216e-05,1.8711374128795867e-05
17.612400095355927,-3.486282406843212e-05,1.863509142102346e-05
17.614400095355926,-2.132245633253497e-05,1.8407162041742605e-05
17.616400095355928,1.1175350476771219e-05,1.8410755785090617e-05
17.618400095355927,-9.464244629096689e-05,1.858132572524652e-05
17.620400095355926,-1.836719937897032e-05,1.895664948838733e-05
17.622400095355925,-3.064951947361986e-05,1.9216623873677295e-05
17.624400095355924,-7.019064983614865e-05,1.9321083318262798e-05
17.626400095355926,1.9587998625893377e-05,1.9320025171202695e-05
17.628400095355925,-1.8086938299891563e-06,1.8997620831285026e-05
17.630400095355924,1.0933421564145573e-05,1.9256293426102196e-05
17.632400095355926,2.3820510052197457e-05,1.973401673047351e-05
17.634400095355925,2.389096505008393e-05,2.0042661835882142e-05
17.636400095355924,1.1351183579879394e-05,1.9862999561992727e-05
17.638400095355923,3.7236419822862666e-05,1.9802398337653486e-05
17.640400095355922,4.2610393949057146e-05,1.9548441349354693e-05
17.642400095355924,2.9685696884459188e-05,1.957838209895951e-05
17.644400095355923,2.5247844911027407e-05,1.9883739813511812e-05
17.646400095355922,5.452341060979656e-05,2.0228214655889126e-05
17.648400095355925,1.8671336464235045e-05,2.0148807429881305e-05
17.650400095355923,1.3791779835375087e-05,1.9942490739426353e-05
17.652400095355922,2.3390348778658696e-05,1.986390399362588e-05
17.65440009535592,3.9914244788732766e-05,1.9866918430446213e-05
17.65640009535592,5.0710883732450026e-05,1.9830873572825654e-05
17.658400095355923,-3.653033407650695e-05,2.0147224467602636e-05
17.66040009535592,-7.127784486036114e-05,2.0258905315680323e-05
17.66240009535592,-4.402286335396388e-05,2.0134904103535026e-05
17.664400095355923,-8.179490913353214e-06,2.000951598207074e-05
17.66640009535592,-2.371736023826935e-05,2.018997307106421e-05
17.66840009535592,6.901949399548931e-05,2.054128521825627e-05
17.67040009535592,4.977614249722313e-05,2.063610323071057e-05
17.67240009535592,9.437572758367977e-06,2.03603101627598e-05
17.67440009535592,-3.5893494799149837e-06,2.007480994860591e-05
17.67640009535592,3.3714864482006057e-05,2.0252559242110257e-05
17.67840009535592,4.250674631505842e-05,2.041219194840111e-05
17.68040009535592,-1.239749735501722e-05,2.0338676085572615e-05
17.68240009535592,-5.314180752550965e-05,2.0006960420089772e-05
17.68440009535592,-5.411695862011014e-05,1.9685086228209376e-05
17.686400095355918,-1.5098830208825264e-05,1.9682156610303965e-05
17.688400095355917,2.2126496108183422e-05,1.9413489673185337e-05
17.69040009535592,4.445322269322001e-05,1.9562679092179676e-05
17.692400095355918,1.4333265141738915e-05,1.9614344238257825e-05
17.694400095355917,-2.1585025397538213e-05,1.9478582229178365e-05
17.69640009535592,2.0549653743780983e-06,1.923702337966461e-05
17.698400095355918,-2.322251205061557e-05,1.8970132138271113e-05
17.700400095355917,9.498422945888987e-06,1.9223402419397364e-05
17.702400095355916,6.7648015586045e-05,1.937448856417503e-05
17.704400095355915,7.317589986532745e-05,1.6075491074260406e-05
17.706400095355917,6.734451370413229e-06,1.604216319633169e-05
17.708400095355916,-3.7295471304597604e-05,1.5914511623059027e-05
17.710400095355915,-4.021457092892832e-05,1.5803584349893385e-05
17.712400095355918,-3.052436090806691e-05,1.5731842233997594e-05
17.714400095355916,-2.381973808729339e-05,1.5742112348712777e-05
17.716400095355915,-2.0811470248693288e-05,1.587542798075736e-05
17.718400095355914,1.2016378367960095e-05,1.5651154916538243e-05
17.720400095355913,2.04744676207819e-05,1.566972085768905e-05
17.722400095355916,1.9110909502145954e-05,1.5791703413127653e-05
17.724400095355914,1.4080332301916465e-05,1.5996287340354497e-05
17.726400095355913,7.235792090479656e-06,1.630619066481673e-05
17.728400095355916,1.5969062670059208e-05,1.6239781418915443e-05
17.730400095355915,2.1092619892704375e-05,1.6099793381380286e-05
17.732400095355914,1.1377673529840334e-05,1.5930821519901387e-05
17.734400095355912,4.894158397007853e-06,1.595016250650397e-05
17.73640009535591,2.0109704231701274e-05,1.6223134135897275e-05
17.738400095355914,-7.109126226338718e-06,1.6265852606956395e-05
17.740400095355913,2.6246381294467245e-05,1.631156714535356e-05
17.74240009535591,5.400869944970431e-05,1.6306494185809414e-05
17.744400095355914,5.855755541675316e-05,1.628291275822426e-05
17.746400095355913,3.936948875090316e-05,1.627846899723629e-05
17.748400095355912,4.190723607435829e-06,1.6346183128968657e-05
17.75040009535591,-3.4024027215226484e-06,1.6237814209821368e-05
17.75240009535591,-1.9304883162254442e-05,1.6088414467065878e-05
17.754400095355912,-3.700331778029076e-05,1.6011037318664475e-05
17.75640009535591,-4.5547294267847546e-05,1.6120199465178873e-05
17.75840009535591,-7.591074455350859e-05,1.6235337792917972e-05
17.760400095355912,-5.582862233583917e-05,1.6418348571395273e-05
17.76240009535591,-3.791696667781068e-05,1.6487356474117155e-05
17.76440009535591,-2.800159484526445e-05,1.647378801667141e-05
17.76640009535591,-2.625306234859881e-05,1.6483104306390363e-05
17.768400095355908,-5.39697388645351e-05,1.64564192006724e-05
17.77040009535591,7.487881304670465e-06,1.6524582139224303e-05
17.77240009535591,7.030333293110869e-05,1.6531173021835908e-05
17.774400095355908,0.00010598764242203783,1.6517474614004634e-05
17.77640009535591,8.834629989668202e-05,1.661223860913194e-05
17.77840009535591,3.293083003445329e-05,1.694175589862634e-05
17.78040009535591,1.0507524401605837e-05,1.7362562126733054e-05
17.782400095355907,2.2999603674721733e-05,1.7508697601022273e-05
17.784400095355906,4.35811909251621e-05,1.7564215191094534e-05
17.78640009535591,5.1478562959641995e-05,1.7808132167259985e-05
17.788400095355907,4.79091644793773e-05,1.769774012606238e-05
17.790400095355906,6.105716991861459e-05,1.761534454135009e-05
17.79240009535591,5.073131739876003e-05,1.7555686659300536e-05
17.794400095355908,2.846970358420107e-05,1.7464879126892605e-05
17.796400095355907,1.6078616963637254e-05,1.715634931460558e-05
17.798400095355905,-1.4376420798198517e-06,1.6908420951407956e-05
17.800400095355904,-1.4622729369196114e-06,1.660897528803168e-05
17.802400095355907,1.415300780813502e-05,1.6352083227363937e-05
17.804400095355906,4.3675263077298665e-05,1.6217337313401546e-05
17.806400095355905,7.374376942678215e-05,1.629076035886071e-05
17.808400095355907,6.231757947014179e-05,1.6253764573210914e-05
17.810400095355906,4.2323624588593466e-05,1.6298064052712948e-05
17.812400095355905,4.164947899428145e-05,1.635147594542584e-05
17.814400095355904,5.409413153428962e-05,1.641696015486663e-05
17.816400095355903,6.146660866463787e-05,1.650006500987459e-05
17.818400095355905,5.020171582990366e-05,1.6587323518759744e-05
17.820400095355904,5.102667869412849e-05,1.664318635845264e-05
17.822400095355903,4.023610738119689e-05,1.657693602705228e-05
17.824400095355905,2.4850745804711e-05,1.6574406936975688e-05
17.826400095355904,1.1937853508704166e-05,1.6742778904899743e-05
17.828400095355903,1.254368108763585e-05,1.6764649310470192e-05
17.830400095355902,6.738383058707457e-06,1.6734493095070258e-05
17.8324000953559,1.1545958129908274e-05,1.671804443750621e-05
17.834400095355903,4.814650170407761e-06,1.673830147615149e-05
17.836400095355902,-4.289714978548439e-05,1.6793226323543504e-05
17.8384000953559,-1.705955150640642e-05,1.7042855191576284e-05
17.840400095355903,-1.1305726271793947e-05,1.7058971677895153e-05
17.842400095355902,-9.379479667233546e-06,1.6967202328229155e-05
17.8444000953559,-1.0363508633431292e-05,1.6801750071841e-05
17.8464000953559,-1.561356083411365e-05,1.658445261014471e-05
17.8484000953559,1.80936066985041e-05,1.6596479775840874e-05
17.8504000953559,6.454420373083866e-05,1.6643299323644964e-05
17.8524000953559,6.586924749010125e-05,1.6762367868752082e-05
17.8544000953559,4.5669421623311655e-05,1.6902453669437654e-05
17.8564000953559,6.14576391605824e-05,1.688126751081467e-05
17.8584000953559,3.100323284598289e-05,1.729350857489936e-05
17.8604000953559,4.0251979763812187e-05,1.747512608831933e-05
17.8624000953559,2.874513026325363e-05,1.7653251568913333e-05
17.864400095355897,2.9732600670848728e-06,1.7675257347425545e-05
17.8664000953559,-9.418085798043343e-06,1.7233469994475283e-05
17.8684000953559,-2.7756111480369295e-05,1.6922427124675084e-05
17.870400095355897,1.2037864060406257e-05,1.680093166543866e-05
17.8724000953559,2.5262174279993065e-05,1.7054482744872312e-05
17.8744000953559,1.2016359868958773e-05,1.73706287646287e-05
17.876400095355898,7.66025378683979e-06,1.7356432495149643e-05
17.878400095355897,7.837937839608495e-06,1.7472589364051257e-05
17.880400095355895,7.514849964787753e-06,1.7321601054264617e-05
17.882400095355898,2.4407819099478296e-05,1.7382165775101028e-05
17.884400095355897,3.2988832856817356e-05,1.742026686106467e-05
17.886400095355896,1.4056102180252177e-05,1.7168850376812646e-05
17.888400095355898,4.210438426467947e-05,1.6975255680945084e-05
17.890400095355897,2.0450082110997244e-05,1.684148779981211e-05
17.892400095355896,2.5338946419001054e-05,1.6855002086703762e-05
17.894400095355895,5.2780001613929936e-05,1.6894488227582912e-05
17.896400095355894,5.774874161049297e-05,1.6804277371774546e-05
17.898400095355896,2.182295015786239e-05,1.669444311718498e-05
17.900400095355895,4.230439761761295e-05,1.6647204945070953e-05
17.902400095355894,4.200865229266556e-05,1.6477673545597316e-05
17.904400095355896,2.4238451654266308e-05,1.6244346382724755e-05
17.906400095355895,2.516006112201926e-05,1.607184660399015e-05
17.908400095355894,-1.0973157325488247e-05,1.6193932023380337e-05
17.910400095355893,5.1144478508017115e-05,1.6096291111476216e-05
17.912400095355892,5.835389810950449e-05,1.5948919161194254e-05
17.914400095355894,2.797895258243883e-05,1.5935820229604115e-05
17.916400095355893,3.396643645509856e-05,1.6092801395973014e-05
17.918400095355892,7.661711712811446e-06,1.6331878243203185e-05
17.920400095355895,3.162665393063748e-06,1.661013825598546e-05
17.922400095355894,1.8010093601025146e-05,1.684841709232807e-05
17.924400095355892,4.485251829748215e-05,1.6963862286017525e-05
17.92640009535589,6.06155000161117e-05,1.6874998648833253e-05
17.92840009535589,1.5267609094229646e-07,1.6938798319053858e-05
17.930400095355893,2.5039740367641372e-05,1.714769206770487e-05
17.93240009535589,2.830074840618326e-05,1.7290513276288312e-05
17.93440009535589,1.975903552946754e-05,1.7361526375079316e-05
17.936400095355893,5.1214632329289246e-05,1.7433916205696577e-05
17.93840009535589,8.456226282567573e-05,1.7266948674412447e-05
17.94040009535589,8.590282139552146e-05,1.721498777203085e-05
17.94240009535589,8.723159524113487e-05,1.724625104978141e-05
17.94440009535589,7.1668028424149e-05,1.719832823503191e-05
17.94640009535589,2.296554058867588e-05,1.7007830488318454e-05
17.94840009535589,2.27395894071367e-06,1.649312234894435e-05
17.95040009535589,3.1020733468619795e-05,1.6332666291264833e-05
17.95240009535589,1.869472488419934e-05,1.624364747908009e-05
17.95440009535589,-2.448832116723526e-05,1.613785624872499e-05
17.95640009535589,-3.496637149184548e-05,1.5981708219580615e-05
17.958400095355888,7.271760644354537e-06,1.573190225066807e-05
17.960400095355887,3.730801667666778e-05,1.5574652562980456e-05
17.96240009535589,1.742093437972163e-05,1.5355932943759706e-05
17.964400095355888,-1.3549570742427862e-05,1.5125789047008723e-05
17.966400095355887,-2.439886229051898e-07,1.5017924326654422e-05
17.96840009535589,3.011964529772446e-05,1.5013206281051722e-05
17.97040009535589,1.4474024100698535e-06,1.5002728059850168e-05
17.972400095355887,1.5687716455683499e-06,1.5041937980603226e-05
17.974400095355886,2.506431353839141e-05,1.5134149199010752e-05
17.976400095355885,3.603485904453893e-05,1.5354752451041114e-05
17.978400095355887,3.104161947111925e-05,1.5798270379300878e-05
17.980400095355886,9.743093220778658e-05,3.134763215165241e-05
17.982400095355885,0.00010080446425021105,3.0742638439313e-05
17.984400095355888,0.00010417799629264149,3.0137644726972506e-05
17.986400095355886,0.00012917948913362544,3.0418119520643534e-05
17.988400095355885,0.0001634649029188525,3.107868653313186e-05
17.990400095355884,0.00019775031670407953,3.173925354562019e-05
17.992400095355883,0.00017095647191051432,3.213111338903199e-05
17.994400095355886,0.00011794401669701841,3.240762919017917e-05
17.996400095355884,6.493156148361666e-05,3.2684144991325845e-05
17.998400095355883,7.005268506751452e-05,3.244663806707853e-05
18.000400095355886,0.00010012797278849349,3.198848401039822e-05
18.002400095355885,0.00013020326050941904,3.153032995371873e-05
18.004400095355884,0.00011832897947415851,3.170185429950059e-05
18.006400095355882,8.844760897730008e-05,3.214367165809169e-05
18.00840009535588,5.856623848044165e-05,3.258548901668279e-05
18.010400095355884,4.5107398927852456e-05,3.288769771518386e-05
18.012400095355883,3.869802446796465e-05,3.3129978599921564e-05
18.01440009535588,3.228865000807684e-05,3.337225948465927e-05
18.016400095355884,5.001029582540984e-05,3.3223237918524105e-05
18.018400095355883,7.809032104123103e-05,3.2906247522263096e-05
18.020400095355882,0.00010617034625705223,3.258925712600208e-05
18.02240009535588,0.00010522119021014218,3.279023163438377e-05
18.02440009535588,9.181108941204604e-05,3.321354558807708e-05
18.026400095355882,7.840098861392606e-05,3.363685954177114e-05
18.02840009535588,9.833445793506011e-05,3.3693163198829604e-05
18.03040009535588,0.00013258085027196184,3.359192553373975e-05
18.032400095355882,0.00016682724260892436,3.3490687868649715e-05
18.03440009535588,0.00017886870665329604,3.283241252255011e-05
18.03640009535588,0.00018137857382530986,3.1935025455477995e-05
18.03840009535588,0.0001838884409973237,3.1037638388405873e-05
18.040400095355878,0.0002189067553503931,3.066203770142195e-05
18.04240009535588,0.0002678795147641939,3.0510416933680913e-05
18.04440009535588,0.00031685227417790765,3.0358796165940145e-05
18.046400095355878,0.00027992759559602375,3.0459420094959153e-05
18.04840009535588,0.00020613092428478923,3.066832157965357e-05
18.05040009535588,0.00013233425297368585,3.0877223064347615e-05
18.05240009535588,0.00012810298464475695,3.0642891567400917e-05
18.054400095355877,0.0001537330883323419,3.0218299619319407e-05
18.056400095355876,0.00017936319201992685,2.97937076712379e-05
18.05840009535588,0.00016317908343575427,2.969503392810772e-05
18.060400095355877,0.00012904596787881707,2.9736262572596998e-05
18.062400095355876,9.491285232187989e-05,2.9777491217086284e-05
18.06440009535588,0.00010530241667701946,3.027094828418302e-05
18.066400095355878,0.00013480361671618373,3.095852719829927e-05
18.068400095355877,0.00016430481675534802,3.164610611241552e-05
18.070400095355875,0.0001681542638316326,3.150570328850207e-05
18.072400095355874,0.0001609925359495512,3.100988413912463e-05
18.074400095355877,0.00015383080806745706,3.0514064989746304e-05
18.076400095355876,0.00015488892830618894,3.0303773356246945e-05
18.078400095355875,0.00015947547005871316,3.0216046205083098e-05
18.080400095355877,0.00016406201181124553,3.0128319053919088e-05
18.082400095355876,0.00020064803246117014,3.0408531553460557e-05
18.084400095355875,0.0002509700324291559,3.084668448223801e-05
18.086400095355874,0.0003012920323971417,3.128483741101546e-05
18.088400095355873,0.0002891550140079602,3.123430537066082e-05
18.090400095355875,0.0002502070624282616,3.097400218110747e-05
18.092400095355874,0.00021125911084863218,3.07136989915546e-05
18.094400095355873,0.0002073758859007344,3.07185077410964e-05
18.096400095355875,0.00021854442104223397,3.083711750058188e-05
18.098400095355874,0.0002297129561837137,3.095572726006715e-05
18.100400095355873,0.00023033249753338293,3.142078912132579e-05
18.102400095355872,0.00022642381469039174,3.203456780049234e-05
18.10440009535587,0.00022251513184740054,3.2648346479658884e-05
18.106400095355873,0.00017949395801461983,3.2898088792415805e-05
18.108400095355872,0.0001196834909650936,3.299156610791469e-05
18.11040009535587,5.987302391556733e-05,3.308504342341358e-05
18.112400095355873,5.222205810957518e-05,3.317624351791628e-05
18.114400095355872,6.696090299943843e-05,3.326646610025316e-05
18.11640009535587,8.16997478893017e-05,3.335668868259003e-05
18.11840009535587,8.931321257975663e-05,3.3583233689955665e-05
18.12040009535587,9.386806033953974e-05,3.386829600665138e-05
18.12240009535587,9.842290809933093e-05,3.4153358323347607e-05
18.12440009535587,0.0001194977115912028,3.424574324342348e-05
18.12640009535587,0.00014766381704204787,3.425542009682783e-05
18.12840009535587,0.000175829922492943,3.42650969502322e-05
18.13040009535587,0.00018640205250761865,3.4060639048501944e-05
18.13240009535587,0.00018942184945416787,3.3764262353426477e-05
18.13440009535587,0.0001924416464007171,3.3467885658350996e-05
18.136400095355867,0.00021577494081374536,3.342257509715952e-05
18.13840009535587,0.0002478279426199355,3.3485036387043994e-05
18.14040009535587,0.00027988094442606864,3.354749767692836e-05
18.142400095355868,0.00026125428339206577,3.350604713577715e-05
18.14440009535587,0.0002208730285803242,3.341999172659414e-05
18.14640009535587,0.00018049177376865436,3.33339363174113e-05
18.148400095355868,0.0001575567606967169,3.321207053075052e-05
18.150400095355867,0.0001421106677916549,3.3074832891396255e-05
18.152400095355866,0.00012666457488659288,3.293759525204199e-05
18.154400095355868,0.00012997959222271917,3.316695290850277e-05
18.156400095355867,0.00014134794714126188,3.355367415567657e-05
18.158400095355866,0.00015271630205980458,3.394039540285038e-05
18.160400095355868,0.00016521593339692252,3.404975378964751e-05
18.162400095355867,0.00017820117309680212,3.4040052216990015e-05
18.164400095355866,0.00019118641279668175,3.403035064433252e-05
18.166400095355865,0.0001545794882407678,3.406620613134283e-05
18.168400095355864,9.668477558548616e-05,3.4121617309200516e-05
18.170400095355866,3.879006293010167e-05,3.41770284870583e-05
18.172400095355865,3.731194875743741e-05,3.399356408591763e-05
18.174400095355864,6.005106246412696e-05,3.370756063621667e-05
18.176400095355866,8.27901761708569e-05,3.34215571865152e-05
18.178400095355865,7.225347166989601e-05,3.367855849205756e-05
18.180400095355864,4.7432882743364336e-05,3.416864849636699e-05
18.182400095355863,2.2612293816832643e-05,3.465873850067642e-05
18.184400095355862,4.4283034962220865e-05,3.42704591744862e-05
18.186400095355864,8.591051657921506e-05,3.350513344545312e-05
18.188400095355863,0.0001275379981961353,3.273980771642139e-05
18.190400095355862,0.0001328410595919202,3.2389418043128615e-05
18.192400095355865,0.00012255159833934718,3.221714270193873e-05
18.194400095355864,0.00011226213708679243,3.204486736074914e-05
18.196400095355862,0.00010962499186291388,3.201030215393348e-05
18.19840009535586,0.0001102726595849834,3.2034850035297215e-05
18.20040009535586,0.0001109203273070529,3.205939791666095e-05
18.202400095355863,0.00013120949021573625,3.237002073271825e-05
18.20440009535586,0.00015992991046298954,3.280344333410754e-05
18.20640009535586,0.00018865033071024286,3.323686593549683e-05
18.208400095355863,0.00017997854653376986,3.3479438851315757e-05
18.210400095355862,0.0001552558795665815,3.3640088115374314e-05
18.21240009535586,0.00013053321259939312,3.380073737943288e-05
18.21440009535586,0.0001039844258151046,3.4023916307762206e-05
18.21640009535586,7.665176337450511e-05,3.4273936564442586e-05
18.21840009535586,4.9319100933857064e-05,3.4523956821123405e-05
18.22040009535586,4.371010865226394e-05,3.491765313407068e-05
18.22240009535586,4.742616621521556e-05,3.537302348167002e-05
18.22440009535586,5.114222377817378e-05,3.582839382927016e-05
18.22640009535586,6.465554217248372e-05,3.58389618052226e-05
18.22840009535586,8.237440945706669e-05,3.5658594972694386e-05
18.230400095355858,0.00010009327674164966,3.547822814016616e-05
18.232400095355857,9.58000778077605e-05,3.516304207771426e-05
18.23440009535586,8.20580304926595e-05,3.478998382599179e-05
18.236400095355858,6.831598317758288e-05,3.441692557426998e-05
18.238400095355857,9.529643871060519e-05,3.403749238760604e-05
18.24040009535586,0.00013975734333203073,3.365532271084618e-05
18.24240009535586,0.0001842182479533773,3.3273153034087e-05
18.244400095355857,0.00015705151321749876,3.317777863265431e-05
18.246400095355856,9.913805686749166e-05,3.32055133350514e-05
18.248400095355855,4.122460051748456e-05,3.3233248037448496e-05
18.250400095355857,2.6873310432858654e-05,3.332364299305389e-05
18.252400095355856,3.122142154730535e-05,3.3440935353320633e-05
18.254400095355855,3.5569532661752045e-05,3.3558227713587386e-05
18.256400095355858,2.2117063338906604e-05,3.334457832158651e-05
18.258400095355857,1.0235544394221081e-06,3.298886957171531e-05
18.260400095355855,-2.0069954460062384e-05,3.2633160821844114e-05
18.262400095355854,-1.32862207965873e-05,3.2649838423957396e-05
18.264400095355853,5.46404063799847e-06,3.282636582515109e-05
18.266400095355856,2.421430207261755e-05,3.3002893226345096e-05
18.268400095355855,3.771003454923926e-05,3.334480369423751e-05
18.270400095355853,4.895021845929938e-05,3.375770616579193e-05
18.272400095355856,6.0190402369379465e-05,3.417060863734708e-05
18.274400095355855,7.500099730549418e-05,3.389766217369982e-05
18.276400095355854,9.134421991113437e-05,3.33303095345355e-05
18.278400095355853,0.00010768744251677455,3.276295689537118e-05
18.28040009535585,0.000118350287014213,3.2608697422785095e-05
18.282400095355854,0.00012657478318736624,3.263176153875583e-05
18.284400095355853,0.00013479927936050487,3.2654825654726523e-05
18.28640009535585,0.0001487265298004195,3.306597426110979e-05
18.288400095355854,0.0001651017340158006,3.3643711299864186e-05
18.290400095355853,0.00018147693823115262,3.422144833861756e-05
18.292400095355852,0.00015557788419513937,3.4017052825831074e-05
18.29440009535585,0.00011153225780279765,3.347692049527796e-05
18.29640009535585,6.748663141045594e-05,3.293678816472485e-05
18.298400095355852,5.7465675507123104e-05,3.2715693958793154e-05
18.30040009535585,6.205009051020425e-05,3.2631549503628296e-05
18.30240009535585,6.663450551328539e-05,3.254740504846344e-05
18.304400095355852,9.492079440761425e-05,3.274385820621741e-05
18.30640009535585,0.00013338130974820708,3.306076022245508e-05
18.30840009535585,0.00017184182508879993,3.337766223869275e-05
18.31040009535585,0.000162343889002842,3.3246152354324584e-05
18.312400095355848,0.00013225938631793112,3.2922157909237783e-05
18.31440009535585,0.00010217488363296683,3.259816346415041e-05
18.31640009535585,8.360258085121586e-05,3.264241805788326e-05
18.318400095355848,6.997198682710165e-05,3.284474665271357e-05
18.32040009535585,5.634139280296323e-05,3.3047075247544236e-05
18.32240009535585,2.7807053859400636e-05,3.3486332362426424e-05
18.32440009535585,-7.124843895618839e-06,3.402729305243927e-05
18.326400095355847,-4.205674165063832e-05,3.456825374245211e-05
18.328400095355846,-2.448610696231838e-05,3.4598921850160995e-05
18.33040009535585,1.5621687517806038e-05,3.441054251515177e-05
18.332400095355847,5.572948199785921e-05,3.4222163180142886e-05
18.334400095355846,6.601977699930797e-05,3.389722291915093e-05
18.33640009535585,6.351065447833614e-05,3.3513662708817506e-05
18.338400095355848,6.100153195736877e-05,3.313010249848476e-05
18.340400095355847,6.542607130559667e-05,3.272440094298096e-05
18.342400095355845,7.282694487996996e-05,3.230919502388275e-05
18.344400095355844,8.022781845434324e-05,3.1893989104784535e-05
18.346400095355847,9.763936425313052e-05,3.2240959560074414e-05
18.348400095355846,0.00011934807807473417,3.291510084569115e-05
18.350400095355845,0.0001410567918963378,3.358924213130789e-05
18.352400095355847,0.0001261289226821633,3.414485318466749e-05
18.354400095355846,9.54744799575558e-05,3.464958409975011e-05
18.356400095355845,6.482003723294824e-05,3.5154315014832723e-05
18.358400095355844,7.219077740568907e-05,3.539880487055271e-05
18.360400095355843,9.588416174292766e-05,3.553158396289687e-05
18.362400095355845,0.00011957754608020835,3.566436305524127e-05
18.364400095355844,0.00011685334897879812,3.599835835105192e-05
18.366400095355843,0.00010278917131270952,3.641872748248062e-05
18.368400095355845,8.872499364659598e-05,3.683909661391006e-05
18.370400095355844,8.341988234519834e-05,3.704962511983089e-05
18.372400095355843,8.187467824410027e-05,3.717007766948966e-05
18.374400095355842,8.03294741430022e-05,3.729053021914843e-05
18.37640009535584,8.20150458940244e-05,3.698046364547706e-05
18.378400095355843,8.508745710838357e-05,3.648559288318822e-05
18.380400095355842,8.815986832273726e-05,3.599072212090028e-05
18.38240009535584,8.789749465598324e-05,3.5547946334738894e-05
18.384400095355844,8.620363454124862e-05,3.51275327863197e-05
18.386400095355842,8.450977442651701e-05,3.470711923790125e-05
18.38840009535584,8.497744090929768e-05,3.487249610659615e-05
18.39040009535584,8.637296226895189e-05,3.528932881949393e-05
18.39240009535584,8.77684836286061e-05,3.570616153239172e-05
18.39440009535584,7.420329996698831e-05,3.580119167783045e-05
18.39640009535584,5.421609732394163e-05,3.5758085138295406e-05
18.39840009535584,3.422889468089494e-05,3.571497859876036e-05
18.40040009535584,1.1497970678913193e-05,3.5218159991235714e-05
18.40240009535584,-1.2410720868623068e-05,3.452658131925077e-05
18.40440009535584,-3.631941241615933e-05,3.3835002647265826e-05
18.40640009535584,-5.168472420417711e-05,3.3971015966837414e-05
18.408400095355837,-6.33827114562631e-05,3.446228077958938e-05
18.41040009535584,-7.508069870836985e-05,3.495354559234222e-05
18.41240009535584,-6.784875359370437e-05,3.546115147852886e-05
18.414400095355838,-5.249095945901611e-05,3.597577192203049e-05
18.41640009535584,-3.713316532430057e-05,3.6490392365533027e-05
18.41840009535584,-3.062864916869367e-05,3.641744287744113e-05
18.420400095355838,-2.792448516036637e-05,3.609227351593235e-05
18.422400095355837,-2.5220321152039067e-05,3.5767104154423576e-05
18.424400095355836,-2.568226126962168e-05,3.527727495293733e-05
18.426400095355838,-2.750328128224834e-05,3.471676397058173e-05
18.428400095355837,-2.932430129487176e-05,3.415625298822711e-05
18.430400095355836,-1.7874886110151904e-05,3.435556431243341e-05
18.43240009535584,-7.290114294222815e-07,3.488103652956541e-05
18.434400095355837,1.6416863251276885e-05,3.540650874669648e-05
18.436400095355836,2.1407351679959212e-05,3.5315002905741216e-05
18.438400095355835,2.1180025243731615e-05,3.4958653380178886e-05
18.440400095355834,2.0952698807504018e-05,3.460230385461656e-05
18.442400095355836,6.7944268963513085e-06,3.44220293479579e-05
18.444400095355835,-1.3343836262638023e-05,3.431733672293925e-05
18.446400095355834,-3.348209942162736e-05,3.421264409792059e-05
18.448400095355836,-2.943920599229378e-06,3.398811567077133e-05
18.450400095355835,4.934760710215601e-05,3.371214657592723e-05
18.452400095355834,0.0001016391348035414,3.343617748108313e-05
18.454400095355833,0.0001141140039055531,3.345564144987935e-05
18.456400095355832,0.0001094971882063866,3.360192291118274e-05
18.458400095355834,0.00010488037250721191,3.3748204372486385e-05
18.460400095355833,6.343241273610073e-05,3.365955066295791e-05
18.462400095355832,6.174327112949709e-06,3.347004875249743e-05
18.464400095355835,-5.108375851030303e-05,3.3280546842036625e-05
18.466400095355834,-6.2479042188152e-05,3.328936833529319e-05
18.468400095355832,-5.418727082237381e-05,3.338332208388106e-05
18.47040009535583,-4.5895499456595596e-05,3.347727583246893e-05
18.47240009535583,-4.886287685572571e-05,3.417538065995478e-05
18.474400095355833,-5.666335427463011e-05,3.5132823262644385e-05
18.47640009535583,-6.446383169352066e-05,3.609026586533228e-05
18.47840009535583,-7.807133457415967e-05,3.630361579974451e-05
18.480400095355833,-9.417156038999935e-05,3.6197556619744694e-05
18.482400095355832,-0.00011027178620581043,3.609149743974508e-05
18.48440009535583,-9.220441207318016e-05,3.598470343470255e-05
18.48640009535583,-5.947025695920126e-05,3.587759399872603e-05
18.48840009535583,-2.673610184522237e-05,3.5770484562749515e-05
18.49040009535583,-9.12217105425731e-06,3.568071152942953e-05
18.49240009535583,2.0012527536580233e-06,3.5598380319729486e-05
18.49440009535583,1.312467656157336e-05,3.551604911002945e-05
18.49640009535583,2.9863299349317712e-05,3.561936675543644e-05
18.49840009535583,4.901230256084092e-05,3.580237603201462e-05
18.50040009535583,6.816130577236412e-05,3.598538530859281e-05
18.502400095355828,6.339472389779226e-05,3.593734565620684e-05
18.504400095355827,4.83621362277742e-05,3.579012592375013e-05
18.50640009535583,3.3329548557729425e-05,3.564290619129316e-05
18.508400095355828,2.248660935798285e-05,3.5519899726070106e-05
18.510400095355827,1.344211918881539e-05,3.540728705099256e-05
18.51240009535583,4.3976290196318616e-06,3.529467437591482e-05
18.51440009535583,-5.6086228778382e-06,3.542802690612666e-05
18.516400095355827,-1.6027720787294326e-05,3.566696250447562e-05
18.518400095355826,-2.6446818696750452e-05,3.5905898102824574e-05
18.520400095355825,-2.394046988494764e-05,3.6184358524997936e-05
18.522400095355827,-1.5885740806765427e-05,3.647978538224119e-05
18.524400095355826,-7.831011728597521e-06,3.6775212239483915e-05
18.526400095355825,3.4303693494091185e-06,3.6804583981172666e-05
18.528400095355828,1.6068238781668736e-05,3.671974882789357e-05
18.530400095355827,2.8706108213905907e-05,3.6634913674614627e-05
18.532400095355825,2.5828769739631027e-05,3.620434289395768e-05
18.534400095355824,1.6291367857187145e-05,3.562536152063094e-05
18.536400095355823,6.753965974743261e-06,3.5046380147304195e-05
18.538400095355826,6.490626934553924e-06,3.544644855039511e-05
18.540400095355825,1.0208275749520085e-05,3.626678424472575e-05
18.542400095355823,1.3925924564486248e-05,3.7087119939056394e-05
18.544400095355826,3.0053759708560196e-05,3.745525335982499e-05
18.546400095355825,5.150879696753165e-05,3.7629274231093754e-05
18.548400095355824,7.29638342265031e-05,3.780329510236252e-05
18.550400095355823,8.041465572308539e-05,3.716528470329267e-05
18.55240009535582,8.185402057371543e-05,3.6178701355931893e-05
18.554400095355824,8.329338542434801e-05,3.519211800856937e-05
18.556400095355823,8.500900041970035e-05,3.457928614905407e-05
18.55840009535582,8.684319870473452e-05,3.412689105961449e-05
18.560400095355824,8.867739698977194e-05,3.3674495970174106e-05
18.562400095355823,8.361559593984802e-05,3.4047649537735746e-05
18.564400095355822,7.559361403975762e-05,3.477517862168519e-05
18.56640009535582,6.757163213966721e-05,3.550270770563463e-05
18.56840009535582,6.527096163084222e-05,3.569791844784802e-05
18.570400095355822,6.542622501897393e-05,3.566462586800183e-05
18.57240009535582,6.558148840710536e-05,3.5631333288155685e-05
18.57440009535582,9.081856834071037e-05,3.5400980414153826e-05
18.576400095355822,0.00012682228670443278,3.5086037297963474e-05
18.57840009535582,0.0001628260050680912,3.477109418177369e-05
18.58040009535582,0.00015577456175367514,3.481342620163329e-05
18.58240009535582,0.00013024122678596592,3.5009122419826476e-05
18.584400095355818,0.00010470789181825669,3.520481863801966e-05
18.58640009535582,8.136529581946872e-05,3.5509660496071975e-05
18.58840009535582,5.896309822388049e-05,3.586135430083619e-05
18.590400095355818,3.656090062829224e-05,3.62130481056004e-05
18.59240009535582,4.708941091273043e-05,3.646503170703003e-05
18.59440009535582,7.175378557304044e-05,3.667421361964124e-05
18.59640009535582,9.641816023335044e-05,3.688339553225244e-05
18.598400095355817,0.00010044666882339786,3.719544385137485e-05
18.600400095355816,9.561700645295658e-05,3.755164869932259e-05
18.60240009535582,9.078734408250676e-05,3.790785354727098e-05
18.604400095355818,9.020634025394333e-05,3.806875835260627e-05
18.606400095355816,9.144911974800035e-05,3.814582847056605e-05
18.60840009535582,9.269189924205957e-05,3.822289858852597e-05
18.610400095355818,0.00011208013658315308,3.832373341383612e-05
18.612400095355817,0.00013925751188004676,3.843476950194116e-05
18.614400095355816,0.0001664348871769404,3.85458055900462e-05
18.616400095355814,0.000165463952650642,3.8367826481441e-05
18.618400095355817,0.00015241004411000283,3.8065784395927317e-05
18.620400095355816,0.00013935613556938686,3.776374231041416e-05
18.622400095355815,0.00010046362385401207,3.761621045526458e-05
18.624400095355817,5.047960392955656e-05,3.7535003837468435e-05
18.626400095355816,4.95584005189817e-07,3.745379721967244e-05
18.628400095355815,-2.2856973341389414e-05,3.7515593692773616e-05
18.630400095355814,-3.477767733062782e-05,3.763877584306048e-05
18.632400095355813,-4.669838131986623e-05,3.776195799334735e-05
18.634400095355815,-3.396351923296922e-05,3.787965341899272e-05
18.636400095355814,-1.064497816187475e-05,3.7994993606388514e-05
18.638400095355813,1.2673562909219717e-05,3.81103337937843e-05
18.640400095355815,4.152071794163495e-05,3.7782239075060914e-05
18.642400095355814,7.274109297934625e-05,3.726379491294377e-05
18.644400095355813,0.00010396146801705757,3.674535075082662e-05
18.646400095355812,8.414085910334386e-05,3.6741222065525486e-05
18.64840009535581,4.2410328446684044e-05,3.695786913679966e-05
18.650400095355813,6.797977899501077e-07,3.717451620807422e-05
18.652400095355812,-1.6382371878156517e-05,3.757021093630788e-05
18.65440009535581,-2.2855366259753135e-05,3.804276391325383e-05
18.656400095355814,-2.9328360641361255e-05,3.851531689020062e-05
18.658400095355812,-1.1800617418460852e-05,3.885777256780495e-05
18.66040009535581,1.6029717417805615e-05,3.914438248903272e-05
18.66240009535581,4.386005225407207e-05,3.94309924102605e-05
18.66440009535581,7.951152725972503e-05,3.973712496931441e-05
18.66640009535581,0.00011852031671322307,4.0051637845383146e-05
18.66840009535581,0.00015752910616665175,4.036615072145132e-05
18.67040009535581,0.00012249485456111668,4.059604031200778e-05
18.672400095355812,5.5676771318750705e-05,4.078960437864251e-05
18.67440009535581,-1.1141311923496574e-05,4.09831684452769e-05
18.67640009535581,2.387693468171446e-06,4.111169014560791e-05
18.67840009535581,5.040662010087743e-05,4.1212291654563284e-05
18.680400095355807,9.842554673358344e-05,4.131289316351865e-05
18.68240009535581,0.00011983291892551531,4.12119109579053e-05
18.68440009535581,0.00012981697079211907,4.1024396590144336e-05
18.686400095355808,0.00013980102265872282,4.0836882222383356e-05
18.68840009535581,0.00010402760397845546,4.069366887346747e-05
18.69040009535581,4.861225459617886e-05,4.056947225628532e-05
18.692400095355808,-6.803094786097749e-06,4.044527563910316e-05
18.694400095355807,-3.608465152026647e-05,3.992540024284744e-05
18.696400095355806,-5.414796997028333e-05,3.9235675070579555e-05
18.698400095355808,-7.221128842033227e-05,3.854594989831044e-05
18.700400095355807,-9.482633232493058e-05,3.908049456756398e-05
18.702400095355806,-0.00011939525823118552,4.0140571550307996e-05
18.70440009535581,-0.00014396418413748408,4.120064853305392e-05
18.706400095355807,-9.00580596724376e-05,4.157367305265668e-05
18.708400095355806,-2.4655872373033783e-06,4.1651772137518404e-05
18.710400095355805,8.512688519783085e-05,4.172987122238012e-05
18.712400095355804,7.08464945120423e-05,4.1581991818083365e-05
18.714400095355806,1.2835961246367939e-05,4.133710844974587e-05
18.716400095355805,-4.517457201920338e-05,4.1092225081408805e-05
18.718400095355804,4.028970293733648e-06,4.09586289919793e-05
18.720400095355807,9.92554401048598e-05,4.08728043014166e-05
18.722400095355805,0.00019448190991581678,4.078697961085407e-05
18.724400095355804,0.0001952148190472576,4.074938393462008e-05
18.726400095355803,0.00015538522919342549,4.0732491143648255e-05
18.728400095355802,0.0001155556393395934,4.0715598352676453e-05
18.730400095355805,8.52248397597162e-05,4.037687134409726e-05
18.732400095355803,5.8971510812768516e-05,3.989999310435222e-05
18.734400095355802,3.271818186582083e-05,3.942311486460718e-05
18.736400095355805,2.7537192206505778e-05,3.946884632352223e-05
18.738400095355804,3.140176022300274e-05,3.9738914345484836e-05
18.740400095355803,3.5266328239499706e-05,4.000898236744743e-05
18.7424000953558,8.106167058918867e-05,4.002210321625712e-05
18.7444000953558,0.00014485630952923564,3.992492635530158e-05
18.746400095355803,0.00020865094846939588,3.9827749494345876e-05
18.7484000953558,0.00021341757416975214,3.9839460376282184e-05
18.7504000953558,0.00019284570168628135,3.989791265648143e-05
18.752400095355803,0.00017227382920277399,3.995636493668078e-05
18.754400095355802,0.00014881917335988148,3.953145235089327e-05
18.7564000953558,0.0001241270472723934,3.889904944607552e-05
18.7584000953558,9.943492118490534e-05,3.826664654125776e-05
18.7604000953558,9.502902048141943e-05,3.825214095463459e-05
18.7624000953558,9.933123283169591e-05,3.8502875431187616e-05
18.7644000953558,0.00010363344518196477,3.87536099077402e-05
18.7664000953558,9.675889346729835e-05,3.870546014216399e-05
18.7684000953558,8.508657699902513e-05,3.852901060449276e-05
18.7704000953558,7.341426053077263e-05,3.835256106682182e-05
18.7724000953558,4.982345067945115e-05,3.8079029115957e-05
18.774400095355798,2.1116478919954075e-05,3.776382332861198e-05
18.776400095355797,-7.590492839542993e-06,3.744861754126696e-05
18.7784000953558,-1.3398818436393387e-09,3.7255178665186834e-05
18.780400095355798,2.316837915644919e-05,3.7114009760686173e-05
18.782400095355797,4.633809819474202e-05,3.697284085618552e-05
18.7844000953558,5.891438220613857e-05,3.723904575156669e-05
18.7864000953558,6.694330100357242e-05,3.768012097389458e-05
18.788400095355797,7.497221980100628e-05,3.812119619622247e-05
18.790400095355796,4.367930187384781e-05,3.841839653858677e-05
18.792400095355795,-4.49301109424038e-06,3.8653836771615855e-05
18.794400095355797,-5.2665324062414135e-05,3.888927700464536e-05
18.796400095355796,-9.604943997277774e-05,3.879248689347683e-05
18.798400095355795,-0.00013737816156708026,3.8553082693361146e-05
18.800400095355798,-0.00017870688316145618,3.8313678493245044e-05
18.802400095355797,-0.00017052568954441656,3.7836077600874804e-05
18.804400095355795,-0.00014109173424786702,3.725622774460059e-05
18.806400095355794,-0.00011165777895131749,3.667637788832636e-05
18.808400095355793,-8.439374902306096e-05,3.6704793707501205e-05
18.810400095355796,-5.806118731160857e-05,3.699431534734719e-05
18.812400095355795,-3.172862560020298e-05,3.7283836987192664e-05
18.814400095355793,-2.7557290401362886e-05,3.77214548296312e-05
18.816400095355796,-3.289894629705959e-05,3.82226448690157e-05
18.818400095355795,-3.8240602192746806e-05,3.872383490839931e-05
18.820400095355794,-3.5389795066339374e-05,3.860101693918456e-05
18.822400095355793,-2.902226753648451e-05,3.8210335484979486e-05
18.82440009535579,-2.2654740006629643e-05,3.781965403077442e-05
18.826400095355794,-1.349325095817017e-05,3.7865029056760386e-05
18.828400095355793,-3.132417747681648e-06,3.8097586973548324e-05
18.83040009535579,7.228415462806874e-06,3.8330144890336254e-05
18.832400095355794,5.744401050773098e-06,3.857661838714962e-05
18.834400095355793,-8.241682181031037e-07,3.882906532762823e-05
18.836400095355792,-7.392737486979303e-06,3.908151226810685e-05
18.83840009535579,-4.242395003405726e-06,3.9740280193895554e-05
18.84040009535579,3.0799172396706954e-06,4.057346670754085e-05
18.842400095355792,1.0402229482760124e-05,4.140665322118763e-05
18.84440009535579,9.276468436522513e-06,4.1350508801715016e-05
18.84640009535579,4.524261183108486e-06,4.091260742075753e-05
18.848400095355792,-2.2794607031398287e-07,4.047470603979926e-05
18.85040009535579,3.1562995108140875e-05,4.0279155380380896e-05
18.85240009535579,7.904056375043383e-05,4.018763695812636e-05
18.85440009535579,0.00012651813239272677,4.009611853587181e-05
18.856400095355788,0.00013678571631055953,4.006941205041565e-05
18.85840009535579,0.00013108042252654495,4.007052694537031e-05
18.86040009535579,0.00012537512874254047,4.007164184032496e-05
18.862400095355788,0.0001240665809065356,4.042437246446341e-05
18.86440009535579,0.00012464539460933837,4.0928038805960485e-05
18.86640009535579,0.00012522420831214014,4.143170514745665e-05
18.86840009535579,0.00010596469320842331,4.193513346612064e-05
18.870400095355787,7.818931117201157e-05,4.2438459610312905e-05
18.872400095355786,5.041392913559983e-05,4.294178575450515e-05
18.87440009535579,6.278317007928574e-05,4.238175300417373e-05
18.876400095355788,9.238502739512011e-05,4.136525922531806e-05
18.878400095355786,0.0001219868847109545,4.034876544646237e-05
18.88040009535579,0.00012878648668132305,4.0119692617093534e-05
18.882400095355788,0.00012579791433636907,4.0228630804457146e-05
18.884400095355787,0.0001228093419914151,4.033756899182075e-05
18.886400095355786,0.00012536515011273732,4.0856007373014786e-05
18.888400095355784,0.00013030095829926418,4.155022923334517e-05
18.890400095355787,0.0001352367664857998,4.2244451093676793e-05
18.892400095355786,0.00012933782893238767,4.2698603062258615e-05
18.894400095355785,0.00011878793011749687,4.304970178036552e-05
18.896400095355787,0.00010823803130258733,4.3400800498473055e-05
18.898400095355786,0.00012395942731026937,4.280883903259341e-05
18.900400095355785,0.00015095813361247238,4.1812056167804795e-05
18.902400095355784,0.00017795683991467536,4.081527330301616e-05
18.904400095355783,0.00019962675079731888,4.0584003874867756e-05
18.906400095355785,0.0002190092035510303,4.068134153248764e-05
18.908400095355784,0.00023839165630470724,4.077867919010734e-05
18.910400095355783,0.0002089270077995339,4.099133510696812e-05
18.912400095355785,0.00015849407210748845,4.1253492965916636e-05
18.914400095355784,0.00010806113641553263,4.151565082486469e-05
18.916400095355783,0.00011261120298901271,4.194094767877164e-05
18.918400095355782,0.00014076347921775204,4.243627418917825e-05
18.92040009535578,0.0001689157554464914,4.2931600699584854e-05
18.922400095355783,0.0001888259538906978,4.299155832405153e-05
18.924400095355782,0.0002051981266907095,4.286462784537389e-05
18.92640009535578,0.0002215702994907212,4.2737697366696264e-05
18.928400095355784,0.0002087754942455481,4.2340724197228246e-05
18.930400095355782,0.00018346035956532498,4.1827831461291444e-05
18.93240009535578,0.00015814522488510186,4.1314938725354635e-05
18.93440009535578,0.00011738806765371189,4.145188956169939e-05
18.93640009535578,7.00022074699709e-05,4.1867794789664506e-05
18.93840009535578,2.261634728614574e-05,4.228370001763037e-05
18.94040009535578,-3.60160253849072e-06,4.250482638363455e-05
18.94240009535578,-2.073293130432699e-05,4.264234120372426e-05
18.944400095355782,-3.786426007019369e-05,4.277985602381422e-05
18.94640009535578,7.296818470953439e-06,4.269971764009542e-05
18.94840009535578,7.919778586641621e-05,4.252614856826813e-05
18.95040009535578,0.000151098753261879,4.2352579496440834e-05
18.952400095355777,0.00012187737634725494,4.2152928707355186e-05
18.95440009535578,4.924781053731886e-05,4.194208197421561e-05
18.95640009535578,-2.3381755272488186e-05,4.173123524107641e-05
18.958400095355778,-1.9309332205072917e-05,4.154589918786712e-05
18.96040009535578,1.7688502725733415e-05,4.1371513954263386e-05
18.96240009535578,5.468633765647402e-05,4.119712872065996e-05
18.964400095355778,4.743194445718886e-05,4.150342748193742e-05
18.966400095355777,2.1181655073341294e-05,4.201606666154384e-05
18.968400095355776,-5.06863431050626e-06,4.2528705841150255e-05
18.970400095355778,3.009141054094096e-06,4.3098897953703506e-05
18.972400095355777,2.5822726629035087e-05,4.369379548158146e-05
18.974400095355776,4.863631220397608e-05,4.428869300945942e-05
18.97640009535578,9.460719200729573e-05,4.37452926719788e-05
18.978400095355777,0.00015051867107174937,4.2713261719546286e-05
18.980400095355776,0.000206430150136203,4.168123076711377e-05
18.982400095355775,0.00019394833879840892,4.106928329013709e-05
18.984400095355774,0.00015210772717474816,4.0637662666668484e-05
18.986400095355776,0.00011026711555101306,4.020604204319911e-05
18.988400095355775,9.099606076935524e-05,4.0159271662381324e-05
18.990400095355774,8.141331298683494e-05,4.027770378534307e-05
18.992400095355777,7.183056520429761e-05,4.0396135908305014e-05
18.994400095355775,7.207724798198089e-05,4.0491046200236435e-05
18.996400095355774,7.654335577440878e-05,4.0575859406519396e-05
18.998400095355773,8.100946356683667e-05,4.066067261280235e-05
19.000400095355772,0.00011823021647965187,4.082851451782324e-05
19.002400095355775,0.000169511375565289,4.1031997695218474e-05
19.004400095355773,0.00022079253465083503,4.123548087261334e-05
19.006400095355772,0.0002176903736163384,4.132017859415187e-05
19.008400095355775,0.00019124338127672375,4.13538859307279e-05
19.010400095355774,0.00016479638893715607,4.1387593267303883e-05
19.012400095355773,0.00015099091492654773,4.11587959663702e-05
19.01440009535577,0.00014261199723514655,4.0817314717003223e-05
19.01640009535577,0.00013423307954374533,4.0475833467636245e-05
19.018400095355773,0.00014890595519325903,4.028418238595583e-05
19.02040009535577,0.00017347415093729019,4.0156848099379556e-05
19.02240009535577,0.00019804234668132134,4.0029513812803284e-05
19.024400095355773,0.00020778296770702969,4.024494649157548e-05
19.026400095355772,0.000211158634210452,4.060751693141877e-05
19.02840009535577,0.00021453430071387435,4.097008737126206e-05
19.03040009535577,0.00018786725331074565,4.082535798222347e-05
19.03240009535577,0.00014830392751393476,4.046286265357376e-05
19.03440009535577,0.00010874060171705362,4.010036732492341e-05
19.03640009535577,9.378007405334374e-05,3.97126008840393e-05
19.03840009535577,8.938066195149342e-05,3.9313986443865e-05
19.04040009535577,8.498124984963528e-05,3.891537200369001e-05
19.04240009535577,8.90864008347482e-05,3.8934205766031096e-05
19.04440009535577,9.684226196369796e-05,3.913223537557396e-05
19.046400095355768,0.0001045981230926477,3.9330264985116834e-05
19.048400095355767,0.00012332511450143516,3.998153516207115e-05
19.05040009535577,0.00014676162727697892,4.082736561513716e-05
19.052400095355768,0.00017019814005248105,4.167319606820167e-05
19.054400095355767,0.000185399958647144,4.213102229102035e-05
19.05640009535577,0.00019706691146077843,4.242229188814363e-05
19.05840009535577,0.00020873386427439213,4.2713561485266385e-05
19.060400095355767,0.00018430315543813865,4.280135492217047e-05
19.062400095355766,0.00014437698289983763,4.280180315966849e-05
19.064400095355765,0.00010445081036153661,4.28022513971665e-05
19.066400095355768,0.00012386101554792968,4.247174062847233e-05
19.068400095355766,0.00016874225568015678,4.1999160715425616e-05
19.070400095355765,0.0002136234958123839,4.1526580802378904e-05
19.072400095355768,0.00020228277919470594,4.166134221584883e-05
19.074400095355767,0.00016680793680591847,4.205681408493924e-05
19.076400095355766,0.00013133309441713099,4.245228595402965e-05
19.078400095355764,0.00012187778326715869,4.269658101707718e-05
19.080400095355763,0.00012359175105469268,4.2875981140239886e-05
19.082400095355766,0.0001253057188422297,4.305538126340292e-05
19.084400095355765,0.00014245596055134578,4.355677419234038e-05
19.086400095355764,0.00016623245809109245,4.419638744034739e-05
19.088400095355766,0.00019000895563088134,4.483600068835553e-05
19.090400095355765,0.00019940032807865893,4.529828678264542e-05
19.092400095355764,0.00020261666558419775,4.5684452484279e-05
19.094400095355763,0.00020583300308973655,4.607061818591257e-05
19.09640009535576,0.0002018787971140729,4.617527765800882e-05
19.098400095355764,0.00019484652530555376,4.6159096260909715e-05
19.100400095355763,0.0001878142534970471,4.6142914863810644e-05
19.102400095355762,0.00013923894951827078,4.5945566482274746e-05
19.104400095355764,7.283065922271706e-05,4.567044938271964e-05
19.106400095355763,6.42236892728129e-06,4.539533228316503e-05
19.108400095355762,3.9339061930216405e-06,4.559871056232951e-05
19.11040009535576,2.8884017201861033e-05,4.600749037706839e-05
19.11240009535576,5.383412821070043e-05,4.6416270191807246e-05
19.114400095355762,7.262670572774743e-05,4.6233763590008426e-05
19.11640009535576,8.877606651212266e-05,4.579743812517847e-05
19.11840009535576,0.0001049254272964979,4.536111266034851e-05
19.120400095355762,0.00011620207186035535,4.4934378335607154e-05
19.12240009535576,0.00012538702716857812,4.4511761156985064e-05
19.12440009535576,0.00013457198247680092,4.4089143978362975e-05
19.12640009535576,0.0001346365563921961,4.373139453216764e-05
19.128400095355758,0.00013078606419857035,4.3401490572893804e-05
19.13040009535576,0.00012693557200493772,4.3071586613619376e-05
19.13240009535576,0.00016047533059704248,4.2959223525984777e-05
19.13440009535576,0.00021006544010332342,4.2940243265547414e-05
19.13640009535576,0.0002596555496096924,4.292126300511003e-05
19.13840009535576,0.0002722561857010824,4.29380222123329e-05
19.14040009535576,0.00026897850887310827,4.297012314785546e-05
19.142400095355757,0.00026570083204513413,4.300222408337803e-05
19.144400095355756,0.0002953798315101407,4.286543063487568e-05
19.14640009535576,0.0003392060040921754,4.265613660809742e-05
19.148400095355758,0.00038303217667413225,4.244684258131952e-05
19.150400095355756,0.00034098280216751675,4.247627295874506e-05
19.15240009535576,0.0002620699900028576,4.2608179564737946e-05
19.154400095355758,0.00018315717783833865,4.274008617073059e-05
19.156400095355757,0.0001930330445166369,4.280428906323687e-05
19.158400095355756,0.0002410228614914663,4.283942906164063e-05
19.160400095355755,0.0002890126784662957,4.28745690600444e-05
19.162400095355757,0.0002738714923460034,4.299788038450809e-05
19.164400095355756,0.0002316303173070433,4.31590406554799e-05
19.166400095355755,0.0001893891422680832,4.332020092645172e-05
19.168400095355757,0.00016882520719423632,4.326175097681917e-05
19.170400095355756,0.0001575665739046198,4.310902982933583e-05
19.172400095355755,0.0001463079406150033,4.295630868185249e-05
19.174400095355754,0.00013051788209980056,4.2857180032152726e-05
19.176400095355753,0.00011278263662639452,4.278105682170362e-05
19.178400095355755,9.504739115295699e-05,4.270493361125439e-05
19.180400095355754,9.800662042459845e-05,4.283381006032818e-05
19.182400095355753,0.0001098492860042509,4.3050685912188046e-05
19.184400095355755,0.0001216919515839244,4.3267561764048295e-05
19.186400095355754,0.0001625809051413931,4.3309042491415986e-05
19.188400095355753,0.00021593844678502634,4.327523202972419e-05
19.190400095355752,0.0002692959884286596,4.324142156803239e-05
19.19240009535575,0.00025326159893649666,4.295878611581393e-05
19.194400095355753,0.00020743959892870792,4.256933850571092e-05
19.196400095355752,0.00016161759892100057,4.217989089560859e-05
19.19840009535575,0.00014587102857647203,4.174874226232009e-05
19.200400095355754,0.0001430348252069585,4.129969278709446e-05
19.202400095355753,0.00014019862183745004,4.0850643311869626e-05
19.20440009535575,0.00014384269898222736,4.0608549832729464e-05
19.20640009535575,0.00015026854220187195,4.045529558942631e-05
19.20840009535575,0.00015669438542151656,4.030204134612317e-05
19.21040009535575,0.0001437936502218432,4.07000549152673e-05
19.21240009535575,0.00012259666507699005,4.1334709210957344e-05
19.21440009535575,0.00010139967993213689,4.196936350664739e-05
19.216400095355752,7.39654636734549e-05,4.222393450432332e-05
19.21840009535575,4.385381359365185e-05,4.231534850839028e-05
19.22040009535575,1.3742163513848801e-05,4.2406762512457235e-05
19.22240009535575,2.6782994729481574e-05,4.2526072494595477e-05
19.224400095355747,5.8347739059469455e-05,4.2657357284636286e-05
19.22640009535575,8.99124833895134e-05,4.278864207467733e-05
19.22840009535575,0.00010958433271487127,4.2345817541938195e-05
19.230400095355748,0.000124150960405945,4.165654709893419e-05
19.23240009535575,0.00013871758809704462,4.0967276655928976e-05
19.23440009535575,0.0001352075565187035,4.0772066401049795e-05
19.236400095355748,0.00012393781938557015,4.07889396694066e-05
19.238400095355747,0.00011266808225243684,4.0805812937763404e-05
19.240400095355746,0.00010610806922003835,4.123983766577023e-05
19.242400095355748,0.00010156978355754212,4.185293159302082e-05
19.244400095355747,9.703149789505395e-05,4.2466025520270314e-05
19.246400095355746,0.00010082504527145696,4.3432223941175296e-05
19.24840009535575,0.00010819517094127466,4.454999835519397e-05
19.250400095355747,0.00011556529661107927,4.566777276921066e-05
19.252400095355746,8.049570265258466e-05,4.6352819426924914e-05
19.254400095355745,2.7208148957208792e-05,4.685211045499803e-05
19.256400095355744,-2.6079404738167086e-05,4.735140148307114e-05
19.258400095355746,3.1702164480502015e-05,4.694882961772019e-05
19.260400095355745,0.00013716201899664337,4.615911796766802e-05
19.262400095355744,0.00024262187351278472,4.536940631761585e-05
19.264400095355747,0.0002482932639280655,4.4942951836311535e-05
19.266400095355745,0.0002111287758708993,4.4672431611286643e-05
19.268400095355744,0.0001739642878137331,4.440191138626174e-05
19.270400095355743,0.00013941080648146852,4.4046396598461244e-05
19.272400095355742,0.00010597814388958705,4.365439645890696e-05
19.274400095355745,7.254548129764616e-05,4.326239631935199e-05
19.276400095355744,9.384953437075364e-05,4.352736113146314e-05
19.278400095355742,0.0001386502501418008,4.407433928116888e-05
19.280400095355745,0.00018345096591292754,4.46213174308756e-05
19.282400095355744,0.00018711270410326177,4.514449653817345e-05
19.284400095355743,0.00017311483688667713,4.565745950198154e-05
19.28640009535574,0.00015911696967009248,4.617042246578964e-05
19.28840009535574,0.00015906526796722858,4.565092721957808e-05
19.290400095355743,0.00016500019561104388,4.468823168198495e-05
19.29240009535574,0.00017093512325484864,4.372553614439353e-05
19.29440009535574,0.00016111421602385678,4.303404115758865e-05
19.296400095355743,0.00014452984717638374,4.2458963645970893e-05
19.298400095355742,0.00012794547832894015,4.188388613435417e-05
19.30040009535574,0.00013786723244106324,4.155211409855118e-05
19.30240009535574,0.00015916719462073816,4.132478511283163e-05
19.30440009535574,0.00018046715680041309,4.1097456127112077e-05
19.30640009535574,0.00020526267861055783,4.1605846521685146e-05
19.30840009535574,0.00023155872955440228,4.2430057122778335e-05
19.31040009535574,0.0002578547804982467,4.3254267723871524e-05
19.31240009535574,0.00027406627132673257,4.359606019932191e-05
19.31440009535574,0.00028594879062220573,4.3730766365700124e-05
19.31640009535574,0.0002978313099176789,4.386547253207834e-05
19.318400095355738,0.00026683450115951924,4.366773753576579e-05
19.320400095355737,0.00021743099826604552,4.332729641327554e-05
19.32240009535574,0.00016802749537248406,4.298685529078467e-05
19.324400095355738,0.0001400369247668355,4.2309378692164145e-05
19.326400095355737,0.0001212382273076199,4.148722376080549e-05
19.32840009535574,0.00010243952984837092,4.066506882944537e-05
19.33040009535574,8.719716604955723e-05,4.062936744913512e-05
19.332400095355737,7.348142044063002e-05,4.0931264958912034e-05
19.334400095355736,5.976567483170281e-05,4.1233162468688944e-05
19.336400095355735,6.951367899583411e-05,4.148144527583874e-05
19.338400095355738,8.933390783651483e-05,4.170671303483817e-05
19.340400095355736,0.00010915413667716034,4.193198079383718e-05
19.342400095355735,8.836441319846913e-05,4.251478780942358e-05
19.344400095355738,5.0142155765222195e-05,4.3251074818819464e-05
19.346400095355737,1.1919898332043158e-05,4.398736182821404e-05
19.348400095355736,1.2169667451704405e-05,4.425339956727309e-05
19.350400095355734,2.8934230460630097e-05,4.4317574538185476e-05
19.352400095355733,4.5698793469555795e-05,4.438174950909787e-05
19.354400095355736,8.821757706779993e-05,4.429248143837624e-05
19.356400095355735,0.00014179181408757738,4.413734523571987e-05
19.358400095355734,0.00019536605110735482,4.398220903306349e-05
19.360400095355736,0.0001987531701547695,4.375219804070746e-05
19.362400095355735,0.0001805965809762244,4.349004572029931e-05
19.364400095355734,0.00016243999179767926,4.322789339989118e-05
19.366400095355733,0.00013407654063767908,4.334551603579302e-05
19.36840009535573,0.00010133161286361719,4.362616381034195e-05
19.370400095355734,6.858668508949716e-05,4.390681158489138e-05
19.372400095355733,7.882029593772263e-05,4.42765289756215e-05
19.374400095355732,0.00010750320938149213,4.468448108427529e-05
19.376400095355734,0.0001361861228253126,4.5092433192929805e-05
19.378400095355733,0.00014985932733285834,4.582988661236815e-05
19.380400095355732,0.00015708934635111282,4.6708784351171375e-05
19.38240009535573,0.00016431936536936726,4.758768208997461e-05
19.38440009535573,0.00015138536673558426,4.7912892396172175e-05
19.386400095355732,0.000129795602515903,4.800042245891965e-05
19.38840009535573,0.00010820583829626007,4.808795252166698e-05
19.39040009535573,5.300604541939695e-05,4.803255722912162e-05
19.392400095355733,-1.6621455790103186e-05,4.791580866132256e-05
19.39440009535573,-8.624895699947964e-05,4.779906009352372e-05
19.39640009535573,-9.720941988796938e-05,4.7908680705383854e-05
19.39840009535573,-8.298599997500259e-05,4.81154743645557e-05
19.400400095355728,-6.87625800620358e-05,4.832226802372755e-05
19.40240009535573,-4.941256537544109e-06,4.813090426311656e-05
19.40440009535573,8.017086301997536e-05,4.7768624237978156e-05
19.40640009535573,0.00016528298257749484,4.740634421283974e-05
19.40840009535573,0.00018105222495966582,4.72256854764599e-05
19.41040009535573,0.00016705478105061083,4.712299096865739e-05
19.41240009535573,0.00015305733714155587,4.7020296460854875e-05
19.414400095355727,0.00015420721529522873,4.699505016519796e-05
19.416400095355726,0.00016185935667063824,4.700304992183583e-05
19.41840009535573,0.00016951149804606133,4.7011049678473704e-05
19.420400095355728,0.00013284457487288675,4.731492245003546e-05
19.422400095355727,7.715288560534068e-05,4.774580410501785e-05
19.42440009535573,2.1461196337695684e-05,4.8176685760001004e-05
19.426400095355728,8.178170349625064e-06,4.794638544139063e-05
19.428400095355727,1.3099838156423845e-05,4.74322606765198e-05
19.430400095355726,1.8021505963222626e-05,4.691813591164896e-05
19.432400095355725,-6.682010260128808e-07,4.66584537313787e-05
19.434400095355727,-2.949352343777812e-05,4.65079956944243e-05
19.436400095355726,-5.831884584949215e-05,4.6357537657470164e-05
19.438400095355725,-5.935712893339489e-05,4.633622490007837e-05
19.440400095355727,-4.846731457540801e-05,4.637035012802231e-05
19.442400095355726,-3.757750021744048e-05,4.64044753559662e-05
19.444400095355725,-4.800655809447362e-05,4.627866847017862e-05
19.446400095355724,-6.758713491991506e-05,4.6084207776012305e-05
19.448400095355723,-8.71677117453565e-05,4.588974708184599e-05
19.450400095355725,-8.36222149948672e-05,4.5805519231014046e-05
19.452400095355724,-7.014942357025547e-05,4.576861086634388e-05
19.454400095355723,-5.6676632145643744e-05,4.573170250167371e-05
19.456400095355725,-4.547923951978853e-05,4.528632757885938e-05
19.458400095355724,-3.5258604020742305e-05,4.466561081182227e-05
19.460400095355723,-2.5037968521696085e-05,4.404489404478517e-05
19.462400095355722,6.5232133118379114e-06,4.403339633236327e-05
19.46440009535572,4.724522151109543e-05,4.42834172282537e-05
19.466400095355723,8.796722971042529e-05,4.453343812414458e-05
19.468400095355722,0.00012275537649897859,4.4721281531148696e-05
19.47040009535572,0.0001549963026140115,4.488243409147527e-05
19.472400095355724,0.00018723722872910167,4.5043586651802145e-05
19.474400095355723,0.0001710338166418231,4.508393257215037e-05
19.47640009535572,0.00013403476634255538,4.5072419982880706e-05
19.47840009535572,9.703571604328771e-05,4.506090739361105e-05
19.48040009535572,8.717555924187078e-05,4.4756446446423073e-05
19.48240009535572,8.896528149006924e-05,4.432623192207389e-05
19.48440009535572,9.075500373826451e-05,4.3896017397725473e-05
19.48640009535572,9.852996228119363e-05,4.378892917440635e-05
19.488400095355722,0.00010887419608126749,4.382054899355703e-05
19.49040009535572,0.00011921842988132297,4.385216881270765e-05
19.49240009535572,0.00010528375984612233,4.39295460837014e-05
19.49440009535572,8.092691237911122e-05,4.4026565603998196e-05
19.496400095355717,5.657006491210012e-05,4.412358512429499e-05
19.49840009535572,7.085117490103838e-05,4.4503452897959286e-05
19.50040009535572,0.00010171835899425578,4.5004738634670454e-05
19.502400095355718,0.00013258554308747322,4.5506024371381616e-05
19.50440009535572,0.00015403115686180054,4.554797503466082e-05
19.50640009535572,0.00017143238285863342,4.5392747404528155e-05
19.508400095355718,0.00018883360885546633,4.5237519774395495e-05
19.510400095355717,0.00018054003913336094,4.512664961092908e-05
19.512400095355716,0.0001612164895747386,4.503482073381028e-05
19.514400095355718,0.00014189294001608192,4.4942991856691334e-05
19.516400095355717,0.000130614434087476,4.522787190985222e-05
19.518400095355716,0.00012278941660086475,4.567446145727404e-05
19.52040009535572,0.00011496439911423959,4.6121051004696656e-05
19.522400095355717,7.532146865243466e-05,4.6148084872622344e-05
19.524400095355716,2.202009040618713e-05,4.599501643950987e-05
19.526400095355715,-3.1281287840060395e-05,4.58419480063974e-05
19.528400095355714,-3.721142564193747e-05,4.579779766842426e-05
19.530400095355716,-2.280654980223415e-05,4.580040251206963e-05
19.532400095355715,-8.40167396255642e-06,4.5803007355715e-05
19.534400095355714,-2.2660367928278837e-05,4.5727795043420406e-05
19.536400095355717,-4.922345058785619e-05,4.561917822009533e-05
19.538400095355716,-7.578653324738637e-05,4.551056139677045e-05
19.540400095355714,-7.409882699203297e-05,4.603502551466796e-05
19.542400095355713,-6.028392467509814e-05,4.6831251837868355e-05
19.544400095355712,-4.646902235816331e-05,4.762747816106875e-05
19.546400095355715,-4.351348314933081e-05,4.8042398027544245e-05
19.548400095355714,-4.5219535595692405e-05,4.8293634722267e-05
19.550400095355712,-4.692558804205401e-05,4.854487141698977e-05
19.552400095355715,-4.9278357581095415e-05,4.8908977754096403e-05
19.554400095355714,-5.190874297537306e-05,4.932153557432504e-05
19.556400095355713,-5.45391283696507e-05,4.973409339455368e-05
19.55840009535571,-3.76186134394678e-05,4.9580983801804646e-05
19.56040009535571,-1.2305494309895377e-05,4.918505047066878e-05
19.562400095355713,1.3007624819722021e-05,4.878911713953219e-05
19.564400095355712,3.518326487508553e-05,4.804096188447086e-05
19.56640009535571,5.6012080851540386e-05,4.714160849962377e-05
19.568400095355713,7.684089682803225e-05,4.6242255114775085e-05
19.570400095355712,7.932562983781334e-05,4.5503977017338047e-05
19.57240009535571,7.393580651540027e-05,4.483484363685084e-05
19.57440009535571,6.85459831929872e-05,4.416571025636364e-05
19.57640009535571,8.9096985282267e-05,4.40433363928163e-05
19.57840009535571,0.00012078359533476793,4.415566977293411e-05
19.58040009535571,0.0001524702053872126,4.4268003153051696e-05
19.58240009535571,0.00010634845240334426,4.473068090980238e-05
19.58440009535571,2.6825929752558568e-05,4.534375087853927e-05
19.58640009535571,-5.269659289808585e-05,4.595682084727506e-05
19.58840009535571,-7.127814750022401e-05,4.645086984743479e-05
19.590400095355708,-6.369959012720401e-05,4.689382675035602e-05
19.592400095355707,-5.6121032754184e-05,4.733678365327727e-05
19.59440009535571,-1.798274827425896e-05,4.746558675605158e-05
19.59640009535571,3.3273903173900684e-05,4.7459533129889276e-05
19.598400095355707,8.45305546220603e-05,4.745347950372698e-05
19.60040009535571,0.000117228351743517,4.693331122048429e-05
19.60240009535571,0.00014195939278332752,4.6192449030236904e-05
19.604400095355707,0.00016669043382313805,4.5451586839989515e-05
19.606400095355706,0.00016915441399030937,4.509936041341639e-05
19.608400095355705,0.000162059815728082,4.491396361239633e-05
19.610400095355708,0.000154965217465842,4.472856681137594e-05
19.612400095355706,0.00017034282231121164,4.520782364820059e-05
19.614400095355705,0.0001953670681645636,4.597239630422813e-05
19.616400095355708,0.00022039131401796,4.673696896025701e-05
19.618400095355707,0.00020050068440422524,4.695408511442895e-05
19.620400095355706,0.00016132944704384697,4.693619462635021e-05
19.622400095355705,0.00012215820968346867,4.691830413827148e-05
19.624400095355703,0.00010784947629239711,4.706074125130637e-05
19.626400095355706,0.00010421347083684564,4.727200219919567e-05
19.628400095355705,0.0001005774653813006,4.74832631470846e-05
19.630400095355704,5.390619287827243e-05,4.741625508133249e-05
19.632400095355706,-1.1238832485598296e-05,4.7229794451683304e-05
19.634400095355705,-7.638385784935328e-05,4.704333382203446e-05
19.636400095355704,-8.040828083739631e-05,4.6994203811662945e-05
19.638400095355703,-5.819545422592315e-05,4.7004025735591534e-05
19.6404000953557,-3.598262761444998e-05,4.701384765952013e-05
19.642400095355704,-1.8352963835968533e-05,4.723245706290821e-05
19.644400095355703,-2.6907152572108605e-06,4.7540692708163964e-05
19.646400095355702,1.2971533321546812e-05,4.7848928353419725e-05
19.648400095355704,-5.155503394118789e-06,4.782944291696899e-05
19.650400095355703,-3.778727497220784e-05,4.7669276570650734e-05
19.652400095355702,-7.041904655029688e-05,4.750911022433248e-05
19.6544000953557,-7.238422714392832e-05,4.701136346698716e-05
19.6564000953557,-6.118515100086342e-05,4.636870346505292e-05
19.658400095355702,-4.998607485777863e-05,4.572604346311752e-05
19.6604000953557,-4.353948206997357e-05,4.5604184710446034e-05
19.6624000953557,-3.913298949483861e-05,4.57058904944507e-05
19.664400095355703,-3.472649691969582e-05,4.580759627845555e-05
19.6664000953557,-2.9494379594291807e-05,4.685454626319135e-05
19.6684000953557,-2.390784599602159e-05,4.83072616110202e-05
19.6704000953557,-1.8321312397751374e-05,4.975997695884904e-05
19.672400095355698,1.1309496111992775e-05,5.104013077630085e-05
19.6744000953557,5.126180158842343e-05,5.2246209026123905e-05
19.6764000953557,9.12141070647831e-05,5.345228727594481e-05
19.6784000953557,0.00010832331509619152,5.370997911083285e-05
19.6804000953557,0.00011562665494848398,5.356055662201213e-05
19.6824000953557,0.00012292999480076344,5.341113413319167e-05
19.6844000953557,0.0001248699882385818,5.240926106067218e-05
19.686400095355697,0.00012450765491916484,5.104145604260852e-05
19.688400095355696,0.0001241453215997479,4.9673651024544864e-05
19.6904000953557,0.00012881585297522458,4.9306214265342155e-05
19.692400095355698,0.00013564684530084346,4.936820620928743e-05
19.694400095355697,0.00014247783762646234,4.943019815323271e-05
19.6964000953557,0.00013165088268907843,4.9650965613553744e-05
19.698400095355698,0.00011324388883383908,4.993989074675713e-05
19.700400095355697,9.483689497859966e-05,5.02288158799605e-05
19.702400095355696,7.573812686532388e-05,5.04728754602686e-05
19.704400095355695,5.6342400313392925e-05,5.0697675572068853e-05
19.706400095355697,3.694667376142751e-05,5.0922475683869516e-05
19.708400095355696,3.702585356794403e-05,5.0758706379216544e-05
19.710400095355695,4.546504162223429e-05,5.042813557798165e-05
19.712400095355697,5.3904229676539544e-05,5.009756477674617e-05
19.714400095355696,6.96338592881114e-05,5.033748685732451e-05
19.716400095355695,8.849306282370396e-05,5.0822304892795854e-05
19.718400095355694,0.00010735226635929651,5.13071229282672e-05
19.720400095355693,0.0001254080891172293,5.0990804917677146e-05
19.722400095355695,0.00014311904389633455,5.033058252615081e-05
19.724400095355694,0.00016082999867540835,4.967036013462565e-05
19.726400095355693,0.00015823308279175162,4.9082118477001005e-05
19.728400095355695,0.00014691858817798725,4.852477605668333e-05
19.730400095355694,0.000135604093564243,4.796743363636665e-05
19.732400095355693,0.00012023385239486557,4.7404633635049515e-05
19.734400095355692,0.00010312259687283938,4.68394908525151e-05
19.73640009535569,8.601134135081318e-05,4.6274348069980686e-05
19.738400095355694,8.197043062964355e-05,4.620405919265771e-05
19.740400095355692,8.354024050071178e-05,4.634619676914449e-05
19.74240009535569,8.511005037178e-05,4.648833434563125e-05
19.744400095355694,0.00011891378952367306,4.670093000460216e-05
19.746400095355693,0.00016655462295123358,4.694377128213576e-05
19.74840009535569,0.0002141954563787941,4.7186612559669355e-05
19.75040009535569,0.00026921820556714853,4.765798293138022e-05
19.75240009535569,0.0003274097982465605,4.82274542508758e-05
19.75440009535569,0.00038560139092607575,4.879692557037239e-05
19.75640009535569,0.00035112854263291856,4.9756229107785575e-05
19.75840009535569,0.0002768775179712979,5.088287639168534e-05
19.760400095355692,0.00020262649330954525,5.200952367558711e-05
19.76240009535569,0.00017375212348745545,5.295672522462323e-05
19.76440009535569,0.00016435664744866827,5.382689587700915e-05
19.76640009535569,0.0001549611714098811,5.469706652939508e-05
19.768400095355688,0.00012854655346120032,5.4564162433607155e-05
19.77040009535569,9.482610611928539e-05,5.400066712366897e-05
19.77240009535569,6.110565877743036e-05,5.34371718137318e-05
19.774400095355688,9.123509924106592e-05,5.282214779449377e-05
19.77640009535569,0.00014877346827672162,5.2185003975812974e-05
19.77840009535569,0.0002063118373122751,5.1547860157133304e-05
19.780400095355688,0.0001489285266797738,5.094822318965375e-05
19.782400095355687,4.221262348392545e-05,5.036468684143012e-05
19.784400095355686,-6.450327971192291e-05,4.97811504932065e-05
19.786400095355688,-9.794986130289825e-05,5.013643193361535e-05
19.788400095355687,-9.99440132990743e-05,5.089472106881904e-05
19.790400095355686,-0.00010193816529525033,5.165301020402273e-05
19.79240009535569,-4.134110670795997e-05,5.1981635655018154e-05
19.794400095355687,4.612457636350975e-05,5.212581872060541e-05
19.796400095355686,0.00013359025943497947,5.227000178619266e-05
19.798400095355685,0.00014069831097170162,5.277813549519091e-05
19.800400095355684,0.00011331111510916063,5.3442502871680374e-05
19.802400095355686,8.5923919246571e-05,5.410687024817102e-05
19.804400095355685,0.0001197113091012009,5.478172780463668e-05
19.806400095355684,0.00017975921323962565,5.5461088497786874e-05
19.808400095355687,0.00023980711737815708,5.614044919093828e-05
19.810400095355686,0.00020724869381865318,5.626845875039389e-05
19.812400095355684,0.00013493699584696858,5.61597888791877e-05
19.814400095355683,6.2625297875284e-05,5.605111900798149e-05
19.816400095355682,7.033478477761737e-05,5.707045103049816e-05
19.818400095355685,0.00011239510487844883,5.8574002387682234e-05
19.820400095355684,0.00015445542497920556,6.007755374486363e-05
19.822400095355682,0.00021545238398466623,5.999285929514012e-05
19.824400095355685,0.0002845783079149844,5.92263757211066e-05
19.826400095355684,0.0003537042318451798,5.8459892147074455e-05
19.828400095355683,0.00038450247406902676,5.77392223622305e-05
19.83040009535568,0.0003988477216263583,5.7038219147228696e-05
19.83240009535568,0.00041319296918368984,5.63372159322269e-05
19.834400095355683,0.00033298629291973845,5.575689899130421e-05
19.836400095355682,0.00021219113276807895,5.522838927643385e-05
19.83840009535568,9.139597261641945e-05,5.469987956156347e-05
19.840400095355683,0.0001009737789865663,5.475020134077618e-05
19.842400095355682,0.00016651704321195824,5.504899924545908e-05
19.84440009535568,0.00023206030743735018,5.534779715014199e-05
19.84640009535568,0.00016716664619264107,5.5937753728187384e-05
19.84840009535568,4.628006436149584e-05,5.665269657386276e-05
19.85040009535568,-7.460651746986417e-05,5.73676394195394e-05
19.85240009535568,-1.312182472677186e-05,5.767896982681815e-05
19.85440009535568,0.00012664976051147465,5.781704069172524e-05
19.85640009535568,0.00026642134574996943,5.7955111556632574e-05
19.85840009535568,0.0003259669095825188,5.782339249287971e-05
19.86040009535568,0.00035107367976645334,5.757586013664645e-05
19.862400095355678,0.00037618044995038787,5.732832778041319e-05
19.864400095355677,0.00036455174038660604,5.685394931462127e-05
19.86640009535568,0.0003371535118878445,5.6282192128186395e-05
19.86840009535568,0.0003097552833891316,5.5710434941752536e-05
19.870400095355677,0.0002623076035599461,5.5570236891505386e-05
19.87240009535568,0.0002062532512768213,5.561529518909542e-05
19.87440009535568,0.0001501988989937961,5.566035348668537e-05
19.876400095355677,7.557583091341073e-05,5.597212374849712e-05
19.878400095355676,-7.0182719825560725e-06,5.639838606111865e-05
19.880400095355675,-8.961237487852285e-05,5.68246483737402e-05
19.882400095355678,-7.973208039903067e-05,5.715915811871224e-05
19.884400095355677,-3.015508634463039e-05,5.74542810256333e-05
19.886400095355675,1.9421907709769886e-05,5.7749403932554375e-05
19.888400095355678,9.60533574678372e-05,5.78690842190796e-05
19.890400095355677,0.00018429853777163343,5.791345183467645e-05
19.892400095355676,0.0002725437180754296,5.79578194502733e-05
19.894400095355675,0.00027634935994893194,5.8069418315123015e-05
19.896400095355673,0.00024390743583219883,5.820987770182306e-05
19.898400095355676,0.0002114655117154081,5.835033708852334e-05
19.900400095355675,0.00019469603318564505,5.901891284177635e-05
19.902400095355674,0.0001846543043179975,5.991419442003397e-05
19.904400095355676,0.00017461257545033212,6.0809475998293177e-05
19.906400095355675,0.00024698539632370353,6.168234655056286e-05
19.908400095355674,0.00035473652014910063,6.2545596664823e-05
19.910400095355673,0.0004624876439744977,6.340884677908313e-05
19.91240009535567,0.0004990950390367025,6.264315640509684e-05
19.914400095355674,0.0005051623812855372,6.11782065263596e-05
19.916400095355673,0.0005112297235343611,5.9713256647624955e-05
19.918400095355672,0.0004669834434231332,5.982126519012915e-05
19.920400095355674,0.0004011389015745572,6.060450175419481e-05
19.922400095355673,0.00033529435972609806,6.138773831825907e-05
19.924400095355672,0.000292496804794424,6.190279233241557e-05
19.92640009535567,0.00025959269211757555,6.230272289981333e-05
19.92840009535567,0.00022668857944072713,6.270265346721108e-05
19.930400095355672,0.0001999715771026513,6.282920103762911e-05
19.93240009535567,0.00017591053264229725,6.283839273677768e-05
19.93440009535567,0.0001518494881819432,6.284758443592625e-05
19.936400095355673,0.00012684476520296274,6.291135233179393e-05
19.93840009535567,0.00010143494669975584,6.299854830468907e-05
19.94040009535567,7.602512819654892e-05,6.308574427758421e-05
19.94240009535567,2.6443014932355215e-05,6.29736154705092e-05
19.944400095355668,-3.3515608384310764e-05,6.277592194549913e-05
19.94640009535567,-9.347423170108325e-05,6.257822842048871e-05
19.94840009535567,-5.983187258494675e-05,6.24364440417838e-05
19.95040009535567,1.3990852742086463e-05,6.231865994507051e-05
19.95240009535567,8.781357806925084e-05,6.220087584835701e-05
19.95440009535567,0.00012110569700645142,6.197577007001393e-05
19.95640009535567,0.00013699912239089148,6.170459399525622e-05
19.958400095355668,0.00015289254777533156,6.143341792049852e-05
19.960400095355666,0.00017415578477999628,6.085399340287298e-05
19.96240009535567,0.00019772413702310814,6.014224614599156e-05
19.964400095355668,0.00022129248926617813,5.943049888911139e-05
19.966400095355667,0.000216270983807539,5.917852332428622e-05
19.96840009535567,0.00019897662233629,5.912391536562825e-05
19.970400095355668,0.0001816822608650717,5.90693074069704e-05
19.972400095355667,0.00012563910535437278,5.929491578566656e-05
19.974400095355666,5.2962133967861665e-05,5.9640813506946965e-05
19.976400095355665,-1.9714837418649474e-05,5.998671122822737e-05
19.978400095355667,-2.7840882362486127e-05,6.0203725078799396e-05
19.980400095355666,-8.256946004256664e-06,6.036541254066852e-05
19.982400095355665,1.13269903539728e-05,6.052710000253764e-05
19.984400095355667,2.7121699674346916e-05,6.100926646475423e-05
19.986400095355666,4.12897952621687e-05,6.162900598283009e-05
19.988400095355665,5.545789084999049e-05,6.224874550090594e-05
19.990400095355664,6.614421995641674e-05,6.230697873225397e-05
19.992400095355663,7.533591973124525e-05,6.21241723159104e-05
19.994400095355665,8.452761950609009e-05,6.194136589956651e-05
19.996400095355664,0.0001212362079530055,6.190738648084447e-05
19.998400095355663,0.00016975706303155137,6.19372945240677e-05
20.000400095355666,0.00021827791811018343,6.1967202567291e-05
20.002400095355664,0.00017148055927342082,6.147826998890589e-05
20.004400095355663,8.376562756870246e-05,6.0766612937731366e-05
20.006400095355662,-3.949304136015904e-06,6.0054955886556864e-05
20.00840009535566,6.42883329031354e-05,5.965780010785643e-05
20.010400095355664,0.00019947226619938403,5.939565137347545e-05
20.012400095355662,0.0003346561994953925,5.9133502639094935e-05
20.01440009535566,0.0003621318413529129,5.877156763440288e-05
20.016400095355664,0.00034337116827923086,5.8366797028492125e-05
20.018400095355663,0.00032461049520558213,5.7962026422582084e-05
20.02040009535566,0.00031748221624580865,5.799921123811755e-05
20.02240009535566,0.0003153474164064675,5.822611582651711e-05
20.02440009535566,0.00031321261656712634,5.8453020414916676e-05
20.026400095355662,0.00028924057418692475,5.88531550327244e-05
20.02840009535566,0.0002558943800078134,5.9327652729512994e-05
20.03040009535566,0.0002225481858287021,5.980215042630157e-05
20.032400095355662,0.00021388792851458665,5.9850708396923686e-05
20.03440009535566,0.00021582469359258388,5.97164216636743e-05
20.03640009535566,0.0002177614586705811,5.958213493042494e-05
20.03840009535566,0.00020456404374955328,5.916194858120897e-05
20.040400095355658,0.00018486992322990729,5.861903304310977e-05
20.04240009535566,0.0001651758027102263,5.807611750500961e-05
20.04440009535566,0.00015274420797392832,5.771033103918606e-05
20.046400095355658,0.00014343022501273268,5.742058143683304e-05
20.04840009535566,0.00013411624205152047,5.713083183447951e-05
20.05040009535566,0.00020846658114224574,5.779344115389869e-05
20.052400095355658,0.00031873182308305456,5.886487322254942e-05
20.054400095355657,0.00042899706502386333,5.993630529120015e-05
20.056400095355656,0.00042077806353863026,6.037290456041515e-05
20.05840009535566,0.00036169687234508045,6.0536986697020744e-05
20.060400095355657,0.00030261568115163553,6.0701068833626035e-05
20.062400095355656,0.00026074162651025046,6.035889380229701e-05
20.06440009535566,0.00022625414688463163,5.97993957703077e-05
20.066400095355657,0.000191766667259074,5.9239897738319406e-05
20.068400095355656,0.00025109573287200414,5.93147095500822e-05
20.070400095355655,0.0003506977999237735,5.9661814070824176e-05
20.072400095355654,0.0004502998669755428,6.000891859156617e-05
20.074400095355657,0.0005014463140298633,6.041216289841936e-05
20.076400095355655,0.0005317920218211379,6.083950655748775e-05
20.078400095355654,0.0005621377296124124,6.126685021655614e-05
20.080400095355657,0.0004904664619484997,6.173074820136773e-05
20.082400095355656,0.00037500195068828756,6.221033801084393e-05
20.084400095355655,0.00025953743942807553,6.268992782032014e-05
20.086400095355653,0.00021536142383548834,6.278475880292039e-05
20.088400095355652,0.00020178771565198321,6.271442277241221e-05
20.090400095355655,0.00018821400746845394,6.264408674190391e-05
20.092400095355654,0.00017062608643889337,6.218931429550887e-05
20.094400095355653,0.00015131496744289627,6.156951321822514e-05
20.096400095355655,0.0001320038484468649,6.094971214094032e-05
20.098400095355654,0.0001190108746891768,6.000451770095851e-05
20.100400095355653,0.00010873011794511098,5.891964027156416e-05
20.10240009535565,9.844936120104515e-05,5.7834762842169806e-05
20.10440009535565,0.00010852980158005139,5.73381488116854e-05
20.106400095355653,0.00012735078052316192,5.7094061137726886e-05
20.108400095355652,0.00014617175946623904,5.684997346376881e-05
20.11040009535565,0.00013586762905762006,5.625659273863804e-05
20.112400095355653,0.00011306083627989488,5.5513269466202914e-05
20.114400095355652,9.02540435022102e-05,5.47699461937691e-05
20.11640009535565,4.6542834295563355e-05,5.4541545872251194e-05
20.11840009535565,-6.142105787458379e-06,5.453418879292522e-05
20.12040009535565,-5.8827045870480114e-05,5.4526831713599264e-05
20.12240009535565,-4.424034167048555e-05,5.4513746400384484e-05
20.12440009535565,-7.756389686334077e-07,5.449820210268347e-05
20.12640009535565,4.268906373321873e-05,5.4482657804982446e-05
20.12840009535565,7.044381912268509e-06,5.45735475374797e-05
20.13040009535565,-6.255994212605497e-05,5.471012668605672e-05
20.13240009535565,-0.00013216426616437845,5.484670583463376e-05
20.134400095355648,-9.454089310332735e-05,5.515243095765329e-05
20.136400095355647,-1.0887397279812108e-05,5.5530766144853815e-05
20.13840009535565,7.276609854385175e-05,5.5909101332055e-05
20.14040009535565,9.286057316849964e-05,5.5857792447330924e-05
20.142400095355647,8.567077338814655e-05,5.562204826870584e-05
20.14440009535565,7.848097360778068e-05,5.538630409008035e-05
20.14640009535565,7.533716671646029e-05,5.525737287269322e-05
20.148400095355647,7.39302020835926e-05,5.5174293753892695e-05
20.150400095355646,7.25232374507249e-05,5.5091214635092155e-05
20.152400095355645,8.61069713237425e-05,5.512682056230024e-05
20.154400095355648,0.00010612583313548403,5.5213374979678853e-05
20.156400095355647,0.00012614469494718995,5.5299929397057334e-05
20.158400095355645,0.00011530963474592432,5.518898942913312e-05
20.160400095355648,9.122976409601285e-05,5.499327010327482e-05
20.162400095355647,6.714989344614415e-05,5.4797550777416877e-05
20.164400095355646,4.917602766097423e-05,5.514100650239052e-05
20.166400095355645,3.382331606920177e-05,5.571591650504302e-05
20.168400095355643,1.8470604477429297e-05,5.6290826507695514e-05
20.170400095355646,8.833196326306753e-05,5.604802059757321e-05
20.172400095355645,0.0001947735820670726,5.545418978536523e-05
20.174400095355644,0.0003012152008710777,5.486035897315726e-05
20.176400095355646,0.00031622867139762445,5.4635256440738186e-05
20.178400095355645,0.0002919943294769578,5.456843971681278e-05
20.180400095355644,0.0002677599875562912,5.4501622992887366e-05
20.182400095355643,0.00023423597285408948,5.4362247750360265e-05
20.18440009535564,0.00019672413397366496,5.419172495058109e-05
20.186400095355644,0.0001592122950931738,5.40212021508016e-05
20.188400095355643,0.00011511244918885705,5.426682251162539e-05
20.190400095355642,6.818453629290128e-05,5.469108274517996e-05
20.192400095355644,2.125662339686214e-05,5.511534297873527e-05
20.194400095355643,6.682973561237905e-05,5.602389188121865e-05
20.196400095355642,0.00015211123419156986,5.714033384817564e-05
20.19840009535564,0.0002373927327707607,5.8256775815132635e-05
20.20040009535564,0.00020562491562953265,5.924031545809463e-05
20.202400095355642,0.00012361073609985925,6.0166803436188665e-05
20.20440009535564,4.1596556570331516e-05,6.109329141428105e-05
20.20640009535564,6.129004436837301e-05,6.190817262551117e-05
20.208400095355643,0.00012464411158033764,6.267514381937871e-05
20.21040009535564,0.00018799817879218972,6.344211501324489e-05
20.21240009535564,0.00016790196247499126,6.379269626262735e-05
20.21440009535564,0.00011198260441216795,6.396453161239283e-05
20.216400095355638,5.6063246349344646e-05,6.41363669621583e-05
20.21840009535564,1.1122197962374213e-05,6.390663344036622e-05
20.22040009535564,-2.9106133153552754e-05,6.35045163174253e-05
20.22240009535564,-6.933446426947971e-05,6.31023991944844e-05
20.22440009535564,1.852321942337358e-05,6.289353058899523e-05
20.22640009535564,0.00016136507343815796,6.276761881071316e-05
20.22840009535564,0.0003042069274529423,6.26417070324311e-05
20.230400095355638,0.00032596539347929786,6.258258275681114e-05
20.232400095355636,0.00029574573789402765,6.255212871410407e-05
20.23440009535564,0.0002655260823087037,6.252167467139694e-05
20.236400095355638,0.00020846016236655487,6.182425303202845e-05
20.238400095355637,0.0001398697997249944,6.0840518565373815e-05
20.24040009535564,7.127943708331211e-05,5.985678409871745e-05
20.242400095355638,7.234872798987141e-05,5.9278634934979163e-05
20.244400095355637,0.00010332120299407368,5.887459361362382e-05
20.246400095355636,0.00013429367799827594,5.847055229226846e-05
20.248400095355635,0.0001346096679745298,5.813657456877929e-05
20.250400095355637,0.0001217655777227927,5.783267343652757e-05
20.252400095355636,0.00010892148747107839,5.7528772304276367e-05
20.254400095355635,0.00011486162016626177,5.708533837873519e-05
20.256400095355637,0.0001288653619625202,5.658200642573415e-05
20.258400095355636,0.00014286910375875376,5.607867447273401e-05
20.260400095355635,0.0001253918096484202,5.59009346329951e-05
20.262400095355634,9.440047240381609e-05,5.5862963569475906e-05
20.264400095355633,6.340913515921198e-05,5.582499250595671e-05
20.266400095355635,0.00011640038991627332,5.571928821999193e-05
20.268400095355634,0.00020544333353957848,5.558450770521231e-05
20.270400095355633,0.0002944862771628836,5.544972719043271e-05
20.272400095355636,0.0002719113818101267,5.4860999883343006e-05
20.274400095355634,0.00020142165070258678,5.4077404209383444e-05
20.276400095355633,0.00013093191959504685,5.329380853542388e-05
20.278400095355632,7.939479369056914e-05,5.297699034524718e-05
20.28040009535563,3.59935633244341e-05,5.28605484519974e-05
20.282400095355634,-7.407667041778033e-06,5.2744106558747423e-05
20.284400095355632,2.5232676318659684e-06,5.2710019495433203e-05
20.28640009535563,3.534841514820278e-05,5.271128537538996e-05
20.288400095355634,6.81735626645979e-05,5.2712551255346715e-05
20.290400095355633,4.276905549190696e-05,5.2606831727320945e-05
20.29240009535563,-7.632041874232649e-06,5.245518593690704e-05
20.29440009535563,-5.803313924037226e-05,5.230354014649314e-05
20.29640009535563,-2.959206253048968e-05,5.2314227207476365e-05
20.298400095355632,3.269406736549622e-05,5.239459986571472e-05
20.30040009535563,9.498019726137146e-05,5.247497252395294e-05
20.30240009535563,0.00016883074297343803,5.28054987576579e-05
20.304400095355632,0.00024764561547543505,5.324340993116428e-05
20.30640009535563,0.000326460487977292,5.368132110466988e-05
20.30840009535563,0.0002989655206342321,5.392259498824691e-05
20.31040009535563,0.00022583427906471126,5.4079457181434625e-05
20.312400095355628,0.0001527030374951904,5.423631937462232e-05
20.31440009535563,0.00016507568493314003,5.4397392166110696e-05
20.31640009535563,0.0002141531135661192,5.456027246707128e-05
20.318400095355628,0.0002632305421990984,5.472315276803186e-05
20.32040009535563,0.000196187058674673,5.458571641336091e-05
20.32240009535563,7.929562962029268e-05,5.431936126177784e-05
20.324400095355628,-3.7595799434087635e-05,5.405300611019477e-05
20.326400095355627,-5.079590770263082e-06,5.398168388465373e-05
20.328400095355626,9.157377090554215e-05,5.399408466558661e-05
20.33040009535563,0.00018822713258151902,5.400648544651951e-05
20.332400095355627,0.00016650820802599752,5.420933609723444e-05
20.334400095355626,9.397486399048097e-05,5.449394236728498e-05
20.33640009535563,2.1441519954835562e-05,5.477854863733601e-05
20.338400095355627,1.202188387619835e-06,5.518988031447204e-05
20.340400095355626,3.4114408615861535e-06,5.565561221482359e-05
20.342400095355625,5.6206933355524725e-06,5.612134411517513e-05
20.344400095355624,7.553007525004256e-06,5.6283370454301515e-05
20.346400095355627,9.366438637176858e-06,5.631502315523807e-05
20.348400095355625,1.117986974934624e-05,5.634667585617456e-05
20.350400095355624,1.1304826587952904e-05,5.619631164100416e-05
20.352400095355627,1.0704961133336193e-05,5.5967811844733015e-05
20.354400095355626,1.0105095678720547e-05,5.573931204846226e-05
20.356400095355625,-2.077853255498926e-05,5.637454805158833e-05
20.358400095355623,-6.466226949781179e-05,5.738056556459543e-05
20.360400095355622,-0.00010854600644063432,5.8386583077602524e-05
20.362400095355625,-6.6252679446975e-05,5.886699611585398e-05
20.364400095355624,1.3034443416970389e-05,5.9121779459154256e-05
20.366400095355623,9.232156628091577e-05,5.9376562802454504e-05
20.368400095355625,0.00010232512100345398,5.989739421617091e-05
20.370400095355624,8.25868583797126e-05,6.053243385166075e-05
20.372400095355623,6.284859575597125e-05,6.116747348715059e-05
20.37440009535562,3.7293847313304044e-05,6.136820543192475e-05
20.37640009535562,9.242217071191809e-06,6.13824992073186e-05
20.378400095355623,-1.880941317097025e-05,6.13967929827125e-05
20.380400095355622,-3.40278896623134e-05,6.123980655389678e-05
20.38240009535562,-4.3737391662246626e-05,6.1009293516252134e-05
20.384400095355623,-5.34468936621971e-05,6.077878047860709e-05
20.386400095355622,1.748722562727178e-06,6.034753423343949e-05
20.38840009535562,8.480660023803667e-05,5.983011787930757e-05
20.39040009535562,0.00016786447791334615,5.9312701525175614e-05
20.39240009535562,0.00021430438399747278,5.867185923413698e-05
20.39440009535562,0.00024502504246654244,5.7978033045298946e-05
20.39640009535562,0.00027574570093555757,5.728420685646212e-05
20.39840009535562,0.000260581711456339,5.7412190166293186e-05
20.40040009535562,0.0002257205022514887,5.789295731541889e-05
20.40240009535562,0.00019085929304670028,5.837372446454376e-05
20.40440009535562,0.00017384442637709404,5.843336523867422e-05
20.406400095355618,0.0001644905833734394,5.8312226162881486e-05
20.408400095355617,0.0001551367403697847,5.819108708708874e-05
20.41040009535562,0.0001006366454089675,5.897124744723175e-05
20.41240009535562,2.675630225944714e-05,6.013831493706037e-05
20.414400095355617,-4.712404089007323e-05,6.1305382426889e-05
20.41640009535562,-2.5674089002589632e-05,6.138434075850717e-05
20.41840009535562,3.669897226616236e-05,6.0996198782893524e-05
20.420400095355618,9.907203353491435e-05,6.060805680727987e-05
20.422400095355616,0.000132794726408332,6.005876479864028e-05
20.424400095355615,0.00015421847166283088,5.9440294768007204e-05
20.426400095355618,0.00017564221691736785,5.8821824737373045e-05
20.428400095355617,0.00017999954575345924,5.7922499852873724e-05
20.430400095355616,0.00017703065159920087,5.690261039073252e-05
20.432400095355618,0.00017406175744493724,5.5882720928589495e-05
20.434400095355617,0.0002086367583101046,5.57250696887399e-05
20.436400095355616,0.00025932849828604645,5.593755768118951e-05
20.438400095355615,0.0003100202382619883,5.615004567363913e-05
20.440400095355614,0.0002793186071909855,5.580113098736544e-05
20.442400095355616,0.0002136766512380544,5.521121888653715e-05
20.444400095355615,0.00014803469528523993,5.462130678570991e-05
20.446400095355614,0.00011514315863484782,5.443600460726696e-05
20.448400095355616,9.63106346254447e-05,5.4424392297065275e-05
20.450400095355615,7.747811061607502e-05,5.44127799868636e-05
20.452400095355614,0.00012353654101657707,5.440542136120387e-05
20.454400095355613,0.00019745119069547966,5.439988874612481e-05
20.45640009535561,0.00027136584037438225,5.439435613104574e-05
20.458400095355614,0.0002522162290665923,5.445402140591783e-05
20.460400095355613,0.00019311623012247426,5.4541674664028486e-05
20.462400095355612,0.0001340162311783562,5.462932792213917e-05
20.464400095355614,0.00017337616249373585,5.446562108457451e-05
20.466400095355613,0.0002550027257782161,5.419401101543526e-05
20.468400095355612,0.0003366292890626964,5.3922400946296e-05
20.47040009535561,0.0003223441268003496,5.421446606002448e-05
20.47240009535561,0.0002668862143883734,5.4748504272844285e-05
20.474400095355612,0.0002114283019762987,5.528254248566502e-05
20.47640009535561,0.00016655300764617786,5.5995261011023594e-05
20.47840009535561,0.00012622059419735763,5.678468299193717e-05
20.480400095355613,8.588818074846573e-05,5.757410497285215e-05
20.48240009535561,4.105905656036809e-05,5.800465164520517e-05
20.48440009535561,-5.7004050568386865e-06,5.828114116764045e-05
20.48640009535561,-5.2459866674045485e-05,5.8557630690075735e-05
20.48840009535561,-3.0012296572615106e-05,5.853163951320438e-05
20.49040009535561,2.2144309312604782e-05,5.837580011576303e-05
20.49240009535561,7.430091519773203e-05,5.821996071832194e-05
20.49440009535561,0.00010372894363216894,5.8482346610033596e-05
20.49640009535561,0.00012340009927755592,5.892426731655328e-05
20.49840009535561,0.00014307125492290796,5.9366188023072176e-05
20.50040009535561,0.00010826910345851265,5.920125243810213e-05
20.502400095355608,5.008276990096629e-05,5.8775806912071224e-05
20.504400095355606,-8.103563656580097e-06,5.835036138604032e-05
20.50640009535561,-3.3296299736410335e-05,5.867059890694955e-05
20.508400095355608,-4.432561472030223e-05,5.9310941654485676e-05
20.510400095355607,-5.535492970419412e-05,5.995128440202182e-05
20.51240009535561,-1.5047337583145826e-05,5.983160154352162e-05
20.514400095355608,4.7298055168713056e-05,5.9385656474756914e-05
20.516400095355607,0.00010964344792057194,5.893971140599222e-05
20.518400095355606,9.781527788481071e-05,5.934347433718259e-05
20.520400095355605,5.414603124710403e-05,6.011199819529946e-05
20.522400095355607,1.0476784609319802e-05,6.0880522053417714e-05
20.524400095355606,2.903805926396056e-05,6.138754359939465e-05
20.526400095355605,7.431352920445716e-05,6.1782307949238e-05
20.528400095355607,0.0001195889991450342,6.217707229908204e-05
20.530400095355606,0.0001309264915351821,6.175291570973169e-05
20.532400095355605,0.00012769515413637368,6.097721431320992e-05
20.534400095355604,0.00012446381673756528,6.020151291668816e-05
20.536400095355603,0.00010646089079343512,6.02681083330425e-05
20.538400095355605,8.211684491601597e-05,6.069628335158127e-05
20.540400095355604,5.777279903864008e-05,6.112445837011926e-05
20.542400095355603,6.532383535839831e-05,6.095836576990676e-05
20.544400095355606,8.656673467385732e-05,6.053716704491855e-05
20.546400095355605,0.00010780963398927861,6.011596831993106e-05
20.548400095355603,7.815564041881631e-05,5.99397109636192e-05
20.550400095355602,2.6652718337212008e-05,5.986860160653027e-05
20.5524000953556,-2.4850203744392283e-05,5.979749224944133e-05
20.554400095355604,3.5182821439415616e-05,5.970024724456469e-05
20.556400095355603,0.00014309580750972246,5.9591782773457855e-05
20.5584000953556,0.0002510087935800293,5.9483318302351036e-05
20.560400095355604,0.0002916138057779106,5.911902917956524e-05
20.562400095355603,0.0003033249623596067,5.864492007374749e-05
20.5644000953556,0.0003150361189413028,5.8170810967929746e-05
20.5664000953556,0.0003211986331620228,5.818583432052601e-05
20.5684000953556,0.00032497923507852504,5.841083167131731e-05
20.570400095355602,0.0003287598369950341,5.8635829022109e-05
20.5724000953556,0.00031571969454975707,5.854534696939508e-05
20.5744000953556,0.0002954587690143499,5.831943640691252e-05
20.576400095355602,0.00027519784347890676,5.809352584442956e-05
20.5784000953556,0.00024589436110003516,5.779181742818078e-05
20.5804000953556,0.0002127091034414779,5.7457570622613955e-05
20.5824000953556,0.00017952384578292065,5.7123323817047146e-05
20.584400095355598,0.00018141875732712146,5.723575272536372e-05
20.5864000953556,0.0001983728333173382,5.7539929939982284e-05
20.5884000953556,0.0002153269093075248,5.784410715460032e-05
20.590400095355598,0.0002030886107001975,5.834137911833954e-05
20.5924000953556,0.0001783186500690429,5.8921542527805484e-05
20.5944000953556,0.0001535486894379323,5.950170593727039e-05
20.596400095355598,8.126617356158332e-05,6.000354605756323e-05
20.598400095355597,-1.1412468574303983e-05,6.0471763660886186e-05
20.600400095355596,-0.00010409111071019132,6.0939981264209137e-05
20.6024000953556,-9.250186450718323e-05,6.118219856536696e-05
20.604400095355597,-3.615263289998562e-05,6.132739874660914e-05
20.606400095355596,2.0196598707211975e-05,6.147259892785132e-05
20.6084000953556,2.4054694078770048e-05,6.143844618767775e-05
20.610400095355597,5.379458999807879e-06,6.132730104582747e-05
20.612400095355596,-1.3295776079154297e-05,6.12161559039772e-05
20.614400095355595,1.3121079985804721e-05,6.113765306164073e-05
20.616400095355594,5.889501592003155e-05,6.107316286726036e-05
20.618400095355597,0.0001046689518543397,6.100867267287988e-05
20.620400095355595,0.00012533415646572493,6.112606342551654e-05
20.622400095355594,0.00013522071307884876,6.132153182693125e-05
20.624400095355597,0.00014510726969199015,6.151700022834631e-05
20.626400095355596,0.00012671593345591828,6.162193159954719e-05
20.628400095355595,9.618549361247754e-05,6.168799733122072e-05
20.630400095355593,6.565505376903678e-05,6.175406306289427e-05
20.632400095355592,9.434510938123762e-05,6.203004776854379e-05
20.634400095355595,0.0001484572791188977,6.239614627807952e-05
20.636400095355594,0.00020256944885646165,6.276224478761462e-05
20.638400095355593,0.00018208696964054053,6.29529167811411e-05
20.640400095355595,0.00012958257133120548,6.306828184875205e-05
20.642400095355594,7.707817302196371e-05,6.318364691636277e-05
20.644400095355593,6.693101678147303e-05,6.35873410253572e-05
20.64640009535559,7.496693889695987e-05,6.411480876303297e-05
20.64840009535559,8.30028610124467e-05,6.464227650070876e-05
20.650400095355593,9.708765266445804e-05,6.462172376527324e-05
20.652400095355592,0.00011376909785252949,6.436591727031051e-05
20.65440009535559,0.00013045054304060093,6.411011077534779e-05
20.656400095355593,9.658221287189058e-05,6.427408918757368e-05
20.658400095355592,4.1013915721822475e-05,6.461827252773418e-05
20.66040009535559,-1.4554381428245634e-05,6.49624558678947e-05
20.66240009535559,3.6497968636871606e-05,6.489634774418083e-05
20.66440009535559,0.00013332035021839818,6.465411000839905e-05
20.66640009535559,0.00023014273180009672,6.441187227261681e-05
20.66840009535559,0.00019475203190876065,6.478616425533507e-05
20.67040009535559,0.00010260499246272085,6.54251196863214e-05
20.67240009535559,1.0457953016517383e-05,6.606407511730885e-05
20.67440009535559,4.924063015750123e-05,6.625784101828554e-05
20.67640009535559,0.00014422873184287898,6.62604962440911e-05
20.678400095355588,0.00023921683352825675,6.626315146989666e-05
20.680400095355587,0.00033311200128966834,6.655385324430423e-05
20.68240009535559,0.00042653799502093636,6.696820747121759e-05
20.68440009535559,0.0005199639887520384,6.738256169813023e-05
20.686400095355587,0.00044080089582971594,6.688545974635514e-05
20.68840009535559,0.00028754885238035856,6.599708837517592e-05
20.69040009535559,0.00013429680893127342,6.510871700399828e-05
20.692400095355588,5.3801486666873334e-05,6.454869879762486e-05
20.694400095355586,-0.00013917586879705948,4.485221133571503e-05
20.696400095355585,-0.0001388215639706107,4.4317758186100826e-05
20.698400095355588,-0.00010588054852589697,4.378397533449224e-05
20.700400095355587,-7.379589609249026e-05,4.3443905622238866e-05
20.702400095355586,-4.7936779075685166e-05,4.318723602493483e-05
20.704400095355588,-2.4526384676897424e-05,4.308207143524512e-05
20.706400095355587,1.745258887860458e-05,4.355602114160663e-05
20.708400095355586,6.758538937903292e-05,4.4237183903668264e-05
20.710400095355585,0.00011205730675058937,4.472303573301023e-05
20.712400095355584,0.00015357774186247844,4.449039640474843e-05
20.714400095355586,0.0001953154312654154,4.398940726307645e-05
20.716400095355585,0.0002194583306908288,4.349702754916323e-05
20.718400095355584,0.00022774005199212503,4.35089377722314e-05
20.720400095355586,0.0002309855715482779,4.372000385560102e-05
20.722400095355585,0.00025570336636870016,4.414117773254334e-05
20.724400095355584,0.00025036819942055933,4.443444563255041e-05
20.726400095355583,0.00022744920902566178,4.463165546409139e-05
20.728400095355582,0.0001656252986208723,4.467262440133336e-05
20.730400095355584,0.00011108197637527522,4.462072666248977e-05
20.732400095355583,6.662618957505775e-05,4.455760889883563e-05
20.734400095355582,2.7564851328005876e-05,4.447374778972711e-05
20.736400095355584,-3.2388192022137946e-05,4.432457072067871e-05
20.738400095355583,-0.00010228630947517635,4.4151254512976224e-05
20.740400095355582,-0.00011630001861633372,4.419556418875291e-05
20.74240009535558,-7.160227163670718e-05,4.442242903286605e-05
20.74440009535558,-1.1917292584102292e-05,4.46873314034004e-05
20.746400095355582,1.97706813256612e-06,4.475870780099635e-05
20.74840009535558,-1.670370990035352e-06,4.5318148766498044e-05
20.75040009535558,-6.650437214547725e-06,4.6071757224482776e-05
20.752400095355583,5.561038361405805e-07,4.665598354416873e-05
20.75440009535558,-6.4103772463847735e-06,4.643938349112406e-05
20.75640009535558,-2.195605240174254e-05,4.591769728851707e-05
20.75840009535558,-3.20987809364865e-05,4.5653898294408664e-05
20.76040009535558,1.4470757364750286e-05,4.5741487094126835e-05
20.76240009535558,8.48744349120396e-05,4.593501779796382e-05
20.76440009535558,0.00011735183612601843,4.604198199585699e-05
20.76640009535558,8.59467189683221e-05,4.606273820248614e-05
20.76840009535558,3.433077736675808e-05,4.6062386313924054e-05
20.77040009535558,3.3053030185178105e-05,4.636121468433177e-05
20.77240009535558,4.799130854806609e-05,4.6812602303115286e-05
20.774400095355578,5.988475565638231e-05,4.726966773899252e-05
20.776400095355577,8.230869839366405e-05,4.754710372270805e-05
20.77840009535558,9.359148760895776e-05,4.798654043286533e-05
20.780400095355578,9.940867399262924e-05,4.852486120200707e-05
20.782400095355577,4.4828713805985875e-05,4.88421381228285e-05
20.78440009535558,7.212405927122114e-06,4.877554485987742e-05
20.786400095355578,-1.2112379048988635e-05,4.858779665868225e-05
20.788400095355577,5.469781954011405e-06,4.8498015813431486e-05
20.790400095355576,1.4120285025201998e-05,4.8384132749956545e-05
20.792400095355575,1.1943041810578939e-05,4.824041537277838e-05
20.794400095355577,3.2728344748585485e-06,4.8077615486026634e-05
20.796400095355576,-4.549858272873546e-06,4.8174392096484265e-05
20.798400095355575,-1.090397628839641e-05,4.838217137957457e-05
20.800400095355577,-4.784727284887913e-05,4.874310817810346e-05
20.802400095355576,-9.127056290411084e-05,4.887626025492368e-05
20.804400095355575,-0.00013034540503012535,4.887467463969314e-05
20.806400095355574,-0.00010139715679246666,4.880540600359092e-05
20.808400095355573,-5.472177482337271e-05,4.8974501824795554e-05
20.810400095355575,-1.2255386361449734e-05,4.925815097810938e-05
20.812400095355574,-2.0191419374114923e-05,4.984763860734853e-05
20.814400095355573,-3.114603874353409e-05,5.038303839249371e-05
20.816400095355576,-3.243905800059685e-05,5.082292405080942e-05
20.818400095355575,2.613489443617742e-05,5.09310558456159e-05
20.820400095355573,4.969393772411807e-05,5.0893881543754724e-05
20.822400095355572,4.6307958645937225e-05,5.085224084248952e-05
20.82440009535557,-1.1629837457194617e-05,5.0509994765256795e-05
20.826400095355574,-3.809657860525385e-05,5.0144662146326165e-05
20.828400095355573,-4.229308353371727e-05,4.981550519630341e-05
20.83040009535557,-6.35851679265763e-05,4.97941049952127e-05
20.832400095355574,-0.0001177477459452301,4.9749370193722344e-05
20.834400095355573,-0.00018279762947398068,4.963401621706793e-05
20.83640009535557,-0.00018773710234427885,4.913146183432442e-05
20.83840009535557,-0.00010613584454627128,4.869397062969196e-05
20.84040009535557,3.377050985396106e-07,4.833266009986773e-05
20.842400095355572,8.512236499931734e-05,4.831599144019513e-05
20.84440009535557,0.00010352610222831781,4.8246458702238646e-05
20.84640009535557,9.706706836336064e-05,4.808706537670767e-05
20.848400095355572,4.620637131003472e-05,4.785427755004783e-05
20.85040009535557,1.2643069944327627e-05,4.757378170935355e-05
20.85240009535557,-5.100402139253461e-06,4.7286040418092614e-05
20.85440009535557,1.815362255332837e-05,4.684060658703896e-05
20.856400095355568,6.482412030059277e-05,4.640384382969469e-05
20.85840009535557,0.00011357686564299027,4.5996057269184584e-05
20.86040009535557,0.00010548173805229766,4.5731320433877836e-05
20.862400095355568,3.675384292414611e-05,4.549168145629571e-05
20.86440009535557,-4.750814177008544e-05,4.5235950969154825e-05
20.86640009535557,-3.303632755282275e-05,4.520129692410765e-05
20.868400095355568,2.2386423949193346e-05,4.550737040075192e-05
20.870400095355567,7.849058190387558e-05,4.5918637369315546e-05
20.872400095355566,8.422868321420268e-05,4.616428469723955e-05
20.87440009535557,0.00010432094034424156,4.6113426475586024e-05
20.876400095355567,0.0001399177414531822,4.596735012395061e-05
20.878400095355566,0.00013127429152665217,4.6044594066687324e-05
20.88040009535557,7.40045455914188e-05,4.64443196992985e-05
20.882400095355568,3.218515866939229e-06,4.694220665734221e-05
20.884400095355566,1.2786468950223715e-05,4.723474529574781e-05
20.886400095355565,3.7147347480513996e-05,4.70433400219544e-05
20.888400095355564,5.057706988534494e-05,4.667782293366422e-05
20.890400095355567,-1.2102970726337299e-05,4.6156233007180434e-05
20.892400095355566,-8.34567374615484e-05,4.5768341058439336e-05
20.894400095355564,-0.00014536251854559897,4.5464176781592386e-05
20.896400095355567,-0.00012208292848732086,4.5418353690621216e-05
20.898400095355566,-1.3415669655627014e-05,4.560949379042248e-05
20.900400095355565,0.00011624600790026653,4.5854557765075905e-05
20.902400095355564,0.00020115710815858185,4.602635794995244e-05
20.904400095355562,0.00017618366827723452,4.6459310832175086e-05
20.906400095355565,0.00011610331132695662,4.699631787062542e-05
20.908400095355564,5.748098617395489e-05,4.8011372833931065e-05
20.910400095355563,5.565967325828894e-05,4.8866566203137736e-05
20.912400095355565,7.952799892649584e-05,4.9543145274930516e-05
20.914400095355564,7.581855958491784e-05,4.9909825844422354e-05
20.916400095355563,5.841172515565814e-05,5.0003175643321145e-05
20.91840009535556,4.197396408047515e-05,5.002323237403687e-05
20.92040009535556,6.350057714412826e-05,4.9969052637283985e-05
20.922400095355563,6.279916869601326e-05,5.022117331479273e-05
20.924400095355562,4.616795646871102e-05,5.06178546707721e-05
20.92640009535556,3.342079614392032e-05,5.0905013401065035e-05
20.928400095355563,6.086951696696834e-05,5.09424287788955e-05
20.930400095355562,0.0001047110919225275,5.0893575727938585e-05
20.93240009535556,0.0001784869955571243,5.073191107010628e-05
20.93440009535556,0.0002500281879526706,5.06127563820881e-05
20.93640009535556,0.00031592420476787034,5.0529669752841806e-05
20.93840009535556,0.000316879377715931,5.0547519101252606e-05
20.94040009535556,0.00029409215596974474,5.051905035923673e-05
20.94240009535556,0.00027334187968218465,5.045180575302211e-05
20.94440009535556,0.0002535982916197957,5.04299376335122e-05
20.94640009535556,0.0002335689486234703,5.056438070726318e-05
20.94840009535556,0.00021287044202403411,5.0756756885976223e-05
20.95040009535556,0.0003536255341790813,7.731509076844933e-05
20.952400095355557,0.0003732477657340272,7.804620090911083e-05
20.95440009535556,0.00039235884239568585,7.88702698127778e-05
20.95640009535556,0.0004114699190573106,7.969433871644328e-05
20.958400095355557,0.00035902263509235584,7.972468583341631e-05
20.96040009535556,0.00027587526920388376,7.941450916445441e-05
20.96240009535556,0.00019272790331555946,7.910433249549305e-05
20.964400095355558,0.0002749168377423444,7.949935551672867e-05
20.966400095355556,0.0004280386240417056,8.019692447052712e-05
20.968400095355555,0.0005811604103410668,8.089449342432562e-05
20.970400095355558,0.0005152175426914508,8.129809762613474e-05
20.972400095355557,0.0003552911847358796,8.157558457022505e-05
20.974400095355556,0.0001953648267803085,8.185307151431536e-05
20.976400095355558,0.00012738830055443722,8.196427115439332e-05
20.978400095355557,9.88602523730579e-05,8.200412992371588e-05
20.980400095355556,7.033220419167857e-05,8.204398869303846e-05
20.982400095355555,0.00018552230857922817,8.216731053705164e-05
20.984400095355554,0.00036237063444812467,8.232643986016749e-05
20.986400095355556,0.0005392189603173353,8.248556918328362e-05
20.988400095355555,0.0005617094739937514,8.16465155130253e-05
20.990400095355554,0.0005179771119738383,8.037921951830349e-05
20.992400095355556,0.00047424474995384747,7.911192352357941e-05
20.994400095355555,0.00038932026303920475,7.864473979923762e-05
20.996400095355554,0.0002867234518901076,7.852082177197401e-05
20.998400095355553,0.00018412664074101055,7.839690374471039e-05
21.000400095355552,9.248754660853687e-05,7.770228573161877e-05
21.002400095355554,5.549553779092228e-06,7.67628248883052e-05
21.004400095355553,-8.1388439050198e-05,7.582336404499331e-05
21.006400095355552,-2.740257878591208e-05,7.550840395303672e-05
21.008400095355555,8.704271756862989e-05,7.546136843478356e-05
21.010400095355553,0.00020148801392296856,7.54143329165305e-05
21.012400095355552,0.00014859705225104752,7.476478780121598e-05
21.01440009535555,2.3915142266528016e-05,7.385675276954575e-05
21.01640009535555,-0.00010076676771799146,7.294871773787549e-05
21.018400095355553,-7.936115126166117e-05,7.317779640421553e-05
21.02040009535555,4.7192464128364856e-06,7.389472200710977e-05
21.02240009535555,8.879964408733417e-05,7.4611647610004e-05
21.024400095355553,0.00012724785850532668,7.452218699069303e-05
21.02640009535555,0.00014611885420522756,7.408676879677866e-05
21.02840009535555,0.00016498984990512841,7.36513506028643e-05
21.03040009535555,0.00019321666762137102,7.377163581477104e-05
21.03240009535555,0.00022545734098866795,7.41303301426132e-05
21.03440009535555,0.0002576980143560221,7.4489024470456e-05
21.03640009535555,0.0002422147416037859,7.491616491578308e-05
21.03840009535555,0.00020625683238797637,7.537267027090487e-05
21.04040009535555,0.00017029892317210299,7.582917562602747e-05
21.04240009535555,0.00020037439783584957,7.53614267677328e-05
21.04440009535555,0.00025877966932343847,7.449715220469117e-05
21.046400095355548,0.00031718494081102737,7.363287764164954e-05
21.048400095355547,0.00026235743387645414,7.309116240561896e-05
21.05040009535555,0.00015895052942742466,7.268783234380274e-05
21.052400095355548,5.5543624978578845e-05,7.228450228198722e-05
21.054400095355547,7.675857479553109e-05,7.210378236670146e-05
21.05640009535555,0.00015143909733019716,7.201856720094026e-05
21.058400095355548,0.0002261196198647306,7.19333520351792e-05
21.060400095355547,0.00032005846724985027,7.235089268394014e-05
21.062400095355546,0.00042225956928997207,7.298412688866149e-05
21.064400095355545,0.000524460671330094,7.361736109338284e-05
21.066400095355547,0.00047750278899534506,7.410619440142874e-05
21.068400095355546,0.000366552338483327,7.453307646822494e-05
21.070400095355545,0.000255601887971309,7.495995853502114e-05
21.072400095355547,0.000269879596598247,7.545944315973146e-05
21.074400095355546,0.00033788301634896686,7.599007592300746e-05
21.076400095355545,0.0004058864360996867,7.652070868628345e-05
21.078400095355544,0.00042078584470696775,7.684659499761098e-05
21.080400095355543,0.0004129024292596308,7.70846404417402e-05
21.082400095355545,0.0004050190138122799,7.732268588586983e-05
21.084400095355544,0.0003586967704492546,7.733900290125413e-05
21.086400095355543,0.00029588339688508484,7.72601933847955e-05
21.088400095355546,0.00023307002332080358,7.718138386833671e-05
21.090400095355545,0.0002303283713788048,7.753395182041959e-05
21.092400095355543,0.00025335885556473643,7.807159052695326e-05
21.094400095355542,0.0002763893397506681,7.860922923348695e-05
21.09640009535554,0.0002617667235198189,7.827307614453809e-05
21.098400095355544,0.00023099006801996925,7.756204643664117e-05
21.100400095355543,0.00020021341252017425,7.685101672874552e-05
21.10240009535554,0.00018961440803552651,7.792874703633594e-05
21.104400095355544,0.00018767207733614088,7.977389630278493e-05
21.106400095355543,0.0001857297466367587,8.161904556923063e-05
21.10840009535554,0.0002036210311768702,8.139079063669932e-05
21.11040009535554,0.00023002139134194126,8.027299776984963e-05
21.11240009535554,0.0002564217515070122,7.915520490299995e-05
21.114400095355542,0.0002731180743747864,7.934496560913415e-05
21.11640009535554,0.0002856511422593637,8.009569684348122e-05
21.11840009535554,0.00029818421014394093,8.084642807782829e-05
21.120400095355542,0.00031596076736115075,8.097116624371147e-05
21.12240009535554,0.00033598690226791075,8.082733896560765e-05
21.12440009535554,0.0003560130371746708,8.068351168750385e-05
21.12640009535554,0.00036696568542223993,8.092344433881589e-05
21.128400095355538,0.0003740255984330355,8.132801885888366e-05
21.13040009535554,0.0003810855114438436,8.17325933789521e-05
21.13240009535554,0.00041935834426572714,8.157961124786602e-05
21.134400095355538,0.00047102224189394875,8.118742441263834e-05
21.13640009535554,0.0005226861395222621,8.079523757740995e-05
21.13840009535554,0.00047445653779984724,8.072862398647418e-05
21.140400095355538,0.00038337030819197125,8.080168886781919e-05
21.142400095355537,0.00029228407858409515,8.087475374916421e-05
21.144400095355536,0.00027562338991045767,8.084675285384051e-05
21.14640009535554,0.00029089298828944773,8.077539239109242e-05
21.148400095355537,0.00030616258666841064,8.070403192834445e-05
21.150400095355536,0.0003525935562950324,8.025267819811554e-05
21.15240009535554,0.00041239348017996853,7.963829850310992e-05
21.154400095355538,0.0004721934040647985,7.902391880810542e-05
21.156400095355536,0.00044427984105167016,7.879194486061546e-05
21.158400095355535,0.0003787351439524048,7.872403190840632e-05
21.160400095355534,0.00031319044685313937,7.865611895619719e-05
21.162400095355537,0.00025682315728882063,7.84763283901981e-05
21.164400095355536,0.00020439319034845567,7.824853970946001e-05
21.166400095355534,0.0001519632234080907,7.802075102872193e-05
21.168400095355537,0.00020533859977913158,7.811645644334618e-05
21.170400095355536,0.00030410695037094834,7.835094841327843e-05
21.172400095355535,0.00040287530096276515,7.85854403832107e-05
21.174400095355534,0.00043465956535586754,7.859532866035639e-05
21.176400095355532,0.00043770608191615105,7.850885667267033e-05
21.178400095355535,0.00044075259847644005,7.842238468498412e-05
21.180400095355534,0.0004144876133475467,7.86281646095243e-05
21.182400095355533,0.0003756473032944482,7.895932749106672e-05
21.184400095355535,0.0003368069932412807,7.929049037260974e-05
21.186400095355534,0.00032293319348748105,7.901662536159963e-05
21.188400095355533,0.00031977061629527304,7.848318909551973e-05
21.190400095355532,0.000316608039103065,7.794975282943986e-05
21.19240009535553,0.00030964936186992346,7.718970446910685e-05
21.194400095355533,0.00030106206786316176,7.63324341562888e-05
21.196400095355532,0.0002924747738564153,7.547516384347228e-05
21.19840009535553,0.00030979310849714263,7.545211419553173e-05
21.200400095355533,0.0003382255724096162,7.578696500377144e-05
21.202400095355532,0.00036665803632203914,7.612181581201054e-05
21.20440009535553,0.00045083081684391287,7.614793954871281e-05
21.20640009535553,0.0005589175185356928,7.604161203108378e-05
21.20840009535553,0.0006670042202274728,7.593528451345473e-05
21.21040009535553,0.0006355862547117684,7.626081507218317e-05
21.21240009535553,0.0005443174625150381,7.67716230370098e-05
21.21440009535553,0.0004530486703183078,7.728243100183643e-05
21.21640009535553,0.0004576815066203791,7.646074087509322e-05
21.21840009535553,0.0005034584320271784,7.50673772421808e-05
21.22040009535553,0.0005492353574339775,7.367401360926839e-05
21.22240009535553,0.000493209411378029,7.38422607270437e-05
21.224400095355527,0.00039350759662141153,7.468047623695369e-05
21.22640009535553,0.00029380578186461684,7.551869174686517e-05
21.22840009535553,0.00019173985086289936,7.588237797861941e-05
21.230400095355527,8.865965727655547e-05,7.604247976602129e-05
21.23240009535553,-1.442053630997149e-05,7.620258155342345e-05
21.23440009535553,1.542886810639025e-05,7.663692629418135e-05
21.236400095355528,0.00010230826614378686,7.718892785565867e-05
21.238400095355527,0.00018918766418118344,7.7740929417136e-05
21.240400095355525,0.00018329673245185001,7.77822657187205e-05
21.242400095355528,0.00013760509379862166,7.760451431849017e-05
21.244400095355527,9.191345514547448e-05,7.742676291826016e-05
21.246400095355526,3.9349334601456696e-05,7.718220754588747e-05
21.248400095355528,-1.6163246643561234e-05,7.690899165615615e-05
21.250400095355527,-7.167582788848054e-05,7.663577576642533e-05
21.252400095355526,-2.003576447417844e-05,7.644580830897775e-05
21.254400095355525,7.75753769305526e-05,7.629155644385407e-05
21.256400095355524,0.00017518651833528363,7.613730457873037e-05
21.258400095355526,0.00018137381644012875,7.618250276002628e-05
21.260400095355525,0.00014833806815583848,7.631326984917648e-05
21.262400095355524,0.00011530231987154821,7.64440369383267e-05
21.264400095355526,0.00010509795100906451,7.679206879957738e-05
21.266400095355525,0.00010468879894148789,7.723331252968964e-05
21.268400095355524,0.00010427964687391128,7.767455625980191e-05
21.270400095355523,0.00012945030151094938,7.790649369966566e-05
21.272400095355522,0.0001655953164227111,7.804863364170319e-05
21.274400095355524,0.000201740331334537,7.819077358374098e-05
21.276400095355523,0.00023480038947764763,7.922454740412347e-05
21.278400095355522,0.00026653692584421303,8.064085392859018e-05
21.280400095355525,0.0002982734622108348,8.20571604530594e-05
21.282400095355523,0.00036440424300039636,8.246610701279222e-05
21.284400095355522,0.0004452909962544373,8.244287149814593e-05
21.28640009535552,0.0005261777495084781,8.241963598349964e-05
21.28840009535552,0.0005517005556644064,8.239728460768231e-05
21.290400095355523,0.0005534708708436538,8.237531254910401e-05
21.29240009535552,0.000555241186022898,8.235334049052575e-05
21.29440009535552,0.0005150679691879693,8.252807649281259e-05
21.296400095355523,0.0004568999463180468,8.27872050874922e-05
21.29840009535552,0.00039873192344822776,8.304633368217135e-05
21.30040009535552,0.0003294339754226948,8.275582072007104e-05
21.30240009535552,0.0002553610153845807,8.222949799289891e-05
21.30440009535552,0.00018128805534646658,8.170317526572679e-05
21.30640009535552,0.00018946430822473735,8.155927676456853e-05
21.30840009535552,0.00023292750355411623,8.157944769552776e-05
21.31040009535552,0.0002763906988834951,8.159961862648697e-05
21.31240009535552,0.00019711267995401962,8.143334404891972e-05
21.31440009535552,6.517564402071298e-05,8.118707973633923e-05
21.31640009535552,-6.676139191259367e-05,8.094081542375874e-05
21.318400095355518,-6.552969453871166e-05,8.068653355559793e-05
21.320400095355517,-7.165309465195538e-06,8.04288119573465e-05
21.32240009535552,5.119907560842425e-05,8.017109035909464e-05
21.324400095355518,4.6092578411348906e-05,7.923643181558843e-05
21.326400095355517,1.3755495965001191e-05,7.801135050597732e-05
21.32840009535552,-1.858158648140396e-05,7.678626919636405e-05
21.330400095355518,-5.857230821405238e-05,7.690420145418227e-05
21.332400095355517,-0.00010184663174119294,7.759831996733285e-05
21.334400095355516,-0.00014512095526833353,7.829243848048342e-05
21.336400095355515,-8.823746368697386e-05,7.858206886803125e-05
21.338400095355517,1.161622938231885e-05,7.869816375824713e-05
21.340400095355516,0.0001114699224514342,7.88142586484628e-05
21.342400095355515,9.001520896571367e-05,7.963004543332406e-05
21.344400095355518,1.6516156122179694e-05,8.074601753464594e-05
21.346400095355516,-5.6982896721223715e-05,8.186198963596582e-05
21.348400095355515,-1.6385949616174906e-05,8.219045683088044e-05
21.350400095355514,7.316104016409208e-05,8.218106468985954e-05
21.352400095355513,0.00016270802994435907,8.217167254883862e-05
21.354400095355516,0.00015938576287865758,8.083670458577458e-05
21.356400095355514,0.00011622025282315321,7.893303131190603e-05
21.358400095355513,7.305474276764883e-05,7.702935803803749e-05
21.360400095355516,3.251150838914342e-05,7.67671779228727e-05
21.362400095355515,-6.9067037429130495e-06,7.720923967555063e-05
21.364400095355514,-4.6324915874969526e-05,7.765130142822856e-05
21.366400095355512,1.4438428952454172e-05,7.748138030511491e-05
21.36840009535551,0.00011818218778873965,7.704890309716725e-05
21.370400095355514,0.0002219259466252094,7.661642588921883e-05
21.372400095355513,0.00023941066539916222,7.625420904083943e-05
21.37440009535551,0.0002198880763752701,7.592213566206797e-05
21.376400095355514,0.0002003654873513433,7.559006228329592e-05
21.378400095355513,0.00022408653924827082,7.544506569430231e-05
21.380400095355512,0.00026636020809222346,7.53803297851803e-05
21.38240009535551,0.00030863387693617607,7.531559387605827e-05
21.38440009535551,0.00029466114085941364,7.497592034793382e-05
21.386400095355512,0.0002565572698352349,7.451829160479342e-05
21.38840009535551,0.0002184533988111239,7.406066286165384e-05
21.39040009535551,0.00023582266482262567,7.449519576281085e-05
21.392400095355512,0.00027699131719164825,7.531248869523056e-05
21.39440009535551,0.00031815996956059776,7.612978162764882e-05
21.39640009535551,0.00032959975322378,7.625780155726915e-05
21.39840009535551,0.00032828509468444224,7.609010580517442e-05
21.400400095355508,0.00032697043614510456,7.592241005307969e-05
21.40240009535551,0.0003811846320611965,7.680684270755716e-05
21.40440009535551,0.0004592221244386708,7.814266531399824e-05
21.406400095355508,0.0005372596168161449,7.947848792043934e-05
21.40840009535551,0.0004951804965822025,8.044876763432375e-05
21.41040009535551,0.0004015682760274194,8.126222009388849e-05
21.41240009535551,0.0003079560554726363,8.207567255345323e-05
21.414400095355507,0.00029838974258316665,8.321262462268896e-05
21.416400095355506,0.0003248812791015607,8.448836631932062e-05
21.41840009535551,0.00035137281562000195,8.576410801595454e-05
21.420400095355507,0.00031896692822589205,8.586453519080628e-05
21.422400095355506,0.0002612925326494497,8.546072223701456e-05
21.42440009535551,0.00020361813707290492,8.505690928322213e-05
21.426400095355508,0.0001773236803678323,8.501123006352958e-05
21.428400095355506,0.00016449202539294322,8.511919943680694e-05
21.430400095355505,0.00015166037041805416,8.522716881008427e-05
21.432400095355504,0.0002116957689575357,8.546987238558062e-05
21.434400095355507,0.0003029930134784728,8.577038041007107e-05
21.436400095355506,0.0003942902579992478,8.607088843456098e-05
21.438400095355505,0.00044725879885181973,8.612887667384569e-05
21.440400095355507,0.0004837833348808022,8.60828176551727e-05
21.442400095355506,0.0005203078709097198,8.603675863649981e-05
21.444400095355505,0.0005470936602144636,8.599350224691455e-05
21.446400095355504,0.0005697012748704846,8.59514482578163e-05
21.448400095355503,0.0005923088895265057,8.590939426871802e-05
21.450400095355505,0.0006066455416116709,8.73360093932437e-05
21.452400095355504,0.0006174337360356505,8.939272169488227e-05
21.454400095355503,0.0006282219304596301,9.144943399652082e-05
21.456400095355505,0.0005243647967697906,9.31283295194097e-05
21.458400095355504,0.0003713218349648202,9.464513181578061e-05
21.460400095355503,0.0002182788731598498,9.616193411215152e-05
21.462400095355502,0.00018835813451319652,9.544379397380252e-05
21.4644000953555,0.00021126003902803236,9.376680527272189e-05
21.466400095355503,0.00023416194354290888,9.208981657163827e-05
21.468400095355502,0.0003306614941063375,9.07418702697012e-05
21.4704000953555,0.0004587363572136958,8.953509175166719e-05
21.472400095355503,0.0005868112203212816,8.832831323363102e-05
21.474400095355502,0.0006097647247458868,8.787867433833044e-05
21.4764000953555,0.0005876184149012489,8.775386815817972e-05
21.4784000953555,0.000565472105056611,8.762906197802902e-05
21.4804000953555,0.0006392103795205821,8.656662431280084e-05
21.4824000953555,0.0007540856553954885,8.510191814943236e-05
21.4844000953555,0.0008689609312701907,8.363721198606652e-05
21.4864000953555,0.000838921337558837,8.286909660846874e-05
21.4884000953555,0.0007467094564303616,8.239983698437895e-05
21.4904000953555,0.0006544975753020501,8.193057736029e-05
21.4924000953555,0.0005639069012753615,8.192310979310959e-05
21.4944000953555,0.00047401176778694403,8.211376317883524e-05
21.496400095355497,0.0003841166342985266,8.230441656456088e-05
21.4984000953555,0.0003682571795463503,8.19192328517511e-05
21.5004000953555,0.00038416098451590015,8.12869998293341e-05
21.502400095355497,0.00040006478948545,8.065476680691711e-05
21.5044000953555,0.000389140835085897,8.037796169659408e-05
21.5064000953555,0.0003667070625972115,8.025364455799266e-05
21.508400095355498,0.00034427329010852604,8.012932741939126e-05
21.510400095355497,0.0003898966564203356,7.991682031515509e-05
21.512400095355495,0.000464718338316985,7.966647737924271e-05
21.514400095355498,0.0005395400202137673,7.941613444332988e-05
21.516400095355497,0.0005132383916506572,7.922561929016337e-05
21.518400095355496,0.00044355217845296556,7.906077184399966e-05
21.520400095355498,0.0003738659652551503,7.889592439783567e-05
21.522400095355497,0.00035608890784663376,7.897579013362024e-05
21.524400095355496,0.0003605822590307402,7.916064433371585e-05
21.526400095355495,0.0003650756102148466,7.934549853381148e-05
21.528400095355494,0.00040049438450632683,7.986486512488354e-05
21.530400095355496,0.00044918098955958557,8.052774644737225e-05
21.532400095355495,0.0004978675946127578,8.119062776985978e-05
21.534400095355494,0.00042099093028871736,8.138025623408397e-05
21.536400095355496,0.0002902442701043859,8.136684658340514e-05
21.538400095355495,0.00015949760992028667,8.135343693272633e-05
21.540400095355494,0.00012338652797868558,8.141198375293703e-05
21.542400095355493,0.0001278766414838535,8.15014018246633e-05
21.544400095355492,0.0001323667549890214,8.159081989638956e-05
21.546400095355494,0.00015909249741666794,8.181319367158625e-05
21.548400095355493,0.00019535792084574965,8.209260900845171e-05
21.550400095355492,0.00023162334427483133,8.23720243453172e-05
21.552400095355495,0.0002624142632961915,8.273506978440846e-05
21.554400095355494,0.00029085647284964625,8.31339947841429e-05
21.556400095355492,0.000319298682403101,8.353291978387732e-05
21.55840009535549,0.00031797106782062884,8.389187308478271e-05
21.56040009535549,0.0003038713973085042,8.423367745089034e-05
21.562400095355493,0.00028977172679635446,8.457548181699858e-05
21.56440009535549,0.00025191041977650603,8.504044024313967e-05
21.56640009535549,0.00020385472978875414,8.555823508278388e-05
21.568400095355493,0.00015579903980091688,8.607602992242903e-05
21.57040009535549,0.0002323639770129338,8.651650861638878e-05
21.57240009535549,0.0003623945312349915,8.692381659433829e-05
21.57440009535549,0.0004924250854570491,8.73311245722878e-05
21.57640009535549,0.0004536726049015311,8.78665856804379e-05
21.57840009535549,0.00034250763198274606,8.845702795167918e-05
21.58040009535549,0.00023134265906415858,8.90474702229194e-05
21.58240009535549,0.0002247036553248064,8.94125692892883e-05
21.58440009535549,0.00026290912836835796,8.968099000674232e-05
21.58640009535549,0.00030111460141184166,8.994941072419587e-05
21.58840009535549,0.0003106233857513665,9.054486117761488e-05
21.590400095355488,0.0003078205105084316,9.128061627816871e-05
21.592400095355487,0.00030501763526549677,9.201637137872258e-05
21.59440009535549,0.00023067631302230713,9.190979472615618e-05
21.596400095355488,0.00012564304841137256,9.144183480759106e-05
21.598400095355487,2.0609783800437957e-05,9.097387488902593e-05
21.60040009535549,3.9686132585716283e-05,9.037704215355015e-05
21.602400095355488,0.00011200889269557161,8.972491946244704e-05
21.604400095355487,0.00018433165280542696,8.907279677134393e-05
21.606400095355486,0.00018971984238179247,8.952428683338032e-05
21.608400095355485,0.00016639127086857155,9.044925694488487e-05
21.610400095355487,0.00014306269935530919,9.137422705639107e-05
21.612400095355486,0.00014367157122879845,9.183153004705751e-05
21.614400095355485,0.000154550262160958,9.208819102959023e-05
21.616400095355488,0.00016542895309313682,9.234485201212339e-05
21.618400095355486,0.00018917962129311278,9.273587694348102e-05
21.620400095355485,0.00021845272109706205,9.318454769738687e-05
21.622400095355484,0.0002477258209010113,9.363321845129272e-05
21.624400095355483,0.0002635193688289181,9.332532875035365e-05
21.626400095355486,0.0002735298182492435,9.269285380521866e-05
21.628400095355484,0.0002835402676695511,9.206037886008478e-05
21.630400095355483,0.0002752762108945553,9.208625682522085e-05
21.632400095355486,0.00025917188735134376,9.2394586331809e-05
21.634400095355485,0.0002430675638081608,9.270291583839658e-05
21.636400095355484,0.0002806689856097277,9.235878580363116e-05
21.638400095355482,0.00034131165505146203,9.173473261034701e-05
21.64040009535548,0.00040195432449319636,9.111067941706283e-05
21.642400095355484,0.00032032834608425195,9.093832181858634e-05
21.644400095355483,0.00017766518194291603,9.095975412625886e-05
21.64640009535548,3.50020178015801e-05,9.098118643393138e-05
21.648400095355484,9.231568126903852e-06,9.159611667237587e-05
21.650400095355483,3.3611332972574135e-05,9.246567397360332e-05
21.652400095355482,5.7991097818244425e-05,9.333523127483076e-05
21.65440009535548,3.2386305370527616e-05,9.322389138711851e-05
21.65640009535548,-1.4663250282081577e-05,9.269171936475934e-05
21.658400095355482,-6.171280593477436e-05,9.215954734239921e-05
21.66040009535548,-6.565728804646099e-05,9.120519761144356e-05
21.66240009535548,-5.11084942384383e-05,9.006972189667966e-05
21.664400095355482,-3.655970043038976e-05,8.893424618191375e-05
21.66640009535548,3.897666560952059e-05,8.820943258584491e-05
21.66840009535548,0.00014067840032419015,8.766080448697142e-05
21.67040009535548,0.00024238013503885967,8.711217638809794e-05
21.672400095355478,0.00027679616302116763,8.664500119298841e-05
21.67440009535548,0.0002823447434677776,8.621277156864234e-05
21.67640009535548,0.00028789332391437764,8.578054194429704e-05
21.678400095355478,0.0002058314946806568,8.504695010624044e-05
21.68040009535548,8.618234799449875e-05,8.418406544514676e-05
21.68240009535548,-3.346679869144681e-05,8.332118078405461e-05
21.68440009535548,-4.393132389475686e-05,8.282996740749759e-05
21.686400095355477,-7.552585233202852e-06,8.24982114326887e-05
21.688400095355476,2.8826153428351158e-05,8.216645545787982e-05
21.69040009535548,7.205425604945124e-05,8.217040855329579e-05
21.692400095355477,0.00011822092821194845,8.231839027011319e-05
21.694400095355476,0.00016438760037444566,8.24663719869306e-05
21.69640009535548,0.00010187229224647224,8.26625586023192e-05
21.698400095355478,-7.270644157425971e-06,8.287942647586672e-05
21.700400095355477,-0.00011641358056132418,8.309629434941427e-05
21.702400095355475,-7.300912790117213e-05,8.318821013637697e-05
21.704400095355474,3.584245606492545e-05,8.322651795490552e-05
21.706400095355477,0.00014469404003121639,8.326482577343411e-05
21.708400095355476,0.00010976031400759813,8.30549524678098e-05
21.710400095355475,1.3138628009453924e-05,8.273860244871409e-05
21.712400095355477,-8.348305798886192e-05,8.24222524296178e-05
21.714400095355476,-0.00017632056690332034,8.276307160849938e-05
21.716400095355475,-0.0002675345567429397,8.338583497358528e-05
21.718400095355474,-0.0003587485465825591,8.40085983386712e-05
21.720400095355473,-0.00034054265700223635,8.460360542533033e-05
21.722400095355475,-0.00027539253634390257,8.518670428146387e-05
21.724400095355474,-0.00021024241568568455,8.576980313759636e-05
21.726400095355473,-0.00010324176853223637,8.644062910555624e-05
21.728400095355475,2.1713943467165613e-05,8.714909249683077e-05
21.730400095355474,0.00014666965546634566,8.785755588810403e-05
21.732400095355473,0.00016938363087056553,8.891831692161412e-05
21.734400095355472,0.00014823299112935923,9.013022367122819e-05
21.73640009535547,0.00012708235138815294,9.134213042084226e-05
21.738400095355473,0.00011025364460712113,9.175126246644949e-05
21.740400095355472,9.527917031306407e-05,9.181598127159751e-05
21.74240009535547,8.0304696019007e-05,9.188070007674552e-05
21.744400095355473,6.162332533289255e-05,9.183831568966119e-05
21.746400095355472,4.1351590189006496e-05,9.174998097318274e-05
21.74840009535547,2.107985504512044e-05,9.166164625670427e-05
21.75040009535547,2.475514270222609e-05,9.174407061575644e-05
21.75240009535547,3.8704388580137916e-05,9.189975550587356e-05
21.75440009535547,5.265363445807454e-05,9.205544039599095e-05
21.75640009535547,0.00012719479415144544,9.191977699250475e-05
21.75840009535547,0.00022773162242962957,9.16591168162424e-05
21.76040009535547,0.0003282684507079923,9.13984566399796e-05
21.76240009535547,0.00032449793191613387,9.114473608618793e-05
21.76440009535547,0.00027597656451699645,9.089399282980914e-05
21.76640009535547,0.00022745519711785906,9.064324957343041e-05
21.768400095355467,0.00017150603345551509,9.086541822439471e-05
21.77040009535547,0.00011237013140256968,9.129047969539016e-05
21.77240009535547,5.3234229349729325e-05,9.171554116638486e-05
21.774400095355467,6.881983049252618e-05,9.159723903816971e-05
21.77640009535547,0.00011646311118762203,9.124581825737277e-05
21.77840009535547,0.00016410639188263324,9.089439747657646e-05
21.780400095355468,0.00013621981291414613,9.057290210977158e-05
21.782400095355467,7.592874213669733e-05,9.026424561009668e-05
21.784400095355466,1.5637671359248535e-05,8.995558911042177e-05
21.786400095355468,2.246581025324417e-05,8.997328268238229e-05
21.788400095355467,5.809003270502925e-05,9.013098988051495e-05
21.790400095355466,9.371425515681433e-05,9.028869707864761e-05
21.792400095355468,7.430476410581474e-05,9.051001537384003e-05
21.794400095355467,3.1284214209000575e-05,9.075862467413282e-05
21.796400095355466,-1.1736335687813576e-05,9.10072339744256e-05
21.798400095355465,7.242401087260209e-06,9.079438184787007e-05
21.800400095355464,5.2820632872394565e-05,9.038354936412513e-05
21.802400095355466,9.839886465760989e-05,8.997271688037949e-05
21.804400095355465,0.00013936491636965494,8.983948146047509e-05
21.806400095355464,0.00017835220860469878,8.98253432597073e-05
21.808400095355466,0.00021733950083981188,8.981120505893947e-05
21.810400095355465,0.0001314235602160838,9.072887477577973e-05
21.812400095355464,-8.079508942530211e-06,9.20463172567657e-05
21.814400095355463,-0.0001475825781011442,9.336375973775168e-05
21.816400095355462,-0.00015781049727719456,9.269938264706022e-05
21.818400095355464,-0.00011257560112129337,9.118474707327894e-05
21.820400095355463,-6.734070496547252e-05,8.967011149950037e-05
21.822400095355462,-1.4209706393367512e-05,8.8995974434785e-05
21.824400095355465,4.230895117264556e-05,8.868243582528134e-05
21.826400095355464,9.882760873855823e-05,8.836889721577825e-05
21.828400095355462,0.00011577709622690818,8.864149487072995e-05
21.83040009535546,0.00011575024976454156,8.916556216597246e-05
21.83240009535546,0.00011572340330217494,8.968962946121495e-05
21.834400095355463,0.00011043945773210308,8.89140903419594e-05
21.83640009535546,0.00010290006225070555,8.758098190314343e-05
21.83840009535546,9.536066676930803e-05,8.624787346432745e-05
21.840400095355463,0.00018238060834904464,8.631193757269374e-05
21.842400095355462,0.0003099692876474993,8.697542981133634e-05
21.84440009535546,0.00043755796694595396,8.763892204997895e-05
21.84640009535546,0.00037732876490872877,8.771597184807304e-05
21.84840009535546,0.00023652015580898276,8.754142055366391e-05
21.85040009535546,9.571154670898663e-05,8.736686925925446e-05
21.85240009535546,1.0683698021581812e-05,8.636363267961416e-05
21.85440009535546,-5.041255732943372e-05,8.500486564281614e-05
21.85640009535546,-0.0001115088126805578,8.364609860601573e-05
21.85840009535546,-0.00010897039283785655,8.337280614052537e-05
21.86040009535546,-7.913081491491664e-05,8.35652143763136e-05
21.862400095355458,-4.9291236991976756e-05,8.375762261210184e-05
21.864400095355457,-2.048559671811721e-05,8.396182332179464e-05
21.86640009535546,7.876453663636256e-06,8.417108335226237e-05
21.868400095355458,3.623850404533934e-05,8.438034338272971e-05
21.870400095355457,2.0293985544815256e-05,8.463120248770839e-05
21.87240009535546,-1.4659366389076295e-05,8.489990883065505e-05
21.87440009535546,-4.9612718322905754e-05,8.516861517360124e-05
21.876400095355457,1.249789690869676e-05,8.526421285325522e-05
21.878400095355456,0.00011625184087883252,8.528554176785167e-05
21.880400095355455,0.00022000578484896832,8.530687068244808e-05
21.882400095355457,0.00021541807646723837,8.550798428225983e-05
21.884400095355456,0.00016434857121740658,8.578623086866272e-05
21.886400095355455,0.00011327906596757478,8.606447745506563e-05
21.888400095355458,0.00010665704579922397,8.683382600705379e-05
21.890400095355457,0.00011910432339829912,8.781387196067561e-05
21.892400095355455,0.0001315516009973743,8.879391791429742e-05
21.894400095355454,0.0001616399361832022,8.994001234205596e-05
21.896400095355453,0.00019929681256298815,9.115734653027206e-05
21.898400095355456,0.00023695368894284096,9.237468071849032e-05
21.900400095355455,0.00019646377244193574,9.263407892523199e-05
21.902400095355453,0.00012244654094883581,9.248249390144891e-05
21.904400095355456,4.842930945560438e-05,9.23309088776656e-05
21.906400095355455,0.0001340698659564564,9.272673871138845e-05
21.908400095355454,0.00028820840447396824,9.335742594565676e-05
21.910400095355453,0.00044234694299147997,9.398811317992506e-05
21.91240009535545,0.0004510164078669414,9.336554333477347e-05
21.914400095355454,0.00039727526720604553,9.220528852840482e-05
21.916400095355453,0.00034353412654524514,9.104503372203824e-05
21.91840009535545,0.00028266703392140107,9.069506980116032e-05
21.920400095355454,0.00021874269331267982,9.069274507145008e-05
21.922400095355453,0.00015481835270407215,9.069042034173988e-05
21.924400095355452,0.00019548627246579616,9.149375694950038e-05
21.92640009535545,0.00028102742721284625,9.264274657581991e-05
21.92840009535545,0.0003665685819598964,9.379173620213945e-05
21.930400095355452,0.00032595606825243915,9.450215607831314e-05
21.93240009535545,0.00023121981832013841,9.502441627776744e-05
21.93440009535545,0.00013648356838783768,9.554667647722174e-05
21.936400095355452,4.1267825243354585e-05,9.519871432689381e-05
21.93840009535545,-5.415363500508968e-05,9.447740044340022e-05
21.94040009535545,-0.000149575095253534,9.375608655990664e-05
21.94240009535545,-4.71525694855679e-05,9.355417222841384e-05
21.944400095355448,0.00014015102634782099,9.357509605669038e-05
21.94640009535545,0.0003274546221815426,9.359601988496697e-05
21.94840009535545,0.0003067914062381234,9.337396386449957e-05
21.950400095355448,0.0001969041099058532,9.304766210707071e-05
21.95240009535545,8.701681357338777e-05,9.272136034964128e-05
21.95440009535545,-4.452316711746214e-05,9.286172412694839e-05
21.95640009535545,-0.00018535280837066846,9.320230162104259e-05
21.958400095355447,-0.0003261824496238747,9.354287911513679e-05
21.960400095355446,-0.00033039050542106173,9.389641614778956e-05
21.96240009535545,-0.0002759837358735165,9.425551321758224e-05
21.964400095355447,-0.0002215769663260679,9.461461028737429e-05
21.966400095355446,-0.0001480862940203935,9.4370275633236e-05
21.96840009535545,-6.640804460377738e-05,9.386705034056371e-05
21.970400095355448,1.527020481269364e-05,9.33638250478923e-05
21.972400095355447,-1.819574181153469e-05,9.328275386206273e-05
21.974400095355445,-0.00010106207120319616,9.338279970324733e-05
21.976400095355444,-0.00018392840059485764,9.348284554443194e-05
21.978400095355447,-0.00015114876569553878,9.466378530135685e-05
21.980400095355446,-6.875346793992288e-05,9.630846167404119e-05
21.982400095355445,1.3641829815693048e-05,9.795313804672556e-05
21.984400095355447,4.669162690895798e-05,9.905109819242997e-05
21.986400095355446,5.85706893100729e-05,9.991450029255743e-05
21.988400095355445,7.044975171118783e-05,0.0001007779023926849
21.990400095355444,1.5596314279366906e-05,9.98785324717054e-05
21.992400095355443,-6.788741782368479e-05,9.822287914265876e-05
21.994400095355445,-0.00015137114992688476,9.656722581360918e-05
21.996400095355444,-9.757594058818534e-05,9.533406230485444e-05
21.998400095355443,1.5116163717460401e-05,9.428215994445211e-05
22.000400095355445,0.0001278082680233063,9.323025758404794e-05
22.002400095355444,0.00013652827367571123,9.278733437986895e-05
22.004400095355443,0.00010064104044944944,9.260568202667453e-05
22.006400095355442,6.475380722318765e-05,9.242402967348011e-05
22.00840009535544,7.123877633484562e-06,9.241643565600021e-05
22.010400095355443,-5.9834340829080884e-05,9.248351804521414e-05
22.012400095355442,-0.00012679255929152737,9.255060043442794e-05
22.01440009535544,-0.00013201136191615183,9.2120759561357e-05
22.016400095355444,-0.00011074204330555022,9.147772322089407e-05
22.018400095355442,-8.947272469498638e-05,9.083468688043227e-05
22.02040009535544,-4.7664553888363035e-05,9.038324088773603e-05
22.02240009535544,2.9554216162030653e-06,9.001399309727646e-05
22.02440009535544,5.3575397120769145e-05,8.964474530681688e-05
22.02640009535544,0.00011168899437807481,9.117515705629206e-05
22.02840009535544,0.000173017588214962,9.352058177613473e-05
22.03040009535544,0.0002343461820518492,9.586600649597743e-05
22.03240009535544,0.00025153843534648856,9.531784640588477e-05
22.03440009535544,0.0002497948247584456,9.352824836646108e-05
22.03640009535544,0.0002480512141704026,9.173865032703739e-05
22.03840009535544,0.0002482890284857426,9.013963178092205e-05
22.040400095355437,0.0002493769358640855,8.862237777957218e-05
22.04240009535544,0.00025046484324243036,8.710512377821962e-05
22.04440009535544,0.0002043300097026462,8.66097057161183e-05
22.046400095355438,0.00013793514542200799,8.655268718650451e-05
22.04840009535544,7.154028114125178e-05,8.64956686568906e-05
22.05040009535544,0.00010880884872514865,8.673105075672576e-05
22.052400095355438,0.00019055227177375116,8.709188187458616e-05
22.054400095355437,0.00027229569482235366,8.745271299244654e-05
22.056400095355436,0.00028672341674605413,8.778096491765643e-05
22.058400095355438,0.00027227059327593204,8.809523934821829e-05
22.060400095355437,0.00025781776980583564,8.840951377877964e-05
22.062400095355436,0.00018464881617877215,8.93655859619855e-05
22.06440009535544,8.628879947872572e-05,9.059700952859764e-05
22.066400095355437,-1.2071217221145964e-05,9.18284330952076e-05
22.068400095355436,4.451979219154855e-05,9.233786614091567e-05
22.070400095355435,0.00016758966432948888,9.253754254975519e-05
22.072400095355434,0.00029065953646742915,9.27372189585947e-05
22.074400095355436,0.00027839487345151555,9.309135401548704e-05
22.076400095355435,0.00020806743197563152,9.351175669765928e-05
22.078400095355434,0.00013773999049974747,9.393215937983148e-05
22.080400095355436,0.0001786812023809581,9.429513435235765e-05
22.082400095355435,0.00026736017730956163,9.463347102548106e-05
22.084400095355434,0.0003560391522381652,9.497180769860449e-05
22.086400095355433,0.000376163356212669,9.495979663965681e-05
22.088400095355432,0.00036687539675130283,9.479747533079291e-05
22.090400095355434,0.0003575874372899201,9.463515402192872e-05
22.092400095355433,0.0003196177850756979,9.45935081765948e-05
22.094400095355432,0.00026934277864870004,9.460363592552969e-05
22.096400095355435,0.00021906777222161292,9.461376367446455e-05
22.098400095355434,0.00022622201088958818,9.542300682038536e-05
22.100400095355432,0.00025801521689017975,9.657509581303057e-05
22.10240009535543,0.0002898084228907713,9.772718480567573e-05
22.10440009535543,0.0003172860187764586,9.796305038337362e-05
22.106400095355433,0.0003429120808371394,9.780582701213648e-05
22.10840009535543,0.00036853814289777474,9.764860364089967e-05
22.11040009535543,0.0002714724687834057,9.789521779259106e-05
22.112400095355433,0.00012176813600159721,9.831509109106138e-05
22.114400095355432,-2.793619677994531e-05,9.873496438953095e-05
22.11640009535543,-5.128159257589737e-05,9.869856871533087e-05
22.11840009535543,-2.0414977143740126e-05,9.846641910983409e-05
22.12040009535543,1.0451638288417116e-05,9.823426950433733e-05
22.12240009535543,1.2919360040642592e-05,9.842649641158469e-05
22.12440009535543,3.203049773652796e-06,9.880079439095681e-05
22.12640009535543,-6.513260493337001e-06,9.917509237032891e-05
22.12840009535543,4.9374867298542024e-05,9.917788833221796e-05
22.13040009535543,0.00013340939692344276,9.902129804867453e-05
22.13240009535543,0.0002174439265483435,9.88647077651311e-05
22.134400095355428,0.00027815640473409856,9.878001326676235e-05
22.136400095355427,0.0003288629758154448,9.872616436315329e-05
22.13840009535543,0.0003795695468968812,9.867231545954411e-05
22.140400095355428,0.0004521607592190355,9.835601944157706e-05
22.142400095355427,0.0005341411847937214,9.792712519103652e-05
22.14440009535543,0.0006161216103685529,9.749823094049524e-05
22.14640009535543,0.0005712178338945975,9.750655568069473e-05
22.148400095355427,0.00047187665695446813,9.770246141920644e-05
22.150400095355426,0.0003725354800143387,9.789836715771815e-05
22.152400095355425,0.0002697536831720115,9.770607214282516e-05
22.154400095355427,0.00016549574963405786,9.734722650810501e-05
22.156400095355426,6.123781609628946e-05,9.69883808733855e-05
22.158400095355425,2.4859284868667403e-05,9.654604508998023e-05
22.160400095355428,1.760320596111978e-05,9.60678893407001e-05
22.162400095355427,1.0347127053585048e-05,9.558973359142081e-05
22.164400095355425,-2.9864397447196272e-05,9.586467335573014e-05
22.166400095355424,-8.421487249013201e-05,9.64627154185661e-05
22.168400095355423,-0.00013856534753306775,9.706075748140207e-05
22.170400095355426,-9.50830664388177e-05,9.638472310430566e-05
22.172400095355425,-9.627367985624809e-06,9.516206871698014e-05
22.174400095355423,7.582833046756808e-05,9.393941432965461e-05
22.176400095355426,0.00011075828458890668,9.281672211191521e-05
22.178400095355425,0.00012401105714882716,9.173691690411861e-05
22.180400095355424,0.00013726382970874766,9.0657111696322e-05
22.182400095355423,0.00016817361488065527,9.053428096701285e-05
22.18440009535542,0.00020665883156366328,9.082202334986938e-05
22.186400095355424,0.0002451440482467397,9.110976573272645e-05
22.188400095355423,0.00028188715243726586,9.13854660817718e-05
22.19040009535542,0.00031788283373132575,9.165600000681794e-05
22.192400095355424,0.00035387851502544955,9.192653393186456e-05
22.194400095355423,0.0003641431208113309,9.204097597601992e-05
22.196400095355422,0.0003633682573002334,9.208844952031396e-05
22.19840009535542,0.0003625933937891359,9.2135923064608e-05
22.20040009535542,0.0004230988601689638,9.235669526557123e-05
22.202400095355422,0.0005098955868617695,9.265181824275412e-05
22.20440009535542,0.000596692313554421,9.294694121993646e-05
22.20640009535542,0.0006039267289384935,9.28511458311861e-05
22.208400095355422,0.0005770263134385216,9.258763369199033e-05
22.21040009535542,0.0005501258979385974,9.232412155279507e-05
22.21240009535542,0.0004572175395076524,9.219725832808745e-05
22.21440009535542,0.0003359896135382411,9.212902195934681e-05
22.216400095355418,0.00021476168756882983,9.206078559060617e-05
22.21840009535542,0.00022243967649365016,9.188710698661236e-05
22.22040009535542,0.00028542252804548,9.166819020762487e-05
22.222400095355418,0.00034840537959730973,9.144927342863737e-05
22.22440009535542,0.0002848775239547753,9.240443864348264e-05
22.22640009535542,0.00016707242155909857,9.386332357898094e-05
22.22840009535542,4.926731916342185e-05,9.532220851447924e-05
22.230400095355417,-7.674756378029108e-06,9.550837692021636e-05
22.232400095355416,-3.850459201507043e-05,9.514850808342474e-05
22.23440009535542,-6.933442765216651e-05,9.478863924663249e-05
22.236400095355418,-7.141295169460023e-05,9.476411493978713e-05
22.238400095355416,-6.115621609055578e-05,9.488346448141998e-05
22.24040009535542,-5.089948048649311e-05,9.500281402305305e-05
22.242400095355418,-5.108610092184562e-05,9.502260625617413e-05
22.244400095355417,-5.575326562358114e-05,9.499968511955598e-05
22.246400095355416,-6.042043032531666e-05,9.497676398293785e-05
22.248400095355414,6.940497950810249e-06,9.536750927275542e-05
22.250400095355417,0.00010520385815185543,9.59357311283691e-05
22.252400095355416,0.00020346721835272607,9.650395298398176e-05
22.254400095355415,0.0001616204114738172,9.724179412223359e-05
22.256400095355417,5.9661705771309644e-05,9.805240754653159e-05
22.258400095355416,-4.229699993101683e-05,9.886302097082813e-05
22.260400095355415,-4.182325897515214e-06,9.978619894989132e-05
22.262400095355414,9.40284714305914e-05,0.00010075767085442855
22.264400095355413,0.00019223926875869808,0.00010172914275896578
22.266400095355415,0.00014225420111135166,0.00010173202704953288
22.268400095355414,2.8688186851736144e-05,0.00010131935509375354
22.270400095355413,-8.487782740787937e-05,0.00010090668313797418
22.272400095355415,-6.050822077747325e-05,0.00010121945570612897
22.274400095355414,2.3040354427814147e-05,0.00010184346810057114
22.276400095355413,0.00010658892963310154,0.00010246748049501336
22.278400095355412,0.00018126146387114597,0.00010291480669977517
22.28040009535541,0.0002521258808782621,0.00010328632864384559
22.282400095355413,0.0003229902978855042,0.00010365785058791664
22.284400095355412,0.0002421554787720623,0.00010328598358581991
22.28640009535541,9.623662626745476e-05,0.00010259517792435837
22.288400095355414,-4.9682226237412054e-05,0.00010190437226289558
22.290400095355412,-7.922757389364992e-05,0.00010220106537810172
22.29240009535541,-5.884479923891763e-05,0.00010292142846670634
22.29440009535541,-3.846202458418535e-05,0.00010364179155531095
22.29640009535541,-1.5650767429203337e-05,0.00010398675844513473
22.29840009535541,8.202389997805697e-06,0.00010417066780146968
22.30040009535541,3.205554742477236e-05,0.00010435457715780432
22.30240009535541,0.00011234508909516562,0.00010396135255070391
22.304400095355412,0.00021684773149244834,0.00010332051812634014
22.30640009535541,0.0003213503738895454,0.00010267968370197749
22.30840009535541,0.0002876441231494357,0.00010257423113107196
22.31040009535541,0.00019464161679177513,0.00010269847535112527
22.312400095355407,0.00010163911043411458,0.00010282271957117855
22.31440009535541,-9.490497193383448e-06,0.00010293342592580111
22.31640009535541,-0.0001283972408610136,0.00010303832408088916
22.318400095355408,-0.00024730398452864376,0.00010314322223597725
22.32040009535541,-0.0002461454759291324,0.0001028534546209381
22.32240009535541,-0.0001934749300426276,0.00010239436209729534
22.324400095355408,-0.00014080438415612278,0.00010193526957365258
22.326400095355407,-0.0001424053931014911,0.00010204519468104794
22.328400095355406,-0.00016729072994621733,0.00010239924754823664
22.330400095355408,-0.00019217606679098776,0.00010275330041542599
22.332400095355407,-0.00012471619912188373,0.000102848882816484
22.334400095355406,-1.763711848938121e-05,0.00010283357265418374
22.33640009535541,8.944196214331149e-05,0.00010281826249188347
22.338400095355407,0.00019361103468989207,0.00010166160538580313
22.340400095355406,0.0002965316152871863,0.00010001527181540452
22.342400095355405,0.0003994521958844806,9.836893824500588e-05
22.344400095355404,0.00032147236594888746,9.801393160459749e-05
22.346400095355406,0.00016588012823219367,9.82129479869871e-05
22.348400095355405,1.0287890515776345e-05,9.841196436937635e-05
22.350400095355404,1.3698441334827662e-05,9.852594000488689e-05
22.352400095355407,8.532658633960477e-05,9.860343027298206e-05
22.354400095355405,0.00015695473134425472,9.868092054107705e-05
22.356400095355404,0.00022624579789228433,9.810741586629155e-05
22.358400095355403,0.00029453417831769367,9.72546122260506e-05
22.360400095355402,0.00036282255874310306,9.64018085858097e-05
22.362400095355405,0.00035687439116261177,9.614274700677737e-05
22.364400095355403,0.0003190762163624431,9.613842099188626e-05
22.366400095355402,0.0002812780415622745,9.613409497699511e-05
22.368400095355405,0.00027958176743084434,9.630945344396306e-05
22.370400095355404,0.0002933744400589542,9.656190268237129e-05
22.372400095355403,0.00030716711268706406,9.68143519207795e-05
22.3744000953554,0.0002775980239131676,9.693023629040469e-05
22.3764000953554,0.00022942525819500003,9.698752966606119e-05
22.378400095355403,0.0001812524924767469,9.70448230417178e-05
22.3804000953554,0.00012309989134879956,9.685258322703976e-05
22.3824000953554,6.066559937249294e-05,9.65532851359927e-05
22.384400095355403,-1.7686926039245984e-06,9.625398704494514e-05
22.386400095355402,3.093303636488289e-05,9.605088273989135e-05
22.3884000953554,0.0001044513784408175,9.588904886539784e-05
22.3904000953554,0.00017796972051675213,9.572721499090432e-05
22.3924000953554,0.00021239600307319627,9.5762913616547e-05
22.3944000953554,0.0002300504504071489,9.588336046431221e-05
22.3964000953554,0.00024770489774107013,9.600380731207721e-05
22.3984000953554,0.0001255820554763914,9.628783607775131e-05
22.4004000953554,-5.6510048802857276e-05,9.664204710925805e-05
22.4024000953554,-0.00023860215308178252,9.699625814076415e-05
22.4044000953554,-0.00020421183372799874,9.735176505968567e-05
22.406400095355398,-7.694310162933158e-05,9.770782795892292e-05
22.408400095355397,5.032563046933558e-05,9.806389085816016e-05
22.4104000953554,0.00018730026019959204,9.850850082703875e-05
22.412400095355398,0.00032843905468276036,9.89911005419862e-05
22.414400095355397,0.00046957784916592876,9.94737002569336e-05
22.4164000953554,0.0004722174148242935,9.956509887179043e-05
22.4184000953554,0.00041543602834635503,9.94886587048618e-05
22.420400095355397,0.0003586546418684165,9.941221853793314e-05
22.422400095355396,0.00041141823976058333,0.00010021540398309383
22.424400095355395,0.0005111804248378275,0.00010139597923991699
22.426400095355397,0.0006109426099152489,0.00010257655449674228
22.428400095355396,0.0005658515269076399,0.0001028662212001365
22.430400095355395,0.0004586133740612169,0.00010277365727234115
22.432400095355398,0.0003513752212146034,0.00010268109334454564
22.434400095355397,0.0002390218420758045,0.00010353878485647554
22.436400095355395,0.0001244738533897401,0.00010480416892024236
22.438400095355394,9.925864703675725e-06,0.00010606955298400916
22.440400095355393,6.63545582902427e-05,0.00010686468018768279
22.442400095355396,0.00019613818954846243,0.00010745805085822574
22.444400095355395,0.00032592182080645163,0.00010805142152876762
22.446400095355393,0.0003915770908938722,0.00010793494834860018
22.448400095355396,0.0004297190623373756,0.00010751392745352599
22.450400095355395,0.00046786103378081134,0.00010709290655845256
22.452400095355394,0.000358070265159414,0.00010772349097770101
22.454400095355393,0.00018481119503265176,0.00010880525072923071
22.45640009535539,1.1552124905889465e-05,0.00010988701048076042
22.458400095355394,-3.741564210730602e-05,0.00011042237166101787
22.460400095355393,-3.305810144175989e-05,0.00011072330878103518
22.46240009535539,-2.870056077621375e-05,0.00011102424590105252
22.464400095355394,-6.43898824571919e-06,0.0001110583221124533
22.466400095355393,2.3504039885179744e-05,0.00011097790566451901
22.468400095355392,5.344706801607869e-05,0.00011089748921658474
22.47040009535539,-2.6757689543489037e-05,0.00011064565037735396
22.47240009535539,-0.00015421970383013874,0.00011032026533014917
22.474400095355392,-0.00028168171811701484,0.0001099948802829438
22.47640009535539,-0.000195441641641588,0.00011030937777848063
22.47840009535539,-1.7515874378478595e-05,0.0001108984073234936
22.480400095355392,0.0001604098928849469,0.0001114874368685076
22.48240009535539,0.00025492392820004574,0.00011100929075196269
22.48440009535539,0.0003136514010841338,0.00011007328879733261
22.48640009535539,0.0003723788739682218,0.00010913728684270251
22.488400095355388,0.0003666983179805267,0.00010910853115961403
22.49040009535539,0.00033338445216258135,0.00010946901603788083
22.49240009535539,0.0003000705863446951,0.00010982950091614695
22.494400095355388,0.0003291757051917482,0.00011009473538340033
22.49640009535539,0.00038506076726727744,0.00011031910406898378
22.49840009535539,0.0004409458293427073,0.00011054347275456683
22.50040009535539,0.00038167088181174024,0.00010983219831734753
22.502400095355387,0.00027298822733460746,0.0001087194999711201
22.504400095355386,0.00016430557285747473,0.00010760680162489267
22.50640009535539,5.529249328216e-05,0.0001074301322443183
22.508400095355388,-5.38623503349347e-05,0.00010765505236279642
22.510400095355386,-0.0001630171939520294,0.00010787997248127453
22.51240009535539,-0.00015214078890796328,0.00010804050273704316
22.514400095355388,-8.976673072250499e-05,0.00010817340746318783
22.516400095355387,-2.739267253704669e-05,0.00010830631218933251
22.518400095355386,1.4666079778415985e-06,0.0001079384544190486
22.520400095355384,1.594686112216791e-05,0.00010735575179098063
22.522400095355387,3.0427114266519944e-05,0.00010677304916291166
22.524400095355386,2.0559787082462652e-05,0.0001058406556772274
22.526400095355385,2.4648377275508847e-07,0.00010475823240210411
22.528400095355387,-2.0066819536988566e-05,0.00010367580912697889
22.530400095355386,-3.873864555985876e-06,0.00010386878697461616
22.532400095355385,2.798157288670941e-05,0.00010460895723944905
22.534400095355384,5.98370103294047e-05,0.00010534912750428192
22.536400095355383,9.72158599943214e-05,0.0001047602032964354
22.538400095355385,0.00013696445013252235,0.00010360105024490905
22.540400095355384,0.00017671304027065267,0.00010244189719338475
22.542400095355383,0.00023010147410637636,0.00010218193167105942
22.544400095355385,0.0002893418871843423,0.00010230774965713252
22.546400095355384,0.00034858230026220296,0.00010243356764320538
22.548400095355383,0.00028821866237934465,0.00010259527929940197
22.550400095355382,0.00017654061606945883,0.0001027723906216958
22.55240009535538,6.486256975957302e-05,0.00010294950194398963
22.554400095355383,0.0001274002954059675,0.00010298956843337224
22.556400095355382,0.00026468281702179546,0.00010297083778883508
22.55840009535538,0.00040196533863762337,0.00010295210714429792
22.560400095355384,0.0003482033977350692,0.00010310583765025069
22.562400095355382,0.00021247654065863274,0.00010333356016600459
22.56440009535538,7.674968358219625e-05,0.00010356128268175849
22.56640009535538,-6.323294007314893e-06,0.00010430578849310081
22.56840009535538,-6.680586883325851e-05,0.00010527201287300039
22.57040009535538,-0.00012728844365930957,0.00010623823725290167
22.57240009535538,-5.445652754061598e-05,0.0001062428540450295
22.57440009535538,7.557209369963541e-05,0.00010583490664214218
22.576400095355382,0.0002056007149401178,0.00010542695923925413
22.57840009535538,0.00024029822076767756,0.0001049786344124784
22.58040009535538,0.00023409524882063272,0.0001045129862183929
22.58240009535538,0.0002278922768735879,0.0001040473380243074
22.584400095355377,0.0002427746515863271,0.00010461001184249308
22.58640009535538,0.00026670339962375946,0.00010561387284963509
22.58840009535538,0.00029063214766114924,0.00010661773385677529
22.590400095355378,0.0002270945334106678,0.00010677090621074334
22.59240009535538,0.00012603069407183433,0.00010655910244081746
22.59440009535538,2.4966854733180414e-05,0.000106347298670892
22.596400095355378,-1.2552795277488072e-06,0.00010711291670196931
22.598400095355377,4.632381861515471e-06,0.0001082978840017685
22.600400095355376,1.0520043250779752e-05,0.0001094828513015677
22.602400095355378,3.7056911801371526e-05,0.00010973111165604995
22.604400095355377,7.245303741855642e-05,0.00010957749083611871
22.606400095355376,0.00010784916303574131,0.00010942387001618743
22.60840009535538,0.00023198881197832846,0.00011013554283022084
22.610400095355377,0.0003942026483498534,0.00011121845797007382
22.612400095355376,0.0005564164847213784,0.00011230137310992682
22.614400095355375,0.0005087185464819543,0.00011257028345539193
22.616400095355374,0.0003709608388904681,0.0001124899562024902
22.618400095355376,0.00023320313129873715,0.00011240962894958832
22.620400095355375,0.00012008328015879201,0.00011365148882074793
22.622400095355374,1.7533964896976117e-05,0.00011546061502288803
22.624400095355377,-8.501535036502196e-05,0.00011726974122503136
22.626400095355375,7.646935323001966e-06,0.00011834828055979652
22.628400095355374,0.00018406210316010955,0.00011911337153644566
22.630400095355373,0.00036047727099721707,0.0001198784625130948
22.632400095355372,0.00040240684797020367,0.00011934940241025248
22.634400095355375,0.0003866372042731929,0.00011826510432067628
22.636400095355373,0.0003708675605762101,0.00011718080623110197
22.638400095355372,0.00037035514667236116,0.00011763802491087846
22.640400095355375,0.00037638864130979,0.0001187566105572567
22.642400095355374,0.0003824221359472081,0.00011987519620363296
22.644400095355373,0.0004728532059426539,0.00012037086318820286
22.64640009535537,0.0005994939211660458,0.00012059927529425063
22.64840009535537,0.0007261346363894375,0.00012082768740029841
22.650400095355373,0.0006989515185824298,0.00012042772748810973
22.65240009535537,0.0006057723447349487,0.00011975817297466384
22.65440009535537,0.0005125931708874676,0.00011908861846121792
22.656400095355373,0.0004433911766973022,0.00011923938005464651
22.658400095355372,0.0003844762716898419,0.0001197420873343435
22.66040009535537,0.00032556136668238165,0.00012024479461404046
22.66240009535537,0.00023171672032327298,0.00012083872600077912
22.66440009535537,0.00012288593238535264,0.0001214717958789759
22.66640009535537,1.405514444723896e-05,0.00012210486575717382
22.66840009535537,-6.919959038759809e-05,0.00012104102464153365
22.67040009535537,-0.00014148125798596172,0.00011924914631254252
22.67240009535537,-0.00021376292558445377,0.00011745726798354822
22.67440009535537,-0.00014885631787735196,0.00011667694586354361
22.67640009535537,-2.5090888218605537e-05,0.00011633061860692106
22.678400095355368,9.867454144014092e-05,0.00011598429135029855
22.680400095355367,0.00016650252490883793,0.00011685134396229118
22.68240009535537,0.00021033128113231688,0.00011823898128426438
22.684400095355368,0.00025416003735571793,0.00011962661860623511
22.686400095355367,0.00015969860513586034,0.00011875233128230582
22.68840009535537,5.9055749212187105e-06,0.00011690759475083975
22.69040009535537,-0.00014788745529314973,0.00011506285821937693
22.692400095355367,-0.000211447822690331,0.00011521361481804855
22.694400095355366,-0.0002362950405787847,0.00011622051177076294
22.696400095355365,-0.0002611422584672384,0.00011722740872347737
22.698400095355368,-0.00019787923188854182,0.00011711181264167529
22.700400095355366,-9.68136470768254e-05,0.00011651462547406659
22.702400095355365,4.251937734891023e-06,0.00011591743830645785
22.704400095355368,0.00010148837804566086,0.00011543186917793141
22.706400095355367,0.00019708197334057285,0.0001149941883281361
22.708400095355366,0.00029267556863548483,0.00011455650747834082
22.710400095355364,0.0002432919487689571,0.00011427218451444317
22.712400095355363,0.00013170771860694216,0.00011405365777987602
22.714400095355366,2.0123488444728983e-05,0.00011383513104530844
22.716400095355365,5.5472903451902144e-05,0.00011325567105681275
22.718400095355364,0.00015386231772106061,0.00011252135727676316
22.720400095355366,0.00025225173199039386,0.00011178704349671226
22.722400095355365,0.00014992126340702388,0.00011121956956896502
22.724400095355364,-3.8525511778472385e-05,0.00011072367615267548
22.726400095355363,-0.00022697228696396863,0.00011022778273638592
22.72840009535536,-0.00018257983450161802,0.00011039339143891641
22.730400095355364,-3.829066766789028e-05,0.00011084280922674328
22.732400095355363,0.00010599849916558117,0.00011129222701456932
22.73440009535536,0.00011453194667712159,0.000111448298240169
22.736400095355364,6.482111921024234e-05,0.0001114785128321064
22.738400095355363,1.5110291743451401e-05,0.00011150872742404377
22.740400095355362,9.407907216513534e-05,0.00011090843985601102
22.74240009535536,0.0002282562182719397,0.00011003764327428076
22.74440009535536,0.0003624333643787441,0.00010916684669255051
22.746400095355362,0.00044007542375719487,0.00010900686968229571
22.74840009535536,0.0004934618129419791,0.00010915186089780197
22.75040009535536,0.0005468482021267633,0.00010929685211330826
22.752400095355362,0.0004653607437566793,0.00011072435616084224
22.75440009535536,0.00032600734479324843,0.00011270210632868436
22.75640009535536,0.00018665394582981752,0.00011467985649652648
22.75840009535536,0.0002907190881659469,0.0001147688200672189
22.760400095355358,0.0004992199298894802,0.00011404742322652368
22.76240009535536,0.0007077207716133839,0.00011332602638582718
22.76440009535536,0.0006096559766638213,0.00011304989105812372
22.76640009535536,0.0003800629896653875,0.00011296478967156348
22.76840009535536,0.0001504700026665458,0.00011287968828500313
22.77040009535536,0.00019604888646235924,0.00011380502416459675
22.77240009535536,0.0003596868702713666,0.00011516387570085106
22.774400095355357,0.000523324854080374,0.00011652272723710537
22.776400095355356,0.0005195207016541408,0.0001171058234066224
22.77840009535536,0.0004438775552747313,0.00011735609125494732
22.780400095355358,0.0003682344088954562,0.00011760635910327175
22.782400095355356,0.00033842885072952355,0.00011765814161949078
22.78440009535536,0.00032828934977738056,0.00011762476642891416
22.786400095355358,0.0003181498488252555,0.00011759139123833762
22.788400095355357,0.0001959216205871246,0.00011929189299223194
22.790400095355356,2.5603087353519565e-05,0.000121736293558283
22.792400095355354,-0.00014471544588008542,0.00012418069412433407
22.794400095355357,-6.132100904707833e-05,0.0001248963099142408
22.796400095355356,0.00013092590494140547,0.000124870211532801
22.798400095355355,0.0003231728189298892,0.0001248441131513612
22.800400095355357,0.00028305971162886846,0.00012541456174092587
22.802400095355356,0.00014325533887124425,0.00012624095161554213
22.804400095355355,3.4509661136200424e-06,0.0001270673414901584
22.806400095355354,6.89779596597993e-05,0.00012821574606153502
22.808400095355353,0.0002225999110734087,0.00012950230717301774
22.810400095355355,0.000376221862487291,0.00013078886828450274
22.812400095355354,0.00043516060824939776,0.00013210408799781292
22.814400095355353,0.00045347665618366737,0.0001334316033417388
22.816400095355355,0.00047179270411796956,0.00013475911868566712
22.818400095355354,0.0003889043794533639,0.00013384432568971274
22.820400095355353,0.000262595522826675,0.00013196749697889337
22.822400095355352,0.00013628666619998608,0.00013009066826807398
22.82440009535535,0.00010449592163487135,0.00012997096433088007
22.826400095355353,0.00011325705353296477,0.00013060513396560174
22.828400095355352,0.00012201818543104263,0.00013123930360032233
22.83040009535535,0.00024175635813449413,0.00013103210430217763
22.832400095355354,0.00040910792164155374,0.00013046392558414876
22.834400095355353,0.000576459485148316,0.00012989574686612086
22.83640009535535,0.0006280894262188664,0.0001310729605395006
22.83840009535535,0.0006300703635196785,0.00013299901433105646
22.84040009535535,0.0006320513008204906,0.00013492506812261233
22.84240009535535,0.000544747685764766,0.00013639080010380297
22.84440009535535,0.00041913757678454854,0.00013765903639097833
22.84640009535535,0.0002935274678043311,0.00013892727267815366
22.848400095355352,0.00020191240151068562,0.0001378172957081743
22.85040009535535,0.0001248825128701618,0.00013568697400229423
22.85240009535535,4.785262422963801e-05,0.00013355665229641416
22.85440009535535,-2.221718295959443e-06,0.00013217589560381637
22.856400095355347,-4.0731095857558924e-05,0.00013111673110155627
22.85840009535535,-7.924047341922683e-05,0.0001300575665992943
22.86040009535535,-0.00011601917442880598,0.0001296669844350009
22.862400095355348,-0.00015205534860969667,0.000129563249817436
22.86440009535535,-0.00018809152279065138,0.0001294595151998709
22.86640009535535,-0.00013468252636193782,0.00012904668616898
22.868400095355348,-4.289810557081626e-05,0.00012850124372588813
22.870400095355347,4.888631522030528e-05,0.00012795580128279626
22.872400095355346,5.8628980882488373e-05,0.00012707227164010024
22.874400095355348,3.31725682952116e-05,0.00012604368954483976
22.876400095355347,7.716155707980044e-06,0.00012501510744958113
22.878400095355346,-4.236164744853826e-05,0.00012415531975357326
22.88040009535535,-0.0001030029784022697,0.000123367951376183
22.882400095355347,-0.00016364430935589342,0.00012258058299879421
22.884400095355346,-8.041658652277536e-05,0.0001239511811750337
22.886400095355345,6.453652640066196e-05,0.00012624763049033758
22.888400095355344,0.00020948963932409934,0.00012854407980564145
22.890400095355346,0.00024202946981831844,0.0001286136592908658
22.892400095355345,0.00022633964711091776,0.0001277278253471001
22.894400095355344,0.0002106498244035171,0.00012684199140333441
22.896400095355347,0.00018501635410269807,0.00012603938923147544
22.898400095355345,0.00015511667322472858,0.0001252724967187082
22.900400095355344,0.00012521699234675912,0.0001245056042059409
22.902400095355343,3.413376100558242e-05,0.00012377110866829315
22.904400095355342,-8.319959033255069e-05,0.0001230505126915239
22.906400095355345,-0.00020053294167089226,0.00012232991671475336
22.908400095355343,-0.0001530180367955355,0.00012102637535880143
22.910400095355342,-3.477681722869103e-05,0.0001194727277579729
22.912400095355345,8.34644023383635e-05,0.00011791908015714155
22.914400095355344,7.775611515645401e-05,0.00011824194154199032
22.916400095355343,1.8868661208888392e-05,0.0001193698983798518
22.91840009535534,-4.0018792738677215e-05,0.00012049785521771325
22.92040009535534,-1.5648142245750094e-05,0.00012068305061202246
22.922400095355343,4.444348275028337e-05,0.00012046376457219524
22.92440009535534,0.00010453510774621008,0.0001202444785323684
22.92640009535534,0.00013994165856844593,0.00012010272159001117
22.928400095355343,0.00016475734835021778,0.0001199942276588207
22.930400095355342,0.00018957303813194553,0.00011988573372763042
22.93240009535534,0.00013834501333573617,0.00011941499812314234
22.93440009535534,5.449126060413272e-05,0.00011878884667205243
22.93640009535534,-2.9362492127470727e-05,0.00011816269522096256
22.93840009535534,-0.00013812369979068924,0.00011916281060597493
22.94040009535534,-0.0002575711811785299,0.00012086065816025005
22.94240009535534,-0.00037701866256637065,0.00012255850571452518
22.94440009535534,-0.00034795300982127153,0.00012403539745203042
22.94640009535534,-0.0002551693977576967,0.00012541749047811603
22.94840009535534,-0.00016238578569412188,0.00012679958350420164
22.950400095355338,-0.00019788680647083926,0.00012698230709709606
22.952400095355337,-0.00028842697296911613,0.00012665045409928082
22.95440009535534,-0.00037896713946755384,0.00012631860110146498
22.956400095355338,-0.00037537048995996716,0.00012729143392748596
22.958400095355337,-0.00033138544425639134,0.00012882402828146328
22.96040009535534,-0.0002874003985527374,0.00013035662263544332
22.96240009535534,-0.00015904476228185114,0.00012992681245561558
22.964400095355337,5.509179887398168e-06,0.00012865505345057083
22.966400095355336,0.00017006312205664748,0.0001273832944455261
22.968400095355335,0.00019748249421175224,0.0001274344460800684
22.970400095355338,0.00016606572811743252,0.00012805317854615758
22.972400095355336,0.0001346489620231686,0.0001286719110122457
22.974400095355335,-2.0736278662945406e-05,0.00012953972509208446
22.976400095355338,-0.0002293088900774586,0.00013051440501967947
22.978400095355337,-0.0004378815014916013,0.00013148908494727278
22.980400095355336,-0.0003713055040769728,0.00013307676501910068
22.982400095355334,-0.00018667987406153716,0.000134927446390914
22.984400095355333,-2.0542440461015013e-06,0.00013677812776272732
22.986400095355336,8.420310927215568e-05,0.00013726373792984095
22.988400095355335,0.00012825657715381193,0.00013716367850234409
22.990400095355334,0.0001723100450354682,0.00013706361907484722
22.992400095355336,0.000116653845578175,0.00013649266364960754
22.994400095355335,1.8218245679274038e-05,0.00013571967517189327
22.996400095355334,-8.021735421962692e-05,0.00013494668669417897
22.998400095355333,-3.6044105596436837e-06,0.00013954689290900286
23.00040009535533,0.00014811130769521718,0.00014645241296216982
23.002400095355334,0.00029982702595034757,0.000153357933015349
23.004400095355333,0.00039106703789637364,0.0001524347116521908
23.006400095355332,0.00045636056773621704,0.00014815264900431438
23.008400095355334,0.0005216540975761763,0.00014387058635643028
23.010400095355333,0.0004554991414488569,0.00014296668659586066
23.012400095355332,0.0003329475523504913,0.00014351215318645199
23.01440009535533,0.0002103959632521256,0.0001440576197770433
23.01640009535533,8.250532491018817e-05,0.00014516630393827351
23.018400095355332,-4.7675978370167305e-05,0.0001465166308869718
23.02040009535533,-0.00017785728165029154,0.00014786695783566768
23.02240009535533,-0.000241403480996421,0.00014724727178773978
23.024400095355332,-0.0002763605611539714,0.0001457823715353047
23.02640009535533,-0.00031131764131145975,0.0001443174712828723
23.02840009535533,-0.00032233660679235746,0.00014376888378932336
23.03040009535533,-0.00032308516436238365,0.00014361343109084136
23.032400095355328,-0.0003238337219324099,0.0001434579783923594
23.03440009535533,-0.0002728724333378669,0.00014402729990497235
23.03640009535533,-0.00019972555134082528,0.00014490757855918686
23.03840009535533,-0.00012657866934378368,0.00014578785721340134
23.04040009535533,5.96439328367913e-05,0.0001453096757920853
23.04240009535533,0.0002943805502219497,0.00014424866056124194
23.04440009535533,0.0005291171676071083,0.00014318764533039857
23.046400095355327,0.00046652807641737125,0.00014248137398471916
23.048400095355326,0.0002763743257793648,0.00014192730200020232
23.05040009535533,8.622057514102066e-05,0.0001413732300156845
23.052400095355328,6.811057355408463e-05,0.00014072861327530523
23.054400095355327,0.00012381425288681883,0.00014004514919664692
23.05640009535533,0.00017951793221965197,0.0001393616851179874
23.058400095355328,0.00021547543767275778,0.00013963690440414565
23.060400095355327,0.0002429610400948112,0.00014032343742397812
23.062400095355326,0.0002704466425168646,0.00014100997044381056
23.064400095355325,0.00021149197908551832,0.00014051448369804814
23.066400095355327,0.00011545095929714803,0.00013951186285436206
23.068400095355326,1.9409939508948358e-05,0.00013850924201067773
23.070400095355325,-6.412859616732523e-05,0.00013896636258358346
23.072400095355327,-0.00014230306182272693,0.00014004977110863409
23.074400095355326,-0.00022047752747798976,0.00014113317963368278
23.076400095355325,-0.00021662641561640396,0.00014075251693419655
23.078400095355324,-0.00017758301780687095,0.0001397437085423327
23.080400095355323,-0.00013853961999733786,0.00013873490015046882
23.082400095355325,-4.451307246743746e-05,0.00013686021185346637
23.084400095355324,7.31034701105976e-05,0.00013461402605626025
23.086400095355323,0.00019072001268863263,0.00013236784025905414
23.088400095355325,9.659282845594409e-05,0.00013219819741880712
23.090400095355324,-8.838098992580687e-05,0.0001329194756044042
23.092400095355323,-0.0002733548083075578,0.00013364075379000128
23.094400095355322,-0.0002384942452083451,0.00013383608480017616
23.09640009535532,-0.00010931581773891504,0.0001338057631439064
23.098400095355323,1.9862609730744458e-05,0.00013377544148763664
23.100400095355322,-1.2997739171004798e-05,0.0001341297443293105
23.10240009535532,-0.00011537930275551435,0.0001346490666983631
23.104400095355324,-0.0002177608663402058,0.00013516838906741657
23.106400095355323,-0.00032936699027470446,0.0001359544295532896
23.10840009535532,-0.0004449308256558179,0.00013685490295562802
23.11040009535532,-0.0005604946610369315,0.00013775537635796642
23.11240009535532,-0.0006074641410199318,0.0001383025243649771
23.11440009535532,-0.0006250038499425691,0.00013869808139290615
23.11640009535532,-0.0006425435588651753,0.0001390936384208345
23.11840009535532,-0.0004753592179388637,0.00013967077954769408
23.120400095355322,-0.0002289207293555503,0.00014032582765526763
23.12240009535532,1.751775922732531e-05,0.00014098087576284006
23.12440009535532,0.0001216664705628183,0.00014087906327077016
23.12640009535532,0.00016476705944250896,0.00014045252668774466
23.128400095355317,0.00020786764832219962,0.0001400259901047192
23.13040009535532,0.00024368040930224653,0.00014108738240048316
23.13240009535532,0.0002763663942489106,0.0001427871569991072
23.134400095355318,0.00030905237919557466,0.00014448693159773123
23.13640009535532,0.000374715940549731,0.0001452105355346267
23.13840009535532,0.0004545282317811976,0.00014551532230811054
23.140400095355318,0.0005343405230126641,0.0001458201090815944
23.142400095355317,0.0004311089344847085,0.00014501376119503822
23.144400095355316,0.0002493440207693345,0.00014373069100725772
23.146400095355318,6.757910705363756e-05,0.00014244762081947496
23.148400095355317,0.00020494643803106808,0.00014242739671060998
23.150400095355316,0.0004792345963739102,0.00014294898538574224
23.15240009535532,0.0007535227547172397,0.00014347057406087537
23.154400095355317,0.000704337411952769,0.00014366138157131508
23.156400095355316,0.0005163686474667511,0.00014371027037212347
23.158400095355315,0.0003283998829807332,0.00014375915917293184
23.160400095355314,0.00015297575991375033,0.0001439983498023708
23.162400095355316,-1.706619592642698e-05,0.00014431918774488215
23.164400095355315,-0.00018710815176630223,0.00014464002568739297
23.166400095355314,-0.00012808566763270946,0.00014521276153114644
23.168400095355317,2.921489664503882e-05,0.00014589357195046276
23.170400095355316,0.00018651546092250768,0.00014657438236977789
23.172400095355314,0.0003141154259804784,0.00014887681667731818
23.174400095355313,0.00042897260899400194,0.00015187499451558688
23.176400095355312,0.0005438297920075254,0.00015487317235385556
23.178400095355315,0.0005022127292989628,0.00015574454632103838
23.180400095355314,0.0003934617531772929,0.00015570343359579575
23.182400095355312,0.00028471077705562306,0.00015566232087055312
23.184400095355315,0.00011936588694365697,0.00015622086810272883
23.186400095355314,-7.026013247167664e-05,0.000157036694253037
23.188400095355313,-0.0002598861518870103,0.00015785252040334508
23.19040009535531,-0.00019229706450831025,0.00015962232740928797
23.19240009535531,-1.4352046574301516e-05,0.00016180143170094525
23.194400095355313,0.0001635929713600233,0.0001639805359926064
23.196400095355312,0.0005184014929011217,0.0001645454964954087
23.19840009535531,0.0009490917897691082,0.00016441792239478434
23.200400095355313,0.0013797820866378594,0.00016429034829415978
23.202400095355312,0.0012536237252762257,0.00016475748275955623
23.20440009535531,0.0008885541744504383,0.0001654797718864441
23.20640009535531,0.0005234846236246507,0.00016620206101333198
23.20840009535531,0.00041480603075962026,0.0001678141504288896
23.21040009535531,0.00041612981543921507,0.0001698080011517608
23.21240009535531,0.00041745360011880754,0.00017180185187462847
23.21440009535531,0.00023688601575915083,0.0001721445828675422
23.21640009535531,-2.172053569943482e-05,0.00017177891478158697
23.21840009535531,-0.0002803270871575611,0.00017141324669563233
23.22040009535531,-0.00024674321524995307,0.00017081240106032333
23.222400095355308,-8.779747605741888e-05,0.00017011065445642355
23.224400095355307,7.11482631351153e-05,0.00016940890785252378
23.22640009535531,-1.2698288812932967e-05,0.00017009256824362717
23.22840009535531,-0.0002007128638164747,0.0001713706260396838
23.230400095355307,-0.0003887274388200164,0.00017264868383574044
23.23240009535531,-0.0003460311225471,0.00017217152579193973
23.23440009535531,-0.00020435019555308675,0.00017094130682553392
23.236400095355307,-6.266926855907348e-05,0.00016971108785912808
23.238400095355306,-9.273147363306127e-05,0.00016845020102590602
23.240400095355305,-0.00019647866638939528,0.00016717615639498117
23.242400095355308,-0.0003002258591459136,0.00016590211176405404
23.244400095355306,-0.00039677932324695534,0.00016626125467778194
23.246400095355305,-0.0004902463764577004,0.00016732110345146816
23.248400095355308,-0.0005837134296686115,0.00016838095222515624
23.250400095355307,-0.0005032369151299705,0.00017122751748299198
23.252400095355306,-0.0003481313154305626,0.00017484065904128547
23.254400095355305,-0.00019302571573115462,0.00017845380059957892
23.256400095355303,-0.00016199331410292694,0.0001794647928272511
23.258400095355306,-0.0001841935242587024,0.00017935935372830088
23.260400095355305,-0.00020639373441443842,0.00017925391462935084
23.262400095355304,-0.0001394883521376102,0.00017896520276732236
23.264400095355306,-3.435292443362612e-05,0.00017859785918458143
23.266400095355305,7.078250327017122e-05,0.00017823051560184112
23.268400095355304,3.5651295963932495e-05,0.00017611762618389393
23.270400095355303,-5.966020247187792e-05,0.000173255824121573
23.2724000953553,-0.0001549717009076883,0.000170394022059252
23.274400095355304,-2.8315723051618174e-05,0.0001679639496798326
23.276400095355303,0.00019357365797088472,0.00016571910753161213
23.278400095355302,0.00041546303899338765,0.00016347426538339165
23.280400095355304,0.0003462586121157136,0.0001624569848142251
23.282400095355303,0.00015216265666450328,0.00016196637996905656
23.284400095355302,-4.193329878670704e-05,0.000161475775123888
23.2864000953553,-0.000147841096898302,0.00016097848227136614
23.2884000953553,-0.0002159124490243647,0.00016047831998108067
23.290400095355302,-0.0002839838011505482,0.00015997815769079433
23.2924000953553,-0.00032676382278415655,0.00015910053879896773
23.2944000953553,-0.00035869279357688235,0.00015806097505513842
23.296400095355303,-0.00039062176436966485,0.0001570214113113074
23.2984000953553,-0.00028974975257528145,0.00015680967402791662
23.3004000953553,-0.00013190049345590917,0.0001569531093649365
23.3024000953553,2.5948765663463163e-05,0.00015709654470195638
23.304400095355298,-2.916689413410689e-05,0.00015752535390586126
23.3064000953553,-0.00017565353723640676,0.0001580766006030373
23.3084000953553,-0.0003221401803384464,0.00015862784730021236
23.3104000953553,-0.00013151294801202833,0.00015873229080360274
23.3124000953553,0.00020375045379822468,0.0001586450367615278
23.3144000953553,0.0005390138556078821,0.000158557782719453
23.3164000953553,0.0004931444779568959,0.00015734397459979483
23.318400095355297,0.00028375293125146116,0.00015564682687711363
23.320400095355296,7.436138454602643e-05,0.0001539496791544324
23.3224000953553,2.4726612386056652e-05,0.00015365538939223717
23.324400095355298,4.36342982489412e-05,0.00015396298542262973
23.326400095355297,6.254198411182573e-05,0.0001542705814530223
23.3284000953553,-1.1117499643717698e-06,0.00015690827177875546
23.330400095355298,-0.00010018785269436677,0.0001605456718864714
23.332400095355297,-0.00019926395542436178,0.00016418307199418734
23.334400095355296,-0.00023859563483754216,0.0001639373901376489
23.336400095355295,-0.0002522944066290772,0.00016202570038026926
23.338400095355297,-0.0002659931784206367,0.00016011401062288624
23.340400095355296,-0.0005036464344710198,0.0001607960451495608
23.342400095355295,-0.0008373857350488889,0.0001625908982378927
23.344400095355297,-0.0011711250356273508,0.00016438575132622784
23.346400095355296,-0.001020968399513036,0.00016615571490102794
23.348400095355295,-0.0006631997013127496,0.0001679149998095347
23.350400095355294,-0.0003054310031124632,0.00016967428471804135
23.352400095355293,-0.00014987400227378604,0.0001694254484392028
23.354400095355295,-8.107448273414372e-05,0.00016831504213928681
23.356400095355294,-1.2274963194623586e-05,0.0001672046358393728
23.358400095355293,6.249313175116494e-05,0.0001669032255594852
23.360400095355295,0.00013982200156926962,0.00016694890927418813
23.362400095355294,0.00021715087138723696,0.00016699459298889102
23.364400095355293,0.0003052833723317204,0.00016875267447613262
23.366400095355292,0.00039805109502810004,0.00017124544815252986
23.36840009535529,0.0004908188177244797,0.0001737382218289271
23.370400095355294,0.00046304830316302564,0.00017474516240245793
23.372400095355292,0.0003835617014747946,0.0001751146166815796
23.37440009535529,0.0003040750997865635,0.00017548407096070132
23.376400095355294,7.292522930625223e-05,0.0001764388100498184
23.378400095355293,-0.00022329471333283791,0.00017764466152180274
23.38040009535529,-0.000519514655971928,0.00017885051299378705
23.38240009535529,-0.0005009068426197083,0.00017884390963893948
23.38440009535529,-0.00034722435030225463,0.00017831711089668555
23.38640009535529,-0.00019354185798452792,0.00017779031215443068
23.38840009535529,2.2497066566066527e-05,0.00017788214427648743
23.39040009535529,0.0002652895919363625,0.00017823939574031518
23.392400095355292,0.0005080821173070897,0.0001785966472041436
23.39440009535529,0.0005965004133511424,0.00017771454531136086
23.39640009535529,0.0006186854937835231,0.0001763007072703512
23.39840009535529,0.0006408705742159038,0.00017488686922934155
23.400400095355288,0.0006362340862662963,0.00017593830003079523
23.40240009535529,0.0006200899849672399,0.00017804743783273114
23.40440009535529,0.0006039458836682122,0.00018015657563466328
23.406400095355288,0.00039982219899825443,0.00018107120157918744
23.40840009535529,0.00011504712956503596,0.00018147333018922582
23.41040009535529,-0.00016972793986767668,0.0001818754587992635
23.412400095355288,-4.812526714300744e-05,0.00018056170048872625
23.414400095355287,0.00024783108336987416,0.00017851175226364624
23.416400095355286,0.0005437874338827557,0.00017646180403856624
23.418400095355288,0.0004388300978462207,0.00017464662306374172
23.420400095355287,0.00016186337952682814,0.00017293216743467966
23.422400095355286,-0.0001151033387925644,0.00017121771180561758
23.42440009535529,-6.028958641494811e-05,0.0001720094874508295
23.426400095355287,0.00013687241401905942,0.00017387654528600046
23.428400095355286,0.000334034414453067,0.00017574360312117143
23.430400095355285,0.00040627251632793245,0.0001755716446715447
23.432400095355284,0.00042491282725979414,0.000174524859468811
23.434400095355286,0.00044355313819168895,0.00017347807426607538
23.436400095355285,0.00029356719569598416,0.00017132643604879543
23.438400095355284,7.123324049204395e-05,0.00016870076773055343
23.440400095355287,-0.00015110071471229118,0.00016607509941230677
23.442400095355286,-0.00018390948570440205,0.00016754575836669635
23.444400095355284,-0.00013540368165794198,0.00017077392048763426
23.446400095355283,-8.689787761148195e-05,0.00017400208260857217
23.448400095355282,7.195491048900664e-05,0.00017273100869751859
23.450400095355285,0.00027815137624541197,0.0001695295659393094
23.452400095355284,0.000484347842001451,0.00016632812318110587
23.454400095355282,0.0005586011466283547,0.00016458880225769538
23.456400095355285,0.0005762450629856655,0.00016347679556516064
23.458400095355284,0.0005938889793429448,0.00016236478887262786
23.460400095355283,0.00042721982628565844,0.0001639199265835218
23.46240009535528,0.00018147229345093788,0.00016661938606565727
23.46440009535528,-6.427523938378268e-05,0.00016931884554779276
23.466400095355283,-0.0002448997639136383,0.0001694339828837474
23.468400095355282,-0.0003975836619940965,0.0001684403326868512
23.47040009535528,-0.0005502675600745547,0.00016744668248995498
23.472400095355283,-0.00046180738771421604,0.000167707908647615
23.474400095355282,-0.00026988582122965956,0.00016850753185919683
23.47640009535528,-7.796425474510319e-05,0.0001693071550707786
23.47840009535528,-0.00010006356752804625,0.0001697123209599446
23.48040009535528,-0.00021398724592331146,0.00016994824731736053
23.48240009535528,-0.00032791092431877906,0.00017018417367477688
23.48440009535528,-0.00016558701713489693,0.00016896835789497917
23.48640009535528,0.00011525926287930192,0.000167129680842097
23.48840009535528,0.00039610554289399967,0.0001652910037892116
23.49040009535528,0.0004924998078043762,0.00016476263010514053
23.49240009535528,0.0005097560300372464,0.00016479643430708003
23.494400095355278,0.0005270122522701168,0.0001648302385090195
23.496400095355277,0.00031531260714184265,0.00016403186173203705
23.49840009535528,5.380793384998249e-06,0.0001628764425992803
23.50040009535528,-0.0003045510203712957,0.00016172102346652563
23.502400095355277,-0.0003244232173491921,0.000161976754911469
23.50440009535528,-0.00021984702585342575,0.00016283793228935158
23.50640009535528,-0.00011527083435784518,0.00016369910966723263
23.508400095355277,-8.296751464624113e-05,0.00016462610049597682
23.510400095355276,-8.167245330600744e-05,0.0001655813282058398
23.512400095355275,-8.037739196577373e-05,0.00016653655591570275
23.514400095355278,-5.6134591753108586e-05,0.00016481147129213689
23.516400095355277,-2.204619544399245e-05,0.0001619364139939628
23.518400095355275,1.2042200865123692e-05,0.00015906135669578874
23.520400095355278,3.756168203431423e-05,0.0001593868268318586
23.522400095355277,5.9404718722630506e-05,0.00016108546512622583
23.524400095355276,8.12477554109468e-05,0.00016278410342059307
23.526400095355275,6.595316748256095e-05,0.00016481743324407364
23.528400095355273,3.472489019326284e-05,0.00016699436058924987
23.530400095355276,3.4966129039092607e-06,0.00016917128793442988
23.532400095355275,8.210741760633927e-05,0.00016816947777737368
23.534400095355274,0.00020784406967883328,0.00016580384797030453
23.536400095355276,0.00033358072175155066,0.00016343821816323118
23.538400095355275,0.000366165552740336,0.00016363005005197044
23.540400095355274,0.0003587841079017355,0.00016491914679676444
23.542400095355273,0.000351402663063135,0.00016620824354155844
23.54440009535527,0.00046435688688723674,0.00016755779309326875
23.546400095355274,0.0006289404730437872,0.0001689332795920809
23.548400095355273,0.0007935240592000456,0.00017030876609089063
23.550400095355272,0.000756023740251224,0.0001695194342149157
23.552400095355274,0.0006318204132154902,0.0001678012987068149
23.554400095355273,0.0005076170861799771,0.00016608316319871713
23.556400095355272,0.0004642278316094029,0.00016774025628837823
23.55840009535527,0.00045551142267934045,0.0001708454731589849
23.56040009535527,0.00044679501374927797,0.00017395069002959157
23.562400095355272,0.0005232212059946017,0.00017654559142858773
23.56440009535527,0.0006361773805111519,0.00017892154467620048
23.56640009535527,0.0007491335550277021,0.0001812974979238132
23.568400095355273,0.0008730701778288496,0.00018117722657252173
23.57040009535527,0.001001717904418128,0.00017998596313967724
23.57240009535527,0.0011303656310074064,0.00017879469970683278
23.57440009535527,0.0009802812981046793,0.00018000253212735944
23.576400095355268,0.0007106084210559849,0.00018223968417797876
23.57840009535527,0.00044093554400681154,0.00018447683622860208
23.58040009535527,0.00034323174786989773,0.00018730317814447765
23.58240009535527,0.0003193104029316577,0.0001903823089468759
23.58440009535527,0.0002953890579933752,0.00019346143974927966
23.58640009535527,0.0003593895735779791,0.00019533623944935515
23.58840009535527,0.00046111251667203877,0.00019669432700941694
23.590400095355267,0.0005628354597660985,0.00019805241456947867
23.592400095355266,0.00045556893717795194,0.00019813565702080362
23.59440009535527,0.0002586365351247268,0.00019767193358806722
23.596400095355268,6.170413307185138e-05,0.00019720821015533168
23.598400095355267,0.00016988904722492986,0.00019641729918262824
23.60040009535527,0.0004089830280339986,0.00019548601002355496
23.602400095355268,0.0006480770088426426,0.00019455472086448336
23.604400095355267,0.0006614044399701729,0.00019537598462761248
23.606400095355266,0.0005778678440524975,0.00019694917259693604
23.608400095355265,0.0004943312481348221,0.00019852236056625952
23.610400095355267,0.0005389904760190222,0.00019877777576615972
23.612400095355266,0.0006386514980255124,0.00019846780697448758
23.614400095355265,0.0007383125200320026,0.00019815783818281547
23.616400095355267,0.0006554835475128435,0.00019762799318798522
23.618400095355266,0.0004943581215177858,0.00019700381136687824
23.620400095355265,0.0003332326955227282,0.0001963796295457712
23.622400095355264,0.0002600796167693796,0.00019707048173066893
23.624400095355263,0.00022467065470533178,0.00019832554299409284
23.626400095355265,0.00018926169264122107,0.00019958060425751903
23.628400095355264,0.0002861476408967317,0.00019967308614254688
23.630400095355263,0.000439794097525632,0.00019926676881917892
23.632400095355266,0.0005934405541548053,0.00019886045149581028
23.634400095355264,0.0006134309326497327,0.00019659181102771097
23.636400095355263,0.0005760767930117818,0.00019352414948377783
23.638400095355262,0.0005387226533738309,0.00019045648793984465
23.64040009535526,0.00042981230330129685,0.00019069753683088412
23.642400095355264,0.00029020109043632555,0.0001923581727076856
23.644400095355262,0.00015058987757160226,0.0001940188085844842
23.64640009535526,0.00026649314626228497,0.00019150283729088766
23.648400095355264,0.0004920237410178708,0.00018719491168876418
23.650400095355263,0.0007175543357730561,0.00018288698608664848
23.65240009535526,0.0006959612424987831,0.00018036784834160713
23.65440009535526,0.0005683408417943987,0.00017861618198533315
23.65640009535526,0.00044072044109001425,0.00017686451562905916
23.658400095355262,0.00032282251160922044,0.0001777349829623616
23.66040009535526,0.00020909596521859102,0.0001797304651072794
23.66240009535526,9.536941882796156e-05,0.00018172594725219716
23.664400095355262,3.9867276334990314e-05,0.00018256074262012188
23.66640009535526,9.346058794346168e-06,0.00018289755042049424
23.66840009535526,-2.1175158746297967e-05,0.00018323435822086663
23.67040009535526,-3.0306670785225682e-05,0.0001816422161919436
23.672400095355258,-3.0261022416536408e-05,0.00017922246660197826
23.67440009535526,-3.0215374047847052e-05,0.00017680271701200857
23.67640009535526,-5.809018819802603e-05,0.00017545331623016174
23.678400095355258,-9.794415722593455e-05,0.00017456314402079944
23.68040009535526,-0.00013779812625391386,0.00017367297181143548
23.68240009535526,-4.053641859705401e-05,0.00017381688907756524
23.684400095355258,0.00011555419026156618,0.00017440447805985737
23.686400095355257,0.00027164479912018645,0.00017499206704214954
23.688400095355256,0.0003501160464405524,0.00017422171460800958
23.69040009535526,0.0003952850308214899,0.00017286874307973586
23.692400095355257,0.00044045401520234704,0.00017151577155146458
23.694400095355256,0.0002796316729040628,0.00016964924382179008
23.69640009535526,3.042960111644167e-05,0.00016756237692109395
23.698400095355257,-0.0002187724706707367,0.00016547551002040153
23.700400095355256,-0.0003383161263177648,0.00016616613046267206
23.702400095355255,-0.0004022303661467315,0.00016804842054684283
23.704400095355254,-0.00046614460597569816,0.00016993071063101366
23.706400095355256,-0.00039392765737708264,0.00017034096100970782
23.708400095355255,-0.0002633041691008957,0.00017011963866463172
23.710400095355254,-0.0001326806808247087,0.0001698983163195557
23.712400095355257,0.0001999030389585672,0.00016885588409646843
23.714400095355256,0.0006191369957307921,0.00016746115793415934
23.716400095355255,0.001038370952503017,0.00016606643177185019
23.718400095355253,0.0010565958254749486,0.000166399091414579
23.720400095355252,0.0009027693188260468,0.00016747287918357804
23.722400095355255,0.0007489428121768717,0.00016854666695257893
23.724400095355254,0.0007423740164842497,0.00017030098476837125
23.726400095355253,0.0007989855738011978,0.000172347281376383
23.728400095355255,0.0008555971311182465,0.00017439357798439836
23.730400095355254,0.0008218628092260572,0.00017454205846256503
23.732400095355253,0.0007493659314526317,0.00017387628814778588
23.73440009535525,0.0006768690536792065,0.00017321051783300665
23.73640009535525,0.0005298099266819426,0.0001729112454603239
23.738400095355253,0.00035076014625078604,0.00017276921765539162
23.740400095355252,0.00017171036581994757,0.00017262718985045958
23.74240009535525,0.00010859847607433058,0.0001752771651386821
23.744400095355253,9.522930975367202e-05,0.00017912503903317077
23.746400095355252,8.186014343303722e-05,0.0001829729129276527
23.74840009535525,7.974527694932443e-05,0.0001843091622547049
23.75040009535525,8.245902680761309e-05,0.00018456780821175667
23.75240009535525,8.517277666590175e-05,0.00018482645416880843
23.75440009535525,1.592844410310359e-06,0.00018481230680972375
23.75640009535525,-0.00011901108235577653,0.0001846811184576975
23.75840009535525,-0.00023961500912186338,0.00018454993010567122
23.76040009535525,-0.00027962336418188653,0.0001868314576397692
23.76240009535525,-0.0002850524742529617,0.0001901481523914728
23.76440009535525,-0.0002904815843240369,0.00019346484714317637
23.766400095355248,-0.0002671648065259954,0.00019510983288030775
23.768400095355247,-0.00023151470567585257,0.0001960375776882424
23.77040009535525,-0.00019586460482564637,0.0001969653224961787
23.77240009535525,-0.0001923643396632667,0.0001963675727381686
23.774400095355247,-0.0002026578512189196,0.00019511531476955435
23.77640009535525,-0.00021295136277459076,0.00019386305680093785
23.77840009535525,-0.0002925133203072508,0.00019555319292980172
23.780400095355247,-0.0004017946706631144,0.000198505753309567
23.782400095355246,-0.0005110760210189781,0.00020145831368933228
23.784400095355245,-0.0005384917668764922,0.00020292529765453965
23.786400095355248,-0.000530783347228249,0.0002037548999968299
23.788400095355247,-0.0005230749275800196,0.00020458450233911882
23.790400095355245,-0.0003970809866408901,0.0002041085829742735
23.792400095355248,-0.00022033702964939871,0.0002030725337907446
23.794400095355247,-4.3593072658221264e-05,0.00020203648460721753
23.796400095355246,-5.885604847013405e-05,0.00020381401069392757
23.798400095355245,-0.000156498981059462,0.00020679869219824873
23.800400095355243,-0.00025414191364878986,0.00020978337370256987
23.802400095355246,-0.0004799647982961317,0.00021034242051256964
23.804400095355245,-0.0007607828858078419,0.00020986075643175672
23.806400095355244,-0.001041600973319552,0.00020937909235094378
23.808400095355246,-0.0010262578264799778,0.00020762856427034257
23.810400095355245,-0.0008838476233341688,0.00020533363403779217
23.812400095355244,-0.0007414374201883593,0.00020303870380524176
23.814400095355243,-0.0005883632741321149,0.00020329296204165428
23.81640009535524,-0.0004307137959754124,0.00020464094179646977
23.818400095355244,-0.00027306431781842994,0.0002059889215512877
23.820400095355243,0.0002471794123583411,0.0002067311224931632
23.822400095355242,0.0009229931170330613,0.00020721341585527042
23.824400095355244,0.0015988068217089816,0.00020769570921737847
23.826400095355243,0.0014310801903167224,0.00020692582563190781
23.828400095355242,0.0009014350670337266,0.0002056186992222697
23.83040009535524,0.00037178994375073053,0.00020431157281263165
23.83240009535524,0.0003497661290714475,0.000203434026894522
23.834400095355242,0.0005455357658843564,0.00020274079124148032
23.83640009535524,0.0007413054026969176,0.00020204755558843988
23.83840009535524,0.0006932703803182837,0.00020117010805706257
23.840400095355243,0.0005406316624172282,0.0002002136249432749
23.84240009535524,0.00038799294451644393,0.00019925714182948896
23.84440009535524,0.00021587570818397295,0.00019821366311843279
23.84640009535524,3.540126788791889e-05,0.00019713285918919476
23.848400095355238,-0.00014507317240813514,0.00019605205525995674
23.85040009535524,-0.00018027797258076726,0.0001956996664570037
23.85240009535524,-0.00015315523140660794,0.0001956598021695836
23.85440009535524,-0.00012603249023244865,0.00019561993788216355
23.85640009535524,-0.0002321059292890249,0.00019411453001765756
23.85840009535524,-0.0003953268318763588,0.00019198033461600866
23.86040009535524,-0.0005585477344636928,0.00018984613921435974
23.862400095355238,-0.00048120572073273484,0.000187124804811333
23.864400095355236,-0.00030065082079379357,0.00018415155996481423
23.86640009535524,-0.00012009592085453159,0.00018117831511829015
23.868400095355238,-0.00013544187959327932,0.00018178526713870884
23.870400095355237,-0.00023483859667011947,0.00018392829339431436
23.87240009535524,-0.0003342353137471362,0.00018607131964992366
23.874400095355238,-0.0004404335798795028,0.00018565486128757465
23.876400095355237,-0.0005495500334603646,0.0001841402625125409
23.878400095355236,-0.0006586664870412264,0.00018262566373750716
23.880400095355235,-0.0006780354080966155,0.0001812333860379601
23.882400095355237,-0.0006588983721529712,0.00017989358989350444
23.884400095355236,-0.0006397613362093609,0.00017855379374905118
23.886400095355235,-0.0006572109028481762,0.00018078536192052112
23.888400095355237,-0.0006903578628414586,0.00018454921531450898
23.890400095355236,-0.000723504822834682,0.0001883130687084902
23.892400095355235,-0.0005446028780170318,0.00018757214609567912
23.894400095355234,-0.0002747218521316943,0.0001848984599919212
23.896400095355233,-4.8408262463568025e-06,0.00018222477388816328
23.898400095355235,-7.534904702888743e-05,0.00017974143869103052
23.900400095355234,-0.00029190048712791363,0.00017733977311030794
23.902400095355233,-0.0005084519272269398,0.0001749381075295854
23.904400095355236,-0.0007140499619232618,0.0001768192816255295
23.906400095355234,-0.0009149484627715525,0.00018053799841106754
23.908400095355233,-0.0011158469636198434,0.00018425671519660554
23.910400095355232,-0.0009359716582139892,0.0001861375778669923
23.91240009535523,-0.0005927261910114172,0.00018722991328256404
23.914400095355234,-0.00024948072380823563,0.00018832224869813773
23.916400095355232,-9.928305951676041e-05,0.00018607574782354577
23.91840009535523,-3.19121395873148e-05,0.0001823967264244938
23.920400095355234,3.545878034225049e-05,0.00017871770502543525
23.922400095355233,7.990396210981384e-05,0.00017927090614159016
23.92440009535523,0.00011451290403885482,0.00018163993344469785
23.92640009535523,0.0001491218459678958,0.00018400896074780555
23.92840009535523,0.00010015248695915616,0.0001870970101325951
23.930400095355232,1.5324028908203133e-05,0.00019049355447063994
23.93240009535523,-6.950442914259921e-05,0.0001938900988086788
23.93440009535523,-0.00011590431645424713,0.00019361400720368732
23.936400095355232,-0.00014581650205665228,0.00019176217846481516
23.93840009535523,-0.00017572868765900428,0.00018991034972594626
23.94040009535523,-0.0002532675632760469,0.00018955110479621287
23.94240009535523,-0.0003512405778872194,0.00018983225005540205
23.944400095355228,-0.00044921359249839194,0.00019011339531459128
23.94640009535523,-0.00020987467143780553,0.00019342409790583764
23.94840009535523,0.00017418729947914351,0.0001980346263568948
23.950400095355228,0.0005582492703960927,0.00020264515480795204
23.95240009535523,0.0005139386346882072,0.0002042197463510971
23.95440009535523,0.000285835517173216,0.00020449177472776567
23.956400095355228,5.7732399658224825e-05,0.00020476380310443433
23.958400095355227,0.0001381025237199543,0.00020396965882093146
23.960400095355226,0.00035082254317853577,0.00020271807505474465
23.96240009535523,0.0005635425626374951,0.00020146649128855565
23.964400095355227,0.0005450147068487941,0.00020416733934052207
23.966400095355226,0.00042727034935616714,0.00020856397144153595
23.96840009535523,0.0003095259918633311,0.00021296060354255767
23.970400095355227,0.00026346488982367686,0.00021519892543310086
23.972400095355226,0.0002481593686167262,0.00021651122793849315
23.974400095355225,0.00023285384740977556,0.00021782353044388542
23.976400095355224,0.0003074703088294966,0.00021627345838919597
23.978400095355227,0.00042066765125331804,0.00021349528916554133
23.980400095355225,0.0005338649936769384,0.00021071711994189173
23.982400095355224,0.000394167929039245,0.00021212987471822982
23.984400095355227,0.0001459669151841236,0.00021534073887212387
23.986400095355226,-0.00010223409867055694,0.00021855160302601212
23.988400095355225,9.73734597141483e-05,0.00022082230628980967
23.990400095355223,0.0004891126084202997,0.00022268963494631054
23.992400095355222,0.000880851757126451,0.00022455696360281136
23.994400095355225,0.0007366806809628089,0.00022422656410622853
23.996400095355224,0.00036257810518671124,0.00022295323255399743
23.998400095355223,-1.1524470589386422e-05,0.0002216799010017664
24.000400095355225,-0.0001406235510263026,0.0002236138773353077
24.002400095355224,-0.0001646042264173077,0.00022692394460573358
24.004400095355223,-0.00018858490180831278,0.0002302340118761595
24.00640009535522,-7.693900188561904e-05,0.0002312259424134769
24.00840009535522,9.289729662154467e-05,0.00023122327952276671
24.010400095355223,0.00026273359512901,0.0002312206166320565
24.012400095355222,0.00042897457866129297,0.0002296430643996033
24.01440009535522,0.0005936729969779555,0.0002273898079426253
24.016400095355223,0.0007583714152949107,0.0002251365514856433
24.018400095355222,0.0006802328039155379,0.00022365517917378154
24.02040009535522,0.0004979052677302514,0.00022250498279194607
24.02240009535522,0.00031557773154496484,0.00022135478641011064
24.02440009535522,0.0003502487905313438,0.00022096145281686364
24.02640009535522,0.000478022837764235,0.00022089285029965985
24.02840009535522,0.0006057968849968991,0.00022082424778245625
24.03040009535522,0.0008085322922513469,0.00021992358994383688
24.03240009535522,0.0010434297855410298,0.00021866593971839985
24.03440009535522,0.0012783272788302956,0.00021740828949296507
24.03640009535522,0.0009646438660484353,0.0002160337957176885
24.038400095355218,0.0004155924118814754,0.0002146091703443735
24.040400095355217,-0.0001334590422854844,0.00021318454497105843
24.04240009535522,-0.00014246993013302618,0.00021204191740043359
24.04440009535522,8.02230286808584e-05,0.00021102028069551395
24.046400095355217,0.00030291598749474305,0.0002099986439905943
24.04840009535522,0.0003032859617948103,0.000210457024851176
24.05040009535522,0.00020826847759787247,0.00021155040579693798
24.052400095355218,0.00011325099340093465,0.0002126437867427
24.054400095355216,0.00038272675823776436,0.00021129927441358043
24.056400095355215,0.0008085880135635776,0.00020890878623562733
24.058400095355218,0.0012344492688901472,0.00020651829805767003
24.060400095355217,0.00125656137268324,0.00020521933378225767
24.062400095355216,0.0011054452559225436,0.0002043886868831451
24.064400095355218,0.0009543291391615788,0.00020355803998403098
24.066400095355217,0.0005644113852964084,0.0002032867864363188
24.068400095355216,7.203598504754443e-05,0.00020325554014685704
24.070400095355215,-0.00042033941520131955,0.0002032242938573954
24.072400095355214,-0.00035957329669227364,0.00020343098466221222
24.074400095355216,-6.148223413687619e-05,0.00020373976219469547
24.076400095355215,0.00023660882841799178,0.00020404853972717815
24.078400095355214,0.00039439237090271265,0.00020279244634797044
24.080400095355216,0.0004919770721265676,0.00020086494622192374
24.082400095355215,0.0005895617733502492,0.00019893744609588042
24.084400095355214,0.0007189271550626677,0.00019698999066562837
24.086400095355213,0.0008619280167296271,0.00019503397342529732
24.08840009535521,0.0010049288783965864,0.0001930779561849663
24.090400095355214,0.0007336322384398798,0.00019297279919822113
24.092400095355213,0.0002845815072280647,0.00019366175267829838
24.094400095355212,-0.00016446922398375037,0.00019435070615837568
24.096400095355214,-0.00010647744816877534,0.00019488269911202495
24.098400095355213,0.0001690606341021335,0.00019534734823885243
24.100400095355212,0.00044459871637304225,0.00019581199736567995
24.10240009535521,0.0007108884528068483,0.0001946385142685726
24.10440009535521,0.0009732101910954569,0.00019276219136198439
24.106400095355212,0.0012355319293845314,0.00019088586845539282
24.10840009535521,0.0009505880243839555,0.00019191062780060908
24.11040009535521,0.00043084004032936413,0.00019418009518614883
24.112400095355213,-8.890794372615067e-05,0.00019644956257169262
24.11440009535521,9.522982159656802e-05,0.0001999261886549558
24.11640009535521,0.0005813694897997387,0.00020392074570089818
24.11840009535521,0.0010675091580029093,0.00020791530274684054
24.12040009535521,0.0010814730825670887,0.00020918909448769082
24.12240009535521,0.0008928501655879002,0.00020929554280363233
24.12440009535521,0.0007042272486090467,0.00020940199111957368
24.12640009535521,0.00047986323825177413,0.0002094466575883603
24.12840009535521,0.00024016452208360463,0.0002094648165734358
24.13040009535521,4.6580591586090504e-07,0.00020948297555851124
24.13240009535521,-6.290980275191362e-05,0.00021158798770730622
24.134400095355208,-5.0634023587847255e-05,0.00021458836371552424
24.136400095355206,-3.8358244423780885e-05,0.00021758873972374228
24.13840009535521,-0.00018827564979028856,0.00021676608064062972
24.140400095355208,-0.00040778201149700027,0.0002143031490465064
24.142400095355207,-0.000627288373203712,0.00021184021745238306
24.14440009535521,-0.00031538821584539434,0.00020951011224197485
24.146400095355208,0.00022451184022134274,0.0002072369961744348
24.148400095355207,0.0007644118962880797,0.00020496388010689476
24.150400095355206,0.0006693166505566954,0.00020507430798107675
24.152400095355205,0.00030177671838091597,0.00020620739520406023
24.154400095355207,-6.576321379551638e-05,0.0002073404824270458
24.156400095355206,-0.00017051936178020925,0.00021096827047245258
24.158400095355205,-0.00016252813294154284,0.00021566640985081216
24.160400095355207,-0.00015453690410286225,0.00022036454922918003
24.162400095355206,0.0002922065035461387,0.00022095664848736436
24.164400095355205,0.0009271965472221014,0.0002197870511036982
24.166400095355204,0.0015621865908980643,0.00021861745372003206
24.168400095355203,0.0016319128132797145,0.00021855928252549573
24.170400095355205,0.0014591125453690761,0.00021897796883132357
24.172400095355204,0.0012863122774587445,0.00021939665513715065
24.174400095355203,0.0010439423850854394,0.00022212772647337914
24.176400095355206,0.0007717236357522202,0.00022585092692545145
24.178400095355205,0.0004995048864194847,0.00022957412737751717
24.180400095355203,0.0003837199461338232,0.00023259258589837452
24.182400095355202,0.0003350529615006848,0.00023530867475903214
24.1844000953552,0.0002863859768675465,0.00023802476361968968
24.186400095355204,0.0004569075181892353,0.00024006651407742038
24.188400095355203,0.0007214719501116469,0.00024181893947865232
24.1904000953552,0.0009860363820340585,0.0002435713648798843
24.192400095355204,0.0011572265791280085,0.00024775739654315197
24.194400095355203,0.001288354532987371,0.00025298756769718975
24.1964000953552,0.0014194824868467332,0.0002582177388512275
24.1984000953552,0.0011622473932662847,0.00026091801888735203
24.2004000953552,0.0007383849979539104,0.0002625328482519145
24.202400095355202,0.0003145226026407835,0.0002641476776164798
24.2044000953552,7.943827967316763e-05,0.0002613876554210862
24.2064000953552,-7.465073508321893e-05,0.000256750601396329
24.208400095355202,-0.00022873974983987917,0.00025211354737156354
24.2104000953552,-0.0003811760693845603,0.00025190069652310986
24.2124000953552,-0.0005329032992929109,0.0002535860520705592
24.2144000953552,-0.0006846305292012616,0.0002552714076180086
24.216400095355198,-0.0007362248341909321,0.00025820774628105886
24.2184000953552,-0.0007448570566224085,0.0002616808198885406
24.2204000953552,-0.0007534892790538695,0.00026515389349601623
24.222400095355198,-0.0004199546888037585,0.00026417661834132966
24.2244000953552,6.0386765339750946e-05,0.0002612899185411534
24.2264000953552,0.0005407282194824072,0.0002584032187409822
24.228400095355198,0.0007647994116636847,0.00025633911297927184
24.230400095355197,0.0008789176898185337,0.00025462794169734586
24.232400095355196,0.0009930359679733826,0.0002529167704154199
24.2344000953552,0.0009373818891149984,0.00025568855042151523
24.236400095355197,0.0008088868666811163,0.00026038374368266985
24.238400095355196,0.0006803918442472344,0.00026507893694382447
24.2404000953552,0.0005023349666331633,0.00026502985609521497
24.242400095355197,0.00030301353919378476,0.0002629452410070709
24.244400095355196,0.00010369211175440636,0.00026086062591892684
24.246400095355195,0.00020544420368184843,0.00025552386916769714
24.248400095355194,0.000436372122971463,0.00024879177850961457
24.250400095355197,0.0006673000422614877,0.00024205968785151995
24.252400095355195,0.0005570215093493578,0.00024036670057253303
24.254400095355194,0.0003003480648971012,0.0002408357447811221
24.256400095355197,4.367462044438852e-05,0.00024130478898971194
24.258400095355196,-8.265860264876647e-05,0.00024183114952434033
24.260400095355195,-0.00015306923863555753,0.00024238210167928465
24.262400095355193,-0.0002234798746223486,0.00024293305383422888
24.264400095355192,-0.00014881766791479892,0.00023966941679852728
24.266400095355195,-1.1911822177426403e-05,0.00023476912669792213
24.268400095355194,0.00012499402355970292,0.00022986883659732566
24.270400095355193,1.0768680976708456e-05,0.00022729104378841502
24.272400095355195,-0.00021120474653412485,0.00022570972074139088
24.274400095355194,-0.00043317817404456385,0.00022412839769436958
24.276400095355193,-0.00035490533844711927,0.00022679879571349106
24.27840009535519,-0.0001478115304804647,0.00023129339909095325
24.28040009535519,5.928227748618986e-05,0.0002357880024684155
24.282400095355193,0.00020002414247212045,0.00023516801124164223
24.284400095355192,0.00031229763357733844,0.0002323535975925743
24.28640009535519,0.00042457112468255643,0.00022953918394350638
24.288400095355193,0.0004418175200683581,0.00022533478152729703
24.290400095355192,0.0004182924307928592,0.0002205340028326297
24.29240009535519,0.0003947673415173605,0.00021573322413796238
24.29440009535519,0.00022119831670598314,0.0002141737655364385
24.29640009535519,-1.6747239127680338e-05,0.0002140049992197056
24.29840009535519,-0.0002546927949617665,0.00021383623290297237
24.30040009535519,-0.0003955410004981287,0.00021738464424133995
24.30240009535519,-0.0004947294659248934,0.00022252791532179674
24.30440009535519,-0.0005939179313518344,0.00022767118640226256
24.30640009535519,-0.00046084421476199293,0.00022703164098881863
24.30840009535519,-0.00022811810486318324,0.00022391097058687963
24.310400095355188,4.608005035626451e-06,0.00022079030018494063
24.312400095355187,-9.426174445938815e-05,0.00021904728668360003
24.31440009535519,-0.0003354031492660062,0.00021789535875267827
24.31640009535519,-0.0005765445540721959,0.00021674343082175848
24.318400095355187,-0.000605378717609027,0.00021895924641754475
24.32040009535519,-0.0005431221586794063,0.0002226199971417621
24.32240009535519,-0.00048086559974989615,0.00022628074786597288
24.324400095355188,-0.0001880018492562835,0.00023046543680908932
24.326400095355186,0.0002038042555687526,0.00023487492221475808
24.328400095355185,0.0005956103603937887,0.00023928440762042692
24.330400095355188,0.0005470181961708367,0.00023743638961744808
24.332400095355187,0.00030947248415868106,0.00023290358025068462
24.334400095355186,7.192677214652547e-05,0.00022837077088392122
24.336400095355188,-5.537960022024248e-05,0.00022583426910390472
24.338400095355187,-0.00013538761021479132,0.000224154286239442
24.340400095355186,-0.00021539562020934014,0.0002224743033749792
24.342400095355185,-0.00039429151519420106,0.000223671149165163
24.344400095355184,-0.0006156154183117217,0.0002261023029756626
24.346400095355186,-0.0008369393214296353,0.00022853345678616646
24.348400095355185,-0.0007494800589481302,0.00023010995512088648
24.350400095355184,-0.0005295368598483709,0.00023131976208606904
24.352400095355186,-0.00030959366074822094,0.0002325295690512537
24.354400095355185,-0.00020155116709712767,0.00023116688401526888
24.356400095355184,-0.0001415198653115378,0.00022870046682187443
24.358400095355183,-8.148856352594797e-05,0.00022623404962847992
24.360400095355182,-0.00017988619687118486,0.0002260516082302505
24.362400095355184,-0.00034625804820952714,0.000226849110732186
24.364400095355183,-0.0005126298995475738,0.00022764661323412
24.366400095355182,-0.0005556946223811902,0.0002307492352142675
24.368400095355184,-0.0005458541946092812,0.00023484087295237325
24.370400095355183,-0.0005360137668373897,0.00023893251069047173
24.372400095355182,-0.0005723877773169275,0.00023991247625739732
24.37440009535518,-0.0006285901801121991,0.00023955737298215086
24.37640009535518,-0.0006847925829074707,0.0002392022697069044
24.378400095355182,-0.0006884515810939732,0.0002379871626479064
24.38040009535518,-0.0006695667291564038,0.0002364030692898434
24.38240009535518,-0.0006506818772188345,0.00023481897593178043
24.384400095355183,-0.0005791637717556702,0.00023870796444222127
24.38640009535518,-0.0004850632635128654,0.00024494518968366466
24.38840009535518,-0.0003909627552700606,0.0002511824149251081
24.39040009535518,-0.0001905716376134904,0.0002554639741801951
24.39240009535518,5.542368443220961e-05,0.00025890645092507207
24.39440009535518,0.00030141900647834654,0.0002623489276699551
24.39640009535518,0.0001591231016699416,0.0002621341240783498
24.39840009535518,-0.0001497699726095986,0.0002603501566481566
24.40040009535518,-0.0004586630468896874,0.0002585661892179602
24.40240009535518,-0.0005107858250210708,0.00025772847134889035
24.40440009535518,6.499228774235286e-05,0.00014859458315980242
24.406400095355178,0.00012786795409588304,0.00014857480385054768
24.408400095355177,0.0001831064025716973,0.00014928364487164353
24.41040009535518,0.00016152190076304884,0.0001505460096833894
24.412400095355178,0.00010716645731223133,0.00015190133093156185
24.414400095355177,2.806500728413424e-05,0.00015267545899301548
24.41640009535518,3.133151701860635e-05,0.00015247165577455017
24.418400095355178,7.525189981230773e-05,0.00015194946224376444
24.420400095355177,0.0001317124317623662,0.0001513761496309683
24.422400095355176,0.00015795028626624749,0.00015145429674829925
24.424400095355175,0.0001687763002956267,0.00015181988284756519
24.426400095355177,0.000177560509547738,0.00015267722009315677
24.428400095355176,0.00014389740514106884,0.0001534350442735411
24.430400095355175,9.219994547718533e-05,0.0001540433327209126
24.432400095355177,0.00010779406416249349,0.00015424098441100523
24.434400095355176,0.0002513691686962524,0.00015401053144499847
24.436400095355175,0.000436929865165482,0.00015366689552628415
24.438400095355174,0.0005385463349196176,0.00015298122644803004
24.440400095355173,0.0005355174164999313,0.00015226633061526913
24.442400095355175,0.0005026226815512981,0.0001515981924725437
24.444400095355174,0.0004438217693640514,0.00015143371227423316
24.446400095355173,0.0004473358455568568,0.00015215957084054784
24.448400095355176,0.00048186285730294527,0.00015317531645069588
24.450400095355175,0.0006040827907445546,0.00015399067132535043
24.452400095355173,0.0006467812408082882,0.00015448093155118498
24.454400095355172,0.0006398518454003178,0.00015486889178407346
24.45640009535517,0.0006505960273898593,0.00015518130472530795
24.458400095355174,0.0006475728038900391,0.00015448947717408028
24.460400095355173,0.0006330184804205762,0.00015337739464030666
24.46240009535517,0.0005587471258989899,0.00015227301741123304
24.464400095355174,0.0005839887793267418,0.00015052213217476754
24.466400095355173,0.0006641469234376029,0.00014847157727723614
24.46840009535517,0.0007690362019510097,0.00014609360309733805
24.47040009535517,0.0009471313259654062,0.0001453567555740284
24.47240009535517,0.0011506145096396145,0.00014535771512269978
24.474400095355172,0.0012654513914110296,0.0001455711479321489
24.47640009535517,0.0011597097426033626,0.00014625971716876734
24.47840009535517,0.0009742429368035572,0.000147094344963461
24.480400095355172,0.0014964680266584764,0.00017739665311983837
24.48240009535517,0.001473887679317263,0.0001759781400783836
24.48440009535517,0.0014885085632725071,0.0001732014205109197
24.48640009535517,0.0015031294472277511,0.00017042470094345578
24.488400095355168,0.0013904320188904756,0.0001683570461871519
24.49040009535517,0.001223231427789103,0.00016659293201441735
24.49240009535517,0.0010560308366880274,0.00016482881784168598
24.494400095355168,0.000953647275896427,0.00016423572976037956
24.49640009535517,0.0008790109694319893,0.00016414394139347725
24.49840009535517,0.0008043746629676842,0.00016405215302657514
24.500400095355168,0.0008697274753230861,0.00016575637426187733
24.502400095355167,0.0009950076577989974,0.00016822944191237775
24.504400095355166,0.0011202878402749087,0.00017070250956287815
24.50640009535517,0.0011250386596705123,0.00017204503411766882
24.508400095355167,0.0010781925498902075,0.00017290358903593883
24.510400095355166,0.0010313464401099026,0.00017376214395420884
24.51240009535517,0.0010382161729272877,0.0001723294771895999
24.514400095355168,0.0010680809071254255,0.00016991597044904838
24.516400095355166,0.0010979456413235634,0.00016750246370849685
24.518400095355165,0.0010964309464469232,0.00016596812582127124
24.520400095355164,0.0010814831549332874,0.00016481014787797009
24.522400095355167,0.001066535363419625,0.00016365216993466687
24.524400095355166,0.001040855129895923,0.00016438038471071022
24.526400095355164,0.0010105804868232795,0.00016591605242549507
24.528400095355167,0.0009803058437505823,0.00016745172014028263
24.530400095355166,0.0009920050681401444,0.00017018514492353321
24.532400095355165,0.0010216727251799289,0.000173431312956746
24.534400095355164,0.0010513403822197133,0.00017667748098995883
24.536400095355162,0.000922682228084046,0.00017800113663111832
24.538400095355165,0.0007262469735669057,0.00017850179118096738
24.540400095355164,0.0005298117190501144,0.0001790024457308155
24.542400095355163,0.00044352445155162394,0.00017676115772952838
24.544400095355165,0.0004043900269463692,0.00017334608171961128
24.546400095355164,0.00036525560234118397,0.00016993100570970022
24.548400095355163,0.0005561615352829769,0.00016957901898301486
24.55040009535516,0.0008455446032120373,0.00017053829894030984
24.55240009535516,0.0011349276711410978,0.00017149757889760482
24.554400095355163,0.0010195095961778953,0.00017498695483411644
24.556400095355162,0.000730801659518846,0.00017955943043576297
24.55840009535516,0.0004420937228597966,0.0001841319060374095
24.560400095355163,0.0004665368313375172,0.00018729526520631514
24.562400095355162,0.0006250356582761302,0.0001898554007273283
24.56440009535516,0.0007835344852147432,0.0001924155362483415
24.56640009535516,0.0008835082355109716,0.00019260527131905605
24.56840009535516,0.0009584281905421002,0.00019178026995566105
24.57040009535516,0.0010333481455733619,0.00019095526859226456
24.57240009535516,0.001099034333268284,0.00018793349015627315
24.57440009535516,0.0011607676693245758,0.0001839713009935494
24.57640009535516,0.0012225010053809773,0.0001800091118308186
24.57840009535516,0.0011063509240313036,0.00017987641208932955
24.58040009535516,0.0009140513340650637,0.00018138306548109992
24.58240009535516,0.000721751744098824,0.00018288971887287032
24.584400095355157,0.0007289328962346158,0.00018852749502697633
24.58640009535516,0.0008215090930475033,0.0001959337497276366
24.58840009535516,0.0009140852898602263,0.00020334000442828376
24.590400095355157,0.0008152371186760259,0.0002059068103517356
24.59240009535516,0.0006344427189181655,0.00020640191255316597
24.59440009535516,0.0004536483191606261,0.00020689701475459538
24.596400095355158,0.0005024363503515772,0.00020505991030381378
24.598400095355156,0.0006495055820867526,0.00020222441904812902
24.600400095355155,0.0007965748138219281,0.00019938892779244435
24.602400095355158,0.0008684307760611393,0.00019890998989194623
24.604400095355157,0.0009080889289523283,0.0001994398614230401
24.606400095355156,0.0009477470818435174,0.00019996973295413397
24.608400095355158,0.0008852801455279765,0.00020232285554880363
24.610400095355157,0.0007790947991176017,0.00020545648798999663
24.612400095355156,0.0006729094527072267,0.00020859012043118963
24.614400095355155,0.0007238050398841317,0.00021115446048066306
24.616400095355154,0.0008419449210849204,0.0002134750939000567
24.618400095355156,0.000960084802285919,0.0002157957273194544
24.620400095355155,0.0010735993831148011,0.00021526574465533606
24.622400095355154,0.0011851339330787426,0.0002135154503626512
24.624400095355156,0.0012966684830428823,0.00021176515606996323
24.626400095355155,0.0013161650330231309,0.00020938844300205076
24.628400095355154,0.0012962613087072854,0.00020674356817950904
24.630400095355153,0.0012763575843914399,0.00020409869335696738
24.632400095355152,0.0011373640001825812,0.00020354842682191287
24.634400095355154,0.0009473895849095054,0.00020389483504443552
24.636400095355153,0.000757415169636767,0.00020424124326695757
24.638400095355152,0.0008584335225628924,0.00020499356169940852
24.640400095355155,0.0010840221370773738,0.00020591964507229264
24.642400095355153,0.0013096107515914548,0.00020684572844517505
24.644400095355152,0.0013456949769974837,0.00020562383794029454
24.64640009535515,0.0013006548005763867,0.00020348242732934167
24.64840009535515,0.0012556146241552897,0.00020134101671838878
24.650400095355153,0.0011737177782026938,0.0001993036616928074
24.65240009535515,0.0010760430621197035,0.00019731085153613066
24.65440009535515,0.0009783683460367132,0.00019531804137945397
24.656400095355153,0.0009510740426142624,0.00019427911436209117
24.65840009535515,0.0009539086999136561,0.00019364853260090567
24.66040009535515,0.0009567433572130496,0.00019301795083972022
24.66240009535515,0.0009033898738812042,0.00019419310235469037
24.66440009535515,0.0008259829582318404,0.00019614126544565403
24.66640009535515,0.0007485760425823393,0.00019808942853662113
24.66840009535515,0.0007330533554897684,0.00019748723944572243
24.67040009535515,0.0007440225272009479,0.00019579327670784787
24.67240009535515,0.0007549916989121468,0.0001940993139699703
24.67440009535515,0.0007941250870065064,0.0001908951240054001
24.67640009535515,0.0008453152228996855,0.00018704442470630946
24.678400095355148,0.0008965053587928644,0.0001831937254072188
24.680400095355147,0.0009146714643235267,0.0001818151533241737
24.68240009535515,0.0009187003948859465,0.00018149486802845712
24.684400095355148,0.0009227293254483591,0.00018117458273274117
24.686400095355147,0.000850960333181577,0.00018287039957393456
24.68840009535515,0.0007467431927444076,0.00018542928466849497
24.690400095355148,0.0006425260523074232,0.00018798816976305088
24.692400095355147,0.000647393096332984,0.0001884767651442812
24.694400095355146,0.0006989577290005379,0.00018807909513443813
24.696400095355145,0.0007505223616680918,0.00018768142512459499
24.698400095355147,0.0006632059521634342,0.00018480675623341913
24.700400095355146,0.0005164362808024214,0.00018087171466065938
24.702400095355145,0.0003696666094414085,0.00017693667308789967
24.704400095355147,0.0004340027194696262,0.00017434538058244353
24.706400095355146,0.0005887106229641661,0.00017232933055676884
24.708400095355145,0.0007434185264587061,0.00017031328053109416
24.710400095355144,0.001124971967736561,0.000171417676039348
24.712400095355143,0.0016036352110354736,0.0001738578961398702
24.714400095355145,0.0020822984543352363,0.00017629811624039673
24.716400095355144,0.0019250837707400891,0.00017851803037521267
24.718400095355143,0.0014956574850810565,0.0001806436342071658
24.720400095355146,0.0010662311994212616,0.00018276923803912275
24.722400095355145,0.0010457619938072668,0.00018202750045052404
24.724400095355143,0.0012003623590304332,0.00018005828874194103
24.726400095355142,0.0013549627242535995,0.00017808907703335803
24.72840009535514,0.0012607241407807483,0.0001750146058534411
24.730400095355144,0.0010599606051951086,0.00017146698642694054
24.732400095355143,0.0008591970696098255,0.0001679193670004463
24.73440009535514,0.00083714185029629,0.00016860871430482888
24.736400095355144,0.0008915895148669444,0.0001711118561801419
24.738400095355143,0.0009460371794375018,0.00017361499805545048
24.74040009535514,0.0012136314025998245,0.00017858688315316486
24.74240009535514,0.0015724711189101675,0.00018461560770572443
24.74440009535514,0.0019313108352205105,0.00019064433225828402
24.746400095355142,0.0019391643091719371,0.00019180536752613978
24.74840009535514,0.001796764750831237,0.0001908826029550957
24.75040009535514,0.0016543651924905373,0.00018995983838405165
24.752400095355142,0.001333880601881074,0.00018729265338213657
24.75440009535514,0.0009371599193703249,0.0001838787026661783
24.75640009535514,0.000540439236859576,0.0001804647519502201
24.75840009535514,0.0006129485584391626,0.00017913000730498366
24.760400095355138,0.0008863297090723547,0.0001786853462493824
24.76240009535514,0.0011597108597060325,0.00017824068519378032
24.76440009535514,0.0012109047329703349,0.0001803773502221573
24.766400095355138,0.00116698284221041,0.00018361905063141084
24.76840009535514,0.0011230609514504071,0.0001868607510406702
24.77040009535514,0.001035032436821089,0.00019158621458001637
24.772400095355138,0.0009281223921657136,0.0001969468597686168
24.774400095355137,0.0008212123475103386,0.00020230750495721727
24.776400095355136,0.0008342536513129662,0.00020223808544530197
24.77840009535514,0.0008986447314139357,0.00019984411842940817
24.780400095355137,0.0009630358115147905,0.0001974501514135187
24.782400095355136,0.0010311900844370034,0.0001951936734338024
24.78440009535514,0.0011009553366107985,0.00019299605291770222
24.786400095355138,0.0011707205887844696,0.00019079843240160592
24.788400095355136,0.0010068968243442337,0.00019205928746073857
24.790400095355135,0.0007430762955215988,0.0001948006760322413
24.792400095355134,0.0004792557666989637,0.000197542064603744
24.794400095355137,0.0005732453496716343,0.00020073198042733497
24.796400095355136,0.0008204093344490297,0.00020411390561920285
24.798400095355134,0.0010675733192264249,0.00020749583081107082
24.800400095355137,0.0012923456342300967,0.0002088717888854256
24.802400095355136,0.0015075323312307063,0.00020938901535519575
24.804400095355135,0.0017227190282313163,0.0002099062418249659
24.806400095355134,0.001669967051116655,0.0002092286352617537
24.808400095355132,0.0015025135745954119,0.00020803953426468976
24.810400095355135,0.0013350600980738714,0.0002068504332676237
24.812400095355134,0.0014286714056437008,0.00020691653464568717
24.814400095355133,0.001634041592353272,0.00020751997395320818
24.816400095355135,0.001839411779063208,0.0002081234132607303
24.818400095355134,0.001691389302554596,0.00021130262585149518
24.820400095355133,0.001392083408094821,0.00021558449796724256
24.822400095355132,0.0010927775136350465,0.00021986637008298987
24.82440009535513,0.0010102702696191995,0.00022058896690292304
24.826400095355133,0.0010205720970261924,0.00021978787787671917
24.828400095355132,0.0010308739244331668,0.00021898678885051676
24.83040009535513,0.001082885526808446,0.0002188637619633939
24.832400095355133,0.0011527526183996559,0.0002190310059113737
24.834400095355132,0.0012226197099907416,0.0002191982498593532
24.83640009535513,0.0010435613470497183,0.00022063027708470488
24.83840009535513,0.000757940761596425,0.00022260374398438195
24.84040009535513,0.0004723201761431313,0.00022457721088405897
24.84240009535513,0.0004998718207224536,0.00022777647641276455
24.84440009535513,0.0006614890355364273,0.00023150049278599424
24.84640009535513,0.000823106250350401,0.00023522450915922397
24.84840009535513,0.0009357299721607497,0.00023593084634802375
24.85040009535513,0.0010273801185277443,0.00023534534827141345
24.85240009535513,0.001119030264894739,0.00023475985019480312
24.85440009535513,0.0011686720442905909,0.0002319261205009351
24.856400095355127,0.0012003305016297205,0.00022812994746193487
24.85840009535513,0.0012319889589689063,0.0002243337744229279
24.86040009535513,0.0012435055184119377,0.00022383141305521904
24.862400095355127,0.0012463995507772802,0.00022473909658352861
24.86440009535513,0.0012492935831426278,0.00022564678011183982
24.86640009535513,0.0012235709993921166,0.00022784591809633538
24.868400095355128,0.0011855979524897458,0.00023059791373401253
24.870400095355127,0.001147624905587375,0.00023334990937168976
24.872400095355125,0.0010645035881041165,0.0002338495182169602
24.874400095355128,0.0009620547829960782,0.00023338490457273158
24.876400095355127,0.0008596059778882219,0.00023292029092850377
24.878400095355126,0.0009395178206111214,0.00023029845305034443
24.880400095355128,0.0010974962992580843,0.00022675313063272605
24.882400095355127,0.0012554747779047668,0.0002232078082151139
24.884400095355126,0.0014254712083826978,0.00022187337358822655
24.886400095355125,0.0016006123956811503,0.00022148539641103233
24.888400095355124,0.0017757535829796029,0.00022109741923383803
24.890400095355126,0.0017838044278261653,0.00022237684159303562
24.892400095355125,0.0017203256728011462,0.00022437005997367538
24.894400095355124,0.0016568469177761272,0.00022636327835431522
24.896400095355126,0.0015789923535297714,0.00022713432533164236
24.898400095355125,0.0014949836573685672,0.00022738217365468795
24.900400095355124,0.0014109749612073632,0.00022763002197773359
24.902400095355123,0.0012661625897578926,0.00022467123117374027
24.904400095355122,0.0010953208046339028,0.00022033971189656042
24.906400095355124,0.0009244790195096095,0.00021600819261937285
24.908400095355123,0.0008672821112093496,0.00021292388477870815
24.910400095355122,0.0008587353850617556,0.0002103734950984148
24.912400095355125,0.0008501886589141464,0.00020782310541811688
24.914400095355123,0.0007340358700640453,0.00020765713654133082
24.916400095355122,0.000571818046449759,0.0002085119133776342
24.91840009535512,0.00040960022283547255,0.00020936669021393755
24.92040009535512,0.0005492624504707922,0.00020963980649047652
24.922400095355123,0.0008181564001281764,0.00020966391990823361
24.92440009535512,0.0010870503497850826,0.00020968803332599065
24.92640009535512,0.001285612569181121,0.00020796687607785224
24.928400095355123,0.0014540664998516004,0.00020549858644836966
24.93040009535512,0.001622520430521781,0.00020303029681889147
24.93240009535512,0.0013617658320444754,0.00020038154224663945
24.93440009535512,0.0009172714638139495,0.0001976555324830713
24.93640009535512,0.00047277709558342373,0.00019492952271950314
24.93840009535512,0.0005385477949901025,0.0001953490247525223
24.94040009535512,0.0008227577641748958,0.0001971150882954378
24.94240009535512,0.001106967733359689,0.0001988811518383533
24.94440009535512,0.0011221510718318472,0.0002016761979319052
24.94640009535512,0.0010221668399742999,0.00020491174101251231
24.94840009535512,0.0009221826081167526,0.00020814728409311942
24.950400095355118,0.0008460582686420679,0.00020749703108676273
24.952400095355117,0.0007801481082178517,0.00020518330800480903
24.95440009535512,0.000714237947793518,0.0002028695849228512
24.956400095355118,0.0007367075440110405,0.00019999297591854107
24.958400095355117,0.0007970116265052566,0.00019687540110357516
24.96040009535512,0.0008573157089995797,0.00019375782628860372
24.962400095355118,0.0008561188975319611,0.00019445563273001655
24.964400095355117,0.000828594167702847,0.0001967867657747509
24.966400095355116,0.000801069437873733,0.0001991178988194852
24.968400095355115,0.000810108427816971,0.00020339543825246395
24.970400095355117,0.0008347999828979884,0.00020850621492078192
24.972400095355116,0.0008594915379789619,0.00021361699158909084
24.974400095355115,0.000771340573643378,0.00021595639704723147
24.976400095355118,0.0006348828419468155,0.00021710940587924379
24.978400095355116,0.0004984251102504953,0.00021826241471125418
24.980400095355115,0.00047016495591298594,0.000216489049231836
24.982400095355114,0.0004882231209005855,0.0002134629316748733
24.984400095355113,0.000506281285888185,0.0002104368141179106
24.986400095355116,0.0005948887838750569,0.0002091685579441741
24.988400095355114,0.0007136977615967255,0.00020865282504295768
24.990400095355113,0.000832506739318394,0.00020813709214174118
24.992400095355116,0.0009694296414906625,0.00021152383308006132
24.994400095355115,0.001114106938593431,0.00021658118512429825
24.996400095355114,0.0012587842356961993,0.00022163853716853518
24.998400095355112,0.0012976024724152247,0.00022361736095429598
25.00040009535511,0.0012911034690495237,0.0002242782965622168
25.002400095355114,0.0012846044656838111,0.0002249392321701388
25.004400095355113,0.0011369221381240973,0.00022383959517328114
25.00640009535511,0.0009288005872219537,0.00022198627397555744
25.008400095355114,0.0007206790363194401,0.00022013295277783043
25.010400095355113,0.0005567966877112879,0.0002186656894666385
25.01240009535511,0.00041185271851407114,0.00021736369384452333
25.01440009535511,0.0002669087493168543,0.00021606169822240812
25.01640009535511,0.0001978663770196754,0.0002191106080784337
25.018400095355112,0.0001613167564909993,0.00022402209919024732
25.02040009535511,0.00012476713596238807,0.0002289335903020522
25.02240009535511,0.0002271253080114263,0.00023315359241212974
25.024400095355112,0.00038894859236410044,0.00023707757462022597
25.02640009535511,0.0005507718767164871,0.0002410015568283152
25.02840009535511,0.0004985706463295445,0.00024241355359551142
25.03040009535511,0.00035474753390438423,0.000242750193018585
25.032400095355108,0.00021092442147922395,0.00024308683244165865
25.03440009535511,0.00014478914319945605,0.00024221872451654446
25.03640009535511,0.00011191130026016766,0.00024083487551724078
25.038400095355108,7.903345732087926e-05,0.00023945102651793713
25.04040009535511,0.0001999517659608788,0.00024070626402366205
25.04240009535511,0.00038670877712627786,0.00024309126992449605
25.04440009535511,0.000573465788291677,0.00024547627582533003
25.046400095355107,0.0006438714983636311,0.0002467881632883261
25.048400095355106,0.0006644682920602852,0.0002476406586686488
25.05040009535511,0.0006850650857569761,0.000248493154048973
25.052400095355107,0.000612013305731319,0.0002487445381206029
25.054400095355106,0.0004988714320595497,0.00024873859196605466
25.05640009535511,0.0003857295583875795,0.00024873264581150626
25.058400095355108,0.00033202271029494934,0.00025090392752003074
25.060400095355106,0.00030375945352070565,0.0002540072605806871
25.062400095355105,0.0002754961967464619,0.0002571105936413435
25.064400095355104,0.0004702025385676028,0.00025833976252078063
25.066400095355107,0.0007603601398551744,0.0002587666187411374
25.068400095355106,0.0010505177411422306,0.0002591934749614935
25.070400095355104,0.001102086950239088,0.0002594784321092911
25.072400095355107,0.0010515186235410135,0.0002597026435457423
25.074400095355106,0.001000950296843029,0.0002599268549821931
25.076400095355105,0.0010025084280245562,0.0002579428121180853
25.078400095355104,0.001026381427796778,0.00025501343541514833
25.080400095355103,0.001050254427569,0.0002520840587122114
25.082400095355105,0.0009887915419307181,0.00025125798520910756
25.084400095355104,0.0008907971254148983,0.0002513323170327947
25.086400095355103,0.0007928027088990785,0.00025140664885648186
25.088400095355105,0.0009840848038101988,0.0002539177747922232
25.090400095355104,0.0012992036067069565,0.00025747207066729484
25.092400095355103,0.0016143224096037139,0.0002610263665423665
25.094400095355102,0.0015446046578410097,0.00026215855061231705
25.0964000953551,0.0013101417709587104,0.00026225384997945525
25.098400095355103,0.0010756788840759948,0.00026234914934659357
25.100400095355102,0.00094570598857256,0.00026045732411249744
25.1024000953551,0.0008604643424232398,0.0002577148282556694
25.104400095355103,0.0007752226962737682,0.00025497233239883644
25.106400095355102,0.0006940685678868072,0.0002535021815735688
25.1084000953551,0.0006146642702402607,0.00025257671057064715
25.1104000953551,0.0005352599725937142,0.0002516512395677255
25.1124000953551,0.0009452629699048284,0.00025193801626026836
25.1144000953551,0.0015647769921189561,0.00025274374569366566
25.1164000953551,0.002184291014331984,0.00025354947512706155
25.1184000953551,0.002124851162014379,0.0002545260434003764
25.1204000953551,0.0017747569993674306,0.00025557574631075264
25.1224000953551,0.0014246628367211042,0.0002566254492211271
25.1244000953551,0.0012774985323950733,0.0002537245251387119
25.1264000953551,0.0012172067647107144,0.000249132371431295
25.128400095355097,0.0011569149970263556,0.00024454021772387806
25.1304000953551,0.0011711652651528362,0.0002412802035932904
25.1324000953551,0.0012173263451991565,0.00023859046709230372
25.134400095355097,0.001263487425245477,0.00023590073059131706
25.1364000953551,0.001180010561245621,0.0002374072052097076
25.1384000953551,0.0010410367884343215,0.0002407100423634611
25.140400095355098,0.000902063015623022,0.00024401287951721459
25.142400095355097,0.0006364115073358098,0.0002442512969746478
25.144400095355095,0.0003165303237837536,0.00024317786208184506
25.146400095355098,-3.350859768870844e-06,0.00024210442718904045
25.148400095355097,0.00012424836730142065,0.00023956853034200388
25.150400095355096,0.00044341022594818484,0.00023640656573002575
25.152400095355098,0.000762572084595516,0.00023324460111804197
25.154400095355097,0.001012663576700827,0.00023175081089166428
25.156400095355096,0.0012331866172976427,0.0002309711522950751
25.158400095355095,0.0014537096578944582,0.0002301914936984859
25.160400095355094,0.0014507633664340124,0.00023212929035113728
25.162400095355096,0.0013521516939950168,0.00023523040722011658
25.164400095355095,0.0012535400215561965,0.0002383315240890904
25.166400095355094,0.0011199476739020323,0.00024061113202900947
25.168400095355096,0.0009713803853628275,0.00024253905871712147
25.170400095355095,0.0008228130968238865,0.00024446698540523
25.172400095355094,0.000815173294428624,0.00024233875534542231
25.174400095355093,0.0008678634034260943,0.0002384741175493172
25.176400095355092,0.0009205535124235646,0.0002346094797532121
25.178400095355094,0.0009964666386741128,0.00023087704955284253
25.180400095355093,0.0010823213510944198,0.00022720121635669624
25.182400095355092,0.001168176063514727,0.00022352538316054984
25.184400095355095,0.00098095072695495,0.0002247228723188298
25.186400095355093,0.0006768220119106768,0.00022800659168618475
25.188400095355092,0.0003726932968664034,0.0002312903110535397
25.19040009535509,0.0005583632506624025,0.00023405587930518893
25.19240009535509,0.0009537121117687416,0.00023659963119294303
25.194400095355093,0.0013490609728757834,0.00023914338308070164
25.19640009535509,0.001500653629502927,0.00023823016270400714
25.19840009535509,0.0015478961843303522,0.0002358370398629437
25.200400095355093,0.0015951387391578615,0.00023344391702187595
25.20240009535509,0.0015756713107248225,0.00023210379970463001
25.20440009535509,0.001527645862921736,0.00023121446577356093
25.20640009535509,0.0014796204151186498,0.00023032513184249184
25.20840009535509,0.0014476712512713737,0.0002317866343480891
25.21040009535509,0.0014226042190512676,0.00023425451157534045
25.21240009535509,0.0013975371868312062,0.00023672238880258748
25.21440009535509,0.0014049790134086017,0.0002385436601723002
25.21640009535509,0.0014263376303154378,0.00024008812458914373
25.21840009535509,0.0014476962472222362,0.00024163258900598454
25.22040009535509,0.001222549625544612,0.00024146998217101448
25.222400095355088,0.0008918760098855575,0.00024057659128151395
25.224400095355087,0.000561202394226503,0.00023968320039201348
25.22640009535509,0.00022761014481546802,0.00023908218118382792
25.228400095355088,-0.00010723154937898724,0.00023860632405603115
25.230400095355087,-0.0004420732435734425,0.0002381304669282344
25.23240009535509,-0.00020931195569330808,0.0002404635070056664
25.234400095355088,0.00026643585734016455,0.00024399901464046596
25.236400095355087,0.0007421836703736371,0.0002475345222752655
25.238400095355086,0.0008925105537510391,0.00025132863226935
25.240400095355085,0.000903527191710039,0.0002552334479828725
25.242400095355087,0.0009145438296690588,0.00025913826369640186
25.244400095355086,0.0006980880790914111,0.0002602971251998955
25.246400095355085,0.0003842531026500806,0.0002602804642720737
25.248400095355088,7.04181262081927e-05,0.0002602638033442518
25.250400095355086,0.00015596150386953074,0.0002602378082754994
25.252400095355085,0.00041247578499414855,0.00026020781733042674
25.254400095355084,0.0006689900661187664,0.0002601778263853541
25.256400095355083,0.0005527427043967141,0.0002626767130478963
25.258400095355086,0.00027691883554327375,0.0002662581935430692
25.260400095355084,1.0949666903233707e-06,0.00026983967403823583
25.262400095355083,3.654950777706237e-05,0.0002717845252077049
25.264400095355086,0.000205260054484771,0.00027302874735935786
25.266400095355085,0.0003739706011921799,0.00027427296951100863
25.268400095355084,0.0004878330692544095,0.0002750114689694449
25.270400095355082,0.0005782154739687578,0.00027553347222297384
25.27240009535508,0.0006685978786831061,0.0002760554754765028
25.274400095355084,0.0007299289644275688,0.00027729428352373024
25.276400095355083,0.0007788233903772678,0.00027883995052519395
25.27840009535508,0.0008277178163269669,0.0002803856175266576
25.280400095355084,0.0011511821543197616,0.0002815353216260703
25.282400095355083,0.0015921879028642824,0.000282515516846349
25.284400095355082,0.002033193651408803,0.0002834957120666277
25.28640009535508,0.0020428433978833542,0.00028286949902578553
25.28840009535508,0.0018678327099509006,0.0002815555940416064
25.290400095355082,0.0016928220220181363,0.0002802416890574249
25.29240009535508,0.0016412449432666456,0.0002791335321893233
25.29440009535508,0.001642508920658692,0.0002781134546362902
25.296400095355082,0.001643772898050741,0.00027709337708325515
25.29840009535508,0.0013400572749093374,0.0002780224045536209
25.30040009535508,0.000905782022966172,0.0002797858302194906
25.30240009535508,0.00047150677102300625,0.0002815492558853603
25.304400095355078,0.0002466855779326025,0.00028162801975205456
25.30640009535508,0.00011153021011266542,0.0002809855916239376
25.30840009535508,-2.3625157707031616e-05,0.0002803431634958218
25.310400095355078,-9.359409669241868e-05,0.0002776700682277808
25.31240009535508,-0.00013565717557674294,0.0002741276583779704
25.31440009535508,-0.00017772025446099245,0.0002705852485281663
25.31640009535508,0.0002073633349315704,0.00026900654077412103
25.318400095355077,0.0007753054864770432,0.0002682684804332365
25.320400095355076,0.0013432476380225164,0.00026753042009235195
25.32240009535508,0.00137042557676665,0.0002701134503159792
25.324400095355077,0.0011661060322231212,0.0002741182168328948
25.326400095355076,0.0009617864876795922,0.0002781229833498104
25.32840009535508,0.0008377721248801187,0.0002786145149323959
25.330400095355078,0.0007481358687278978,0.0002776020543363298
25.332400095355077,0.0006584996125756769,0.00027658959374026376
25.334400095355075,0.0007462841423079524,0.000273306186932787
25.336400095355074,0.0009100213232111018,0.000269050603248947
25.338400095355077,0.001073758504114542,0.0002647950195650995
25.340400095355076,0.0009530608026463121,0.00026369883264446795
25.342400095355075,0.0007105984162922462,0.0002639551625041064
25.344400095355077,0.0004681360299377497,0.00026421149236374524
25.346400095355076,0.0004062520598561943,0.0002659576129474744
25.348400095355075,0.00042167252059161246,0.0002683415031292515
25.350400095355074,0.0004370929813270306,0.0002707253933110286
25.352400095355073,0.00033483338146680637,0.0002712262098510103
25.354400095355075,0.00018219571638196472,0.0002709208948656638
25.356400095355074,2.9558051297394233e-05,0.0002706155798803179
25.358400095355073,-6.611111903104706e-06,0.00026640317449675013
25.360400095355075,7.0791359446564426e-06,0.0002605181690280307
25.362400095355074,2.076938379239327e-05,0.00025463316355932183
25.364400095355073,5.839860032563157e-06,0.00025335476666969725
25.366400095355072,-2.1341604044850198e-05,0.0002540484293112006
25.36840009535507,-4.8523068122263563e-05,0.00025474209195270404
25.370400095355073,-0.00010764840425305511,0.00025809762297938725
25.372400095355072,-0.0001804487084407543,0.0002625926828984455
25.37440009535507,-0.0002532490126284535,0.00026708774281750374
25.376400095355073,-7.278403688846773e-05,0.0002672793332820213
25.378400095355072,0.0002161022046715402,0.0002656286356689373
25.38040009535507,0.0005049884462315483,0.00026397793805585336
25.38240009535507,0.0009195024847715439,0.0002594753169502562
25.38440009535507,0.001387796995971874,0.00025375180526864346
25.38640009535507,0.0018560915071730358,0.00024802829358702054
25.38840009535507,0.0016320120098909316,0.00024740623881003835
25.39040009535507,0.0011115315014078825,0.00024896808603776135
25.39240009535507,0.0005910509929239088,0.0002505299332654872
25.39440009535507,0.00038067444757812794,0.0002545046241547243
25.39640009535507,0.000303051498618063,0.0002595122385523936
25.39840009535507,0.00022542854965799808,0.0002645198529500629
25.400400095355067,0.00013542090273029338,0.00026681137407357153
25.40240009535507,4.011144223323455e-05,0.0002679401522530279
25.40440009535507,-5.5198018263654975e-05,0.00026906893043248217
25.406400095355067,-7.911375837251431e-05,0.0002666316494490723
25.40840009535507,-7.246627897286748e-05,0.0002626677601255586
25.41040009535507,-6.581879957323242e-05,0.00025870387080205193
25.412400095355068,-3.418814203957546e-05,0.000259151435836729
25.414400095355067,8.137664143642446e-06,0.0002614875180115564
25.416400095355066,5.046347032686034e-05,0.00026382360018638377
25.418400095355068,3.655217318624002e-05,0.000267562007076307
25.420400095355067,-1.4338934316997682e-06,0.00027190074083679083
25.422400095355066,-3.9419960049639555e-05,0.00027623947459727463
25.424400095355068,7.5718445894468e-05,0.00027591711034609764
25.426400095355067,0.0002564085360175899,0.0002735993575089109
25.428400095355066,0.00043709862614071184,0.0002712816046717242
25.430400095355065,0.00031621929052493567,0.00026883156408659864
25.432400095355064,6.623984518049623e-05,0.000266324891889257
25.434400095355066,-0.00018373960016438727,0.00026381821969191096
25.436400095355065,-0.0002548308888907676,0.00026546316215478744
25.438400095355064,-0.0002493411931184223,0.00026888538682543845
25.440400095355066,-0.0002438514973460672,0.00027230761149609547
25.442400095355065,-0.00011658032151737151,0.0002745533650732563
25.444400095355064,6.282480756647171e-05,0.0002762954781217779
25.446400095355063,0.00024222993665031493,0.00027803759117029953
25.448400095355062,0.00036599499478906126,0.00027853901940035167
25.450400095355064,0.0004659408546653788,0.0002785093175083431
25.452400095355063,0.0005658867145415189,0.00027847961561633464
25.454400095355062,0.000575442234156512,0.0002781247219277284
25.456400095355065,0.0005463021578351387,0.00027763061546122274
25.458400095355064,0.000517162081513817,0.00027713650899471794
25.460400095355062,0.00018266137565374453,0.00027977790962719755
25.46240009535506,-0.00028256251333941154,0.00028376160336843437
25.46440009535506,-0.0007477864023325675,0.00028774529710967123
25.466400095355063,-0.000625072737219292,0.00028894317721427597
25.46840009535506,-0.0002506662516505143,0.0002889484658836633
25.47040009535506,0.00012374023391826324,0.0002889537545530507
25.472400095355063,0.00044117412884402336,0.00028954617451317
25.474400095355062,0.0007342183692746128,0.000290389942168068
25.47640009535506,0.001027262609705202,0.00029123370982296604
25.47840009535506,0.0009521188557820083,0.0002945027522954598
25.48040009535506,0.0007193558153632892,0.00029881004178351956
25.48240009535506,0.0004865927749441567,0.0003031173312715869
25.48440009535506,0.0002659356598300994,0.00030535462992112007
25.48640009535506,5.046102642425359e-05,0.00030670577659243977
25.48840009535506,-0.00016501360698197487,0.00030805692326376185
25.49040009535506,-0.00019709167546271808,0.0003078835049063178
25.49240009535506,-0.00015065864815810365,0.00030705742835403167
25.494400095355058,-0.00010422562085348925,0.0003062313518017455
25.496400095355057,-0.0001012297855791748,0.0003071888088257387
25.49840009535506,-0.00011682918391352302,0.0003089097871997481
25.500400095355058,-0.0001324285822478435,0.0003106307655737545
25.502400095355057,-0.00021021869869570597,0.0003136242244375263
25.50440009535506,-0.000314632338010301,0.00031716242557867534
25.50640009535506,-0.0004190459773247105,0.0003207006267198182
25.508400095355057,-0.00036514228703229257,0.0003205715801856642
25.510400095355056,-0.00024346376318846612,0.0003188726038061656
25.512400095355055,-0.00012178523934463965,0.00031717362742666696
25.514400095355057,3.571483716351907e-05,0.00031480264415034893
25.516400095355056,0.00020854993780925195,0.00031214397814626204
25.518400095355055,0.0003813850384549849,0.00030948531214217514
25.520400095355058,0.000570653564755934,0.0003112663551804815
25.522400095355056,0.0007669571577036535,0.0003149480152698439
25.524400095355055,0.000963260750651373,0.0003186296753592063
25.526400095355054,0.0010306353864315595,0.00032287573414805786
25.528400095355053,0.0010428161789956731,0.00032736340920384697
25.530400095355056,0.0010549969715598084,0.000331851084259644
25.532400095355055,0.0010775813259775553,0.0003308138858121623
25.534400095355053,0.0011046193938650162,0.00032741151629287206
25.536400095355056,0.001131657461752525,0.00032400914677357576
25.538400095355055,0.000977172332572058,0.00032039598116893615
25.540400095355054,0.0007449780092082996,0.0003166925747895961
25.542400095355053,0.0005127836858445412,0.0003129891684102561
25.54440009535505,0.0003798424604005983,0.00031450670989467965
25.546400095355054,0.0002893910067452896,0.0003182593139403987
25.548400095355053,0.00019893955309014153,0.000322011917986111
25.55040009535505,0.0003229720207295233,0.00032807214405957335
25.552400095355054,0.0005388240304423939,0.0003351202520991507
25.554400095355053,0.0007546760401548809,0.00034216836013871557
25.556400095355052,0.00047688753884150007,0.0003405945011396705
25.55840009535505,-1.2226133274617851e-05,0.0003353296187817376
25.56040009535505,-0.0005013398053907358,0.00033006473642380467
25.562400095355052,-0.00045172704385039057,0.00032675219775645957
25.56440009535505,-0.0001714880123637466,0.00032427544830398975
25.56640009535505,0.00010875101912289741,0.0003217986988515199
25.568400095355052,0.0005171802359536925,0.0003225335744716146
25.57040009535505,0.0009804870791916723,0.0003246433319551067
25.57240009535505,0.0014437939224296518,0.00032675308943859894
25.57440009535505,0.001327998187537902,0.00032813074690349727
25.576400095355048,0.0009642912822417538,0.0003291949956920798
25.57840009535505,0.0006005843769449593,0.00033025924448066424
25.58040009535505,0.0005192977873793865,0.00032482613279874846
25.582400095355048,0.0005589140608995396,0.0003166115304108572
25.58440009535505,0.0005985303344197632,0.0003083969280229513
25.58640009535505,0.0007587708186530034,0.00030643519020802536
25.58840009535505,0.0009706499897374514,0.00030715027584087625
25.590400095355047,0.0011825291608218995,0.0003078653614737272
25.592400095355046,0.0009279422986645325,0.0003099866521264606
25.59440009535505,0.00047366338242086167,0.00031270993295399064
25.596400095355047,1.938446617799779e-05,0.0003154332137815158
25.598400095355046,-0.0002043612283860529,0.0003149097452474797
25.60040009535505,-0.00032941665396868093,0.0003129963574407425
25.602400095355048,-0.00045447207955108684,0.0003110829696340087
25.604400095355047,-0.00041892704487606704,0.00030592093874229787
25.606400095355045,-0.00031462964351400876,0.00029936817771036427
25.608400095355044,-0.00021033224215195051,0.0002928154166784306
25.610400095355047,0.00033559769536060805,0.00029313606043320054
25.612400095355046,0.001070588646708075,0.00029639917959706983
25.614400095355045,0.0018055795980555416,0.0002996622987609392
25.616400095355047,0.0020390339912175664,0.0003021531234188396
25.618400095355046,0.0020577826863524863,0.0003043133320363278
25.620400095355045,0.002076531381487406,0.00030647354065381597
25.622400095355044,0.0021338434000287617,0.00030399409448354943
25.624400095355043,0.002207664217706878,0.000299528431302169
25.626400095355045,0.0022814850353851256,0.00029506276812078054
25.628400095355044,0.0016940918502844325,0.000292436409597799
25.630400095355043,0.0008236356521926533,0.00029059744988401825
25.632400095355045,-4.682054590067269e-05,0.00028875849017023417
25.634400095355044,-2.066755451891753e-05,0.0002898880056854425
25.636400095355043,0.00038932021518076727,0.0002922883134754102
25.638400095355042,0.000799307984880452,0.00029468862126537794
25.64040009535504,0.0009224337173381154,0.000295626951715469
25.642400095355043,0.00092275495320459,0.00029593941548422
25.644400095355042,0.0009230761890710644,0.00029625187925297043
25.64640009535504,0.0006371843195825142,0.0002947094428531297
25.648400095355044,0.00022876574343887158,0.0002923729309739379
25.650400095355042,-0.00017965283270404543,0.00029003641909475036
25.65240009535504,-8.790469150562631e-05,0.0002906610887726599
25.65440009535504,0.00021796288420227911,0.0002925534288062778
25.65640009535504,0.0005238304599101845,0.00029444576883989567
25.65840009535504,0.0005185851784399977,0.0002968126223264038
25.66040009535504,0.0003801536712305021,0.0002993826132094965
25.66240009535504,0.00024172216402100648,0.00030195260409258913
25.66440009535504,0.0004407101533842086,0.0003022736258026773
25.66640009535504,0.0007841461582673578,0.0003016318722810223
25.66840009535504,0.0011275821631505068,0.0003009901187593673
25.67040009535504,0.0010687467198380043,0.0003014890037209685
25.672400095355037,0.0008377003634010333,0.00030247619178145366
25.67440009535504,0.000606654006963652,0.0003034633798419405
25.67640009535504,0.0007618642066628134,0.0003071328430954987
25.678400095355038,0.001082429424209793,0.0003119505785411462
25.68040009535504,0.001402994641757342,0.0003167683139868023
25.68240009535504,0.0010173993734156601,0.0003192866013225203
25.684400095355038,0.00032949934829863106,0.00032082050321685386
25.686400095355037,-0.000358400676818398,0.0003223544051111874
25.688400095355036,-0.0005516510679341869,0.00032204482023503946
25.690400095355038,-0.0005331437087073367,0.0003209460452241557
25.692400095355037,-0.0005146363494805192,0.0003198472702132739
25.694400095355036,-0.0005531800444305136,0.00032213565428700124
25.696400095355038,-0.0006161470959497261,0.0003258740693071102
25.698400095355037,-0.0006791141474688265,0.00032961248432721263
25.700400095355036,-0.0003468759494624509,0.00033431563690689063
25.702400095355035,0.00015454825335175278,0.000339431790309783
25.704400095355034,0.0006559724561659566,0.00034454794371267556
25.706400095355036,0.0008515575961592117,0.0003454005229674543
25.708400095355035,0.0009162140715063262,0.0003444278806018093
25.710400095355034,0.0009808705468534408,0.0003434552382361644
25.712400095355036,0.0010222294621233564,0.0003446846779600956
25.714400095355035,0.0010536147697669273,0.0003468568216688801
25.716400095355034,0.001085000077410498,0.0003490289653776645
25.718400095355033,0.0011156718662810598,0.00035598757829493537
25.720400095355032,0.0011460382001109884,0.00036499526294216583
25.722400095355034,0.001176404533940971,0.0003740029475894123
25.724400095355033,0.0007008774700264603,0.0003753509973879056
25.726400095355032,8.779079040067885e-06,0.0003734199822856251
25.728400095355035,-0.0006833193119475541,0.00037148896718334107
25.730400095355034,-0.0011482085282893163,0.0003676697544490395
25.732400095355032,-0.0015158302198756339,0.0003630422103161357
25.73440009535503,-0.0018834519114619517,0.0003584146661832319
25.73640009535503,-0.0019410532998780162,0.0003605415502288865
25.738400095355033,-0.0018659359664062922,0.00036555998384654037
25.74040009535503,-0.0017908186329347018,0.0003705784174641853
25.74240009535503,-0.0017090150996367346,0.00037571375396166585
25.744400095355033,-0.001624349224755176,0.00038089913622249897
25.746400095355032,-0.0015396833498737676,0.00038608451848332303
25.74840009535503,-0.0014268307470190428,0.0003844975058703323
25.75040009535503,-0.0013019114911032128,0.00038001125147899483
25.75240009535503,-0.0011769922351873826,0.00037552499708765736
25.75440009535503,-0.000753875149524868,0.0003731072192231329
25.75640009535503,-0.00020310045828612238,0.0003715749500185204
25.75840009535503,0.0003476742329526232,0.0003700426808139077
25.76040009535503,0.0005964611094444087,0.00037765721569045496
25.76240009535503,0.0007159678829702818,0.0003891874707241236
25.76440009535503,0.0008354746564961549,0.0004007177257577923
25.766400095355028,0.0005198475966971233,0.0004032074155582916
25.768400095355027,1.7940988461010235e-05,0.00040182686526189337
25.77040009535503,-0.00048396561977599435,0.0004004463149654928
25.772400095355028,-0.0002561716756338886,0.00039300796184844037
25.774400095355027,0.0002840050249587969,0.00038297628036267214
25.77640009535503,0.0008241817255524419,0.00037294459887688607
25.77840009535503,0.0011214100467358543,0.0003753835299263632
25.780400095355027,0.0013146328363141215,0.0003831610958303869
25.782400095355026,0.001507855625892389,0.0003909386617344106
25.784400095355025,0.0012601271459197361,0.00039761165200349105
25.786400095355027,0.0008236286193590314,0.0004038117764289717
25.788400095355026,0.0003871300927991018,0.0004100119008544413
25.790400095355025,0.00013920321948980794,0.00040801105992847647
25.792400095355028,-2.7996628750504482e-05,0.0004024994074669122
25.794400095355027,-0.00019519647699051988,0.0003969877550053578
25.796400095355025,-0.00032702124373235167,0.0003911540177546314
25.798400095355024,-0.00044370202994225747,0.0003851823968420088
25.800400095355023,-0.0005603828161521633,0.00037921077592938617
25.802400095355026,-0.0003483125906256639,0.00038733679565690517
25.804400095355025,4.495106851214702e-06,0.0004014979794853035
25.806400095355023,0.00035730280432809327,0.0004156591633137017
25.808400095355026,0.000333446055448917,0.00041558797641767244
25.810400095355025,0.0001483401950932334,0.00040942394705742604
25.812400095355024,-3.676566526245018e-05,0.00040325991769717964
25.814400095355023,-6.888959726796098e-05,0.00039414173233950965
25.81640009535502,-3.552233858131762e-05,0.0003837588799989606
25.818400095355024,-2.1550798946149942e-06,0.00037337602765839307
25.820400095355023,0.00021350706183740644,0.0003703446186400751
25.82240009535502,0.0005072092084218681,0.00037046034498263575
25.824400095355024,0.0008009113550068515,0.0003705760713251966
25.826400095355023,0.0006537654211349225,0.0003719326076425846
25.828400095355022,0.00031789345152752324,0.0003738203318181748
25.83040009535502,-1.7978518079875966e-05,0.000375708055993765
25.83240009535502,-0.0001946060831854556,0.00037421372228656674
25.834400095355022,-0.00030306148141368743,0.00037127153730260253
25.83640009535502,-0.00041151687964172655,0.00036832935231864364
25.83840009535502,-0.0006331814106649433,0.0003633286845313802
25.840400095355022,-0.0009033105196173316,0.00035744678483487415
25.84240009535502,-0.0011734396285692401,0.00035156488513837856
25.84440009535502,-0.0011638263817600675,0.00035184302738604115
25.84640009535502,-0.001034456039825294,0.0003547582702153343
25.848400095355018,-0.0009050856978905207,0.00035767351304462743
25.85040009535502,-0.0005320210662403547,0.0003592475964484056
25.85240009535502,-5.4631425312136935e-05,0.0003602475323427128
25.854400095355018,0.00042275821561608095,0.0003612474682370198
25.85640009535502,0.0004129431192433088,0.00036093039351807476
25.85840009535502,0.0001945566808262114,0.0003600495092749984
25.86040009535502,-2.3829757590886023e-05,0.000359168625031922
25.862400095355017,-0.00013072397478755017,0.00036093163001430927
25.864400095355016,-0.0001898885963628573,0.0003638264786555429
25.86640009535502,-0.0002490532179382695,0.0003667213272967817
25.868400095355017,-0.00015950940623660827,0.00036771830603762846
25.870400095355016,-6.303805488818207e-06,0.00036790281039102466
25.87240009535502,0.000146901795259244,0.00036808731474442124
25.874400095355018,0.000326130648688514,0.0003709768503066263
25.876400095355017,0.0005165000070090858,0.00037502440457547464
25.878400095355016,0.0007068693653296576,0.000379071958844323
25.880400095355014,0.0008918386853273416,0.0003842444877486041
25.882400095355017,0.001074496258920709,0.0003898986162107634
25.884400095355016,0.001257153832513752,0.00039555274467291266
25.886400095355015,0.0012549939101313358,0.00039541686790379776
25.888400095355017,0.0011737139501922164,0.000392802300310888
25.890400095355016,0.0010924339902532417,0.0003901877327179828
25.892400095355015,0.001063028058709444,0.0003887579042871531
25.894400095355014,0.0010558293081635887,0.0003878352606233736
25.896400095355013,0.0010486305576177333,0.00038691261695959403
25.898400095355015,0.0007909700563148299,0.00038880203423991217
25.900400095355014,0.00042608730343107905,0.0003918952900508561
25.902400095355013,6.120455054732825e-05,0.0003949885458618
25.904400095355015,0.00010313554065279404,0.000398262308400249
25.906400095355014,0.0003192228272171421,0.0004016133455728188
25.908400095355013,0.0005353101137814901,0.00040496438274538856
25.910400095355012,0.0006447902968003065,0.0004060691235283233
25.91240009535501,0.0007086321478890402,0.00040621222838987936
25.914400095355013,0.0007724739989778873,0.0004063553332514356
25.916400095355012,0.00020040697040427544,0.00041102926130886364
25.91840009535501,-0.0006438916747058223,0.000417642827830702
25.920400095355014,-0.0014881903198174199,0.0004242563943525521
25.922400095355012,-0.0013056941462329537,0.0004396684020467476
25.92440009535501,-0.000683628630227906,0.0004588470093867966
25.92640009535501,-6.156311422285832e-05,0.00047802561672684557
25.92840009535501,0.0001365720520671313,0.0004775338267053363
25.93040009535501,0.00015322324043363727,0.0004686211676356025
25.93240009535501,0.00016987442880011364,0.00045970850856588463
25.93440009535501,0.00026813445591975275,0.00044727362172270363
25.936400095355012,0.0004013311148251699,0.0004333308740072402
25.93840009535501,0.0005345277737303504,0.0004193881262918015
25.94040009535501,0.0006101036152030848,0.00041775490284923174
25.94240009535501,0.0006610120608073762,0.0004213913704961203
25.944400095355007,0.0007119205064116676,0.00042502783814300885
25.94640009535501,0.000704137680784081,0.0004329193031871318
25.94840009535501,0.0006712291963082845,0.00044263232722559735
25.950400095355008,0.000638320711832488,0.0004523453512640631
25.95240009535501,0.0006282434311248557,0.00045349825924120943
25.95440009535501,0.0006279401610358253,0.00045098659192354307
25.956400095355008,0.000627636890946795,0.0004484749246058767
25.958400095355007,0.0006033757307290743,0.00044410205109410083
25.960400095355006,0.0005688582255553316,0.0004389323973709401
25.962400095355008,0.0005343407203815273,0.00043376274364777023
25.964400095355007,0.0008480239373144633,0.00043874758522672
25.966400095355006,0.0013107714977409126,0.0004480795549981648
25.96840009535501,0.001773519058168184,0.0004574115247696262
25.970400095355007,0.0017908890651694264,0.00046145809004091964
25.972400095355006,0.0016175934111287678,0.0004632419792183125
25.974400095355005,0.0014442977570881094,0.0004650258683957053
25.976400095355004,0.0012725396454598835,0.0004634211114330375
25.978400095355006,0.0011014397541988003,0.00046036567845035944
25.980400095355005,0.0009303398629380208,0.00045731024546768665
25.982400095355004,0.0013413861117845753,0.0004580402674016204
25.984400095355006,0.002001648571354887,0.0004603908389968579
25.986400095355005,0.002661911030924026,0.00046274141059209127
25.988400095355004,0.0028596033269619944,0.00046426126358292924
25.990400095355003,0.002859269749894261,0.0004654254866825421
25.992400095355002,0.0028589361728265277,0.000466589709782155
25.994400095355005,0.002426091659105007,0.00046550452667080044
25.996400095355003,0.0018080895774051362,0.00046345637465363814
25.998400095355002,0.0011900874957052655,0.00046140822263647584
26.000400095355005,0.0010822664546135132,0.00045850499968813846
26.002400095355004,0.0011928535147699925,0.0004552357215483266
26.004400095355003,0.0013034405749264716,0.00045196644340851465
26.006400095355,0.0013289255455651541,0.0004522792465929246
26.008400095355,0.0013179783742509768,0.0004541255361585762
26.010400095355003,0.0013070312029367802,0.0004559718257242309
26.012400095355,0.001045186971056321,0.0004558982090499775
26.014400095355,0.0006759338786722193,0.00045500268182389604
26.016400095355003,0.0003066807862874615,0.00045410715459781305
26.018400095355002,0.0005222752085449581,0.00045075179363653366
26.020400095355,0.0009882424840303278,0.0004463433794001196
26.022400095355,0.0014542097595156977,0.0004419349651637056
26.024400095355,0.0014925298884970635,0.00044344683355794604
26.026400095355,0.0013477745202486024,0.00044749317153817644
26.028400095355,0.0012030191520003986,0.0004515395095183997
26.030400095355,0.0012237660403504058,0.00045479821910036623
26.032400095355,0.0013153643582761011,0.00045771974537657664
26.034400095355,0.0014069626762016338,0.00046064127165278184
26.036400095355,0.0019237002938773916,0.0004583113359917954
26.038400095354998,0.002622439846251553,0.00045373325194009227
26.040400095354997,0.003321179398625715,0.00044915516788838914
26.042400095355,0.0033433619776394212,0.00044526409139186143
26.044400095354998,0.0030759107978933797,0.00044166712254382944
26.046400095354997,0.002808459618147339,0.00043807015369579756
26.048400095355,0.002589367470758602,0.00043659829711022527
26.050400095355,0.002390977807570801,0.00043603620031291187
26.052400095354997,0.0021925881443829996,0.0004354741035155984
26.054400095354996,0.002090602564917517,0.00043407222060607917
26.056400095354995,0.00202988754383147,0.0004323108255220565
26.058400095354997,0.0019691725227453157,0.00043054943043803056
26.060400095354996,0.0018277597538845808,0.00043025851186844985
26.062400095354995,0.0016518002999069412,0.00043059710391740665
26.064400095354998,0.0014758408459289883,0.00043093569596636415
26.066400095354997,0.0012408477747140698,0.00043039068658298285
26.068400095354995,0.0009805824239673506,0.00042946740760614263
26.070400095354994,0.0007203170732206318,0.0004285441286293026
26.072400095354993,0.0006040280669748245,0.0004310563227617426
26.074400095354996,0.0005493753121830192,0.000435039242416229
26.076400095354995,0.000494722557391311,0.0004390221620707082
26.078400095354993,0.0010630101214892213,0.000439342203551104
26.080400095354996,0.0018979783756607827,0.0004380941672405849
26.082400095354995,0.0027329466298308606,0.000436846130930068
26.084400095354994,0.00238347621991255,0.00043463680027943903
26.086400095354993,0.0015269476698287988,0.00043201593956395523
26.08840009535499,0.0006704191197450479,0.00042939507884847143
26.090400095354994,0.0004235788863242228,0.00042443383777132366
26.092400095354993,0.00043774622696275917,0.0004184706798394976
26.09440009535499,0.00045191356760129547,0.0004125075219076716
26.096400095354994,0.0006974334170722783,0.0004129543029229943
26.098400095354993,0.001041995290039841,0.00041614517920239157
26.100400095354992,0.0013865571630074036,0.00041933605548178884
26.10240009535499,0.001321440455198669,0.0004233817467807062
26.10440009535499,0.0010809402995562458,0.0004277933844883897
26.106400095354992,0.0008404401439133953,0.00043220502219608087
26.10840009535499,0.0005063278275480908,0.0004309553191329747
26.11040009535499,0.00013214012936699974,0.0004272819951297399
26.112400095354992,-0.00024204756881475605,0.0004236086711264985
26.11440009535499,-0.0001027748414640049,0.00041692747787543756
26.11640009535499,0.0002563104080835703,0.0004089586151314101
26.11840009535499,0.0006153956576311454,0.00040098975238738257
26.120400095354988,0.0007246624341008686,0.00040328670449339297
26.12240009535499,0.0007269818534805434,0.0004099784547625008
26.12440009535499,0.0007293012728602143,0.0004166702050315969
26.126400095354988,0.0010348354641975556,0.0004199935574450679
26.12840009535499,0.0014701759990000248,0.00042187489763021693
26.13040009535499,0.0019055165338017204,0.0004237562378153626
26.13240009535499,0.0018192415355409918,0.00042270021255864785
26.134400095354987,0.0015096627285132625,0.0004203867000352923
26.136400095354986,0.0012000839214855326,0.00041807318751193673
26.13840009535499,0.0007339399888934084,0.00042062028124013347
26.140400095354988,0.00020077045797173024,0.00042524820261807003
26.142400095354986,-0.0003323990729499479,0.0004298761239960067
26.14440009535499,-0.0004315399836272183,0.00043487052107043345
26.146400095354988,-0.0003448730301731386,0.00044002180656935386
26.148400095354987,-0.000258206076719059,0.00044517309206827427
26.150400095354986,2.4827630369334583e-05,0.00045029285686627485
26.152400095354984,0.00039192605095848544,0.00045539912763515315
26.154400095354987,0.0007590244715482883,0.0004605053984040406
26.156400095354986,0.0007285049070623248,0.0004637082614847876
26.158400095354985,0.0005277648468359378,0.00046609627460292893
26.160400095354987,0.0003270247866091941,0.0004684842877210743
26.162400095354986,0.000848974087570535,0.0004783544552948798
26.164400095354985,0.0016803071720316743,0.0004914277380362017
26.166400095354984,0.002511640256492814,0.0005045010207775237
26.168400095354983,0.002374014533473358,0.000510951137803955
26.170400095354985,0.0018215768659883274,0.0005145658729467722
26.172400095354984,0.0012691391985042786,0.0005181806080895831
26.174400095354983,0.0012422130337756425,0.0005178008750488541
26.176400095354985,0.0014402587395689523,0.0005157111071672512
26.178400095354984,0.0016383044453619107,0.0005136213392856519
26.180400095354983,0.0018936201706182152,0.0005180444233851956
26.182400095354982,0.0021734532374296203,0.0005252556646744132
26.18440009535498,0.0024532863042410254,0.0005324669059636308
26.186400095354983,0.002172789199918403,0.0005377740234001573
26.188400095354982,0.0016524142672899695,0.0005422659837772425
26.19040009535498,0.0011320393346615357,0.0005467579441543277
26.192400095354984,0.0010076107938319747,0.0005453834870753854
26.194400095354982,0.0010526872650165294,0.0005414976113247316
26.19640009535498,0.0010977637362010843,0.0005376117355740778
26.19840009535498,0.0011960897076202033,0.0005440789744461645
26.20040009535498,0.0013172118415635343,0.0005549783916961171
26.20240009535498,0.0014383339755070805,0.0005658778089460889
26.20440009535498,0.0013682151705609834,0.0005739344799010759
26.20640009535498,0.001216225924641877,0.0005807741682680525
26.208400095354982,0.0010642366787225006,0.0005876138566350414
26.21040009535498,0.0008232669168581441,0.0005832394716708361
26.21240009535498,0.0005442045006398039,0.0005740643298806334
26.21440009535498,0.00026514208442146364,0.0005648891880904308
26.216400095354977,0.0001415591625101301,0.0005637980783806065
26.21840009535498,8.453718721406052e-05,0.0005661677519087127
26.22040009535498,2.7515211918092215e-05,0.0005685374254368148
26.222400095354978,0.0009718649512125035,0.0005742449923200198
26.22440009535498,0.002344903102532662,0.0005813815152852331
26.22640009535498,0.003717941253850381,0.0005885180382504335
26.228400095354978,0.003747425196659897,0.0005869906851132693
26.230400095354977,0.0032017319267838764,0.0005817543159378583
26.232400095354976,0.0026560386569078557,0.0005765179467624473
26.234400095354978,0.002296042195713407,0.000570223674786731
26.236400095354977,0.002015542777077661,0.0005634765132620127
26.238400095354976,0.0017350433584419145,0.0005567293517372944
26.24040009535498,0.0013114212787141315,0.0005596729982712878
26.242400095354977,0.0008265281961415782,0.0005667652927105977
26.244400095354976,0.00034163511356902497,0.0005738575871499076
26.246400095354975,0.00026908859519366184,0.0005712524205086952
26.248400095354974,0.0003730682149893725,0.0005644957572788262
26.250400095354976,0.0004770478347852679,0.0005577390940489451
26.252400095354975,0.0009857018585860745,0.0005580659948250629
26.254400095354974,0.0016675975796195165,0.0005614253795900562
26.256400095354977,0.00234949330065417,0.0005647847643550554
26.258400095354975,0.0021729832413816,0.0005661505586771105
26.260400095354974,0.0016289883812426367,0.0005666628939431571
26.262400095354973,0.001084993521103673,0.0005671752292092038
26.264400095354972,0.0006112002065764017,0.0005657361501691749
26.266400095354975,0.00016746028265496608,0.0005634616676367427
26.268400095354973,-0.00027627964126568133,0.0005611871851043146
26.270400095354972,-4.08876558137002e-05,0.0005595216154065755
26.272400095354975,0.0004852417899547113,0.0005581167222705857
26.274400095354974,0.0010113712357221884,0.0005567118291345983
26.276400095354973,0.0015445277948893737,0.0005581955837801601
26.27840009535497,0.002080692672954247,0.000560915973330512
26.28040009535497,0.0026168575510191203,0.0005636363628808639
26.282400095354973,0.002142136916302684,0.000558620151620589
26.28440009535497,0.0012346544637070794,0.0005502918883141857
26.28640009535497,0.0003271720111114752,0.0005419636250077825
26.288400095354973,-0.00019186965009105594,0.0005364869863265487
26.290400095354972,-0.0005446191231264168,0.0005322311331788111
26.29240009535497,-0.0008973685961617778,0.0005279752800310734
26.29440009535497,-0.0006997268808897688,0.000532008763279625
26.29640009535497,-0.0002664616975131324,0.000539590926506114
26.29840009535497,0.00016680348586427382,0.0005471730897326165
26.30040009535497,0.0007294574650851685,0.0005439379827372547
26.30240009535497,0.0013475030298651946,0.0005360719821231664
26.30440009535497,0.001965548594646319,0.000528205981509064
26.30640009535497,0.001681386397615031,0.0005205496623724707
26.30840009535497,0.0010109873219361419,0.0005129831082798127
26.310400095354968,0.00034058824625725283,0.0005054165541871546
26.312400095354967,0.00023191415545776916,0.0005126535733581877
26.31440009535497,0.00036371564130099974,0.0005262280315123438
26.316400095354968,0.0004955171271439961,0.0005398024896664758
26.318400095354967,0.0010025442895546148,0.000540252563801978
26.32040009535497,0.0016702063259388825,0.0005350840624921981
26.32240009535497,0.002337868362321964,0.0005299155611824273
26.324400095354967,0.002036283307104642,0.0005225684545702805
26.326400095354966,0.0013197615525290926,0.0005142886824890223
26.328400095354965,0.0006032397979535435,0.0005060089104077643
26.330400095354968,0.0005229681959266333,0.0005070599926451286
26.332400095354966,0.0007150766436843207,0.0005121056335535674
26.334400095354965,0.0009071850914420082,0.0005171512744620061
26.336400095354968,0.0004614998881491226,0.0005172234047824647
26.338400095354967,-0.0002572261738536393,0.000515166364328781
26.340400095354966,-0.0009759522358564011,0.0005131093238750972
26.342400095354964,-0.0008572102676982486,0.00050731686453711
26.344400095354963,-0.0003799463573243393,0.0004999252639959268
26.346400095354966,9.731755305041794e-05,0.0004925336634547304
26.348400095354965,0.0003821870251601181,0.0004963545077936049
26.350400095354964,0.0005846919964622296,0.000504975425532264
26.352400095354966,0.0007871969677647009,0.0005135963432709386
26.354400095354965,0.0009425930872223866,0.0005153438813437775
26.356400095354964,0.0010778217965261372,0.0005141489094330978
26.358400095354963,0.0012130505058298878,0.0005129539375224182
26.36040009535496,0.000908472680939214,0.0005076198331933911
26.362400095354964,0.00041561262207041275,0.0005005137563312885
26.364400095354963,-7.7247436797513e-05,0.0004934076794691984
26.36640009535496,-0.0004508725612400697,0.0005001696766015304
26.368400095354964,-0.0007734529174375512,0.0005128686302682289
26.370400095354963,-0.0010960332736344597,0.0005255675839349049
26.372400095354962,-0.0008782287188689039,0.0005323377199681193
26.37440009535496,-0.0004290840278991057,0.0005365697142970952
26.37640009535496,2.0060663070692453e-05,0.0005408017086260711
26.378400095354962,0.00048400596791572996,0.0005359294070205395
26.38040009535496,0.0009542874534814328,0.0005271595329986033
26.38240009535496,0.0014245689390471354,0.000518389658976667
26.384400095354962,0.0020914367201967728,0.0005196296842684656
26.38640009535496,0.0028424636086282727,0.0005251549736359682
26.38840009535496,0.003593490497059772,0.0005306802630034707
26.39040009535496,0.0036427917283423385,0.0005416011988927089
26.392400095354958,0.0033916823332129074,0.000554832025456428
26.39440009535496,0.00314057293808303,0.0005680628520201706
26.39640009535496,0.0028543718806208485,0.0005712942437787274
26.39840009535496,0.0025531479870040457,0.0005702448502814491
26.40040009535496,0.002251924093386708,0.0005691954567841689
26.40240009535496,0.0020819993694983783,0.0005710353529680873
26.40440009535496,0.001968284184513927,0.0005741121620820391
26.406400095354957,0.0018545689995294753,0.0005771889711959909
26.408400095354956,0.0018222863501271256,0.0005838492572038069
26.41040009535496,0.0018248651995067138,0.0005920436398043268
26.412400095354958,0.0018274440488862977,0.000600238022404832
26.414400095354956,0.0014175955311573898,0.0006060918406188538
26.41640009535496,0.0008311856692503031,0.0006109436564752137
26.418400095354958,0.0002447758073442581,0.0006157954723315651
26.420400095354957,7.616956215817794e-05,0.0006217678628315038
26.422400095354956,8.642627132157946e-05,0.0006282199746246533
26.424400095354954,9.668298048498099e-05,0.0006346720864178029
26.426400095354957,0.0004924012827072918,0.0006404952304838945
26.428400095354956,0.001053136844541826,0.0006460491115868819
26.430400095354955,0.0016138724063763604,0.0006516029926898691
26.432400095354957,0.0020055032163077344,0.0006537099477410588
26.434400095354956,0.0023247397677288438,0.0006543412632679375
26.436400095354955,0.0026439763191499527,0.0006549725787948164
26.438400095354954,0.002206738916480665,0.000657367115774725
26.440400095354953,0.0014456526735207263,0.0006605164933141164
26.442400095354955,0.0006845664305594355,0.0006636658708535133
26.444400095354954,0.000742525538580067,0.0006689251352201595
26.446400095354953,0.0011511205390536835,0.0006750876487777857
26.448400095354955,0.001559715539528026,0.0006812501623354229
26.450400095354954,0.0020411197620686756,0.0006840720323769943
26.452400095354953,0.002553693845593788,0.0006854637622379961
26.454400095354952,0.0030662679291189,0.0006868554920989979
26.45640009535495,0.0027961100302495395,0.000687949170928791
26.458400095354953,0.002190862023040957,0.0006889152531423945
26.460400095354952,0.0015856140158334495,0.0006898813353559965
26.46240009535495,0.0013860562969874842,0.0006921903918307896
26.464400095354954,0.0013601759321076802,0.000695074380027691
26.466400095354953,0.0013342955672279223,0.0006979583682245876
26.46840009535495,0.0011458135284150054,0.0007013115960514293
26.47040009535495,0.0008877211666596094,0.0007048657069404672
26.47240009535495,0.0006296288049042133,0.0007084198178295049
26.47440009535495,0.0005735264051578039,0.0007108430557592419
26.47640009535495,0.0006038965975645322,0.0007127821631152854
26.47840009535495,0.0006342667899712606,0.0007147212704713289
26.480400095354952,0.00046886060769784916,0.0007147040864931717
26.48240009535495,0.0002196418808030489,0.0007138494074137347
26.48440009535495,-2.9576846091751473e-05,0.0007129947283342977
26.48640009535495,0.00020359410522729062,0.0007108363688213788
26.488400095354947,0.0006432777755565652,0.0007081198991265928
26.49040009535495,0.0010829614458866207,0.000705403429431802
26.49240009535495,0.0010785942260391292,0.0007087508750802338
26.494400095354948,0.0008841272336570442,0.0007146943045515015
26.49640009535495,0.0006896602412746139,0.0007206377340227797
26.49840009535495,0.00047514115948847743,0.0007169954520997325
26.500400095354948,0.0002520377055224123,0.0007092494923723387
26.502400095354947,2.893425155634714e-05,0.0007015035326449447
26.504400095354946,-0.00040923958526602807,0.0006957783938080379
26.506400095354948,-0.0009394858442447944,0.0006909183758290407
26.508400095354947,-0.0014697321032226187,0.0006860583578500521
26.510400095354946,-0.0008888325373308968,0.0006877437164958549
26.51240009535495,0.000167752703240692,0.0006922311753035872
26.514400095354947,0.001224337943810404,0.0006967186341113113
26.516400095354946,0.0014161745377320283,0.0006979517808066128
26.518400095354945,0.0012378089625928697,0.0006977917441676705
26.520400095354944,0.0010594433874537112,0.0006976317075287283
26.522400095354946,0.0010703009301577953,0.0006914227086141527
26.524400095354945,0.001162165615961504,0.0006826241257298764
26.526400095354944,0.0012540303017652126,0.0006738255428456003
26.528400095354947,0.001119040075125434,0.0006656075898965856
26.530400095354945,0.0008869323775990227,0.0006576382068825626
26.532400095354944,0.0006548246800726113,0.0006496688238685396
26.534400095354943,-0.00025389486351639137,0.0006501759364620192
26.536400095354942,-0.0014522746076159887,0.0006543118702645635
26.538400095354945,-0.002650654351717715,0.0006584478040671151
26.540400095354943,-0.0030451873319468055,0.0006556565125399727
26.542400095354942,-0.003095590298660021,0.0006498996481530798
26.544400095354945,-0.0031459932653733255,0.0006441427837661767
26.546400095354944,-0.002054111901044292,0.0006382605153656389
26.548400095354943,-0.00047321398682134355,0.0006323245609988062
26.55040009535494,0.001107683927401605,0.0006263886066319736
26.55240009535494,0.0011572877359448204,0.0006230771710275948
26.554400095354943,0.0005513382526174679,0.0006208893026778099
26.55640009535494,-5.461123070880817e-05,0.0006187014343280288
26.55840009535494,-0.000470413735313296,0.0006150210642628277
26.560400095354943,-0.0008048135277527532,0.0006107017480078674
26.562400095354942,-0.0011392133201916165,0.0006063824317529147
26.56440009535494,-0.0014320444047296265,0.0006068487364158806
26.56640009535494,-0.0017070797503741391,0.0006093637855455176
26.56840009535494,-0.0019821150960186514,0.0006118788346751545
26.57040009535494,-0.0011525184910806748,0.0006160032582287166
26.57240009535494,0.00014997576213104198,0.0006208166618356408
26.57440009535494,0.0014524700153427587,0.0006256300654425651
26.57640009535494,0.0014553198123434402,0.0006200507176441155
26.57840009535494,0.0009017862067415794,0.0006100221881008651
26.58040009535494,0.00034825260113971837,0.0005999936585576146
26.582400095354938,-0.00013639163600406826,0.0005937263010016932
26.584400095354937,-0.0005915440334337776,0.0005890691176115416
26.58640009535494,-0.0010466964308642954,0.0005844119342213816
26.588400095354938,-0.0006869541109338955,0.000589679923263099
26.590400095354937,2.1648242286596365e-05,0.0005991969225281353
26.59240009535494,0.0007302505955083471,0.0006087139217931886
26.59440009535494,0.0011815296018911534,0.0006109967921905538
26.596400095354937,0.0015226473315055537,0.0006101826996338633
26.598400095354936,0.001863765061119954,0.000609368607077173
26.600400095354935,0.0016591327612485132,0.0006066787553189514
26.602400095354938,0.0012208624015105079,0.0006031858825493751
26.604400095354936,0.0007825920417732808,0.0005996930097798049
26.606400095354935,0.0005259888013171566,0.0006033606871231674
26.608400095354938,0.00034715808723710797,0.000610093828787941
26.610400095354937,0.00016832737315737692,0.0006168269704527025
26.612400095354936,7.515594747719431e-05,0.0006228968399896607
26.614400095354934,1.8655660308620692e-05,0.0006286827596535344
26.616400095354933,-3.784462685995294e-05,0.000634468679317408
26.618400095354936,0.00032485596260784503,0.0006397086944767623
26.620400095354935,0.0008670184132252857,0.0006447150053576732
26.622400095354934,0.0014091808638427264,0.0006497213162385844
26.624400095354936,0.0013282891910844183,0.0006510406823089631
26.626400095354935,0.0009806650931286735,0.0006507816498197479
26.628400095354934,0.0006330409951729285,0.0006505226173305329
26.630400095354933,0.0006793219766620361,0.0006490477523354645
26.63240009535493,0.000894235611797047,0.00064705238361361
26.634400095354934,0.0011091492469324398,0.000645057014891752
26.636400095354933,0.0011695591896033783,0.0006495998105014749
26.638400095354932,0.001163825352326722,0.0006569416259657533
26.640400095354934,0.0011580915150500553,0.0006642834414300446
26.642400095354933,0.0016895382817402617,0.0006755920220416175
26.644400095354932,0.002450954698399813,0.000688598794258951
26.64640009535493,0.0032123711150593643,0.0007016055664762844
26.64840009535493,0.003185406290693305,0.0007112719357479332
26.650400095354932,0.002820931550244199,0.0007195082619652837
26.65240009535493,0.002456456809795741,0.0007277445881826195
26.65440009535493,0.0020565646779083175,0.0007299155871701516
26.656400095354932,0.0016415101833517063,0.000729489989191484
26.65840009535493,0.0012264556887958329,0.000729064391212817
26.66040009535493,0.0014697321455523042,0.0007295616062342535
26.66240009535493,0.001994843414929288,0.0007304538821721632
26.664400095354928,0.002519954684306272,0.000731346158110073
26.66640009535493,0.0021804029447128276,0.0007438276845279321
26.66840009535493,0.0014706845482060503,0.0007612706283555461
26.67040009535493,0.000760966151699273,0.00077871357218316
26.67240009535493,0.0012486944958876012,0.0007893611284568026
26.67440009535493,0.0022490559784177607,0.0007970995441985999
26.67640009535493,0.00324941746094792,0.0008048379599403974
26.678400095354927,0.003080236706906753,0.000804667316604332
26.680400095354926,0.0024103688147525497,0.0008011107637807466
26.68240009535493,0.0017405009225971565,0.000797554210957155
26.684400095354928,0.001141234773375257,0.0007958863369543009
26.686400095354927,0.0005721936026965441,0.0007950270163165714
26.68840009535493,3.1524320168205104e-06,0.0007941676956788403
26.690400095354928,7.835437792890661e-05,0.0007998604285923376
26.692400095354927,0.00042936023442464847,0.0008083581305388679
26.694400095354926,0.0007803660909203904,0.0008168558324853984
26.696400095354925,0.0011006287092681308,0.0008173593026502587
26.698400095354927,0.0014077299819375943,0.0008144403991728624
26.700400095354926,0.0017148312546065123,0.0008115214956954712
26.702400095354925,0.002743137822069997,0.0008086054919417711
26.704400095354927,0.004080196295362017,0.0008056907295755352
26.706400095354926,0.005417254768651664,0.0008027759672093045
26.708400095354925,0.005135383452940223,0.0008099836787678236
26.710400095354924,0.004160439410985145,0.0008215248769586972
26.712400095354923,0.003185495369030068,0.0008330660751495708
26.714400095354925,0.0017640978414786264,0.0008390294057903356
26.716400095354924,0.0001515711031724906,0.0008426048204287214
26.718400095354923,-0.0014609556351336452,0.0008461802350671075
26.720400095354925,-0.0020356083450793878,0.0008476104894645042
26.722400095354924,-0.0021659413779461824,0.0008481223887633878
26.724400095354923,-0.0022962744108129774,0.0008486342880622713
26.726400095354922,-0.0019862390926880065,0.0008590405234048123
26.72840009535492,-0.0014876795968024998,0.0008736825798796303
26.730400095354923,-0.0009891201009161077,0.0008883246363544744
26.732400095354922,-0.0009835034335371141,0.0008873013731654751
26.73440009535492,-0.0011889184008401627,0.0008795716973353016
26.736400095354924,-0.0013943333681435762,0.0008718420215051145
26.738400095354923,-0.0013640226782757655,0.0008648715769590533
26.74040009535492,-0.0012327964783885347,0.0008582261636937543
26.74240009535492,-0.0011015702785013041,0.0008515807504284556
26.74440009535492,-0.0007805107235629574,0.0008621186230891239
26.74640009535492,-0.0003781824070743418,0.0008800127602281037
26.74840009535492,2.4145909413558937e-05,0.0008979068973670517
26.75040009535492,0.0012755296253657469,0.0008905429136696451
26.752400095354922,0.002890398932959388,0.0008723657804395916
26.75440009535492,0.004505268240550159,0.00085418864720957
26.75640009535492,0.0042274492998987745,0.0008431596827179852
26.75840009535492,0.0031393593291125636,0.0008351908915289238
26.760400095354917,0.0020512693583263526,0.0008272221003398624
26.76240009535492,0.0014807247320608292,0.0008307658112845998
26.76440009535492,0.0011317443554476132,0.0008392380930760846
26.766400095354918,0.0007827639788343977,0.0008477103748675691
26.76840009535492,0.00034968536490761446,0.0008459596399886869
26.77040009535492,-0.00011939621061246271,0.0008398323701392875
26.772400095354918,-0.0005884777861325399,0.0008337051002898884
26.774400095354917,-0.00045469136021819616,0.0008316381681007739
26.776400095354916,-6.281348206741853e-05,0.0008313094911197973
26.778400095354918,0.000329064396084055,0.0008309808141388204
26.780400095354917,0.00023805704549911553,0.0008319843533092136
26.782400095354916,-5.9676429432974683e-05,0.0008335582223745313
26.78440009535492,-0.0003574099043655938,0.0008351320914398517
26.786400095354917,-0.0005001185122331761,0.0008238022220478237
26.788400095354916,-0.0005764600166564591,0.0008069481824937241
26.790400095354915,-0.000652801521079742,0.0007900941429396245
26.792400095354914,-0.0010711132633382046,0.0007850188007322386
26.794400095354916,-0.0016358245955376619,0.0007849859922625904
26.796400095354915,-0.002200535927736116,0.0007849531837929424
26.798400095354914,-0.002261340232755878,0.0007841202681167065
26.800400095354917,-0.002106418772342894,0.0007829448215165883
26.802400095354916,-0.0019514973119301858,0.0007817693749164724
26.804400095354914,-0.002053079696970002,0.0007703089955786994
26.806400095354913,-0.002264473004036748,0.0007544455713473316
26.808400095354912,-0.0024758663111034943,0.0007385821471159642
26.810400095354915,-0.001589527610855213,0.0007374843924946886
26.812400095354914,-0.0002332428221799255,0.0007427079154075144
26.814400095354912,0.0011230419664953624,0.0007479314383203402
26.816400095354915,0.00048283473656384065,0.0007505126868465185
26.818400095354914,-0.0010120835931882865,0.0007519627606792797
26.820400095354913,-0.0025070019229404134,0.000753412834512041
26.82240009535491,-0.001975181960511348,0.000748188598203824
26.82440009535491,-0.0005757021658253832,0.0007401070463558093
26.826400095354913,0.0008237776288630675,0.0007320254945077806
26.82840009535491,0.00045627738699735305,0.0007262633726504642
26.83040009535491,-0.0006676785840030108,0.0007214942139667525
26.832400095354913,-0.0017916345550053712,0.0007167250552830323
26.834400095354912,-0.0026137340947567024,0.0007144795005631692
26.83640009535491,-0.003306606902776019,0.0007133143173665654
26.83840009535491,-0.003999479710795336,0.0007121491341699615
26.84040009535491,-0.003821388226398145,0.0007133941716874152
26.84240009535491,-0.0032704311300839205,0.0007156710407382947
26.84440009535491,-0.002719474033770675,0.00071794790978917
26.84640009535491,-0.00255018390594015,0.000720619428089643
26.84840009535491,-0.0025442879685127623,0.0007234598983821878
26.85040009535491,-0.002538392031085385,0.0007263003686747276
26.85240009535491,-0.0024659331656475703,0.0007258543600145457
26.854400095354908,-0.0023649782605142614,0.0007240013874858202
26.856400095354907,-0.002264023355380952,0.0007221484149570944
26.85840009535491,-0.0025747652426199416,0.0007253772749919021
26.86040009535491,-0.003061757333178647,0.0007307817021896187
26.862400095354907,-0.003548749423737353,0.0007361861293873354
26.86440009535491,-0.003971778000512181,0.0007456956895930925
26.86640009535491,-0.004367423357598577,0.0007569626854422896
26.868400095354907,-0.004763068714684973,0.0007682296812914868
26.870400095354906,-0.004721511595787111,0.0007700048262373094
26.872400095354905,-0.004492785070039674,0.0007677164440965356
26.874400095354908,-0.004264058544291831,0.0007654280619557574
26.876400095354906,-0.003921904076672434,0.0007715844627565155
26.878400095354905,-0.003531190315810303,0.0007813561340493713
26.880400095354908,-0.003140476554947477,0.0007911278053422446
26.882400095354907,-0.002510397422830482,0.0007946636707663762
26.884400095354906,-0.0017778442926221253,0.0007955299438625124
26.886400095354904,-0.0010452911624137685,0.0007963962169586486
26.888400095354903,-0.0013717283924951666,0.0008014244684196111
26.890400095354906,-0.002151526896484843,0.0008082344922972245
26.892400095354905,-0.002931325400473134,0.0008150445161748256
26.894400095354904,-0.0032110983578361825,0.0008314022544236106
26.896400095354906,-0.003276806810491402,0.0008518474373275189
26.898400095354905,-0.003342515263146505,0.000872292620231391
26.900400095354904,-0.003378158646979629,0.0008739999706776712
26.902400095354903,-0.003400930958705838,0.0008676855203385622
26.9044000953549,-0.003423703270432047,0.0008613710699994531
26.906400095354904,-0.002230041527847563,0.0008585447757518402
26.908400095354903,-0.0005156155567130598,0.0008572117863896279
26.910400095354902,0.0011988104144214427,0.0008558787970274154
26.912400095354904,0.0006669668698111107,0.0008730901715021141
26.914400095354903,-0.0008265210423365175,0.0008982405234273182
26.916400095354902,-0.0023200089544841455,0.0009233908753525221
26.9184000953549,-0.0032467236533138613,0.0009505794088529228
26.9204000953549,-0.003930798574436834,0.0009786405028637906
26.922400095354902,-0.004614873495561022,0.0010067015968747081
26.9244000953549,-0.00442081914673844,0.001028743555706487
26.9264000953549,-0.0038508311575810206,0.0010482086782147453
26.928400095354903,-0.0032808431684225887,0.0010676738007230383
26.9304000953549,-0.0028347938291597165,0.0010577156254596254
26.9324000953549,-0.0024418035498962073,0.0010351611170654692
26.9344000953549,-0.0020488132706326977,0.0010126066086713133
26.936400095354898,-0.0025302998064882804,0.0010010212033641924
26.9384000953549,-0.0033861564327557665,0.000994131753448232
26.9404000953549,-0.004242013059021732,0.000987242303532284
26.9424000953549,-0.003100285475999811,0.0010071207061144386
26.9444000953549,-0.0011033769882311355,0.0010384586287563917
26.9464000953549,0.0008935314995339935,0.001069796551398289
26.9484000953549,0.0016787630601967805,0.0010861618068580222
26.950400095354897,0.001945266501817651,0.0010961171494847874
26.952400095354896,0.0022117699434385215,0.0011060724921115525
26.9544000953549,0.0014287926621472397,0.0010933438274789693
26.956400095354898,0.00019652463609028331,0.0010709039654005167
26.958400095354897,-0.001035743389966673,0.001048464103322064
26.9604000953549,-0.0011458455840694353,0.0010517434626439032
26.962400095354898,-0.0007755399211979455,0.001066033419226957
26.964400095354897,-0.0004052342583264557,0.0010803233758100112
26.966400095354896,-0.0009940007797534863,0.0010895555414256878
26.968400095354895,-0.001993353559341114,0.0010966224274077227
26.970400095354897,-0.0029927063389305173,0.0011036893133897702
26.972400095354896,-0.003629621669642053,0.001105771827291346
26.974400095354895,-0.004111374691536356,0.001105720492490459
26.976400095354897,-0.004593127713431515,0.0011056691576895716
26.978400095354896,-0.003493437757595653,0.0011044846795357675
26.980400095354895,-0.0017167196002540357,0.0011028150937827151
26.982400095354894,5.999855708758214e-05,0.001101145508029663
26.984400095354893,0.000887925598281037,0.0010988479244920283
26.986400095354895,0.0013096676351299088,0.0010962814901203989
26.988400095354894,0.0017314096719780309,0.0010937150557487737
26.990400095354893,0.0013083615291216324,0.0011005857529820572
26.992400095354895,0.0005236519630070411,0.0011114965616296365
26.994400095354894,-0.00026105760310615646,0.0011224073702771965
26.996400095354893,7.39795761219177e-05,0.001125402043017744
26.998400095354892,0.0008883893399776544,0.0011250077543294718
27.00040009535489,0.0017027991038333907,0.0011246134656411996
27.002400095354893,0.0015714130929796355,0.0011078741841329296
27.004400095354892,0.0010351242563135556,0.0010841374789126563
27.00640009535489,0.0004988354196474756,0.0010604007736923831
27.008400095354894,-0.0005524800085269118,0.0010543026504342453
27.010400095354893,-0.0018242825162047423,0.0010557557478074126
27.01240009535489,-0.0030960850238825723,0.0010572088451805803
27.01440009535489,-0.002788462733823401,0.0010576264375166886
27.01640009535489,-0.0018046757370088458,0.001057600721655579
27.01840009535489,-0.0008208887401925423,0.0010575750057944691
27.02040009535489,-0.0007874261274749276,0.0010579638978636399
27.02240009535489,-0.0011608052265232387,0.0010585302870094822
27.024400095354892,-0.0015341843255722136,0.0010590966761553258
27.02640009535489,-0.0011708235240697417,0.001063994553736889
27.02840009535489,-0.0004920582517113771,0.0010707467774955298
27.03040009535489,0.0001867070206469873,0.0010774990012541706
27.032400095354888,0.0005252527465347514,0.0010622125682847032
27.03440009535489,0.0007181476405894783,0.0010374912021426596
27.03640009535489,0.0009110425346438626,0.00101276983600066
27.038400095354888,0.0009785186791508478,0.0010079420933676675
27.04040009535489,0.0009923020018963553,0.001011630978313207
27.04240009535489,0.0010060853246418382,0.0010153198632587399
27.044400095354888,0.002059274269324894,0.0010218759929258596
27.046400095354887,0.0035574415599974782,0.001029659614331364
27.048400095354886,0.005055608850670062,0.0010374432357368685
27.050400095354888,0.004244215837075858,0.001034401763920618
27.052400095354887,0.0024440803824747194,0.0010267259774790094
27.054400095354886,0.0006439449278735805,0.001019050191037401
27.05640009535489,0.0009525172353095512,0.0010237095300189025
27.058400095354887,0.0021638454115453986,0.001033649641930894
27.060400095354886,0.003375173587781246,0.0010435897538428858
27.062400095354885,0.0038680881835162465,0.0010422885779222772
27.064400095354884,0.004053443728978836,0.0010361749097221895
27.066400095354886,0.004238799274441755,0.0010300612415220908
27.068400095354885,0.003554869562392011,0.0010303839214455739
27.070400095354884,0.002498791287611192,0.0010334620578578493
27.072400095354887,0.0014427130128284965,0.00103654019427013
27.074400095354886,0.0008253364642903278,0.0010435430622435867
27.076400095354884,0.00039577195530985504,0.0010522261420674388
27.078400095354883,-3.3792553670617754e-05,0.001060909221891291
27.080400095354882,-0.00040522489409197313,0.001053976821146234
27.082400095354885,-0.0007517703424770045,0.0010403592959914523
27.084400095354884,-0.00109831579086142,0.0010267417708366947
27.086400095354882,-0.001673918131314868,0.0010179826422908912
27.088400095354885,-0.0023475817516547415,0.0010113034362715743
27.090400095354884,-0.0030212453719934192,0.0010046242302522693
27.092400095354883,-0.0020075140925273705,0.0010088229733883406
27.09440009535488,-0.0002713940536224185,0.0010176786632749922
27.09640009535488,0.001464725985282534,0.001026534353161644
27.098400095354883,0.0016481292903722726,0.001027803195038906
27.100400095354882,0.0011668006737394132,0.0010258240394242439
27.10240009535488,0.000685472057106554,0.0010238448838095818
27.104400095354883,0.0006107896658167951,0.0010221134479430456
27.106400095354882,0.0007101961823924388,0.0010204880631295423
27.10840009535488,0.0008096026989680824,0.0010188626783160393
27.11040009535488,0.0009844138667242002,0.0010118932467664476
27.11240009535488,0.0011915064481140213,0.0010026359804418813
27.11440009535488,0.0013985990295042104,0.0009933787141172986
27.11640009535488,0.0013402741529252402,0.0009933663398833427
27.11840009535488,0.001168321646266506,0.0009973117881175787
27.12040009535488,0.0009963691396074662,0.0010012572363518218
27.12240009535488,0.0006785838675979943,0.0010142864147726818
27.12440009535488,0.0002983662533448873,0.0010312044212665485
27.126400095354878,-8.185136090821973e-05,0.0010481224277604155
27.128400095354877,0.0004040561826050321,0.001051850739160134
27.13040009535488,0.0012607598833723158,0.0010499324206099062
27.13240009535488,0.0021174635841380777,0.001048014102059682
27.134400095354877,0.0013030007558015111,0.0010442959800548697
27.13640009535488,-0.0002269039443551003,0.0010398073455188143
27.13840009535488,-0.0017568086445089942,0.001035318710982767
27.140400095354877,-0.0023659636298133733,0.0010481983806426586
27.142400095354876,-0.002580937083935271,0.0010685135831423485
27.144400095354875,-0.002795910538057168,0.0010888287856420386
27.146400095354878,-0.0024807860415175832,0.0011005261862898586
27.148400095354877,-0.001938721645394973,0.0011085342252178836
27.150400095354875,-0.0013966572492723625,0.0011165422641459086
27.152400095354878,-0.0005294205243084632,0.001123591832416595
27.154400095354877,0.0004770255387188326,0.0011302310703672181
27.156400095354876,0.0014834716017461285,0.0011368703083178412
27.158400095354875,0.0017618694197154507,0.0011434638558974082
27.160400095354873,0.0017285828848811935,0.0011500378429961575
27.162400095354876,0.0016952963500468773,0.0011566118300949182
27.164400095354875,0.00016826951333593623,0.0011626174186625596
27.166400095354874,-0.0019982417809635174,0.0011683796704025722
27.168400095354876,-0.00416475307526682,0.0011741419221425952
27.170400095354875,-0.004583842597112645,0.0011935321715203363
27.172400095354874,-0.00425484411347149,0.0012187566972773139
27.174400095354873,-0.003925845629830335,0.0012439812230342912
27.17640009535487,-0.002416780754417596,0.001279755311860866
27.178400095354874,-0.0004025180859081388,0.0013200457702901203
27.180400095354873,0.0016117445825977405,0.0013603362287193034
27.182400095354872,0.0009936952967552004,0.0013649516422581034
27.184400095354874,-0.0007512722409244075,0.0013542942234277746
27.186400095354873,-0.0024962397786009154,0.0013436368045974642
27.188400095354872,-0.0020472798183959304,0.0013468178922240056
27.19040009535487,-0.0006590781229313379,0.001355923379280558
27.19240009535487,0.0007291235725332547,0.00136502886633711
27.194400095354872,0.002313129117149298,0.0013926578174304589
27.19640009535487,0.003980960207533146,0.0014282168449200811
27.19840009535487,0.0056487912979169925,0.0014637758724097033
27.200400095354873,0.006620346488413499,0.0014922231924355824
27.20240009535487,0.007293819108930004,0.0015176259204568927
27.20440009535487,0.007967291729446508,0.0015430286484782027
27.20640009535487,0.009046420758540064,0.0015370883615874462
27.208400095354868,0.01029921531280558,0.0015177298196658612
27.21040009535487,0.011552009867073325,0.001498371277744242
27.21240009535487,0.011538543306123606,0.0014968208524869546
27.21440009535487,0.010982977756355147,0.001502894259250159
27.21640009535487,0.010427412206585702,0.0015089676660133742
27.21840009535487,0.008635808050973932,0.0015256946536113599
27.22040009535487,0.00631504339792777,0.0015469825457857399
27.222400095354867,0.003994278744881607,0.00156827043796012
27.224400095354866,0.003456939319450588,0.0016010892979748713
27.22640009535487,0.0036831021773353796,0.0016388446813373682
27.228400095354868,0.003909265035219769,0.0016766000646997977
27.230400095354867,0.0033391516749718317,0.001697075451517378
27.23240009535487,0.0024281444119074735,0.001710153097037852
27.234400095354868,0.0015171371488447338,0.001723230742558303
27.236400095354867,0.0011620027232508347,0.0016929700693148102
27.238400095354866,0.0010448431112443915,0.0016441558211637809
27.240400095354865,0.000927683499237948,0.0015953415730127517
27.242400095354867,0.0006647388357061596,0.0015866582461079835
27.244400095354866,0.00033938210158588754,0.0015951553767564852
27.246400095354865,1.4025367465615638e-05,0.001603652507404987
27.248400095354867,0.000986837236432132,0.0016277030221308086
27.250400095354866,0.0025154084216633833,0.0016584121003743579
27.252400095354865,0.004043979606894634,0.0016891211786179067
27.254400095354864,0.003938514595784343,0.001691098986548087
27.256400095354863,0.0031335018141502033,0.0016807766409461513
27.258400095354865,0.002328489032514634,0.0016704542953441975
27.260400095354864,0.0013191456151055488,0.0016630842622619361
27.262400095354863,0.00022232613150935583,0.001656978144815216
27.264400095354866,-0.0008744933520887856,0.001650872027368485
27.266400095354864,-0.0008848534417269208,0.0016432781347348795
27.268400095354863,-0.000430088929262745,0.0016350473100211005
27.270400095354862,2.4675583201430765e-05,0.001626816485307322
27.27240009535486,0.00022127162551440721,0.0016260031336765462
27.274400095354864,0.0003073430384288011,0.0016283652800571846
27.276400095354862,0.000393414451343042,0.0016307274264378187
27.27840009535486,0.0013574433310065393,0.0016394092045930845
27.280400095354864,0.0026973350557261437,0.0016507964837190496
27.282400095354863,0.004037226780443368,0.0016621837628449947
27.28440009535486,0.003300592186730623,0.0016686529157974171
27.28640009535486,0.0016749746793882543,0.001673016566837087
27.28840009535486,4.935717204588609e-05,0.0016773802178767566
27.29040009535486,-0.0012936887489604781,0.0016454047734457001
27.29240009535486,-0.002515762765535189,0.001597872175369891
27.29440009535486,-0.0037378367821099007,0.0015503395772940819
27.296400095354862,-0.003812867811182519,0.0015500483927209277
27.29840009535486,-0.003396837464630928,0.0015699817627231492
27.30040009535486,-0.0029808071180793382,0.0015899151327253703
27.30240009535486,-0.0022672393012087688,0.0015940515559102542
27.304400095354858,-0.0014262924939970319,0.001591425136304587
27.30640009535486,-0.000585345686783801,0.001588798716698915
27.30840009535486,-5.991334409560393e-05,0.0015795791516786076
27.310400095354858,0.0003304438469518252,0.0015675369898622484
27.31240009535486,0.0007208010379999476,0.001555494828045868
27.31440009535486,0.0021694216687667923,0.0015511333845766692
27.316400095354858,0.0040710963697126274,0.0015500601400364657
27.318400095354857,0.005972771070658463,0.0015489868954962625
27.320400095354856,0.006024805480024402,0.0015264331980154606
27.32240009535486,0.00528498869702514,0.0014946834842329674
27.324400095354857,0.004545171914027192,0.001462933770450531
27.326400095354856,0.004289481835597313,0.0014740057499325245
27.32840009535486,0.0042410517080002956,0.0015034101658549179
27.330400095354857,0.004192621580403366,0.001532814581777259
27.332400095354856,0.003955363509905401,0.0015423603311881277
27.334400095354855,0.0036372661164495437,0.001543404366652585
27.336400095354854,0.0033191687229936874,0.001544448402117042
27.338400095354856,0.00439474935211946,0.0015174711923056367
27.340400095354855,0.006066978973090195,0.0014784977771489726
27.342400095354854,0.00773920859406093,0.001439524361992308
27.344400095354857,0.007969799689471683,0.0014326497478950183
27.346400095354856,0.007583209294038232,0.0014395169876264807
27.348400095354854,0.007196618898604781,0.001446384227357943
27.350400095354853,0.005886569958757073,0.0014494551949330889
27.352400095354852,0.004181178093561995,0.0014509009359631219
27.354400095354855,0.0024757862283638866,0.0014523466769931577
27.356400095354854,0.002904450447817882,0.001463263313406194
27.358400095354853,0.004246728045226733,0.0014782345465026837
27.360400095354855,0.005589005642637968,0.0014932057795992001
27.362400095354854,0.00666307547349172,0.0015015145684023799
27.364400095354853,0.007622322532910516,0.0015069710896216835
27.36640009535485,0.008581569592329315,0.001512427610840987
27.36840009535485,0.006878947328270796,0.0014953192157045854
27.370400095354853,0.004036748627570458,0.0014685505240438685
27.372400095354852,0.0011945499268751691,0.0014417818323831993
27.37440009535485,0.0004141711004694922,0.0014419320669719297
27.376400095354853,0.0005164808480280785,0.0014536066005161911
27.378400095354852,0.0006187905955864829,0.001465281134060432
27.38040009535485,0.0018180457149546332,0.0014972911138715064
27.38240009535485,0.00348691570142525,0.0015380069309480346
27.38440009535485,0.0051557856878958665,0.001578722748024563
27.38640009535485,0.0051911991212379134,0.0015786811197119584
27.38840009535485,0.004527311024048992,0.001561190760432767
27.39040009535485,0.0038634229268600696,0.0015437004011535757
27.39240009535485,0.003752986666337647,0.001532240226928866
27.39440009535485,0.0038794895296600366,0.0015233616445768131
27.39640009535485,0.004005992392982428,0.0015144830622247606
27.398400095354848,0.00480576683052246,0.001524764171643225
27.400400095354847,0.005893776641321668,0.0015432477674289825
27.40240009535485,0.00698178645212281,0.0015617313632147727
27.40440009535485,0.0072961576717748815,0.0015764844251605317
27.406400095354847,0.007279325192461971,0.0015896404020835683
27.40840009535485,0.007262492713149032,0.0016027963790066282
27.41040009535485,0.00694803707764625,0.0016176768486862866
27.412400095354847,0.006506165483837529,0.0016332955939087148
27.414400095354846,0.006064293890028807,0.0016489143391311427
27.416400095354845,0.004977401894524196,0.0016738054914008861
27.418400095354848,0.0036143690776117474,0.001702666270199887
27.420400095354847,0.0022513362607017194,0.0017315270489988363
27.422400095354845,0.0024315037294290794,0.0017311529429592577
27.424400095354848,0.0032723334753318924,0.0017182630372725859
27.426400095354847,0.004113163221233212,0.0017053731315859364
27.428400095354846,0.003755778781586711,0.0017156287379283515
27.430400095354845,0.0028854246269424937,0.0017357932126953182
27.432400095354843,0.002015070472298276,0.0017559576874622848
27.434400095354846,0.0027681973691018025,0.00178691011029531
27.436400095354845,0.004216355860237432,0.0018224809823163507
27.438400095354844,0.0056645143513730616,0.0018580518543373909
27.440400095354846,0.005740610751498506,0.0018679060961415224
27.442400095354845,0.005229310938868583,0.0018667507405715662
27.444400095354844,0.0047180111262386595,0.0018655953850016092
27.446400095354843,0.003964584310960367,0.0018723667442394835
27.44840009535484,0.003107500013296939,0.0018825316254372274
27.450400095354844,0.0022504157156319894,0.001892696506634989
27.452400095354843,0.0023166557325238935,0.001894338974584171
27.454400095354842,0.0027781820442693856,0.0018923328944521105
27.456400095354844,0.0032397083560156974,0.001890326814320047
27.458400095354843,0.0033624713066066794,0.001921784345096948
27.460400095354842,0.0033402055512614668,0.001967568053797988
27.46240009535484,0.003317939795916254,0.0020133517624990284
27.46440009535484,0.003902798521283138,0.002033074670309879
27.466400095354842,0.004747574636829019,0.0020416406316155263
27.46840009535484,0.005592350752373399,0.002050206592921158
27.47040009535484,0.006383401479781503,0.002032061619562071
27.472400095354843,0.007151451710836174,0.002002481368083939
27.47440009535484,0.007919501941889479,0.0019729011166058595
27.47640009535484,0.007328352878644391,0.0019855565205216916
27.47840009535484,0.006155313886226999,0.0020162935277967973
27.480400095354838,0.004982274893809608,0.0020470305350719043
27.48240009535484,0.005226970542493896,0.0020618711321800593
27.48440009535484,0.006078615897409729,0.0020699062798047105
27.48640009535484,0.006930261252325563,0.0020779414274293617
27.48840009535484,0.006082069582719877,0.002095343913015329
27.49040009535484,0.004506156602700129,0.0021167566721498237
27.49240009535484,0.0029302436226803803,0.0021381694312843182
27.494400095354838,0.00107193679425858,0.002150356483460212
27.496400095354836,-0.0009072663577390418,0.0021585938955855383
27.49840009535484,-0.0028864695097401793,0.0021668313077108795
27.500400095354838,-0.002613206668985785,0.002154908079885139
27.502400095354837,-0.0013756349635956362,0.0021343538299333814
27.50440009535484,-0.00013806325820328938,0.0021137995799815875
27.506400095354838,4.746888779457443e-05,0.0021343799484431275
27.508400095354837,-0.00021739031611614132,0.0021725705637340178
27.510400095354836,-0.00048224952002685705,0.002210761179024908
27.512400095354835,-0.0010762996867863294,0.0022282521562529524
27.514400095354837,-0.001811280657177822,0.0022368813573197936
27.516400095354836,-0.002546261627568009,0.002245510558386619
27.518400095354835,-0.0016309614351566171,0.0022682569381515865
27.520400095354837,-9.154972435734734e-06,0.002297047060943001
27.522400095354836,0.0016126514902822663,0.0023258371837343653
27.524400095354835,0.002310049703575788,0.0023449546555384727
27.526400095354834,0.002611696986423711,0.0023599311424146925
27.528400095354833,0.002913344269271633,0.0023749076292909122
27.530400095354835,0.0014424271793258116,0.0023571723367017574
27.532400095354834,-0.0007873473606538854,0.0023254327134760336
27.534400095354833,-0.0030171219006335827,0.0022936930902503097
27.536400095354836,-0.003289527370988371,0.00229600917048625
27.538400095354834,-0.0027239580358676776,0.0023129049341995903
27.540400095354833,-0.002158388700746984,0.00232980069791293
27.542400095354832,-0.0013119994871002845,0.002328752535888636
27.54440009535483,-0.0003453876665006036,0.0023200223481385546
27.546400095354834,0.0006212241541007943,0.002311292160388458
27.548400095354832,0.001715545331699533,0.0022901958823605046
27.55040009535483,0.0028645405367158875,0.0022638055211518958
27.552400095354834,0.004013535741734283,0.0022374151599432396
27.554400095354833,0.004676980343830813,0.002220027901391657
27.55640009535483,0.005132554427285489,0.0022064949880050227
27.55840009535483,0.005588128510740167,0.0021929620746183884
27.56040009535483,0.007579832670795214,0.0021879976176280786
27.562400095354832,0.010229174147073732,0.002186701428549744
27.56440009535483,0.012878515623347542,0.0021854052394714115
27.56640009535483,0.012904083835485962,0.0021800196893871503
27.568400095354832,0.011806380360912605,0.0021728834303153723
27.57040009535483,0.010708676886341195,0.0021657471712436074
27.57240009535483,0.008806647033887161,0.002142625823812096
27.57440009535483,0.0065602744854627165,0.00211266104991531
27.576400095354828,0.004313901937038271,0.0020826962760185238
27.57840009535483,0.0015916669943529967,0.002078820382628727
27.58040009535483,-0.001334290920260182,0.0020861134833335287
27.582400095354828,-0.004260248834873361,0.0020934065840383306
27.58440009535483,-0.006671102869899588,0.0020787439779362533
27.58640009535483,-0.008861434107769461,0.0020546818427870897
27.588400095354828,-0.011051765345639335,0.0020306197076379257
27.590400095354827,-0.009644223582350148,0.002038813192939591
27.592400095354826,-0.006696384515903325,0.002060815738532179
27.59440009535483,-0.003748545449451267,0.002082818284124806
27.596400095354827,-0.002086613948074377,0.002078066529901289
27.598400095354826,-0.0009751966532922565,0.0020618609025251865
27.60040009535483,0.0001362206414918382,0.0020456552751490554
27.602400095354827,0.00243944582468965,0.002023694702523041
27.604400095354826,0.005252899949242847,0.0019992703606511925
27.606400095354825,0.008066354073796043,0.001974846018779344
27.608400095354824,0.00831366992152177,0.0019792742680438363
27.610400095354827,0.007462387419839165,0.001996054700074472
27.612400095354825,0.0066111049181580735,0.0020128351321050783
27.614400095354824,0.00704968494749432,0.00202695583226818
27.616400095354827,0.008040472562977977,0.002039937865264044
27.618400095354826,0.009031260178459875,0.0020529198982598847
27.620400095354825,0.0074547604517198555,0.0020681255411585347
27.622400095354823,0.00477917017212779,0.002084283141634045
27.624400095354822,0.0021035798925357245,0.0021004407421095555
27.626400095354825,0.002364857001725915,0.002116098419927667
27.628400095354824,0.003883447053615434,0.0021315420740448746
27.630400095354823,0.005402037105504952,0.002146985728162082
27.632400095354825,0.00750405015298844,0.0021499747420250922
27.634400095354824,0.00985583456480014,0.0021476317540436913
27.636400095354823,0.012207618976611845,0.0021452887660622904
27.63840009535482,0.012064132849718995,0.0021621187681117033
27.64040009535482,0.010852387142792509,0.0021871569904565154
27.642400095354823,0.009640641435863871,0.0022121952128013717
27.644400095354822,0.010743889948997555,0.0022283707621643133
27.64640009535482,0.012838219397910496,0.002240752079059517
27.648400095354823,0.014932548846827159,0.002253133395954743
27.650400095354822,0.014566802572572958,0.0022741091830490857
27.65240009535482,0.013147863840400781,0.0022987643817600273
27.65440009535482,0.011728925108228604,0.0023234195804709688
27.65640009535482,0.0102376310706247,0.0023473104674849414
27.65840009535482,0.00871536072171157,0.0023708741420448132
27.66040009535482,0.007193090372801145,0.0023944378166046434
27.66240009535482,0.006551780420566883,0.0024070230552729675
27.66440009535482,0.006287621897980617,0.002414908272456336
27.66640009535482,0.00602346337539482,0.0024227934896396907
27.66840009535482,0.002484507748301134,0.002471039986309068
27.670400095354818,-0.0024564343561281916,0.0025365657116578257
27.672400095354817,-0.007397376460557518,0.002602091437006584
27.67440009535482,-0.007022117978389217,0.0026168061195194644
27.67640009535482,-0.004370919332201917,0.002609767880696447
27.678400095354817,-0.0017197206860146167,0.0026027296418734296
27.68040009535482,-0.00032922458729749116,0.002620964884496506
27.68240009535482,0.0005215469708577383,0.0026500200609644985
27.684400095354817,0.0013723185290129677,0.002679075237432492
27.686400095354816,0.0007948613194931671,0.0027007422976281256
27.688400095354815,-0.00039404084407729397,0.0027192464006582716
27.690400095354818,-0.0015829430076498674,0.00273775050368845
27.692400095354817,0.0006434883692487084,0.0027669334845127386
27.694400095354816,0.004332072565366121,0.0028006882446633447
27.696400095354818,0.008020656761490087,0.0028344430048140115
27.698400095354817,0.008092389800482469,0.0028805950762874344
27.700400095354816,0.006615697272720514,0.0029320546135584045
27.702400095354815,0.00513900474495856,0.002983514150829375
27.704400095354814,0.002030864260724179,0.0030105162200625055
27.706400095354816,-0.0017757224494616662,0.0030270476970960048
27.708400095354815,-0.005582309159640749,0.0030435791741294745
27.710400095354814,-0.006268585522861151,0.0030520235277521693
27.712400095354816,-0.005619012190302256,0.0030570056676375327
27.714400095354815,-0.0049694388577445165,0.003061987807522888
27.716400095354814,-0.0050395735132548304,0.0030697873193766905
27.718400095354813,-0.005417825538337482,0.00307879298880331
27.72040009535481,-0.005796077563420132,0.00308779865822993
27.722400095354814,-0.005179172615772088,0.0031276614346475093
27.724400095354813,-0.004136226562672062,0.0031807345852408846
27.726400095354812,-0.0030932805095720372,0.0032338077358342603
27.728400095354814,0.0024381745216780298,0.0032711617684024028
27.730400095354813,0.009891225458753497,0.0033017862181651723
27.732400095354812,0.017344276395828966,0.003332410667927942
27.73440009535481,0.01887599840327471,0.003320204672725021
27.73640009535481,0.017872713151705733,0.0032896623394829227
27.738400095354812,0.016869427900134976,0.00325912000624077
27.74040009535481,0.015156067700046263,0.0032797318524127464
27.74240009535481,0.013138714022487948,0.0033222435514377296
27.744400095354813,0.011121360344926046,0.003364755250462789
27.74640009535481,0.008056652799290015,0.0034362883157393873
27.74840009535481,0.004543557678912783,0.0035202458541819864
27.75040009535481,0.0010304625585355505,0.0036042033926245855
27.75240009535481,-0.003232030930612625,0.0036810806577677094
27.75440009535481,-0.007815352908664738,0.003754926753537904
27.75640009535481,-0.01239867488670871,0.0038287728493079667
27.75840009535481,-0.011403326461783174,0.003872619494864268
27.76040009535481,-0.008019666702905135,0.0039036229319529643
27.76240009535481,-0.0046360069440331084,0.003934626369041606
27.76440009535481,-0.006054022460476158,0.003946586749688326
27.766400095354808,-0.009527706456707353,0.003950394515124324
27.768400095354806,-0.013001390452938546,0.003954202280560322
27.77040009535481,-0.01154205331430709,0.003970913572611315
27.772400095354808,-0.007970816320829643,0.00399314905668177
27.774400095354807,-0.004399579327352195,0.004015384540752226
27.77640009535481,-0.004070450816867864,0.004077426456852448
27.778400095354808,-0.005129317431073484,0.004156510101777568
27.780400095354807,-0.0061881840452791045,0.004235593746702688
27.782400095354806,-0.00849272521569636,0.004291539994966598
27.784400095354805,-0.011330558357943065,0.004337580776488071
27.786400095354807,-0.01416839150019481,0.0043836215580096245
27.788400095354806,-0.015024113597979432,0.004382115615531271
27.790400095354805,-0.015031264105913102,0.004360254204427956
27.792400095354807,-0.015038414613846786,0.004338392793324603
27.794400095354806,-0.016378128138387738,0.004356737176809348
27.796400095354805,-0.01828833203036936,0.004392294268617775
27.798400095354804,-0.020198535922350984,0.004427851360426202
27.800400095354803,-0.02205957276216183,0.004467060080391147
27.802400095354805,-0.02389956044122794,0.004507832117753992
27.804400095354804,-0.025739548120290782,0.004548604155116764
27.806400095354803,-0.026180516338337092,0.004617786225946512
27.808400095354806,-0.02602254303187292,0.004699131064507834
27.810400095354805,-0.025864569725409032,0.004780475903069012
27.812400095354803,-0.02296446115034078,0.004812781898863596
27.814400095354802,-0.018890402585307157,0.004824093617084464
27.8164000953548,-0.014816344020273533,0.004835405335305333
27.818400095354804,-0.010854486028027023,0.0047794488637295
27.820400095354803,-0.006940662820642192,0.0046946938491163005
27.8224000953548,-0.003026839613257356,0.0046099388345031
27.824400095354804,-0.002201340134930424,0.004595743290251841
27.826400095354803,-0.002697999542442048,0.00461175534044455
27.8284000953548,-0.0031946589499536712,0.004627767390637258
27.8304000953548,-0.005622777583256014,0.004651598113379969
27.8324000953548,-0.008877783719067011,0.0046787761305058465
27.834400095354802,-0.012132789854883787,0.004705954147631772
27.8364000953548,-0.012862052450888787,0.004740714926114177
27.8384000953548,-0.012510005123716432,0.004778722002160319
27.840400095354802,-0.012157957796543453,0.0048167290782065286
27.8424000953548,-0.012308949882107645,0.004780173503943972
27.8444000953548,-0.012675300957110763,0.0047116965004379025
27.8464000953548,-0.013041652032113875,0.004643219496931832
27.848400095354798,-0.005587026044593884,0.004601915723669393
27.8504000953548,0.005215882171373625,0.00457224523397063
27.8524000953548,0.016018790387321943,0.00454257474427192
27.854400095354798,0.0160178556508408,0.004557897398803483
27.8564000953548,0.011391626713761052,0.004592482322325036
27.8584000953548,0.006765397776689525,0.004627067245846526
27.860400095354798,0.008872199742106828,0.004633593923813529
27.862400095354797,0.013861517937310271,0.004628108426378184
27.864400095354796,0.018850836132513718,0.004622622928942839
27.8664000953548,0.022983527315731552,0.004625353923886239
27.868400095354797,0.026749482981536912,0.004631602528642991
27.870400095354796,0.030515438647342276,0.004637851133399743
27.8724000953548,0.024860705807169876,0.004601234508683366
27.874400095354797,0.015172827322114252,0.004546266601737829
27.876400095354796,0.005484948837058634,0.004491298694792292
27.878400095354795,0.00015824490021295722,0.0044997541181382526
27.880400095354794,-0.003301371051516435,0.004535362074971305
27.882400095354797,-0.006760987003251972,0.004570970031804419
27.884400095354795,-0.01076576703790573,0.004635402726028718
27.886400095354794,-0.01500394049085382,0.004712175748975872
27.888400095354797,-0.019242113943809435,0.004788948771923161
27.890400095354796,-0.01647743100056555,0.004855986062668094
27.892400095354795,-0.010714713435513633,0.004918855331029078
27.894400095354793,-0.0049519958704617156,0.004981724599390062
27.896400095354792,-0.005401473868185779,0.005028339814345576
27.898400095354795,-0.008510492292677686,0.005067996408682449
27.900400095354794,-0.01161951071716407,0.005107653003019252
27.902400095354793,-0.012329951068302468,0.005121141524628031
27.904400095354795,-0.012013521598485562,0.0051234270737526
27.906400095354794,-0.011697092128669219,0.005125712622877166
27.908400095354793,-0.011257280553575812,0.005180092590939065
27.91040009535479,-0.010764647109766882,0.005256775019732526
27.91240009535479,-0.010272013665957954,0.005333457448525988
27.914400095354793,-0.01068087387242618,0.005424753115320246
27.916400095354792,-0.01147567809445513,0.0055223049457074945
27.91840009535479,-0.012270482316484083,0.0056198567760947435
27.920400095354793,-0.01051852470494578,0.005703694941723031
27.922400095354792,-0.007676257016883773,0.005781662064886216
27.92440009535479,-0.004833989328821767,0.005859629188049402
27.92640009535479,-0.005730096370950998,0.0058921764136340505
27.92840009535479,-0.008226662510108024,0.005905278641455746
27.93040009535479,-0.010723228649269482,0.005918380869277465
27.93240009535479,-0.012617941668129858,0.006002169736269643
27.93440009535479,-0.014254991533710152,0.006116220708299111
27.93640009535479,-0.015892041399293354,0.006230271680328779
27.93840009535479,-0.016684411582489744,0.00638163541461569
27.94040009535479,-0.01711516054919563,0.00654897335398834
27.942400095354788,-0.017545909515901518,0.006716311293360989
27.944400095354787,-0.013109759276254827,0.006853406913487947
27.94640009535479,-0.00659000945806794,0.0069775552994599975
27.94840009535479,-7.0259639892635e-05,0.007101703685431829
27.950400095354787,-0.0004605786844221939,0.007159773822411676
27.95240009535479,-0.0038092122014747125,0.007189554770934043
27.95440009535479,-0.007157845718521284,0.0072193357194563585
27.956400095354788,-0.0039458274788291385,0.007309180658860715
27.958400095354786,0.0020749143551055636,0.007424739986806037
27.960400095354785,0.008095656189040266,0.00754029931475136
27.962400095354788,0.008328087612655034,0.007697061499278632
27.964400095354787,0.006082447246647957,0.007871463310796741
27.966400095354786,0.0038368068806408804,0.00804586512231485
27.968400095354788,-0.003036452669989742,0.008234942523108316
27.970400095354787,-0.011890873071735,0.008430302788108503
27.972400095354786,-0.020745293473480256,0.008625663053108688
27.974400095354785,-0.01542844083469419,0.00881043656698252
27.976400095354784,-0.004044629415083639,0.00899067771580187
27.978400095354786,0.007339182004547137,0.009170918864621538
27.980400095354785,0.013557268426795643,0.009331136605651453
27.982400095354784,0.017563821387245254,0.00948278199016448
27.984400095354786,0.02157037434770198,0.00963442737467778
27.986400095354785,0.01707998533580734,0.009907389774308413
27.988400095354784,0.008951912583719083,0.010232290028138656
27.990400095354783,0.0008238398316308265,0.010557190281968897
27.992400095354782,0.002971103836382793,0.010814393002309275
27.994400095354784,0.00951741284001949,0.011042613266582483
27.996400095354783,0.016063721843644557,0.011270833530855288
27.998400095354782,0.017911234687307914,0.01153680684974681
28.000400095354784,0.017747113381630344,0.011818942890180166
28.002400095354783,0.01758299207595307,0.01210107893061302
28.004400095354782,0.018746624829621427,0.012335972029821474
28.00640009535478,0.02047869163503125,0.01255063962393179
28.00840009535478,0.02221075844044107,0.012765307218042105
28.010400095354782,0.02121096970374631,0.012996420572786943
28.01240009535478,0.019041627090293684,0.01323457463770416
28.01440009535478,0.01687228447684106,0.013472728702621376
28.016400095354783,0.007038849416902432,0.013806264673139036
28.01840009535478,-0.0060757145343521,0.014180635266719435
28.02040009535478,-0.01919027848560663,0.01455500586029984
28.02240009535478,-0.005757634883509659,0.014835232596361849
28.02440009535478,0.019040323153016514,0.015075154733884964
28.02640009535478,0.043838281189586735,0.015315076871408505
28.02840009535478,0.03515596119065728,0.01552884005732451
28.03040009535478,0.012140158706572507,0.015731404146438106
28.03240009535478,-0.010875643777553151,0.015933968235552064
28.03440009535478,-0.013182996124387678,0.01607055149279664
28.03640009535478,-0.0066247039297795286,0.016178887218332057
28.038400095354778,-6.64117351713775e-05,0.016287222943867474
28.040400095354777,0.012037368000755874,0.01656204324428656
28.04240009535478,0.026515266858754594,0.01690813847045661
28.044400095354778,0.0409931657167276,0.017254233696626046
28.046400095354777,0.04325310971844985,0.017541659039136827
28.04840009535478,0.04028233529484822,0.017803966786676145
28.050400095354778,0.037311560871251856,0.018066274534215
28.052400095354777,0.03324324890151562,0.018279006957423266
28.054400095354776,0.028705062010337824,0.01847051532163947
28.056400095354775,0.024166875119160016,0.018662023685855674
28.058400095354777,0.0036515567420150503,0.01860909028525182
28.060400095354776,-0.023703850487521515,0.018451507098665804
28.062400095354775,-0.05105925771705808,0.01829392391207979
28.064400095354777,-0.03838243794873379,0.018175859933900095
28.066400095354776,-0.008567120954966367,0.018074714820705672
28.068400095354775,0.021248196038801043,0.01797356970751125
28.070400095354774,0.02596652727271793,0.017989911389348634
28.072400095354773,0.019940398192928158,0.018056551231239303
28.074400095354775,0.01391426911312768,0.01812319107313009
28.076400095354774,0.006321488057763427,0.018120989491831756
28.078400095354773,-0.0019420043025073358,0.018089315684730507
28.080400095354776,-0.010205496662792775,0.0180576418776292
28.082400095354775,-0.00999824557477716,0.017926346721801944
28.084400095354773,-0.006164519566962246,0.017752401906610427
28.086400095354772,-0.002330793559147332,0.01757845709141891
28.08840009535477,-0.0003856656948069715,0.01734517984847172
28.090400095354774,0.0007509198386836189,0.01708650134184158
28.092400095354773,0.00188750537217219,0.0168278228352119
28.09440009535477,0.007452380915122587,0.016693647822438148
28.096400095354774,0.01491308611519694,0.01661277496818631
28.098400095354773,0.022373791315258035,0.016531902113934613
28.10040009535477,0.023397917004019896,0.016529293431143854
28.10240009535477,0.021666428264274777,0.016560191035307877
28.10440009535477,0.019934939524529658,0.016591088639471903
28.106400095354772,0.012012721102325302,0.016370608209721346
28.10840009535477,0.0014401406166389408,0.016042508349167792
28.11040009535477,-0.00913243986904742,0.015714408488614235
28.112400095354772,-0.005425765428537172,0.015379635819858725
28.11440009535477,0.00439411410955122,0.015042006402252237
28.11640009535477,0.01421399364763961,0.014704376984645749
28.11840009535477,0.015894249057063693,0.014436215039104935
28.120400095354768,0.014089784979689879,0.014197793367780636
28.12240009535477,0.012285320902312862,0.013959371696455914
28.12440009535477,0.0009286093146629003,0.01382292966609004
28.126400095354768,-0.014517591744552645,0.01373014695962306
28.12840009535477,-0.02996379280379563,0.01363736425315591
28.13040009535477,-0.014628431027483187,0.013481302118131816
28.132400095354768,0.013885074702572942,0.013298148914883148
28.134400095354767,0.04239858043262907,0.01311499571163448
28.136400095354766,0.049790966204765176,0.012891354919908317
28.13840009535477,0.04814101727359855,0.012650380656894574
28.140400095354767,0.046491068342434834,0.012409406393881262
28.142400095354766,0.04218540404782302,0.012238538462796484
28.14440009535477,0.03674277967609209,0.01209768432823965
28.146400095354768,0.031300155304370816,0.011956830193683064
28.148400095354766,0.022917588126500178,0.011810046082099996
28.150400095354765,0.013276377774418709,0.011660723239119843
28.152400095354764,0.0036351674223372363,0.011511400396139694
28.154400095354767,0.0039754700341702275,0.01147074517721145
28.156400095354766,0.00858904105613129,0.011476612557286447
28.158400095354764,0.013202612078092354,0.011482479937361442
28.160400095354767,0.008726395164380132,0.011437098182756759
28.162400095354766,0.00035867316461395474,0.011369775732761522
28.164400095354765,-0.008009048835152221,0.01130245328276628
28.166400095354764,-0.020360523781638523,0.01111924618506673
28.168400095354762,-0.034417516710439244,0.01088642673610514
28.170400095354765,-0.04847450963926494,0.010653607287143136
28.172400095354764,-0.04274414311074383,0.010585048383578429
28.174400095354763,-0.028542442636379402,0.010586812452474227
28.176400095354765,-0.014340742161989745,0.01058857652137003
28.178400095354764,-0.0031692005054437568,0.010578799121179186
28.180400095354763,0.006705074049904345,0.010564080604351966
28.18240009535476,0.016579348605252446,0.010549362087524747
28.18440009535476,0.02156838196909468,0.010576347080826652
28.186400095354763,0.024465952856045806,0.01062118612128225
28.188400095354762,0.027363523742991787,0.010666025161737768
28.19040009535476,0.01243327529176155,0.010636619007163972
28.192400095354763,-0.010129394643122937,0.010575427101857032
28.194400095354762,-0.03269206457796735,0.0105142351965502
28.19640009535476,-0.036777742335312294,0.010408623119476958
28.19840009535476,-0.032953074643658105,0.010283993937227688
28.20040009535476,-0.029128406952003916,0.010159364754978419
28.20240009535476,-0.022033881886874784,0.010100225853264208
28.20440009535476,-0.013539469634591081,0.010069124567303384
28.20640009535476,-0.005045057382307379,0.01003802328134256
28.20840009535476,-0.007623493976933447,0.010057374713069604
28.21040009535476,-0.014942425150163457,0.010098325900919188
28.21240009535476,-0.022261356323393468,0.010139277088768769
28.21440009535476,-0.0175644871216074,0.010172986621583986
28.216400095354757,-0.0077234274409979375,0.010203595865469954
28.21840009535476,0.002117632239629009,0.010234205109355975
28.22040009535476,0.0002209380625060823,0.010190606277366692
28.222400095354757,-0.006700910266130328,0.010115237566311944
28.22440009535476,-0.013622758594779037,0.01003986885525706
28.22640009535476,-0.008351402557973904,0.010060986027202873
28.228400095354758,0.002140095244643942,0.010123410633401988
28.230400095354756,0.012631593047261788,0.010185835239601104
28.232400095354755,0.007917742770741204,0.010212040821119688
28.234400095354758,-0.0033058058634988507,0.01022274035014589
28.236400095354757,-0.014529354497718971,0.010233439879172074
28.238400095354756,-0.026216066728095674,0.010244279285844957
28.240400095354758,-0.038101068117027376,0.010255178576803001
28.242400095354757,-0.04998606950593798,0.010266077867761028
28.244400095354756,-0.042126093336749146,0.010285152705057024
28.246400095354755,-0.025812915093600047,0.010307727649914883
28.248400095354754,-0.00949973685045094,0.010330302594772743
28.250400095354756,-0.0011666610867261114,0.010274087515751826
28.252400095354755,0.003749979940016662,0.010184140918219923
28.254400095354754,0.008666620966759435,0.010094194320688019
28.256400095354756,0.00022226464776663526,0.010089770580318319
28.258400095354755,-0.013942191286561156,0.010121960817909927
28.260400095354754,-0.028106647220888948,0.010154151055501532
28.262400095354753,-0.017206649002104602,0.010203184629973683
28.264400095354752,0.004423924836262055,0.010259429161404189
28.266400095354754,0.026054498674667137,0.010315673692834792
28.268400095354753,0.02207075872097038,0.010413441165971052
28.270400095354752,0.007121036282462645,0.010528985412483307
28.272400095354755,-0.00782868615607165,0.010644529658995766
28.274400095354753,-0.01372078096237616,0.0106462962866597
28.276400095354752,-0.015735129946042745,0.010599352511984933
28.27840009535475,-0.01774947892970933,0.010552408737310169
28.28040009535475,-0.009823505408897312,0.01048184455804502
28.282400095354753,0.00235811323471187,0.010401168024824643
28.28440009535475,0.01453973187829941,0.01032049149160441
28.28640009535475,0.01927635207174889,0.010258368709429325
28.288400095354753,0.020825623437754518,0.010204189149409874
28.29040009535475,0.02237489480375739,0.010150009589390515
28.29240009535475,0.026962051215855414,0.010152012091604221
28.29440009535475,0.032849785540402396,0.01017806723179054
28.29640009535475,0.038737519864949374,0.010204122371976862
28.29840009535475,0.029027592668879984,0.01022919202421815
28.30040009535475,0.012640001153152253,0.010253839769772956
28.30240009535475,-0.0037475903625754786,0.010278487515327762
28.30440009535475,0.0018903139452224116,0.010226946337378124
28.30640009535475,0.01695776547462187,0.01014278718534506
28.30840009535475,0.03202521700402133,0.010058628033311997
28.310400095354748,0.030445453170349412,0.009979982801182837
28.312400095354747,0.021738688694568693,0.009903698186720872
28.31440009535475,0.01303192421877251,0.009827413572258772
28.316400095354748,0.008347954973633191,0.009802691049072807
28.318400095354747,0.0053862237802183854,0.009800043275042757
28.32040009535475,0.0024244925867983186,0.009797395501012702
28.322400095354748,0.007086286575039446,0.009825958586356234
28.324400095354747,0.015011862594038352,0.009867883658387115
28.326400095354746,0.02293743861303726,0.009909808730417998
28.328400095354745,0.023195919270495413,0.009839098232630872
28.330400095354747,0.02017196423295224,0.009720166211898692
28.332400095354746,0.01714800919541444,0.009601234191166721
28.334400095354745,0.013532617626457561,0.009555853101385441
28.336400095354747,0.009664020308552245,0.009541960628839248
28.338400095354746,0.005795422990653802,0.009528068156293082
28.340400095354745,0.0007342921542804738,0.00956790120560392
28.342400095354744,-0.004837386076705661,0.009630735222840076
28.344400095354743,-0.010409064307691795,0.009693569240076232
28.346400095354745,-0.01278321432301555,0.009657213882732925
28.348400095354744,-0.013788438536896637,0.009578393569670135
28.350400095354743,-0.014793662750777726,0.009499573256607345
28.352400095354746,-0.007067089045518404,0.009441345325005701
28.354400095354745,0.004397742508648016,0.0093919334049906
28.356400095354743,0.01586257406281443,0.0093425214849755
28.358400095354742,0.0061694503528800845,0.00926486243818613
28.36040009535474,-0.0125818195591989,0.00917511022828539
28.362400095354744,-0.03133308947131119,0.009085358018384492
28.364400095354743,-0.02974493731272792,0.009023854605777695
28.36640009535474,-0.019449068393592197,0.008974445072967843
28.368400095354744,-0.009153199474438187,0.008925035540157906
28.370400095354743,-0.005069458596617725,0.008886461282298735
28.37240009535474,-0.003645255339659978,0.008852525824730232
28.37440009535474,-0.0022210520827022325,0.00881859036716173
28.37640009535474,-0.00364311823833656,0.008786082056196179
28.378400095354742,-0.00628373003115441,0.008754184735623451
28.38040009535474,-0.00892434182396757,0.008722287415050779
28.38240009535474,-0.003937987318472915,0.008663257878815942
28.384400095354742,0.004313626484371516,0.00859261248956904
28.38640009535474,0.01256524028720129,0.008521967100322261
28.38840009535474,0.013604601011612165,0.008383911212691908
28.39040009535474,0.011556249213938979,0.00821699551693839
28.392400095354738,0.009507897416265792,0.00805007982118487
28.39440009535474,0.006784623869856526,0.007975453785635427
28.39640009535474,0.0037724025326265767,0.007940338839308198
28.398400095354738,0.0007601811953966281,0.00790522389298097
28.40040009535474,-0.0017546066606293864,0.007832647281987598
28.40240009535474,-0.00405643305318524,0.007744032564930897
28.404400095354738,-0.006358259445741094,0.007655417847874197
28.406400095354737,-0.005558290272040612,0.007615899446028365
28.408400095354736,-0.003430378709715131,0.00759740018509661
28.41040009535474,-0.0013024671473858699,0.0075789009241648215
28.412400095354737,0.0016254650162278062,0.007508519244218228
28.414400095354736,0.004895902473149293,0.007415925632336901
28.41640009535474,0.008166339930076589,0.007323332020455411
28.418400095354738,0.01027667539457919,0.0072270360258072245
28.420400095354736,0.011890347245792904,0.00712915496466076
28.422400095354735,0.01350401909700662,0.0070312739035142974
28.424400095354734,0.002982491057730992,0.006973846308264365
28.426400095354737,-0.012734367231643276,0.006933737679079121
28.428400095354736,-0.02845122552098963,0.006893629049893948
28.430400095354734,-0.027646220282048505,0.0068592332368662984
28.432400095354737,-0.01976786241487377,0.006827283198984547
28.434400095354736,-0.011889504547713033,0.006795333161102851
28.436400095354735,-0.007265121014093816,0.006765141089233138
28.438400095354734,-0.004033831590240433,0.0067357016391869015
28.440400095354732,-0.0008025421663870482,0.0067062621891406686
28.442400095354735,-4.930549858361724e-05,0.006648188833268426
28.444400095354734,-0.00035697490230909395,0.006577856705072706
28.446400095354733,-0.0006646443060345707,0.006507524576876989
28.448400095354735,-0.0016531858933653523,0.006465262511561482
28.450400095354734,-0.0029332231001820194,0.006435017827136896
28.452400095354733,-0.004213260306998686,0.00640477314271231
28.454400095354732,-0.0075718859097839136,0.006460921609326981
28.45640009535473,-0.011820398780701007,0.006554056795059654
28.458400095354733,-0.016068911651625647,0.006647191980792494
28.460400095354732,-0.01666490960564735,0.0067364977122292185
28.46240009535473,-0.015697189157668313,0.006824163973796978
28.464400095354733,-0.014729468709687554,0.006911830235364894
28.466400095354732,-0.015801135566460026,0.006909296884149049
28.46840009535473,-0.017745907099317986,0.006868147178149108
28.47040009535473,-0.01969067863217595,0.0068269974721491666
28.47240009535473,-0.014686337648729812,0.0067667866154711865
28.47440009535473,-0.006706934806064716,0.00669841527754577
28.47640009535473,0.0012724680365862051,0.006630043939620474
28.47840009535473,-0.005261046135616886,0.006608189469595933
28.48040009535473,-0.018007847420233206,0.006606249855801926
28.48240009535473,-0.030754648704826876,0.00660431024200792
28.48440009535473,-0.025820083011319148,0.006665170606970157
28.48640009535473,-0.01331574873782195,0.006752916976085905
28.488400095354727,-0.0008114144643247487,0.006840663345201654
28.49040009535473,3.483749355284293e-05,0.006896222078115887
28.49240009535473,-0.004109983709814349,0.006938000598914477
28.494400095354727,-0.00825480491318154,0.006979779119713067
28.49640009535473,-0.011029187599626053,0.007005488902091496
28.49840009535473,-0.013216856316691705,0.0070243193147025386
28.500400095354728,-0.015404525033757355,0.007043149727313581
28.502400095354727,-0.01723877304595553,0.0070043222084334505
28.504400095354725,-0.018921714094863828,0.006940810095800455
28.506400095354728,-0.020604655143775113,0.006877297983167346
28.508400095354727,-0.022390611697405225,0.00685697022965539
28.510400095354726,-0.02422067139754854,0.006855130626277115
28.512400095354728,-0.026050731097695096,0.006853291022898837
28.514400095354727,-0.028909168044285945,0.006924987242715737
28.516400095354726,-0.03220787539607178,0.007028165729168085
28.518400095354725,-0.035506582747857625,0.007131344215620431
28.520400095354724,-0.03465850460584498,0.007177621348579052
28.522400095354726,-0.032035098234097246,0.007199537785929427
28.524400095354725,-0.029411691862354167,0.007221454223279763
28.526400095354724,-0.029512544266331535,0.007246545405586638
28.528400095354726,-0.030779710702643952,0.007272995764791472
28.530400095354725,-0.03204687713895412,0.007299446123996257
28.532400095354724,-0.029217479113542836,0.007304765130328031
28.534400095354723,-0.02463425312870642,0.007301037346883767
28.536400095354722,-0.020051027143870002,0.007297309563439506
28.538400095354724,-0.019693385944483367,0.007349731727395571
28.540400095354723,-0.021144809323864283,0.007426192902778114
28.542400095354722,-0.0225962327032452,0.007502654078160657
28.544400095354725,-0.01925895082410955,0.007527855246456471
28.546400095354723,-0.013871520012392162,0.0075311108902022346
28.548400095354722,-0.008484089200674774,0.0075343665339479985
28.55040009535472,-0.013214268356531292,0.007572119844733249
28.55240009535472,-0.02227601705627153,0.007624642359348476
28.554400095354723,-0.03133776575602787,0.007677164873963798
28.55640009535472,-0.042845118341924775,0.007726752371965632
28.55840009535472,-0.05539948743266969,0.0077750833251714665
28.560400095354723,-0.0679538565234369,0.007823414278377388
28.56240009535472,-0.06367466168456004,0.007865407782867515
28.56440009535472,-0.05218864911074089,0.007904688086636179
28.56640009535472,-0.04070263653692172,0.007943968390404843
28.56840009535472,-0.0334927461909471,0.008028407094288993
28.57040009535472,-0.028113557737064615,0.008132179101603566
28.57240009535472,-0.022734369283191686,0.008235951108917951
28.57440009535472,-0.01961542318784912,0.008361202670371085
28.57640009535472,-0.017464136634472816,0.008495650102099685
28.57840009535472,-0.015312850081100332,0.008630097533828048
28.58040009535472,-0.013509069067749135,0.008674930313894645
28.582400095354718,-0.011854062849363503,0.008681397082800463
28.584400095354717,-0.01019905663097787,0.00868786385170628
28.58640009535472,-0.004845475612219096,0.008710985107521253
28.588400095354718,0.002091547143647404,0.008741236517816116
28.590400095354717,0.009028569899513905,0.008771487928110977
28.59240009535472,0.004343120612596176,0.008793534210985323
28.594400095354718,-0.005318166828358434,0.00881206769676038
28.596400095354717,-0.014979454269313042,0.008830601182535439
28.598400095354716,-0.017087264161068937,0.008895657177045605
28.600400095354715,-0.01596126232018436,0.008980630492233509
28.602400095354717,-0.014835260479297778,0.00906560380742156
28.604400095354716,-0.009697745541652768,0.009104432740198743
28.606400095354715,-0.00284281241549867,0.00912350623413324
28.608400095354718,0.004012120710667602,0.009142579728067769
28.610400095354716,0.0004303639917465924,0.009129630747747437
28.612400095354715,-0.007619572878179392,0.009102972230593543
28.614400095354714,-0.015669509748105378,0.009076313713439648
28.616400095354713,-0.019775567713938378,0.009054777837232143
28.618400095354716,-0.022193162777446564,0.009035435078361687
28.620400095354714,-0.02461075784095046,0.009016092319491265
28.622400095354713,-0.021035594517699048,0.009548353501887341
28.624400095354716,-0.014894796771644667,0.010316768716890018
28.626400095354715,-0.008753999025601197,0.01108518393189133
