z,score
0.0,115.95704450929846
0.0005,115.44591943348372
0.001,115.61670759151353
0.0015,115.39577485836814
0.002,114.31085360594379
0.0025,113.51134044404273
0.003,113.75461070785948
0.0035,114.69473931361911
0.004,114.76740134893969
0.0045000000000000005,113.75879111762593
0.005,113.382261600936
0.0055,113.97112597408979
0.006,114.98403522272773
0.006500000000000001,115.63001518427767
0.007,116.18204498620105
0.0075,115.52432235831002
0.008,113.42587731617122
0.0085,110.68622966251395
0.009000000000000001,107.9367751100991
0.0095,105.54905205799473
0.01,103.09565738803394
0.0105,100.5714505418946
0.011,97.99922595757712
0.0115,95.59576975420664
0.012,93.0913729353112
0.0125,89.33300436654464
0.013000000000000001,84.50265305674485
0.0135,79.29838065685857
0.014,74.29491798997508
0.0145,69.12483963996026
0.015,63.25797221240369
0.0155,56.62346193306117
0.016,49.461592897630595
0.0165,42.09467749064442
0.017,35.46073446050146
0.0175,29.552994586408833
0.018000000000000002,23.333480813108817
0.0185,16.08372060360528
0.019,7.690716709583945
0.0195,-1.4945187491316705
0.02,-10.633091091599923
0.0205,-19.52692162237299
0.021,-28.120385726685353
0.021500000000000002,-36.43523725148136
0.022,-45.08580565987654
0.0225,-54.171072727074446
0.023,-63.08927036086372
0.0235,-71.3542561693454
0.024,-79.01181295675597
0.0245,-86.94073569533137
0.025,-95.56096657709948
0.025500000000000002,-103.61552798759946
0.026000000000000002,-110.60628149628404
0.0265,-116.8917553965475
0.027,-123.3571914711678
0.0275,-130.2139218529073
0.028,-137.61438661061004
0.0285,-144.66243846378475
0.029,-150.64148041567645
0.029500000000000002,-155.9138053594956
0.03,-160.46674952790255
0.0305,-163.98671057943255
0.031,-167.2620458458817
0.0315,-170.86217580919777
0.032,-174.17101786451946
0.0325,-177.3400136749501
0.033,-180.7102214952716
0.0335,-183.61375434246906
0.034,-185.87481775695016
0.0345,-187.5968404976102
0.035,-187.92218893144081
0.035500000000000004,-186.48126629086468
0.036000000000000004,-184.55029265318464
0.0365,-183.97800074674447
0.037,-185.3486235759457
0.0375,-186.75782328221317
0.038,-186.66568475624607
0.0385,-185.4054502371018
0.039,-183.5986032385982
0.0395,-181.40488178788206
0.04,-179.07295554284923
0.0405,-177.2762526385855
0.041,-175.76250661438715
0.0415,-173.87782662118508
0.042,-171.68190775551236
0.0425,-169.6724490817862
0.043000000000000003,-167.70155352900423
0.043500000000000004,-165.23963915655264
0.044,-161.29679732154008
0.0445,-156.00386054324716
0.045,-150.4338886397775
0.0455,-144.7963693153577
0.046,-138.06922737937322
0.0465,-129.27178332405933
0.047,-118.14886447969565
0.0475,-107.26347056938667
0.048,-101.4343705114305
0.0485,-101.28838548835792
0.049,-102.5798311383014
0.0495,-102.45237237374943
0.05,-100.71817395445136
0.0505,-97.68518545351884
0.051000000000000004,-93.71498715303436
0.051500000000000004,-89.73467874752679
0.052000000000000005,-86.17696949507003
0.0525,-82.7701149400998
0.053,-79.36103359030896
0.0535,-76.11545530787815
0.054,-72.88785920246026
0.0545,-69.49138357736084
0.055,-66.23750571416134
0.0555,-63.633226705975616
0.056,-61.41074935414758
0.0565,-59.18100511080099
0.057,-56.63886545505589
0.0575,-53.99117859625075
0.058,-51.44551452090116
0.0585,-48.95718005944511
0.059000000000000004,-46.59926127773514
0.059500000000000004,-44.791313829265164
0.06,-43.617365960305754
0.0605,-42.44705793145877
0.061,-41.06899642311726
0.0615,-39.83347252469517
0.062,-38.90661166801182
0.0625,-38.14495741998415
0.063,-37.521567102395466
0.0635,-37.33227996557846
0.064,-37.562396922981414
0.0645,-37.78088549428559
0.065,-37.95472114096614
0.0655,-38.07028929161055
0.066,-37.923947895613274
0.0665,-37.710119678975474
0.067,-37.58408887569662
0.0675,-37.41849046986232
0.068,-37.13009163807361
0.0685,-36.778416295501536
0.069,-36.44338020064864
0.0695,-36.211736991135695
0.07,-36.1208312990405
0.07050000000000001,-36.17672455643578
0.07100000000000001,-36.40344966538906
0.07150000000000001,-36.68054207068799
0.07200000000000001,-36.93719603386417
0.0725,-37.32542295490769
0.073,-37.94548337919723
0.0735,-38.55454230339112
0.074,-38.9197995098566
0.0745,-38.999841689717606
0.075,-38.897636157399056
0.0755,-38.779072649852644
0.076,-38.7232347296323
0.0765,-38.85264121170496
0.077,-39.3923326517073
0.0775,-40.30535403480904
0.078,-41.29842786261003
0.0785,-42.304773676557176
0.079,-43.47073862255992
0.0795,-44.46798748664263
0.08,-44.62333437960592
0.0805,-44.04929877664619
0.081,-44.167970140505716
0.0815,-46.338217765686906
0.082,-50.4656703081447
0.0825,-55.17918383182868
0.083,-59.0029927543618
0.0835,-61.508087013181374
0.084,-63.44044931805655
0.0845,-65.58641310551978
0.085,-68.01718351968738
0.0855,-70.7309336319128
0.08600000000000001,-74.10380087003605
0.08650000000000001,-78.27453856179658
0.08700000000000001,-82.99079150129859
0.08750000000000001,-87.62835678429234
0.088,-91.44348367707934
0.0885,-94.25236990500264
0.089,-96.24660177076927
0.0895,-97.52534205596625
0.09,-98.24997365749914
0.0905,-99.01852481891
0.091,-100.35903510606413
0.0915,-101.84082506373733
0.092,-102.14208521147327
0.0925,-100.41039111417022
0.093,-97.86748537607122
0.0935,-97.56735223359533
0.094,-101.32095064086819
0.0945,-107.65990686791736
0.095,-113.6451050200998
0.0955,-117.5493812561451
0.096,-119.35392156719745
0.0965,-120.10696077626103
0.097,-120.7116828508405
0.0975,-121.34371315067972
0.098,-121.86809561544035
0.0985,-122.04443972031564
0.099,-121.66402769942108
0.0995,-120.74684174348975
0.1,-119.50783670684385
0.1005,-118.0185142174651
0.101,-116.24842645383089
0.1015,-114.31334759320632
0.10200000000000001,-112.15698828266645
0.10250000000000001,-109.69084376617198
0.10300000000000001,-106.85877507383799
0.10350000000000001,-103.75806666251805
0.10400000000000001,-100.79544230849221
0.1045,-98.0340020641288
0.105,-95.27900150688782
0.1055,-92.3532728546949
0.106,-89.1589806353101
0.1065,-85.67451701225087
0.107,-81.91136625387215
0.1075,-77.84073430269741
0.108,-73.53047784340895
0.1085,-69.18674881741255
0.109,-64.88499535208551
0.1095,-60.59481163748114
0.11,-56.257681125385
0.1105,-51.85629593086579
0.111,-47.45181487829592
0.1115,-43.26294900669161
0.112,-39.51861593730376
0.1125,-36.07218155913568
0.113,-32.452533108107545
0.1135,-28.30357402804935
0.114,-23.651314263817955
0.1145,-18.704771628496196
0.115,-13.712959827597375
0.1155,-9.045894665683196
0.116,-5.027748614848174
0.1165,-1.5429108428434366
0.117,1.9287472051987444
0.11750000000000001,5.597947770198489
0.11800000000000001,9.313316231297863
0.11850000000000001,13.136498123880461
0.11900000000000001,17.072249965876
0.11950000000000001,20.808867877282772
0.12,24.205488969958076
0.1205,27.480060651143525
0.121,30.858584188068164
0.1215,34.327195209273036
0.122,37.78887752820495
0.1225,41.2403849988874
0.123,44.553108504790295
0.1235,47.61276355910099
0.124,50.60823673539742
0.1245,53.63365265095027
0.125,56.46553696530913
0.1255,59.07355984645016
0.126,61.60396490327605
0.1265,64.16697965387026
0.127,66.85502078009122
0.1275,69.51287357757323
0.128,71.6716006659011
0.1285,73.00533568779501
0.129,73.9130180214776
0.1295,75.07796439182721
0.13,76.79324969503031
0.1305,79.04796639357842
0.131,81.67366167171606
0.1315,84.40411127976223
0.132,87.0431538609234
0.1325,89.45884534609267
0.133,91.5205122924711
0.1335,93.1309481377254
0.134,94.3375603566768
0.1345,95.3929433761841
0.135,96.5066969533172
0.1355,97.67141323734451
0.136,98.78526490161744
0.1365,99.77435520787382
0.137,100.52143673001083
0.1375,100.71928762739476
0.138,100.07668990925862
0.1385,98.54619494018921
0.139,96.23386490935188
0.1395,93.56766188885734
0.14,91.35457427564424
0.1405,90.08593391881368
0.14100000000000001,89.50775274351832
0.14150000000000001,89.06218265970075
0.14200000000000002,88.22446053708036
0.14250000000000002,86.84940530138245
0.14300000000000002,85.34406501612406
0.14350000000000002,84.11202607217675
0.14400000000000002,83.1339709558322
0.1445,82.06786949496752
0.145,80.57258612252922
0.1455,78.59873760810203
0.146,76.22667559073824
0.1465,73.43159224619242
0.147,70.31831015293605
0.1475,67.35904737911383
0.148,65.05323102909676
0.1485,63.17156944479991
0.149,60.72457927544114
0.1495,57.10561289180721
0.15,52.7571029053396
0.1505,48.62693622318567
0.151,45.19689453846919
0.1515,42.18053058397041
0.152,39.012763149964336
0.1525,35.29449736900099
0.153,31.032918132525936
0.1535,26.600736174857385
0.154,22.357668103460547
0.1545,18.373993994156148
0.155,14.53511273877657
0.1555,10.763742402695264
0.156,6.99084321642341
0.1565,3.41292661088872
0.157,0.13344696969653322
0.1575,-2.7074391941680993
0.158,-5.148388234366346
0.1585,-7.302488468834485
0.159,-9.232432677912552
0.1595,-10.972524925967946
0.16,-12.60310166405483
0.1605,-14.177474241528223
0.161,-15.572814503637515
0.1615,-16.520457123939877
0.162,-16.84758650370154
0.1625,-16.687302381751365
0.163,-16.397504154674692
0.1635,-16.26198441948759
0.164,-16.300165875924677
0.1645,-16.375086213323158
0.165,-16.341340758108863
0.1655,-15.960832718707506
0.166,-14.955774351645482
0.1665,-13.283550705748096
0.167,-11.194640111488392
0.1675,-9.081977282808458
0.168,-7.233232950853184
0.1685,-5.600777532861503
0.169,-3.963190465499179
0.1695,-2.2483270450538964
0.17,-0.5028253870724432
0.1705,1.270997182194443
0.171,3.101111767129539
0.1715,4.98616840401657
0.17200000000000001,6.946747363047258
0.17250000000000001,9.078772688405984
0.17300000000000001,11.439114444934274
0.17350000000000002,13.941045567217813
0.17400000000000002,16.437235083509783
0.17450000000000002,18.705010050200542
0.17500000000000002,20.43642877513675
0.17550000000000002,21.601608742877197
0.176,22.59967114260238
0.1765,23.786987882524823
0.177,25.10281903522251
0.1775,26.292688793571116
0.178,27.352802036434696
0.1785,28.55204511682081
0.179,30.03089040058898
0.1795,31.602306812912143
0.18,33.04696767664545
0.1805,34.407481000398654
0.181,35.89243874927927
0.1815,37.618067272950384
0.182,39.43794048254677
0.1825,41.05324190434749
0.183,42.33867937190405
0.1835,43.499679725879346
0.184,44.843792889426794
0.1845,46.41698578289509
0.185,47.95993549181858
0.1855,49.230269950128154
0.186,50.24967678284907
0.1865,51.178884799267706
0.187,52.01943993454274
0.1875,52.64838506543676
0.188,53.099834744285005
0.1885,53.56682758757691
0.189,54.14716412454943
0.1895,54.74179556794599
0.19,55.242349808765404
0.1905,55.62043952919319
0.191,55.89577789164205
0.1915,56.08430061497872
0.192,56.13002693559137
0.1925,56.02857773880919
0.193,55.919458501958395
0.1935,55.98735003291424
0.194,56.34331023179377
0.1945,56.938566853941936
0.195,57.56018278422257
0.1955,57.99779510602567
0.196,58.18134368223134
0.1965,58.15958914963331
0.197,58.05781540788164
0.1975,58.03198067831668
0.198,58.19620915246859
0.1985,58.519392196403174
0.199,58.79865471378358
0.1995,58.90123466859184
0.2,58.921274304103825
0.2005,59.034470284822625
0.201,59.374882288911145
0.2015,60.20742477557066
0.202,62.02059659054359
0.2025,64.87417244654746
0.203,67.93411600048844
0.20350000000000001,70.1127885277773
0.20400000000000001,70.89121376482275
0.20450000000000002,70.66395651329462
0.20500000000000002,70.25337636056679
0.20550000000000002,70.1452021571958
0.20600000000000002,70.28894261140526
0.20650000000000002,70.39853171747863
0.20700000000000002,70.43026394337292
0.20750000000000002,70.70811692570032
0.20800000000000002,71.47521638009495
0.2085,72.4798458481312
0.209,73.26568385842708
0.2095,73.66742343062772
0.21,73.86294669934252
0.2105,74.0721814466497
0.211,74.32877919924323
0.2115,74.61265951185851
0.212,75.07541206378734
0.2125,75.79830192922185
0.213,76.47628018215316
0.2135,76.68322803500726
0.214,76.32705884849996
0.2145,75.60611535081401
0.215,74.6256976888342
0.2155,73.32637452822425
0.216,71.68539788415474
0.2165,69.8623170886478
0.217,68.12045049914472
0.2175,66.58914002835107
0.218,65.11937455782035
0.2185,63.38353790083518
0.219,61.19409068038438
0.2195,58.68969099416311
0.22,56.156811102633704
0.2205,53.79678303338025
0.221,51.70881052228287
0.2215,49.932353927060944
0.222,48.43489231903687
0.2225,47.04846992322942
0.223,45.54609668436535
0.2235,43.83875599052382
0.224,41.98253095846489
0.2245,40.03891488006014
0.225,38.02121107153162
0.2255,35.89682852667996
0.226,33.61589733586259
0.2265,31.2080193666306
0.227,28.840572079241035
0.2275,26.754513613117574
0.228,25.076814118641774
0.2285,23.667612294751255
0.229,22.262242789484905
0.2295,20.74855558014051
0.23,19.197694166770066
0.2305,17.674732557689023
0.231,16.130596345530694
0.2315,14.477940996089343
0.232,12.70374882408371
0.2325,10.893347558409328
0.233,9.162852823537515
0.2335,7.589088343216193
0.234,6.219215772751951
0.23450000000000001,5.092175562784563
0.23500000000000001,4.196309235251174
0.23550000000000001,3.435721991565226
0.23600000000000002,2.6815929005535732
0.23650000000000002,1.8468348758889377
0.23700000000000002,0.918652290847012
0.23750000000000002,-0.01796877794108485
0.23800000000000002,-0.7872592412322696
0.23850000000000002,-1.223998086328924
0.23900000000000002,-1.28130475067424
0.23950000000000002,-1.042215708619116
0.24,-0.6468409718017606
0.2405,-0.1841169927894482
0.241,0.3390262956003385
0.2415,0.9246013437994417
0.242,1.5714572255608577
0.2425,2.3167957570952256
0.243,3.155600729693304
0.2435,3.975984032452562
0.244,4.735016708951425
0.2445,5.623269516042098
0.245,6.879857975600341
0.2455,8.497608796952374
0.246,10.258597713422287
0.2465,11.979946856957646
0.247,13.589656438785553
0.2475,15.06183782691777
0.248,16.401360282915128
0.2485,17.640359411328934
0.249,18.796583047673025
0.2495,19.88178881168764
0.25,20.978194137880777
0.2505,22.24504750934977
0.251,23.786417161345167
0.2515,25.53524262933031
0.252,27.319648603240047
0.2525,28.988349751639927
0.253,30.4757422452195
0.2535,31.910477539361025
0.254,33.701527881038956
0.2545,36.28122320210732
0.255,39.54571366778501
0.2555,42.7143934901487
0.256,44.90896621648344
0.2565,45.85096186418583
0.257,46.04557853410781
0.2575,46.221307115952854
0.258,46.68637976898451
0.2585,47.32796387425793
0.259,47.99957709384558
0.2595,48.72196275160527
0.26,49.61971628662823
0.2605,50.81230919437086
0.261,52.296975967281824
0.2615,53.903412414594605
0.262,55.41427400416812
0.2625,56.70687305178284
0.263,57.72528095309298
0.2635,58.39197730633352
0.264,58.66351948854328
0.2645,58.66218601845718
0.265,58.64975836757735
0.2655,58.77830180179434
0.266,58.953261729192846
0.2665,58.98922647827587
0.267,58.82928954084242
0.2675,58.54167930452709
0.268,58.07471328909692
0.2685,57.182919817597
0.269,55.74331919959611
0.2695,54.06253123383173
0.27,52.68863281454815
0.2705,51.97672991247386
0.271,51.93583304552591
0.2715,52.352439285221934
0.272,52.9785784339189
0.2725,53.72433120990517
0.273,54.69051581745422
0.2735,55.99338476015377
0.274,57.654378724418756
0.2745,59.70701705245896
0.275,62.34240465545951
0.2755,65.74231113823387
0.276,69.69308941474588
0.2765,73.50947946822092
0.277,76.32595878664414
0.2775,77.44659877251412
0.278,76.6713751913303
0.2785,74.49356536900306
0.279,71.87284898801042
0.2795,69.7035304499517
0.28,68.42160091090426
0.2805,67.98187616548233
0.281,68.14894297888031
0.28150000000000003,68.7159116714602
0.28200000000000003,69.4600669122295
0.28250000000000003,70.1554888771109
0.28300000000000003,70.71786781764501
0.28350000000000003,71.19985059399104
0.28400000000000003,71.6673048241068
0.28450000000000003,72.13993487098276
0.28500000000000003,72.57994717913814
0.28550000000000003,72.86314522512488
0.28600000000000003,72.82591707837095
0.28650000000000003,72.43419247565213
0.28700000000000003,71.85675820942116
0.28750000000000003,71.36623024561844
0.28800000000000003,71.1593558148338
0.2885,71.18834098480039
0.289,71.19791661325206
0.2895,70.98027960031885
0.29,70.5167572762292
0.2905,69.88999236809349
0.291,69.17499957894903
0.2915,68.42687874515123
0.292,67.71639303120052
0.2925,67.12406102045789
0.293,66.69190871412285
0.2935,66.37359379921642
0.294,66.03961742079134
0.2945,65.57077806556376
0.295,64.94209891021822
0.2955,64.20379614522834
0.296,63.42827718605421
0.2965,62.67207607278707
0.297,61.916963831609785
0.2975,61.08689578291703
0.298,60.151353565760026
0.2985,59.1490251382491
0.299,58.149131235157185
0.2995,57.18207122873706
0.3,56.17688363088033
0.3005,55.04113294901681
0.301,53.77951233727301
0.3015,52.47689697850956
0.302,51.226392382226294
0.3025,50.10149134701989
0.303,49.14078610376499
0.3035,48.33268045587979
0.304,47.611669162560744
0.3045,46.87806673911724
0.305,46.02228164147786
0.3055,44.95227132151179
0.306,43.63352424065617
0.3065,42.12060540731765
0.307,40.54441266883438
0.3075,39.084691100863495
0.308,37.91230986632476
0.3085,37.05565093151275
0.309,36.38135210327115
0.3095,35.733965568841576
0.31,35.03959384043182
0.3105,34.31789884106781
0.311,33.630107036122496
0.3115,33.002948468269786
0.312,32.38013485351991
0.3125,31.658045165147506
0.313,30.79062164873491
0.3135,29.855834103266456
0.314,28.99010671049518
0.3145,28.26535613650673
0.315,27.670127485745372
0.3155,27.179660334453565
0.316,26.78580709374151
0.3165,26.481969559310684
0.317,26.253736286070072
0.3175,26.09014067883003
0.318,26.007933377843354
0.3185,26.03563023502848
0.319,26.154105840096435
0.3195,26.31519618254269
0.32,26.54786043288915
0.3205,26.96172272001926
0.321,27.60700209628203
0.3215,28.37640906058763
0.322,29.07354280376832
0.3225,29.566372958646916
0.323,29.8283313932308
0.3235,29.852527427673536
0.324,29.622312477865734
0.3245,29.17098191321734
0.325,28.596769287470615
0.3255,28.000533691017758
0.326,27.437687113376516
0.3265,26.923124185049073
0.327,26.437828168682852
0.3275,25.923355777204662
0.328,25.30646578095256
0.3285,24.52548346474092
0.329,23.513332015135568
0.3295,22.178680907389957
0.33,20.443632462078067
0.3305,18.3014053338452
0.331,15.851500350310873
0.3315,13.308407930995791
0.332,10.9482763634811
0.3325,8.998192269040231
0.333,7.532989824667693
0.3335,6.450817342600309
0.334,5.570063742717089
0.3345,4.779377874228158
0.335,4.096483468972493
0.3355,3.5920531702466034
0.336,3.267768849029083
0.3365,3.001616855707442
0.337,2.607365360762126
0.3375,1.954086438925745
0.338,1.038293213605121
0.3385,-0.05357378074463953
0.339,-1.2379506988613787
0.3395,-2.4639275133181826
0.34,-3.65390273699884
0.3405,-4.6621832334805875
0.341,-5.34496500065709
0.3415,-5.699268771374574
0.342,-5.920047095964825
0.3425,-6.264000132254255
0.343,-6.8282934600101415
0.3435,-7.488191570288034
0.34400000000000003,-8.043568127152666
0.34450000000000003,-8.38909463613211
0.34500000000000003,-8.557965701026735
0.34550000000000003,-8.654517462134102
0.34600000000000003,-8.773187295284675
0.34650000000000003,-8.955911398085002
0.34700000000000003,-9.172360656774769
0.34750000000000003,-9.332180765202555
0.34800000000000003,-9.357751304635658
0.34850000000000003,-9.254199057333006
0.34900000000000003,-9.076037319261978
0.34950000000000003,-8.827182964284539
0.35000000000000003,-8.440648545776236
0.35050000000000003,-7.863682533927803
0.35100000000000003,-7.1152490733165585
0.35150000000000003,-6.246774676836389
0.352,-5.27552512645667
0.3525,-4.161487594649179
0.353,-2.8451986612556044
0.3535,-1.321839659916869
0.354,0.32111031309957794
0.3545,1.956107813775076
0.355,3.5154489093843413
0.3555,5.036655699700499
0.356,6.6036877719299305
0.3565,8.261252162882876
0.357,10.007674923977698
0.3575,11.83595539381908
0.358,13.72126468061987
0.3585,15.577674391750978
0.359,17.289454242983805
0.3595,18.805665829110588
0.36,20.183781827648957
0.3605,21.535336850956543
0.361,22.935897793244887
0.3615,24.383152455589777
0.362,25.82175969849017
0.3625,27.186072323657218
0.363,28.419280644546507
0.3635,29.476249327694724
0.364,30.344328295523585
0.3645,31.085327777952845
0.365,31.82476640097867
0.3655,32.66534667816517
0.366,33.63898904590231
0.3665,34.725676757401104
0.367,35.865220198532604
0.3675,36.9732177761375
0.368,37.9775176525712
0.3685,38.830420502862005
0.369,39.493977994754225
0.3695,39.96158088521066
0.37,40.31662565191419
0.3705,40.735133465616926
0.371,41.40390319556157
0.3715,42.43313615277092
0.372,43.81284417132166
0.3725,45.39978178795903
0.373,46.94296227434715
0.3735,48.17053371719214
0.374,48.90676910806099
0.3745,49.14410711016852
0.375,49.027258572317415
0.3755,48.767722347957786
0.376,48.53194904804661
0.3765,48.374295833052656
0.377,48.27115350430181
0.3775,48.19970630776662
0.378,48.154707356377294
0.3785,48.1011368138097
0.379,47.94905509306241
0.3795,47.60119888642452
0.38,47.033090014046046
0.3805,46.32334404606007
0.381,45.60635926093162
0.3815,45.005646935776085
0.382,44.615749615697105
0.3825,44.5233735895696
0.383,44.806059413805414
0.3835,45.49807615869146
0.384,46.57662420034589
0.3845,47.99357872169473
0.385,49.71112669506766
0.3855,51.69587741377671
0.386,53.899521737608175
0.3865,56.28803538915945
0.387,58.88585079926141
0.3875,61.720266813890376
0.388,64.66501701912058
0.3885,67.35456650083819
0.389,69.30935961678487
0.3895,70.19511035491577
0.39,70.0168675257927
0.3905,69.12518460870442
0.391,68.04290550037017
0.3915,67.21795545851106
0.392,66.85128462824164
0.3925,66.90463357150558
0.393,67.24574078554879
0.3935,67.78098650982844
0.394,68.48495848512279
0.3945,69.36008103581686
0.395,70.39356854178122
0.3955,71.53824273738728
0.396,72.71999912735166
0.3965,73.85946405684001
0.397,74.88488879027891
0.3975,75.7447310862293
0.398,76.43383315633211
0.3985,77.00001306425791
0.399,77.51400247068855
0.3995,78.03075941081529
0.4,78.56441220937893
0.4005,79.08237757540678
0.401,79.52340979830932
0.4015,79.84563575327196
0.402,80.07899291941204
0.4025,80.31203496847267
0.403,80.60329737565763
0.4035,80.90972167117769
0.404,81.19114899695074
0.4045,81.35435180422508
0.405,81.37804597304489
0.4055,81.29541518825269
0.406,81.1863449891584
0.40650000000000003,81.11937261587539
0.40700000000000003,81.09733820398567
0.40750000000000003,81.072843315987
0.40800000000000003,80.9956773842415
0.40850000000000003,80.8232776720895
0.40900000000000003,80.51242285335935
0.40950000000000003,80.03724185576608
0.41000000000000003,79.42006776209955
0.41050000000000003,78.73395467539656
0.41100000000000003,78.07442514910167
0.41150000000000003,77.5273651272938
0.41200000000000003,77.13890157671847
0.41250000000000003,76.89073077716901
0.41300000000000003,76.70679932152451
0.41350000000000003,76.5040299712335
0.41400000000000003,76.26051054497037
0.41450000000000004,76.03513153202135
0.41500000000000004,75.90487773974945
0.41550000000000004,75.89892771030371
0.41600000000000004,73.75507858954279
0.4165,74.09201440845357
0.417,74.58879510761699
0.4175,75.18535194092219
0.418,75.77908693710648
0.4185,76.29029565790488
0.419,76.68752526846423
0.4195,76.96816902663802
0.42,77.1343691401629
0.4205,77.18006443276978
0.421,77.10385861359987
0.4215,76.93992894658669
0.422,76.7494089823051
0.4225,76.57042331495887
0.423,76.39422108517037
0.4235,76.18796300152495
0.424,75.91975441930352
0.4245,75.55741517518264
0.425,75.07224104414277
0.4255,74.46673124311815
0.426,73.78279634960114
0.4265,73.07868114201855
0.427,72.41204665920286
0.4275,71.83908474195903
0.428,71.41141064307543
0.4285,71.1515897315521
0.429,71.02114548128162
0.4295,70.93290901570042
0.43,70.80826724342943
0.4305,70.61027214848973
0.431,70.32212207421962
0.4315,69.91479499026508
0.432,69.34369754055811
0.4325,68.57848587473012
0.433,67.64863505441357
0.4335,66.66058382676457
0.434,65.76351535631034
0.4345,65.09701137206466
0.435,64.75683172300367
0.4355,64.78031943712718
0.436,65.14482386999688
0.4365,65.78230757224065
0.437,66.59441087430075
0.4375,67.45400619822846
0.438,68.22675966302764
0.4385,68.83162252706113
0.439,69.28513161742656
0.4395,69.67597374688128
0.44,70.08550953103446
0.4405,70.51920464790821
0.441,70.90981288932548
0.4415,71.1873759750742
0.442,71.3440535335317
0.4425,71.43950545315407
0.443,71.55697353697356
0.4435,71.74143481732766
0.444,71.95505569898836
0.4445,72.08710248783045
0.445,72.01436086972754
0.4455,71.66017278716373
0.446,71.00897387466087
0.4465,70.09042219693634
0.447,68.97809621650735
0.4475,67.80445612818176
0.448,66.74486221587273
0.4485,65.95209207365043
0.449,65.48545522465658
0.4495,65.2908734035088
0.45,65.25270890937962
0.4505,65.2802149290124
0.451,65.3534275915393
0.4515,65.5003896716707
0.452,65.74628777144525
0.4525,66.07642568685719
0.453,66.43365063051048
0.4535,66.74856469479514
0.454,66.97304773897778
0.4545,67.09108384883604
0.455,67.10819949861616
0.4555,67.03346967198348
0.456,66.86734787901987
0.4565,66.6102416943705
0.457,66.29124992778397
0.4575,65.98212178576308
0.458,65.76295776093318
0.4585,65.6595835073097
0.459,65.61044101426108
0.4595,65.49811065745017
0.46,65.22948501996038
0.4605,64.8100711249388
0.461,64.35634289094504
0.4615,64.03309087073404
0.462,63.95736819100783
0.4625,64.13035504281942
0.463,64.4397801019094
0.4635,64.73595818385392
0.464,64.93984049646285
0.4645,65.07071034627049
0.465,65.41925368450441
0.4655,66.05862413041643
0.466,66.95479549662491
0.4665,67.85747139006394
0.467,68.43126750014154
0.4675,68.44819607986645
0.468,67.92272861614754
0.4685,67.0924930828351
0.46900000000000003,66.2515685715383
0.46950000000000003,65.57880593125243
0.47000000000000003,65.08097233902033
0.47050000000000003,64.65109757163764
0.47100000000000003,64.18162951477522
0.47150000000000003,63.655427252760774
0.47200000000000003,63.14346376871764
0.47250000000000003,62.711191788833325
0.47300000000000003,62.33614258333617
0.47350000000000003,61.92805697623974
0.47400000000000003,61.42312113008233
0.47450000000000003,60.85428474336306
0.47500000000000003,60.334158736383806
0.47550000000000003,59.96180143284794
0.47600000000000003,59.730489458192075
0.47650000000000003,59.518786585756466
0.47700000000000004,59.1654374836714
0.47750000000000004,58.543970522707625
0.47800000000000004,57.57950618663963
0.47850000000000004,56.24213151743447
0.47900000000000004,54.55985012182743
0.47950000000000004,52.63145321165977
0.48,50.60582974415097
0.4805,48.63031946941881
0.481,46.791869198934165
0.4815,45.076439216896595
0.482,43.371914961475824
0.4825,41.52684627435652
0.483,39.43875969637589
0.4835,37.115635372704155
0.484,34.670188435517495
0.4845,32.2534017303481
0.485,29.97821449109886
0.4855,27.891207790584176
0.486,26.00294969645783
0.4865,24.33385456095769
0.487,22.931226193103313
0.4875,21.853936396208116
0.488,21.14647402643829
0.4885,20.819521359822687
0.489,20.846060348061144
0.4895,21.17375507803637
0.49,21.744395449982644
0.4905,22.50957196422971
0.491,23.4286763562189
0.4915,24.43057386007485
0.492,25.34777610568654
0.4925,25.88305836798824
0.493,25.671211963580475
0.4935,24.42485242936169
0.494,22.07708001406966
0.4945,18.830106770626404
0.495,15.077842617843892
0.4955,11.252556308812697
0.496,7.6922127236652145
0.4965,4.584635890429688
0.497,1.9729357762874626
0.4975,-0.21351288106738378
0.498,-2.117081614059672
0.4985,-3.8997765937543933
0.499,-5.69036974686605
0.4995,-7.551882917534605
0.5,-9.484237596877724
0.5005000000000001,-11.455627026536714
0.501,-13.440092378320527
0.5015000000000001,-15.43870146653849
0.502,-17.472978797394422
0.5025000000000001,-19.55611366250025
0.503,-21.663033322755467
0.5035000000000001,-23.72314015547354
0.504,-25.645518927318424
0.5045000000000001,-27.36242949223223
0.505,-28.862121350767996
0.5055000000000001,-30.193372274697282
0.506,-31.44468447829699
0.5065000000000001,-32.71009490525422
0.507,-34.05963148138612
0.5075000000000001,-35.53310334191523
0.508,-37.155257873148486
0.5085000000000001,-38.946794584213706
0.509,-40.91231989961132
0.5095000000000001,-43.01616083470558
0.51,-45.17549279863647
0.5105000000000001,-47.288554479720446
0.511,-49.283381189758146
0.5115000000000001,-51.15023070004423
0.512,-52.93241439254546
0.5125,-54.68537747091509
0.513,-56.438478229761614
0.5135,-58.186051010709825
0.514,-59.90662373501816
0.5145,-61.58883387935933
0.515,-63.24348361888591
0.5155,-64.89429186294959
0.516,-66.5488840841077
0.5165,-68.16788486604167
0.517,-69.67207994235231
0.5175,-71.00039462979414
0.518,-72.16675270612049
0.5185,-73.2597184620345
0.519,-74.38885017310727
0.5195,-75.62509315965275
0.52,-76.97925950666986
0.5205,-78.4222315833485
0.521,-79.9114560184554
0.5215,-81.40268534980717
0.522,-82.86288472119811
0.5225,-84.28747689344772
0.523,-85.69515016800878
0.5235,-87.09611336326869
0.524,-88.47183750665751
0.5245,-89.7953044974866
0.525,-91.06592103252544
0.5255,-92.31032153865411
0.526,-93.54829208388098
0.5265,-94.76929367387656
0.527,-95.94542588487357
0.5275,-97.05948607326359
0.528,-98.11484840471913
0.5285,-99.12266235305876
0.529,-100.08613378312238
0.5295,-100.99634621715683
0.53,-101.839403882853
0.5305,-102.60680909917693
0.531,-103.30188077904482
0.5315,-103.94248372299012
0.532,-104.55995878754268
0.5325,-105.18864566202015
0.533,-105.84844152009308
0.5335,-106.53371791501785
0.534,-107.21613531699089
0.5345,-107.85741057873749
0.535,-108.42565052859062
0.5355,-108.9093290707157
0.536,-109.32205876063853
0.5365,-109.69500331866405
0.537,-110.06110973252895
0.5375,-110.43919406948322
0.538,-110.8251669638948
0.5385,-111.19372959967549
0.539,-111.5057432191835
0.5395,-111.71422905604113
0.54,-111.77372714923285
0.5405,-111.66155316762621
0.541,-111.40141246228242
0.5415,-111.06481374940228
0.542,-110.73532124314688
0.5425,-110.45362189972522
0.543,-110.18938574472016
0.5435,-109.86497318667273
0.544,-109.40501840583127
0.5445,-108.77213516241314
0.545,-107.9751975989709
0.5455,-107.05746444580775
0.546,-106.07571855710613
0.5465,-105.08011650452246
0.547,-104.10272996272221
0.5475,-103.15846337430877
0.548,-102.25181095584584
0.5485,-101.37799888922295
0.549,-100.5216865355497
0.5495,-99.66784411666929
0.55,-98.81819555636636
0.5505,-97.9872972543091
0.551,-97.17725993129271
0.5515,-96.36348177732111
0.552,-95.51288757708745
0.5525,-94.61469090550392
0.553,-93.68977040788864
0.5535,-92.7753419321944
0.554,-91.90823312435198
0.5545,-91.12184488037175
0.555,-90.44967700553528
0.5555,-89.91932232605974
0.556,-89.53468159303567
0.5565,-89.26402626006788
0.557,-89.04866680875301
0.5575,-88.82416777521598
0.558,-88.53409390615934
0.5585,-88.1271522566874
0.559,-87.54831478141006
0.5595,-86.74431553020645
0.56,-85.68898914747926
0.5605,-84.40501303277829
0.561,-82.95638272521668
0.5615,-81.41912385688833
0.562,-79.85963258829594
0.5625,-78.3331854358578
0.5630000000000001,-76.88991966731122
0.5635,-75.57410823110224
0.5640000000000001,-74.41415535695981
0.5645,-73.40728184921574
0.5650000000000001,-72.50906115852429
0.5655,-71.64172168647987
0.5660000000000001,-70.72399675447335
0.5665,-69.70734075172938
0.5670000000000001,-68.59759888267436
0.5675,-67.4489717840335
0.5680000000000001,-66.33157406161966
0.5685,-65.29328000381662
0.5690000000000001,-64.34343152189805
0.5695,-63.4639204796461
0.5700000000000001,-62.62851936183636
0.5705,-61.81435725162031
0.5710000000000001,-61.005121805274875
0.5715,-60.19126477130727
0.5720000000000001,-59.37104427362906
0.5725,-58.55311917696061
0.5730000000000001,-57.75637789036255
0.5735,-57.00226432607439
0.5740000000000001,-56.30374083655108
0.5745,-55.661990876146284
0.5750000000000001,-55.07459707482603
0.5755,-54.54472073045293
0.5760000000000001,-54.07897925722414
0.5765,-53.67669236797743
0.577,-53.32366058455095
0.5775,-52.99441925818426
0.578,-52.657168826058765
0.5785,-52.28118214462809
0.579,-51.8493919112746
0.5795,-51.368611248435464
0.58,-50.86584454489238
0.5805,-50.372023310010945
0.581,-49.90779729271405
0.5815,-49.482905711199514
0.582,-49.105710110326946
0.5825,-48.79084363521434
0.583,-48.559413985887
0.5835,-48.43542423298745
0.584,-48.44003841431994
0.5845,-48.580442498185846
0.585,-48.83680373596138
0.5855,-49.16049059193153
0.586,-49.490589906341526
0.5865,-49.778524561685465
0.587,-52.14314249027211
0.5875,-52.19352929357502
0.588,-52.20698847819441
0.5885,-52.20189156769415
0.589,-52.186692699469425
0.5895,-52.15630390261633
0.59,-52.09329215847859
0.5905,-51.974369173701184
0.591,-51.77888638037869
0.5915,-51.49043906941706
0.592,-51.08493183049055
0.5925,-50.51472635787831
0.593,-49.7150730728141
0.5935,-48.651170056367604
0.594,-47.38605625912019
0.5945,-46.11167584537732
0.595,-45.09806254299223
0.5955,-44.580654637449896
0.596,-44.65577985019237
0.5965,-45.2449198112985
0.597,-46.141881196347654
0.5975,-47.111297594441055
0.598,-47.98442526247199
0.5985,-48.70490880338413
0.599,-49.308299965825476
0.5995,-49.8595643151193
0.6,-50.39470162061372
0.6005,-50.90034676095912
0.601,-51.33399756361512
0.6015,-51.66345527169654
0.602,-51.898591385211816
0.6025,-52.09596774757622
0.603,-52.331681418043885
0.6035,-52.65767893963623
0.604,-53.069643127176676
0.6045,-53.507131222248745
0.605,-53.88439556633264
0.6055,-54.13273750478744
0.606,-54.23335563868544
0.6065,-54.22821643943011
0.607,-54.20765676732957
0.6075,-54.283248616795674
0.608,-54.5561349550888
0.6085,-55.0855861288846
0.609,-55.86409396391475
0.6095,-56.814205092032424
0.61,-57.818305954764895
0.6105,-58.769262532444614
0.611,-59.61007536917873
0.6115,-60.33880255888754
0.612,-60.984028977722396
0.6125,-61.57481860441524
0.613,-62.12322982173847
0.6135,-62.62301440013014
0.614,-63.05956271674886
0.6145,-63.42274208010638
0.615,-63.71477814667759
0.6155,-63.95004379553652
0.616,-64.14787612803823
0.6165,-64.32077856668158
0.617,-64.4625544275108
0.6175,-64.54396092746866
0.618,-64.52072577330446
0.6185,-64.35136118416389
0.619,-64.01879100798914
0.6195,-63.54871305563444
0.62,-63.01397625505088
0.6205,-62.51780789203337
0.621,-62.16281798115307
0.6215,-62.020265610847815
0.622,-62.10949580855351
0.6225,-62.393195580099146
0.623,-62.79168817797019
0.6235,-63.21117695267057
0.624,-63.57163673325638
0.6245,-63.82241807082207
0.625,-63.9452220680777
0.6255000000000001,-63.949556597628515
0.626,-63.86219497717446
0.6265000000000001,-63.71177888080411
0.627,-63.515330678017946
0.6275000000000001,-63.27418884632427
0.628,-62.97961900623065
0.6285000000000001,-62.622204062236676
0.629,-62.198889800960956
0.6295000000000001,-61.714242516343575
0.63,-61.17673496808438
0.6305000000000001,-60.59520608584297
0.631,-59.97978830697141
0.6315000000000001,-59.34575266493898
0.632,-58.715383666188664
0.6325000000000001,-58.11507380664051
0.633,-57.56825785599806
0.6335000000000001,-57.0869184407739
0.634,-56.665004280071294
0.6345000000000001,-56.276766578195264
0.635,-55.88339205574078
0.6355000000000001,-55.44945339402899
0.636,-54.96212174135736
0.6365000000000001,-54.43922996181714
0.637,-53.91934306591483
0.6375000000000001,-53.44103756992409
0.638,-53.02396240317342
0.6385000000000001,-52.660312152217195
0.639,-52.31957583170634
0.6395000000000001,-51.963221229203235
0.64,-51.56055137147877
0.6405,-51.097214375059735
0.641,-50.57377617813539
0.6415,-49.99805006740437
0.642,-49.378148579700905
0.6425,-48.721800042014586
0.643,-48.0408610590248
0.6435,-47.35372770621825
0.644,-46.68008587412651
0.6445,-46.03095375760339
0.645,-45.40297313651297
0.6455,-44.782723581814466
0.646,-44.157480236956594
0.6465,-43.52305202850027
0.647,-42.88283738909039
0.6475,-42.24035504869291
0.648,-41.59150378024092
0.6485,-40.92062625797496
0.649,-40.20188991914412
0.6495,-39.407469266528025
0.65,-38.521227491203504
0.6505,-37.549736445453554
0.651,-36.52136360194741
0.6515,-35.47363218658894
0.652,-34.43882113461808
0.6525,-33.43738312753411
0.653,-32.48012383187309
0.6535,-31.572257061665525
0.654,-30.712615185670114
0.6545,-29.88913163143075
0.655,-29.07860182347908
0.6555,-28.255705897084916
0.656,-27.40567834235474
0.6565,-26.529869941254066
0.657,-25.640842658450588
0.6575,-24.754457844235613
0.658,-23.8875702333932
0.6585,-23.061054520334018
0.659,-22.300338748075063
0.6595,-21.62792770120296
0.66,-21.051291975687352
0.6605,-20.555265637798033
0.661,-20.1051784896847
0.6615,-19.658679643642174
0.662,-19.17884176859615
0.6625,-18.642779873885996
0.663,-18.04451783107752
0.6635,-17.39265346904957
0.664,-16.70326810408135
0.6645,-15.99025424431585
0.665,-15.258084494636593
0.6655,-14.50180040778497
0.666,-13.714362862537136
0.6665,-12.896007219229617
0.667,-12.05864805173536
0.6675,-11.222167251408926
0.668,-10.405389890282425
0.6685,-9.617837615990794
0.669,-8.856841705524143
0.6695,-8.110371677160378
0.67,-7.362822789073312
0.6705,-6.600959338045359
0.671,-5.818862646662573
0.6715,-5.021481404098302
0.672,-4.2255545524251925
0.6725,-3.4561105702664654
0.673,-2.7382607268148216
0.6735,-2.0869974350129485
0.674,-1.4997654063116337
0.6745,-0.9558580928601269
0.675,-0.42344832270115046
0.6755,0.12869298909352045
0.676,0.7199157769172013
0.6765,1.3517718634263762
0.677,2.009980896393212
0.6775,2.6729392884098884
0.678,3.3218515920823974
0.6785,3.946626434196441
0.679,4.54450500622586
0.6795,5.113450167055495
0.68,5.646050548072605
0.6805,6.129242012741513
0.681,6.550888922740093
0.6815,6.909282062083955
0.682,7.219213698353557
0.6825,7.510077510853913
0.683,7.816314612221741
0.6835,8.165102640122736
0.684,8.567305623164827
0.6845,9.015145492187308
0.685,9.486408124927681
0.6855,9.952812828741477
0.686,10.389666927057476
0.6865,10.78368147033017
0.687,11.135540743340526
0.6875,11.455330445570306
0.6880000000000001,11.75326515711813
0.6885,12.032355238378392
0.6890000000000001,12.288896529263065
0.6895,12.520200110143788
0.6900000000000001,12.732334624451164
0.6905,12.940493891799019
0.6910000000000001,13.161443909887725
0.6915,13.404700952859196
0.6920000000000001,13.669671119089687
0.6925,13.949832485526658
0.6930000000000001,14.238722570156899
0.6935,14.532208763567342
0.6940000000000001,14.826796803594643
0.6945,15.118288681803415
0.6950000000000001,15.403910643869203
0.6955,15.685839812927599
0.6960000000000001,15.971137598972739
0.6965,16.266006616964805
0.6970000000000001,16.568052182628623
0.6975,16.862908662626154
0.6980000000000001,17.12854737326607
0.6985,17.3447557730616
0.6990000000000001,17.501855919852616
0.6995,17.604122987004885
0.7000000000000001,17.667502702432788
0.7005,17.714269136844838
0.7010000000000001,17.767389029118068
0.7015,17.845789767147476
0.7020000000000001,17.960563598511776
0.7025,18.11211940345227
0.7030000000000001,18.288811533409426
0.7035,18.467908510087813
0.704,18.61960459144635
0.7045,18.71396581137869
0.705,18.729292722630177
0.7055,18.659125848906438
0.706,18.51509642048361
0.7065,18.32432039108885
0.707,18.122318835717028
0.7075,17.944335688381067
0.708,17.818248644596736
0.7085,17.760790957503968
0.709,17.776833995527962
0.7095,17.860810628898875
0.71,18.000328939303163
0.7105,18.11958831753386
0.711,18.36466253461773
0.7115,18.655610623545705
0.712,19.02086277258037
0.7125,19.489721575128716
0.713,20.06799827672088
0.7135,20.717069015350013
0.714,21.35041073745478
0.7145,21.85340797975668
0.715,22.11937571429117
0.7155,22.085993303812277
0.716,21.75611282852829
0.7165,21.194180674220952
0.717,20.500900800869076
0.7175,19.77882728685744
0.718,19.104420531757768
0.7185,18.516535060734526
0.719,18.02180165915776
0.7195,17.609532659555114
0.72,17.265835626763895
0.7205,16.979180771440753
0.721,16.736291490676848
0.7215,16.514263737835883
0.722,16.27753652618495
0.7225,15.984624517579462
0.723,15.602336500257554
0.7235,15.120036981865569
0.724,14.556478607956961
0.7245,13.955765635686042
0.725,13.374200376101058
0.7255,12.86362772755874
0.726,12.457696220809353
0.7265,12.164989858614751
0.727,11.96928646113338
0.7275,11.834927882075634
0.728,11.715236459859122
0.7285,11.562622234615176
0.729,11.33881890499148
0.7295,11.022704422599732
0.73,10.613037083208352
0.7305,10.125110031561462
0.731,9.582955718535013
0.7315,9.010760968807329
0.732,8.427465400719074
0.7325,7.846636238126314
0.733,7.280247051277919
0.7335,6.742156665985605
0.734,6.247432704667642
0.7345,5.8072617942048685
0.735,5.422979822059577
0.7355,5.0836492828235516
0.736,4.769344815674736
0.7365,4.458838102008825
0.737,4.137861428769933
0.7375,3.8039158802577515
0.738,3.4657647977253694
0.7385,3.138886972458205
0.739,2.8400073948415923
0.7395,2.5831297996436375
0.74,2.3772519258430616
0.7405,2.2244541854815485
0.741,2.1176994922304475
0.7415,2.0396055796730495
0.742,1.9644058517792213
0.7425,1.8639295665124127
0.743,1.7156521540480933
0.7435,1.5091067914943046
0.744,1.2477868432195105
0.7445,0.9463534457349263
0.745,0.6252768011920252
0.7455,0.3055095829120246
0.746,0.004703618847544967
0.7465,-0.2649232080337366
0.747,-0.4976316609724547
0.7475,-0.6943295584476399
0.748,-0.8613463539735753
0.7485,-1.0073080318559524
0.749,-1.1388560152045575
0.7495,-1.2574945446799994
0.75,-1.359941158514069
0.7505000000000001,-1.442279286371301
0.751,-1.505363267810567
0.7515000000000001,-1.5577229744054277
0.752,-1.613836340912583
0.7525000000000001,-1.6888722041842787
0.753,-1.7933198221196907
0.7535000000000001,-1.930665839761326
0.754,-2.098920305455741
0.7545000000000001,-2.294240216571315
0.755,-2.513878234456404
0.7555000000000001,-2.7565909691400305
0.756,-3.0205508115312725
0.7565000000000001,-3.300364637974187
0.757,-3.585191398116183
0.7575000000000001,-3.859244623529061
0.758,-4.104800924000841
0.7585000000000001,-4.306806710825068
0.759,-4.45754928362502
0.7595000000000001,-4.559695228269838
0.76,-4.626316885891604
0.7605000000000001,-4.677355181434632
0.761,-4.733300057388981
0.7615000000000001,-4.808366188914557
0.762,-4.9061717297286735
0.7625000000000001,-5.019954974166272
0.763,-5.1368954967756615
0.7635000000000001,-5.243780596670772
0.764,-5.330878856110422
0.7645000000000001,-5.392727257350233
0.765,-5.426986409523302
0.7655000000000001,-5.433501909523941
0.766,-5.4146230412162275
0.7665000000000001,-5.376004794249451
0.767,-5.326399095652259
0.7675000000000001,-5.2758634893735366
0.768,-5.233266163747165
0.7685,-5.204502025934315
0.769,-5.1921235659669565
0.7695,-5.196019623413857
0.77,-5.214350940751796
0.7705,-5.244294254122082
0.771,-5.282581677502886
0.7715,-5.325812735491893
0.772,-5.3703066235849395
0.7725,-5.411461769778471
0.773,-5.443232277495494
0.7735,-5.458674154025277
0.774,-5.451935967235462
0.7745,-5.420915142715877
0.775,-5.3690862594554325
0.7755,-5.305369585457737
0.776,-5.242041744022951
0.7765,-5.191710737525886
0.777,-5.1646119787493445
0.7775,-5.166981935523091
0.778,-5.200601059190222
0.7785,-5.263197791599245
0.779,-5.349269535569554
0.7795,-5.450899664086725
0.78,-5.558401221809805
0.7805,-5.661095862698965
0.781,-5.748855442992091
0.7815,-5.814678521985221
0.782,-5.857543556828825
0.7825,-5.88384496408909
0.783,-5.905859564848278
0.7835,-5.9371450841071685
0.784,-5.986640343170946
0.7845,-6.054191614999003
0.785,-6.129630277246035
0.7855,-6.19581525427566
0.786,-6.234255248117466
0.7865,-6.23093229162966
0.787,-6.180103576242178
0.7875,-6.084920613731432
0.788,-5.955084003726589
0.7885,-5.802840764872757
0.789,-5.639039910589619
0.7895,-5.4706326619428145
0.79,-5.300199676083952
0.7905,-5.127211899477922
0.791,-4.950099776761958
0.7915,-4.767996980443175
0.792,-4.581343637075762
0.7925,-4.391323431944588
0.793,-4.1989651991104955
0.7935,-4.004997817951536
0.794,-3.8108202391773984
0.7945,-3.6196977042126512
0.795,-3.436679632630899
0.7955,-3.266565668940898
0.796,-3.111001430412746
0.7965,-2.96687315817443
0.797,-2.827408416215852
0.7975,-2.685273496944443
0.798,-2.535349419144898
0.7985,-2.3752658422391586
0.799,-2.203836720752047
0.7995,-2.0193804316228947
0.8,-1.8198503317781458
0.8005,-1.6048527761856146
0.801,-1.3777280058020813
0.8015,-1.1456367139186787
0.802,-0.9171831023312133
0.8025,-0.6990655897221479
0.803,-0.49392132306057307
0.8035,-0.3004952189990731
0.804,-0.11554994602607169
0.8045,0.0640208207434427
0.805,0.2400270976926302
0.8055,0.4128369915980333
0.806,0.5816643397320583
0.8065,0.744938802775403
0.807,0.9009907572965561
0.8075,1.0493492055989169
0.808,1.1923197355814548
0.8085,1.335881269132598
0.809,1.4890800194677105
0.8095,1.661964508157835
0.81,1.8629088449030506
0.8105,2.0962689423724274
0.811,2.3608688363549137
0.8115,2.6494650676092273
0.812,2.949359552622438
0.8125,3.2443379010360895
0.8130000000000001,3.5176740578638546
0.8135,3.7552931493492108
0.8140000000000001,3.9480272375818743
0.8145,4.092541690006343
0.8150000000000001,4.191387774253065
0.8155,4.252850175207548
0.8160000000000001,4.290578026723043
0.8165,4.322211834722808
0.8170000000000001,4.366373598028745
0.8175,4.438574369643548
0.8180000000000001,4.547777104676231
0.8185,4.6953727175677225
0.8190000000000001,4.8770319647063864
0.8195,5.086260769845677
0.8200000000000001,5.317723081677991
0.8205,5.568947303086081
0.8210000000000001,5.840303760483915
0.8215,6.134085625138657
0.8220000000000001,6.453538767225002
0.8225,6.802039715226456
0.8230000000000001,7.1821077644404125
0.8235,7.5940808342529476
0.8240000000000001,8.034871913441028
0.8245,8.497578018857187
0.8250000000000001,8.97240015124001
0.8255,9.448575173804882
0.8260000000000001,9.916450251794348
0.8265,10.368866416174289
0.8270000000000001,10.801531547121492
0.8275,11.212597044252487
0.8280000000000001,11.60187043889768
0.8285,11.97001080541329
0.8290000000000001,12.31788828797411
0.8295,12.646190231473378
0.8300000000000001,12.955285086955152
0.8305,13.245241152676867
0.8310000000000001,13.515808420237457
0.8315,13.766248739548534
0.8320000000000001,13.995139548108957
0.8325,14.200470276280884
0.833,14.380284009311072
0.8335,14.533800665660062
0.834,14.662618280431692
0.8345,14.771469121221335
0.835,14.868188319874559
0.8355,14.962898449831417
0.836,15.066680031932238
0.8365,15.190053603657944
0.837,15.34152103410383
0.8375,15.526344013053299
0.838,15.745716917048748
0.8385,15.996475771215477
0.839,16.27144248935119
0.8395,16.56042931769985
0.84,16.85181176195391
0.8405,17.134418349528076
0.841,17.399341196230004
0.8415,17.64124681447415
0.842,17.858911480355378
0.8425,18.05494380520067
0.843,18.234854449192536
0.8435,18.4057305370242
0.844,18.5748163466966
0.8445,18.748334417662345
0.845,18.930847503263145
0.8455,19.12526500519316
0.846,19.333257825597503
0.8465,19.555581326170138
0.847,19.791893375633204
0.8475,20.040135144606307
0.848,20.29607140043193
0.8485,20.553666032142342
0.849,20.806429808559674
0.8495,21.049126438968887
0.85,21.27890339173366
0.8505,21.49529003274884
0.851,21.699232537347996
0.8515,21.89185118725248
0.852,22.073645244247782
0.8525,22.24454227270968
0.853,22.404717961657433
0.8535,22.555691858129688
0.854,22.701029461524485
0.8545,22.846192311665547
0.855,22.997573751211405
0.8555,23.161196592085997
0.856,23.34164226158092
0.8565,23.541543562379772
0.857,23.761639759993717
0.8575,24.00117361856957
0.858,24.258366829921087
0.8585,24.530790969267212
0.859,24.815576941022893
0.8595,25.109524568394892
0.86,25.409246831437674
0.8605,25.664501556696333
0.861,25.982124333391948
0.8615,26.29385415805581
0.862,26.600037516648822
0.8625,26.903108638151984
0.863,27.207324402133644
0.8635,27.517966466445984
0.864,27.839965805731406
0.8645,28.176396257866447
0.865,28.52762545144153
0.8655,28.891634326426416
0.866,29.265288810509876
0.8665,29.6457894348376
0.867,30.031516457148207
0.8675,30.42190962091341
0.868,30.816559718204083
0.8685,31.214110825031828
0.869,31.611720356583973
0.8695,32.005589879008774
0.87,32.39250611196341
0.8705,32.77170164887327
0.871,33.146060911061625
0.8715,33.52198477198722
0.872,33.907927227435984
0.8725,34.31227897260021
0.873,34.74149324626839
0.8735,35.19907128969022
0.874,35.685539361904645
0.8745,36.19920640612436
0.875,36.73739053312222
0.8755000000000001,37.297778382610424
0.876,37.879493065696266
0.8765000000000001,38.483399167455715
0.877,39.111378070775544
0.8775000000000001,39.764772001838914
0.878,40.442668069560945
0.8785000000000001,41.14089204127226
0.879,41.85238534757384
0.8795000000000001,42.56908604193167
0.88,43.28469700366706
0.8805000000000001,43.9971392770548
0.881,44.70945186833994
0.8815000000000001,45.42855893743651
0.882,46.16236676453702
0.8825000000000001,46.91647845621356
0.883,47.69196730875841
0.8835000000000001,48.4850918714743
0.884,49.28891166226597
0.8845000000000001,50.0959682318038
0.885,50.90090563054817
0.8855000000000001,51.70217115313878
0.886,52.50249815594068
0.8865000000000001,53.30836338615343
0.887,54.12881559041677
0.8875000000000001,54.974014030131514
0.888,55.85367598846984
0.8885000000000001,56.77558979569518
0.889,57.74443901925418
0.8895000000000001,58.761260751815485
0.89,59.82373000773323
0.8905000000000001,60.92709360677279
0.891,62.06522166743262
0.8915000000000001,63.231257813792325
0.892,64.4178099729251
0.8925000000000001,65.61715475092372
0.893,66.82200383306866
0.8935000000000001,68.0268696870012
0.894,69.22941668612489
0.8945000000000001,70.43099669283104
0.895,71.63601639384204
0.8955000000000001,72.85046921678718
0.896,74.08033486627086
0.8965,75.3303812918446
0.897,76.60341709902396
0.8975,77.89965519641034
0.898,79.21585182535617
0.8985,80.54426235712248
0.899,81.87192024872768
0.8995,83.18094666461432
0.9,84.45035305537554
0.9005,85.6592112316538
0.901,86.79045206484112
0.9015,87.83423803281826
0.902,88.789967219192
0.9025,89.66638784915183
0.903,90.47978973451983
0.9035,91.25062995547911
0.904,91.99924739561519
0.9045,92.74156882071766
0.905,93.48582926683017
0.9055,94.23114652337486
0.906,94.96825237872852
0.9065,95.68201601353957
0.907,96.35495750301516
0.9075,96.97092207738224
0.908,97.5183259445777
0.9085,97.99261845845092
0.909,98.39771154078734
0.9095,98.74618291665031
0.91,99.05817647671792
0.9105,99.35913375075143
0.911,99.6767580451549
0.9115,100.03784182459535
0.912,100.46564617120305
0.9125,100.97833781264664
0.913,101.5886258155306
0.9135,102.30433966918943
0.914,103.1294090194348
0.9145,104.06468967636894
0.915,105.10838315478831
0.9155,106.25623853380698
0.916,107.50194952211562
0.9165,108.83794709497636
0.917,110.25629586702611
0.9175,111.74902677528782
0.918,113.30726586444844
0.9185,114.91894483713375
0.919,116.56550361702031
0.9195,118.21859219648863
0.92,119.83816359196766
0.9205,121.37335271083197
0.921,122.76699936738333
0.9215,123.96357096474071
0.922,124.91887605748965
0.9225,125.60897813608325
0.923,126.03571400955995
0.9235,126.22724424577109
0.924,126.23358036689056
0.9245,126.11838119889211
0.925,125.94910360373754
0.9255,125.78774077876484
0.926,125.68393202707912
0.9265,125.67133244873894
0.927,125.76710645982106
0.9275,125.97368149665354
0.928,126.28174705688151
0.9285,126.67380324607798
0.929,127.12794497096974
0.9295,127.62167694808575
0.93,128.13538053004223
0.9305,128.65482245438474
0.931,129.17206696743924
0.9315,129.68451108515782
0.932,130.19249345538995
0.9325,130.69665078014097
0.933,131.19630674883325
0.9335,131.68942986398378
0.934,132.1736300335177
0.9345,132.6471832537593
0.935,133.1094872449701
0.9355,133.56105833992652
0.936,134.00343433180137
0.9365,134.43908183935736
0.937,134.87111673481908
0.9375,135.3026859324079
0.9380000000000001,135.73611426806937
0.9385,136.17209891446032
0.9390000000000001,136.6092280329426
0.9395,137.04399549121118
0.9400000000000001,137.47134757053712
0.9405,137.8856203183536
0.9410000000000001,138.2815537547412
0.9415,138.65503995234425
0.9420000000000001,139.00343567303474
0.9425,139.3255198713884
0.9430000000000001,139.62131469241749
0.9435,139.891940810066
0.9440000000000001,140.13952118934978
0.9445,140.36704622385204
0.9450000000000001,140.57818057429185
0.9455,140.77713108504844
0.9460000000000001,140.96866333378688
0.9465,141.1581022279663
0.9470000000000001,141.35097763816012
0.9475,141.5521651818959
0.9480000000000001,141.76479044453356
0.9485,141.98940604478753
0.9490000000000001,142.2238175670318
0.9495,142.463591915057
0.9500000000000001,142.70300539222367
0.9505,142.93612356569147
0.9510000000000001,143.15781786953195
0.9515,143.36464912193523
0.9520000000000001,143.55552269191475
0.9525,143.73188589640978
0.9530000000000001,143.89724462629766
0.9535,144.05606852502424
0.9540000000000001,144.21252795191302
0.9545,144.36960829954074
0.9550000000000001,144.52888974007325
0.9555,144.69091722765245
0.9560000000000001,144.8558840878195
0.9565,145.02433518412616
0.9570000000000001,145.19764498353638
0.9575,145.3780966379604
0.9580000000000001,145.5685108961637
0.9585,145.77153088101787
0.9590000000000001,145.9887811967849
0.9595,146.22014339764962
0.96,146.4633564320525
0.9605,146.7140944261451
0.961,146.966567637217
0.9615,147.21451119425598
0.962,147.45225359771672
0.9625,147.6755370438336
0.963,147.88192600662518
0.9635,148.07085138862146
0.964,148.2434363884729
0.9645,148.4022093985554
0.965,148.55071519980808
0.9655,148.69298191659428
0.966,148.83283135111938
0.9665,148.97312664823374
0.967,149.11517486564193
0.9675,149.25854507486656
0.968,149.4014462248329
0.9685,149.54155612419666
0.969,149.67695197320154
0.9695,149.80673684162142
0.97,149.93112761274026
0.9705,150.0510402242252
0.971,150.16740629938116
0.9715,150.28051113059308
0.972,150.38959734190047
0.9725,150.49288611293457
0.973,150.58803237778454
0.9735,150.67285129408458
0.974,150.74600611354887
0.9745,150.80735582246612
0.975,150.85785448502116
0.9755,150.8991371923377
0.976,150.9330404365907
0.9765,150.96124665969467
0.977,150.9851258498925
0.9775,151.0057765923035
0.978,151.02422683988797
0.9785,151.04167391795468
0.979,151.05955550745944
0.9795,151.07927528710906
0.98,151.1016094456734
0.9805,151.126064695937
0.981,151.15055895488376
0.9815,151.1716991241092
0.982,151.1857261125132
0.9825,151.18997810522967
0.983,151.18451815470095
0.9835,151.173417831154
0.984,151.1651812813569
0.9845,151.17201368724892
0.985,151.20803082617348
0.9855,151.28688045729467
0.986,151.41941045897042
0.9865,151.61192888063718
0.987,151.86536816261528
0.9875,152.17542981427727
0.988,152.53359953883302
0.9885,152.92875962487994
0.989,153.34898136643858
0.9895,153.78303331935817
0.99,154.2212810107109
0.9905,154.65595156873556
0.991,155.08101811954754
0.9915,155.4920396383033
0.992,155.8861455120028
0.9925,156.26212693949378
0.993,156.6204625532031
0.9935,156.96312090401338
0.994,157.29308731541607
0.9945,157.61367207722793
0.995,157.9277262004887
0.9955,158.23691075234706
0.996,158.54114055813892
0.9965,158.83827082644558
0.997,159.1240462023121
0.9975,159.39230171500975
0.998,159.63538007832403
0.9985,159.84470058450955
0.999,160.0114137130654
0.9995,160.12713769715728
1.0,160.14093834299302
1.0005,160.14875189391054
1.0010000000000001,160.09065809314862
1.0015,159.97146537746139
1.002,159.80200700077276
1.0025,159.59895994720972
1.0030000000000001,159.3835318606393
1.0035,159.17906728538478
1.004,159.00801898909023
1.0045,158.88902336598423
1.0050000000000001,158.8348484707531
1.0055,158.85171063387347
1.006,158.9399932320598
1.0065,159.09594898604234
1.0070000000000001,159.3137075082109
1.0075,159.58692487860753
1.008,159.90966043699694
1.0085,160.27641824227123
1.0090000000000001,160.6815973993022
1.0095,161.11875377039598
1.01,161.58006308429472
1.0105,162.0562395722737
1.0110000000000001,162.53698033824242
1.0115,163.0118361709473
1.012,163.47129070201436
1.0125,163.90778263807158
1.0130000000000001,164.31644336477217
1.0135,164.69543630854906
1.014,165.04592755576803
1.0145,165.37181332697241
1.0150000000000001,165.67932119956077
1.0155,165.97649817309048
1.016,166.27248364826016
1.0165,166.5764468052237
1.0170000000000001,166.8961998739737
1.0175,167.23673173051753
1.018,167.59910359719925
1.0185,167.98016711154497
1.0190000000000001,168.37334787242773
1.0195,168.77035837776117
1.02,169.16333234228821
1.0205,169.54668265241924
1.0210000000000001,169.9180684270186
1.0215,170.27817900510402
1.022,170.62946933860405
1.0225,170.97434279925014
1.0230000000000001,171.31344261373945
1.0235,171.64463709852473
1.024,171.96301530125993
1.0245,172.2618598105181
1.025,172.53425584811345
1.0255,172.77482294308467
1.026,172.98105843411858
1.0265,173.15394682668583
1.027,173.29775121019972
1.0275,173.41916225194086
1.028,173.5261362996189
1.0285,173.62675622164923
1.029,173.72832717663698
1.0295,173.8367665843489
1.03,173.95625322059226
1.0305,174.08909157570972
1.031,174.23577912942073
1.0315,174.3952680068131
1.032,174.56536258847436
1.0325,174.74313042615475
1.033,174.9251926375426
1.0335,175.10783335544286
1.034,175.28698785287662
1.0345,175.4582540087827
1.035,175.61705960429967
1.0355,175.75901426082544
1.036,175.88034937251575
1.0365,175.97828481608965
1.037,176.05119572460978
1.0375,176.09855835511107
1.038,176.12076264806504
1.0385,176.1189286121248
1.039,176.09483193936114
1.0395,176.05095220075015
1.04,175.9905524070193
1.0405,175.9176350112164
1.041,175.8366341386805
1.0415,175.7517997478861
1.042,175.6663683482157
1.0425,175.58173434388462
1.043,175.4968819107346
1.0435,175.4082897123627
1.044,175.31039755348147
1.0445,175.19656704002384
1.045,175.0603276812048
1.0455,174.89662177752618
1.046,174.70277257255216
1.0465,174.4789909226553
1.047,174.22835929860173
1.0475,173.9563323212738
1.048,173.66984656301156
1.0485,173.37616280931536
1.049,173.0816104328847
1.0495,172.79046851449698
1.05,172.5042509748444
1.0505,172.22160022276938
1.051,171.93882383235322
1.0515,171.6508965364226
1.052,171.3526003624388
1.0525,171.0394645101467
1.053,170.70829090265116
1.0535,170.35723613195097
1.054,169.98557063594384
1.0545,169.59329566017655
1.055,169.1807757133355
1.0555,168.74848565287922
1.056,168.29691608468568
1.0565,167.82663359406573
1.057,167.33844121532397
1.0575,166.8335350885722
1.058,166.31353919051153
1.0585,165.78035158835698
1.059,165.2358378444903
1.0595,164.68149732699027
1.06,164.1182438865128
1.0605,163.54637545189698
1.061,162.96570888934644
1.0615,162.37578991242174
1.062,161.77607712322595
1.0625,161.16602599029616
1.063,160.54503759305285
1.0635000000000001,159.9122823204331
1.064,159.26646069844986
1.0645,158.6056040396897
1.065,157.92701656776302
1.0655000000000001,157.22741065860333
1.066,156.50321934027832
1.0665,155.7510265984404
1.067,154.968045659893
1.0675000000000001,154.15257195625512
1.068,153.3043186173061
1.0685,152.42452435280285
1.069,151.5157484032247
1.0695000000000001,150.58135554076054
1.07,149.62481460966163
1.0705,148.6490204474618
1.071,147.65584773708306
1.0715000000000001,146.64605377343997
1.072,145.6195143186089
1.0725,144.57567003608773
1.073,143.5140235377446
1.0735000000000001,142.43455499155985
1.074,141.33797924505694
1.0745,140.2258130695255
1.075,139.10025061053227
1.0755000000000001,137.96387594138994
1.076,136.8192852704375
1.0765,135.66873169810867
1.077,134.51390934711102
1.0775000000000001,133.35594328806684
1.078,132.1955651027082
1.0785,131.03337510269864
1.079,129.87006048982127
1.0795000000000001,128.7064652777602
1.08,127.54347450224543
1.0805,126.38175010750791
1.081,125.22140944594018
1.0815000000000001,124.06175188456632
1.082,122.90111220933494
1.0825,121.73686507170216
1.083,120.56554888852533
1.0835000000000001,119.38304857009801
1.084,118.18478915306319
1.0845,116.96593763384664
1.085,115.72165708655058
1.0855000000000001,114.44747016224412
1.086,113.13975146081661
1.0865,111.7962947584746
1.087,110.4168306828031
1.0875000000000001,109.00334274145978
1.088,107.56006134833562
1.0885,106.95206116025462
1.089,105.3968450397164
1.0895,103.83446438251919
1.09,102.27207471708888
1.0905,100.71558503431056
1.091,99.16922623897314
1.0915,97.63542100454161
1.092,96.11489480813552
1.0925,94.60692916667594
1.093,93.10968275250232
1.0935,91.6205689674732
1.094,90.13672391937747
1.0945,88.65558063527683
1.095,87.17548581454307
1.0955,85.6962080209035
1.096,84.21915931113413
1.0965,82.74721914868229
1.097,81.28418289496165
1.0975,79.83398768202463
1.098,78.39993054624692
1.0985,76.98406561774445
1.099,75.58687797376673
1.0995,74.20723619785424
1.1,72.84256810879548
1.1005,71.4891950248128
1.101,70.14277663552984
1.1015,68.79882670538767
1.102,67.4532405988454
1.1025,66.10274057654048
1.103,64.74512801809922
1.1035,63.379263756821665
1.104,62.00478001090119
1.1045,60.62162668019542
1.105,59.22962279244945
1.1055,57.828187623239906
1.106,56.416365436742296
1.1065,54.993160266837435
1.107,53.55809796367756
1.1075,52.111859205743194
1.108,50.65679506823403
1.1085,49.197153578124414
1.109,47.738911532356674
1.1095,46.28920862148151
1.11,44.85549277674018
1.1105,43.44456911707212
1.111,42.06176909311992
1.1115,40.710414258100236
1.112,39.39166137826266
1.1125,38.104718399163765
1.113,36.847344928077824
1.1135,35.61650900944407
1.114,34.409060771662325
1.1145,33.22229532581562
1.115,32.05430828127677
1.1155,30.904095864155703
1.116,29.771411721225135
1.1165,28.656450358939317
1.117,27.55946642117796
1.1175,26.48044871110381
1.118,25.418946967380187
1.1185,24.37410526651601
1.119,23.34489997586683
1.1195,22.330524738804275
1.12,21.330822033279958
1.1205,20.34664113755985
1.121,19.380012975316117
1.1215,18.434073444707835
1.122,17.512729425300265
1.1225,16.62012862992319
1.123,15.760045895101488
1.1235,14.935318998637664
1.124,14.147451833179794
1.1245,13.396458877639212
1.125,12.680967634618673
1.1255,11.998541760966773
1.1260000000000001,11.34614934607833
1.1265,10.72068336648799
1.127,10.11944327047442
1.1275,9.54050232707151
1.1280000000000001,8.9829083820915
1.1285,8.446691478950198
1.129,7.932678882255547
1.1295,7.442146561216683
1.1300000000000001,6.976365092413592
1.1305,6.536122484761966
1.131,6.121318565402033
1.1315,5.730717673214209
1.1320000000000001,5.361916280228769
1.1325,5.0115359128869335
1.133,4.675602436455513
1.1335,4.350035169462252
1.1340000000000001,4.03115352060439
1.1345,3.716116286531144
1.135,3.403232523806941
1.1355,3.092112185715207
1.1360000000000001,2.7836501825195685
1.1365,2.479854878600548
1.137,2.183542295658861
1.1375,1.897924707717418
1.1380000000000001,1.6261314051406197
1.1385,1.3707120880526167
1.139,1.1331870936161834
1.1395,0.9137167205220758
1.1400000000000001,0.7109562587730265
1.1405,0.5221392780019135
1.141,0.34339166518296643
1.1415,0.17023265079278502
1.1420000000000001,-0.0018197233191062827
1.1425,-0.17664076513326812
1.143,-0.35698610628789007
1.1435,-0.5441444453415324
1.1440000000000001,-0.737788810502877
1.1445,-0.9360205951389365
1.145,-1.1355718087489868
1.1455,-1.3321172888373198
1.1460000000000001,-1.520649867670088
1.1465,-1.6958828001547939
1.147,-1.8526579600022581
1.1475,-1.9863488740921056
1.1480000000000001,-2.093250926343369
1.1485,-2.17094693773453
1.149,-2.218627545104546
1.1495,-2.2373363060266915
1.1500000000000001,-2.2301029283963194
1.1505,-2.2019271417009088
1.151,-2.1595821644640707
1.1515,-2.1112211999583015
1.1520000000000001,-2.065792336063895
1.1525,-2.0322943556672435
1.153,-2.018934500243934
1.1535,-2.032274714887173
1.154,-2.0764708461798267
1.1545,-2.1527150933468375
1.155,-2.2589810737021243
1.1555,-2.3901396663581695
1.156,-2.5384626080882566
1.1565,-2.694466092778731
1.157,-2.847981457818298
1.1575,-2.989291633294537
1.158,-3.1101565051370246
1.1585,-3.204576063712652
1.159,-3.269202180226666
1.1595,-3.3033889311186098
1.16,-3.3089408907869022
1.1605,-3.28965663085731
1.161,-3.2507641744354077
1.1615,-3.1983177940948777
1.162,-3.1385933225086884
1.1625,-3.0775020314714343
1.163,-3.0200489419926773
1.1635,-2.9698831582971126
1.164,-2.9290084605575353
1.1645,-2.8977237452246984
1.165,-2.874834368851144
1.1655,-2.8581195950522402
1.166,-2.8449741642961315
1.1665,-2.8330874092942095
1.167,-2.821003646426302
1.1675,-2.8084340503598715
1.168,-2.7962578208650415
1.1685,-2.786238957092639
1.169,-2.7805658259821135
1.1695,-2.7813670161099835
1.17,-2.7903529291656755
1.1705,-2.8086794329891185
1.171,-2.8370459710199625
1.1715,-2.875955009123532
1.172,-2.926002513642655
1.1725,-2.9880601466762666
1.173,-3.0632516044023292
1.1735,-3.152702538698504
1.174,-3.257128319510877
1.1745,-3.37638728845936
1.175,-3.5091484125901173
1.1755,-3.652795720764986
1.176,-3.8036278192645963
1.1765,-3.9573305133029018
1.177,-4.10962855497039
1.1775,-4.256978202643491
1.178,-4.397154797960076
1.1785,-4.5296169813494895
1.179,-4.655581062503277
1.1795,-4.77780104057099
1.18,-4.900107725586716
1.1805,-5.026803398011339
1.181,-5.162029850146387
1.1815,-5.309225185882112
1.182,-5.470759938125681
1.1825,-5.647800905821748
1.183,-5.840399964500528
1.1835,-6.047756066696198
1.184,-6.2685637733399675
1.1845,-6.501350787167323
1.185,-6.744724000393647
1.1855,-6.997483767021244
1.186,-7.258616191914263
1.1865,-7.52721549463084
1.187,-7.802407839426834
1.1875,-8.0833384997635
1.188,-8.369251643819668
1.1885000000000001,-8.659650903532967
1.189,-8.95449564119943
1.1895,-9.254373742700098
1.19,-9.560599071063232
1.1905000000000001,-9.875204138629812
1.191,-10.200825465512766
1.1915,-10.540500669191296
1.192,-10.897407229136082
1.1925000000000001,-11.274573069150875
1.193,-11.674582400506925
1.1935,-12.099291904714969
1.194,-12.549566967259706
1.1945000000000001,-13.025048152890468
1.195,-13.523964688402792
1.1955,-14.043021499708932
1.196,-14.577393498672617
1.1965000000000001,-15.120858271410853
1.197,-15.666081126326937
1.1975,-16.205035297798776
1.198,-16.729502717344378
1.1985000000000001,-17.231569768699707
1.199,-17.704020290499866
1.1995,-18.140542197077238
1.2,-18.535704919651085
1.2005000000000001,-18.88472716945989
1.201,-19.18312902657494
1.2015,-19.426435279284487
1.202,-19.610147722262635
1.2025000000000001,-19.7302055184112
1.203,-19.78407766505593
1.2035,-19.772467601509106
1.204,-19.701376462950215
1.2045000000000001,-19.584030522802607
1.205,-19.442027152249498
1.2055,-19.30508977340966
1.206,-19.209088959343013
1.2065000000000001,-19.192429003523486
1.207,-19.291371398028062
1.2075,-19.535200386371475
1.208,-19.942222727092275
1.2085000000000001,-20.517422702763277
1.209,-21.252227241945153
1.2095,-22.12637039090255
1.21,-23.111388738538672
1.2105000000000001,-24.174943569653948
1.211,-25.285049781889857
1.2115,-26.413434030930656
1.212,-27.537589386554338
1.2125000000000001,-28.64150632379453
1.213,-29.7153892931686
1.2135,-30.754817395722252
1.214,-31.759767619207874
1.2145000000000001,-32.73375325222471
1.215,-33.68313054432419
1.2155,-34.61647123765341
1.216,-35.54382964057587
1.2165,-36.47575811605886
1.217,-37.42202708380704
1.2175,-38.39015058541333
1.218,-39.383959604822046
1.2185,-40.40255287657613
1.219,-41.43995085059149
1.2195,-42.48567062777647
1.22,-43.52624657014791
1.2205,-44.54748790487872
1.221,-45.53705403020064
1.2215,-46.48680928650293
1.222,-47.394444851935994
1.2225,-48.26403415738757
1.223,-49.105464067039776
1.2235,-49.932953866856934
1.224,-50.76303905669504
1.2245,-51.61241703720045
1.225,-52.49596229832089
1.2255,-53.425097926887396
1.226,-54.406624866657566
1.2265,-55.442077809517656
1.227,-56.527666021255875
1.2275,-57.654822699833225
1.228,-58.811305120337686
1.2285,-59.98267939432223
1.229,-61.15393756810052
1.2295,-62.310977302421044
1.23,-63.44173767235912
1.2305,-64.5368986710668
1.231,-65.59016450471135
1.2315,-66.59821963118083
1.232,-67.56046104065834
1.2325,-68.47858865282014
1.233,-69.35610541265028
1.2335,-70.19775737779533
1.234,-71.00893338730786
1.2345,-71.79503676579438
1.235,-72.56083506984186
1.2355,-73.30979617447522
1.236,-74.04344316017824
1.2365,-74.76080960471639
1.237,-75.45813244652989
1.2375,-76.12894562380927
1.238,-76.76470131200375
1.2385,-77.35593951023063
1.239,-77.89387762117902
1.2395,-78.37214925185994
1.24,-78.78833710675697
1.2405,-79.14495197578303
1.241,-79.4496128764422
1.2415,-79.71435627322715
1.242,-79.95419609145362
1.2425,-80.18521592075186
1.243,-80.42255904037857
1.2435,-80.67867601093234
1.244,-80.96210488022922
1.2445,-81.27692278891416
1.245,-81.6228537304274
1.2455,-81.99588164113895
1.246,-82.38913553957207
1.2465,-82.79380702192734
1.247,-83.19992779817608
1.2475,-83.59694407780962
1.248,-83.97412677673455
1.2485,-84.32091150076987
1.249,-84.62725818912001
1.2495,-84.88407455278768
1.25,-85.08369084262435
1.2505,-85.22033195780541
1.2510000000000001,-85.29051840429719
1.2515,-85.29333866662503
1.252,-85.23056125757974
1.2525,-85.10657926274065
1.2530000000000001,-84.92819031639876
1.2535,-84.70420957123807
1.254,-84.44490740444688
1.2545,-84.16127858337384
1.2550000000000001,-83.864193418207
1.2555,-83.56353660287606
1.256,-83.2674715508794
1.2565,-82.98195027421116
1.2570000000000001,-82.71052276473344
1.2575,-82.45441519830888
1.258,-82.21278162706182
1.2585,-81.98301390911081
1.2590000000000001,-81.76102047911921
1.2595,-81.54143905636153
1.26,-81.3178084970316
1.2605,-81.0827704064287
1.2610000000000001,-80.82838626871393
1.2615,-80.54663066379665
1.262,-80.23005629063023
1.2625,-79.87254095973756
1.2630000000000001,-79.46995734785834
1.2635,-79.02059191396819
1.264,-78.5251955065913
1.2645,-77.98665265644713
1.2650000000000001,-77.40936086802812
1.2655,-76.7984715791577
1.266,-76.15914743966478
1.2665,-75.49595389145193
1.2670000000000001,-74.81245459680869
1.2675,-74.11103661266439
1.268,-73.39295309576086
1.2685,-72.65853526570818
1.2690000000000001,-71.90749602998388
1.2695,-71.13923800683193
1.27,-70.35309819218718
1.2705,-69.54850478685564
1.2710000000000001,-68.72506789417486
1.2715,-67.88265020177147
1.272,-67.02145299511811
1.2725,-66.14211369296778
1.2730000000000001,-65.24576774866802
1.2735,-64.33400906664697
1.274,-63.40870614251464
1.2745,-62.47169004518375
1.2750000000000001,-61.5243971704961
1.2755,-60.56758856950634
1.276,-59.60125485216175
1.2765,-58.62475335100053
1.2770000000000001,-57.6371394522467
1.2775,-56.6375837254554
1.278,-55.625738224813304
1.2785,-54.60193520745499
1.2790000000000001,-53.56715583434187
1.2795,-52.52277349463557
1.28,-51.47013836068123
1.2805,-50.41011607698997
1.281,-49.342716483438664
1.2815,-48.26693933198829
1.282,-47.180916923815595
1.2825,-46.08235369684281
1.283,-44.9691716662762
1.2835,-43.84020029389701
1.284,-42.695727354401264
1.2845,-41.537762584682845
1.285,-40.36994447277521
1.2855,-39.19711340721774
1.286,-38.024651088517146
1.2865,-36.85772679690557
1.287,-35.70059191892297
1.2875,-34.55603463157757
1.288,-33.42506238307765
1.2885,-32.30683437516574
1.289,-31.198827194554603
1.2895,-30.09718689202529
1.29,-28.997202181047466
1.2905,-27.893828870355872
1.291,-26.782205993241814
1.2915,-25.658123890776434
1.292,-24.518422054589422
1.2925,-23.36129876878666
1.293,-22.18650425396044
1.2935,-20.995376004803852
1.294,-19.790677433592673
1.2945,-18.57622989229935
1.295,-17.356378083902957
1.2955,-16.135379158648824
1.296,-14.916832816427005
1.2965,-13.703260780236997
1.297,-12.495903417802428
1.2975,-11.294746100776212
1.298,-10.098737536286079
1.2985,-8.906129742690473
1.299,-7.71485802563617
1.2995,-6.522885745018069
1.3,-5.328457166998495
1.3005,-4.130227688169778
1.301,-2.92727079347007
1.3015,-1.7189909436967346
1.302,-0.5049945192589553
1.3025,0.7150205895324717
1.303,1.9413066627821245
1.3035,3.1740162627978297
1.304,4.413072601411844
1.3045,5.658001468710525
1.305,6.907780241349422
1.3055,8.16075514623997
1.306,9.414658980404027
1.3065,10.6667358188558
1.307,11.913954604231133
1.3075,13.153274941298038
1.308,14.381918441278145
1.3085,15.597598949793932
1.309,16.79867555329476
1.3095,17.98421198190119
1.31,19.153950107942617
1.3105,20.308226062318973
1.311,21.447867685804074
1.3115,22.574108240206254
1.312,23.688535946518833
1.3125,24.79307862607337
1.313,25.89000459888567
1.3135000000000001,26.981909479831813
1.314,28.07165496627846
1.3145,29.16223038376801
1.315,30.256521666912406
1.3155000000000001,31.356996700941046
1.316,32.46534845839031
1.3165,33.582169819094354
1.317,34.706752404568924
1.3175000000000001,35.83709215735598
1.318,36.97014093327502
1.3185,38.102274730617246
1.319,39.22987816156656
1.3195000000000001,40.34989967147509
1.32,41.460233154733274
1.3205,42.55983067111809
1.321,43.64852999460864
1.3215000000000001,44.726661578992655
1.322,45.7945569586797
1.3225,46.852100882942295
1.323,47.89845141020278
1.3235000000000001,48.93200375675964
1.324,49.95060881256207
1.3245,50.95199342970956
1.325,51.93428428991121
1.3255000000000001,52.89652155516703
1.326,53.83906223288916
1.3265,54.76380487462375
1.327,55.6742019799666
1.3275000000000001,56.575055036068655
1.328,57.472109645566846
1.3285,58.37149018426121
1.329,59.27903786386325
1.3295000000000001,60.1996383572526
1.33,61.13663477558897
1.3305,62.09140967583577
1.331,63.06318619393442
1.3315000000000001,64.04905573074484
1.332,65.04420670048921
1.3325,66.04231904860865
1.333,67.03609984517139
1.3335000000000001,68.01794689003309
1.334,68.98071636927601
1.3345,69.91852819627168
1.335,96.91210539066053
1.3355000000000001,97.93292868371027
1.336,98.91122673434838
1.3365,99.85207593094447
1.337,100.762898812856
1.3375000000000001,101.65197818768029
1.338,102.52697515375252
1.3385,103.39377664150874
1.339,104.25586874143073
1.3395000000000001,105.11428059441016
1.34,105.96801707232292
1.3405,106.81481682321146
1.341,107.6520365455218
1.3415000000000001,108.47746736865913
1.342,109.28992876829118
1.3425,110.08955011121994
1.343,110.87772458843077
1.3435000000000001,111.65678741378122
1.344,112.42951709048863
1.3445,113.19858173543285
1.345,113.96605399674017
1.3455,114.73309833718812
1.346,115.49988973057799
1.3465,116.26575329599957
1.347,117.02943576465681
1.3475,117.78936538598008
1.348,118.54376282155042
1.3485,119.29054443942086
1.349,120.0270841210918
1.3495,120.75001129021626
1.35,121.45526028068181
1.3505,122.1385187346935
1.351,122.79606682602098
1.3515,123.42581277666261
1.352,124.02819131110806
1.3525,124.60656814504061
1.353,125.16691274673457
1.3535,125.71673186079144
1.354,126.26351335368818
1.3545,126.81311119881296
1.355,127.36853375263257
1.3555,127.9294666020853
1.356,128.49262055089577
1.3565,129.05273663863306
1.357,129.60389694896216
1.3575,130.1407423281267
1.358,130.6592911229679
1.3585,131.15723697341434
1.359,131.6337971399876
1.3595,132.0893098756854
1.36,132.5248026732582
1.3605,132.94168620656137
1.361,133.34162148826994
1.3615,133.72651684260438
1.362,134.0985715315399
1.3625,134.46029511573497
1.363,134.81447094944662
1.3635,135.16406799128498
1.364,135.51211893852002
1.3645,135.8615743504846
1.365,136.2151246333444
1.3655,136.57497084049038
1.366,136.9425336677998
1.3665,137.31812146283005
1.367,137.70062385822885
1.3675,138.0873364839615
1.368,138.47402719783966
1.3685,138.85530765577408
1.369,139.2252825150167
1.3695,139.57834721131331
1.37,139.90994292680605
1.3705,140.2170887142352
1.371,140.49859236663343
1.3715,140.75495108036836
1.372,140.9880348771901
1.3725,141.20066803760892
1.373,141.39619684058013
1.3735,141.57809544193344
1.374,141.74964972888486
1.3745,141.9137710446694
1.375,142.07299457658024
1.3755,142.22967616402119
1.3760000000000001,142.38631570433958
1.3765,142.54584887049398
1.377,142.71172271433386
1.3775,142.88763815592384
1.3780000000000001,143.07697921138995
1.3785,143.2820850220226
1.379,143.5035860413116
1.3795,143.739995266645
1.3800000000000001,143.987651022555
1.3805,144.24100875175577
1.381,144.49321781266028
1.3815,144.73689650665378
1.3820000000000001,144.96500694587277
1.3825,145.17170984432298
1.383,145.353058167188
1.3835,145.5074011999727
1.3840000000000001,145.63543900975228
1.3845,145.73997312640006
1.385,145.82548861833794
1.3855,145.89772298664934
1.3860000000000001,145.96331647798047
1.3865,146.029535182158
1.387,146.10397616781825
1.3875,146.19415057956834
1.3880000000000001,146.30690083903977
1.3885,146.4477055221488
1.389,146.62000745432508
1.3895,146.82472733325048
1.3900000000000001,147.06008699385205
1.3905,147.3217827630736
1.391,147.60345557020955
1.3915,147.89733496580192
1.3920000000000001,148.1949094664461
1.3925,148.48749714444264
1.393,148.76664376585117
1.3935,149.02434023206794
1.3940000000000001,149.25310944077995
1.3945,149.4460558747291
1.395,149.59699407086728
1.3955,149.70076524908367
1.3960000000000001,149.75379983346838
1.3965,149.75487963193896
1.397,149.70591766781712
1.3975,149.61246460507587
1.3980000000000001,149.48364333357657
1.3985,149.33134966963527
1.399,149.16880290282256
1.3995,149.00877726678232
1.4000000000000001,148.86197165321983
1.4005,148.73591795759395
1.401,148.63462351814402
1.4015,148.55889571148964
1.4020000000000001,148.50711637549804
1.4025,148.47617575058248
1.403,148.46232571293254
1.4035,148.46181330019658
1.4040000000000001,148.4712519933336
1.4045,148.48775366702023
1.405,148.5088814368571
1.4055,148.53250476911705
1.4060000000000001,148.55664629820134
1.4065,148.57939789286834
1.407,148.59894731287497
1.4075,148.61370642649612
1.408,148.62249049181563
1.4085,148.62468669735344
1.409,148.62037211169772
1.4095,148.61037715674226
1.41,148.59631188752255
1.4105,148.5805618795296
1.411,148.56622774228367
1.4115,148.5569577950845
1.412,148.55663678631524
1.4125,148.56894914453278
1.413,148.59690518524945
1.4135,148.6424589971177
1.414,148.70632651564665
1.4145,148.78803526087057
1.415,148.8861410228017
1.4155,148.99848153012752
1.416,149.122337292908
1.4165,149.25443606457577
1.417,149.39083735253118
1.4175,149.5268187814216
1.418,149.65691574819897
1.4185,149.7752237103586
1.419,149.87597371257553
1.4195,149.9542757747949
1.42,150.00683916284288
1.4205,150.0324597510049
1.421,150.0321224457638
1.4215,150.00867976955425
1.422,149.96619346953977
1.4225,149.90911895569235
1.423,149.84154274740112
1.4235,149.76664635263316
1.424,149.68648477505297
1.4245,149.6020663783224
1.425,149.51363707486993
1.4255,149.42103094645788
1.426,149.32396060274732
1.4265,149.22217429006437
1.427,149.11547823313967
1.4275,149.0036816564453
1.428,148.8865452270258
1.4285,148.7637953248591
1.429,148.63522029262177
1.4295,148.5008170933577
1.43,148.36093311317205
1.4305,148.2163587684622
1.431,148.06836127384125
1.4315,147.9186820894648
1.432,147.76952501276787
1.4325,147.62353244888672
1.433,147.4837040011068
1.4335,147.35318964084553
1.434,147.2349169957761
1.4345,147.13108704556922
1.435,147.0426595344256
1.4355,146.96899806415394
1.436,146.9078191846758
1.4365,146.85549192864158
1.437,146.8076059736053
1.4375,146.7596283098069
1.438,146.70744675279917
1.4385000000000001,146.64766240969666
1.439,146.57760903019255
1.4395,146.49518907668542
1.44,146.398675319852
1.4405000000000001,146.28661354505286
1.441,146.1578916549584
1.4415,146.0119500984736
1.442,145.84903750215614
1.4425000000000001,145.67038923341926
1.443,145.4782301790835
1.4435,145.27556227060978
1.444,145.0657675012955
1.4445000000000001,144.85211321254323
1.445,144.63727156262797
1.4455,144.42295566179774
1.446,144.20973939126338
1.4465000000000001,143.9970817557845
1.447,143.78353466649762
1.4475,143.56708414666187
1.448,143.34556024377252
1.4485000000000001,143.11704662488543
1.449,142.88022312564775
1.4495,142.63458319785087
1.45,142.3804862576638
1.4505000000000001,142.1190345086139
1.451,141.8518015223567
1.4515,141.58047561637292
1.452,141.30650198949758
1.4525000000000001,141.0308048665081
1.453,140.7536450767236
1.4535,140.47462936460607
1.454,140.1928492824355
1.4545000000000001,139.9071011977645
1.455,139.61612959929178
1.4555,139.31884195176536
1.456,139.0144598740309
1.4565000000000001,138.70259282800538
1.457,138.38324159725795
1.4575,138.0567545715143
1.458,137.72376587947787
1.4585000000000001,137.38513888045543
1.459,137.04192400050314
1.4595,136.69532324655088
1.46,136.34664317780636
1.4605000000000001,135.9972188802828
1.461,135.6483027598577
1.4615,135.30092731448488
1.462,134.95576229444674
1.4625000000000001,134.6129888578456
1.463,134.27220758629878
1.4635,133.9323894520822
1.464,133.59187511292265
1.4645000000000001,133.24842976078492
1.465,132.8993637325986
1.4655,132.541726131665
1.466,132.17256583123472
1.4665000000000001,131.78923444809166
1.467,131.38968810179884
1.4675,130.97273828874333
1.468,130.53821054939726
1.4685000000000001,130.0869884506503
1.469,129.62094080091293
1.4695,129.1427446232467
1.47,128.65562393871522
1.4705000000000001,128.1630291247454
1.471,127.66828857374152
1.4715,127.1742742840563
1.472,126.68313071203218
1.4725,126.19611406241809
1.473,125.71357282151419
1.4735,125.23507250076432
1.474,124.75963731558518
1.4745,124.28605931670738
1.475,123.81321760015997
1.4755,123.34035623433903
1.476,122.86728405797292
1.4765,122.39447625655858
1.477,121.92307283566744
1.4775,121.45478200869368
1.478,120.99170750236975
1.4785,120.53612736847799
1.479,120.09025633052364
1.4795,119.65602242724188
1.48,119.2348821245261
1.4805,118.8276889085971
1.481,118.43462238212982
1.4815,118.05518054411662
1.482,117.68823693021754
1.4825,117.33216364635314
1.483,116.98501712802918
1.4835,116.64477328186936
1.484,116.30958360707626
1.4845,115.97800912885964
1.485,115.64918220856435
1.4855,115.32285418530016
1.486,114.9993107521989
1.4865,114.67917077057052
1.487,114.36311577043156
1.4875,114.05161435431621
1.488,113.74470216832347
1.4885,113.44185763530092
1.489,113.14198681756417
1.4895,112.84350843605532
1.49,112.54451731178835
1.4905,112.24299936204432
1.491,111.93706861621888
1.4915,111.62519356187612
1.492,111.30637829214466
1.4925,110.98026787368148
1.493,110.64715969597759
1.4935,110.3079210587083
1.494,109.96383179508636
1.4945,109.6163832163666
1.495,109.26706850757897
1.4955,108.91719638160569
1.496,108.56775258119556
1.4965,108.21932503840868
1.497,107.87209862051994
1.4975,107.52591425611493
1.498,107.18037594715082
1.4985,106.83498065967983
1.499,106.48924371664727
1.4995,106.14279760655486
1.5,105.79545331585258
1.5005,105.44722594400126
1.5010000000000001,105.09833558605735
1.5015,104.749197404763
1.502,104.40041172355846
1.5025,104.05275845289938
1.5030000000000001,103.70719325901858
1.5035,103.364837558197
1.504,103.02695138021812
1.5045,102.69487777784342
1.5050000000000001,102.36995061118836
1.5055,102.05336510062182
1.506,101.74602202671309
1.5065,101.44836887580695
1.5070000000000001,101.16026967007696
1.5075,100.88093514837986
1.508,100.60893490998187
1.5085,100.3422959262278
1.5090000000000001,100.0786734636741
1.5095,99.81556722177925
1.51,99.55055092770428
1.5105,99.28148716664396
1.5110000000000001,99.00670700714296
1.5115,98.72514147202476
1.512,98.43639659755277
1.5125,98.14076639992952
1.5130000000000001,97.83918132307068
1.5135,97.53309603040414
1.514,97.22432945633959
1.5145,96.91487873793578
1.5150000000000001,96.60673299257415
1.5155,96.30171066976708
1.516,96.00133642463038
1.5165,95.70676369499166
1.5170000000000001,95.4187411854232
1.5175,95.1376171173215
1.518,94.86337376124983
1.5185,94.59568445409334
1.5190000000000001,94.33398447614474
1.5195,94.07754579633007
1.52,93.82554509094452
1.5205,93.5771161268002
1.5210000000000001,93.33138213887767
1.5215,93.08747028264916
1.522,92.84451644061612
1.5225,92.6016721303953
1.5230000000000001,92.3581242827658
1.5235,92.1131331236473
1.524,91.86608505063242
1.5245,91.61654932266147
1.5250000000000001,91.364322812938
1.5255,91.10944801306609
1.526,90.85219576906162
1.5265,90.5930136004744
1.5270000000000001,90.332449492437
1.5275,90.07106666149983
1.528,89.80936538899358
1.5285,89.5477239497225
1.5290000000000001,89.28636389342469
1.5295,89.02533813877697
1.53,88.76453589886707
1.5305,88.50369761665593
1.5310000000000001,88.24243551464788
1.5315,87.98025929863897
1.532,87.71660960647698
1.5325,87.45090207923303
1.5330000000000001,87.18258206863692
1.5335,86.91118533043768
1.534,86.63639596518821
1.5345,86.3580914672926
1.5350000000000001,86.07636675662303
1.5355,85.79153355941813
1.536,85.50409656725247
1.5365,85.21471169343262
1.537,84.92413371364846
1.5375,84.63316088453642
1.538,84.34258343108897
1.5385,84.05314145622398
1.539,83.7654958022937
1.5395,83.48021262652064
1.54,83.19775939275895
1.5405,82.91850765093983
1.541,82.64273740788171
1.5415,82.37063938387593
1.542,82.10231423230479
1.5425,81.83777046997928
1.543,81.5769242578488
1.5435,81.31960401978586
1.544,81.06556178310984
1.5445,80.8144918650065
1.545,80.56605644584918
1.5455,80.31991641539922
1.546,80.07576431965849
1.5465,79.83335447442167
1.547,79.59252420615509
1.5475,79.3532007261172
1.548,79.11539070188662
1.5485,78.8791535157904
1.549,78.6445631541648
1.5495,78.41166636093685
1.55,78.18044544391003
1.5505,77.95079295707676
1.551,77.72250277058326
1.5515,77.49527823998093
1.552,77.26875390440682
1.5525,77.04252337576213
1.553,76.81616419801091
1.5535,76.5892516582333
1.554,76.36135801065777
1.5545,76.13203999561149
1.555,75.90082336367263
1.5555,75.6671957719112
1.556,75.43061761416106
1.5565,75.19055476762775
1.557,74.94653014621197
1.5575,74.69818496120655
1.558,74.44533741088752
1.5585,74.1880264182995
1.559,73.92653023680502
1.5595,73.66135332413897
1.56,73.39317942214512
1.5605,73.12279425846802
1.561,72.85098744278592
1.5615,72.57844883218549
1.562,72.30567795544108
1.5625,72.03292414351546
1.563,71.7601691632228
1.5635000000000001,71.48715464392038
1.564,71.21344627951518
1.5645,70.9385189783127
1.565,70.6618441653677
1.5655000000000001,70.3829628059972
1.566,70.10153403842706
1.5665,69.8173570917283
1.567,69.53037088574078
1.5675000000000001,69.24063964186679
1.568,68.94833346484579
1.5685,68.65371078457068
1.569,68.35710605300407
1.5695000000000001,68.05892257851484
1.57,67.7596278969699
1.5705,67.45974806875574
1.571,67.15985763358923
1.5715000000000001,66.86056322258023
1.572,66.56248056031748
1.5725,66.26620641974787
1.573,65.97228868390978
1.5735000000000001,65.68119863158364
1.574,65.2053861939979
1.5745,64.95194043630771
1.575,64.69881796045334
1.5755000000000001,64.44602088328394
1.576,64.19355140346943
1.5765,63.941411787226194
1.577,63.689604353744166
1.5775000000000001,63.43813146034878
1.578,63.18699548743503
1.5785,62.93619882320106
1.579,62.68574384822011
1.5795000000000001,62.43563291987383
1.58,62.18586835668598
1.5805,61.936452422568
1.581,61.687387311022036
1.5815000000000001,61.438675129310006
1.582,61.1903178826219
1.5825,60.942317458255665
1.583,60.69467560984121
1.5835000000000001,60.44739394161225
1.584,60.20047389275486
1.5845,59.953916721841196
1.585,59.70772349136656
1.5855000000000001,59.46189505239558
1.586,59.21643202934018
1.5865,58.97133480486486
1.587,58.72660350493935
1.5875000000000001,58.482237984039344
1.588,58.238237810505325
1.5885,57.99460225205812
1.589,57.75133026148529
1.5895000000000001,57.508420462492516
1.59,57.265871135725064
1.5905,57.02368020496389
1.591,56.78184522349405
1.5915000000000001,56.54036336064787
1.592,56.29923138852252
1.5925,56.058445668874235
1.593,55.81800214018469
1.5935000000000001,55.5778963049065
1.594,55.33812321688245
1.5945,55.09867746894416
1.595,54.859553180684905
1.5955000000000001,54.62074398641817
1.596,54.38224302331669
1.5965,54.144042919737586
1.597,53.90613578374018
1.5975000000000001,53.66851319180384
1.598,53.431166177745624
1.5985,53.19408522185523
1.599,52.9572602402515
1.5995000000000001,52.72068057447558
1.6,52.48433498132841
1.6005,52.24821162297806
1.601,52.012298057340736
1.6015,51.77658122876497
1.602,51.54104745903341
1.6025,51.30568243870857
1.603,51.07047121884085
1.6035,50.83539820307421
1.604,50.60044714016988
1.6045,50.365601116979306
1.605,50.1308425519016
1.6055,49.89615318885472
1.606,49.66151409179648
1.6065,49.42690563983111
1.607,49.19230752293983
1.6075,48.957698738369906
1.608,48.723057587726245
1.6085,48.48836167480159
1.609,48.25358790418676
1.6095,48.01871248070137
1.61,47.78371090968451
1.6105,47.54855799818777
1.611,47.31322785710552
1.6115,47.07769390428552
1.612,46.84192886865821
1.6125,46.60590479541369
1.613,46.36959305227007
1.6135,46.13296433685973
1.614,45.89598868526813
1.6145,45.65863548174687
1.615,45.42087346963774
1.6155,45.182670763516235
1.616,44.943994862585676
1.6165,44.704812665331026
1.617,44.46509048544886
1.6175,44.22479406905609
1.618,43.98388861319097
1.6185,43.742338785599834
1.619,43.500108745806415
1.6195,43.25716216746041
1.62,43.01346226194825
1.6205,42.76897180325157
1.621,42.52365315403098
1.6215,42.27746829291166
1.622,42.03037884293565
1.6225,41.78234610115271
1.623,41.53333106930594
1.6235,41.28329448557107
1.624,41.03219685730149
1.6245,40.77999849472971
1.625,40.52665954556575
1.6255,40.272140030440205
1.6260000000000001,40.0163998791232
1.6265,39.75939896746424
1.627,39.50109715496814
1.6275,39.241454322957104
1.6280000000000001,38.98043041322904
1.6285,38.71798546714766
1.629,38.45407966507825
1.6295,38.18867336610382
1.6300000000000001,37.92172714792689
1.6305,37.65320184688905
1.631,37.383058598020845
1.6315,37.11125887504503
1.6320000000000001,36.83776453024546
1.6325,36.562537834134204
1.633,36.285541514821546
1.6335,36.006738797023516
1.6340000000000001,35.72609344062276
1.6345,35.4435697787119
1.635,35.1591327550391
1.6355,34.872747960795905
1.6360000000000001,34.58438167066959
1.6365,34.294000878096156
1.637,34.001573329655976
1.6375,33.70706755854776
1.6380000000000001,33.41045291708723
1.6385,33.11169960817726
1.639,32.81077871570337
1.6395,32.5076622338043
1.6400000000000001,32.202323094984415
1.6405,31.89473519702582
1.641,31.58487342867236
1.6415,31.27271369404981
1.6420000000000001,30.958232935810766
1.6425,30.641409156974255
1.643,30.322221441447635
1.6435,30.000649973221957
1.6440000000000001,29.676676054236875
1.6445,29.350282120901785
1.645,29.02145175928741
1.6455,28.690169718984862
1.6460000000000001,28.356421925647055
1.6465,28.020195492216295
1.647,27.68147872887023
1.6475,27.34026115168668
1.6480000000000001,26.996533490065858
1.6485,26.650287692926817
1.649,26.30151693371198
1.6495,25.950215614221896
1.6500000000000001,25.59637936732673
1.6505,25.240005058578067
1.651,24.881090786760055
1.6515,24.51963588342344
1.6520000000000001,24.155640911436205
1.6525,23.78910766259364
1.653,23.420039154328162
1.6535,23.04843962556276
1.6540000000000001,22.674314531743605
1.6545,22.297670539101713
1.655,21.91851551817874
1.6555,21.536858536660073
1.6560000000000001,21.15270985155446
1.6565,20.76608090076156
1.657,20.37698429405881
1.6575,19.985433803553057
1.6580000000000001,19.591444353621515
1.6585,19.195032010390467
1.659,18.79621397075711
1.6595,18.395008551015113
1.6600000000000001,17.991435175085368
1.6605,17.585514362392313
1.661,17.177267715394652
1.6615,16.76671790680977
1.6620000000000001,16.353888666526487
1.6625,15.93880476824012
1.663,15.521492015812166
1.6635,15.101977229371277
1.6640000000000001,14.680288231152556
1.6645,14.25645383110047
1.665,13.83050381221458
1.6655,13.402468915659046
1.666,12.972380825624407
1.6665,12.540272153942148
1.667,12.106176424447014
1.6675,11.670128057080346
1.668,11.23216235172965
1.6685,10.792315471788147
1.669,10.350624427434129
1.6695,9.907127058611861
1.67,9.4618620177055
1.6705,9.01486875189317
1.671,8.566187485172227
1.6715,8.115859200035972
1.672,7.663925618801036
1.6725,7.210429184562459
1.673,6.755413041783738
1.6735,6.29892101648325
1.674,5.84099759604523
1.6745,5.381687908619533
1.675,4.921037702123743
1.6755,4.459093322829283
1.676,3.9959016935533116
1.6765,3.5315102914320278
1.677,3.0659671253017162
1.6775,2.5993207126827347
1.678,2.131620056384255
1.6785,1.6629146207309375
1.679,1.1932543074499962
1.6795,0.7226894312119377
1.68,0.2512706948701365
1.6805,-0.22095083558626583
1.681,-0.6939237563284306
1.6815,-1.1675963512109875
1.682,-1.6419166174667943
1.6825,-2.116832291548278
1.683,-2.5922908750681697
1.6835,-3.068239660785315
1.684,-3.5446257585926366
1.6845,-4.021396121450534
1.685,-4.498497571210435
1.6855,-4.97587682426611
1.686,-5.453480516979497
1.6865,-5.931255230806155
1.687,-6.4091475170634356
1.6875,-6.887103921266627
1.688,-7.3650710069762
1.6885000000000001,-7.8429953790674265
1.689,-8.320823706367303
1.6895,-8.798502743583633
1.69,-9.275979352451449
1.6905000000000001,-9.753200522021674
1.691,-10.230113388037239
1.6915,-10.706665251308433
1.692,-11.182803595031066
1.6925000000000001,-11.658476100973473
1.693,-12.133630664480094
1.6935,-12.608215408207656
1.694,-13.082178694561891
1.6945000000000001,-13.555469136756713
1.695,-14.028035608456106
1.6955,-14.499827251942794
1.696,-14.970793484781607
1.6965000000000001,-15.440884004919829
1.697,-15.91004879420561
1.6975,-16.378238120292043
1.698,-16.845402536896106
1.6985000000000001,-17.31149288240197
1.699,-17.77646027679351
1.6995,-18.240256116911112
1.7,-18.70283207003026
1.7005000000000001,-19.164140065777026
1.701,-19.624132286383407
1.7015,-20.082761155311974
1.702,-20.539979324270178
1.7025000000000001,-20.995739658661158
1.703,-21.449995221490934
1.7035,-21.902699255806777
1.704,-22.353805165700493
1.7045000000000001,-22.803266495954652
1.705,-23.25103691038336
1.7055,-23.697070168973248
1.706,-24.14132010387171
1.7065000000000001,-24.583740594341535
1.707,-25.024285540759863
1.7075,-25.462908837779455
1.708,-25.899564346739123
1.7085000000000001,-26.33420586746297
1.709,-26.76678710954747
1.7095,-27.197261663273
1.71,-27.625582970262858
1.7105000000000001,-28.051704294035684
1.711,-28.475578690570078
1.7115,-28.897158979048804
1.712,-29.31639771290861
1.7125000000000001,-29.733247151356768
1.713,-30.14765923149928
1.7135,-30.559585541245806
1.714,-30.96897729313113
1.7145000000000001,-31.375785299224304
1.715,-31.77995994728064
1.7155,-32.1814511782886
1.716,-32.580208465575986
1.7165000000000001,-32.97618079562991
1.717,-33.36931665078612
1.7175,-33.75956399393907
1.718,-34.1468702554293
1.7185000000000001,-34.531182322246686
1.719,-34.91244652969937
1.7195,-35.29060865568138
1.72,-35.66561391768103
1.7205000000000001,-36.03740697264252
1.721,-36.40593191981326
1.7215,-36.7711323066866
1.722,-37.132951138141706
1.7225000000000001,-37.491330888873776
1.723,-37.84621351921243
1.7235,-38.197540494390516
1.724,-38.54525280733717
1.7245000000000001,-38.88929100504361
1.725,-39.22959521855169
1.7255,-39.5661051965784
1.726,-39.89876034281122
1.7265000000000001,-40.22749975685998
1.727,-40.55226227886173
1.7275,-40.87298653770577
1.728,-41.189611002844714
1.7285,-41.50207403962079
1.729,-41.81031396804471
1.7295,-42.114269124934786
1.73,-42.413877929306
1.7305,-42.70907895089203
1.731,-42.99981098166004
1.7315,-43.28601311016456
1.732,-43.567624798568744
1.7325,-43.844585962152124
1.733,-44.11683705109741
1.7335,-44.38431913434683
1.734,-44.64697398529311
1.7345,-44.90474416907
1.735,-45.15757313117536
1.7355,-45.40540528716879
1.736,-45.64818611316262
1.7365,-45.88586223681684
1.737,-46.11838152853912
1.7375,-46.34569319259371
1.738,-46.56774785779979
1.7385,-46.78449766751
1.739,-46.99589636854763
1.7395,-47.20189939878787
1.74,-47.40246397305307
1.7405,-47.59754916701535
1.741,-47.787115998780926
1.7415,-47.97112750785017
1.742,-48.149548831145836
1.7425,-48.32234727581667
1.743,-48.489492388521946
1.7435,-48.65095602092649
1.744,-48.806712391141055
1.7445,-48.95673814085532
1.745,-49.10101238793252
1.7455,-49.23951677424623
1.746,-49.37223550856063
1.7465,-49.49915540427227
1.747,-49.62026591185591
1.7475,-49.73555914587137
1.748,-49.8450299064168
1.7485,-49.9486756949312
1.749,-50.04649672427689
1.7495,-50.13849592304816
1.75,-50.224678934086356
1.7505,-50.30505410719499
1.7510000000000001,-50.37963248607933
1.7515,-50.44842778955217
1.752,-50.511456387078425
1.7525,-50.56873726874227
1.7530000000000001,-50.62029200975375
1.7535,-50.66614472962418
1.754,-50.70632204616547
1.7545,-50.74085302448204
1.7550000000000001,-50.76976912114842
1.7555,-50.793104123776025
1.756,-50.810894086192704
1.7565,-50.823177259470214
1.7570000000000001,-50.82999401904898
1.7575,-50.83138678821937
1.758,-50.82739995823023
1.7585,-50.81807980530215
1.7590000000000001,-50.80347440483073
1.7595,-50.78363354307014
1.76,-50.7586086265905
1.7605,-50.728452589806295
1.7610000000000001,-50.693219800872164
1.7615,-50.652965966243016
1.762,-50.60774803419336
1.7625,-50.557624097587045
1.7630000000000001,-50.50265329618514
1.7635,-50.44289571877191
1.764,-50.37841230537628
1.7645,-50.30926474985294
1.7650000000000001,-50.23551540308379
1.7655,-50.157227177047666
1.766,-50.07446344999796
1.7665,-49.98728797297423
1.7670000000000001,-49.89576477786747
1.7675,-49.79995808724087
1.768,-49.69993222609901
1.7685,-49.59575153578571
1.7690000000000001,-49.48748029017817
1.7695,-49.37518261432802
1.77,-49.25892240569364
1.7705,-49.138763258088964
1.7710000000000001,-49.01476838846522
1.7715,-48.88700056662389
1.772,-48.75552204795591
1.7725,-48.620394509276395
1.7730000000000001,-48.48167898782543
1.7735,-48.33943582348359
1.774,-48.19372460424611
1.7745,-48.04460411498156
1.7750000000000001,-47.892132289500495
1.7755,-47.736366165938016
1.776,-47.57736184545145
1.7765,-47.415174454225
1.7770000000000001,-47.2498581087613
1.7775,-47.08146588443401
1.778,-46.91004978726725
1.7785,-46.73566072890168
1.7790000000000001,-46.55834850469632
1.7795,-46.378161774916485
1.78,-46.19514804894472
1.7805,-46.009353672453024
1.7810000000000001,-45.820823817462156
1.7815,-45.62960247522345
1.782,-45.435732451835385
1.7825,-45.23925536652338
1.7830000000000001,-45.04021165249345
1.7835,-44.838640560281796
1.784,-44.63458016349963
1.7845,-44.42806736690014
1.7850000000000001,-44.219137916663634
1.7855,-44.007826412817316
1.786,-43.794166323690135
1.7865,-43.57819000232004
1.7870000000000001,-43.359928704708274
1.7875,-43.13941260983802
1.788,-42.91667084135873
1.7885,-42.69173149084779
1.7890000000000001,-42.46462164255201
1.7895,-42.23536739952881
1.79,-42.00399391108474
1.7905,-41.77052540143358
1.7910000000000001,-41.534985199480786
1.7915,-41.29739576965229
1.792,-41.05777874367789
1.7925,-40.81615495325528
1.793,-40.57254446350657
1.7935,-40.326966607149274
1.794,-40.07944001930852
1.7945,-39.82998267289031
1.795,-39.578611914446434
1.7955,-39.325344500452495
1.796,-39.07019663394124
1.7965,-38.81318400140912
1.797,-38.55432180994232
1.7975,-38.29362482448998
1.798,-38.031107405233044
1.7985,-37.76678354497188
1.799,-37.50066690649611
1.7995,-37.23277085986331
1.8,-36.96310851954353
1.8005,-36.691692781368246
1.801,-36.41853635924677
1.8015,-36.14365182158636
1.802,-35.86705162738234
1.8025,-35.588748161926596
1.803,-35.308753772096
1.8035,-35.02708080117256
1.804,-34.743741623168866
1.8045,-34.4587486766054
1.805,-34.17211449771673
1.8055,-33.8838517530449
1.806,-33.593973271391626
1.8065,-33.30249207509082
1.807,-33.00942141058278
1.8075,-32.71477477825208
1.808,-32.41856596150396
1.8085,-32.120809055058174
1.809,-31.82151849243052
1.8095,-31.520709072583657
1.81,-31.218395985717173
1.8105,-30.914594838190478
1.811,-30.609321676541448
1.8115,-30.302593010596773
1.812,-29.9944258356482
1.8125,-29.68483765368343
1.813,-29.373846493648273
1.8135000000000001,-29.061470930737535
1.814,-28.747730104690746
1.8145,-28.432643737082433
1.815,-28.116232147597096
1.8155000000000001,-27.7985162692804
1.816,-27.479517662745526
1.8165,-27.159258529337805
1.817,-26.837761723240362
1.8175000000000001,-26.515050762518204
1.818,-26.191149839084492
1.8185,-25.86608382759781
1.819,-25.53987829326567
1.8195000000000001,-25.21255949856428
1.82,-24.884154408861498
1.8205,-24.554690696943993
1.821,-24.224196746437684
1.8215000000000001,-23.892701654131105
1.822,-23.560235231189715
1.8225,-23.226828003261865
1.823,-22.89251120948151
1.8235000000000001,-22.55731680036267
1.824,-22.221277434589624
1.8245,-21.884426474704036
1.825,-21.54679798169483
1.8255000000000001,-21.20842670848883
1.826,-20.869348092355224
1.8265,-20.529598246223657
1.827,-20.189213948928064
1.8275000000000001,-19.848232634375766
1.828,-19.50669237966701
1.8285,-19.16463189215617
1.829,-18.822090495482698
1.8295000000000001,-18.479108114573386
1.83,-18.13572525964391
1.8305,-17.79198300919318
1.831,-17.447922992035195
1.8315000000000001,-17.1035873683644
1.832,-16.7590188098889
1.8325,-16.41426047904075
1.833,-16.069356007303483
1.8335000000000001,-15.724349472661546
1.834,-15.379285376214234
1.8345,-15.034208617972801
1.835,-14.689164471875753
1.8355000000000001,-14.34419856004414
1.836,-13.999356826325805
1.8365,-13.654685509142697
1.837,-13.310231113693447
1.8375000000000001,-12.96604038353903
1.838,-12.622160271615869
1.8385,-12.27863791070781
1.839,-11.93552058343172
1.8395000000000001,-11.592855691768222
1.84,-11.250690726183944
1.8405,-10.909073234395615
1.841,-10.56805078981647
1.8415000000000001,-10.227670959737484
1.842,-9.88798127328254
1.8425,-9.549029189202857
1.843,-9.210862063540807
1.8435000000000001,-8.873527117229509
1.844,-8.537071403670211
1.8445,-8.201541776343964
1.845,-7.866984856500609
1.8455000000000001,-7.5334470009897165
1.846,-7.200974270273757
1.8465,-6.869612396677489
1.847,-6.539406752926895
1.8475000000000001,-6.210402321030808
1.848,-5.882643661544121
1.8485,-5.556174883274631
1.849,-5.23103961347354
1.8495000000000001,-4.907280968562205
1.85,-4.5849415254324635
1.8505,-4.264063293381024
1.851,-3.9446876867023453
1.8515000000000001,-3.626855497997605
1.852,-3.310606872231101
1.8525,-2.9959812815780387
1.853,-2.68301750109221
1.8535000000000001,-2.3717535852406897
1.854,-2.0622268453276016
1.8545,-1.7544738278397698
1.855,-1.4485302937472195
1.8555000000000001,-1.144431198779092
1.856,-0.8422106747035059
1.8565,-0.541902011624497
1.857,-0.24353764132936326
1.8575,0.052850878314535533
1.858,0.3472328778851789
1.8585,0.6395785898499724
1.859,0.9298591609145932
1.8595,1.2180466632774074
1.86,1.504114104773843
1.8605,1.7880354379187975
1.861,2.069785567845201
1.8615,2.349340359139874
1.862,2.626676641579738
1.8625,2.9017722147852663
1.863,3.1746058517899165
1.8635,3.4451573015445347
1.864,3.713407290366114
1.8645,3.9793375223538834
1.865,4.24293067877782
1.8655,4.504170416474378
1.866,4.763041365258014
1.8665,5.019529124378373
1.867,5.273620258042989
1.8675,5.52530229003771
1.868,5.7745636974616295
1.8685,6.021393903613147
1.869,6.26578327005441
1.8695,6.507723087880322
1.87,6.747205568227514
1.8705,6.984223832051004
1.871,7.2187718992072005
1.8715,7.450844676864771
1.872,7.680437947290132
1.8725,7.907548355029882
1.873,8.132173393530143
1.8735,8.354311391222856
1.874,8.57396149711885
1.8745,8.791123665930865
1.875,9.005798642773122
1.8755,9.217987947459925
1.8760000000000001,9.427693858444103
1.8765,9.634919396419393
1.877,9.83966830763288
1.8775,10.041945046922265
1.8780000000000001,10.241754760523044
1.8785,10.439103268667685
1.879,10.633997048013708
1.8795,10.82644321392029
1.8800000000000001,11.016449502613053
1.8805,11.204024253255401
1.881,11.389176389958374
1.8815,11.571915403751728
1.8820000000000001,11.752251334546246
1.8825,11.930194753102557
1.883,12.105756743040143
1.8835,12.278948882900227
1.8840000000000001,12.449783228288357
1.8845,12.61827229411429
1.885,12.784429036952597
1.8855,12.948266837535746
1.8860000000000001,13.109799483402718
1.8865,13.269041151718074
1.887,13.426006392274678
1.8875,13.580710110697172
1.8880000000000001,13.733167551857417
1.8885,13.883394283518607
1.889,14.031406180212317
1.8895,14.177219407368316
1.8900000000000001,14.32085040569965
1.8905,
1.891,
1.8915,
1.8920000000000001,
1.8925,
1.893,
1.8935,
1.8940000000000001,
1.8945,
1.895,
1.8955,
1.8960000000000001,
1.8965,
1.897,
1.8975,
1.8980000000000001,
1.8985,
1.899,
1.8995,
1.9000000000000001,
1.9005,
1.901,
1.9015,
1.9020000000000001,
1.9025,
1.903,
1.9035,
1.9040000000000001,
1.9045,
1.905,
1.9055,
1.9060000000000001,
1.9065,
1.907,
1.9075,
1.9080000000000001,
1.9085,
1.909,
1.9095,
1.9100000000000001,
1.9105,
1.911,
1.9115,
1.9120000000000001,
1.9125,
1.913,
1.9135,
1.9140000000000001,
1.9145,
1.915,
1.9155,
1.9160000000000001,
1.9165,
1.917,
1.9175,
1.9180000000000001,
1.9185,
1.919,
1.9195,
1.92,
1.9205,
1.921,
1.9215,
1.922,
1.9225,
1.923,
1.9235,
1.924,
1.9245,
1.925,
1.9255,
1.926,
1.9265,
1.927,
1.9275,
1.928,
1.9285,
1.929,
1.9295,
1.93,
1.9305,
1.931,
1.9315,
1.932,
1.9325,
1.933,
1.9335,
1.934,
1.9345,
1.935,
1.9355,
1.936,
1.9365,
1.937,
1.9375,
1.938,
1.9385000000000001,
1.939,
1.9395,
1.94,
1.9405000000000001,
1.941,
1.9415,
1.942,
1.9425000000000001,
1.943,
1.9435,
1.944,
1.9445000000000001,
1.945,
1.9455,
1.946,
1.9465000000000001,
1.947,
1.9475,
1.948,
1.9485000000000001,
1.949,
1.9495,
1.95,
1.9505000000000001,
1.951,
1.9515,
1.952,
1.9525000000000001,
1.953,
1.9535,
1.954,
1.9545000000000001,
1.955,
1.9555,
1.956,
1.9565000000000001,
1.957,
1.9575,
1.958,
1.9585000000000001,
1.959,
1.9595,
1.96,
1.9605000000000001,
1.961,
1.9615,
1.962,
1.9625000000000001,
1.963,
1.9635,
1.964,
1.9645000000000001,
1.965,
1.9655,
1.966,
1.9665000000000001,
1.967,
1.9675,
1.968,
1.9685000000000001,
1.969,
1.9695,
1.97,
1.9705000000000001,
1.971,
1.9715,
1.972,
1.9725000000000001,
1.973,
1.9735,
1.974,
1.9745000000000001,
1.975,
1.9755,
1.976,
1.9765000000000001,
1.977,
1.9775,
1.978,
1.9785000000000001,
1.979,
1.9795,
1.98,
1.9805000000000001,
1.981,
1.9815,
1.982,
1.9825000000000002,
1.983,
1.9835,
1.984,
1.9845,
1.985,
1.9855,
1.986,
1.9865,
1.987,
1.9875,
1.988,
1.9885,
1.989,
1.9895,
1.99,
1.9905,
1.991,
1.9915,
1.992,
1.9925,
1.993,
1.9935,
1.994,
1.9945,
1.995,
1.9955,
1.996,
1.9965,
1.997,
1.9975,
1.998,
1.9985,
1.999,
1.9995,
2.0,
2.0005,
2.001,
2.0015,
2.0020000000000002,
2.0025,
2.003,
2.0035,
2.004,
2.0045,
2.005,
2.0055,
2.0060000000000002,
2.0065,
2.007,
2.0075,
2.008,
2.0085,
2.009,
2.0095,
2.0100000000000002,
2.0105,
2.011,
2.0115,
2.012,
2.0125,
2.013,
2.0135,
2.0140000000000002,
2.0145,
2.015,
2.0155,
2.016,
2.0165,
2.017,
2.0175,
2.0180000000000002,
2.0185,
2.019,
2.0195,
2.02,
2.0205,
2.021,
2.0215,
2.0220000000000002,
2.0225,
2.023,
2.0235,
2.024,
2.0245,
2.025,
2.0255,
2.0260000000000002,
2.0265,
2.027,
2.0275,
2.028,
2.0285,
2.029,
2.0295,
2.0300000000000002,
2.0305,
2.031,
2.0315,
2.032,
2.0325,
2.033,
2.0335,
2.0340000000000003,
2.0345,
2.035,
2.0355,
2.036,
2.0365,
2.037,
2.0375,
2.0380000000000003,
2.0385,
2.039,
2.0395,
2.04,
2.0405,
2.041,
2.0415,
2.0420000000000003,
2.0425,
2.043,
2.0435,
2.044,
2.0445,
2.045,
2.0455,
2.0460000000000003,
2.0465,
2.047,
2.0475,
2.048,
2.0485,
2.049,
2.0495,
2.05,
2.0505,
2.051,
2.0515,
2.052,
2.0525,
2.053,
2.0535,
2.054,
2.0545,
2.055,
2.0555,
2.056,
2.0565,
2.057,
2.0575,
2.058,
2.0585,
2.059,
2.0595,
2.06,
2.0605,
2.061,
2.0615,
2.062,
2.0625,
2.063,
2.0635,
2.064,
2.0645000000000002,
2.065,
2.0655,
2.066,
2.0665,
2.067,
2.0675,
2.068,
2.0685000000000002,
2.069,
2.0695,
2.07,
2.0705,
2.071,
2.0715,
2.072,
2.0725000000000002,
2.073,
2.0735,
2.074,
2.0745,
2.075,
2.0755,
2.076,
2.0765000000000002,
2.077,
2.0775,
2.078,
2.0785,
2.079,
2.0795,
2.08,
2.0805000000000002,
2.081,
2.0815,
2.082,
2.0825,
2.083,
2.0835,
2.084,
2.0845000000000002,
2.085,
2.0855,
2.086,
2.0865,
2.087,
2.0875,
2.088,
2.0885000000000002,
2.089,
2.0895,
2.09,
2.0905,
2.091,
2.0915,
2.092,
2.0925000000000002,
2.093,
2.0935,
2.094,
2.0945,
2.095,
2.0955,
2.096,
2.0965000000000003,
2.097,
2.0975,
2.098,
2.0985,
2.099,
2.0995,
2.1,
2.1005000000000003,
2.101,
2.1015,
2.102,
2.1025,
2.103,
2.1035,
2.104,
2.1045000000000003,
2.105,
2.1055,
2.106,
2.1065,
2.107,
2.1075,
2.108,
2.1085000000000003,
2.109,
2.1095,
2.11,
2.1105,
2.111,
2.1115,
2.112,
2.1125,
2.113,
2.1135,
2.114,
2.1145,
2.115,
2.1155,
2.116,
2.1165,
2.117,
2.1175,
2.118,
2.1185,
2.119,
2.1195,
2.12,
2.1205,
2.121,
2.1215,
2.122,
2.1225,
2.123,
2.1235,
2.124,
2.1245,
2.125,
2.1255,
2.126,
2.1265,
2.1270000000000002,
2.1275,
2.128,
2.1285,
2.129,
2.1295,
2.13,
2.1305,
2.1310000000000002,
2.1315,
2.132,
2.1325,
2.133,
2.1335,
2.134,
2.1345,
2.1350000000000002,
2.1355,
2.136,
2.1365,
2.137,
2.1375,
2.138,
2.1385,
2.1390000000000002,
2.1395,
2.14,
2.1405,
2.141,
2.1415,
2.142,
2.1425,
2.1430000000000002,
2.1435,
2.144,
2.1445,
2.145,
2.1455,
2.146,
2.1465,
2.1470000000000002,
2.1475,
2.148,
2.1485,
2.149,
2.1495,
2.15,
2.1505,
2.1510000000000002,
2.1515,
2.152,
2.1525,
2.153,
2.1535,
2.154,
2.1545,
2.1550000000000002,
2.1555,
2.156,
2.1565,
2.157,
2.1575,
2.158,
2.1585,
2.1590000000000003,
2.1595,
2.16,
2.1605,
2.161,
2.1615,
2.162,
2.1625,
2.1630000000000003,
2.1635,
2.164,
2.1645,
2.165,
2.1655,
2.166,
2.1665,
2.1670000000000003,
2.1675,
2.168,
2.1685,
2.169,
2.1695,
2.17,
2.1705,
2.1710000000000003,
2.1715,
2.172,
2.1725,
2.173,
2.1735,
2.174,
2.1745,
2.1750000000000003,
2.1755,
2.176,
2.1765,
2.177,
2.1775,
2.178,
2.1785,
2.179,
2.1795,
2.18,
2.1805,
2.181,
2.1815,
2.182,
2.1825,
2.183,
2.1835,
2.184,
2.1845,
2.185,
2.1855,
2.186,
2.1865,
2.187,
2.1875,
2.188,
2.1885,
2.189,
2.1895000000000002,
2.19,
2.1905,
2.191,
2.1915,
2.192,
2.1925,
2.193,
2.1935000000000002,
2.194,
2.1945,
2.195,
2.1955,
2.196,
2.1965,
2.197,
2.1975000000000002,
2.198,
2.1985,
2.199,
2.1995,
2.2,
2.2005,
2.201,
2.2015000000000002,
2.202,
2.2025,
2.203,
2.2035,
2.204,
2.2045,
2.205,
2.2055000000000002,
2.206,
2.2065,
2.207,
2.2075,
2.208,
2.2085,
2.209,
2.2095000000000002,
2.21,
2.2105,
2.211,
2.2115,
2.212,
2.2125,
2.213,
2.2135000000000002,
2.214,
2.2145,
2.215,
2.2155,
2.216,
2.2165,
2.217,
2.2175000000000002,
2.218,
2.2185,
2.219,
2.2195,
2.22,
2.2205,
2.221,
2.2215000000000003,
2.222,
2.2225,
2.223,
2.2235,
2.224,
2.2245,
2.225,
2.2255000000000003,
2.226,
2.2265,
2.227,
2.2275,
2.228,
2.2285,
2.229,
2.2295000000000003,
2.23,
2.2305,
2.231,
2.2315,
2.232,
2.2325,
2.233,
2.2335000000000003,
2.234,
2.2345,
2.235,
2.2355,
2.236,
2.2365,
2.237,
2.2375000000000003,
2.238,
2.2385,
2.239,
2.2395,
2.24,
2.2405,
2.241,
2.2415,
2.242,
2.2425,
2.243,
2.2435,
2.244,
2.2445,
2.245,
2.2455,
2.246,
2.2465,
2.247,
2.2475,
2.248,
2.2485,
2.249,
2.2495,
2.25,
2.2505,
2.251,
2.2515,
2.2520000000000002,
2.2525,
2.253,
2.2535,
2.254,
2.2545,
2.255,
2.2555,
2.2560000000000002,
2.2565,
2.257,
2.2575,
2.258,
2.2585,
2.259,
2.2595,
2.2600000000000002,
2.2605,
2.261,
2.2615,
2.262,
2.2625,
2.263,
2.2635,
2.2640000000000002,
2.2645,
2.265,
2.2655,
2.266,
2.2665,
2.267,
2.2675,
2.2680000000000002,
2.2685,
2.269,
2.2695,
2.27,
2.2705,
2.271,
2.2715,
2.2720000000000002,
2.2725,
2.273,
2.2735,
2.274,
2.2745,
2.275,
2.2755,
2.2760000000000002,
2.2765,
2.277,
2.2775,
2.278,
2.2785,
2.279,
2.2795,
2.2800000000000002,
2.2805,
2.281,
2.2815,
2.282,
2.2825,
2.283,
2.2835,
2.2840000000000003,
2.2845,
2.285,
2.2855,
2.286,
2.2865,
2.287,
2.2875,
2.2880000000000003,
2.2885,
2.289,
2.2895,
2.29,
2.2905,
2.291,
2.2915,
2.2920000000000003,
2.2925,
2.293,
2.2935,
2.294,
2.2945,
2.295,
2.2955,
2.2960000000000003,
2.2965,
2.297,
2.2975,
2.298,
2.2985,
2.299,
2.2995,
2.3000000000000003,
2.3005,
2.301,
2.3015,
2.302,
2.3025,
2.303,
2.3035,
2.3040000000000003,
2.3045,
2.305,
2.3055,
2.306,
2.3065,
2.307,
2.3075,
2.308,
2.3085,
2.309,
2.3095,
2.31,
2.3105,
2.311,
2.3115,
2.312,
2.3125,
2.313,
2.3135,
2.314,
2.3145000000000002,
2.315,
2.3155,
2.316,
2.3165,
2.317,
2.3175,
2.318,
2.3185000000000002,
2.319,
2.3195,
2.32,
2.3205,
2.321,
2.3215,
2.322,
2.3225000000000002,
2.323,
2.3235,
2.324,
2.3245,
2.325,
2.3255,
2.326,
2.3265000000000002,
2.327,
2.3275,
2.328,
2.3285,
2.329,
2.3295,
2.33,
2.3305000000000002,
2.331,
2.3315,
2.332,
2.3325,
2.333,
2.3335,
2.334,
2.3345000000000002,
2.335,
2.3355,
2.336,
2.3365,
2.337,
2.3375,
2.338,
2.3385000000000002,
2.339,
2.3395,
2.34,
2.3405,
2.341,
2.3415,
2.342,
2.3425000000000002,
2.343,
2.3435,
2.344,
2.3445,
2.345,
2.3455,
2.346,
2.3465000000000003,
2.347,
2.3475,
2.348,
2.3485,
2.349,
2.3495,
2.35,
2.3505000000000003,
2.351,
2.3515,
2.352,
2.3525,
2.353,
2.3535,
2.354,
2.3545000000000003,
2.355,
2.3555,
2.356,
2.3565,
2.357,
2.3575,
2.358,
2.3585000000000003,
2.359,
2.3595,
2.36,
2.3605,
2.361,
2.3615,
2.362,
2.3625000000000003,
2.363,
2.3635,
2.364,
2.3645,
2.365,
2.3655,
2.366,
2.3665000000000003,
2.367,
2.3675,
2.368,
2.3685,
2.369,
2.3695,
2.37,
2.3705,
2.371,
2.3715,
2.372,
2.3725,
2.373,
2.3735,
2.374,
2.3745,
2.375,
2.3755,
2.376,
2.3765,
2.3770000000000002,
2.3775,
2.378,
2.3785,
2.379,
2.3795,
2.38,
2.3805,
2.3810000000000002,
2.3815,
2.382,
2.3825,
2.383,
2.3835,
2.384,
2.3845,
2.3850000000000002,
2.3855,
2.386,
2.3865,
2.387,
2.3875,
2.388,
2.3885,
2.3890000000000002,
2.3895,
2.39,
2.3905,
2.391,
2.3915,
2.392,
2.3925,
2.3930000000000002,
2.3935,
2.394,
2.3945,
2.395,
2.3955,
2.396,
2.3965,
2.3970000000000002,
2.3975,
2.398,
2.3985,
2.399,
2.3995,
2.4,
2.4005,
2.4010000000000002,
2.4015,
2.402,
2.4025,
2.403,
2.4035,
2.404,
2.4045,
2.4050000000000002,
2.4055,
2.406,
2.4065,
2.407,
2.4075,
2.408,
2.4085,
2.4090000000000003,
2.4095,
2.41,
2.4105,
2.411,
2.4115,
2.412,
2.4125,
2.4130000000000003,
2.4135,
2.414,
2.4145,
2.415,
2.4155,
2.416,
2.4165,
2.4170000000000003,
2.4175,
2.418,
2.4185,
2.419,
2.4195,
2.42,
2.4205,
2.4210000000000003,
2.4215,
2.422,
2.4225,
2.423,
2.4235,
2.424,
2.4245,
2.4250000000000003,
2.4255,
2.426,
2.4265,
2.427,
2.4275,
2.428,
2.4285,
2.4290000000000003,
2.4295,
2.43,
2.4305,
2.431,
2.4315,
2.432,
2.4325,
2.433,
2.4335,
2.434,
2.4345,
2.435,
2.4355,
2.436,
2.4365,
2.437,
2.4375,
2.438,
2.4385,
2.439,
2.4395000000000002,
2.44,
2.4405,
2.441,
2.4415,
2.442,
2.4425,
2.443,
2.4435000000000002,
2.444,
2.4445,
2.445,
2.4455,
2.446,
2.4465,
2.447,
2.4475000000000002,
2.448,
2.4485,
2.449,
2.4495,
2.45,
2.4505,
2.451,
2.4515000000000002,
2.452,
2.4525,
2.453,
2.4535,
2.454,
2.4545,
2.455,
2.4555000000000002,
2.456,
2.4565,
2.457,
2.4575,
2.458,
2.4585,
2.459,
2.4595000000000002,
2.46,
2.4605,
2.461,
2.4615,
2.462,
2.4625,
2.463,
2.4635000000000002,
2.464,
2.4645,
2.465,
2.4655,
2.466,
2.4665,
2.467,
2.4675000000000002,
2.468,
2.4685,
2.469,
2.4695,
2.47,
2.4705,
2.471,
2.4715000000000003,
2.472,
2.4725,
2.473,
2.4735,
2.474,
2.4745,
2.475,
2.4755000000000003,
2.476,
2.4765,
2.477,
2.4775,
2.478,
2.4785,
2.479,
2.4795000000000003,
2.48,
2.4805,
2.481,
2.4815,
2.482,
2.4825,
2.483,
2.4835000000000003,
2.484,
2.4845,
2.485,
2.4855,
2.486,
2.4865,
2.487,
2.4875000000000003,
2.488,
2.4885,
2.489,
2.4895,
2.49,
2.4905,
2.491,
2.4915000000000003,
2.492,
2.4925,
2.493,
2.4935,
2.494,
2.4945,
2.495,
2.4955000000000003,
2.496,
2.4965,
2.497,
2.4975,
2.498,
2.4985,
2.499,
2.4995,
2.5,
2.5005,
2.501,
2.5015,
2.5020000000000002,
2.5025,
2.503,
2.5035,
2.504,
2.5045,
2.505,
2.5055,
2.5060000000000002,
2.5065,
2.507,
2.5075,
2.508,
2.5085,
2.509,
2.5095,
2.5100000000000002,
2.5105,
2.511,
2.5115,
2.512,
2.5125,
2.513,
2.5135,
2.5140000000000002,
2.5145,
2.515,
2.5155,
2.516,
2.5165,
2.517,
2.5175,
2.5180000000000002,
2.5185,
2.519,
2.5195,
2.52,
2.5205,
2.521,
2.5215,
2.5220000000000002,
2.5225,
2.523,
2.5235,
2.524,
2.5245,
2.525,
2.5255,
2.5260000000000002,
2.5265,
2.527,
2.5275,
2.528,
2.5285,
2.529,
2.5295,
2.5300000000000002,
2.5305,
2.531,
2.5315,
2.532,
2.5325,
2.533,
2.5335,
2.5340000000000003,
2.5345,
2.535,
2.5355,
2.536,
2.5365,
2.537,
2.5375,
2.5380000000000003,
2.5385,
2.539,
2.5395,
2.54,
2.5405,
2.541,
2.5415,
2.5420000000000003,
2.5425,
2.543,
2.5435,
2.544,
2.5445,
2.545,
2.5455,
2.5460000000000003,
2.5465,
2.547,
2.5475,
2.548,
2.5485,
2.549,
2.5495,
2.5500000000000003,
2.5505,
2.551,
2.5515,
2.552,
2.5525,
2.553,
2.5535,
2.5540000000000003,
2.5545,
2.555,
2.5555,
2.556,
2.5565,
2.557,
2.5575,
2.5580000000000003,
2.5585,
2.559,
2.5595,
2.56,
2.5605,
2.561,
2.5615,
2.562,
2.5625,
2.563,
2.5635,
2.564,
2.5645000000000002,
2.565,
2.5655,
2.566,
2.5665,
2.567,
2.5675,
2.568,
2.5685000000000002,
2.569,
2.5695,
2.57,
2.5705,
2.571,
2.5715,
2.572,
2.5725000000000002,
2.573,
2.5735,
2.574,
2.5745,
2.575,
2.5755,
2.576,
2.5765000000000002,
2.577,
2.5775,
2.578,
2.5785,
2.579,
2.5795,
2.58,
2.5805000000000002,
2.581,
2.5815,
2.582,
2.5825,
2.583,
2.5835,
2.584,
2.5845000000000002,
2.585,
2.5855,
2.586,
2.5865,
2.587,
2.5875,
2.588,
2.5885000000000002,
2.589,
2.5895,
2.59,
2.5905,
2.591,
2.5915,
2.592,
2.5925000000000002,
2.593,
2.5935,
2.594,
2.5945,
2.595,
2.5955,
2.596,
2.5965000000000003,
2.597,
2.5975,
2.598,
2.5985,
2.599,
2.5995,
2.6,
2.6005000000000003,
2.601,
2.6015,
2.602,
2.6025,
2.603,
2.6035,
2.604,
2.6045000000000003,
2.605,
2.6055,
2.606,
2.6065,
2.607,
2.6075,
2.608,
2.6085000000000003,
2.609,
2.6095,
2.61,
2.6105,
2.611,
2.6115,
2.612,
2.6125000000000003,
2.613,
2.6135,
2.614,
2.6145,
2.615,
2.6155,
2.616,
2.6165000000000003,
2.617,
2.6175,
2.618,
2.6185,
2.619,
2.6195,
2.62,
2.6205000000000003,
2.621,
2.6215,
2.622,
2.6225,
2.623,
2.6235,
2.624,
2.6245,
2.625,
2.6255,
2.626,
2.6265,
2.6270000000000002,
2.6275,
2.628,
2.6285,
2.629,
2.6295,
2.63,
2.6305,
2.6310000000000002,
2.6315,
2.632,
2.6325,
2.633,
2.6335,
2.634,
2.6345,
2.6350000000000002,
2.6355,
2.636,
2.6365,
2.637,
2.6375,
2.638,
2.6385,
2.6390000000000002,
2.6395,
2.64,
2.6405,
2.641,
2.6415,
2.642,
2.6425,
2.6430000000000002,
2.6435,
2.644,
2.6445,
2.645,
2.6455,
2.646,
2.6465,
2.6470000000000002,
2.6475,
2.648,
2.6485,
2.649,
2.6495,
2.65,
2.6505,
2.6510000000000002,
2.6515,
2.652,
2.6525,
2.653,
2.6535,
2.654,
2.6545,
2.6550000000000002,
2.6555,
2.656,
2.6565,
2.657,
2.6575,
2.658,
2.6585,
2.6590000000000003,
2.6595,
2.66,
2.6605,
2.661,
2.6615,
2.662,
2.6625,
2.6630000000000003,
2.6635,
2.664,
2.6645,
2.665,
2.6655,
2.666,
2.6665,
2.6670000000000003,
2.6675,
2.668,
2.6685,
2.669,
2.6695,
2.67,
2.6705,
2.6710000000000003,
2.6715,
2.672,
2.6725,
2.673,
2.6735,
2.674,
2.6745,
2.6750000000000003,
2.6755,
2.676,
2.6765,
2.677,
2.6775,
2.678,
2.6785,
2.6790000000000003,
2.6795,
2.68,
2.6805,
2.681,
2.6815,
2.682,
2.6825,
2.6830000000000003,
2.6835,
2.684,
2.6845,
2.685,
2.6855,
2.686,
2.6865,
2.6870000000000003,
2.6875,
2.688,
2.6885,
2.689,
2.6895000000000002,
2.69,
2.6905,
2.691,
2.6915,
2.692,
2.6925,
2.693,
2.6935000000000002,
2.694,
2.6945,
2.695,
2.6955,
2.696,
2.6965,
2.697,
2.6975000000000002,
2.698,
2.6985,
2.699,
2.6995,
2.7,
2.7005,
2.701,
2.7015000000000002,
2.702,
2.7025,
2.703,
2.7035,
2.704,
2.7045,
2.705,
2.7055000000000002,
2.706,
2.7065,
2.707,
2.7075,
2.708,
2.7085,
2.709,
2.7095000000000002,
2.71,
2.7105,
2.711,
2.7115,
2.712,
2.7125,
2.713,
2.7135000000000002,
2.714,
2.7145,
2.715,
2.7155,
2.716,
2.7165,
2.717,
2.7175000000000002,
2.718,
2.7185,
2.719,
2.7195,
2.72,
2.7205,
2.721,
2.7215000000000003,
2.722,
2.7225,
2.723,
2.7235,
2.724,
2.7245,
2.725,
2.7255000000000003,
2.726,
2.7265,
2.727,
2.7275,
2.728,
2.7285,
2.729,
2.7295000000000003,
2.73,
2.7305,
2.731,
2.7315,
2.732,
2.7325,
2.733,
2.7335000000000003,
2.734,
2.7345,
2.735,
2.7355,
2.736,
2.7365,
2.737,
2.7375000000000003,
2.738,
2.7385,
2.739,
2.7395,
2.74,
2.7405,
2.741,
2.7415000000000003,
2.742,
2.7425,
2.743,
2.7435,
2.744,
2.7445,
2.745,
2.7455000000000003,
2.746,
2.7465,
2.747,
2.7475,
2.748,
2.7485,
2.749,
2.7495000000000003,
2.75,
2.7505,
2.751,
2.7515,
2.7520000000000002,
2.7525,
2.753,
2.7535,
2.754,
2.7545,
2.755,
2.7555,
2.7560000000000002,
2.7565,
2.757,
2.7575,
2.758,
2.7585,
2.759,
2.7595,
2.7600000000000002,
2.7605,
2.761,
2.7615,
2.762,
2.7625,
2.763,
2.7635,
2.7640000000000002,
2.7645,
2.765,
2.7655,
2.766,
2.7665,
2.767,
2.7675,
2.7680000000000002,
2.7685,
2.769,
2.7695,
2.77,
2.7705,
2.771,
2.7715,
2.7720000000000002,
2.7725,
2.773,
2.7735,
2.774,
2.7745,
2.775,
2.7755,
2.7760000000000002,
2.7765,
2.777,
2.7775,
2.778,
2.7785,
2.779,
2.7795,
2.7800000000000002,
2.7805,
2.781,
2.7815,
2.782,
2.7825,
2.783,
2.7835,
2.7840000000000003,
2.7845,
2.785,
2.7855,
2.786,
2.7865,
2.787,
2.7875,
2.7880000000000003,
2.7885,
2.789,
2.7895,
2.79,
2.7905,
2.791,
2.7915,
2.7920000000000003,
2.7925,
2.793,
2.7935,
2.794,
2.7945,
2.795,
2.7955,
2.7960000000000003,
2.7965,
2.797,
2.7975,
2.798,
2.7985,
2.799,
2.7995,
2.8000000000000003,
2.8005,
2.801,
2.8015,
2.802,
2.8025,
2.803,
2.8035,
2.8040000000000003,
2.8045,
2.805,
2.8055,
2.806,
2.8065,
2.807,
2.8075,
2.8080000000000003,
2.8085,
2.809,
2.8095,
2.81,
2.8105,
2.811,
2.8115,
2.8120000000000003,
2.8125,
2.813,
2.8135,
2.814,
2.8145000000000002,
2.815,
2.8155,
2.816,
2.8165,
2.817,
2.8175,
2.818,
2.8185000000000002,
2.819,
2.8195,
2.82,
2.8205,
2.821,
2.8215,
2.822,
2.8225000000000002,
2.823,
2.8235,
2.824,
2.8245,
2.825,
2.8255,
2.826,
2.8265000000000002,
2.827,
2.8275,
2.828,
2.8285,
2.829,
2.8295,
2.83,
2.8305000000000002,
2.831,
2.8315,
2.832,
2.8325,
2.833,
2.8335,
2.834,
2.8345000000000002,
2.835,
2.8355,
2.836,
2.8365,
2.837,
2.8375,
2.838,
2.8385000000000002,
2.839,
2.8395,
2.84,
2.8405,
2.841,
2.8415,
2.842,
2.8425000000000002,
2.843,
2.8435,
2.844,
2.8445,
2.845,
2.8455,
2.846,
2.8465000000000003,
2.847,
2.8475,
2.848,
2.8485,
2.849,
2.8495,
2.85,
2.8505000000000003,
2.851,
2.8515,
2.852,
2.8525,
2.853,
2.8535,
2.854,
2.8545000000000003,
2.855,
2.8555,
2.856,
2.8565,
2.857,
2.8575,
2.858,
2.8585000000000003,
2.859,
2.8595,
2.86,
2.8605,
2.861,
2.8615,
2.862,
2.8625000000000003,
2.863,
2.8635,
2.864,
2.8645,
2.865,
2.8655,
2.866,
2.8665000000000003,
2.867,
2.8675,
2.868,
2.8685,
2.869,
2.8695,
2.87,
2.8705000000000003,
2.871,
2.8715,
2.872,
2.8725,
2.873,
2.8735,
2.874,
2.8745000000000003,
2.875,
2.8755,
2.876,
2.8765,
2.8770000000000002,
2.8775,
2.878,
2.8785000000000003,
2.879,
2.8795,
2.88,
2.8805,
2.8810000000000002,
2.8815,
2.882,
2.8825,
2.883,
2.8835,
2.884,
2.8845,
2.8850000000000002,
2.8855,
2.886,
2.8865,
2.887,
2.8875,
2.888,
2.8885,
2.8890000000000002,
2.8895,
2.89,
2.8905,
2.891,
2.8915,
2.892,
2.8925,
2.8930000000000002,
2.8935,
2.894,
2.8945,
2.895,
2.8955,
2.896,
2.8965,
2.8970000000000002,
2.8975,
2.898,
2.8985,
2.899,
2.8995,
2.9,
2.9005,
2.9010000000000002,
2.9015,
2.902,
2.9025,
2.903,
2.9035,
2.904,
2.9045,
2.9050000000000002,
2.9055,
2.906,
2.9065,
2.907,
2.9075,
2.908,
2.9085,
2.9090000000000003,
2.9095,
2.91,
2.9105,
2.911,
2.9115,
2.912,
2.9125,
2.9130000000000003,
2.9135,
2.914,
2.9145,
2.915,
2.9155,
2.916,
2.9165,
2.9170000000000003,
2.9175,
2.918,
2.9185,
2.919,
2.9195,
2.92,
2.9205,
2.9210000000000003,
2.9215,
2.922,
2.9225,
2.923,
2.9235,
2.924,
2.9245,
2.9250000000000003,
2.9255,
2.926,
2.9265,
2.927,
2.9275,
2.928,
2.9285,
2.9290000000000003,
2.9295,
2.93,
2.9305,
2.931,
2.9315,
2.932,
2.9325,
2.9330000000000003,
2.9335,
2.934,
2.9345,
2.935,
2.9355,
2.936,
2.9365,
2.9370000000000003,
2.9375,
2.938,
2.9385,
2.939,
2.9395000000000002,
2.94,
2.9405,
2.9410000000000003,
2.9415,
2.942,
2.9425,
2.943,
2.9435000000000002,
2.944,
2.9445,
2.945,
2.9455,
2.946,
2.9465,
2.947,
2.9475000000000002,
2.948,
2.9485,
2.949,
2.9495,
2.95,
2.9505,
2.951,
2.9515000000000002,
2.952,
2.9525,
2.953,
2.9535,
2.954,
2.9545,
2.955,
2.9555000000000002,
2.956,
2.9565,
2.957,
2.9575,
2.958,
2.9585,
2.959,
2.9595000000000002,
2.96,
2.9605,
2.961,
2.9615,
2.962,
2.9625,
2.963,
2.9635000000000002,
2.964,
2.9645,
2.965,
2.9655,
2.966,
2.9665,
2.967,
2.9675000000000002,
2.968,
2.9685,
2.969,
2.9695,
2.97,
2.9705,
2.971,
2.9715000000000003,
2.972,
2.9725,
2.973,
2.9735,
2.974,
2.9745,
2.975,
2.9755000000000003,
2.976,
2.9765,
2.977,
2.9775,
2.978,
2.9785,
2.979,
2.9795000000000003,
2.98,
2.9805,
2.981,
2.9815,
2.982,
2.9825,
2.983,
2.9835000000000003,
2.984,
2.9845,
2.985,
2.9855,
2.986,
2.9865,
2.987,
2.9875000000000003,
2.988,
2.9885,
2.989,
2.9895,
2.99,
2.9905,
2.991,
2.9915000000000003,
2.992,
2.9925,
2.993,
2.9935,
2.994,
2.9945,
2.995,
2.9955000000000003,
2.996,
2.9965,
2.997,
2.9975,
2.998,
2.9985,
2.999,
2.9995000000000003,
3.0,
