lam_um,f,e
4.900400095357327,3.48404030514595e-05,1.1455204839674268e-05
4.902400095357327,3.127298245911841e-05,1.1238607227539797e-05
4.904400095357326,-1.6133753817563185e-06,1.1872981756263837e-05
4.906400095357326,3.717731330288753e-05,1.2239339104572575e-05
4.908400095357326,2.8201387352895015e-05,1.073149092159787e-05
4.910400095357326,5.932686910507751e-05,1.169003265962295e-05
4.9124000953573255,4.5238546553670536e-05,1.122675525560807e-05
4.914400095357325,5.3073425620797875e-05,1.1909735744890604e-05
4.916400095357325,9.733930398563212e-06,1.1069131698888818e-05
4.918400095357325,3.37139173263641e-05,1.1530569887753663e-05
4.920400095357325,4.129327204121116e-05,1.327355119087702e-05
4.922400095357324,3.6473805172164146e-05,1.1082327806640415e-05
4.924400095357324,4.168056717946618e-05,1.246610176755479e-05
4.926400095357324,1.967460283791459e-05,1.1654834401390738e-05
4.928400095357324,-6.564336241090807e-06,1.3329999931396106e-05
4.9304000953573235,2.011190430160914e-05,1.1565841557982645e-05
4.932400095357323,4.73956445902907e-06,1.1516171303467914e-05
4.934400095357323,2.4812123731595034e-05,1.2537040891849037e-05
4.936400095357323,7.478178481543808e-06,1.0980472250394778e-05
4.938400095357323,8.67042710469569e-06,1.2094862124125199e-05
4.940400095357322,1.8616619972240893e-06,1.1521462935057867e-05
4.942400095357322,6.347705660732382e-05,1.1834049730853703e-05
4.944400095357322,5.248419175323263e-05,1.1404105355882357e-05
4.946400095357322,7.099712044971417e-05,1.122431816086132e-05
4.9484000953573215,3.785264908852229e-05,1.2583997294254123e-05
4.950400095357321,1.3989260884714969e-05,1.1158992467280007e-05
4.952400095357321,1.3779817025786852e-05,1.1142729730183985e-05
4.954400095357321,1.3005212618584351e-05,1.2010737286185615e-05
4.956400095357321,6.352177472749021e-05,1.119828207015016e-05
4.95840009535732,5.93411703216305e-07,1.2636800503751067e-05
4.96040009535732,-3.6405735738250036e-05,1.2219987644735797e-05
4.96240009535732,4.836699776619106e-05,1.177508408892577e-05
4.96440009535732,4.154733469744711e-05,1.1946336462265208e-05
4.9664000953573195,5.326477303019679e-05,1.0520089568581887e-05
4.968400095357319,3.1137559660949586e-05,1.2452237794766998e-05
4.970400095357319,2.341442877806279e-05,1.1294268663901241e-05
4.972400095357319,2.292456592716199e-05,1.1689105786281947e-05
4.974400095357319,3.205063942034412e-05,1.1657772575233321e-05
4.976400095357318,3.893480878325374e-05,1.0901980376742e-05
4.978400095357318,-5.356049519920387e-06,1.2402492151149792e-05
4.980400095357318,3.368421587945943e-06,1.0310392061827683e-05
4.982400095357318,3.9306928299839565e-05,1.1646434682671949e-05
4.9844000953573175,2.9275250782449267e-05,1.2112960520873254e-05
4.986400095357317,6.955813223662707e-05,1.1093636428719211e-05
4.988400095357317,2.7136044593392275e-05,1.1779030820114586e-05
4.990400095357317,3.581089422374947e-05,1.1093538155141007e-05
4.992400095357317,3.10378837298837e-05,1.2027515751217108e-05
4.994400095357316,1.1456354446121577e-05,1.1527957013972868e-05
4.996400095357316,-4.081924946038631e-06,1.064572666032246e-05
4.998400095357316,5.994121832161576e-06,1.2283156070806153e-05
5.000400095357316,4.5585406051662805e-05,1.1551602719460116e-05
5.002400095357316,2.4433064539142908e-05,1.096438971013859e-05
5.004400095357315,4.224121515482866e-05,1.1561479410020393e-05
5.006400095357315,3.738077320470682e-05,1.1307993444767114e-05
5.008400095357315,2.9212815192336507e-05,1.1590775375242695e-05
5.010400095357315,9.746135529816844e-05,1.0858716059709897e-05
5.0124000953573145,5.9543852799450654e-05,1.1106684977292546e-05
5.014400095357314,6.584729341660038e-05,1.1580182932927406e-05
5.016400095357314,1.1802658026548465e-05,1.0756795941174831e-05
5.018400095357314,2.912819729434262e-05,1.0900315728673802e-05
5.020400095357314,4.947523770727947e-05,1.1219181190298182e-05
5.022400095357313,7.379259631842491e-05,1.1348455990756195e-05
5.024400095357313,6.638471955804156e-05,1.0654894055383661e-05
5.026400095357313,6.183348738472785e-05,1.0694828634766231e-05
5.028400095357313,3.3785631245564605e-05,1.1807687516827009e-05
5.0304000953573125,6.417384125920182e-05,1.1032578861855771e-05
5.032400095357312,4.5751967670856506e-05,1.0643033840646093e-05
5.034400095357312,4.1755239622483405e-05,1.1665384460190667e-05
5.036400095357312,7.775248579166274e-05,1.0933302905147666e-05
5.038400095357312,3.9004908452789836e-05,1.1699298237844388e-05
5.040400095357311,4.7715413902601523e-05,1.0841230038145579e-05
5.042400095357311,6.314048909550532e-05,1.0964148823216265e-05
5.044400095357311,3.229658616214965e-05,1.2528305232805037e-05
5.046400095357311,6.555290640717131e-05,1.0263405044148454e-05
5.0484000953573105,0.00011617486905062255,1.098680858013529e-05
5.05040009535731,3.370456784948165e-05,1.2152981426527655e-05
5.05240009535731,5.4803016837516824e-05,1.0543487937537645e-05
5.05440009535731,6.197033230347874e-05,1.1419778210723417e-05
5.05640009535731,7.861392461314306e-05,1.11272043976242e-05
5.058400095357309,5.597215981197242e-05,1.1316734601613592e-05
5.060400095357309,2.1003172405457063e-05,1.210768639405706e-05
5.062400095357309,8.610638299159267e-05,1.0739251615849141e-05
5.064400095357309,8.486250506776673e-05,1.1695009530485998e-05
5.0664000953573085,6.885797330035133e-05,1.2160254620081057e-05
5.068400095357308,5.500488964366637e-05,1.1240430190027883e-05
5.070400095357308,6.618142010323595e-05,1.152823259278526e-05
5.072400095357308,4.1731790831363805e-05,1.1905575920471217e-05
5.074400095357308,6.234613632489265e-05,1.3023016308406876e-05
5.076400095357307,5.900031114151473e-05,1.1647925915307105e-05
5.078400095357307,3.096476871352665e-05,1.1213072519646256e-05
5.080400095357307,5.86172400463799e-05,1.3229959489315655e-05
5.082400095357307,4.606798209045309e-05,1.1530815139777673e-05
5.0844000953573065,4.783337234627836e-05,1.140663915149165e-05
5.086400095357306,1.2197054316234065e-05,1.2696044780044475e-05
5.088400095357306,5.858869891180835e-05,1.110381410161762e-05
5.090400095357306,4.662979327259503e-05,1.2406166024767237e-05
5.092400095357306,5.8401181438557685e-05,1.2276199959750513e-05
5.094400095357305,6.972603321358191e-05,1.0841049867120766e-05
5.096400095357305,5.583771762755176e-05,1.3425066621847219e-05
5.098400095357305,4.1970663665941945e-05,1.215977603516652e-05
5.100400095357305,5.015529397982988e-05,1.0519396646247054e-05
5.1024000953573045,5.8651027112927305e-05,1.314877639460971e-05
5.104400095357304,3.985730047199084e-05,1.2499638251171105e-05
5.106400095357304,5.298111976888551e-05,1.120063352551061e-05
5.108400095357304,6.580464590584972e-05,1.2471779374525908e-05
5.110400095357304,1.9000485864236994e-05,1.2477377660136326e-05
5.112400095357303,4.837812648116787e-05,1.2254406304338371e-05
5.114400095357303,2.2798903116406004e-05,1.2490025633433912e-05
5.116400095357303,9.142266121319813e-05,1.2241659850080546e-05
5.118400095357303,3.8952618847405757e-05,1.2714591715254139e-05
5.120400095357303,7.382675188795502e-05,1.2434720634222402e-05
5.122400095357302,5.846116595597121e-05,1.2231498660041474e-05
5.124400095357302,4.102782816914961e-05,1.2590411758179527e-05
5.126400095357302,7.161950690171473e-05,1.2661410143380385e-05
5.128400095357302,6.851394520092145e-05,1.3795508626900183e-05
5.1304000953573015,6.36660217434219e-05,1.2810331922918598e-05
5.132400095357301,5.494751174525186e-05,1.2342535389041065e-05
5.134400095357301,5.1795517965110664e-05,1.4202024926666646e-05
5.136400095357301,6.463630097058736e-05,1.3739059147834349e-05
5.138400095357301,5.194857572852126e-05,1.2199253851725803e-05
5.1404000953573,4.2787853732132524e-05,1.3465399149533716e-05
5.1424000953573,-5.866188275552796e-06,1.4807079813296038e-05
5.1444000953573,2.0545349188771172e-06,1.300334371235545e-05
5.1464000953573,6.538644393564813e-05,1.3184160833614184e-05
5.1484000953572995,2.068872132139033e-05,1.4575783692411291e-05
5.150400095357299,6.0716233746411434e-05,1.4065792868116214e-05
5.152400095357299,3.912717394946672e-05,1.3656520010130413e-05
5.154400095357299,3.299632706353154e-05,1.3949229539060747e-05
5.156400095357299,4.2727302288609725e-05,1.4137137470968637e-05
5.158400095357298,4.978839993583334e-05,1.4354286847377372e-05
5.160400095357298,8.955278151151467e-05,1.4466977193953277e-05
5.162400095357298,4.303804078750656e-05,1.4134469074553499e-05
5.164400095357298,5.478209508391293e-05,1.413828514599541e-05
5.1664000953572975,3.0021530187445185e-06,1.4769760518368266e-05
5.168400095357297,2.87813377841777e-05,1.4945040469262158e-05
5.170400095357297,0.00010329571535466876,1.433990545425756e-05
5.172400095357297,4.838822305063674e-05,1.605212203382536e-05
5.174400095357297,3.273165952312633e-05,1.5492464882152715e-05
5.176400095357296,4.183083611379503e-05,1.411256895440363e-05
5.178400095357296,3.0018240296119645e-05,1.3061172655596215e-05
5.180400095357296,7.632751806645902e-05,1.5222753660720021e-05
5.182400095357296,7.918021831957864e-05,1.5328609296525976e-05
5.1844000953572955,4.763001740283467e-05,1.3001487321192846e-05
5.186400095357295,5.999380155079217e-05,1.3404820324808337e-05
5.188400095357295,9.85566906546045e-05,1.5497182215223146e-05
5.190400095357295,9.539203412305686e-05,1.4770241770234776e-05
5.192400095357295,1.2942126930645957e-05,1.2700723800017975e-05
5.194400095357294,2.5844635685938145e-05,1.4493228647332064e-05
5.196400095357294,2.800135216718651e-05,1.4569571460764067e-05
5.198400095357294,4.858521124243963e-05,1.3756010511297812e-05
5.200400095357294,1.1330007452892319e-05,1.3853330171226167e-05
5.2024000953572935,7.680837436750709e-05,1.4439259180423522e-05
5.204400095357293,4.032658105661467e-05,1.393686706597751e-05
5.206400095357293,7.469921419801043e-05,1.382614823390204e-05
5.208400095357293,7.601974754581783e-05,1.3983712611590886e-05
5.210400095357293,5.973805371750275e-05,1.352496739566375e-05
5.212400095357292,2.7977256499279515e-05,1.3657268678339217e-05
5.214400095357292,7.711650429369606e-06,1.3874122007994917e-05
5.216400095357292,3.1902389497488665e-05,1.3493702262053018e-05
5.218400095357292,3.705581421955413e-05,1.3019184201532198e-05
5.2204000953572915,4.247202183772059e-05,1.426050527675037e-05
5.222400095357291,5.342883148018894e-05,1.3919350614622781e-05
5.224400095357291,1.916054019839638e-05,1.2915869834832826e-05
5.226400095357291,2.7828330147821054e-05,1.3174654443630059e-05
5.228400095357291,6.924905865010727e-05,1.392499384853653e-05
5.2304000953572904,1.9341863716248188e-05,1.3935583081869891e-05
5.23240009535729,6.227693484795938e-05,1.247544383216513e-05
5.23440009535729,5.6671432084347136e-05,1.3185742946070728e-05
5.23640009535729,1.939217947326782e-05,1.3793451693444434e-05
5.23840009535729,-3.5033998507932687e-06,1.381721635751763e-05
5.240400095357289,5.644936541210431e-05,1.2551905697110873e-05
5.242400095357289,2.410180588016538e-05,1.2867365501185794e-05
5.244400095357289,1.7441988168319352e-05,1.4156695841867543e-05
5.246400095357289,5.266117995375569e-05,1.4002453946647888e-05
5.2484000953572885,5.326295930091607e-05,1.2617892363004333e-05
5.250400095357288,6.655988660435918e-05,1.2517771526082582e-05
5.252400095357288,1.0980847341404463e-05,1.3875473633280143e-05
5.254400095357288,4.0365561999001194e-05,1.392693169432498e-05
5.256400095357288,4.834824424525614e-05,1.2737418808916516e-05
5.258400095357287,1.605862997373213e-05,1.2413153845359911e-05
5.260400095357287,6.199586734237582e-05,1.418340691384554e-05
5.262400095357287,9.024452848323455e-05,1.4305342799681342e-05
5.264400095357287,0.00010974814883488977,1.2970967097655689e-05
5.2664000953572865,3.064196381350168e-05,1.2053976572990653e-05
5.268400095357286,5.254021689332669e-05,1.3612388285804496e-05
5.270400095357286,1.9849851937162722e-05,1.4664627659752027e-05
5.272400095357286,3.245613261731452e-05,1.2951729066617665e-05
5.274400095357286,-3.294149636609355e-06,1.2236087969268847e-05
5.276400095357285,3.1554660635407486e-05,1.3605933432719612e-05
5.278400095357285,2.389509844329569e-05,1.566782094874081e-05
5.280400095357285,3.6010090138860036e-05,1.365508804315824e-05
5.282400095357285,9.53770458600627e-05,1.2503636676673871e-05
5.2844000953572845,6.90513904058365e-05,1.4001790704928306e-05
5.286400095357284,8.294758271740602e-05,1.5020096030596503e-05
5.288400095357284,6.099864890863992e-05,1.4565933329857414e-05
5.290400095357284,5.7900813453779594e-05,1.208639833935121e-05
5.292400095357284,3.314343649693481e-05,1.2275354890819692e-05
5.294400095357283,3.616619111986328e-06,1.3878401878388239e-05
5.296400095357283,3.5625346039775385e-05,1.3941244601794295e-05
5.298400095357283,3.7859327554886905e-05,1.2287421045382038e-05
5.300400095357283,3.331069666337397e-05,1.2286124799041763e-05
5.3024000953572825,5.326750882607161e-05,1.3275457771325043e-05
5.304400095357282,2.535733490429881e-05,1.3067870640991153e-05
5.306400095357282,4.631742390006689e-05,1.271690069264439e-05
5.308400095357282,3.563085257152493e-05,1.2069534445552703e-05
5.310400095357282,3.579538009006761e-05,1.33922720113118e-05
5.312400095357281,3.2874412859882353e-05,1.2664484286330567e-05
5.314400095357281,7.626157734318939e-05,1.2119537189433292e-05
5.316400095357281,3.989144432506907e-05,1.2289720825556759e-05
5.318400095357281,3.0348458278706153e-05,1.311216742121389e-05
5.3204000953572805,1.7871978022457646e-05,1.3169644584740627e-05
5.32240009535728,3.801719655701314e-05,1.1431826708021582e-05
5.32440009535728,2.7250728252921144e-05,1.1938543046036771e-05
5.32640009535728,4.305991714137194e-05,1.3407720858727294e-05
5.32840009535728,5.798933825703373e-05,1.3433076305832285e-05
5.330400095357279,6.2738391711648e-05,1.1768274961754274e-05
5.332400095357279,7.525301700444861e-05,1.1070338663671206e-05
5.334400095357279,3.3528275179140875e-05,1.2903727384404438e-05
5.336400095357279,1.3653021849014493e-05,1.4103119855404583e-05
5.3384000953572786,2.8768817545556392e-05,1.2320635964996947e-05
5.340400095357278,2.9561528676479656e-05,1.1122222762248295e-05
5.342400095357278,6.688074954771174e-05,1.1623042897849209e-05
5.344400095357278,5.238530536719699e-05,1.3687671880933932e-05
5.346400095357278,4.378686785542361e-05,1.3273697453461304e-05
5.3484000953572775,6.497953313552493e-05,1.1715122407401917e-05
5.350400095357277,4.204767888019026e-05,1.1561311997966608e-05
5.352400095357277,-5.832801663011307e-06,1.2376784029811309e-05
5.354400095357277,8.484704157192693e-05,1.3426513224311926e-05
5.356400095357277,5.088098875436126e-05,1.3017882830958453e-05
5.358400095357276,3.088973501647598e-05,1.233774785018967e-05
5.360400095357276,5.071718429992617e-05,1.2103260882831023e-05
5.362400095357276,7.184070109028395e-05,1.2705179442082615e-05
5.364400095357276,5.905454805202904e-05,1.3003350584484824e-05
5.3664000953572755,6.374946919190277e-05,1.241601919363079e-05
5.368400095357275,4.910663616043827e-05,1.299857357500883e-05
5.370400095357275,3.362752903535094e-05,1.274447936064838e-05
5.372400095357275,6.028610168447472e-05,1.23087193111101e-05
5.374400095357275,4.781966653498269e-05,1.2321056593071715e-05
5.376400095357274,0.000128996061287269,1.2381125473195633e-05
5.378400095357274,6.31205187021706e-05,1.2740862343998108e-05
5.380400095357274,7.658203514160671e-05,1.2816900589313992e-05
5.382400095357274,4.4723487547200364e-05,1.316514393782569e-05
5.3844000953572735,9.303891612746455e-05,1.302252124495386e-05
5.386400095357273,6.452112569051716e-05,1.1987660296828925e-05
5.388400095357273,2.568042071307085e-05,1.1900093474536191e-05
5.390400095357273,2.968737491511261e-05,1.268364983813511e-05
5.392400095357273,4.919137877135656e-05,1.3459136347556087e-05
5.394400095357272,4.5723819161697705e-05,1.3652435500265925e-05
5.396400095357272,8.048575695190483e-05,1.206368623229291e-05
5.398400095357272,5.348084736862402e-05,1.1315658984437621e-05
5.400400095357272,-9.098992052589486e-06,1.2801903511100292e-05
5.4024000953572715,4.3979224983774504e-05,1.3349312278377707e-05
5.404400095357271,1.9847889610563304e-05,1.2590035193487882e-05
5.406400095357271,9.224840277747632e-05,1.1964785732834508e-05
5.408400095357271,5.8339459020315706e-05,1.207905004244201e-05
5.410400095357271,2.44841612837322e-05,1.2663661819946784e-05
5.41240009535727,7.675685831096831e-05,1.3171721917071912e-05
5.41440009535727,6.268564740472752e-05,1.2534930876981011e-05
5.41640009535727,4.041884125493805e-05,1.1961502299630027e-05
5.41840009535727,3.904041175154631e-05,1.1883285286701246e-05
5.4204000953572695,4.6337887619404105e-05,1.2269074147130099e-05
5.422400095357269,5.3300912052654546e-05,1.2641724070127855e-05
5.424400095357269,2.461599851776523e-05,1.24043141846347e-05
5.426400095357269,4.670517230833022e-05,1.2578066136893864e-05
5.428400095357269,7.34849619426701e-05,1.2709526204926081e-05
5.430400095357268,5.785616259654059e-05,1.1636281425809228e-05
5.432400095357268,7.181787625788589e-05,1.14855967134817e-05
5.434400095357268,5.7093668241933804e-05,1.2414259630149152e-05
5.436400095357268,2.92534830413633e-05,1.2566630938663821e-05
5.4384000953572675,6.696166636062422e-05,1.2808216571717006e-05
5.440400095357267,5.913380369725257e-05,1.2438446759270666e-05
5.442400095357267,7.315819110055548e-05,1.2423841641494011e-05
5.444400095357267,7.710809025010972e-05,1.2756567244779664e-05
5.446400095357267,5.6410307647179355e-05,1.1945523322855472e-05
5.448400095357266,7.593679800247267e-05,1.1067752434325959e-05
5.450400095357266,3.220827770370102e-05,1.1375534454512643e-05
5.452400095357266,2.7814925521928985e-05,1.2830850008996008e-05
5.454400095357266,5.553765590876053e-05,1.3381539691589798e-05
5.456400095357266,-2.43300022802112e-05,1.2983760315696477e-05
5.458400095357265,1.2185305499872901e-05,1.2821026243105624e-05
5.460400095357265,2.0982277188892993e-05,1.2518250108996313e-05
5.462400095357265,5.829585578045222e-05,1.2119749004404037e-05
5.464400095357265,5.990068402444757e-05,1.1568259139844738e-05
5.4664000953572645,5.009126219095556e-05,1.1940462854837024e-05
5.468400095357264,-2.9733377001578547e-05,1.2953070756741543e-05
5.470400095357264,1.871278263750857e-05,1.340709550986295e-05
5.472400095357264,2.543239390080772e-05,1.345774554690848e-05
5.474400095357264,4.780951995959768e-05,1.2858062611704649e-05
5.476400095357263,8.710484928706839e-06,1.2595768528358176e-05
5.478400095357263,2.0574380108270668e-05,1.3028402876180487e-05
5.480400095357263,5.218528620613164e-05,1.3295630559904166e-05
5.482400095357263,5.9162584573990404e-05,1.258285185339342e-05
5.4844000953572625,3.218486245090468e-05,1.2284428423110552e-05
5.486400095357262,5.422345983851107e-05,1.2546129121851738e-05
5.488400095357262,4.443375053662417e-05,1.2623622842474986e-05
5.490400095357262,7.329631426087578e-05,1.2410768490757267e-05
5.492400095357262,5.4438813790556334e-05,1.2537223200528737e-05
5.494400095357261,3.354655334602248e-05,1.3502230345302838e-05
5.496400095357261,2.8282685617036822e-05,1.4679980384640267e-05
5.498400095357261,4.4145423578807844e-05,1.3830431995697491e-05
5.500400095357261,9.537813790736267e-05,1.2866652679018154e-05
5.5024000953572605,2.3164607098239858e-05,1.2746900055149466e-05
5.50440009535726,3.689175364984873e-05,1.3138156207263264e-05
5.50640009535726,2.843278538379831e-05,1.2948366954664323e-05
5.50840009535726,7.201573853363714e-05,1.2630291929421362e-05
5.51040009535726,1.3218378320772387e-05,1.3281151597703751e-05
5.512400095357259,6.233454379788555e-05,1.3607192999083171e-05
5.514400095357259,3.799519735742706e-05,1.3848223961750551e-05
5.516400095357259,2.90144066870346e-05,1.3664307524075544e-05
5.518400095357259,6.41305320897469e-06,1.3504364284907882e-05
5.5204000953572585,6.964731042841366e-06,1.3618718893118187e-05
5.522400095357258,3.471747276393889e-05,1.3826873381934365e-05
5.524400095357258,3.1851436046786105e-05,1.356312581592098e-05
5.526400095357258,3.5531078189418145e-05,1.290785045054178e-05
5.528400095357258,0.0001120587225813699,1.2796049295362821e-05
5.530400095357257,6.49821546696568e-05,1.3540874169432939e-05
5.532400095357257,4.907621616226103e-05,1.3374161982383118e-05
5.534400095357257,2.713426621181213e-05,1.2915364211171805e-05
5.536400095357257,6.800516585111101e-05,1.2386510413961166e-05
5.5384000953572565,4.178834347627438e-05,1.2894934065406345e-05
5.540400095357256,5.7685476759149406e-05,1.3227948431908212e-05
5.542400095357256,8.782366352931747e-05,1.3218636493054436e-05
5.544400095357256,0.00011635506354781097,1.3219993333563738e-05
5.546400095357256,9.740212588928312e-05,1.3579707801148905e-05
5.548400095357255,-3.2563628898690476e-06,1.4252211560910748e-05
5.550400095357255,0.00015487324892385243,1.4437511745923622e-05
5.552400095357255,0.00010266394380559228,1.4231432550583377e-05
5.554400095357255,0.00010406943241496746,1.3812327155288008e-05
5.5564000953572545,1.5809951938149124e-05,1.3930871038271747e-05
5.558400095357254,6.0658309102684245e-05,1.449996114143772e-05
5.560400095357254,5.4686147579001236e-05,1.3647773511921576e-05
5.562400095357254,7.298363984106115e-05,1.3114346501220174e-05
5.564400095357254,8.236747958661834e-05,1.2850906412348313e-05
5.566400095357253,4.715962648991707e-05,1.3411740339633532e-05
5.568400095357253,9.295006707070626e-05,1.3191302732422661e-05
5.570400095357253,6.083455176570303e-06,1.2231051970483728e-05
5.572400095357253,3.4003644308092996e-05,1.21098479306044e-05
5.574400095357253,5.914849578168937e-05,1.2707333212555156e-05
5.576400095357252,5.437396322648264e-05,1.3678021383958943e-05
5.578400095357252,6.33535838991807e-05,1.3514613533525648e-05
5.580400095357252,4.0721590334828694e-05,1.3092751575854272e-05
5.582400095357252,2.839858463965426e-05,1.377475828485417e-05
5.5844000953572515,4.7823183404196214e-05,1.4723409701895173e-05
5.586400095357251,3.103028093632677e-05,1.4545017526712861e-05
5.588400095357251,6.298340478987796e-05,1.3779087910131712e-05
5.590400095357251,4.526837941150547e-05,1.3639084555369072e-05
5.592400095357251,1.8212516342011964e-05,1.4137765833304901e-05
5.59440009535725,5.712732616229587e-05,1.409117552906587e-05
5.59640009535725,0.00010129460199837476,1.3587822942422619e-05
5.59840009535725,4.423989066603079e-05,1.337509470452873e-05
5.60040009535725,3.500960088685007e-05,1.2753730558020762e-05
5.6024000953572495,8.601556878396323e-05,1.3326273639171937e-05
5.604400095357249,7.047328610560191e-05,1.3330433452388839e-05
5.606400095357249,2.19734561866635e-05,1.2865388570577623e-05
5.608400095357249,3.917385240886564e-05,1.2638229801341616e-05
5.610400095357249,7.5853990173975e-05,1.3804447932287294e-05
5.612400095357248,6.267859081784152e-05,1.4317831026654946e-05
5.614400095357248,6.460554856631097e-05,1.3688283986926589e-05
5.616400095357248,8.52517067733119e-05,1.3238139861712358e-05
5.618400095357248,2.443113407394539e-05,1.4009972944692012e-05
5.6204000953572475,9.433985154626333e-06,1.50766225272896e-05
5.622400095357247,2.634571172815719e-05,1.5347932340733064e-05
5.624400095357247,9.377106266518806e-05,1.4293340941630114e-05
5.626400095357247,1.3358492082441333e-05,1.4192066794502101e-05
5.628400095357247,7.554299517416417e-05,1.4887887703805647e-05
5.630400095357246,1.2158293978136815e-05,1.587457899871361e-05
5.632400095357246,2.866246359147339e-05,1.491916760741981e-05
5.634400095357246,6.149529472373222e-05,1.4103972514262258e-05
5.636400095357246,1.3297750559735807e-06,1.4559740833770317e-05
5.6384000953572455,4.1283035884493406e-05,1.5023450091650895e-05
5.640400095357245,4.3393101028732915e-05,1.4517278922729196e-05
5.642400095357245,2.4700789224110402e-05,1.3896061668240754e-05
5.644400095357245,1.1584850848953365e-05,1.3116403134070012e-05
5.646400095357245,2.405900992221001e-05,1.3750309062532879e-05
5.648400095357244,4.05502221974295e-05,1.4284385555311658e-05
5.650400095357244,1.6544794401436095e-05,1.414574061869845e-05
5.652400095357244,3.420934262450593e-05,1.3431904780359586e-05
5.654400095357244,5.4683075551554065e-05,1.3348790335056004e-05
5.6564000953572435,8.155364903299244e-05,1.3998510218919362e-05
5.658400095357243,9.087548660335521e-05,1.4898738474837108e-05
5.660400095357243,3.726504395896738e-05,7.864654340576966e-06
5.662400095357243,4.838708817187675e-05,7.437226580221654e-06
5.664400095357243,4.126033218656878e-05,7.094200826106251e-06
5.666400095357242,6.628267319454156e-05,7.125569844845754e-06
5.668400095357242,4.920536183143656e-05,7.4691951291262714e-06
5.670400095357242,5.7051118042471387e-05,7.583511307444229e-06
5.672400095357242,3.397099911998151e-05,6.994953112850766e-06
5.6744000953572415,5.745380912523052e-05,6.86614382145896e-06
5.676400095357241,5.1595880338770174e-05,7.122963221772369e-06
5.678400095357241,5.424211826142899e-05,7.508467636892407e-06
5.680400095357241,7.764576245744827e-05,7.299313729335922e-06
5.682400095357241,2.5397441502965285e-05,7.1872023814375735e-06
5.6844000953572404,2.4846587475645203e-05,7.144933870892441e-06
5.68640009535724,3.264546358766312e-05,7.018338400227157e-06
5.68840009535724,4.3093123307277944e-05,6.987887424620736e-06
5.69040009535724,4.5145295542039716e-05,7.006203107795066e-06
5.69240009535724,3.666159153471639e-05,7.015424508701246e-06
5.694400095357239,4.584049446593287e-05,6.761807710356262e-06
5.696400095357239,5.1952361936974776e-05,6.830848301256226e-06
5.698400095357239,6.10127407920741e-05,7.199630515743185e-06
5.700400095357239,5.035810886975822e-05,7.093962512342238e-06
5.7024000953572385,2.4115436252267582e-05,7.052243714244891e-06
5.704400095357238,4.282854050266602e-05,7.06851788121901e-06
5.706400095357238,5.232671875149934e-05,7.482052779877236e-06
5.708400095357238,6.106659915717274e-05,7.707267157149182e-06
5.710400095357238,7.66714904968489e-05,7.288937772270104e-06
5.712400095357237,9.526614631683146e-05,7.124666235665807e-06
5.714400095357237,4.951646126243078e-05,7.396636649192519e-06
5.716400095357237,5.7252965033820494e-05,7.365820872157082e-06
5.718400095357237,6.824721199944648e-05,7.334908446687577e-06
5.7204000953572365,6.002995392571908e-05,7.357136198135776e-06
5.722400095357236,5.833884569713352e-05,7.493939911698766e-06
5.724400095357236,5.725720199329606e-05,7.0795842281092485e-06
5.726400095357236,3.453333917131726e-05,7.74824753244909e-06
5.728400095357236,3.879629311351819e-05,7.876360483335277e-06
5.730400095357235,7.704092126183603e-05,7.229236093724176e-06
5.732400095357235,5.778576777276829e-05,7.0721981597950035e-06
5.734400095357235,5.957794495485104e-05,7.702375714474145e-06
5.736400095357235,8.194447322891345e-05,7.855939420753776e-06
5.7384000953572345,3.37577199670373e-05,7.460186268468489e-06
5.740400095357234,4.139256523532701e-05,8.59295473009818e-06
5.742400095357234,3.5845841610803475e-05,8.482291525436344e-06
5.744400095357234,4.1570508413129844e-05,8.518700306153725e-06
5.746400095357234,6.263213313746859e-05,9.07123104918469e-06
5.748400095357233,3.9582606362058866e-05,9.444101716912403e-06
5.750400095357233,3.566499505366541e-05,8.408345926557178e-06
5.752400095357233,4.89851821826875e-05,8.42152224215459e-06
5.754400095357233,3.6796458644885544e-05,9.441547438444482e-06
5.7564000953572325,6.71726542756545e-05,9.309308924084003e-06
5.758400095357232,8.705004884887928e-05,8.885472901280042e-06
5.760400095357232,5.58836292904267e-05,8.819120713433428e-06
5.762400095357232,5.7871945890125796e-05,8.759726369013884e-06
5.764400095357232,3.607391308024127e-05,9.061971166770228e-06
5.766400095357231,5.465844391330412e-05,9.902945639632586e-06
5.768400095357231,5.815473840530907e-05,9.064286220904476e-06
5.770400095357231,4.3194952701258236e-05,8.832995125574274e-06
5.772400095357231,5.9581728304217984e-05,9.542063312565815e-06
5.7744000953572305,8.792293159800368e-05,9.798873514254673e-06
5.77640009535723,7.581261049513985e-05,9.432730064549627e-06
5.77840009535723,6.739370359258502e-05,9.794929879935337e-06
5.78040009535723,9.088439766819349e-05,8.990092350828647e-06
5.78240009535723,7.761181616849973e-05,9.115895717591903e-06
5.784400095357229,5.632953523508909e-05,1.0351175987827218e-05
5.786400095357229,9.841906469443071e-05,1.0114396467836327e-05
5.788400095357229,0.0001277869395861186,9.13505659616397e-06
5.790400095357229,0.0001090620959372877,1.0009498191642664e-05
5.7924000953572286,6.977920055762476e-05,9.9894951986365e-06
5.794400095357228,6.0190710319518934e-05,1.0172018575831525e-05
5.796400095357228,4.6443900535632754e-05,1.070963809103418e-05
5.798400095357228,5.2950035049278366e-05,9.890078970506707e-06
5.800400095357228,6.4931730330713e-05,9.230773066560223e-06
5.8024000953572274,9.24956157676759e-05,1.0205031445653135e-05
5.804400095357227,8.128455520353574e-05,1.0718131266681323e-05
5.806400095357227,7.229743098221194e-05,1.1041997110005292e-05
5.808400095357227,7.176859720250768e-05,1.1270013541402644e-05
5.810400095357227,8.462405549122813e-05,1.0047051794889172e-05
5.812400095357226,5.951017794877078e-05,1.041331093534192e-05
5.814400095357226,0.00010671648382021437,1.1186311304402511e-05
5.816400095357226,5.162409085028368e-05,1.040254785335916e-05
5.818400095357226,7.721547702543638e-05,9.898846797852078e-06
5.8204000953572255,7.515182755917636e-05,1.040387824310069e-05
5.822400095357225,0.00010069870515658597,1.0105359630653586e-05
5.824400095357225,6.050612702656003e-05,1.0792420284975643e-05
5.826400095357225,6.672521399396977e-05,1.117123251815097e-05
5.828400095357225,2.9885204955761265e-05,9.933591711665559e-06
5.830400095357224,7.482919734104394e-05,9.59040496811992e-06
5.832400095357224,7.03083146889456e-05,1.0779433841499006e-05
5.834400095357224,5.65362118128051e-05,1.0807502942390293e-05
5.836400095357224,8.823543811202764e-05,1.0748169334050269e-05
5.8384000953572235,5.741265015767857e-05,1.0368678249863367e-05
5.840400095357223,7.831800729412723e-05,9.919374188118219e-06
5.842400095357223,2.324703396471493e-05,9.958055003540725e-06
5.844400095357223,6.231755831779353e-05,1.1439631060005411e-05
5.846400095357223,4.774047442335089e-05,1.1248945095769031e-05
5.848400095357222,6.46331266364282e-05,1.0109652072499288e-05
5.850400095357222,8.06273212123477e-05,1.0176303029137858e-05
5.852400095357222,7.984172840562752e-05,1.0873509768199045e-05
5.854400095357222,8.429127541873716e-05,1.0415328205355215e-05
5.8564000953572215,8.415732507790828e-05,1.0728708686584681e-05
5.858400095357221,5.464965692450237e-05,1.0770775353292728e-05
5.860400095357221,3.8530285382835966e-05,8.833678917857129e-06
5.862400095357221,6.219762190071876e-05,1.065223920521727e-05
5.864400095357221,3.486752615780135e-05,1.1619684661859508e-05
5.86640009535722,6.790445649351923e-05,1.022903779686422e-05
5.86840009535722,0.00010051870707299774,1.1163078473052144e-05
5.87040009535722,4.722131279117268e-05,1.0221770999702022e-05
5.87240009535722,7.209152379611832e-05,8.911405462456395e-06
5.8744000953572195,4.8620684291937674e-05,1.1944065598141874e-05
5.876400095357219,4.6375867098871514e-05,1.1383171552945448e-05
5.878400095357219,6.0168720126605554e-05,9.758660616603342e-06
5.880400095357219,7.052769968362367e-05,1.0885269003528654e-05
5.882400095357219,5.254340411894171e-05,1.002236538579119e-05
5.884400095357218,9.122211578402325e-05,1.0893210881935026e-05
5.886400095357218,8.674572947886703e-05,1.2020319407854568e-05
5.888400095357218,9.350501350230877e-05,9.964389007066632e-06
5.890400095357218,6.337002743389383e-05,1.0268418958962861e-05
5.8924000953572175,3.739262715468164e-05,1.0697260154170017e-05
5.894400095357217,4.761210147515812e-05,1.0781488732933078e-05
5.896400095357217,4.6354658455816005e-05,1.1629311538414888e-05
5.898400095357217,7.995888346689367e-05,1.071708189987594e-05
5.900400095357217,3.901062862849839e-05,1.0289935357146752e-05
5.902400095357216,1.4849834696102111e-05,1.0498849123107383e-05
5.904400095357216,4.87937387864075e-05,1.1333925224558904e-05
5.906400095357216,4.3968763666448407e-05,1.195164436286013e-05
5.908400095357216,8.574142229706917e-05,1.0703093322270163e-05
5.9104000953572156,7.731627284768614e-05,1.075634662246758e-05
5.912400095357215,1.8236028664594244e-05,1.0918769040546483e-05
5.914400095357215,8.387927546626331e-06,1.0868329405644541e-05
5.916400095357215,2.0510337795167945e-05,1.3487704144094223e-05
5.918400095357215,5.655644360948333e-05,1.0999836175803995e-05
5.9204000953572145,3.6427077641398826e-05,1.0479411879515826e-05
5.922400095357214,2.6965404094079802e-05,1.1683599725464783e-05
5.924400095357214,7.720165309447941e-05,1.0135541547717718e-05
5.926400095357214,6.348785643274416e-05,1.2373387837580399e-05
5.928400095357214,0.00010544126985590575,1.310113974046363e-05
5.930400095357213,4.6343108276100386e-05,1.0220219812784081e-05
5.932400095357213,7.29071325855485e-05,1.210600543129766e-05
5.934400095357213,8.548135192868863e-05,1.0683987593106909e-05
5.936400095357213,5.608203324041331e-05,1.1486075185460202e-05
5.9384000953572125,4.903288013222517e-05,1.2511653118192384e-05
5.940400095357212,1.9874371788594008e-05,9.949711092809758e-06
5.942400095357212,4.5254335596051265e-05,1.1074847209856615e-05
5.944400095357212,4.958858308203384e-05,1.1529483391937028e-05
5.946400095357212,1.5271273011289208e-05,1.162363835211009e-05
5.948400095357211,2.3582810671348876e-05,1.3663267080755238e-05
5.950400095357211,5.851900573142957e-05,1.1369694249446903e-05
5.952400095357211,6.243026895773766e-05,1.0133561186720508e-05
5.954400095357211,4.68903128903416e-05,1.0181780100395058e-05
5.9564000953572105,4.3749517573252544e-05,1.0303161451618253e-05
5.95840009535721,3.701596031688724e-05,1.0754557816342202e-05
5.96040009535721,9.019518729413844e-05,1.0223539158618633e-05
5.96240009535721,6.87842017611245e-05,9.803780239457272e-06
5.96440009535721,5.628920350006236e-05,9.63266404304725e-06
5.966400095357209,2.7999234202400665e-05,1.0447804212977896e-05
5.968400095357209,9.70892553918749e-06,1.0306944855450135e-05
5.970400095357209,4.411034095920088e-05,1.0119767897470744e-05
5.972400095357209,6.619440632733552e-05,9.889171002817263e-06
5.9744000953572085,6.999963918842678e-05,9.79753793543572e-06
5.976400095357208,1.5675307855980645e-05,1.04469332996436e-05
5.978400095357208,6.297610039348549e-05,1.0468393346591332e-05
5.980400095357208,3.3010664915256607e-05,1.0080848281975276e-05
5.982400095357208,3.785112784305889e-05,9.766496991569155e-06
5.984400095357207,9.406553420945506e-05,9.220660370129937e-06
5.986400095357207,6.31046062607708e-05,1.0168042653489132e-05
5.988400095357207,1.3012978913707993e-05,1.0405411238877097e-05
5.990400095357207,2.3138892074010254e-05,1.0033501812803262e-05
5.9924000953572065,6.084995731248839e-05,1.0015533723049417e-05
5.994400095357206,8.208556500169056e-05,9.356768817275718e-06
5.996400095357206,8.793303202496967e-05,9.811846620876623e-06
5.998400095357206,5.594582814871218e-05,1.0385187582698348e-05
6.000400095357206,5.702460391260721e-05,1.023426364041986e-05
6.002400095357205,4.629984370534547e-05,1.0154396041476025e-05
6.004400095357205,3.514661748257713e-05,9.50175965847379e-06
6.006400095357205,5.923843600376624e-05,9.549815452557881e-06
6.008400095357205,0.00010787885071861545,1.0818910185119215e-05
6.0104000953572045,5.362462302830731e-05,1.0059114742254616e-05
6.012400095357204,5.772797608675088e-05,1.0411809192533911e-05
6.014400095357204,6.045978422568414e-05,1.0273213886327342e-05
6.016400095357204,4.195635912164281e-05,9.685910199666449e-06
6.018400095357204,9.472034323964927e-05,1.0887411452196284e-05
6.020400095357203,9.834004473837702e-05,1.048971718023701e-05
6.022400095357203,7.74073020102542e-05,1.1128030322776033e-05
6.024400095357203,6.336629376421845e-05,1.034789668382828e-05
6.026400095357203,-2.275440586752853e-06,9.790765143600904e-06
6.028400095357203,6.003510904007704e-05,1.031388597732598e-05
6.030400095357202,8.751952851311835e-05,1.057447214301913e-05
6.032400095357202,5.9242093014422614e-05,1.1368301019901866e-05
6.034400095357202,3.791894721506475e-05,1.0331991898139818e-05
6.036400095357202,2.911345550317658e-05,1.0186911943516213e-05
6.0384000953572015,7.02260806236316e-05,1.0026969209719084e-05
6.040400095357201,6.97102413496222e-05,1.0638208783646407e-05
6.042400095357201,5.0773569001842506e-05,1.138550536736593e-05
6.044400095357201,2.459289996411144e-05,1.0718633288743958e-05
6.046400095357201,7.45325030806941e-05,1.0611138711024128e-05
6.0484000953572,2.281420204373043e-05,1.0124818182651643e-05
6.0504000953572,1.281666463446713e-05,1.0570030543481603e-05
6.0524000953572,2.6008825714972233e-05,1.0619572704134819e-05
6.0544000953572,3.09566672330367e-05,1.0830512391967895e-05
6.0564000953571995,2.0601260563410303e-05,1.0377595752825072e-05
6.058400095357199,5.518279403914641e-05,9.78283990927788e-06
6.060400095357199,7.360809187123953e-05,1.0319863860091064e-05
6.062400095357199,5.9065704225640094e-05,1.0441894755229734e-05
6.064400095357199,5.452063819788933e-05,1.1347831057701865e-05
6.066400095357198,2.7235471467621446e-05,1.0423506867791095e-05
6.068400095357198,6.678004397296349e-05,1.0112172411510118e-05
6.070400095357198,7.035896273135536e-05,1.0171636293811526e-05
6.072400095357198,6.814372930572921e-05,1.0041556015338523e-05
6.0744000953571975,6.950766477053525e-05,1.1218678123029704e-05
6.076400095357197,7.98298011191584e-05,1.0103739981714543e-05
6.078400095357197,0.0001140831108578517,1.0248873049425484e-05
6.080400095357197,9.863318852321953e-05,9.92997327901148e-06
6.082400095357197,4.049109941894097e-05,1.001998666020975e-05
6.084400095357196,1.598486524779354e-06,1.1266812903442255e-05
6.086400095357196,5.253928195751332e-05,1.0543835844764657e-05
6.088400095357196,4.352765838112535e-05,1.100051106607943e-05
6.090400095357196,7.01147271312645e-05,9.574120908532406e-06
6.0924000953571955,3.485401292204992e-07,1.0656273397374285e-05
6.094400095357195,4.3672429549415295e-05,1.0570380258071649e-05
6.096400095357195,2.7871568969004125e-05,1.1624900774861986e-05
6.098400095357195,5.913799544609669e-05,1.063374419487185e-05
6.100400095357195,8.733009914407403e-05,9.943699450109105e-06
6.102400095357194,6.603596300137228e-05,9.777159229089147e-06
6.104400095357194,7.59463027188231e-05,9.716997066436386e-06
6.106400095357194,7.131415010771448e-05,1.0499364028584016e-05
6.108400095357194,7.291065096558716e-05,9.950629714913944e-06
6.1104000953571935,7.802157364733901e-05,1.0096750866063648e-05
6.112400095357193,7.445986402871452e-05,9.467248405601684e-06
6.114400095357193,5.743644579848154e-05,9.631682809416826e-06
6.116400095357193,2.5815605269011495e-05,9.755431977995958e-06
6.118400095357193,5.240257131587888e-05,1.045183089839335e-05
6.120400095357192,9.526674735387988e-05,9.801530335699912e-06
6.122400095357192,5.8246618851899295e-05,9.788760817978718e-06
6.124400095357192,6.821064732489726e-05,8.913466110877167e-06
6.126400095357192,6.852936433516975e-05,9.704534409469116e-06
6.1284000953571915,4.855169357172729e-05,9.592908716039284e-06
6.130400095357191,4.171528509219549e-05,1.0266934248083144e-05
6.132400095357191,7.524801663967889e-05,9.302707516040694e-06
6.134400095357191,7.000029742038638e-05,9.378841006990647e-06
6.136400095357191,4.778051720487458e-05,8.788688220443096e-06
6.1384000953571904,0.00010004762204248086,9.947982311566295e-06
6.14040009535719,4.478531409677219e-05,9.568932451755122e-06
6.14240009535719,5.938780083620611e-05,9.808016156895608e-06
6.14440009535719,7.340246580569835e-05,8.799087087830301e-06
6.14640009535719,2.8847231621849698e-05,9.23187662096953e-06
6.148400095357189,3.623678034673222e-05,9.353345903811755e-06
6.150400095357189,1.680218634382011e-05,1.0090029571456728e-05
6.152400095357189,2.6307908550527846e-05,9.980705708682412e-06
6.154400095357189,7.171407604938154e-05,9.252805057626996e-06
6.1564000953571885,6.858687160350004e-05,9.254583619761945e-06
6.158400095357188,8.754172579490773e-05,9.005160125556092e-06
6.160400095357188,7.54190149115485e-05,1.0067775348227823e-05
6.162400095357188,5.784762874753335e-05,9.548885883843308e-06
6.164400095357188,1.704373457072808e-05,1.061533299504251e-05
6.166400095357187,5.573133037476983e-05,8.74399493217279e-06
6.168400095357187,6.293199330092251e-05,9.857905592994366e-06
6.170400095357187,7.783334007190146e-05,8.920311116495469e-06
6.172400095357187,8.133188032603932e-05,1.1148265328105389e-05
6.1744000953571865,6.649175473010171e-05,9.633193903165569e-06
6.176400095357186,7.080645705465652e-05,1.0446625493567322e-05
6.178400095357186,7.597957518159018e-05,8.711162374157377e-06
6.180400095357186,7.392088546373007e-05,1.0345907218062614e-05
6.182400095357186,5.4704305972810636e-05,9.06825776211518e-06
6.184400095357185,7.717936287418567e-05,1.0776012619322589e-05
6.186400095357185,6.283451768030317e-05,9.20563713758719e-06
6.188400095357185,2.8162205730450978e-05,9.973425580835668e-06
6.190400095357185,9.042376192323128e-05,8.791759146660494e-06
6.1924000953571845,7.467591295915066e-05,9.820783122167602e-06
6.194400095357184,0.0001243093384722289,9.647541441623333e-06
6.196400095357184,7.741408328273471e-05,1.0650098257230563e-05
6.198400095357184,6.768368654916307e-05,9.840200603371317e-06
6.200400095357184,5.99789581325111e-05,9.923324876656077e-06
6.202400095357183,7.37102397582642e-05,9.533252350820038e-06
6.204400095357183,8.387819130889909e-05,9.993231882594246e-06
6.206400095357183,4.970599249888998e-05,1.0099459198724504e-05
6.208400095357183,6.931080951943141e-05,1.0380523946391074e-05
6.2104000953571825,8.488235151733785e-05,1.0208576230591684e-05
6.212400095357182,9.92795583494019e-05,9.829965872093857e-06
6.214400095357182,8.830279193046456e-05,9.991737914309909e-06
6.216400095357182,9.821130114475299e-05,1.0311479051016834e-05
6.218400095357182,0.00011347537203622947,1.044076889411171e-05
6.220400095357181,9.240609914432727e-05,1.0156877148803973e-05
6.222400095357181,8.755094971065387e-05,9.744357137848393e-06
6.224400095357181,5.677723196867213e-05,9.283827455293866e-06
6.226400095357181,9.503283485440929e-05,1.010564043425375e-05
6.2284000953571805,5.965702612884162e-05,9.86001048702761e-06
6.23040009535718,7.277640116798278e-05,1.0467246003574475e-05
6.23240009535718,0.00010495967548216694,9.54048606463531e-06
6.23440009535718,7.49299256749732e-05,9.514787442442478e-06
6.23640009535718,6.02024673727549e-05,9.1264521120899e-06
6.238400095357179,6.944772942157563e-05,1.0455923258815522e-05
6.240400095357179,0.0001129438004691276,1.009049757442614e-05
6.242400095357179,8.77285635314244e-05,1.0204336255152246e-05
6.244400095357179,0.00011313967711983204,9.015857904563742e-06
6.2464000953571786,7.522343032639455e-05,9.580984297120506e-06
6.248400095357178,6.86935881993682e-05,9.17341349300415e-06
6.250400095357178,6.007277096535914e-05,1.0580901695327849e-05
6.252400095357178,8.644475292290157e-05,9.09329207886238e-06
6.254400095357178,5.0799103459979746e-05,1.0511516395450714e-05
6.2564000953571774,7.174406627337022e-05,8.220050277658082e-06
6.258400095357177,7.741098508502072e-05,9.921759706557151e-06
6.260400095357177,6.205375361947268e-05,8.551896758066784e-06
6.262400095357177,5.606944540055948e-05,1.0909113320095464e-05
6.264400095357177,6.0554445765206584e-05,9.363418295068826e-06
6.266400095357176,5.086922888629767e-05,1.0155274284758331e-05
6.268400095357176,0.00010896947532619223,8.051144020453467e-06
6.270400095357176,8.663944409569293e-05,9.753830894882721e-06
6.272400095357176,8.174832138830894e-05,8.846563534203307e-06
6.2744000953571755,9.7358239468133e-05,1.0131606829237687e-05
6.276400095357175,7.643278096078149e-05,9.68654576205218e-06
6.278400095357175,0.000107425959015592,9.552254099066445e-06
6.280400095357175,0.00011762766429959666,9.414080876345995e-06
6.282400095357175,9.151601293365393e-05,9.776731956411471e-06
6.284400095357174,0.00012855215666240545,1.0163552609743705e-05
6.286400095357174,0.00010725249701246104,1.017960781445408e-05
6.288400095357174,0.00011357063594288575,1.0203821682044696e-05
6.290400095357174,0.00010034016481094482,9.370802871515063e-06
6.2924000953571735,0.00016281054685841453,8.86463149373441e-06
6.294400095357173,0.00011563784981416311,9.837684126027368e-06
6.296400095357173,0.000122845131063213,9.138150179385418e-06
6.298400095357173,9.636673763154346e-05,1.0591740394967677e-05
6.300400095357173,6.410865950693243e-05,8.533968929391972e-06
6.302400095357172,0.00010399484656623359,1.0184879519278362e-05
6.304400095357172,8.86847958643244e-05,8.474540177854884e-06
6.306400095357172,0.00010599019906517662,1.0546233479284787e-05
6.308400095357172,0.00011578320111709742,9.35996351929975e-06
6.3104000953571715,9.17974060362564e-05,1.022935377582308e-05
6.312400095357171,8.082622789452362e-05,9.224972372667447e-06
6.314400095357171,9.346426186578216e-05,8.936819110377613e-06
6.316400095357171,8.877352282598495e-05,1.0146206970120083e-05
6.318400095357171,9.559904957132269e-05,9.643245528013228e-06
6.32040009535717,9.82403659133063e-05,1.1326924791681755e-05
6.32240009535717,7.869344237319339e-05,9.233933695485238e-06
6.32440009535717,6.413063829233e-05,1.0393479231886695e-05
6.32640009535717,8.664515635514348e-05,9.1817554430229e-06
6.3284000953571695,0.00012906927478323872,1.0255591101826385e-05
6.330400095357169,0.00010219008661895479,1.0385665755473228e-05
6.332400095357169,0.00010291321723657421,1.0365669300946008e-05
6.334400095357169,7.722802444617153e-05,1.080720582061642e-05
6.336400095357169,0.00011466291950800646,9.578759218747431e-06
6.338400095357168,7.92532512384461e-05,1.0285500991535426e-05
6.340400095357168,7.612390651191178e-05,1.0410283709307183e-05
6.342400095357168,9.847960968851901e-05,1.0785288038061968e-05
6.344400095357168,5.643480614559494e-05,1.0895855087265234e-05
6.3464000953571675,7.966980261099391e-05,1.017094753095533e-05
6.348400095357167,7.569584390501996e-05,9.66981846314943e-06
6.350400095357167,7.042025994134711e-05,9.730630397273765e-06
6.352400095357167,0.00010264146467167964,1.0087958337970485e-05
6.354400095357167,6.786338696051991e-05,1.0551856100441434e-05
6.356400095357166,8.142828670633652e-05,1.1200726749288764e-05
6.358400095357166,8.180285709732764e-05,1.0749159066009506e-05
6.360400095357166,0.00010857223180773982,9.47851081307723e-06
6.362400095357166,0.00012210483849306886,1.0086047617403647e-05
6.3644000953571656,8.174655216287041e-05,1.0183013501903853e-05
6.366400095357165,8.781268756609755e-05,1.0664520863539894e-05
6.368400095357165,0.00010113725220265458,1.0281672423341904e-05
6.370400095357165,8.269393303387e-05,9.887115988209958e-06
6.372400095357165,5.480935066184072e-05,9.816326830761789e-06
6.3744000953571645,7.757613845427847e-05,9.976225814416315e-06
6.376400095357164,4.771321475808764e-05,1.109980944382677e-05
6.378400095357164,4.744169006529628e-05,1.0397444220073763e-05
6.380400095357164,6.49015656873339e-05,1.1012744956749171e-05
6.382400095357164,3.6811577160523195e-05,9.826474018091567e-06
6.384400095357163,0.00012109944150270153,9.708183261258322e-06
6.386400095357163,8.749595715648458e-05,1.0064760716513296e-05
6.388400095357163,8.724620443506074e-05,1.025293994564782e-05
6.390400095357163,7.631616092138378e-05,1.0747009154543721e-05
6.3924000953571625,6.666753600842055e-05,1.02791009627228e-05
6.394400095357162,0.00012378313425548648,9.850665227073529e-06
6.396400095357162,0.00010921967061674315,9.637121792319739e-06
6.398400095357162,7.873158797857654e-05,9.81095230728989e-06
6.400400095357162,6.413720955660892e-05,1.0656842814538186e-05
6.402400095357161,6.712656172339194e-05,1.0590368228065195e-05
6.404400095357161,8.661075693668984e-05,9.993150879572263e-06
6.406400095357161,7.906691200793092e-05,9.989674177687066e-06
6.408400095357161,5.01993815128106e-05,9.238886153108504e-06
6.4104000953571605,9.165456036300438e-05,1.0209790948401877e-05
6.41240009535716,7.94786556204682e-05,1.0833749570760192e-05
6.41440009535716,5.465988363652625e-05,1.0011659116526313e-05
6.41640009535716,6.563960328697689e-05,1.0840625945545452e-05
6.41840009535716,5.270490440870521e-05,9.04927280996567e-06
6.420400095357159,6.626936160530394e-05,9.79583509229087e-06
6.422400095357159,2.9650758459357527e-05,1.012600001128706e-05
6.424400095357159,0.00010043462756950363,9.569911103258608e-06
6.426400095357159,5.6285243203871356e-05,1.1717990907001517e-05
6.4284000953571585,4.980138111412404e-05,9.552732996124346e-06
6.430400095357158,4.204944222536285e-05,1.006678962175702e-05
6.432400095357158,1.628740844060945e-05,1.0236884699038075e-05
6.434400095357158,5.240452329722631e-05,9.597176507488523e-06
6.436400095357158,4.993542816700567e-06,1.1524967278589016e-05
6.438400095357157,5.338075027733156e-05,1.0258743620639087e-05
6.440400095357157,5.720464628850954e-05,1.0465177087875402e-05
6.442400095357157,4.4262725504698734e-05,1.0138205176305797e-05
6.444400095357157,6.595772355636306e-05,9.453176766510039e-06
6.4464000953571565,3.764219124351139e-05,1.112453694053223e-05
6.448400095357156,6.198735313764814e-05,1.0350270674262315e-05
6.450400095357156,4.8524674562906006e-05,1.086001281373379e-05
6.452400095357156,3.8149591530839993e-05,1.042363829568744e-05
6.454400095357156,1.7520049305706177e-05,9.9795602775529e-06
6.456400095357155,7.432643837111178e-05,1.0287396184656206e-05
6.458400095357155,4.146567669858313e-05,1.066419581542106e-05
6.460400095357155,4.695969070717313e-05,1.1341634422025965e-05
6.462400095357155,5.9267724084427014e-05,1.143438659981281e-05
6.4644000953571545,8.352533118768106e-05,1.0548299448993869e-05
6.466400095357154,9.343480729789344e-05,1.0743525362903441e-05
6.468400095357154,4.812599622067061e-05,9.79435547016449e-06
6.470400095357154,8.811165268185883e-05,1.0931210779089735e-05
6.472400095357154,6.568153096125186e-05,1.2144758594388972e-05
6.474400095357153,7.108600653172597e-05,1.1107103785870749e-05
6.476400095357153,5.3280747270465624e-05,1.2505349675250044e-05
6.478400095357153,8.658920613007733e-05,1.0551610243090902e-05
6.480400095357153,4.8155322385145606e-05,1.0831070895126922e-05
6.482400095357153,9.429964557442574e-05,1.2014335774671756e-05
6.484400095357152,5.3628890203653273e-05,1.1098338960169314e-05
6.486400095357152,7.287930180171173e-05,1.1801129187729188e-05
6.488400095357152,6.977384991958036e-05,1.2460531889646076e-05
6.490400095357152,4.7993708507974796e-05,1.027799157954975e-05
6.4924000953571515,7.52884398579687e-05,1.0816897467516579e-05
6.494400095357151,5.1867045726600955e-05,1.1375717238840747e-05
6.496400095357151,7.38494489732104e-05,1.089522583162099e-05
6.498400095357151,3.915457543140603e-05,1.2440094060788319e-05
6.500400095357151,7.995804159169657e-05,1.2527559597228887e-05
6.50240009535715,6.926997288740981e-05,1.0525940587025062e-05
6.50440009535715,4.389603570478474e-05,1.1483020127586672e-05
6.50640009535715,3.5455751112232536e-05,1.1731401313413236e-05
6.50840009535715,7.98428139825907e-05,1.2343771279248891e-05
6.5104000953571495,5.735106401587255e-05,1.2628204872251208e-05
6.512400095357149,3.2991739605187813e-05,1.2385045618992053e-05
6.514400095357149,6.509855779211742e-05,1.1101045752416695e-05
6.516400095357149,3.919118662619275e-05,1.0918112198962897e-05
6.518400095357149,2.0709733830140074e-05,1.1314575946917353e-05
6.520400095357148,6.858931454671761e-05,1.1757485567370342e-05
6.522400095357148,7.953897872722261e-05,1.2484312277611202e-05
6.524400095357148,4.6347176087311286e-05,1.2704200890716718e-05
6.526400095357148,4.808772671634479e-05,1.1065037615279904e-05
6.5284000953571475,5.5098177198528074e-05,1.0910576486356579e-05
6.530400095357147,4.743126417266247e-05,1.1672398617931423e-05
6.532400095357147,8.043467390263551e-05,5.9749762784869e-06
6.534400095357147,6.900013558936909e-05,6.6727120540884484e-06
6.536400095357147,6.094204877537253e-05,6.7408292575009e-06
6.538400095357146,5.7300981770827027e-05,6.113937325865445e-06
6.540400095357146,8.509485455123469e-05,5.848348629462401e-06
6.542400095357146,9.285386769996368e-05,5.7721210482160005e-06
6.544400095357146,7.170772349858469e-05,5.9358449348326306e-06
6.5464000953571455,7.263127511378488e-05,6.437385598123129e-06
6.548400095357145,6.912568975654951e-05,6.788050507806932e-06
6.550400095357145,6.315929958649859e-05,6.1417652673630295e-06
6.552400095357145,5.435872932099676e-05,6.2661532174692955e-06
6.554400095357145,5.001132737118214e-05,5.888422040785999e-06
6.556400095357144,7.088898992261777e-05,6.018911016804853e-06
6.558400095357144,6.563007378699563e-05,6.514411236615543e-06
6.560400095357144,5.531111876690657e-05,6.8776278853290505e-06
6.562400095357144,6.301291473929471e-05,6.784991999363262e-06
6.5644000953571435,4.977965287249549e-05,6.212155223795564e-06
6.566400095357143,5.2959808958704446e-05,6.010217477256871e-06
6.568400095357143,5.4780741483062125e-05,6.148439326159726e-06
6.570400095357143,4.7093407745735265e-05,6.272365440214096e-06
6.572400095357143,4.5172605696849434e-05,6.657817454194079e-06
6.574400095357142,6.973763846082475e-05,6.689662587239802e-06
6.576400095357142,5.687457877197623e-05,6.104532468045814e-06
6.578400095357142,4.489643312683089e-05,5.859141759349346e-06
6.580400095357142,5.946155580631098e-05,5.610050294245823e-06
6.5824000953571415,6.01622728318871e-05,5.739583997869915e-06
6.584400095357141,4.816478455462401e-05,6.299030473904215e-06
6.586400095357141,6.549495101087051e-05,6.3113408600341714e-06
6.588400095357141,8.821229770296791e-05,6.192765130462508e-06
6.590400095357141,8.624593511825868e-05,5.947630177176049e-06
6.59240009535714,7.040408704959189e-05,5.70277193927568e-06
6.59440009535714,6.438462170286455e-05,5.958839441497843e-06
6.59640009535714,7.342248066339848e-05,6.477780657155865e-06
6.59840009535714,4.8782301785417546e-05,6.48479000334145e-06
6.60040009535714,6.38931783676065e-05,6.327089722569124e-06
6.602400095357139,7.29956819508915e-05,6.00740989653387e-06
6.604400095357139,8.816762977176809e-05,5.740012475899937e-06
6.606400095357139,4.248386704925564e-05,5.783534184896514e-06
6.608400095357139,7.329193426320502e-05,5.95853873577451e-06
6.6104000953571385,6.655803924497467e-05,6.21739586413279e-06
6.612400095357138,5.790171838956856e-05,5.997930287837855e-06
6.614400095357138,7.13617534418895e-05,5.795053067553756e-06
6.616400095357138,4.8797812017003145e-05,5.477718542213519e-06
6.618400095357138,7.155888808393352e-05,5.1424224037409185e-06
6.620400095357137,6.847971300685338e-05,5.447786403580077e-06
6.622400095357137,6.633413608740025e-05,5.608566736758902e-06
6.624400095357137,5.334985334063692e-05,5.953004488603535e-06
6.626400095357137,8.588863037857463e-05,5.83615964118604e-06
6.6284000953571365,6.593652825856526e-05,5.537014634745072e-06
6.630400095357136,8.542223056891274e-05,6.403253319273817e-06
6.632400095357136,6.913744220304575e-05,6.534027942740129e-06
6.634400095357136,4.340629936149548e-05,6.865380542596162e-06
6.636400095357136,5.755755544479379e-05,6.920722285993579e-06
6.638400095357135,4.757010120875138e-05,7.123597281200295e-06
6.640400095357135,6.493983458781457e-05,6.905021515809024e-06
6.642400095357135,5.028804092512024e-05,6.26802770256353e-06
6.644400095357135,9.889293919667699e-05,6.122950393546959e-06
6.6464000953571345,0.00012202616252200668,6.34813310360624e-06
6.648400095357134,6.313276942741668e-05,7.02589988627365e-06
6.650400095357134,5.3277562490761676e-05,7.452484843353042e-06
6.652400095357134,8.542366331862358e-05,7.767732187230495e-06
6.654400095357134,8.150860811466891e-05,7.411150887379223e-06
6.656400095357133,5.894111488537796e-05,6.887667087190701e-06
6.658400095357133,6.575811611103687e-05,6.773507335982309e-06
6.660400095357133,5.0460939593175035e-05,6.926416869344384e-06
6.662400095357133,5.140328834720213e-05,7.13648326908204e-06
6.6644000953571325,5.1222789152327664e-05,7.448227634130924e-06
6.666400095357132,4.319589068803245e-05,6.873107967945131e-06
6.668400095357132,4.9367328175798165e-05,6.46485787017701e-06
6.670400095357132,7.548083441236687e-05,6.878176350744002e-06
6.672400095357132,5.147425931840958e-05,7.1031923612731255e-06
6.674400095357131,7.289954298295064e-05,7.9489227539885e-06
6.676400095357131,7.253132626376164e-05,7.978818486370535e-06
6.678400095357131,8.026864980767965e-05,7.675622783292253e-06
6.680400095357131,7.092437945258811e-05,7.1961212386203514e-06
6.6824000953571305,4.7027921401739854e-05,6.44665103861931e-06
6.68440009535713,6.423196637786006e-05,6.5562633743176405e-06
6.68640009535713,6.329717573999108e-05,7.069887330015097e-06
6.68840009535713,7.235564364829038e-05,7.578006102594156e-06
6.69040009535713,0.00010240729291711729,7.847434866929004e-06
6.692400095357129,6.895066010185116e-05,7.621548504667948e-06
6.694400095357129,8.22280249068582e-05,7.1935299027303305e-06
6.696400095357129,8.168996124230108e-05,6.486667497706098e-06
6.698400095357129,7.678176336329789e-05,6.5683174764361e-06
6.7004000953571285,9.359377454459923e-05,7.0828718892204416e-06
6.702400095357128,5.38372700139296e-05,7.406634948984566e-06
6.704400095357128,7.277240593558678e-05,7.963098226377242e-06
6.706400095357128,6.197569336784773e-05,8.289801030716909e-06
6.708400095357128,9.52316904121379e-05,7.068400047442427e-06
6.7104000953571274,7.592881841739488e-05,7.217380015643214e-06
6.712400095357127,9.690147218065799e-05,7.235142392850764e-06
6.714400095357127,0.00013155927239970512,7.697434907725614e-06
6.716400095357127,9.422826793427444e-05,7.5531472605886714e-06
6.718400095357127,7.178491537034334e-05,6.899004328989974e-06
6.720400095357126,6.113651943954377e-05,6.773122482896933e-06
6.722400095357126,9.61981486456156e-05,5.950517537064508e-06
6.724400095357126,7.290341263119381e-05,6.5295562115838655e-06
6.726400095357126,9.749030825252023e-05,7.54432440348521e-06
6.7284000953571255,0.00011310928299296488,7.97849180375236e-06
6.730400095357125,6.467680526023798e-05,8.453477962320948e-06
6.732400095357125,0.00010189650301615849,7.360368816928432e-06
6.734400095357125,6.765310292097574e-05,7.0053783018879555e-06
6.736400095357125,4.103183523968805e-05,6.6471365445993654e-06
6.738400095357124,6.141976530080183e-05,6.362885716825761e-06
6.740400095357124,8.479775159834314e-05,7.120862977008537e-06
6.742400095357124,7.626158024303837e-05,7.181397020121826e-06
6.744400095357124,7.158535946331728e-05,7.520366989287068e-06
6.7464000953571235,9.012891276356182e-05,7.658537773412514e-06
6.748400095357123,4.6205901726231704e-05,6.949425305153806e-06
6.750400095357123,9.875406051501711e-05,6.597473097540533e-06
6.752400095357123,9.419178016370758e-05,6.70136292997425e-06
6.754400095357123,5.784979148553032e-05,7.287786320422799e-06
6.756400095357122,7.314845263301046e-05,7.666911172528685e-06
6.758400095357122,7.831089251484457e-05,8.2675690382619e-06
6.760400095357122,6.976979087822923e-05,7.603505079016165e-06
6.762400095357122,7.525539970580906e-05,6.834795046271906e-06
6.7644000953571215,9.87243275566992e-05,6.549963468561905e-06
6.766400095357121,8.108800212414616e-05,6.3564054080891044e-06
6.768400095357121,8.143565702703625e-05,7.023502457228289e-06
6.770400095357121,8.562819318362125e-05,7.266983164254322e-06
6.772400095357121,7.081924868823937e-05,7.318306848427999e-06
6.77440009535712,7.377467132952877e-05,7.3132510847145925e-06
6.77640009535712,8.553032798548433e-05,6.909745353007925e-06
6.77840009535712,5.550477792839574e-05,7.33877629683431e-06
6.78040009535712,8.687722552831857e-05,7.072551979464895e-06
6.7824000953571195,9.07206477833069e-05,7.169055108799607e-06
6.784400095357119,0.00010073231115743184,7.38181779270064e-06
6.786400095357119,0.00011611133040517406,6.546670738960877e-06
6.788400095357119,7.486475613999988e-05,6.702084656825704e-06
6.790400095357119,5.512982767509402e-05,6.850662828145073e-06
6.792400095357118,7.629208782664473e-05,7.2658764873408225e-06
6.794400095357118,9.656632839523644e-05,8.311764206175487e-06
6.796400095357118,6.494798536234153e-05,8.093851545268886e-06
6.798400095357118,5.906785843186785e-05,8.004459909112043e-06
6.8004000953571175,8.042415533160202e-05,7.221100005934774e-06
6.802400095357117,7.007448530517947e-05,6.4116968039894585e-06
6.804400095357117,7.925635742304361e-05,6.3963242202574475e-06
6.806400095357117,8.060047191612659e-05,6.60991244372726e-06
6.808400095357117,9.95533257751066e-05,7.3658223666545946e-06
6.810400095357116,7.769983833844427e-05,8.196920555718062e-06
6.812400095357116,0.00010394919186908828,7.74046956740221e-06
6.814400095357116,8.197027801743666e-05,7.414828924457534e-06
6.816400095357116,8.421327672264607e-05,6.675404744615703e-06
6.8184000953571156,7.809783648626449e-05,6.434758424875211e-06
6.820400095357115,9.634215740633408e-05,7.077846834360702e-06
6.822400095357115,6.687925123477725e-05,7.882893880264048e-06
6.824400095357115,7.265116864064464e-05,8.107357289393103e-06
6.826400095357115,9.817379065372023e-05,7.871808207184379e-06
6.8284000953571145,8.337178595884907e-05,7.534897314141942e-06
6.830400095357114,8.879305362787581e-05,7.273372667631236e-06
6.832400095357114,9.672254814020926e-05,7.010130681509373e-06
6.834400095357114,0.00011083538279879024,7.663110462454436e-06
6.836400095357114,9.820058327188865e-05,8.031313833782338e-06
6.838400095357113,0.00012389615171382056,8.24211698740034e-06
6.840400095357113,8.258233905140974e-05,7.967944536496068e-06
6.842400095357113,0.00011474918817597926,7.283134649056249e-06
6.844400095357113,0.00012649056726329644,7.125215113971349e-06
6.8464000953571125,0.0001370564432133273,7.131189220705954e-06
6.848400095357112,0.00012712463106745014,7.751546382152156e-06
6.850400095357112,0.00012353547836468895,8.779447863897291e-06
6.852400095357112,0.00010428764916285673,8.580661724970716e-06
6.854400095357112,7.829690181528244e-05,8.24495453434465e-06
6.856400095357111,5.588057121354351e-05,7.51626338001006e-06
6.858400095357111,8.09951806360673e-05,7.167625835122237e-06
6.860400095357111,9.203980045162263e-05,7.280675560544148e-06
6.862400095357111,8.489476203568251e-05,8.005293201467854e-06
6.8644000953571105,8.092372525099394e-05,8.465051360401227e-06
6.86640009535711,0.00010772622367632021,8.7147201066105e-06
6.86840009535711,9.407181706211615e-05,8.065249212120776e-06
6.87040009535711,7.132734868032297e-05,7.548954108494941e-06
6.87240009535711,8.315310895212439e-05,7.280380974960421e-06
6.874400095357109,0.00011293470884676626,7.263210181965066e-06
6.876400095357109,7.818313558553316e-05,7.859808263376967e-06
6.878400095357109,9.138118324918988e-05,8.590387842325871e-06
6.880400095357109,8.189901143368048e-05,8.76857651414683e-06
6.8824000953571085,4.872875027473594e-05,8.502134872830433e-06
6.884400095357108,6.974699941876577e-05,7.947094680191655e-06
6.886400095357108,6.282945282885338e-05,7.284559280132854e-06
6.888400095357108,9.744934767331416e-05,7.377729669410137e-06
6.890400095357108,0.00012974476011749593,8.40434764488226e-06
6.892400095357107,0.0001038733326616107,8.972280723676575e-06
6.894400095357107,8.945086595251902e-05,9.716367015964481e-06
6.896400095357107,9.588912582160204e-05,8.898735150426942e-06
6.898400095357107,7.410898529088979e-05,8.068241818253196e-06
6.9004000953571065,7.467916231763068e-05,7.392179279470054e-06
6.902400095357106,7.653661826299135e-05,7.328897941238652e-06
6.904400095357106,8.625766161417002e-05,8.263804919881169e-06
6.906400095357106,0.00011172600683292204,9.58798981668071e-06
6.908400095357106,0.00010737914650601174,9.50834992300893e-06
6.910400095357105,0.00011022890953773719,9.009434117072015e-06
6.912400095357105,9.641439564059373e-05,8.209294564280098e-06
6.914400095357105,8.828487187246874e-05,7.5627051633467234e-06
6.916400095357105,8.793411516559409e-05,8.1906872617068e-06
6.9184000953571045,6.574104991886793e-05,9.575615194612092e-06
6.920400095357104,8.295089850794662e-05,9.688257194154389e-06
6.922400095357104,0.00010129805582978969,9.315921185655748e-06
6.924400095357104,8.601406989132624e-05,9.561125565397817e-06
6.926400095357104,0.00013112238532630784,8.975302260650848e-06
6.928400095357103,0.0001299535826626614,8.816164420067717e-06
6.930400095357103,9.380122691189012e-05,8.922472121624795e-06
6.932400095357103,0.00010064237081771756,8.725125224002302e-06
6.934400095357103,0.00013548883092782932,8.891389302840183e-06
6.936400095357103,0.00011610949039130572,9.295405012535813e-06
6.938400095357102,0.00010408017522729523,9.011875702880434e-06
6.940400095357102,9.58364667659485e-05,8.788354280636774e-06
6.942400095357102,9.61552646447176e-05,8.599741212205808e-06
6.944400095357102,8.208785709271471e-05,8.05174749169192e-06
6.9464000953571015,8.919939131911684e-05,7.982762494005016e-06
6.948400095357101,9.63170642867078e-05,8.78025615862145e-06
6.950400095357101,5.103472877882887e-05,9.570878712137905e-06
6.952400095357101,6.616805391917309e-05,9.66550844657996e-06
6.954400095357101,6.973704916367874e-05,9.399055074421658e-06
6.9564000953571,0.00010156819694737646,8.392382203923748e-06
6.9584000953571,7.611702810949646e-05,7.908960157467739e-06
6.9604000953571,0.00013336517072690964,8.448652059021962e-06
6.9624000953571,0.0001142859320605871,9.372841553398005e-06
6.9644000953570995,0.00010300240239736474,9.693102587733527e-06
6.966400095357099,9.724397454106509e-05,9.374628102563362e-06
6.968400095357099,0.00011915081560231772,9.039821709723989e-06
6.970400095357099,0.00011812994383153789,8.455455709860274e-06
6.972400095357099,7.856379109157555e-05,8.492653946465082e-06
6.974400095357098,0.000117381670063423,8.700866283423364e-06
6.976400095357098,0.00012481399931195926,8.90770056672905e-06
6.978400095357098,0.00013756994429910715,9.053381079664945e-06
6.980400095357098,0.00013133794129138593,1.0058639635215637e-05
6.9824000953570975,0.00010893205168750721,1.0284954604070655e-05
6.984400095357097,0.00010357925772359373,9.195390944596333e-06
6.986400095357097,0.0001216297840396375,8.023843492179741e-06
6.988400095357097,8.716985606694801e-05,8.2305201123107e-06
6.990400095357097,6.374293886555064e-05,9.037168621711576e-06
6.992400095357096,8.345047487329232e-05,1.0300841262133538e-05
6.994400095357096,7.158387599307018e-05,1.0779636202491782e-05
6.996400095357096,0.00010270989642848413,9.633677315011513e-06
6.998400095357096,0.00010707520292900354,8.488525785465882e-06
7.0004000953570955,8.071138866124396e-05,8.62396807977625e-06
7.002400095357095,6.21368223509529e-05,9.174243083389298e-06
7.004400095357095,0.00011607920355408555,9.410693600818901e-06
7.006400095357095,7.464590054492299e-05,1.0168711211598603e-05
7.008400095357095,0.00012247433631054806,9.885534061489586e-06
7.010400095357094,8.528324749520932e-05,9.458893647838717e-06
7.012400095357094,0.00013472420258333798,9.555163086158186e-06
7.014400095357094,0.00014197953413758462,9.241889496678548e-06
7.016400095357094,0.00012691101962865905,8.754460472747522e-06
7.0184000953570935,0.00013056580065758992,8.811975191983304e-06
7.020400095357093,9.309139352830434e-05,9.915835501695465e-06
7.022400095357093,5.230512585953325e-05,1.104558924302848e-05
7.024400095357093,8.818655685309955e-05,1.0592681979465069e-05
7.026400095357093,9.10735429504503e-05,9.545842347868496e-06
7.028400095357092,6.212497999898144e-05,8.833334396097873e-06
7.030400095357092,7.207302548463328e-05,8.80184786042494e-06
7.032400095357092,7.690779198088577e-05,9.579710919638841e-06
7.034400095357092,0.00011187104477531903,1.0498075269105956e-05
7.0364000953570915,7.814971189668582e-05,1.0263999773313643e-05
7.038400095357091,0.00010112289382713328,9.83211572320377e-06
7.040400095357091,0.00014180995642458546,9.806788784947187e-06
7.042400095357091,0.00012958333221291056,9.502065601208305e-06
7.044400095357091,0.000110292809929033,9.314615447306836e-06
7.04640009535709,0.00011459062564491114,9.109270102258331e-06
7.04840009535709,9.796301394718933e-05,9.846750430279297e-06
7.05040009535709,0.00011915868539402581,1.0586953040887665e-05
7.05240009535709,0.00010230479177484454,1.1117479726684642e-05
7.05440009535709,9.898318099171158e-05,1.0691599511769285e-05
7.056400095357089,0.00012096619358064317,9.621830312877593e-06
7.058400095357089,9.293756390824893e-05,9.017361593658475e-06
7.060400095357089,0.0001077220864198485,9.433451453696862e-06
7.062400095357089,0.00010149609675766758,9.84705457981444e-06
7.0644000953570885,0.00014561134177759394,1.0611435966806647e-05
7.066400095357088,0.00014451984496849946,1.0842843902772242e-05
7.068400095357088,0.00014285265207976525,1.0572868924216992e-05
7.070400095357088,9.82324442183407e-05,9.765981469103127e-06
7.072400095357088,0.000121224560276115,9.136311901652923e-06
7.074400095357087,0.00012729163575137995,9.940219039264292e-06
7.076400095357087,6.999081474292377e-05,9.621251727810088e-06
7.078400095357087,0.00011830655624880581,1.0588212698487965e-05
7.080400095357087,0.00012287282299834463,1.07561837562109e-05
7.0824000953570865,7.761950993382178e-05,1.024485467085368e-05
7.084400095357086,9.181368850958672e-05,9.878886168567622e-06
7.086400095357086,0.00010669469586293085,9.565913853694951e-06
7.088400095357086,0.00013743293959596662,9.231803868042863e-06
7.090400095357086,0.00014501676743887854,9.092562366048652e-06
7.092400095357085,0.00010065782123856559,9.749683036325568e-06
7.094400095357085,0.0001185708427428069,1.0982632346934114e-05
7.096400095357085,0.00015163550314764508,1.184190506980279e-05
7.098400095357085,0.00010523413907197898,1.1573190892497148e-05
7.1004000953570845,0.00010041257307979147,9.690443132405584e-06
7.102400095357084,0.00013978678064430637,8.868180647962965e-06
7.104400095357084,0.00011102648671195286,9.968277066868751e-06
7.106400095357084,0.00015020856470333277,1.0988847961064792e-05
7.108400095357084,0.00014349419880048603,1.0954307523467422e-05
7.110400095357083,0.00014093820384778044,1.0799857935830193e-05
7.112400095357083,0.00011785848826077614,1.06738952631044e-05
7.114400095357083,8.532098070860824e-05,1.0354706925585455e-05
7.116400095357083,8.347036227214621e-05,9.951016184808222e-06
7.1184000953570825,0.00012729708877971834,9.327591611365456e-06
7.120400095357082,0.00010459047442751239,9.310020908425186e-06
7.122400095357082,0.00014198861281252496,9.338064135410085e-06
7.124400095357082,0.00010957898632934379,1.0796489210085657e-05
7.126400095357082,7.237075558961586e-05,1.1474932817231492e-05
7.128400095357081,0.00013232793643588831,9.946675651325425e-06
7.130400095357081,0.00014532704273531762,8.33482551931757e-06
7.132400095357081,0.00014337381212628294,8.557532908564266e-06
7.134400095357081,0.0001018817675550718,9.685590724003289e-06
7.1364000953570805,0.00011037722852345708,9.988719725318272e-06
7.13840009535708,0.00010935663087608998,9.363478358541422e-06
7.14040009535708,0.00014601175962204927,9.747706694220961e-06
7.14240009535708,0.00012818331692248554,1.0380590735003805e-05
7.14440009535708,9.236134418518246e-05,1.0032056778171847e-05
7.146400095357079,9.9370597005638e-05,8.853216480755962e-06
7.148400095357079,0.00011164315430039329,8.284150238083949e-06
7.150400095357079,0.00010364085643155846,9.51412424444223e-06
7.152400095357079,0.00010413920322442263,1.0352484265262402e-05
7.1544000953570785,0.00011763035855567079,1.037840942998291e-05
7.156400095357078,0.00011762400567958205,9.832725110258099e-06
7.158400095357078,9.870442427107287e-05,9.279306972536422e-06
7.160400095357078,0.00013756782823169913,9.21855920497657e-06
7.162400095357078,0.00015564570206310938,8.792960629304125e-06
7.1644000953570774,0.0001155170248286957,8.496848248406311e-06
7.166400095357077,0.0001325976892608804,9.338842580894732e-06
7.168400095357077,0.00012354397097714848,1.0029688961658047e-05
7.170400095357077,0.0001094944486829447,9.910649498697406e-06
7.172400095357077,8.762097530308365e-05,9.750731089671852e-06
7.174400095357076,7.787341876424009e-05,9.546333427031122e-06
7.176400095357076,0.00011276939335730891,9.007991949138403e-06
7.178400095357076,0.0001369536192328305,8.370069606346687e-06
7.180400095357076,0.0001187711800490044,9.50432916327263e-06
7.1824000953570755,0.0001405153944182735,1.0905257581439708e-05
7.184400095357075,0.00013899119449266485,1.0664260455538776e-05
7.186400095357075,0.0001297117703792917,9.445091524237532e-06
7.188400095357075,0.0001024218723993848,9.840123423164595e-06
7.190400095357075,9.961109328034769e-05,1.0080449474559069e-05
7.192400095357074,0.00010095624660306165,8.770292050547461e-06
7.194400095357074,0.00010002790503515501,8.469635304913342e-06
7.196400095357074,0.00012554762708631825,1.0003964505564882e-05
7.198400095357074,0.00012021478365923594,1.1240685075677869e-05
7.2004000953570735,7.119884325043448e-05,1.0252320556526645e-05
7.202400095357073,9.104240528118604e-05,9.365977562024602e-06
7.204400095357073,0.0001068727218916359,9.941386702477979e-06
7.206400095357073,0.00014189308798044078,9.735049797968084e-06
7.208400095357073,0.00015611666247248549,8.972239731609472e-06
7.210400095357072,0.00010411002048837177,9.291566493668792e-06
7.212400095357072,8.821012194647463e-05,1.0771284219836194e-05
7.214400095357072,9.879561905373222e-05,1.0936596460742015e-05
7.216400095357072,0.00012295537409404993,1.0644232837639916e-05
7.2184000953570715,0.00011570279871796271,1.092578012721395e-05
7.220400095357071,0.00011995914923963856,1.0676327571259611e-05
7.222400095357071,0.00014977501195351201,9.619999737922425e-06
7.224400095357071,0.00015266262020523208,1.0079493441932577e-05
7.226400095357071,0.00010805353760229585,1.1053822003780744e-05
7.22840009535707,0.0001209508356109877,1.164825605169316e-05
7.23040009535707,0.00012336026380515005,1.105983016416029e-05
7.23240009535707,0.00014925099435024095,1.1429422891159018e-05
7.23440009535707,0.00016128717700276073,1.0842865432754888e-05
7.2364000953570695,0.00010735571885673834,9.902958651100478e-06
7.238400095357069,0.00014256845710198756,9.647197374878022e-06
7.240400095357069,0.00016831183440684463,1.0681330545019509e-05
7.242400095357069,0.0001407011926777365,1.1963537079418191e-05
7.244400095357069,0.00013819844476777786,1.2335829319080908e-05
7.246400095357068,0.0001227334725459507,1.1687070692512592e-05
7.248400095357068,0.00013582956412352403,1.1694377886370597e-05
7.250400095357068,0.00015618863565593924,1.1244778751974632e-05
7.252400095357068,0.0001442860051687428,1.0579555849366975e-05
7.2544000953570675,0.0001304082977211805,1.1311207889661763e-05
7.256400095357067,0.00011069306109045749,1.1427998738660875e-05
7.258400095357067,0.00016238016444117658,1.220508635015942e-05
7.260400095357067,0.00020730833689078376,1.2490568327148245e-05
7.262400095357067,0.00013235528181220152,1.2475195492532849e-05
7.264400095357066,0.0001470887315600369,1.1346805367316424e-05
7.266400095357066,0.00010578653508540724,1.0900946674001731e-05
7.268400095357066,0.00015233787023568384,1.0908686919799831e-05
7.270400095357066,0.00015094899562548468,1.1067588677321635e-05
7.2724000953570656,0.0001259368849693087,1.2126521385882167e-05
7.274400095357065,0.00013265316588013398,1.3127287824496851e-05
7.276400095357065,0.00011481772553162537,1.308913348282602e-05
7.278400095357065,9.491092807476593e-05,1.2551567742569875e-05
7.280400095357065,0.0001563118652688322,1.2059801951755753e-05
7.2824000953570645,0.00019326489694196077,1.2172091521855729e-05
7.284400095357064,0.00017453769471518967,1.1782045127523839e-05
7.286400095357064,0.0001299423102369203,1.1693924226368336e-05
7.288400095357064,0.00014294492945804912,1.3528161252383587e-05
7.290400095357064,9.512319808049723e-05,1.4034564249529575e-05
7.292400095357063,0.0001273634617211237,1.3368924304713505e-05
7.294400095357063,9.009925552716774e-05,1.2747280899946814e-05
7.296400095357063,0.00016079642500753958,1.2411822185051399e-05
7.298400095357063,0.00014391225391096357,1.1395533922634436e-05
7.3004000953570625,0.00013764876901956863,1.1266177185364447e-05
7.302400095357062,0.00011000618744518492,1.2928805588480681e-05
7.304400095357062,0.0001588970894264117,1.3310727979545326e-05
7.306400095357062,0.00020284517063103364,1.3138836829465002e-05
7.308400095357062,0.000198473661606387,1.3794932854688716e-05
7.310400095357061,0.0001580940199142049,1.3008649512080987e-05
7.312400095357061,0.00019978784088975758,1.1325577578642238e-05
7.314400095357061,0.00016707521930455676,1.0583741085917944e-05
7.316400095357061,0.0001531227441583967,1.1472316801022267e-05
7.3184000953570605,0.00015644697507468023,1.1756780001697167e-05
7.32040009535706,0.00016311266864933523,1.2334879099235831e-05
7.32240009535706,0.00014849520845464196,1.2876556196078852e-05
7.32440009535706,0.00015740254041915635,1.2486370137842185e-05
7.32640009535706,0.0001394666185358668,1.1201424832658198e-05
7.328400095357059,0.00014100705924565825,1.1304618796709894e-05
7.330400095357059,0.00017739612689822264,1.1238047258930198e-05
7.332400095357059,0.0001331223503857131,1.0617632307211714e-05
7.334400095357059,0.00014448713268584978,1.1130411238321035e-05
7.3364000953570585,0.00017227295397302344,1.1990107550117963e-05
7.338400095357058,0.00019376760989358723,1.2400524552402254e-05
7.340400095357058,0.00015860824741708115,1.1219016330464732e-05
7.342400095357058,0.0001491279857473207,1.0514603895376219e-05
7.344400095357058,0.00014267500895598093,9.982577022758437e-06
7.346400095357057,0.0001418128599512894,9.550490139921573e-06
7.348400095357057,0.00014244429635326732,1.012790987879007e-05
7.350400095357057,0.0001668559151294643,1.1204752715126819e-05
7.352400095357057,0.00014911387827800225,1.121820280697357e-05
7.3544000953570565,0.0001586703423670892,1.0929225834030889e-05
7.356400095357056,0.00010543047824679123,1.1072280232680389e-05
7.358400095357056,0.0002069897251007824,1.1022727982376831e-05
7.360400095357056,0.000132193957721808,9.046939051243106e-06
7.362400095357056,0.00013422369079685984,9.318563999966761e-06
7.364400095357055,0.00015114721647512542,9.850499519150907e-06
7.366400095357055,0.0001627382341700407,9.826030108101142e-06
7.368400095357055,0.00014072123328694102,1.0641864464949751e-05
7.370400095357055,0.0001414349968405619,1.0897757427721408e-05
7.3724000953570545,0.00013841402845419653,9.627557205045597e-06
7.374400095357054,0.00013651163243778839,9.313108347425272e-06
7.376400095357054,0.0001530986953085868,9.201246655854618e-06
7.378400095357054,0.00013294652773564595,8.05810077538947e-06
7.380400095357054,0.00015793952686967943,9.14085173534585e-06
7.382400095357053,0.0001736681134471061,1.0280566829205285e-05
7.384400095357053,0.00013081015847863576,9.972656340139061e-06
7.386400095357053,0.00010899820851279922,1.0063543834650674e-05
7.388400095357053,0.00013021364744103948,9.525250110540405e-06
7.390400095357053,0.00014622931648662627,8.101589406893598e-06
7.392400095357052,0.00015867874282984905,8.388852115155741e-06
7.394400095357052,0.00013165252033783625,8.601398117765308e-06
7.396400095357052,0.0001296804279921172,8.874190118546384e-06
7.398400095357052,0.00013103699554155047,9.595282722390838e-06
7.4004000953570515,0.0001331591513604903,9.680460773360722e-06
7.402400095357051,0.00011951875957261775,9.124028181291711e-06
7.404400095357051,0.00013942804860607547,8.900539379855822e-06
7.406400095357051,0.0001657398359523921,7.929653537009045e-06
7.408400095357051,0.00013484193593799377,7.718981166059025e-06
7.41040009535705,0.00010337098727109758,8.331874971810497e-06
7.41240009535705,0.00012331560197885683,8.035829781394095e-06
7.41440009535705,0.00013232242879747608,9.222517420458627e-06
7.41640009535705,0.00010990188089502265,9.740609997432762e-06
7.4184000953570495,0.00012204473198725407,8.219238347639469e-06
7.420400095357049,0.00013292263569432162,8.241019931175233e-06
7.422400095357049,0.0001410135980014548,8.661340075696926e-06
7.424400095357049,0.00011992727816232048,7.067950490748969e-06
7.426400095357049,0.00012781935488651247,8.022379543000932e-06
7.428400095357048,0.00012817743106882936,8.83904595792855e-06
7.430400095357048,0.0001263469234396318,7.847188987863129e-06
7.432400095357048,0.00013472263638139047,8.979471158789341e-06
7.434400095357048,0.00015626979998036294,9.81368081554675e-06
7.4364000953570475,0.00012533389603394926,8.393207463083553e-06
7.438400095357047,0.00015399425827049564,8.14215925871836e-06
7.440400095357047,0.00011048067883503053,8.218428940989624e-06
7.442400095357047,0.0001327433847079485,7.165096201542322e-06
7.444400095357047,0.00010539436123028856,8.665890774085107e-06
7.446400095357046,8.525141762589727e-05,9.83642400939955e-06
7.448400095357046,0.00013108335224991846,8.974490276561253e-06
7.450400095357046,0.00012647919757641845,9.136059921290264e-06
7.452400095357046,0.00011791662567117556,8.875618337289253e-06
7.4544000953570455,0.00012182147044519236,7.775391008266012e-06
7.456400095357045,0.00012433704752945224,8.05260309802779e-06
7.458400095357045,0.00010647110284339225,8.766759001492945e-06
7.460400095357045,9.682483992871215e-05,8.681742667127339e-06
7.462400095357045,0.00015106950346441207,9.152755168673384e-06
7.464400095357044,0.0001649739386661845,1.03545636275582e-05
7.466400095357044,0.000122730741810931,9.709521520819587e-06
7.468400095357044,0.0001234867056239117,8.971263220671787e-06
7.470400095357044,0.00012310080669095238,9.516946388539057e-06
7.4724000953570435,0.00011405587381490993,8.386744564972838e-06
7.474400095357043,0.0001459058223254844,8.497632631856713e-06
7.476400095357043,0.00014100996284424728,1.0088665486082775e-05
7.478400095357043,0.0001499501415435993,9.540530300500556e-06
7.480400095357043,0.00014641630037366804,1.0134871036076449e-05
7.482400095357042,0.0001520596392057339,1.0822142896840213e-05
7.484400095357042,0.00014062187276712748,9.257639373966775e-06
7.486400095357042,0.00013905627460239386,9.418563044268692e-06
7.488400095357042,0.00014617432637715778,9.597295047249483e-06
7.4904000953570415,0.00017035518780494598,8.265237656555056e-06
7.492400095357041,0.00012736186906468652,1.0226732365315282e-05
7.494400095357041,0.00018539036321354958,1.1554187208310736e-05
7.496400095357041,0.00018484510054427494,1.068314321985746e-05
7.498400095357041,0.000197315446181266,1.188090267307483e-05
7.50040009535704,0.0001361249855841363,1.0663119185451912e-05
7.50240009535704,0.0001493760693708707,9.225979090795964e-06
7.50440009535704,0.00019590892083931995,9.834175602717539e-06
7.50640009535704,0.00016228639119796572,9.879544818724514e-06
7.50840009535704,0.0001865533273239904,9.978482338955216e-06
7.510400095357039,0.00014481465680110504,1.182886370064602e-05
7.512400095357039,0.0002026466292393788,8.73989435571973e-06
7.514400095357039,0.00017927107554280972,8.659421600415853e-06
7.516400095357039,0.00020842985015678969,8.492739257438596e-06
7.5184000953570385,0.00015715316472947249,8.05107238866964e-06
7.520400095357038,0.00017413318810654836,7.954489647539854e-06
7.522400095357038,0.0002077004026928262,8.348157265737075e-06
7.524400095357038,0.0002089807428994373,8.104040031953242e-06
7.526400095357038,0.0002133373796858504,8.463337898036052e-06
7.528400095357037,0.00018237605068278622,9.065425396230976e-06
7.530400095357037,0.00020172239352840592,8.945921636219978e-06
7.532400095357037,0.00023951892461421173,8.938507504383499e-06
7.534400095357037,0.0002338380722855833,8.862672898372044e-06
7.5364000953570365,0.0001665454659134317,8.313574092235495e-06
7.538400095357036,0.00021732422729365378,8.684014183624351e-06
7.540400095357036,0.000226730337473353,8.821973163793027e-06
7.542400095357036,0.00019334396365521762,9.236459038560875e-06
7.544400095357036,0.00020944579172531448,1.026387134903588e-05
7.546400095357035,0.00018218316091994289,1.0056538642191485e-05
7.548400095357035,0.00020843099644013104,9.473355401457652e-06
7.550400095357035,0.00023296070035708536,8.970190505179434e-06
7.552400095357035,0.00024863501842566695,8.392692426008963e-06
7.5544000953570345,0.00019567967171068253,8.733252076443823e-06
7.556400095357034,0.00017881010117561973,9.070290894240238e-06
7.558400095357034,0.00024065755265293608,9.415017391379656e-06
7.560400095357034,0.00023292373604266096,9.944438982389947e-06
7.562400095357034,0.00024549203891383075,1.0026234128296144e-05
7.564400095357033,0.00022133291935499754,9.621958386718898e-06
7.566400095357033,0.0001827759331133017,9.435536430908454e-06
7.568400095357033,0.00018797192098637093,8.930585644848452e-06
7.570400095357033,0.000201079652657038,8.49888207811286e-06
7.5724000953570325,0.00023569588972224956,9.115249853231397e-06
7.574400095357032,0.00024122889750566757,9.50673585829647e-06
7.576400095357032,0.0001973992735059306,1.0453236712385514e-05
7.578400095357032,0.00022018428812980013,1.1004832730629003e-05
7.580400095357032,0.00020881439062280495,1.0530321459026804e-05
7.582400095357031,0.00024131437506448884,9.941398942816225e-06
7.584400095357031,0.0002168750552227727,9.23421753176514e-06
7.586400095357031,0.00022078344575855719,9.077435380805848e-06
7.588400095357031,0.0002297970262847562,8.856000141871642e-06
7.5904000953570305,0.00023281345773744634,9.68884245723088e-06
7.59240009535703,0.00022832921692541694,1.0154623556917551e-05
7.59440009535703,0.00023944431573035392,1.0429359570943319e-05
7.59640009535703,0.00022959096504042483,1.0198808070528546e-05
7.59840009535703,0.00020184319829823775,9.314119289980726e-06
7.600400095357029,0.00019457691114934517,9.29403935318421e-06
7.602400095357029,0.0001814192939426662,8.767813591578219e-06
7.604400095357029,0.00020823522486442632,9.363199809089797e-06
7.606400095357029,0.00024576837570427796,9.765455495053771e-06
7.6084000953570285,0.00022914845116624673,1.0159339699115897e-05
7.610400095357028,0.0002204443487666243,1.1302832951489324e-05
7.612400095357028,0.00020950594486251093,1.0245447192718592e-05
7.614400095357028,0.00019013301581113218,1.1108753648607576e-05
7.616400095357028,0.00020968593062691072,9.878510031070945e-06
7.6184000953570274,0.00017662907853443555,9.980342549002394e-06
7.620400095357027,0.00024257354748527047,9.390604363312772e-06
7.622400095357027,0.0002034954937833438,8.7463983223486e-06
7.624400095357027,0.00024034602467319275,1.0253021449169984e-05
7.626400095357027,0.00025918080123959087,9.95475522862744e-06
7.628400095357026,0.0002637333013575012,1.1301127499850315e-05
7.630400095357026,0.0002194888685070222,1.056223521994961e-05
7.632400095357026,0.00023095067635404683,1.0023737778542085e-05
7.634400095357026,0.00023373843440683927,9.479099452251275e-06
7.6364000953570255,0.00022896948283682522,9.117373673404683e-06
7.638400095357025,0.0002101217120978728,9.73023364996193e-06
7.640400095357025,0.0002205751427369935,1.0035237479761733e-05
7.642400095357025,0.00023513534067799122,1.1296507876522537e-05
7.644400095357025,0.00022492541409706375,1.1323574133628717e-05
7.646400095357024,0.0003030710443648023,1.1443509370441241e-05
7.648400095357024,0.00027497589121661494,1.1038559934372196e-05
7.650400095357024,0.00041747005579679066,1.8798313763845873e-05
7.652400095357024,0.0003454769798078503,1.886338174296041e-05
7.6544000953570235,0.0003414088843993696,1.9355459623756437e-05
7.656400095357023,0.0003901928624695203,1.8864085264204257e-05
7.658400095357023,0.00032867315424980133,1.949137527810811e-05
7.660400095357023,0.0003495937222153347,1.9924224265038636e-05
7.662400095357023,0.0003601928526024268,1.994033379179505e-05
7.664400095357022,0.00040670670295934314,1.978847704701767e-05
7.666400095357022,0.00034373713740639593,1.808221797702633e-05
7.668400095357022,0.00035346235832163975,1.719130277409407e-05
7.670400095357022,0.00033823301511212267,1.7171975452988954e-05
7.6724000953570215,0.00036110428391046285,1.8968034631297936e-05
7.674400095357021,0.0004060500545043824,2.1864405167998266e-05
7.676400095357021,0.0004140275167123887,2.462796191208887e-05
7.678400095357021,0.0004105744613937403,2.4056239418757875e-05
7.680400095357021,0.0004483054531712708,2.178253379179926e-05
7.68240009535702,0.0004578598991068026,2.0389144446056076e-05
7.68440009535702,0.0004263628124385303,1.987170874127849e-05
7.68640009535702,0.00041628607425946607,2.0375597538422212e-05
7.68840009535702,0.0003807438475901753,2.2004512102697577e-05
7.6904000953570195,0.00044305871390008854,2.501533148914006e-05
7.692400095357019,0.0004611971880775815,2.5258273344657033e-05
7.694400095357019,0.0004240974936973171,2.4516623830899912e-05
7.696400095357019,0.00041933680047811513,2.4238122236612048e-05
7.698400095357019,0.0005092230273096269,2.33683001738832e-05
7.700400095357018,0.0003984317685511621,2.3154280283537176e-05
7.702400095357018,0.000450476712004994,2.2291922985531107e-05
7.704400095357018,0.0005285659013496494,2.184835949440639e-05
7.706400095357018,0.00044987117232594823,2.2294530069222216e-05
7.7084000953570175,0.0004129963183039198,2.3585861597124764e-05
7.710400095357017,0.0004499165680460058,2.489784371352401e-05
7.712400095357017,0.0005761464947356852,2.7291517138061533e-05
7.714400095357017,0.0005224128102939074,2.8293369932547023e-05
7.716400095357017,0.0005094445036679376,2.713239566765438e-05
7.718400095357016,0.0005498720163345256,2.7120221969565132e-05
7.720400095357016,0.0005467511125559094,2.582778815164177e-05
7.722400095357016,0.000590410312838893,2.553110572383003e-05
7.724400095357016,0.0005391831951946855,2.6122453878238963e-05
7.7264000953570156,0.00047871546518155853,2.837322168673525e-05
7.728400095357015,0.0005422590162835897,3.168598902735544e-05
7.730400095357015,0.0005990749637890714,3.469600502222798e-05
7.732400095357015,0.0005725601836120482,3.3561640858410595e-05
7.734400095357015,0.0006249410125269767,3.102159680444017e-05
7.7364000953570145,0.0007951831453969687,2.8857310023502555e-05
7.738400095357014,0.0007590555232237543,2.6956542913633996e-05
7.740400095357014,0.0006294123046864066,2.7282617809647473e-05
7.742400095357014,0.0005374875885028266,2.956875837979702e-05
7.744400095357014,0.0005178981874769127,3.3017902711513706e-05
7.746400095357013,0.0005541730489043701,3.536440410031375e-05
7.748400095357013,0.0006706876152159497,3.271803208287286e-05
7.750400095357013,0.0006418978595944984,3.0062202950726308e-05
7.752400095357013,0.0006238469752131717,2.810074473772048e-05
7.7544000953570125,0.0006291805047759691,2.6994423706421277e-05
7.756400095357012,0.00041146139635992726,2.7462442824859175e-05
7.758400095357012,0.00044315732805151994,2.9569545641586995e-05
7.760400095357012,0.0006085363708761278,3.09307523219091e-05
7.762400095357012,0.0006305106684089091,2.9754636993801985e-05
7.764400095357011,0.0006430910751958065,2.76760008029523e-05
7.766400095357011,0.0006153104133671571,2.717987091957681e-05
7.768400095357011,0.0006618403681335097,2.672685252399014e-05
7.770400095357011,0.0005809617166791435,2.599225506064609e-05
7.7724000953570105,0.0005289582373777003,2.5715480296590314e-05
7.77440009535701,0.0005394588161952589,2.6679192976609684e-05
7.77640009535701,0.00047392035166631414,2.575625098508827e-05
7.77840009535701,0.00047539251183031147,2.5318929063347404e-05
7.78040009535701,0.0005534305665421006,2.5253429896078273e-05
7.782400095357009,0.0005754858013307828,2.568839140077524e-05
7.784400095357009,0.0006654416240188513,2.5158715579716604e-05
7.786400095357009,0.0006015020144388358,2.3866927842812017e-05
7.788400095357009,0.0006785369468630788,2.2399944116120234e-05
7.7904000953570085,0.0006759913009950949,2.180764559709686e-05
7.792400095357008,0.0006663059467995201,2.1790203771902062e-05
7.794400095357008,0.0005499312231937363,2.2187394045633863e-05
7.796400095357008,0.0005192468496456914,2.3037844311973034e-05
7.798400095357008,0.0004999010172743815,2.3935307056370968e-05
7.800400095357007,0.0005293476635506361,2.4474956522187875e-05
7.802400095357007,0.000538275065689262,2.3480578975869586e-05
7.804400095357007,0.0004443572878859664,2.2148527844992316e-05
7.806400095357007,0.0004296972896586167,2.144769185203597e-05
7.8084000953570065,0.0004143218385896279,2.0786887884545624e-05
7.810400095357006,0.0004474880310242077,1.94618066388116e-05
7.812400095357006,0.0004503521383071223,1.9127631682725596e-05
7.814400095357006,0.000418598507618335,1.9526979354729467e-05
7.816400095357006,0.0003829089414027598,1.973564964931263e-05
7.818400095357005,0.00047456931258210705,2.027937384343249e-05
7.820400095357005,0.0004678303882817567,1.994192276495122e-05
7.822400095357005,0.0004352450785725518,2.0156492876257587e-05
7.824400095357005,0.0003779919690464546,1.9840023126118597e-05
7.8264000953570045,0.000413209310786158,1.901400572091251e-05
7.828400095357004,0.00044994058875421196,1.8094640201658972e-05
7.830400095357004,0.00042705075490120356,1.7870283839308892e-05
7.832400095357004,0.0003826175965023647,1.7674194564151293e-05
7.834400095357004,0.0003485916829210009,1.77951818510122e-05
7.836400095357003,0.000275030579527316,1.791125236720697e-05
7.838400095357003,0.00028374537818601545,1.82607206932982e-05
7.840400095357003,0.0003716234578029341,1.792785484602252e-05
7.842400095357003,0.000347634517548019,1.7353911547888724e-05
7.8444000953570026,0.0004017577156255274,1.5972602716301268e-05
7.846400095357002,0.0003991710747496017,1.6078930027561403e-05
7.848400095357002,0.00039823571810580565,1.610346473513184e-05
7.850400095357002,0.00035088404184916913,1.6542792638781337e-05
7.852400095357002,0.0003802295947519202,1.70736663396736e-05
7.8544000953570015,0.0003954053889256187,1.7646719631477455e-05
7.856400095357001,0.0003487681706811107,1.767050743467361e-05
7.858400095357001,0.00035473321081034345,1.662188382356634e-05
7.860400095357001,0.0003352551171169929,1.5376096285696545e-05
7.862400095357001,0.00032734432660388047,1.4927812245076873e-05
7.864400095357,0.0003636524748678349,1.4797773005670523e-05
7.866400095357,0.0003343607082517649,1.4713460165015001e-05
7.868400095357,0.00034239657913012663,1.4744749270244385e-05
7.870400095357,0.0003015653162192064,1.4971314644191464e-05
7.8724000953569995,0.0003224680856217071,1.5087746283520564e-05
7.874400095356999,0.00029620496052360325,1.5381537404415314e-05
7.876400095356999,0.00027654853465074555,1.51546390938842e-05
7.878400095356999,0.0002602268777755681,1.4515894797112528e-05
7.880400095356999,0.00027090362091718374,1.4334456300367435e-05
7.882400095356998,0.00028995718038445404,1.407883046235107e-05
7.884400095356998,0.0002844808639552118,1.4488581859664828e-05
7.886400095356998,0.0002510030327500629,1.4367310936950942e-05
7.888400095356998,0.00020750801001425862,1.4419128298007184e-05
7.8904000953569975,0.00024683409379654695,1.4340769588081376e-05
7.892400095356997,0.0002775000178409739,1.444822713313541e-05
7.894400095356997,0.00028056853853714676,1.3977861376827281e-05
7.896400095356997,0.0002896972427372087,1.3403131560627047e-05
7.898400095356997,0.0002282686689509092,1.3162681963503796e-05
7.900400095356996,0.00028166044430413394,1.4362365607116675e-05
7.902400095356996,0.00029828511853332765,1.3500529857304594e-05
7.904400095356996,0.00029917347488372546,1.2624169383725453e-05
7.906400095356996,0.0002670235195220465,1.270474436798725e-05
7.9084000953569955,0.0002702324978649705,1.3317557195664818e-05
7.910400095356995,0.0003197081693180134,1.4002172167820198e-05
7.912400095356995,0.0002853176111272971,1.4589604266157782e-05
7.914400095356995,0.0003000747825324795,1.4239155982368532e-05
7.916400095356995,0.0002746085706359499,1.3589808968000938e-05
7.918400095356994,0.0002528216902006153,1.2792636149401208e-05
7.920400095356994,0.00029490031175099965,1.2485285528846984e-05
7.922400095356994,0.0003485333798346519,1.2328968227158323e-05
7.924400095356994,0.00030896844180431705,1.2369296929991813e-05
7.9264000953569935,0.00026969853800348775,1.2774503197167877e-05
7.928400095356993,0.0002802266656008062,1.2743178946498586e-05
7.930400095356993,0.0002687266248213995,1.2415585582854329e-05
7.932400095356993,0.0003024295601154453,1.2570604902208034e-05
7.934400095356993,0.0002840900189111189,1.2603463051892702e-05
7.936400095356992,0.0003101742326011181,1.1870047760211843e-05
7.938400095356992,0.00033340505434258983,1.1463971433264725e-05
7.940400095356992,0.0003205612084597293,1.1419524089205021e-05
7.942400095356992,0.0003256640364546412,1.1516324346277566e-05
7.9444000953569915,0.00029836576515540045,1.2342400179364613e-05
7.946400095356991,0.00027424666364733415,1.3256028534155378e-05
7.948400095356991,0.0003140488047355022,1.3137527689122594e-05
7.950400095356991,0.00031684103624908663,1.3129483715083482e-05
7.952400095356991,0.00033401983461651307,1.3169935942284512e-05
7.95440009535699,0.00033364414844656024,1.3306520566727797e-05
7.95640009535699,0.0003004454305403837,1.3355544349933744e-05
7.95840009535699,0.00027593279634236705,1.3633306486744248e-05
7.96040009535699,0.00034761272577057956,1.3727520348356165e-05
7.96240009535699,0.0003158740021273688,1.3625194060358031e-05
7.964400095356989,0.00027504912058991834,1.3779637910719222e-05
7.966400095356989,0.0003278430696334531,1.392976049167674e-05
7.968400095356989,0.0003544844146336882,1.3624158757576802e-05
7.970400095356989,0.00028075438762793954,1.3658203143304592e-05
7.9724000953569885,0.00030719276310998186,1.3612508661966012e-05
7.974400095356988,0.00028632213666885065,1.3848676278743614e-05
7.976400095356988,0.0003115436340797306,1.4542152008962887e-05
7.978400095356988,0.00029667583916334394,1.5104722581595047e-05
7.980400095356988,0.0003207846370971697,1.5042763962074441e-05
7.982400095356987,0.0003140925715152838,1.4410202578495892e-05
7.984400095356987,0.00029451148350904114,1.3885352830827568e-05
7.986400095356987,0.000311218438527217,1.3192438810167773e-05
7.988400095356987,0.0003417307136920599,1.2385459675924308e-05
7.9904000953569865,0.00031941477290790376,1.18097939198535e-05
7.992400095356986,0.0003190489768669725,1.1923787329804865e-05
7.994400095356986,0.00031953488004460854,1.2433940677829108e-05
7.996400095356986,0.0003412083355019052,1.3342383901766004e-05
7.998400095356986,0.0003213743931112781,1.4132359405724213e-05
8.000400095356985,0.0002806197802596075,1.4637625103269468e-05
8.002400095356986,0.0003146753658787985,1.4139745360319878e-05
8.004400095356985,0.0002947129554819347,1.3314618066285402e-05
8.006400095356984,0.0002778462283357574,1.2601838772641565e-05
8.008400095356984,0.0002566314039918332,1.2342900960950598e-05
8.010400095356985,0.0002597455419624044,1.20369976583162e-05
8.012400095356984,0.00032563484245521095,1.1906296000263235e-05
8.014400095356983,0.00034197944928012505,1.2034869101567127e-05
8.016400095356984,0.0003425151652461259,1.2576864736495601e-05
8.018400095356984,0.0003164761616383019,1.3222762680173272e-05
8.020400095356983,0.00032505849500161845,1.3697118570480843e-05
8.022400095356982,0.00031729166379895296,1.3717225586602325e-05
8.024400095356983,0.00032126444368402667,1.3391230917993734e-05
8.026400095356983,0.0003498696691292039,1.3247553539581802e-05
8.028400095356982,0.0003750586850430042,1.3842695624072654e-05
8.030400095356981,0.00038289517044018753,1.3276522272093192e-05
8.032400095356982,0.0003596553734849631,1.320833664876695e-05
8.034400095356983,0.0003489277174987264,1.2987682256523806e-05
8.036400095356981,0.00041383316995649523,1.3029504781758846e-05
8.03840009535698,0.0003401061506932664,1.3153769343229252e-05
8.040400095356981,0.00029537982513444115,1.2771201081090857e-05
8.042400095356982,0.00031620190065077553,1.253355590272753e-05
8.04440009535698,0.00032345249500254997,1.2497996283249151e-05
8.04640009535698,0.0003007057322396869,1.2740359544343586e-05
8.04840009535698,0.0003197596807100562,1.3351454453030949e-05
8.05040009535698,0.000354445856106895,1.3809934649854488e-05
8.05240009535698,0.0003359000818053689,1.4442357620951224e-05
8.054400095356979,0.00032830387295451966,1.5094471327659122e-05
8.05640009535698,0.00033438689903831764,1.4993379075562317e-05
8.05840009535698,0.0002631128311546544,1.4552407233054463e-05
8.060400095356979,0.0003100404801668114,1.4056112114788792e-05
8.062400095356978,0.00033343167581802283,1.3558598541470538e-05
8.064400095356978,0.00028033406012703186,1.2764807289211811e-05
8.066400095356979,0.00027483780935043996,1.2980709349236608e-05
8.068400095356978,0.00027892156115692215,1.4243254222520772e-05
8.070400095356977,0.0003025462678729569,1.4384204958513325e-05
8.072400095356977,0.00031454698327599743,1.5680275041333014e-05
8.074400095356978,0.00020944870446136345,1.5085357846771257e-05
8.076400095356977,0.00022378799753699553,1.469778136581714e-05
8.078400095356976,0.0002749669744762457,1.4302818790431289e-05
8.080400095356977,0.0002902170743456142,1.3918109063044867e-05
8.082400095356977,0.00031257516466064823,1.33473832142692e-05
8.084400095356976,0.0003163427750093096,1.293838032660183e-05
8.086400095356975,0.00029267703231272983,1.298689372122972e-05
8.088400095356976,0.00028934425255311565,1.3602980794815282e-05
8.090400095356976,0.00030125546414650335,1.4095090678681067e-05
8.092400095356975,0.00026179771153062156,1.441343105327294e-05
8.094400095356974,0.000236339506894585,1.4685229107900575e-05
8.096400095356975,0.0002642902570767741,1.4559943067432261e-05
8.098400095356975,0.0002842262666527532,1.445932723060023e-05
8.100400095356974,0.00030524884944211895,1.3763462711366496e-05
8.102400095356973,0.0003192647295781371,1.2987847488782812e-05
8.104400095356974,0.0002978763184226833,1.2405537367766169e-05
8.106400095356975,0.00026940957360283046,1.2259967530238406e-05
8.108400095356973,0.0002701111947573025,1.2342920561572923e-05
8.110400095356972,0.000268767950078009,1.2778295848658355e-05
8.112400095356973,0.000231208748404662,1.3534067577917547e-05
8.114400095356974,0.00023615817637467513,1.3352064789782396e-05
8.116400095356973,0.00027946323591534133,1.3039861792005391e-05
8.118400095356971,0.0003084124990676882,1.262821629364008e-05
8.120400095356972,0.0003391584592399585,1.2087476321049085e-05
8.122400095356973,0.0002861806785626617,1.1833000280122098e-05
8.124400095356972,0.0003329327269616369,1.1714929053511162e-05
8.12640009535697,0.00029408083450306843,1.1931009084844427e-05
8.128400095356971,0.00028414359911680716,1.2370079660910493e-05
8.130400095356972,0.00026030645327796407,1.2644800679058268e-05
8.13240009535697,0.0002048212468495298,1.2880473548337432e-05
8.13440009535697,0.00027643411278691,1.2701072790584188e-05
8.13640009535697,0.0002863158607140621,1.2157142586099736e-05
8.138400095356971,0.0002790067699238096,1.1658036096506476e-05
8.14040009535697,0.0002952231501036047,1.133091309505265e-05
8.142400095356969,0.00028296307877334506,1.1029008970827323e-05
8.14440009535697,0.00026764104619616836,1.1365546159194237e-05
8.14640009535697,0.0003365962347494566,1.2658262712050092e-05
8.148400095356969,0.000298777370345857,1.3032330765845042e-05
8.150400095356968,0.000279631655570437,1.3123328695990058e-05
8.152400095356969,0.00026426842600375035,1.2558099668751028e-05
8.15440009535697,0.000236254388032249,1.2666153150835123e-05
8.156400095356968,0.0002736824085703115,1.177350817051895e-05
8.158400095356967,0.00031674327825902707,1.160189683001461e-05
8.160400095356968,0.0002851914765021675,1.119307199846066e-05
8.162400095356968,0.00026606739108409527,1.1791547188129701e-05
8.164400095356967,0.00025577350075831464,1.2683157831912315e-05
8.166400095356966,0.00024189405455116882,1.2735110903339823e-05
8.168400095356967,0.00023311406376124602,1.2665335731780233e-05
8.170400095356968,0.00021881229827910934,1.2991094580496634e-05
8.172400095356966,0.00026305179563564394,1.2771626130103125e-05
8.174400095356965,0.0003185750613194773,1.2196915846471005e-05
8.176400095356966,0.00032126729929308833,1.1730366191220668e-05
8.178400095356967,0.0003130065618503171,1.1270033376597885e-05
8.180400095356966,0.00031413379596405863,1.122120368257534e-05
8.182400095356964,0.0003357147045837699,1.1192376715287461e-05
8.184400095356965,0.000309032995603094,1.1534130837174338e-05
8.186400095356966,0.0002856816634592756,1.1766347620250087e-05
8.188400095356965,0.00026704494522028835,1.1786621036889656e-05
8.190400095356964,0.00027404034087364764,1.1647121237667465e-05
8.192400095356964,0.0002824893346411154,1.1543708174949396e-05
8.194400095356965,0.0002980836431229773,1.105409399305836e-05
8.196400095356964,0.00027743712749375883,1.0510868284093153e-05
8.198400095356963,0.0002699444750187026,1.0344679471723948e-05
8.200400095356963,0.0002821716058433613,1.0440645012080463e-05
8.202400095356964,0.0002787292491632063,1.0883106692652142e-05
8.204400095356963,0.00033620029680968305,1.2003210363833271e-05
8.206400095356962,0.00030039405837303416,1.2885433366777527e-05
8.208400095356962,0.00028862690290632365,1.3081280380554554e-05
8.210400095356963,0.0002977827782059696,1.3345297316805251e-05
8.212400095356962,0.0002979682955940831,1.3051456533184682e-05
8.214400095356961,0.0003059120880392314,1.2733902788756193e-05
8.216400095356962,0.00031068386443940257,1.224103438878497e-05
8.218400095356962,0.0002963562145775302,1.1994274979150121e-05
8.220400095356961,0.0002815075118635716,1.2168421809303729e-05
8.22240009535696,0.0002589805907254193,1.2741533467295827e-05
8.22440009535696,0.00027175902922670114,1.3284534269022217e-05
8.226400095356961,0.0002940930482001459,1.3455831631464613e-05
8.22840009535696,0.0002602913234357517,1.3107886939088703e-05
8.23040009535696,0.0003040428602730641,1.2591986985307951e-05
8.23240009535696,0.0003052514256641361,1.2018982100970636e-05
8.23440009535696,0.0003181626346239809,1.1500083966634342e-05
8.23640009535696,0.00029738510761448416,1.0945527324237381e-05
8.238400095356958,0.00028033218060290264,1.0875186710874646e-05
8.240400095356959,0.0003136710006111258,1.1281516752752924e-05
8.24240009535696,0.0003460117997067362,1.213349172984204e-05
8.244400095356959,0.0002831462399611973,1.2522890550097105e-05
8.246400095356957,0.0002449874363713462,1.2937308570400163e-05
8.248400095356958,0.0002643593788753614,1.3043177794900647e-05
8.250400095356959,0.00030075016701067826,1.305019411720976e-05
8.252400095356958,0.00034334220964259306,1.2656978073804157e-05
8.254400095356957,0.0003835356963764061,1.2233191683664021e-05
8.256400095356957,0.00036128801974470904,1.1981848499969324e-05
8.258400095356958,0.0003232981283891459,1.1948531678267728e-05
8.260400095356957,0.00034408843780393405,1.242694693378205e-05
8.262400095356956,0.00034392319991225867,1.2876692806623406e-05
8.264400095356956,0.00035754897290774434,1.3682483036184282e-05
8.266400095356957,0.0003681029229925955,1.3566517505963418e-05
8.268400095356956,0.0003496476018777564,1.3494619901670379e-05
8.270400095356955,0.00035584234909882226,1.2879908970305562e-05
8.272400095356955,0.0003281212999645706,1.2321585759575386e-05
8.274400095356956,0.00033486686679867316,1.1768358068230641e-05
8.276400095356955,0.00033118761945311796,1.1415202411461068e-05
8.278400095356954,0.00036943812597811345,1.142992028458078e-05
8.280400095356955,0.0003686753583362014,1.2303904839823742e-05
8.282400095356955,0.00037626611705601505,1.2403229734372928e-05
8.284400095356954,0.0003941085445800153,1.3163468725874131e-05
8.286400095356953,0.0003677447821399969,1.3491779344044642e-05
8.288400095356954,0.0003824512501525732,1.3542108475280499e-05
8.290400095356954,0.0003120699318155295,1.3335032562474083e-05
8.292400095356953,0.00034298112387947207,1.255296597281281e-05
8.294400095356952,0.00039312624853644846,1.2048491025630746e-05
8.296400095356953,0.00041098395948714996,1.1735646230116796e-05
8.298400095356953,0.000392701533635898,1.1878111200414349e-05
8.300400095356952,0.00034445058030962045,1.2690872644738583e-05
8.302400095356951,0.0003729728915975294,1.345356359596587e-05
8.304400095356952,0.00040468696909477456,1.4415703033554482e-05
8.306400095356953,0.0003860246886540136,1.533349122747191e-05
8.308400095356951,0.0003669698061379658,1.5831599011987136e-05
8.31040009535695,0.00035870896533495624,1.590831981776147e-05
8.312400095356951,0.0003398757581823981,1.5177531140674058e-05
8.314400095356952,0.0003798367601589091,1.4464792615102713e-05
8.31640009535695,0.00042587940100991895,1.3678789094160826e-05
8.31840009535695,0.0003907545525868237,1.3102678710519213e-05
8.32040009535695,0.0004135659157068724,1.3509194200954853e-05
8.32240009535695,0.00037930456174614717,1.4148168832409423e-05
8.32440009535695,0.0003613626545737459,1.4801922822385373e-05
8.326400095356949,0.00039086320580537483,1.5016866167045296e-05
8.32840009535695,0.0004171363705696526,1.490749562355998e-05
8.33040009535695,0.0003927456161873463,1.4325497171405633e-05
8.332400095356949,0.0003810016249659102,1.3589606468464715e-05
8.334400095356948,0.00037391391649612516,1.2828359953172613e-05
8.336400095356948,0.00034644074066144927,1.2143706028967626e-05
8.338400095356949,0.0003880069934326468,1.2090509883538688e-05
8.340400095356948,0.00041745199914108817,1.2791510495978548e-05
8.342400095356947,0.00034352202593597057,1.3541557916023015e-05
8.344400095356947,0.0004390877184620543,1.464814923424372e-05
8.346400095356948,0.00048334728156456926,1.537928429003597e-05
8.348400095356947,0.00043342285024571193,1.568702303364247e-05
8.350400095356946,0.0004240523755852729,1.5516720707066182e-05
8.352400095356947,0.0004003453233381989,1.4846776200750752e-05
8.354400095356947,0.00038956374388580435,1.4447057492703985e-05
8.356400095356946,0.0003391633972661262,1.4200948611849102e-05
8.358400095356945,0.0004096339804252738,1.3787227930333772e-05
8.360400095356946,0.00038065342827736307,1.2894415910688951e-05
8.362400095356946,0.00041200468450870893,1.3670446378483926e-05
8.364400095356945,0.000412483422510258,1.4467320634217614e-05
8.366400095356944,0.0004038033153682981,1.5140110969204417e-05
8.368400095356945,0.00047031470244991675,1.5518678462573614e-05
8.370400095356946,0.0004009214265251763,1.5366738640748397e-05
8.372400095356944,0.00040510772221174655,1.5001631255185716e-05
8.374400095356943,0.00039354146892897005,1.4405621935165777e-05
8.376400095356944,0.00037434136779616645,1.3747693806507035e-05
8.378400095356945,0.0004024183811401373,1.3760827812514372e-05
8.380400095356944,0.00035694691556294384,1.4010706312677772e-05
8.382400095356942,0.0003806341149227458,1.4880170635308468e-05
8.384400095356943,0.0003761071106320085,1.5558670590715074e-05
8.386400095356944,0.0003798896982324692,1.667803419451885e-05
8.388400095356943,0.000362945305261049,1.710077099523841e-05
8.390400095356942,0.0003987908422578221,1.6599128041859438e-05
8.392400095356942,0.0004156947533890002,1.5688431779905795e-05
8.394400095356943,0.00043798870727363733,1.4956019214909764e-05
8.396400095356942,0.0004224823790442331,1.4148606665152697e-05
8.39840009535694,0.0003967775913579563,1.3984037157525302e-05
8.400400095356941,0.0004330855929494124,1.3994432553671355e-05
8.402400095356942,0.0004416764167345419,1.4921719540483865e-05
8.40440009535694,0.0004124185270463353,1.5428377448880238e-05
8.40640009535694,0.00038396792066170484,1.6518071015512186e-05
8.40840009535694,0.0003433754212797898,1.7458435184528948e-05
8.410400095356941,0.0003337366918371816,1.733527516753647e-05
8.41240009535694,0.00041599240974708924,1.6875433429683766e-05
8.414400095356939,0.0004223734353517548,1.5901441298209074e-05
8.41640009535694,0.0004317269675780162,1.547206986568447e-05
8.41840009535694,0.0004677660448393104,1.4662669273975881e-05
8.42040009535694,0.0004647694058943271,1.4241429910978163e-05
8.422400095356938,0.00042189367574128704,1.5258572801974083e-05
8.424400095356939,0.00039889001708877077,1.541585925467205e-05
8.42640009535694,0.0004240833997632311,1.6118089762922447e-05
8.428400095356938,0.0003998128874107459,1.617138327255461e-05
8.430400095356937,0.0004068233060263327,1.647881605081915e-05
8.432400095356938,0.0004192097322338974,1.645071051906242e-05
8.434400095356938,0.0003974036343050087,1.584839460261332e-05
8.436400095356937,0.00043634840701950217,1.547012710377472e-05
8.438400095356936,0.0004538763574622515,1.4743137426652223e-05
8.440400095356937,0.00039963185824388824,1.4307696267595451e-05
8.442400095356938,0.0004211649738545642,1.4304718391881475e-05
8.444400095356936,0.0004173044954698029,1.4727498486532344e-05
8.446400095356935,0.0004490092976903342,1.5127705417641619e-05
8.448400095356936,0.00041837421715611904,1.5461344668947984e-05
8.450400095356937,0.0004665295837828789,1.5523118263640997e-05
8.452400095356936,0.00045013451731994056,1.5502183471646826e-05
8.454400095356934,0.00041630570985482743,1.4854246636270608e-05
8.456400095356935,0.00044799605183282637,1.4037085183175219e-05
8.458400095356936,0.00042815300934418766,1.3297656394330462e-05
8.460400095356935,0.00045743208446287926,1.3278771288687254e-05
8.462400095356934,0.0004457694638304017,1.3074692257041428e-05
8.464400095356934,0.000464779252638309,1.384447518472114e-05
8.466400095356935,0.00042822710961840294,1.4540677424038752e-05
8.468400095356934,0.00042490666842935084,1.5253912203170945e-05
8.470400095356933,0.0004274668458029859,1.5700627092853944e-05
8.472400095356933,0.00041742570150649143,1.5338047628250703e-05
8.474400095356934,0.00045268397948602094,1.4997380059291642e-05
8.476400095356933,0.0004591305494851693,1.4349534918276772e-05
8.478400095356932,0.0004167247962037618,1.3680693491268293e-05
8.480400095356933,0.0004578555837776067,1.3482185091845143e-05
8.482400095356933,0.0004740152015026539,1.3846521476948224e-05
8.484400095356932,0.0004510351257792692,1.4662906810560438e-05
8.486400095356931,0.00042180228945087227,1.5667342440013274e-05
8.488400095356932,0.00044397200602526926,1.7065192895122784e-05
8.490400095356932,0.0005592637657327865,1.862424390395258e-05
8.492400095356931,0.0005162364027913295,1.9808250213274597e-05
8.49440009535693,0.00048826151591695405,1.906057779227899e-05
8.49640009535693,0.0004902170563411472,1.8023328688005714e-05
8.498400095356931,0.0004957276945158726,1.7359830489365938e-05
8.50040009535693,0.0004421615016812205,1.5878089124001168e-05
8.50240009535693,0.0004533592607484492,1.4784604610811745e-05
8.50440009535693,0.0004672247242929387,1.4783197863145468e-05
8.50640009535693,0.0004795785876485553,1.564486394325316e-05
8.50840009535693,0.0004186450616738219,1.568589120631703e-05
8.510400095356928,0.0005000586428649605,1.6481648516507443e-05
8.512400095356929,0.0004411162655699624,1.6703359237781835e-05
8.51440009535693,0.0004026728994366813,1.6527465329178123e-05
8.516400095356929,0.0004668511966057984,1.626640088929731e-05
8.518400095356927,0.00041414368873049344,1.533326767440271e-05
8.520400095356928,0.0003814719296240219,1.4547981839026944e-05
8.522400095356929,0.00041589123844686836,1.4237352406473011e-05
8.524400095356928,0.0004095773165504973,1.4337771979945885e-05
8.526400095356927,0.00041523383787391786,1.510814773093938e-05
8.528400095356927,0.000427583261870348,1.5884683084057186e-05
8.530400095356928,0.0003940603782858007,1.745417564559133e-05
8.532400095356927,0.00039674996383547547,1.7941692674624605e-05
8.534400095356926,0.000400648402391425,1.8572021110521447e-05
8.536400095356926,0.00036243487343091225,1.8618910916546715e-05
8.538400095356927,0.0003761556222376014,1.8020788011387825e-05
8.540400095356926,0.00036755952932920015,1.691515328511314e-05
8.542400095356925,0.00037645471012612514,1.6078531567257043e-05
8.544400095356925,0.0004701657203233317,1.5478766697225357e-05
8.546400095356926,0.0004795391875819833,1.5240622932823742e-05
8.548400095356925,0.00046147751355759235,1.5593217623030966e-05
8.550400095356924,0.00041084227469220146,1.6248310455418058e-05
8.552400095356925,0.00040295210482936653,1.6857188315515838e-05
8.554400095356925,0.0004928199208821847,1.8017920360377198e-05
8.556400095356924,0.0004320162566563579,1.8474738887005006e-05
8.558400095356923,0.000422200727588498,1.8606571178601623e-05
8.560400095356924,0.00036555653667073965,1.8367567476019082e-05
8.562400095356924,0.0003940630742187753,1.7516793520105554e-05
8.564400095356923,0.00041092125763474,1.6622792431077738e-05
8.566400095356922,0.0004508791795462682,1.5547299617131068e-05
8.568400095356923,0.00043863109318217864,1.5484543033950112e-05
8.570400095356923,0.00044420389238367184,1.5634940227993935e-05
8.572400095356922,0.0004972842304504972,1.6425831109512137e-05
8.574400095356921,0.00045232420912487935,1.7233955528824622e-05
8.576400095356922,0.0004236511808567902,1.80544335202903e-05
8.578400095356923,0.000421909366591117,1.858592560865145e-05
8.580400095356921,0.0004185870667410872,1.8867515166012718e-05
8.58240009535692,0.0004199878286793019,1.819058090767831e-05
8.584400095356921,0.00043567021043280625,1.7289770697627333e-05
8.586400095356922,0.0004534755763729204,1.5617725291372784e-05
8.58840009535692,0.00044626648684446086,1.4713180884390462e-05
8.59040009535692,0.0004617571240667656,1.5195083488812097e-05
8.59240009535692,0.0004768290254024666,1.5691544642567035e-05
8.59440009535692,0.00047924673751706685,1.700179079116123e-05
8.59640009535692,0.0004884369515793168,1.8718723334598435e-05
8.598400095356919,0.0004002291622282042,1.9832740379815703e-05
8.60040009535692,0.00045935428358273204,2.0957249630862442e-05
8.60240009535692,0.0004626686497594699,2.1283111899962884e-05
8.604400095356919,0.0004507093855119019,1.9899778476651364e-05
8.606400095356918,0.0004195588975879489,1.7790848565362783e-05
8.608400095356918,0.0003782014604328469,1.6027838065066662e-05
8.610400095356919,0.00046976879163816,1.6244220547454237e-05
8.612400095356918,0.0005216398450118179,1.6636659260266554e-05
8.614400095356917,0.0005425721190955424,1.5973869773243128e-05
8.616400095356918,0.0005113020295166703,1.678627622605327e-05
8.618400095356918,0.0004590363120582324,1.7526422774511967e-05
8.620400095356917,0.0004317369361371088,1.841936710594444e-05
8.622400095356916,0.0004461049879045888,1.9000845113079887e-05
8.624400095356917,0.00039286348558366466,1.924122150379961e-05
8.626400095356917,0.00039321200075206344,1.8387319320240096e-05
8.628400095356916,0.0004531477704667422,1.7097189095963272e-05
8.630400095356915,0.000402166221896651,1.5634481622346964e-05
8.632400095356916,0.00041119831155402557,1.4599259452169872e-05
8.634400095356916,0.000396757929756857,1.4731172467193162e-05
8.636400095356915,0.00047526746077685756,1.5542992344366942e-05
8.638400095356914,0.000421040198227307,1.6808515059335974e-05
8.640400095356915,0.00044727581665956285,1.8698080811497145e-05
8.642400095356916,0.0004278465019417008,2.04641491730993e-05
8.644400095356914,0.0003978863898580089,2.1254061389686954e-05
8.646400095356913,0.00044456391536421003,2.089534921218474e-05
8.648400095356914,0.00043492790379273,1.9644244557699307e-05
8.650400095356915,0.0004390539964167953,1.8498938961643468e-05
8.652400095356914,0.0004532114076844882,1.764870786312905e-05
8.654400095356912,0.00046107439297393086,1.6434859639302703e-05
8.656400095356913,0.0004894631452555899,1.5837117869177425e-05
8.658400095356914,0.00047274109702150063,1.5665262374170506e-05
8.660400095356913,0.0004893176545753602,1.620864756326187e-05
8.662400095356912,0.0004031603859240743,1.7212607526230837e-05
8.664400095356912,0.00043412826763192274,1.7603934870139283e-05
8.666400095356913,0.00044253668997528366,1.822104407156062e-05
8.668400095356912,0.00046093472250116846,1.823820603991447e-05
8.67040009535691,0.00045558862441689866,1.7965916299376078e-05
8.672400095356911,0.0004173813004113978,9.579608685365572e-06
8.674400095356912,0.0004200879983208013,8.835899446824686e-06
8.676400095356911,0.00043498089922161315,8.391031716432586e-06
8.67840009535691,0.00048107832266133327,8.791713142437435e-06
8.68040009535691,0.0004416749712789503,8.193200350440429e-06
8.682400095356911,0.00046099877361871624,8.615086181172175e-06
8.68440009535691,0.0004579191638651404,9.355627514429375e-06
8.686400095356909,0.0004517142554645991,9.526221930551029e-06
8.68840009535691,0.00044450916769348724,9.99778912244858e-06
8.69040009535691,0.00043546833500234704,9.998153850864694e-06
8.69240009535691,0.0004065882488312476,9.3444849390084e-06
8.694400095356908,0.0003888488450792328,9.276592272538346e-06
8.696400095356909,0.00041239773078435865,9.240852440480963e-06
8.69840009535691,0.00039716151298996365,8.296047204262351e-06
8.700400095356908,0.00043450912233576497,8.237786685663253e-06
8.702400095356907,0.0004365280051390545,8.303349906570578e-06
8.704400095356908,0.00044626951296054845,8.086108439046195e-06
8.706400095356909,0.00045126181538860066,9.13067529934467e-06
8.708400095356907,0.00043178893767976837,9.676622747650863e-06
8.710400095356906,0.0004249755403679538,9.557143718222463e-06
8.712400095356907,0.00043380190544959935,1.0507883462659686e-05
8.714400095356908,0.0003897040897117733,9.763345229503674e-06
8.716400095356907,0.0003724096385577881,9.195898376020313e-06
8.718400095356905,0.000396519242856849,9.138176292517662e-06
8.720400095356906,0.0003948224131673694,8.17618358279696e-06
8.722400095356907,0.00041027865335434304,8.097703364340192e-06
8.724400095356906,0.00042850255060593166,8.39285901451486e-06
8.726400095356905,0.00042856596333765867,8.212016534525992e-06
8.728400095356905,0.0004370706650960833,8.91806913043042e-06
8.730400095356906,0.0004012078297284482,9.38638215807924e-06
8.732400095356905,0.0004099670382760236,9.389512913094993e-06
8.734400095356904,0.00039607116423367376,9.946587854110392e-06
8.736400095356904,0.0003929872139143644,9.964137211844718e-06
8.738400095356905,0.00036451130169627515,8.898695691358376e-06
8.740400095356904,0.00042117474930914773,9.14090872228699e-06
8.742400095356903,0.0004140546869043614,8.58284323619063e-06
8.744400095356903,0.0004035106735929926,7.86602279922869e-06
8.746400095356904,0.00043087715013417856,8.632465337567429e-06
8.748400095356903,0.0004261538944054146,8.358099771167968e-06
8.750400095356902,0.0004180826226690812,8.524686311542297e-06
8.752400095356903,0.0004107083291318464,9.89317704505346e-06
8.754400095356903,0.0004034584720305226,9.544750554215086e-06
8.756400095356902,0.0004230721153919418,9.633040705596267e-06
8.758400095356901,0.00040332846975200953,1.0164092867637506e-05
8.760400095356902,0.00038669494931540274,8.979092862544651e-06
8.762400095356902,0.0004092390198505853,8.749946298834965e-06
8.764400095356901,0.0003987256354358514,8.851301905101788e-06
8.7664000953569,0.0003933605100585426,7.911414602682433e-06
8.7684000953569,0.00042437217717058995,7.906738028853854e-06
8.770400095356901,0.0004062291392654583,1.0639213545451332e-05
8.7724000953569,0.0004230963382009256,9.907831005406959e-06
8.7744000953569,0.00039089508199684333,1.0734532611019164e-05
8.7764000953569,0.00037720431590844997,1.2308463687290475e-05
8.7784000953569,0.00035079460831990446,1.089227126207001e-05
8.7804000953569,0.0003973904926049441,1.1921404263153816e-05
8.782400095356898,0.0003773595362085439,1.2417134521716603e-05
8.784400095356899,0.00039936180207938304,1.0311419144442565e-05
8.7864000953569,0.00039464487627346274,1.061865128879391e-05
8.788400095356899,0.0003805739064261383,1.0372111528762857e-05
8.790400095356897,0.0003686929388719027,9.124839516976274e-06
8.792400095356898,0.0003852349008488254,1.0564215100645243e-05
8.794400095356899,0.00041968361029103213,1.1255349890271151e-05
8.796400095356898,0.0004310388040401163,1.0443282279935515e-05
8.798400095356897,0.0004144011375157358,1.1096313034896412e-05
8.800400095356897,0.00038395734859934355,1.076938809756428e-05
8.802400095356898,0.00038474279688943826,1.0267862482629363e-05
8.804400095356897,0.0003822403123524882,1.1549830573486231e-05
8.806400095356896,0.0004224787189734116,1.0491356329879586e-05
8.808400095356896,0.00046072023168971534,1.0032279980378323e-05
8.810400095356897,0.0004279730610300764,1.021079629310136e-05
8.812400095356896,0.0003985716539096968,9.572974734441511e-06
8.814400095356895,0.0003837423186814522,1.021579380984522e-05
8.816400095356896,0.00037369442484149525,1.0436477485717828e-05
8.818400095356896,0.0004323784666005847,1.0689217878209654e-05
8.820400095356895,0.0004174839221172783,1.1150770911315095e-05
8.822400095356894,0.0004121308595299031,1.1399974667637076e-05
8.824400095356895,0.0004188423013861819,1.1425499265261974e-05
8.826400095356895,0.0004432834985259261,1.1366660655615327e-05
8.828400095356894,0.00041384040546569266,1.1008917178058137e-05
8.830400095356893,0.0003741055821749667,1.0517022162323659e-05
8.832400095356894,0.0004170484098395606,1.0167056537230277e-05
8.834400095356894,0.0004217067885474486,1.00083499941805e-05
8.836400095356893,0.0004619861387412402,1.0668818807058485e-05
8.838400095356892,0.00046737749097210335,1.0364658483324387e-05
8.840400095356893,0.0004681441445612787,1.0585381801558242e-05
8.842400095356894,0.0004048456977596054,1.1570447676448383e-05
8.844400095356892,0.0004187072525887263,1.0885173948221785e-05
8.846400095356891,0.000428480417210218,1.0788595940928388e-05
8.848400095356892,0.0005183529294719481,1.2297800312115006e-05
8.850400095356893,0.00046323271479270495,1.0567803239640683e-05
8.852400095356892,0.00043038926158131866,1.0796637776065232e-05
8.85440009535689,0.0004167589025519409,1.0916225386829517e-05
8.856400095356891,0.00041280395694703274,9.633121649967546e-06
8.858400095356892,0.00041029384207506435,9.97004830396883e-06
8.86040009535689,0.0004144117388314693,1.1229857268155933e-05
8.86240009535689,0.00039859641117592586,1.061293238535409e-05
8.86440009535689,0.0004427925929957029,1.1121352021284439e-05
8.86640009535689,0.000420865772748112,1.201438342813431e-05
8.86840009535689,0.0004450437790271555,1.1717998293117686e-05
8.870400095356889,0.0004376783401280351,1.29015181779379e-05
8.87240009535689,0.00043448711791117497,1.1925867796327802e-05
8.87440009535689,0.0003811760751679931,1.0418076135964313e-05
8.876400095356889,0.0004073590279752555,1.068671163187496e-05
8.878400095356888,0.00045123704032557307,1.0407263281505859e-05
8.880400095356888,0.00044825020750200134,9.708648248849068e-06
8.88240009535689,0.00040663498220052464,1.0701066951037997e-05
8.884400095356888,0.0003936840096169842,1.0388502895208483e-05
8.886400095356887,0.0003986985048328113,1.0893649226334535e-05
8.888400095356888,0.000408537434738897,1.1916589018165215e-05
8.890400095356888,0.0004231502513702699,1.1583124656814557e-05
8.892400095356887,0.0004437476642333318,1.1662733068308936e-05
8.894400095356886,0.0004578388101227775,1.2107982752256964e-05
8.896400095356887,0.00045845581565612047,1.1598228942244074e-05
8.898400095356887,0.00045159474983953306,1.097501193713689e-05
8.900400095356886,0.0004362889222860448,1.0501373982612641e-05
8.902400095356885,0.00042266283354966855,1.0172276745241732e-05
8.904400095356886,0.00043036582811898733,1.0617812241634595e-05
8.906400095356886,0.00048280601633233236,1.08678256107559e-05
8.908400095356885,0.00046335050660537095,1.1074699669724907e-05
8.910400095356884,0.00045555166497658275,1.1959683675883401e-05
8.912400095356885,0.000481449278426226,1.2165979616809685e-05
8.914400095356886,0.0005052412892011009,1.2475999574458173e-05
8.916400095356884,0.00044045910738602453,1.3004720899821808e-05
8.918400095356883,0.0004334827465462745,1.2093143818812722e-05
8.920400095356884,0.0004131255303867183,1.1658626725711314e-05
8.922400095356885,0.0005027117127287176,1.1848866270224769e-05
8.924400095356884,0.0005596632054185211,1.0614811589136794e-05
8.926400095356883,0.0005361613017986328,1.021123710058552e-05
8.928400095356883,0.0005135152030481213,1.1024242651881586e-05
8.930400095356884,0.0005192621891114321,1.0716801128996116e-05
8.932400095356883,0.0005220557098898186,1.0893844035548993e-05
8.934400095356882,0.00046875893662566174,1.2431774625306304e-05
8.936400095356882,0.0005185501921860194,1.1926218525019874e-05
8.938400095356883,0.0005071003214059032,1.224580743949163e-05
8.940400095356882,0.0005394661392866053,1.3090497516051634e-05
8.94240009535688,0.0005328383618218782,1.1594331037313182e-05
8.944400095356881,0.0005216963415449951,1.151286421787859e-05
8.946400095356882,0.0004889095984276842,1.1865191564017525e-05
8.948400095356881,0.000525985789146598,1.0197497425720303e-05
8.95040009535688,0.000502746415423097,1.01715348635121e-05
8.95240009535688,0.0004945269192603313,1.1459667470661338e-05
8.954400095356881,0.0005263766597681925,1.0327084130425143e-05
8.95640009535688,0.0005379603699351839,1.1412443661381159e-05
8.958400095356879,0.0005123049634356608,1.3080818404969912e-05
8.96040009535688,0.0005337207355384805,1.1610208044023661e-05
8.96240009535688,0.0005174410041692313,1.2245884257447003e-05
8.96440009535688,0.00048372506049957546,1.3521541149471667e-05
8.966400095356878,0.00046603138388058324,1.1249867991361212e-05
8.968400095356879,0.0005026742637443905,1.1073045481533123e-05
8.97040009535688,0.0004885310600074681,1.1638239267402343e-05
8.972400095356878,0.000527491108993535,9.652783965462494e-06
8.974400095356877,0.0005064519841099064,9.560092133223202e-06
8.976400095356878,0.00044801550728595924,1.0726546755984194e-05
8.978400095356879,0.0004221552194346649,9.951944177782557e-06
8.980400095356877,0.000475589860170836,1.0496990798602182e-05
8.982400095356876,0.00042605186060199276,1.2608795808302396e-05
8.984400095356877,0.0005022097970900367,1.2473819084013792e-05
8.986400095356878,0.000517098260402752,1.1944572263034743e-05
8.988400095356877,0.0005173401210435543,1.2682026427709228e-05
8.990400095356875,0.00048449787872941374,1.1917157356669956e-05
8.992400095356876,0.000512886012921699,1.0776959925198803e-05
8.994400095356877,0.0004874346032756533,1.0890046516110656e-05
8.996400095356876,0.00047056448983289856,1.055777311025933e-05
8.998400095356875,0.0004883181069205197,9.612784624688266e-06
9.000400095356875,0.00047373361280546273,1.020270923900759e-05
9.002400095356876,0.00046330363953799795,1.1292540143521339e-05
9.004400095356875,0.00050951927152344,1.091239917205254e-05
9.006400095356874,0.0005037512817364584,1.1324047952368564e-05
9.008400095356874,0.0004684317000629873,1.2734546510703224e-05
9.010400095356875,0.00046998271164220293,1.2271780689774627e-05
9.012400095356874,0.00046742498484057213,1.1196115696535039e-05
9.014400095356873,0.00047706252276704487,1.1782409988267914e-05
9.016400095356873,0.0004676114566783954,1.1748094326412222e-05
9.018400095356874,0.0005091918894485902,1.011412459335987e-05
9.020400095356873,0.0005428095877521427,9.769624844731797e-06
9.022400095356872,0.0005854813195653827,1.096547716847198e-05
9.024400095356873,0.0006127009664042639,9.920057626844231e-06
9.026400095356873,0.0005461926819356907,9.458995583961378e-06
9.028400095356872,0.0005237739909289154,1.1358846041433819e-05
9.030400095356871,0.00048711996587294694,1.1131978392497046e-05
9.032400095356872,0.0004846464120008548,1.0262435399676822e-05
9.034400095356872,0.0004785650506878085,1.1936470812739134e-05
9.036400095356871,0.00048127221932932384,1.2091015686761194e-05
9.03840009535687,0.0005192317288737872,1.010401459815875e-05
9.04040009535687,0.0005181412235198416,1.043661610528554e-05
9.042400095356872,0.0005178660426468081,1.1398203178425603e-05
9.04440009535687,0.0005115767429336346,9.512576458490458e-06
9.04640009535687,0.000503902018531449,9.466827200870053e-06
9.04840009535687,0.0004801645656694191,1.069170472506751e-05
9.05040009535687,0.000498010024800662,1.040278480165723e-05
9.05240009535687,0.00048114184418201203,1.0327501654315366e-05
9.054400095356868,0.0005376307399480521,1.152856043385296e-05
9.056400095356869,0.0005620586516885759,1.163229281239025e-05
9.05840009535687,0.0004999478652191104,1.0728691999783172e-05
9.060400095356869,0.0004952845100652884,1.1288731274953728e-05
9.062400095356868,0.000434930573940662,1.1377238119095733e-05
9.064400095356868,0.0004440631243863017,9.690518172091568e-06
9.066400095356869,0.00046381496848594406,9.796706470654455e-06
9.068400095356868,0.0004726455677739579,1.0415159385624949e-05
9.070400095356867,0.0004831055934180157,9.526512171008553e-06
9.072400095356867,0.0004388741955114442,9.56681214822898e-06
9.074400095356868,0.000452704803032288,1.0320698800382305e-05
9.076400095356867,0.0004911787777768669,1.0754153973903156e-05
9.078400095356866,0.0004901949161821031,1.0449277993369475e-05
9.080400095356866,0.0004636530833862545,1.1577290221853722e-05
9.082400095356867,0.0004285883652904337,1.203537136925579e-05
9.084400095356866,0.00043334477179556225,1.126176318048196e-05
9.086400095356865,0.000449759738222084,1.0450165302875939e-05
9.088400095356866,0.0005066175622957827,1.0722275037008806e-05
9.090400095356866,0.0005262926000136867,1.0612131331906683e-05
9.092400095356865,0.0004742706145270416,9.554033600330463e-06
9.094400095356864,0.0004689733627774207,9.782267764763279e-06
9.096400095356865,0.0005045527284176546,1.0594140582017719e-05
9.098400095356865,0.00048293177049964664,9.85879384370055e-06
9.100400095356864,0.00044348417500226524,1.0310644524731498e-05
9.102400095356863,0.00042271512621828294,1.0944315488506952e-05
9.104400095356864,0.00048159974900539274,1.1214572207502216e-05
9.106400095356864,0.00048804210089512884,1.0839975497305792e-05
9.108400095356863,0.0005272177242045385,1.0902811764367419e-05
9.110400095356862,0.0004899916532633586,1.0841727073533351e-05
9.112400095356863,0.00044747708996626875,1.0396160886292144e-05
9.114400095356864,0.00042675647659437207,1.000001904777634e-05
9.116400095356862,0.000473101670989291,9.98003601996687e-06
9.118400095356861,0.00046866875313408086,9.93601727037784e-06
9.120400095356862,0.00044107663216078085,1.0118747787652772e-05
9.122400095356863,0.0004702566763072071,1.007514664520259e-05
9.124400095356862,0.0005097366926178159,1.0620082992689757e-05
9.12640009535686,0.0004918559819663103,1.1345444351444143e-05
9.128400095356861,0.00045481580988690365,1.0915239786361236e-05
9.130400095356862,0.00045132268045338796,1.0922653331706106e-05
9.13240009535686,0.0004829209103576283,1.108661297445864e-05
9.13440009535686,0.0004859635434447133,1.0537606771126034e-05
9.13640009535686,0.0004607946251078652,1.0046489692325625e-05
9.138400095356861,0.00047903574730407767,1.0181621586697972e-05
9.14040009535686,0.0005058383135417706,1.0022779105459577e-05
9.142400095356859,0.0005194342651335695,9.513840666282243e-06
9.14440009535686,0.0005205139980166095,1.0075648341189633e-05
9.14640009535686,0.0005000127541648295,1.0901286467965773e-05
9.148400095356859,0.0004967307817595682,1.0550344896467731e-05
9.150400095356858,0.0005210868813063502,1.0531799659045023e-05
9.152400095356859,0.0005127727611882159,1.1589226750832368e-05
9.15440009535686,0.0004825185083939953,1.127997155256665e-05
9.156400095356858,0.0004781194739601053,1.0124071535319306e-05
9.158400095356857,0.0005011393782774774,1.0870070248236579e-05
9.160400095356858,0.00047765720840180247,1.0676267220171703e-05
9.162400095356858,0.0005306862923292518,9.649519645689595e-06
9.164400095356857,0.0005229552351660098,9.475087357494487e-06
9.166400095356856,0.0005325473627328043,1.026063060883592e-05
9.168400095356857,0.0005501019876657355,1.0039929462613347e-05
9.170400095356857,0.0005075645562797962,9.662773552062823e-06
9.172400095356856,0.00046600383453144844,1.1010394442967229e-05
9.174400095356855,0.00046494287826790294,1.1157415182885869e-05
9.176400095356856,0.00046624930685933765,1.0430520045108657e-05
9.178400095356857,0.0005148720809510634,1.1188917056075745e-05
9.180400095356855,0.0005151574878911313,1.170665390950904e-05
9.182400095356854,0.0005673391841276851,1.0765485324894015e-05
9.184400095356855,0.000520383513441231,1.0255467188102236e-05
9.186400095356856,0.0004975511248092753,1.0703321415215826e-05
9.188400095356855,0.0005090937577389516,9.983961612804232e-06
9.190400095356853,0.0004931572827180555,9.565714036882656e-06
9.192400095356854,0.0005198258664220726,1.0468734978095687e-05
9.194400095356855,0.0005257122707321534,1.1426368853739292e-05
9.196400095356854,0.0005097024660851087,1.0595272740649424e-05
9.198400095356853,0.0005225902029554818,1.1607270559402406e-05
9.200400095356853,0.0005043282016932076,1.2254278109844517e-05
9.202400095356854,0.00048505426536754186,1.1778048601127691e-05
9.204400095356853,0.0004542237174042612,1.137368460714181e-05
9.206400095356852,0.0004968535531057201,1.1700848680915484e-05
9.208400095356852,0.0005206388613618569,1.1481624096322382e-05
9.210400095356853,0.000510134389879541,1.0953857796813249e-05
9.212400095356852,0.0005161358509058703,1.0591773528941234e-05
9.21440009535685,0.0005169752559764111,1.0456539171145242e-05
9.216400095356851,0.00052613830654549,1.0656741800928413e-05
9.218400095356852,0.0005327080679177373,1.1001538345732295e-05
9.220400095356851,0.000550145198319162,1.1611358371543256e-05
9.22240009535685,0.0005576509715182058,1.1874594962267753e-05
9.22440009535685,0.0005193660277826337,1.2692552575829545e-05
9.226400095356851,0.00053346848298743,1.2722413458157727e-05
9.22840009535685,0.0005525985926669486,1.1973338034832699e-05
9.230400095356849,0.0005384755190566175,1.2386479106360658e-05
9.23240009535685,0.0005400116596802154,1.2234025745708947e-05
9.23440009535685,0.0005450082331060189,1.1021898892655978e-05
9.23640009535685,0.0005883238601700542,1.0387481456471136e-05
9.238400095356848,0.0005734150218196555,1.092369961158943e-05
9.240400095356849,0.0005540580076770002,1.0934834785792406e-05
9.24240009535685,0.0005585545416483727,9.970083752000246e-06
9.244400095356848,0.0005374711797795115,1.1153750730380347e-05
9.246400095356847,0.0005112227356520863,1.2896538942395196e-05
9.248400095356848,0.0005187870274553489,1.1959004217734179e-05
9.250400095356849,0.000502067630250935,1.1274896271187796e-05
9.252400095356847,0.0004921550804629367,1.2933691116554722e-05
9.254400095356846,0.0005470518860047041,1.3420991170428951e-05
9.256400095356847,0.0005626285610014094,1.0752125597762474e-05
9.258400095356848,0.000593264755165864,1.0780425486458671e-05
9.260400095356847,0.0005866153677154071,1.2024855565446897e-05
9.262400095356845,0.0005515006452557406,1.0399161976285305e-05
9.264400095356846,0.0005701446395179892,9.105085870757763e-06
9.266400095356847,0.0005259841782086379,1.0633848055929424e-05
9.268400095356846,0.0004957845272888117,1.2031310999153446e-05
9.270400095356845,0.0004972600991049695,1.08444722062757e-05
9.272400095356845,0.0005104646144366413,1.0694091463852867e-05
9.274400095356846,0.0004987072451752006,1.3057858684881596e-05
9.276400095356845,0.00052944223141845,1.3642681904728433e-05
9.278400095356844,0.00052064206567779,1.159994035792158e-05
9.280400095356844,0.0005464944807850917,1.1582677814727375e-05
9.282400095356845,0.0005821580381391099,1.331892337948443e-05
9.284400095356844,0.0005396285584439169,1.204935428978008e-05
9.286400095356843,0.000553019743924399,1.0428697196510452e-05
9.288400095356844,0.0005670867476656708,1.0799910743871562e-05
9.290400095356844,0.0005266056821090749,1.1305398028450686e-05
9.292400095356843,0.0005281702003471537,1.0708572397740632e-05
9.294400095356842,0.000554675075331936,1.098652350902522e-05
9.296400095356843,0.0005808865085505662,1.2230366877813878e-05
9.298400095356843,0.0005940594032032226,1.292259904841447e-05
9.300400095356842,0.0005045703355254626,1.2680730161776055e-05
9.302400095356841,0.0004375479769786754,1.2373637483639618e-05
9.304400095356842,0.0005227644158375585,1.26358784475419e-05
9.306400095356842,0.000520947380916903,1.3310985529237655e-05
9.308400095356841,0.0005435923746808743,1.188125769825079e-05
9.31040009535684,0.0005302650576740834,1.091954685834366e-05
9.31240009535684,0.0005496884997583186,1.0656491842342784e-05
9.314400095356842,0.0006173030015228654,1.1133846760420922e-05
9.31640009535684,0.0006410176309195578,1.0980116928530596e-05
9.31840009535684,0.0005897400989454075,1.0593627226931546e-05
9.32040009535684,0.0005606417611497373,1.1259422340988625e-05
9.32240009535684,0.0005688930750577005,1.3204849410273105e-05
9.32440009535684,0.0005255776710413317,1.3469462433871312e-05
9.326400095356838,0.0005410566189972487,1.2202545574655808e-05
9.32840009535684,0.0005136225347814466,1.2439115691881589e-05
9.33040009535684,0.0005379823605761377,1.3820049374736036e-05
9.332400095356839,0.0005405767124321443,1.2231003665395178e-05
9.334400095356838,0.0005506552687576243,1.0313144875922954e-05
9.336400095356838,0.0005359428149067774,1.0915751340240152e-05
9.338400095356839,0.0005695502006458189,1.1247414900723762e-05
9.340400095356838,0.000550127276669407,1.0357382539253747e-05
9.342400095356837,0.0005276331238051066,9.638873726666031e-06
9.344400095356837,0.0005528589017994689,1.090300159334925e-05
9.346400095356838,0.0005311737681227458,1.2351362466053306e-05
9.348400095356837,0.0005135531380363326,1.1588300273735531e-05
9.350400095356836,0.0004818357624603384,1.0994311500276018e-05
9.352400095356836,0.0005130951813842084,1.2320133409315373e-05
9.354400095356837,0.0005285523718544697,1.2708796220160333e-05
9.356400095356836,0.0005676607509893741,1.1551239368563985e-05
9.358400095356835,0.0005695068448989311,1.0741301170358163e-05
9.360400095356836,0.0006063950851308838,1.1022429729467413e-05
9.362400095356836,0.0005858112949730093,1.1182755663329532e-05
9.364400095356835,0.000581273527720637,9.818410371772293e-06
9.366400095356834,0.0005459334529818424,9.4535850784811e-06
9.368400095356835,0.0005191036457295405,1.0116812338906392e-05
9.370400095356835,0.0005033432017771611,1.0726077083723175e-05
9.372400095356834,0.000522075360730951,1.060772858216681e-05
9.374400095356833,0.000565541748053014,1.0929831466782738e-05
9.376400095356834,0.0005636953475605499,1.1436193500392862e-05
9.378400095356834,0.0005592950576593001,1.1666592430859686e-05
9.380400095356833,0.0005638493312278626,1.141670703820041e-05
9.382400095356832,0.0005786440239011517,1.0871912940449403e-05
9.384400095356833,0.0005804452953626209,1.0333911157746306e-05
9.386400095356834,0.0005838185822193847,1.0195972121109222e-05
9.388400095356833,0.000577368967867713,9.96715447237844e-06
9.390400095356831,0.0005506572962906796,9.567132749317154e-06
9.392400095356832,0.0005294706352703512,9.297568175728264e-06
9.394400095356833,0.0005040613858073084,9.61283034407393e-06
9.396400095356832,0.0005314580206775099,1.0426617932681098e-05
9.39840009535683,0.0005398261811995698,1.0709209230097603e-05
9.400400095356831,0.0005782026759446067,1.0786614567706617e-05
9.402400095356832,0.0005267679110039774,1.0917838316252915e-05
9.40440009535683,0.000577887255170964,1.1907466735879508e-05
9.40640009535683,0.0005494385320581189,1.1809863354416077e-05
9.40840009535683,0.0005403973686616588,1.110135456449622e-05
9.410400095356831,0.0005549442990701797,1.014222344759519e-05
9.41240009535683,0.0005306405323649511,1.0014839195384029e-05
9.414400095356829,0.0005002153946346009,9.648017751510353e-06
9.41640009535683,0.0005511327544446094,9.56466454809612e-06
9.41840009535683,0.0005656185306388196,9.302402704453312e-06
9.420400095356829,0.0005620460939627046,9.909206683331402e-06
9.422400095356828,0.0005503523344874298,1.0189619507879995e-05
9.424400095356829,0.000521165049398523,1.0662724761938938e-05
9.42640009535683,0.0004790349024663915,1.07892260441617e-05
9.428400095356828,0.0005472922644560595,1.1217744383664932e-05
9.430400095356827,0.0005333367846357378,1.1029669129582393e-05
9.432400095356828,0.0005239401337806364,1.139926402793793e-05
9.434400095356828,0.0005047435963890046,1.0246371936511463e-05
9.436400095356827,0.0005243346882664558,1.0005570320622913e-05
9.438400095356826,0.0005491211900646612,1.0008242110561203e-05
9.440400095356827,0.0005880404837232342,9.598575509566368e-06
9.442400095356827,0.0005850646997784805,9.909943672512719e-06
9.444400095356826,0.0005399542724446515,9.326902985214774e-06
9.446400095356825,0.0005567625012217811,1.0185354593918743e-05
9.448400095356826,0.0005474419313911603,1.0717505110610708e-05
9.450400095356827,0.0005851936784941562,1.0959292621821344e-05
9.452400095356825,0.0005502517993737597,1.0404992982150602e-05
9.454400095356824,0.0005518024993524626,1.1690029340941977e-05
9.456400095356825,0.0005465330805054233,1.1518051151785048e-05
9.458400095356826,0.0005322656277376588,1.0919941662607756e-05
9.460400095356825,0.0005181929187361232,1.0010273608619269e-05
9.462400095356823,0.0005658274217962622,9.887471948915622e-06
9.464400095356824,0.0005759523278243561,1.0014423659771045e-05
9.466400095356825,0.0006223924218096169,9.815128002686558e-06
9.468400095356824,0.0005822676026746578,9.252879713240844e-06
9.470400095356823,0.0005732495835853384,9.777059235378636e-06
9.472400095356823,0.0005729743197987206,1.0320458082752892e-05
9.474400095356824,0.0005648421752728223,1.0363816807864981e-05
9.476400095356823,0.0005238230118034473,1.0595413879755272e-05
9.478400095356822,0.0004287571796388409,1.1496812018507446e-05
9.480400095356822,0.00048145994291586507,1.2851881868683664e-05
9.482400095356823,0.0005044501241222041,1.1399883178384072e-05
9.484400095356822,0.0005234461397962039,1.0013512331396316e-05
9.48640009535682,0.0005556164878111904,1.032265797615775e-05
9.488400095356821,0.0005462509793780841,1.0706439697756051e-05
9.490400095356822,0.0005903200557758364,1.048785089291236e-05
9.492400095356821,0.0005728933083769413,9.149919706273751e-06
9.49440009535682,0.000588690273976554,9.347163459272373e-06
9.49640009535682,0.0005586005223257709,1.0243118754758072e-05
9.498400095356821,0.0005502071041999762,1.0990789557598264e-05
9.50040009535682,0.0005496532429286817,1.0690135501919273e-05
9.502400095356819,0.0005475469000314696,1.0702723789072356e-05
9.50440009535682,0.000475135668603568,1.145465927945574e-05
9.50640009535682,0.0005205150038419838,1.178274937564205e-05
9.50840009535682,0.0005675343852587714,1.1653782576820261e-05
9.510400095356818,0.000551898385054746,1.1603442425550226e-05
9.512400095356819,0.0005924950563709509,1.057858484915014e-05
9.51440009535682,0.0006349592197440509,1.0100966506161467e-05
9.516400095356818,0.0006329527149733699,9.816663669676536e-06
9.518400095356817,0.0005769467696034668,9.897967862545258e-06
9.520400095356818,0.0006256935739366357,9.967670916142717e-06
9.522400095356819,0.0006056112600233466,9.702905589830062e-06
9.524400095356818,0.0005932342431564083,9.766536971228969e-06
9.526400095356816,0.000588238437198423,1.113122879535807e-05
9.528400095356817,0.0005780063244687564,1.2044359833648392e-05
9.530400095356818,0.0006254254750054899,1.1663853085914396e-05
9.532400095356817,0.0005980068724019303,1.1019797094036853e-05
9.534400095356816,0.0005673720340528765,1.2224112051415447e-05
9.536400095356816,0.000598263440129101,1.2212892808688338e-05
9.538400095356817,0.000604040083445947,1.090793972683078e-05
9.540400095356816,0.0005922339111826242,9.224357120542426e-06
9.542400095356815,0.0006039687779964958,9.351198762634128e-06
9.544400095356815,0.0005855110884616331,1.0744355725122882e-05
9.546400095356816,0.0006262428314102787,1.1196093387949535e-05
9.548400095356815,0.0006157997544068087,9.832220173665019e-06
9.550400095356814,0.0006168344439224212,9.687342848867749e-06
9.552400095356814,0.0005832200130930611,1.1606373604067729e-05
9.554400095356815,0.0005870937894848414,1.3477564489494199e-05
9.556400095356814,0.000555605789752325,1.2702232419983006e-05
9.558400095356813,0.0005865035168819253,1.1006283099005443e-05
9.560400095356814,0.0006171054695625573,1.1579236505335568e-05
9.562400095356814,0.00063267109643831,1.3419794381523355e-05
9.564400095356813,0.0006067352080896145,1.2991570850055175e-05
9.566400095356812,0.0006247675644437707,1.0741280806519031e-05
9.568400095356813,0.0006142896686428341,1.0320284838842379e-05
9.570400095356813,0.0006507117781039121,1.0654121558019792e-05
9.572400095356812,0.0006244027624230291,1.0770679337379016e-05
9.574400095356811,0.0006079073048519229,1.0351478059116214e-05
9.576400095356812,0.0005556262591608889,9.6593337696679e-06
9.578400095356812,0.0005808967716579992,1.056276478206939e-05
9.580400095356811,0.0006140008097068391,1.222624405451428e-05
9.58240009535681,0.0006201127332071035,1.256312691155003e-05
9.584400095356811,0.0006161926195406035,1.2210994048291326e-05
9.586400095356812,0.0005853653810006307,1.1342563214825659e-05
9.58840009535681,0.0006248801966836441,1.1764568688076384e-05
9.59040009535681,0.0006531963785166143,1.1350355689565046e-05
9.59240009535681,0.000582989614034536,1.0823056420747395e-05
9.59440009535681,0.0005880586038147487,1.017007222946933e-05
9.59640009535681,0.0006096233804081718,9.760871317865294e-06
9.598400095356808,0.0006427891779645971,9.517567569177563e-06
9.60040009535681,0.0006444495465994166,9.195686903966586e-06
9.60240009535681,0.0005889990862778739,9.801908047242804e-06
9.604400095356809,0.0006086059680308666,1.087110159099506e-05
9.606400095356808,0.0005985068430376811,1.1302035457418564e-05
9.608400095356808,0.0005663146913179087,1.0742739598931437e-05
9.610400095356809,0.0005884532815088706,1.1148533466770255e-05
9.612400095356808,0.0005624306450420658,1.2383125779038535e-05
9.614400095356807,0.0006105641624873889,1.3132274575184706e-05
9.616400095356807,0.0006222915066051765,1.1995373853829336e-05
9.618400095356808,0.0005988916316240819,1.0186381222727411e-05
9.620400095356807,0.0006151555521051322,9.955736533778676e-06
9.622400095356806,0.0006185381715610092,1.0558313743525419e-05
9.624400095356807,0.0006508383287084145,1.0496597982423372e-05
9.626400095356807,0.0006170791910641817,9.165499650526467e-06
9.628400095356806,0.0006255678015700075,8.758367726697687e-06
9.630400095356805,0.0006253145001231899,9.886481184665506e-06
9.632400095356806,0.0006362176325121644,1.1944182939284294e-05
9.634400095356806,0.0006279201317274844,1.2134137798105804e-05
9.636400095356805,0.0006432470121089214,1.1312803282705892e-05
9.638400095356804,0.000614945502084236,1.1571448137299352e-05
9.640400095356805,0.0006336249787668261,1.2510237045683584e-05
9.642400095356805,0.0006504080817401381,1.3103448404944618e-05
9.644400095356804,0.0005998764578406547,1.1867253420667343e-05
9.646400095356803,0.0006599923962871265,1.096766894818462e-05
9.648400095356804,0.0006389296485589012,1.0490635398221505e-05
9.650400095356805,0.0006448481577756453,1.0508521920693021e-05
9.652400095356803,0.0007088960666884977,1.0384525875397315e-05
9.654400095356802,0.0006923965809399131,1.0091359877661563e-05
9.656400095356803,0.0006594384497799579,9.977841983974995e-06
9.658400095356804,0.0006672400610531274,1.1066380721490115e-05
9.660400095356803,0.0006905250974667753,1.2370104544221679e-05
9.662400095356801,0.0007405957655085522,1.2348821814363014e-05
9.664400095356802,0.0006859479680504363,1.2711645281970655e-05
9.666400095356803,0.0006317193028770496,1.2943248922433362e-05
9.668400095356802,0.0006671608407901596,1.3592974565250086e-05
9.6704000953568,0.0006897153571460242,1.3221500167612052e-05
9.672400095356801,0.0007051835182042249,1.2265013335770665e-05
9.674400095356802,0.0007018471924750476,1.2015722906277224e-05
9.6764000953568,0.0006680734308970701,1.1803054734103789e-05
9.6784000953568,0.0006903430112108978,1.1754892354809345e-05
9.6804000953568,0.0007324501351586386,1.1328562896285467e-05
9.682400095356801,0.0007475414643877542,1.060017820231696e-05
9.6844000953568,0.0007268899686656529,1.1587198262796759e-05
9.686400095356799,0.0007005144797252281,1.2620741549824172e-05
9.6884000953568,0.0006693613694234972,1.3479254613465358e-05
9.6904000953568,0.0007002876616506135,1.3842863682906422e-05
9.692400095356799,0.0006869882321054075,1.3222944706843452e-05
9.694400095356798,0.0006667389473633408,1.3804070776020929e-05
9.696400095356799,0.0006830846595346628,1.49580237995728e-05
9.6984000953568,0.0006784942049592581,1.4432257938236413e-05
9.700400095356798,0.0007558090001162294,1.3422245189800491e-05
9.702400095356797,0.0007430890055895407,1.209156320154325e-05
9.704400095356798,0.0007209946704284748,1.1585545213384473e-05
9.706400095356798,0.000726289909213342,1.1788119259351175e-05
9.708400095356797,0.0007402455394238092,1.1571491437249283e-05
9.710400095356796,0.0008104619814585784,1.1230503935747848e-05
9.712400095356797,0.000764573936532653,1.1290681294049461e-05
9.714400095356797,0.0007319509942465404,1.189484520003006e-05
9.716400095356796,0.0007391672927848038,1.3201612830163463e-05
9.718400095356795,0.000705310248060021,1.4590953127609714e-05
9.720400095356796,0.0006680548638492327,1.3389227711255944e-05
9.722400095356797,0.0006948398686579833,1.3126055530004302e-05
9.724400095356796,0.0007070092764544449,1.3143159288579774e-05
9.726400095356794,0.0006831557183415911,1.2931969534642174e-05
9.728400095356795,0.0006742184123176808,1.2473634277002481e-05
9.730400095356796,0.0007266123998391148,1.1356270633590902e-05
9.732400095356795,0.0007643665394538447,1.0580709448053598e-05
9.734400095356794,0.0007727347569085411,1.0370684766419572e-05
9.736400095356794,0.0007425680806257778,1.0542981505272536e-05
9.738400095356795,0.0007286082684680508,1.0426573090878716e-05
9.740400095356794,0.0007272517466934734,1.061376385174162e-05
9.742400095356793,0.0007518019187359332,1.1175737218002652e-05
9.744400095356793,0.0007759252911243236,1.263094687674373e-05
9.746400095356794,0.0006682290270500201,1.2091509560001576e-05
9.748400095356793,0.0007179731555123972,1.2195323982162368e-05
9.750400095356792,0.0007685011741926232,1.2799685931401899e-05
9.752400095356792,0.0007735436389429695,1.3244265110418348e-05
9.754400095356793,0.000741687913569304,1.2428640334083929e-05
9.756400095356792,0.0007409442248915493,1.1255264431318923e-05
9.75840009535679,0.0007335022291098662,1.1132544044028216e-05
9.760400095356792,0.0007309432595602259,1.052714986181418e-05
9.762400095356792,0.0007528409013638792,1.0959328476601545e-05
9.764400095356791,0.0007470717003518826,1.1540383671270222e-05
9.76640009535679,0.0007773697116649082,1.1166584252043565e-05
9.76840009535679,0.0007923888123710236,1.1254252497644581e-05
9.770400095356791,0.0007347582798349499,1.1752851840572759e-05
9.77240009535679,0.0007528109535639181,1.3064972713083194e-05
9.774400095356789,0.0007255911562568637,1.4630494912619588e-05
9.77640009535679,0.0007516306669105638,1.4785980642493522e-05
9.77840009535679,0.0007598714831710756,1.4643457943484976e-05
9.78040009535679,0.0007730345103498531,1.360679521548177e-05
9.782400095356788,0.0007626689713361807,1.3422822945842454e-05
9.784400095356789,0.0007838831357820057,1.387455836594339e-05
9.78640009535679,0.0007859139465988748,1.4372043386253865e-05
9.788400095356788,0.0008033962915038229,1.3519251254925113e-05
9.790400095356787,0.0008433769764774504,1.248869996169053e-05
9.792400095356788,0.0008255204716752339,1.1456947774204442e-05
9.794400095356789,0.0008162520102659715,1.20174708136705e-05
9.796400095356788,0.0008304773751298348,1.2730378944736621e-05
9.798400095356786,0.0007916850164755742,1.4234516022523722e-05
9.800400095356787,0.0008118702931148329,1.4976441654884912e-05
9.802400095356788,0.0007890739030595482,1.4034576870317789e-05
9.804400095356787,0.0007616872167894315,1.3620248511947516e-05
9.806400095356786,0.000800028528583564,1.3668567197331839e-05
9.808400095356786,0.0008024384459806212,1.4053523674768633e-05
9.810400095356787,0.0007698820821239565,1.535740974145159e-05
9.812400095356786,0.000749961203404657,1.3878496611521645e-05
9.814400095356785,0.0007799157704398367,1.2110898152238496e-05
9.816400095356785,0.0008365154808761747,1.0832806157979367e-05
9.818400095356786,0.0008248249668298902,1.0252852256108518e-05
9.820400095356785,0.0008197630250945453,1.0769107743991912e-05
9.822400095356784,0.000837014867669021,1.2230743164424303e-05
9.824400095356784,0.0008651850330496653,1.2875919535203941e-05
9.826400095356785,0.0007919251780406805,1.232873894452694e-05
9.828400095356784,0.0007931814675467081,1.1724185457061746e-05
9.830400095356783,0.000833365808396036,1.1926334671437145e-05
9.832400095356784,0.0008076141453742391,1.3149648264832486e-05
9.834400095356784,0.0008288428535731238,1.4719868017335593e-05
9.836400095356783,0.0008347680095210418,1.4711315792456562e-05
9.838400095356782,0.0007892132475385288,1.3295599998200716e-05
9.840400095356783,0.000777943751059639,1.1637261038256592e-05
9.842400095356783,0.0008540244836560809,1.1357373921265317e-05
9.844400095356782,0.0008309251819663531,1.1867711485297937e-05
9.846400095356781,0.0009008295443856765,1.3063456738437693e-05
9.848400095356782,0.0008807468916423098,1.3447481031847703e-05
9.850400095356783,0.000847897969555147,1.3169086712611204e-05
9.852400095356781,0.0008652101974295061,1.2954593876091069e-05
9.85440009535678,0.0008889307258717335,1.3619351041929828e-05
9.856400095356781,0.0009188448345174517,1.5271085426566666e-05
9.858400095356782,0.0008986289459231909,1.6571281600375902e-05
9.86040009535678,0.0008799206942666146,1.690667317124095e-05
9.86240009535678,0.0008942316617705788,1.7567590673710796e-05
9.86440009535678,0.0008734839575990655,1.7286575992145913e-05
9.86640009535678,0.0009305934229489175,1.6822391368557817e-05
9.86840009535678,0.0009026222492566651,1.6245922115616436e-05
9.870400095356779,0.000868375670552984,1.5151394827250639e-05
9.87240009535678,0.0008909938029674126,1.496988432959539e-05
9.87440009535678,0.000881807950849858,1.4385527542722766e-05
9.876400095356779,0.0008893402564337166,1.4019272741167383e-05
9.878400095356778,0.0009337407415430276,1.407592583996057e-05
9.880400095356778,0.0009422791909355588,1.4085981053678507e-05
9.882400095356779,0.0009389571211645278,1.3984138304669265e-05
9.884400095356778,0.0008646314279340252,1.3727624985374588e-05
9.886400095356777,0.00084943862136445,1.4120996944786834e-05
9.888400095356777,0.000852983751502738,1.545178498616222e-05
9.890400095356778,0.0008547453889848127,1.6207758543765028e-05
9.892400095356777,0.0008833774157547783,1.5607965770787525e-05
9.894400095356776,0.0009525438391948342,1.481102760988633e-05
9.896400095356777,0.0009341941025765674,1.3550645890225131e-05
9.898400095356777,0.0008811560444301426,1.2864974342629935e-05
9.900400095356776,0.0008822453607813815,1.3041319623542095e-05
9.902400095356775,0.0009158746535631006,1.3600377154399051e-05
9.904400095356776,0.0009780224060484493,1.3557018957515608e-05
9.906400095356776,0.0009357713698463077,1.302212693539941e-05
9.908400095356775,0.0009087691523707336,1.3086148327441853e-05
9.910400095356774,0.0009136066246050303,1.3738243314918145e-05
9.912400095356775,0.000906324600009139,1.5176550292719387e-05
9.914400095356775,0.0009080423794068983,1.748887775940639e-05
9.916400095356774,0.0009282037794465007,1.9045477851214e-05
9.918400095356773,0.0008739943751157105,1.8112564637535534e-05
9.920400095356774,0.000893052712639386,1.7781164057322416e-05
9.922400095356775,0.0009742727468695397,1.9380245724270068e-05
9.924400095356773,0.0009948964696613936,2.0306503669963438e-05
9.926400095356772,0.0009393200770853333,1.8353731549373862e-05
9.928400095356773,0.0009196117155983375,1.5866633229219847e-05
9.930400095356774,0.0009723430051290915,1.4888806716036583e-05
9.932400095356773,0.0009580119723002618,1.3386882326358697e-05
9.934400095356771,0.0009118794388106655,1.260808270090232e-05
9.936400095356772,0.0009151632873960209,1.40591201739762e-05
9.938400095356773,0.0008853899997130917,1.6170841234985845e-05
9.940400095356772,0.0008475953459062311,1.5003265704517567e-05
9.94240009535677,0.0008587574555919575,1.4309767583681139e-05
9.944400095356771,0.0008456682926944704,1.4426995080439899e-05
9.946400095356772,0.0008657129423628587,1.4968004406325886e-05
9.94840009535677,0.0008601650993150683,1.5383442413553276e-05
9.95040009535677,0.0008581631601959919,1.6708427348096343e-05
9.95240009535677,0.0008712514970048638,1.644893398628226e-05
9.954400095356771,0.0008375122592762033,1.4773249766437239e-05
9.95640009535677,0.0009005968884845095,1.3435458757803871e-05
9.958400095356769,0.0009174013168785817,1.2790948561851214e-05
9.96040009535677,0.0008907726529855132,1.3051356235216704e-05
9.96240009535677,0.0009399753713925717,1.3770536079383238e-05
9.964400095356769,0.0009440882400245655,1.4357394087281678e-05
9.966400095356768,0.0009581098808094284,1.4177378477389923e-05
9.968400095356769,0.000958970583730093,1.4046239597825566e-05
9.97040009535677,0.0009355671888374912,1.4311347356343723e-05
9.972400095356768,0.0009007556160934263,1.566618466054325e-05
9.974400095356767,0.0008821930761514779,1.855259252389396e-05
9.976400095356768,0.0008463571624753504,1.9546600566961835e-05
9.978400095356768,0.000838570590845026,1.9176141003368484e-05
9.980400095356767,0.0008083816046755363,1.7453932970623626e-05
9.982400095356766,0.0008474028564385529,1.5482790977916725e-05
9.984400095356767,0.0009300239229383237,1.4738270655847767e-05
9.986400095356768,0.0009134750408438498,1.3860538557452194e-05
9.988400095356766,0.0009141835741036577,1.3822357365810764e-05
9.990400095356765,0.0009200314993735788,1.3969076941858934e-05
9.992400095356766,0.0009237240116170418,1.3506815681334262e-05
9.994400095356767,0.000917581350212567,1.231097721871912e-05
9.996400095356766,0.0009612727700796747,1.1710893652707627e-05
9.998400095356764,0.0009307434522108115,1.2171104579422434e-05
10.000400095356765,0.0009163575358061705,1.415946589866339e-05
10.002400095356766,0.0009669889850457354,1.698658034136855e-05
10.004400095356765,0.0008917402949118586,1.8533995063251483e-05
10.006400095356764,0.0008486172271128825,1.8776550458991517e-05
10.008400095356764,0.0008804970405108533,1.8421080199515867e-05
10.010400095356765,0.0009081534254946305,1.7375452190487998e-05
10.012400095356764,0.0009827991160375933,9.803677557418142e-06
10.014400095356763,0.0009676702052104211,9.52298600982816e-06
10.016400095356763,0.0009890049198307887,9.25044806604865e-06
10.018400095356764,0.0010066158120221721,8.960526869663143e-06
10.020400095356763,0.0010179906694783446,8.826728884100911e-06
10.022400095356762,0.001039339725517166,8.319864746554922e-06
10.024400095356762,0.0010489674086357078,8.65610150615194e-06
10.026400095356763,0.0010414727074993585,8.67605597224901e-06
10.028400095356762,0.0010560119023676887,9.12666999897576e-06
10.030400095356761,0.0010497579464129527,9.138437018952967e-06
10.032400095356762,0.001040892635134247,9.834676647238727e-06
10.034400095356762,0.0010462824320712101,9.822001437817632e-06
10.036400095356761,0.0010204019782451034,1.0378355762879745e-05
10.03840009535676,0.0010465142878384051,1.027273538183215e-05
10.04040009535676,0.0010503496913767578,1.074202314078565e-05
10.042400095356761,0.0010618895366816302,1.0098062741485822e-05
10.04440009535676,0.0010344835605996829,1.0255750534423874e-05
10.04640009535676,0.001055668416863009,9.429610149152838e-06
10.04840009535676,0.001024248087449909,9.467647672033185e-06
10.05040009535676,0.0010770989580460072,8.73173080331819e-06
10.05240009535676,0.0010705524188028908,9.049860851370784e-06
10.054400095356758,0.0010951589725443796,9.325370020711995e-06
10.056400095356759,0.0010758953172754506,9.85299910683995e-06
10.05840009535676,0.001062789224665218,9.642530025506437e-06
10.060400095356758,0.0010848358658750966,1.0332630140877898e-05
10.062400095356757,0.0010576695866629758,9.742431331049742e-06
10.064400095356758,0.001036304964534056,1.0295700263085254e-05
10.066400095356759,0.001073275760091233,9.718097113512658e-06
10.068400095356758,0.0010909193552078827,1.0152811542385717e-05
10.070400095356757,0.0010683576976757427,9.580985896207534e-06
10.072400095356757,0.0010838438123140014,1.008255847339878e-05
10.074400095356758,0.0010873274248965447,9.425436309313401e-06
10.076400095356757,0.0011154186982837689,9.517648596773676e-06
10.078400095356756,0.0010740961091848104,8.674655446865442e-06
10.080400095356756,0.0010462862038488276,8.637976602723905e-06
10.082400095356757,0.0010570169680050167,8.2702131241935e-06
10.084400095356756,0.0010859600792307083,8.591599660242484e-06
10.086400095356755,0.0010944271112423504,8.858785985737118e-06
10.088400095356755,0.0011410552122712414,9.686651831549874e-06
10.090400095356756,0.0011282139844878071,9.955920010569847e-06
10.092400095356755,0.0011118484143049293,1.068153425326315e-05
10.094400095356754,0.001092857922529226,1.1056086226901769e-05
10.096400095356755,0.0010666145843478566,1.1045362811165305e-05
10.098400095356755,0.0010246468948317013,1.0689784620474489e-05
10.100400095356754,0.0010461494814643314,9.888289609921342e-06
10.102400095356753,0.0010883628549064937,9.853547845331219e-06
10.104400095356754,0.0010757503594515858,9.05589907459917e-06
10.106400095356754,0.0011014506738797332,9.194790342563619e-06
10.108400095356753,0.00113521611641102,8.709756431136913e-06
10.110400095356752,0.001115572229886688,8.77587061819998e-06
10.112400095356753,0.0011061076006809167,8.343801062907732e-06
10.114400095356753,0.0011026313569735963,8.896954728383422e-06
10.116400095356752,0.0010678021413357427,8.726431941992056e-06
10.118400095356751,0.0011187324235117748,9.655178636655102e-06
10.120400095356752,0.001114140137585545,9.539416507532727e-06
10.122400095356753,0.0010506811189965536,1.0197386165276863e-05
10.124400095356751,0.0010959829657674368,1.0112750178685186e-05
10.12640009535675,0.0011063572736274244,1.0929943847724105e-05
10.128400095356751,0.001113194464766159,1.05049049669752e-05
10.130400095356752,0.0011019401569408757,1.1347991674682353e-05
10.13240009535675,0.0010795358635766474,1.1643921454488489e-05
10.13440009535675,0.0011051692534864335,1.2503465538513665e-05
10.13640009535675,0.0010920543811651178,1.0983489405235784e-05
10.13840009535675,0.0010766162969741062,1.1837738401624813e-05
10.14040009535675,0.0011178078760399294,1.0425850812129304e-05
10.142400095356749,0.001111628218192376,1.190357960921029e-05
10.14440009535675,0.0011383868532350789,1.0803509203577332e-05
10.14640009535675,0.0011778346794337497,1.2330654119063635e-05
10.148400095356749,0.001139577408562422,1.0910877035610566e-05
10.150400095356748,0.001083909929385318,1.2388870409101905e-05
10.152400095356748,0.0010871513190082427,1.1321931937212307e-05
10.154400095356749,0.001125917233580639,1.274498813378519e-05
10.156400095356748,0.0011432726051122499,1.140542650044057e-05
10.158400095356747,0.0011068889975408187,1.2360666751234492e-05
10.160400095356747,0.0010732506127286397,1.111976365020141e-05
10.162400095356748,0.0011016343429301626,1.2056554150195628e-05
10.164400095356747,0.0011026508373622227,1.0752218854569761e-05
10.166400095356746,0.0011037253461792975,1.1438257068213238e-05
10.168400095356747,0.00107841155203013,1.0367974683626853e-05
10.170400095356747,0.0010969753605567433,1.1185502770793835e-05
10.172400095356746,0.001094263291618069,1.0573711708552832e-05
10.174400095356745,0.0011150526039862255,1.189884957704465e-05
10.176400095356746,0.0011372766691564642,1.120322510600882e-05
10.178400095356746,0.0011311260943413961,1.2660182177341554e-05
10.180400095356745,0.0011066961007983249,1.207672880938029e-05
10.182400095356744,0.001103600657524701,1.3344274910398382e-05
10.184400095356745,0.001067649649114955,1.252699283622803e-05
10.186400095356746,0.001126552033443775,1.3236436644498929e-05
10.188400095356744,0.001057755291736999,1.2086693187991055e-05
10.190400095356743,0.0010920251023509647,1.2216057653071805e-05
10.192400095356744,0.0011100026020606664,1.1160962759139321e-05
10.194400095356745,0.0010894526006154403,1.1272452126340242e-05
10.196400095356744,0.0010964244822249285,1.0325347893777166e-05
10.198400095356742,0.001114876665643332,1.0397631935327721e-05
10.200400095356743,0.0011231417352489637,9.785684729404325e-06
10.202400095356744,0.0011598165580430741,1.0316552727182086e-05
10.204400095356743,0.0011399321231545002,1.0268951439274462e-05
10.206400095356742,0.001125667605553448,1.0608199325359665e-05
10.208400095356742,0.0011015647802332196,1.064149984532841e-05
10.210400095356743,0.0010888954166415484,1.0950588192243864e-05
10.212400095356742,0.0010710885932719628,1.1329772177654025e-05
10.21440009535674,0.0011061542976919432,1.149905399879816e-05
10.216400095356741,0.0010628332100006777,1.1591710253389645e-05
10.218400095356742,0.0010583895299558067,1.171514311377754e-05
10.22040009535674,0.0010790896758359426,1.1904400972137414e-05
10.22240009535674,0.0010564099075846237,1.1243591888619663e-05
10.22440009535674,0.001123244130824384,1.1264219884893995e-05
10.226400095356741,0.0011169199423363074,1.0814692579620368e-05
10.22840009535674,0.001120623643452182,1.118031452925701e-05
10.230400095356739,0.0011327996781847864,1.0426381736543268e-05
10.23240009535674,0.001129704738067481,1.0894749928014301e-05
10.23440009535674,0.0011348705257614518,1.0546098109528179e-05
10.23640009535674,0.001130936125280718,1.1072046511320494e-05
10.238400095356738,0.0011211882146090434,1.0580692278443643e-05
10.240400095356739,0.0011059500394426831,1.1710958409587129e-05
10.24240009535674,0.00110510297661041,1.1204688183333748e-05
10.244400095356738,0.0010685338983089218,1.1895556348431516e-05
10.246400095356737,0.0011308428435524538,1.085537260735141e-05
10.248400095356738,0.0010951154208244732,1.1801098683788754e-05
10.250400095356738,0.001128654938580165,1.0506335031689527e-05
10.252400095356737,0.001169359428917304,1.11996183305968e-05
10.254400095356736,0.0011986147646778488,1.019346453822483e-05
10.256400095356737,0.0012173387521388075,1.119034551939309e-05
10.258400095356738,0.0012247362090790754,1.0812727405631257e-05
10.260400095356736,0.0013052685328041815,1.1689047795959359e-05
10.262400095356735,0.0014173123173660954,1.0650108050361533e-05
10.264400095356736,0.0014243985677629928,1.1394555814233332e-05
10.266400095356737,0.0013656698595887226,1.1198702104423213e-05
10.268400095356736,0.00132370939196151,1.1928771091169016e-05
10.270400095356734,0.001248300481599624,1.191288447351648e-05
10.272400095356735,0.0011614636062893368,1.2692114743415608e-05
10.274400095356736,0.0011455098063241128,1.2842922742127473e-05
10.276400095356735,0.0011347494756894802,1.274803801068962e-05
10.278400095356734,0.0010826275097936568,1.2158613960359794e-05
10.280400095356734,0.0010663429873690232,1.222216354171728e-05
10.282400095356735,0.0010557551411197973,1.1710829259338364e-05
10.284400095356734,0.0010859092504785916,1.1320984664956371e-05
10.286400095356733,0.0010803320541822184,1.075464541569499e-05
10.288400095356733,0.0010950379270008917,1.0924751941082736e-05
10.290400095356734,0.0010797660305339079,1.0057191008258686e-05
10.292400095356733,0.00107110004024719,1.035521769909445e-05
10.294400095356732,0.0010838371958996576,1.0007027489173556e-05
10.296400095356733,0.00111741844260917,1.0588901006358684e-05
10.298400095356733,0.0010683088878857144,1.018872888357159e-05
10.300400095356732,0.0010665451553892767,1.0779665067518225e-05
10.302400095356731,0.0010703086607146998,1.0808086215077467e-05
10.304400095356732,0.0010627398030945414,1.0828204079601583e-05
10.306400095356732,0.0010665424846479188,1.0884311686260663e-05
10.308400095356731,0.0010725953845716033,1.0895402512180574e-05
10.31040009535673,0.0010897117845455574,1.0984240805961368e-05
10.31240009535673,0.0011012669662842246,1.0696565116439796e-05
10.314400095356731,0.0010794927454952038,1.0837532962315316e-05
10.31640009535673,0.0010638774516572415,1.0115793242165163e-05
10.31840009535673,0.0011076124222394663,1.061073624144963e-05
10.32040009535673,0.001134963832602965,1.0077374313236043e-05
10.32240009535673,0.0011035207316557446,1.1137015819612749e-05
10.32440009535673,0.0010827799135251072,1.0225705360880731e-05
10.326400095356728,0.0010687582407430342,1.1462323665396052e-05
10.328400095356729,0.0010742298382032773,1.0465646209559532e-05
10.33040009535673,0.0010635964711525326,1.1748954012692636e-05
10.332400095356729,0.0010373149252850835,1.0749576282611568e-05
10.334400095356727,0.0010262162657163586,1.2099937990892835e-05
10.336400095356728,0.0010744409630094437,1.1169789604930329e-05
10.338400095356729,0.0010725961131334738,1.2430916885312565e-05
10.340400095356728,0.0010869506471598966,1.1199439223387579e-05
10.342400095356727,0.0010484256952895405,1.18898452971241e-05
10.344400095356727,0.0010723052332474638,1.0648741038875415e-05
10.346400095356728,0.0010273801661682814,1.1182498959526068e-05
10.348400095356727,0.0010332353996384046,9.700675882251127e-06
10.350400095356726,0.0010297094641362676,1.0575597428182445e-05
10.352400095356726,0.0010783150041423592,9.448439411395638e-06
10.354400095356727,0.0010679215783547884,1.0415185789558762e-05
10.356400095356726,0.001082119132215816,9.31408296271937e-06
10.358400095356725,0.0010690203126492508,1.085286500053305e-05
10.360400095356725,0.0010787535689019438,9.686312636079605e-06
10.362400095356726,0.0010820789979780604,1.1305407400579451e-05
10.364400095356725,0.0010339530391025732,1.0157427261070719e-05
10.366400095356724,0.0010390559283786434,1.1720454534167474e-05
10.368400095356725,0.001071149836563099,1.0690768839988977e-05
10.370400095356725,0.001075131891004818,1.1820308473657688e-05
10.372400095356724,0.0010699431898666186,1.1040573691408883e-05
10.374400095356723,0.001030625340309276,1.1574784217853585e-05
10.376400095356724,0.001070505152502885,1.0916809309873536e-05
10.378400095356724,0.0010950710667983897,1.0997082880350139e-05
10.380400095356723,0.0010845273716718906,1.0588585104138713e-05
10.382400095356722,0.0010920577783916315,1.021342784000209e-05
10.384400095356723,0.0011463938966198583,1.0625829746002256e-05
10.386400095356723,0.0010994707124955079,9.892672540659136e-06
10.388400095356722,0.001069291665838997,1.0842287508867024e-05
10.390400095356721,0.0011054567919709243,1.0086380097215419e-05
10.392400095356722,0.001111888610150915,1.1468229010367813e-05
10.394400095356723,0.0010673167187755998,1.0668339716628304e-05
10.396400095356721,0.001102248996153873,1.2267124220416196e-05
10.39840009535672,0.0010686424941977403,1.122017100670437e-05
10.400400095356721,0.0010643720450201717,1.2102267690374746e-05
10.402400095356722,0.0010864774556445624,1.1378089047048252e-05
10.40440009535672,0.001089476909633775,1.1976078825379292e-05
10.40640009535672,0.0010924552419558104,1.11430091571981e-05
10.40840009535672,0.0011043090363441735,1.1533534348466455e-05
10.41040009535672,0.0010491580984656607,1.0486470305278828e-05
10.41240009535672,0.0010816474418844746,1.0572153867512288e-05
10.414400095356719,0.0011114936877251078,9.923533505909223e-06
10.41640009535672,0.0011291593810635846,1.0046316333354036e-05
10.41840009535672,0.001096376271412588,1.0005676809483588e-05
10.420400095356719,0.0010735856753174315,9.962487205206294e-06
10.422400095356718,0.0010804016654097689,1.0264146142039544e-05
10.424400095356718,0.0010673956548271721,1.0344026218719788e-05
10.426400095356719,0.0010683148919310795,1.1376008896822487e-05
10.428400095356718,0.0010763197021602911,1.0937080226399926e-05
10.430400095356717,0.0011010508151380594,1.2011432124087261e-05
10.432400095356718,0.0010529133646524401,1.1097054128168038e-05
10.434400095356718,0.0011105890847268737,1.276082973982797e-05
10.436400095356717,0.0010920767597504693,1.1232828404256122e-05
10.438400095356716,0.0011194583486440885,1.222987965358848e-05
10.440400095356717,0.0011440599722419115,1.0712339403230566e-05
10.442400095356717,0.0011878569360377431,1.144096132255044e-05
10.444400095356716,0.001132807845032184,1.020209046603795e-05
10.446400095356715,0.0011206853092201347,1.0467570333694919e-05
10.448400095356716,0.001124768826389624,1.0313804907659565e-05
10.450400095356716,0.0011025908000898046,1.0340587308365712e-05
10.452400095356715,0.0011050711519786528,1.0945556368152198e-05
10.454400095356714,0.0011550544616047381,1.0563312795334197e-05
10.456400095356715,0.001133845570228331,1.2069862066853048e-05
10.458400095356716,0.0011877864762873556,1.1194513792427172e-05
10.460400095356714,0.0012874349714384707,1.3122983731984382e-05
10.462400095356713,0.001167455305825901,1.2051863863474563e-05
10.464400095356714,0.0011613560576047416,1.313456137535668e-05
10.466400095356715,0.0011503749388845628,1.1827125884326906e-05
10.468400095356714,0.0011426623212856927,1.2798875886886971e-05
10.470400095356712,0.0011112354336384673,1.1428836790733096e-05
10.472400095356713,0.0011397673978832453,1.1769992684274617e-05
10.474400095356714,0.0011420951305793864,1.0503708348944477e-05
10.476400095356713,0.0011508858830336893,1.0518328878448063e-05
10.478400095356712,0.0011366868884176442,9.822904791028992e-06
10.480400095356712,0.0011234055875042929,9.82685848936322e-06
10.482400095356713,0.0011367129812896906,9.637379730837247e-06
10.484400095356712,0.0011278075467250793,9.886830209944655e-06
10.48640009535671,0.0011003951651453187,1.0424444875475138e-05
10.488400095356711,0.0010772580824481594,1.077356215848091e-05
10.490400095356712,0.001125746725639426,1.1145213110926176e-05
10.492400095356711,0.0010997056547152335,1.1151494036620394e-05
10.49440009535671,0.0010745803793532154,1.2068429222510284e-05
10.49640009535671,0.0010836436933908179,1.1475793900212143e-05
10.498400095356711,0.0010966195004606864,1.2222879668447457e-05
10.50040009535671,0.0011272172415203938,1.1194172255253847e-05
10.502400095356709,0.001069304741455601,1.1996979584885715e-05
10.50440009535671,0.001047553178383758,1.1494323058624059e-05
10.50640009535671,0.0010611087292027553,1.1523090973721035e-05
10.50840009535671,0.0010922381111714086,1.0608632537872702e-05
10.510400095356708,0.0010686579159990687,9.912873192456332e-06
10.512400095356709,0.0010935413231527994,1.0343298125054094e-05
10.51440009535671,0.001069834520068165,9.435198796370586e-06
10.516400095356708,0.001144929035919799,1.0378654046868168e-05
10.518400095356707,0.0011048557152949494,9.8532046098013e-06
10.520400095356708,0.0011046817617616888,1.1084735408289518e-05
10.522400095356709,0.0010424337554139056,1.0567885841453766e-05
10.524400095356707,0.0010585717719016647,1.1359085956306501e-05
10.526400095356706,0.0010633177028491134,1.1095401814419612e-05
10.528400095356707,0.0010362658909950884,1.130358643174149e-05
10.530400095356708,0.0010504985839294074,1.1529846425920656e-05
10.532400095356707,0.0010755253358618463,1.146313384542897e-05
10.534400095356705,0.0011151067674223278,1.1634374548095298e-05
10.536400095356706,0.0011436236841784325,1.1003145411948204e-05
10.538400095356707,0.001121860261122946,1.0945152303359384e-05
10.540400095356706,0.0011097151442150846,1.0282962714203115e-05
10.542400095356705,0.0011353421851026083,1.0060680632596603e-05
10.544400095356705,0.0011298353256548213,9.475101586873201e-06
10.546400095356706,0.0011595729219525406,9.642239109756433e-06
10.548400095356705,0.0011927455610574226,9.370517927688672e-06
10.550400095356704,0.0011911600243993943,9.804386076958482e-06
10.552400095356704,0.0011956951847076046,9.842695322915901e-06
10.554400095356705,0.0011893812198267735,1.0815998784083989e-05
10.556400095356704,0.0011545349302671303,1.0466010819775781e-05
10.558400095356703,0.0011458849182976745,1.0796798781525238e-05
10.560400095356703,0.001154465421292189,1.0554165050671671e-05
10.562400095356704,0.0012131584093123648,1.1069984912088395e-05
10.564400095356703,0.0011764416217192911,1.0671235201807486e-05
10.566400095356702,0.0011788520722908144,1.077408184495278e-05
10.568400095356703,0.0012372827022665,1.078986285970682e-05
10.570400095356703,0.001199867589159048,1.0412384179585113e-05
10.572400095356702,0.001175376313285344,1.0127764976607444e-05
10.574400095356701,0.0011859710008764804,9.75143848986719e-06
10.576400095356702,0.0012343001803719678,9.924870369015214e-06
10.578400095356702,0.0012611472802666478,9.692108740112771e-06
10.580400095356701,0.0012537319062503182,9.994828374165637e-06
10.5824000953567,0.0012681073480924412,1.0021586431457191e-05
10.5844000953567,0.0012987362805091498,1.0656165092860716e-05
10.586400095356701,0.00130520000449079,1.055095387011391e-05
10.5884000953567,0.001326899372512844,1.145532584328264e-05
10.5904000953567,0.00135675215387161,1.0792367632275282e-05
10.5924000953567,0.0014071688699063716,1.2079893230084987e-05
10.5944000953567,0.001409275983282076,1.1062079497618725e-05
10.5964000953567,0.0013637360544112363,1.2442800052767336e-05
10.598400095356698,0.0012639669129266326,1.1302303627412463e-05
10.600400095356699,0.0012147258983058902,1.1735283841030016e-05
10.6024000953567,0.0011750471278701646,1.1006419451386625e-05
10.604400095356699,0.001217543442872064,1.0873592459856527e-05
10.606400095356697,0.0012188766106573507,1.0926838039507865e-05
10.608400095356698,0.0012461761051302212,1.0191340741037978e-05
10.610400095356699,0.0012485708531533859,1.066597389348051e-05
10.612400095356698,0.0012455733303569905,9.501292787713842e-06
10.614400095356697,0.0012126493630878314,1.0387263574115203e-05
10.616400095356697,0.0012050687004078943,9.689880282435202e-06
10.618400095356698,0.0011987259931124587,1.086978505595887e-05
10.620400095356697,0.0012574216239380198,1.0979240067150984e-05
10.622400095356696,0.0012446735673628455,1.1400711189427413e-05
10.624400095356696,0.0012325240734241804,1.1319181403219216e-05
10.626400095356697,0.0012256816538413315,1.1414070221266181e-05
10.628400095356696,0.0012464250662046067,1.140871901910808e-05
10.630400095356695,0.0012230338503152834,1.1198423536818764e-05
10.632400095356696,0.0011923648461239836,1.1082225911092618e-05
10.634400095356696,0.0011953071447548655,1.0489136001694374e-05
10.636400095356695,0.0012241628822445613,1.0715915524461877e-05
10.638400095356694,0.0012514421384020949,9.72856079881867e-06
10.640400095356695,0.0012778586840856614,1.0141808144101728e-05
10.642400095356695,0.0011922438547237752,9.271743733996698e-06
10.644400095356694,0.001186774863715262,9.743804017564969e-06
10.646400095356693,0.0012339580952583095,9.31938753116361e-06
10.648400095356694,0.0012239764889244234,9.767237773655816e-06
10.650400095356694,0.001219441624227562,1.0033458304595292e-05
10.652400095356693,0.001231833634004872,1.019648521697354e-05
10.654400095356692,0.001234911907548796,1.065993432095208e-05
10.656400095356693,0.0012316703937827887,1.0488552050927858e-05
10.658400095356694,0.0012342419185931738,1.1074113232236236e-05
10.660400095356692,0.0011911255243095087,1.0914496294642568e-05
10.662400095356691,0.0012187019119599156,1.093511355586235e-05
10.664400095356692,0.0012181488902094444,1.1220691804056276e-05
10.666400095356693,0.0012206692622432453,1.0444916405230043e-05
10.668400095356692,0.0012373435721221336,1.080339442133143e-05
10.67040009535669,0.0012289671796220244,1.0188300169537636e-05
10.672400095356691,0.0012366800602985422,1.0386701360001253e-05
10.674400095356692,0.00121230311233576,1.0306879453157404e-05
10.67640009535669,0.0012285666758646162,1.0113633690007958e-05
10.67840009535669,0.0012038504814192938,1.0767760235884908e-05
10.68040009535669,0.0012270737946888394,9.804105293085384e-06
10.68240009535669,0.0011740751963134459,1.0972620572955327e-05
10.68440009535669,0.0012196079801756082,1.0346323518453738e-05
10.686400095356689,0.0012347097067122996,1.1508973288226534e-05
10.68840009535669,0.0012084767239810385,1.1340644535507016e-05
10.69040009535669,0.001271034754058152,1.1913854688776293e-05
10.692400095356689,0.0012497111938358388,1.1996272531277165e-05
10.694400095356688,0.0012389406417693959,1.1437163336087471e-05
10.696400095356688,0.0012521839254917534,1.2196291783858483e-05
10.69840009535669,0.0012598662895015652,1.0775400827064236e-05
10.700400095356688,0.001228438026328438,1.212154445892325e-05
10.702400095356687,0.0012536206009290134,1.0342533861509714e-05
10.704400095356688,0.0012666995814750674,1.1713210410145446e-05
10.706400095356688,0.0012623223422208883,1.0186463840051322e-05
10.708400095356687,0.0012754290090856318,1.1428048002392183e-05
10.710400095356686,0.0012553914681635657,1.0777520908130905e-05
10.712400095356687,0.001271503534170079,1.0611321497103344e-05
10.714400095356687,0.0012233111979161368,1.158611613813996e-05
10.716400095356686,0.0012342652217253976,1.0111878132083165e-05
10.718400095356685,0.0012362894420015237,1.2432439254738166e-05
10.720400095356686,0.0012157734221800763,1.0054852760411983e-05
10.722400095356686,0.0012064470609056345,1.2463573295006193e-05
10.724400095356685,0.0013008435143353682,1.1323799140971872e-05
10.726400095356684,0.0012471581689648531,1.2185679724693472e-05
10.728400095356685,0.001210665511558407,1.2614333510928879e-05
10.730400095356686,0.0012325325298171074,1.1398315088685058e-05
10.732400095356684,0.001239465257880755,1.2681447335753881e-05
10.734400095356683,0.0012535179646025118,1.057825687023384e-05
10.736400095356684,0.0012745013172501976,1.1955987276836078e-05
10.738400095356685,0.0012751332841575815,1.0416625808267012e-05
10.740400095356684,0.0012861531503550292,1.0934113267097145e-05
10.742400095356682,0.0013137774464640972,1.094971735598208e-05
10.744400095356683,0.0013241960795148942,1.0419477560385474e-05
10.746400095356684,0.0013382660280840566,1.1104465980830066e-05
10.748400095356683,0.0012949744982293386,1.0314460396416678e-05
10.750400095356682,0.0012988837538675595,1.1462572296496424e-05
10.752400095356682,0.0012967476831693531,1.1079884468870255e-05
10.754400095356683,0.001271529861244969,1.188763412033001e-05
10.756400095356682,0.0012102392714902687,1.1815743455299237e-05
10.75840009535668,0.0011501085757932284,1.223531186718295e-05
10.760400095356681,0.0009590503917353275,1.2994360311528362e-05
10.762400095356682,0.0011754313301526867,1.202889998191267e-05
10.764400095356681,0.0013117594955845472,1.2028109679611034e-05
10.76640009535668,0.0012701173015001745,1.1539389855698342e-05
10.76840009535668,0.0013057938394600962,1.1543747145946299e-05
10.770400095356681,0.0012747667715928166,1.1161331286552121e-05
10.77240009535668,0.0012990066026804465,1.0280958726068957e-05
10.774400095356679,0.0013648263630762724,1.0974242477772594e-05
10.77640009535668,0.0013692900046254786,1.0286227876111274e-05
10.77840009535668,0.0013299237180035381,1.1113361340714447e-05
10.78040009535668,0.001312804698656255,1.0981078695418385e-05
10.782400095356678,0.0012867427739128396,1.0921359509342058e-05
10.784400095356679,0.001288574109081704,1.2008387981006576e-05
10.78640009535668,0.0013111514131295317,1.1030358192382816e-05
10.788400095356678,0.0013639107834154723,1.2988536838375613e-05
10.790400095356677,0.0013700893715544095,1.1524359580973499e-05
10.792400095356678,0.0013784383478937473,1.244405121393044e-05
10.794400095356679,0.001348355105793617,1.216125551311631e-05
10.796400095356677,0.0013101420807305384,1.1671740264427928e-05
10.798400095356676,0.001327561817173866,1.2989963618046008e-05
10.800400095356677,0.0013055368052986615,1.0976978514409606e-05
10.802400095356678,0.0013356437842989017,1.2529715032566849e-05
10.804400095356677,0.0013973362011076732,1.0814619835034443e-05
10.806400095356675,0.0013993186625716764,1.0946733023449995e-05
10.808400095356676,0.0013858446853096027,1.118635730540322e-05
10.810400095356677,0.0013620137215617659,1.0404168397504416e-05
10.812400095356676,0.0013551206271098864,1.1914998943670152e-05
10.814400095356675,0.0013253991683070333,1.06125686475669e-05
10.816400095356675,0.001298643639865244,1.2182955887083611e-05
10.818400095356676,0.0013301534651257085,1.188287764857455e-05
10.820400095356675,0.0012785906837563797,1.262681224215362e-05
10.822400095356674,0.0013493756560057635,1.2744985930498078e-05
10.824400095356674,0.0013199327992162975,1.2277705144608092e-05
10.826400095356675,0.0013100912207888382,1.306819874719745e-05
10.828400095356674,0.0013439308093403542,1.199943577939241e-05
10.830400095356673,0.0014092780417973413,1.3097285940831763e-05
10.832400095356673,0.0013906663818908955,1.2229779889039758e-05
10.834400095356674,0.0013904901853276264,1.2264803934369786e-05
10.836400095356673,0.001370092591370777,1.186994246503581e-05
10.838400095356672,0.0013288463088391726,1.1389871675160426e-05
10.840400095356673,0.0013443388447016695,1.2045364712768708e-05
10.842400095356673,0.0013005567890532668,1.0860721929054834e-05
10.844400095356672,0.0013171254963726595,1.179356931177049e-05
10.846400095356671,0.001295744168949095,1.1870324503789989e-05
10.848400095356672,0.001336841246598613,1.2127625259944097e-05
10.850400095356672,0.0013266214296833465,1.2798518324924636e-05
10.852400095356671,0.0013384794752167182,1.2839208518945202e-05
10.85440009535667,0.0014023505221408517,1.3496217156680864e-05
10.85640009535667,0.0014491094622609577,1.3806895620145744e-05
10.858400095356671,0.0014228846475767113,1.3753608413912203e-05
10.86040009535667,0.0013885118647746584,1.426504193205279e-05
10.86240009535667,0.0013960583702799494,1.3831435215401839e-05
10.86440009535667,0.0014528204076775042,1.3756441819006472e-05
10.86640009535667,0.001416200485733802,1.359773385000081e-05
10.86840009535667,0.0014488203469600145,1.2815307604060858e-05
10.870400095356668,0.0014493703822462804,1.2755688271394507e-05
10.872400095356669,0.0014091083478537702,1.2159302193471073e-05
10.87440009535667,0.0014047834263628198,1.192407377836558e-05
10.876400095356669,0.0013350146358964434,1.2349612802258956e-05
10.878400095356668,0.0014454344451882064,1.2359121621148585e-05
10.880400095356668,0.001425277310296458,1.296759370750205e-05
10.882400095356669,0.0014460703195711526,1.2975164882017836e-05
10.884400095356668,0.0014395512621749181,1.3126254074763223e-05
10.886400095356667,0.001429606924658994,1.355721075545144e-05
10.888400095356667,0.0014418495606858068,1.4055091969583857e-05
10.890400095356668,0.0013902848296927603,1.4260270618094567e-05
10.892400095356667,0.0013830624697242382,1.430915357461765e-05
10.894400095356666,0.0013801791784083049,1.461217870180809e-05
10.896400095356666,0.0013811467193785404,1.4572680271494172e-05
10.898400095356667,0.0014408048140823672,1.4341707149336089e-05
10.900400095356666,0.0014401642926367335,1.3880572805219448e-05
10.902400095356665,0.0014982509113982683,1.3513997062666968e-05
10.904400095356666,0.001477326143369299,1.3071824006597468e-05
10.906400095356666,0.00146863648043517,1.3077695937186868e-05
10.908400095356665,0.0014684683416632171,1.232218794289183e-05
10.910400095356664,0.001441854430820553,1.1938602105033686e-05
10.912400095356665,0.001459171194071576,1.2219341890144899e-05
10.914400095356665,0.0014873588491758022,1.2281219967425202e-05
10.916400095356664,0.001462188842814205,1.255144778555978e-05
10.918400095356663,0.001437956054285951,1.2695231388548207e-05
10.920400095356664,0.001441202998367255,1.3423271514420729e-05
10.922400095356664,0.0013712995658824473,1.342122067785699e-05
10.924400095356663,0.0013815935606812312,1.4366641565149704e-05
10.926400095356662,0.0014161685296810629,1.4298606501311092e-05
10.928400095356663,0.0014128675400360065,1.4663113291351677e-05
10.930400095356664,0.0014199345755114036,1.4974563039398851e-05
10.932400095356662,0.001457051644827394,1.3799336292114764e-05
10.934400095356661,0.0014550412672215541,1.4850728888362227e-05
10.936400095356662,0.001480627120340989,1.36987112318412e-05
10.938400095356663,0.0014572231753274716,1.3447819218853038e-05
10.940400095356662,0.0014480056577384924,1.3379340271255476e-05
10.94240009535666,0.0014195547471640819,1.2026471186700363e-05
10.944400095356661,0.0015166288183495757,1.3070187694594408e-05
10.946400095356662,0.0015355308397688747,1.1814367686343363e-05
10.94840009535666,0.0014793794718119273,1.2290234033081088e-05
10.95040009535666,0.0014767179243684965,1.3018061760315744e-05
10.95240009535666,0.0014849829650814181,1.2677165516842512e-05
10.954400095356661,0.001432941281966135,1.4586637860920211e-05
10.95640009535666,0.0014164781057602381,1.3777108583113702e-05
10.958400095356659,0.0014433369951106151,1.4951224567286051e-05
10.96040009535666,0.0014441229939416863,1.4905079092016453e-05
10.96240009535666,0.001420208996773649,1.4565460197641398e-05
10.964400095356659,0.001374138665697007,1.534568211698692e-05
10.966400095356658,0.0013838021410634948,1.4474725218311459e-05
10.968400095356658,0.001443119608890305,1.548919210763614e-05
10.97040009535666,0.0013874157551803852,1.4044003904463493e-05
10.972400095356658,0.0013283566883856661,1.3895182850499646e-05
10.974400095356657,0.001415865332350138,1.3742694050657613e-05
10.976400095356658,0.0014016807735071461,1.2200541007118965e-05
10.978400095356658,0.00143560912595639,1.3440842459976283e-05
10.980400095356657,0.0014177539304976896,1.215900160585614e-05
10.982400095356656,0.001405837096472532,1.2787250026214167e-05
10.984400095356657,0.0012849581279857619,1.3782330345850656e-05
10.986400095356657,0.0013319139084294054,1.2525572755952805e-05
10.988400095356656,0.001421307532514045,1.4189896884948343e-05
10.990400095356655,0.0014308518209792767,1.3482602080744846e-05
10.992400095356656,0.0014025294533623763,1.347626015861966e-05
10.994400095356657,0.0013959518605426004,1.4774310503049646e-05
10.996400095356655,0.0013740989691235644,1.3853291521641985e-05
10.998400095356654,0.001427343680997674,1.5271591651784118e-05
11.000400095356655,0.0013822677436185428,1.4939374220878376e-05
11.002400095356656,0.001373888602382716,1.415165197035974e-05
11.004400095356655,0.0013584725542957767,1.507033946853967e-05
11.006400095356653,0.0013632556587626257,1.3337631617329268e-05
11.008400095356654,0.0014072198390895445,1.3457695330007908e-05
11.010400095356655,0.0014346975941239026,1.3963909270054508e-05
11.012400095356654,0.0014358945050248235,1.2239259670810026e-05
11.014400095356653,0.0014286889456652046,1.2972854175094546e-05
11.016400095356653,0.0013701419661870631,1.2065889222459359e-05
11.018400095356654,0.0013787103737344705,1.2014144019264017e-05
11.020400095356653,0.0014149902782969093,1.2976595945180806e-05
11.022400095356652,0.0013987603473259434,1.2088443091772425e-05
11.024400095356652,0.0014223541967386235,1.3709467261658441e-05
11.026400095356653,0.0014277520967789998,1.3447906152285862e-05
11.028400095356652,0.0014508963780755714,1.3595304535452089e-05
11.03040009535665,0.0013905635608607273,1.504004270300098e-05
11.032400095356651,0.00142884845910937,1.3275776031191867e-05
11.034400095356652,0.0014374849454634798,1.5404129428124804e-05
11.036400095356651,0.0014355878894645316,1.4657433033980615e-05
11.03840009535665,0.0014080409336040564,1.4361919373700966e-05
11.04040009535665,0.0014132266841044858,1.5669506478348002e-05
11.042400095356651,0.0013968786450775394,1.263155933041237e-05
11.04440009535665,0.001339669082554683,1.4597678096681336e-05
11.046400095356649,0.0013713687502329766,1.2657623976808707e-05
11.04840009535665,0.001429263260651508,1.1995521019163361e-05
11.05040009535665,0.001439345203568936,1.4072843011491799e-05
11.05240009535665,0.0014180069018908236,1.1355764187687946e-05
11.054400095356648,0.0014059271867706733,1.3516024643123095e-05
11.056400095356649,0.0014552881231527342,1.3148429781589353e-05
11.05840009535665,0.0014343422468253758,1.1983039503988617e-05
11.060400095356648,0.0014107502835763802,1.5156675357393822e-05
11.062400095356647,0.001435665904690712,1.2749084302637915e-05
11.064400095356648,0.0014445084165417587,1.4963608721786138e-05
11.066400095356649,0.001391421792054702,1.562560893339281e-05
11.068400095356647,0.0013786112280762108,1.413785799746011e-05
11.070400095356646,0.0013684759661833081,1.6594471936968926e-05
11.072400095356647,0.0013834350936729359,1.4284679867436236e-05
11.074400095356648,0.0013761046079788914,1.4706476011156667e-05
11.076400095356647,0.0013507707973454508,1.4920233965550024e-05
11.078400095356645,0.0013502979127444678,1.3034610446176116e-05
11.080400095356646,0.001340823492405735,1.4286736588033987e-05
11.082400095356647,0.0012752418176919427,1.278628137083458e-05
11.084400095356646,0.0012767643678851554,1.252569293929792e-05
11.086400095356645,0.001346744848333184,1.2864232636308401e-05
11.088400095356645,0.0013161201847267442,1.1811786816861724e-05
11.090400095356646,0.001365334383578608,1.3358466860230167e-05
11.092400095356645,0.0013585920575864417,1.2998419032919396e-05
11.094400095356644,0.0013731892430337584,1.3190795004117265e-05
11.096400095356644,0.0013666846243932738,1.3608359568816098e-05
11.098400095356645,0.0013995099448291728,1.3654536643332089e-05
11.100400095356644,0.0013222377358475792,1.4213709916814639e-05
11.102400095356643,0.0013472083569647994,1.4347593778023286e-05
11.104400095356644,0.0013042023830078316,1.4495698967464055e-05
11.106400095356644,0.0012959716090497676,1.4485586370799392e-05
11.108400095356643,0.0013433551609495593,1.4795821641675375e-05
11.110400095356642,0.0013280031930099538,1.4128431034297013e-05
11.112400095356643,0.0013279849699120991,1.3861889531753507e-05
11.114400095356643,0.0013452973447465474,1.3708682434414817e-05
11.116400095356642,0.0013335493231646414,1.2616147983091807e-05
11.118400095356641,0.0013361971084928988,1.3116551935652958e-05
11.120400095356642,0.0013455947236668071,1.2146257115515733e-05
11.122400095356642,0.0013594223487183941,1.1873920131787747e-05
11.124400095356641,0.00131765932759642,1.2909693841303295e-05
11.12640009535664,0.0013067884192349498,1.1632776047384076e-05
11.12840009535664,0.0013400474594127444,1.3163884838250765e-05
11.130400095356642,0.0014429237482103886,1.3444356347039994e-05
11.13240009535664,0.0014024691122331832,1.2449237851685815e-05
11.13440009535664,0.001339729221979036,1.4297731395176157e-05
11.13640009535664,0.001307601012446689,1.3095855437090742e-05
11.13840009535664,0.0013660289063400423,1.3833630508184174e-05
11.14040009535664,0.0013489930993276875,1.4919061424616894e-05
11.142400095356638,0.0013369537443839307,1.3270335845577356e-05
11.14440009535664,0.0012985002684996491,1.447089104473888e-05
11.14640009535664,0.0012859291186322226,1.4335755028316165e-05
11.148400095356639,0.001313606513963703,1.4454620108113151e-05
11.150400095356638,0.0013143704544214582,1.3517107596614193e-05
11.152400095356638,0.0013314464748186202,1.2052816173256852e-05
11.154400095356639,0.0012883039102789143,1.2721658952993622e-05
11.156400095356638,0.0012904098066051715,1.1873067044825666e-05
11.158400095356637,0.001280557556160519,1.1449316629627948e-05
11.160400095356637,0.001285578224535582,1.2321649429355893e-05
11.162400095356638,0.0013619664187056746,1.1189546868381216e-05
11.164400095356637,0.0013056602544746028,1.2456647535625684e-05
11.166400095356636,0.00126610278233618,1.229649067121431e-05
11.168400095356636,0.0012865881768492611,1.230834923613816e-05
11.170400095356637,0.0013258904370817188,1.3772411572910775e-05
11.172400095356636,0.001297280550879794,1.2774605028591502e-05
11.174400095356635,0.0012602836817065934,1.3513919877630748e-05
11.176400095356636,0.0012341180445760431,1.4196955482901122e-05
11.178400095356636,0.0012336223287151757,1.3346057660415107e-05
11.180400095356635,0.0012692900553870692,1.4117971677548561e-05
11.182400095356634,0.0012379352024887934,1.3375259787565893e-05
11.184400095356635,0.001237127501376195,1.3311111626518787e-05
11.186400095356635,0.0012702440663745452,1.3220792487768744e-05
11.188400095356634,0.0012636535607413553,1.2755460706192509e-05
11.190400095356633,0.0012203001390088336,1.2428751425416543e-05
11.192400095356634,0.0012404099864355242,1.1635053903306514e-05
11.194400095356634,0.0012746460038065158,1.2018670460703375e-05
11.196400095356633,0.0013200434150323862,1.2015246954114394e-05
11.198400095356632,0.0013241012171227617,1.1765124017392291e-05
11.200400095356633,0.001278745390545979,1.289195396544411e-05
11.202400095356634,0.001252200153175788,1.2345138341364976e-05
11.204400095356633,0.0012334067331094079,1.2870172697393704e-05
11.206400095356631,0.0012544997109396525,1.3860084230863867e-05
11.208400095356632,0.001226609062470123,1.304760964495638e-05
11.210400095356633,0.001211362846756718,1.4417458084720441e-05
11.212400095356632,0.0012807226166913635,1.44681532269233e-05
11.21440009535663,0.0012539207810391049,1.3606443335236223e-05
11.216400095356631,0.0011788534092150678,1.4661594641115122e-05
11.218400095356632,0.0012182762129080915,1.4207066837933747e-05
11.22040009535663,0.0012735471774031077,1.4136585593767375e-05
11.22240009535663,0.0013045553831963176,1.4573550912009817e-05
11.22440009535663,0.001322683338447874,1.3545919295885397e-05
11.226400095356631,0.0012778941375939958,1.3672184054592809e-05
11.22840009535663,0.0012888063168076936,1.304962708814331e-05
11.230400095356629,0.0012857336894585467,1.28023305856504e-05
11.23240009535663,0.0012584800416396227,1.3509956818594483e-05
11.23440009535663,0.0012644912804535156,1.319025157382214e-05
11.236400095356629,0.001237083738565086,1.3646333773262385e-05
11.238400095356628,0.0012721927676743166,1.400458041823062e-05
11.240400095356629,0.0012733469663260986,1.3738591292059777e-05
11.24240009535663,0.0012566344208975902,1.4439347303070624e-05
11.244400095356628,0.0011741855136519644,1.5033152340726946e-05
11.246400095356627,0.001142334536716227,1.4901707989899534e-05
11.248400095356628,0.0011474780612261719,1.6115715522777483e-05
11.250400095356628,0.001158921588549667,1.576057443746102e-05
11.252400095356627,0.0011895940029705999,1.5477252386166566e-05
11.254400095356626,0.0012465767051781818,1.6259959104304665e-05
11.256400095356627,0.0012852318787845113,1.537344249746972e-05
11.258400095356627,0.0012049721378421412,1.4522795116617208e-05
11.260400095356626,0.0012611610569559376,1.4525164636455555e-05
11.262400095356625,0.0012495837875869825,1.3788028592396995e-05
11.264400095356626,0.0012658529281215384,1.3252948330061378e-05
11.266400095356627,0.0012694165354124715,1.380947654165483e-05
11.268400095356625,0.0012627600282032567,1.2848705904162287e-05
11.270400095356624,0.0012481626342862265,1.2706615705544268e-05
11.272400095356625,0.0012562048203165633,1.331465745176798e-05
11.274400095356626,0.0012627810773273213,1.2829940934599894e-05
11.276400095356625,0.0012420870924918464,1.3607244105138498e-05
11.278400095356623,0.001222554444537711,1.4071454496425234e-05
11.280400095356624,0.0011972744205045133,1.3297871402469288e-05
11.282400095356625,0.0012005905665535873,1.4782075645538299e-05
11.284400095356624,0.0011876545078062168,1.494686425897093e-05
11.286400095356623,0.001232086008756394,1.4106569873881727e-05
11.288400095356623,0.0012507453520695377,1.5359306137769326e-05
11.290400095356624,0.0012557102939164033,1.4367075684264663e-05
11.292400095356623,0.0012853318648259346,1.4051262471603935e-05
11.294400095356622,0.0012278886499877283,1.4463184429363446e-05
11.296400095356622,0.0012651668556598044,1.2884472335393709e-05
11.298400095356623,0.0012989152958441327,1.3343843029026859e-05
11.300400095356622,0.0012168203262220305,1.3195309527184909e-05
11.30240009535662,0.0012827361476487188,1.1755752573460664e-05
11.304400095356621,0.0012599524019082829,1.2547651249655095e-05
11.306400095356622,0.0012453327438447927,1.232217180929089e-05
11.308400095356621,0.0012483966077079481,1.1359677932454312e-05
11.31040009535662,0.0012555072507310842,1.3238447422802778e-05
11.31240009535662,0.0012975982755253778,1.2944107547228659e-05
11.314400095356621,0.0012656287241480397,1.245569835632599e-05
11.31640009535662,0.00131401353107523,1.4638570699861757e-05
11.318400095356619,0.0013153586417534158,1.3658247555524154e-05
11.32040009535662,0.001261834026300206,1.3922586522381437e-05
11.32240009535662,0.0012346638776484994,1.605774384856418e-05
11.32440009535662,0.0011851849275445008,1.473557185342399e-05
11.326400095356618,0.0012828498480651103,1.493578848176022e-05
11.328400095356619,0.0012455994775893101,1.7643630704643365e-05
11.33040009535662,0.0011575949264069133,1.5763677151035332e-05
11.332400095356618,0.0012002180625856238,1.4534746194917039e-05
11.334400095356617,0.0012046959943136115,1.5107468050109422e-05
11.336400095356618,0.001245145152853934,1.351401056544279e-05
11.338400095356619,0.0012589484272754914,1.3812573453485993e-05
11.340400095356618,0.0013106821819398205,1.4221145624309528e-05
11.342400095356616,0.0013049589248033946,1.2801445118924216e-05
11.344400095356617,0.0012849189658734094,1.3211353267471502e-05
11.346400095356618,0.0012812908205879518,1.4538919915562449e-05
11.348400095356617,0.0012892206453005632,1.3318689900142004e-05
11.350400095356616,0.001272058419075812,1.480628297883203e-05
11.352400095356616,0.001237950755523245,1.6133339808682233e-05
11.354400095356617,0.001312227567445708,1.461915364939121e-05
11.356400095356616,0.001261789788728836,1.6231265927087745e-05
11.358400095356615,0.001265096507184531,1.644415774921307e-05
11.360400095356615,0.0012572261192715058,1.535140740498405e-05
11.362400095356616,0.001235696560428448,1.8134315356852783e-05
11.364400095356615,0.0012460926043941993,1.6714488005733513e-05
11.366400095356614,0.0012202870586810574,1.4964096290332554e-05
11.368400095356614,0.001278835929393952,1.7369114405611506e-05
11.370400095356615,0.001325401026848866,1.4750742153182872e-05
11.372400095356614,0.0012827763319498292,1.3625089623069612e-05
11.374400095356613,0.0012658067306468132,1.553644828996985e-05
11.376400095356614,0.0013257187869688272,1.309860258229903e-05
11.378400095356614,0.0013255971267536791,1.2390729874917849e-05
11.380400095356613,0.0012810669031697577,1.3843547963906903e-05
11.382400095356612,0.0013207001826750985,1.205850574898792e-05
11.384400095356613,0.0013597980075079712,1.192682558741141e-05
11.386400095356613,0.001279454290998301,1.3465670681531934e-05
11.388400095356612,0.0013181006569463324,1.1816273917020691e-05
11.390400095356611,0.0013015619080495471,1.2981709726806381e-05
11.392400095356612,0.0012852567779187577,1.4516933088761303e-05
11.394400095356612,0.0012935465628105775,1.3194199554537672e-05
11.396400095356611,0.001329435061878371,1.5124591873082552e-05
11.39840009535661,0.0012481679471044865,1.5601539711468346e-05
11.400400095356611,0.0012234812537610404,1.4239657869661672e-05
11.402400095356612,0.0011597093273279333,1.5774259826966632e-05
11.40440009535661,0.0012043265525937823,1.5771313037073746e-05
11.40640009535661,0.00117000141174027,1.479839017665964e-05
11.40840009535661,0.0012069655770418706,1.5577602989984828e-05
11.41040009535661,0.0011805624940105076,1.4434844550423834e-05
11.41240009535661,0.0012556530134699294,1.3849212655491943e-05
11.414400095356608,0.0012763289278078485,1.4311081410782443e-05
11.41640009535661,0.00130462209715139,1.354268790448308e-05
11.41840009535661,0.0012911733969684623,1.3286181116110581e-05
11.420400095356609,0.0012874507652604597,1.3564447942685297e-05
11.422400095356608,0.0013173649290953518,1.319868745206665e-05
11.424400095356608,0.0013180046889653032,1.3847195584460511e-05
11.426400095356609,0.0013603947663549517,1.4095164335083224e-05
11.428400095356608,0.0013372827655144606,1.4229687097345986e-05
11.430400095356607,0.0013693369041279755,1.529156341643711e-05
11.432400095356607,0.0013045972895096899,1.5419238541613467e-05
11.434400095356608,0.0013079972401654062,1.5715075392832695e-05
11.436400095356607,0.001279138498799911,1.607703439583386e-05
11.438400095356606,0.0012396508739937555,1.5770653625172775e-05
11.440400095356607,0.0012312625483015824,1.6613641088523547e-05
11.442400095356607,0.0012073016661248294,1.6462492908249338e-05
11.444400095356606,0.0012553415710993044,1.5184568703879334e-05
11.446400095356605,0.0012522357276886398,1.607953910225036e-05
11.448400095356606,0.0012638588306934343,1.5548088902157257e-05
11.450400095356606,0.001284300635363568,1.4036362894096633e-05
11.452400095356605,0.0013120438341708638,1.4559642798646744e-05
11.454400095356604,0.001377976830011839,1.3771776321974857e-05
11.456400095356605,0.001341905607898493,1.2159984167419989e-05
11.458400095356605,0.0013053348270593299,1.2870653339791148e-05
11.460400095356604,0.0013550004622112839,1.2614257436696446e-05
11.462400095356603,0.0013373907031971931,1.2056647671048928e-05
11.464400095356604,0.0013256316981424352,1.3226395030504354e-05
11.466400095356605,0.0013311393595871032,1.2886451148178182e-05
11.468400095356603,0.0013511460437795283,1.2801027793214682e-05
11.470400095356602,0.00129281960353272,1.463245234078319e-05
11.472400095356603,0.0013290485277980592,1.431139305278955e-05
11.474400095356604,0.0013371295701979787,1.5146797309477457e-05
11.476400095356603,0.0012655417409491532,1.6623276652878144e-05
11.478400095356601,0.0012872892662736128,1.5637409750685055e-05
11.480400095356602,0.0012710093499957431,1.649810949217754e-05
11.482400095356603,0.0012371286398726834,1.7073853544298385e-05
11.484400095356602,0.0012967633890962438,1.633982845809255e-05
11.4864000953566,0.001313995302256045,1.7895183751457264e-05
11.488400095356601,0.0013640173617417183,1.6915024682626253e-05
11.490400095356602,0.0013551181909543656,1.4893459602319378e-05
11.4924000953566,0.001342620876040587,1.4479800745889322e-05
11.4944000953566,0.0013362556155956417,1.4219754825808016e-05
11.4964000953566,0.0013481725664874834,1.3114526474770285e-05
11.498400095356601,0.0013381527985140847,1.3267944989479824e-05
11.5004000953566,0.001353069047065925,1.3215266306667058e-05
11.502400095356599,0.0013179803207205368,1.2853726321549004e-05
11.5044000953566,0.0013453322809226,1.3634400570584476e-05
11.5064000953566,0.0014208819205099226,1.3573433455529852e-05
11.508400095356599,0.0014203709156266572,1.3588033298566926e-05
11.510400095356598,0.001287602240929667,1.4801106743724278e-05
11.512400095356599,0.0012419173185284902,1.4515788575509687e-05
11.5144000953566,0.0012199053612894312,1.5281401460740568e-05
11.516400095356598,0.001268093393971343,1.6877701837965363e-05
11.518400095356597,0.001298733213936445,1.541756815886509e-05
11.520400095356598,0.0013222634168626507,1.530227868201184e-05
11.522400095356598,0.0012922299096219743,1.6921793391158713e-05
11.524400095356597,0.001331659153119923,1.538594411129969e-05
11.526400095356596,0.0013199477134170003,1.5079542463805941e-05
11.528400095356597,0.0012876513020475741,1.659885632323047e-05
11.530400095356597,0.0012485029485436248,1.4184051622140548e-05
11.532400095356596,0.001374494147259883,1.3577465283929187e-05
11.534400095356595,0.0013742042629797916,1.4814263130567884e-05
11.536400095356596,0.0013431999246715032,1.3158881963323796e-05
11.538400095356597,0.0013880922868201998,1.265744913042502e-05
11.540400095356596,0.0013720445874655695,1.3900983384091077e-05
11.542400095356594,0.0013596794327863475,1.3287560808945076e-05
11.544400095356595,0.001349516539737123,1.3063847251154534e-05
11.546400095356596,0.0013602485165894746,1.4847711940359852e-05
11.548400095356595,0.0013411498912156263,1.4049621705740409e-05
11.550400095356594,0.0013664816254788763,1.4266280387219973e-05
11.552400095356594,0.0015243306433976194,9.578688883982021e-06
11.554400095356595,0.0015083081726967025,9.343202719548225e-06
11.556400095356594,0.0015192353441469907,9.303501838122992e-06
11.558400095356593,0.0015419294996190838,9.743331757051284e-06
11.560400095356593,0.001552455386479806,9.639547920486718e-06
11.562400095356594,0.0015461750934219018,9.49850273419584e-06
11.564400095356593,0.0015363013297925903,9.987919142874858e-06
11.566400095356592,0.0015537342848661137,9.87599968502359e-06
11.568400095356592,0.001520778705161581,9.18493037332842e-06
11.570400095356593,0.0015145618518836673,9.331308946202039e-06
11.572400095356592,0.0015075182664792317,9.185260482246988e-06
11.57440009535659,0.0014710838437004255,8.687234650956631e-06
11.576400095356592,0.0014739314503566586,8.977122557768207e-06
11.578400095356592,0.0014621479304920847,9.198983303833847e-06
11.580400095356591,0.0014965049850041707,9.051432355440475e-06
11.58240009535659,0.0014899381479686015,9.55962897606188e-06
11.58440009535659,0.001464288343057884,9.928447802917713e-06
11.586400095356591,0.0015093970844596856,9.802203748751132e-06
11.58840009535659,0.001519654654619513,9.548135358735169e-06
11.590400095356589,0.00153923190742879,9.733654440030276e-06
11.59240009535659,0.001519691550562624,9.58975006998944e-06
11.59440009535659,0.0015263170768208567,9.347575097851025e-06
11.59640009535659,0.0015543421341586922,9.40251577827643e-06
11.598400095356588,0.0015262236413811354,9.448050661608076e-06
11.600400095356589,0.0015240030280632335,9.295972057719948e-06
11.60240009535659,0.0015267277759553855,9.178181400942218e-06
11.604400095356588,0.0014989689194014077,9.231149946495738e-06
11.606400095356587,0.0015075337162864689,8.940310406382034e-06
11.608400095356588,0.0014952230457532785,8.755735184371336e-06
11.610400095356589,0.001507595025382412,8.980378146115599e-06
11.612400095356588,0.0014898665654359397,8.901033624765607e-06
11.614400095356586,0.0014584140221213196,8.41258619414923e-06
11.616400095356587,0.0014488366040190945,8.60099812366947e-06
11.618400095356588,0.0014310566133946868,8.847248829546032e-06
11.620400095356587,0.0014468115093918363,8.351443194471147e-06
11.622400095356586,0.0014578168914889942,8.561987950346741e-06
11.624400095356586,0.0014238633671171902,9.141235920990969e-06
11.626400095356587,0.0014092053250809224,8.683225206188912e-06
11.628400095356586,0.0014079371006830359,8.585301906727108e-06
11.630400095356585,0.0014047965013622874,9.459296717466886e-06
11.632400095356585,0.0014337455200321267,9.53291585534755e-06
11.634400095356586,0.001440407366903619,9.35420035449871e-06
11.636400095356585,0.0014806930164523412,1.0363923223573595e-05
11.638400095356584,0.0014910745337739341,1.0357577552414733e-05
11.640400095356584,0.0014709763515539512,9.526803005922009e-06
11.642400095356585,0.0014736044746253704,9.728131684237622e-06
11.644400095356584,0.001494788318649819,9.750148909608346e-06
11.646400095356583,0.0015064072724163798,9.19189493288245e-06
11.648400095356584,0.0014979051200270065,8.982785183273858e-06
11.650400095356584,0.0015325688372855137,9.163701445686844e-06
11.652400095356583,0.0014859712958308724,8.803831235615772e-06
11.654400095356582,0.0014441449655016696,8.588669050853173e-06
11.656400095356583,0.0014914094817351036,8.899514868755712e-06
11.658400095356583,0.001486797009676157,8.659560359966222e-06
11.660400095356582,0.0014660504765707098,8.405789139622126e-06
11.662400095356581,0.0014687227536312793,8.708831871923629e-06
11.664400095356582,0.0014816591013469807,8.883622461063778e-06
11.666400095356583,0.0014877252167264177,8.80065935035045e-06
11.668400095356581,0.0014553638442447742,9.013740432264919e-06
11.67040009535658,0.0014830552664868927,9.339441903847174e-06
11.672400095356581,0.0014999591437640245,9.395069443698414e-06
11.674400095356582,0.001480319412903083,9.497397661733931e-06
11.67640009535658,0.0014732902782112508,9.86790996605323e-06
11.67840009535658,0.001479414812696243,9.93840496099213e-06
11.68040009535658,0.0014877660546636958,9.902034988616242e-06
11.68240009535658,0.0014837243160790458,1.0045966745278438e-05
11.68440009535658,0.001497660934443441,1.018795094578692e-05
11.686400095356579,0.001499538178553623,1.0145981135140541e-05
11.68840009535658,0.0015122846631953567,9.859920908039589e-06
11.69040009535658,0.0015422141476911606,9.722486506677845e-06
11.692400095356579,0.0015634709033632641,9.542069676435712e-06
11.694400095356578,0.0015379092815114416,9.086333841484068e-06
11.696400095356578,0.0015626682061202156,9.00422487980641e-06
11.698400095356579,0.001557078791962803,9.192463661584758e-06
11.700400095356578,0.0016299879761780087,1.1813002317830774e-05
11.702400095356577,0.0016179815725468956,1.1793010301822377e-05
11.704400095356577,0.0016292888736146051,1.170150835699238e-05
11.706400095356578,0.001653121489263714,1.1529894327373973e-05
11.708400095356577,0.0016574398938530356,1.1050368926749265e-05
11.710400095356576,0.0016551604946205098,1.1055651310517243e-05
11.712400095356577,0.001645555446202167,1.1417186581008027e-05
11.714400095356577,0.0016396312803128095,1.1950840116512179e-05
11.716400095356576,0.0016489726793085387,1.2453007456760913e-05
11.718400095356575,0.0016400344767764459,1.2956264989298815e-05
11.720400095356576,0.0016241576805314686,1.3162331110639256e-05
11.722400095356576,0.0016052461296960927,1.3157135799113961e-05
11.724400095356575,0.0016139218611626645,1.3012696164939008e-05
11.726400095356574,0.001677434168310836,1.279524723665869e-05
11.728400095356575,0.001680824362589174,1.2437785251315289e-05
11.730400095356575,0.001703414279768659,1.2383070081912455e-05
11.732400095356574,0.0017136790516524883,1.2693167673098957e-05
11.734400095356573,0.0017129382764299573,1.3230333330504356e-05
11.736400095356574,0.0017162086231714247,1.3725647334796438e-05
11.738400095356575,0.0017403244981292645,1.357976074880249e-05
11.740400095356573,0.001726681012761149,1.3140745079650119e-05
11.742400095356572,0.0017168106201835567,1.2532832551090644e-05
11.744400095356573,0.0017125408125570982,1.1867074472654094e-05
11.746400095356574,0.0016992267827190461,1.1279782325072997e-05
11.748400095356573,0.0016540736353612916,1.1121634387956545e-05
11.750400095356571,0.0016347311743562273,1.1322067429973015e-05
11.752400095356572,0.0016090713095774653,1.1538715887458392e-05
11.754400095356573,0.0015942212782463134,1.1560962109745859e-05
11.756400095356572,0.001618991847696268,1.1286976763020125e-05
11.75840009535657,0.0016320662924345067,1.1206321164746582e-05
11.760400095356571,0.0016598784183846612,1.1332757163032426e-05
11.762400095356572,0.0016588406595964183,1.149267335122932e-05
11.76440009535657,0.0016628270948283919,1.175976932143247e-05
11.76640009535657,0.0017205114591614837,1.2264045409875451e-05
11.76840009535657,0.0017060377289840457,1.2749353878618635e-05
11.770400095356571,0.0016938155360337534,1.2258272868119242e-05
11.77240009535657,0.0016985153671489571,1.1824486633884233e-05
11.774400095356569,0.0016982419554955183,1.168605254580125e-05
11.77640009535657,0.001662774543502802,1.1776887795015846e-05
11.77840009535657,0.0016321317550054722,1.2137683841588476e-05
11.780400095356569,0.001672251564979713,1.2574686410880289e-05
11.782400095356568,0.0016864564053782585,1.293230163443602e-05
11.784400095356569,0.0016655475446292437,1.295610546400641e-05
11.78640009535657,0.0016375968650768687,1.2421520233090984e-05
11.788400095356568,0.0016472244572035037,1.1742602354820864e-05
11.790400095356567,0.0016717601524325932,1.1324136535425593e-05
11.792400095356568,0.0016933042656447096,1.1191906748200994e-05
11.794400095356568,0.001712148362613526,1.1435515021149042e-05
11.796400095356567,0.0017359772869515256,1.2094791729701866e-05
11.798400095356566,0.0017738943865404045,1.2626061642742698e-05
11.800400095356567,0.0018075462942753247,1.2839048259115334e-05
11.802400095356568,0.0018044601725152364,1.265945768621774e-05
11.804400095356566,0.0017760396295997268,1.2227020878638143e-05
11.806400095356565,0.0017551666254833217,1.1794751276581682e-05
11.808400095356566,0.0017978109112098699,1.168639463126397e-05
11.810400095356567,0.0017936547558267094,1.2131360603703898e-05
11.812400095356566,0.0017954933070958702,1.283879160047061e-05
11.814400095356564,0.0017947640262009506,1.3398708346654735e-05
11.816400095356565,0.0017672084633118432,1.3439776135697635e-05
11.818400095356566,0.0017762378685360688,1.3608640483040559e-05
11.820400095356565,0.001820116882226578,1.3176022749479689e-05
11.822400095356564,0.0018189991888586372,1.2908450821064086e-05
11.824400095356564,0.0017939822443234644,1.2864434000914062e-05
11.826400095356565,0.0018005846992633528,1.285469197524141e-05
11.828400095356564,0.001817165134492277,1.3083549873487057e-05
11.830400095356563,0.0018237084579972444,1.3364604351580554e-05
11.832400095356563,0.0018111838723874978,1.3353819111884263e-05
11.834400095356564,0.0018101499821778632,1.3167656755543315e-05
11.836400095356563,0.0018537793266178383,1.3086362865938213e-05
11.838400095356562,0.0018329998528309275,1.3054406972140359e-05
11.840400095356562,0.0018032178076608136,1.2718067020210614e-05
11.842400095356563,0.001811134518382744,1.244937822055318e-05
11.844400095356562,0.0018291887812759556,1.224674957592746e-05
11.846400095356561,0.001811514344037308,1.1985586619362184e-05
11.848400095356562,0.0018436973734336254,1.1814685986531394e-05
11.850400095356562,0.0018824041275139773,1.1760138989867912e-05
11.852400095356561,0.0019275726758432076,1.197226538608075e-05
11.85440009535656,0.0019507728164072416,1.2399696114315428e-05
11.85640009535656,0.001923754063392893,1.2901698657032678e-05
11.858400095356561,0.0019364077654477208,1.3390474911682451e-05
11.86040009535656,0.0019252120693229696,1.3332289976087322e-05
11.86240009535656,0.0019521685958612174,1.307600510268042e-05
11.86440009535656,0.0019899296282078678,1.2850601627161403e-05
11.86640009535656,0.001979810619037504,1.2846318755211896e-05
11.86840009535656,0.0019207870117686182,1.3224324901072047e-05
11.870400095356558,0.00194407607822111,1.3462630325380279e-05
11.872400095356559,0.001966743027444003,1.3952912482370665e-05
11.87440009535656,0.0019861182512653343,1.4709034770081663e-05
11.876400095356558,0.0020202331448027537,1.5385816931638543e-05
11.878400095356557,0.001977837093671231,1.3605508254860644e-05
11.880400095356558,0.001958151426096249,1.2990316756861532e-05
11.882400095356559,0.0019425107118232966,1.273002288419356e-05
11.884400095356558,0.001925894133306842,1.2764734907232624e-05
11.886400095356557,0.0019116538097163208,1.321485178630949e-05
11.888400095356557,0.0019370905705983254,1.3269261855096779e-05
11.890400095356558,0.0019000265389330848,1.3333086641339918e-05
11.892400095356557,0.0019547438140062835,1.3417918708802276e-05
11.894400095356556,0.0020480404237389837,1.3314122199659457e-05
11.896400095356556,0.0020588663583750253,1.2817255362630983e-05
11.898400095356557,0.0020536688070934856,1.2665546249441557e-05
11.900400095356556,0.002076387532743239,1.2971280977685874e-05
11.902400095356555,0.002099621704634166,1.3489571647901464e-05
11.904400095356555,0.002113257829797852,1.3882245468410233e-05
11.906400095356556,0.00211592677093031,1.384206054386021e-05
11.908400095356555,0.002126816910975957,1.3869161101831674e-05
11.910400095356554,0.00214383012496673,1.4009645505471826e-05
11.912400095356555,0.0021567562456886627,1.4114480592966283e-05
11.914400095356555,0.0021456091368020603,1.4270135725040482e-05
11.916400095356554,0.0020979313000342725,1.4586747543591258e-05
11.918400095356553,0.002114497567845588,1.4455296877413718e-05
11.920400095356554,0.002121729299401291,1.4267845784365161e-05
11.922400095356554,0.0021223854724709027,1.4133171098511015e-05
11.924400095356553,0.00212073333331244,1.4097075074738812e-05
11.926400095356552,0.0021220815741349523,1.4192648773295202e-05
11.928400095356553,0.002132551595481786,1.4611374880092214e-05
11.930400095356553,0.0021245979812683185,1.46800593591752e-05
11.932400095356552,0.002155847104673343,1.4714606941401822e-05
11.934400095356551,0.0021926578091765554,1.4650532405312005e-05
11.936400095356552,0.0021753756705526718,1.433881861901837e-05
11.938400095356553,0.002165012622615589,1.4259974500567059e-05
11.940400095356551,0.0021912601020483884,1.4390567753886029e-05
11.94240009535655,0.0022136660148172386,1.4882029048922551e-05
11.944400095356551,0.0022159120715861394,1.547569635330773e-05
11.946400095356552,0.0021965878615080787,1.577139353911362e-05
11.94840009535655,0.0022078624529105594,1.5766597692223738e-05
11.95040009535655,0.002235817971205404,1.5351006397841003e-05
11.95240009535655,0.0022351296728190606,1.5153640242405938e-05
11.95440009535655,0.0022107976924772826,1.512418339937312e-05
11.95640009535655,0.002190190820542685,1.4985461635834448e-05
11.958400095356549,0.002211757592105768,1.4981451551060174e-05
11.96040009535655,0.0021878365758937405,1.4801872412787104e-05
11.96240009535655,0.0021820989432533625,1.4576508936829387e-05
11.964400095356549,0.0022052503134787536,1.4357920632505794e-05
11.966400095356548,0.002242701609849326,1.4202205462974131e-05
11.968400095356548,0.002243550906051429,1.4487032077201718e-05
11.970400095356549,0.0021908961411125256,1.4643223131570004e-05
11.972400095356548,0.0021655492291029928,1.4766112558880984e-05
11.974400095356547,0.0021755467786893756,1.470419267452265e-05
11.976400095356547,0.002198582131479233,1.427737951635106e-05
11.978400095356548,0.0022091071934695226,1.3971402730219088e-05
11.980400095356547,0.0022105649489595086,1.4040588542598846e-05
11.982400095356546,0.002206632645111689,1.410249840032595e-05
11.984400095356547,0.002201489379275664,1.418134763711775e-05
11.986400095356547,0.0021952709494003925,1.4401103464234396e-05
11.988400095356546,0.0021411391499460025,1.4278992865151075e-05
11.990400095356545,0.002140457822429086,1.4059739865681992e-05
11.992400095356546,0.0021833587430243203,1.387099758828735e-05
11.994400095356546,0.0022429545898335003,1.3886208205195247e-05
11.996400095356545,0.0022866455222242525,1.4298449423436877e-05
11.998400095356544,0.002317083857388687,1.5350717195601102e-05
12.000400095356545,0.002296350804484834,1.583424434720501e-05
12.002400095356546,0.0022587211199792184,1.584051114112365e-05
12.004400095356544,0.002235295607962242,1.557298451273404e-05
12.006400095356543,0.002248677840406903,1.532365976833767e-05
12.008400095356544,0.0022377142017654507,1.556009889200417e-05
12.010400095356545,0.002228873551840141,1.58676118333742e-05
12.012400095356544,0.0022265971157925716,1.619861342763696e-05
12.014400095356542,0.0022232576157844236,1.64608320703029e-05
12.016400095356543,0.0022129553712896227,1.648953885213791e-05
12.018400095356544,0.002259845254994189,1.5559169083650203e-05
12.020400095356543,0.0022484591875156627,1.5146495379819653e-05
12.022400095356542,0.0022558563520406116,1.5215833509152595e-05
12.024400095356542,0.0022835774943916268,1.566114878043012e-05
12.026400095356543,0.0023038096265801354,1.6245815500894838e-05
12.028400095356542,0.0023009091351711476,1.5964791646288086e-05
12.03040009535654,0.002295909153515043,1.558778881442582e-05
12.032400095356541,0.002286016529970496,1.5297622465745993e-05
12.034400095356542,0.0022718883554743194,1.5218464344720783e-05
12.03640009535654,0.0022556751100364903,1.5474222757623373e-05
12.03840009535654,0.002238031823803182,1.648538274247749e-05
12.04040009535654,0.002261479491112586,1.613754273451056e-05
12.042400095356541,0.002292526578303712,1.556697916711739e-05
12.04440009535654,0.0023172806104978217,1.5138684012337075e-05
12.046400095356539,0.002328828926553878,1.495828067219231e-05
12.04840009535654,0.0023175215596201748,1.5433746931297974e-05
12.05040009535654,0.002343119115283719,1.6267448606494226e-05
12.052400095356539,0.0023250515647105004,1.6479687658635695e-05
12.054400095356538,0.002268562257674404,1.6093335476376947e-05
12.056400095356539,0.0022192819149162743,1.5537272787655505e-05
12.05840009535654,0.0022680194904085055,1.5014057045333896e-05
12.060400095356538,0.0022944344989114037,1.5229011326517702e-05
12.062400095356537,0.002296196067966362,1.5884259885236357e-05
12.064400095356538,0.0022904076697479164,1.6586623509410874e-05
12.066400095356538,0.0022985588499618414,1.6877096616451775e-05
12.068400095356537,0.002294829490754163,1.6252584753928956e-05
12.070400095356536,0.0022907155485485525,1.5401962078386125e-05
12.072400095356537,0.002317468385276314,1.4979566444948123e-05
12.074400095356538,0.00236593658725023,1.511195645001309e-05
12.076400095356536,0.00240783073049135,1.5652950748972733e-05
12.078400095356535,0.002398421647166006,1.60388313450897e-05
12.080400095356536,0.0023566627743100647,1.5875161914681725e-05
12.082400095356537,0.002336814432171513,1.5394957858520588e-05
12.084400095356536,0.002313182621030974,1.4913154486729577e-05
12.086400095356534,0.002246155062286992,1.4786752819930276e-05
12.088400095356535,0.002285900183802978,1.5298339671924548e-05
12.090400095356536,0.0023153974420504265,1.5980433922239326e-05
12.092400095356535,0.00232482653379741,1.639581969281476e-05
12.094400095356534,0.0023326269730736854,1.6422611789415965e-05
12.096400095356534,0.002359983711650305,1.6123349844878718e-05
12.098400095356535,0.0023313213500645814,1.6022076942212228e-05
12.100400095356534,0.0023037884903560376,1.6115632562875633e-05
12.102400095356533,0.002311675402595775,1.6465138993764556e-05
12.104400095356533,0.0023408674997660054,1.6859767470708346e-05
12.106400095356534,0.0023584256494855365,1.699883301669924e-05
12.108400095356533,0.002352949094339205,1.689449854231661e-05
12.110400095356532,0.0023028653375250746,1.7449365434216025e-05
12.112400095356533,0.00229993176789642,1.77403673279554e-05
12.114400095356533,0.0023489496667490526,1.7681013736925418e-05
12.116400095356532,0.0024101819782005552,1.749277825119572e-05
12.118400095356531,0.002363269009928715,1.7044316776107757e-05
12.120400095356532,0.002335149113442548,1.69888676541297e-05
12.122400095356532,0.0023206435821362843,1.8009504632493324e-05
12.124400095356531,0.002305028018665988,1.937793530120273e-05
12.12640009535653,0.0022784662751231992,1.976536498864205e-05
12.12840009535653,0.0023277166290771667,1.7943460257420877e-05
12.130400095356531,0.002344150824135655,1.6912768061393e-05
12.13240009535653,0.0023651198882663456,1.6343083701925385e-05
12.13440009535653,0.0023777425920074625,1.6173176447505118e-05
12.13640009535653,0.0023555083822357483,1.642092538099289e-05
12.13840009535653,0.0023349764152889615,1.712945661996689e-05
12.14040009535653,0.0023466610189963586,1.792478745974551e-05
12.142400095356528,0.0023614662867186367,1.798553732430981e-05
12.144400095356529,0.002355134280441161,1.7446831381888655e-05
12.14640009535653,0.002312581376686205,1.685070467593883e-05
12.148400095356529,0.0022944958894314258,1.664311866657858e-05
12.150400095356527,0.002301275310646542,1.7159646223247825e-05
12.152400095356528,0.002323680675226403,1.795771830334056e-05
12.154400095356529,0.002323646809475027,1.853425620416265e-05
12.156400095356528,0.002264028680698835,1.838599996523615e-05
12.158400095356527,0.002240484523956275,1.7396285074095705e-05
12.160400095356527,0.0022786945883446624,1.662357960557714e-05
12.162400095356528,0.0022989036699944004,1.655696884867408e-05
12.164400095356527,0.0022765232011303354,1.7080440681251838e-05
12.166400095356526,0.002213791939439483,1.779759428125033e-05
12.168400095356526,0.002155449322463286,1.828655314419817e-05
12.170400095356527,0.0021750664326909276,1.816986470696432e-05
12.172400095356526,0.002221481312610554,1.7552605693909156e-05
12.174400095356525,0.002259063196103668,1.6878031898178767e-05
12.176400095356525,0.002258744519244711,1.6666898497348703e-05
12.178400095356526,0.0022115106427660894,1.6593218625153912e-05
12.180400095356525,0.0022247917552475384,1.6919582838768925e-05
12.182400095356524,0.002226504872401095,1.7019813468895798e-05
12.184400095356525,0.0022182052730367807,1.6852376796336737e-05
12.186400095356525,0.0022187571616625454,1.660564900409877e-05
12.188400095356524,0.002122663831233305,1.6348104391653054e-05
12.190400095356523,0.0021331589247163265,1.617444010842436e-05
12.192400095356524,0.0021624837932522254,1.6159102786727042e-05
12.194400095356524,0.002158693998326268,1.6218566174381605e-05
12.196400095356523,0.0021029930939962687,1.6252878748981997e-05
12.198400095356522,0.002183825801205696,1.672243588663861e-05
12.200400095356523,0.002169714376693134,1.7039074705914334e-05
12.202400095356523,0.002180671754950742,1.7015972915334778e-05
12.204400095356522,0.0022205895158725836,1.6860325065319935e-05
12.206400095356521,0.0022533095656765444,1.6886826382305394e-05
12.208400095356522,0.002311647732028325,1.673550356827466e-05
12.210400095356523,0.002352164435140286,1.6907460920482167e-05
12.212400095356521,0.002350884105089473,1.727507887637681e-05
12.21440009535652,0.0023045838156708558,1.7282414713325565e-05
12.216400095356521,0.002228852949145159,1.6353789016735923e-05
12.218400095356522,0.0022235954592650835,1.5518760981303623e-05
12.22040009535652,0.002183598831898749,1.5366013134591984e-05
12.22240009535652,0.002154598569685332,1.587551082984937e-05
12.22440009535652,0.002163990780808008,1.6623675339388473e-05
12.22640009535652,0.0022188220265086343,1.699611213706154e-05
12.22840009535652,0.0021982778837180226,1.6420258532194143e-05
12.230400095356519,0.002194916632162574,1.5544939008030873e-05
12.23240009535652,0.0021683688064435256,1.5150899143575605e-05
12.23440009535652,0.002166567759735754,1.5332218514186907e-05
12.236400095356519,0.0022481903404261714,1.586662286678948e-05
12.238400095356518,0.002216427245717806,1.633368394126949e-05
12.240400095356518,0.0022068031363031097,1.6205998203563252e-05
12.242400095356519,0.00216079712123224,1.5556833961634062e-05
12.244400095356518,0.0021240741661106874,1.5058523295174592e-05
12.246400095356517,0.002164374290484244,1.5460120686995538e-05
12.248400095356518,0.0021387265614154255,1.5608998867044602e-05
12.250400095356518,0.0021183130726631686,1.553145246938674e-05
12.252400095356517,0.002138816920320322,1.5293330019261465e-05
12.254400095356516,0.0021635114519957294,1.5197589401753146e-05
12.256400095356517,0.002141278464340344,1.5542521200055135e-05
12.258400095356517,0.002186871273497118,1.5543047359336572e-05
12.260400095356516,0.002189557780528049,1.5079610942304428e-05
12.262400095356515,0.002166714658786452,1.4784369962823622e-05
12.264400095356516,0.002117984980911359,1.4717926371487923e-05
12.266400095356516,0.002052713414580059,1.4742171630150015e-05
12.268400095356515,0.002135626041040375,1.5073332049180748e-05
12.270400095356514,0.0021414369658130793,1.4589653193698664e-05
12.272400095356515,0.00213947703924311,1.4098814952002933e-05
12.274400095356516,0.0021190617511984127,1.3828187387590637e-05
12.276400095356514,0.002051767975716874,1.3805537374985138e-05
12.278400095356513,0.002041829085591208,1.4338707251584138e-05
12.280400095356514,0.0021028000017960006,1.4930655602391326e-05
12.282400095356515,0.0021136458679740944,1.499139825864206e-05
12.284400095356514,0.0020704122307883964,1.4501906484684095e-05
12.286400095356512,0.0020228024877523873,1.3775852906363628e-05
12.288400095356513,0.0020724880694180476,1.3932690044895984e-05
12.290400095356514,0.0020416645449313317,1.4367587771253045e-05
12.292400095356513,0.0020720695461991763,1.4578643451783692e-05
12.294400095356512,0.002134931111729945,1.4420061159937931e-05
12.296400095356512,0.0021407051262695913,1.3904634682096271e-05
12.298400095356513,0.0020940067877425863,1.3101205820794922e-05
12.300400095356512,0.002100640998183153,1.297623091279374e-05
12.30240009535651,0.002093567588420257,1.3335702792216059e-05
12.304400095356511,0.0020642219141583018,1.3764137183658258e-05
12.306400095356512,0.002032174785253603,1.380681172844648e-05
12.308400095356511,0.002063523472119266,1.3773705681416705e-05
12.31040009535651,0.0020437671913636217,1.3597932001357438e-05
12.31240009535651,0.0020405966096254695,1.372188814676572e-05
12.314400095356511,0.002051853259302504,1.4083424646937211e-05
12.31640009535651,0.0020454660483983397,1.4381885391186188e-05
12.318400095356509,0.0019713019410229765,1.4065326774197975e-05
12.32040009535651,0.0019391999282470564,1.4006198659115823e-05
12.32240009535651,0.0019492169739710227,1.4145474387640115e-05
12.32440009535651,0.0019750683529929777,1.4315131862544515e-05
12.326400095356508,0.001978775337972539,1.4300744742809946e-05
12.328400095356509,0.001932350426606206,1.3961084152442602e-05
12.33040009535651,0.001957206957368304,1.360668250747722e-05
12.332400095356508,0.001954334790287768,1.3355201029561536e-05
12.334400095356507,0.0019147271065191626,1.3430241154643935e-05
12.336400095356508,0.001871453924889899,1.3981255061703085e-05
12.338400095356509,0.0019125660539056114,1.4045371515338525e-05
12.340400095356507,0.0019692186334265825,1.3547427276356572e-05
12.342400095356506,0.002025662450756204,1.321457598928059e-05
12.344400095356507,0.0020609674736763823,1.3269026985627916e-05
12.346400095356508,0.002060809606475398,1.3711479209985275e-05
12.348400095356507,0.002098467561333738,1.4402205714271788e-05
12.350400095356505,0.0020918609386700146,1.4032871482517167e-05
12.352400095356506,0.0020801272951215966,1.3501489587018995e-05
12.354400095356507,0.002062990745098588,1.329186460672855e-05
12.356400095356506,0.0020300815918863307,1.3648654375669234e-05
12.358400095356505,0.002021855309847504,1.3938607943222866e-05
12.360400095356505,0.002007381256773322,1.4073993468716917e-05
12.362400095356506,0.0020132866037272253,1.3725504939817194e-05
12.364400095356505,0.0020253226140259603,1.3260517276668228e-05
12.366400095356504,0.002015453665324936,1.3295842294157951e-05
12.368400095356504,0.0019894288246536454,1.394356146318683e-05
12.370400095356505,0.001996700470135812,1.3992242896300594e-05
12.372400095356504,0.002004269731600262,1.3756792263748767e-05
12.374400095356503,0.002010710240278333,1.3504178919298752e-05
12.376400095356503,0.002022999896001293,1.3476978973976643e-05
12.378400095356504,0.002008166437650924,1.369567277042176e-05
12.380400095356503,0.0020351393763635046,1.449567972685994e-05
12.382400095356502,0.002039879563995136,1.4519926034083973e-05
12.384400095356503,0.002015088516421033,1.4124685961375322e-05
12.386400095356503,0.0019804437647460214,1.423544197915278e-05
12.388400095356502,0.0019918070407044038,1.4305521794632304e-05
12.390400095356501,0.002009308984081716,1.4291225254422708e-05
12.392400095356502,0.0020552846284715145,1.4348006644622651e-05
12.394400095356502,0.0020635947826614254,1.4437351204984949e-05
12.396400095356501,0.001963375041161908,1.4453617533825386e-05
12.3984000953565,0.0020042879355236395,1.4419533495196594e-05
12.4004000953565,0.0020103671429482087,1.4636923884811154e-05
12.402400095356501,0.002007406995481269,1.4610682017299159e-05
12.4044000953565,0.002005963018103778,1.4163095262336293e-05
12.4064000953565,0.0020104007104280817,1.3338892775285626e-05
12.4084000953565,0.002017316003499618,1.3040049723634482e-05
12.4104000953565,0.0020760360545721696,1.3417955799771068e-05
12.4124000953565,0.0020797074888190942,1.3846000627511815e-05
12.414400095356498,0.002033479962795367,1.3892192600676947e-05
12.416400095356499,0.0019868268702535664,1.3316608785833806e-05
12.4184000953565,0.0019625782175911417,1.3085730677708784e-05
12.420400095356499,0.0020352733763881613,1.3208679870370574e-05
12.422400095356497,0.0020742987915230997,1.3376631789871113e-05
12.424400095356498,0.002065595413515506,1.3470096857371097e-05
12.426400095356499,0.0020428287199717606,1.3451631139819546e-05
12.428400095356498,0.002042179425327488,1.3391472202174129e-05
12.430400095356497,0.0020523533355722235,1.340882502942637e-05
12.432400095356497,0.002026208110904887,1.348688813458685e-05
12.434400095356498,0.0019809796589286685,1.3440008493391127e-05
12.436400095356497,0.001960402775577407,1.3096255001506772e-05
12.438400095356496,0.0020014518521042626,1.313060238280848e-05
12.440400095356496,0.001997506170004771,1.314922424237466e-05
12.442400095356497,0.0019911060382044985,1.3274822982753122e-05
12.444400095356496,0.0019967818741895306,1.3283683963854311e-05
12.446400095356495,0.0020146180083737467,1.2906004701493369e-05
12.448400095356495,0.0020073586037093185,1.2841220838133748e-05
12.450400095356496,0.0019793892806977977,1.2889616427459707e-05
12.452400095356495,0.002000427272632165,1.319795113055601e-05
12.454400095356494,0.0020394023090714265,1.3435343859536369e-05
12.456400095356495,0.0020292289284306697,1.310686080545335e-05
12.458400095356495,0.001964704201577974,1.2084633842922753e-05
12.460400095356494,0.0019218093457827098,1.1766696872707001e-05
12.462400095356493,0.0019291093901975418,1.1770824780616506e-05
12.464400095356494,0.0019645094969199745,1.1904272086328276e-05
12.466400095356494,0.001983012900961362,1.2016114263542169e-05
12.468400095356493,0.0019369069205441183,1.1817699203770683e-05
12.470400095356492,0.0019495689920399726,1.1604647652511093e-05
12.472400095356493,0.00195565628756197,1.1776125400013077e-05
12.474400095356494,0.001958145986396036,1.2199884004300386e-05
12.476400095356492,0.001978959281760773,1.2494855019510523e-05
12.478400095356491,0.001957232270587884,1.2079197504017763e-05
12.480400095356492,0.0019319927543127436,1.1778390908019822e-05
12.482400095356493,0.0019200832154203388,1.19274694184547e-05
12.484400095356492,0.001903771933688483,1.2577592433722424e-05
12.48640009535649,0.0018632884148296705,1.351258377485755e-05
12.488400095356491,0.001904069852394311,1.318259329624346e-05
12.490400095356492,0.0019730345826245595,1.2689752887851162e-05
12.49240009535649,0.0020083525947663344,1.2735493122654063e-05
12.49440009535649,0.002027364815883597,1.3033444996291115e-05
12.49640009535649,0.0020718088928176263,1.2976893532967849e-05
12.49840009535649,0.0020971574463925394,1.2941240843793927e-05
12.50040009535649,0.0020669652197070018,1.2810158852805084e-05
12.502400095356489,0.0020498553037567617,1.2949801870516672e-05
12.50440009535649,0.00205609957246698,1.3463075241498704e-05
12.50640009535649,0.0020724508550951145,1.422388117986172e-05
12.508400095356489,0.002086081592591217,1.3975535187056758e-05
12.510400095356488,0.0020942935498070216,1.4112257493784094e-05
12.512400095356488,0.0021027435768745367,1.4162520847918693e-05
12.51440009535649,0.0020894898105226563,1.4049444404575767e-05
12.516400095356488,0.002037236995715183,1.3879125229347988e-05
12.518400095356487,0.002086378231748063,1.4002856057597682e-05
12.520400095356488,0.002071873658924698,1.4003192709014183e-05
12.522400095356488,0.0020521215848659157,1.4008973959859032e-05
12.524400095356487,0.002050480644774517,1.398907459244613e-05
12.526400095356486,0.0020760299355137173,1.38315102523723e-05
12.528400095356487,0.00212931098883338,1.3232738923500912e-05
12.530400095356487,0.0021276101390463736,1.3495486941671503e-05
12.532400095356486,0.002102662632328018,1.3857675930298705e-05
12.534400095356485,0.0020680032059086843,1.3813623372830768e-05
12.536400095356486,0.002035746022791046,1.3067837560903217e-05
12.538400095356486,0.002062632602197438,1.2496592827259674e-05
12.540400095356485,0.002057214680373476,1.245767455517013e-05
12.542400095356484,0.002041214802158105,1.270551478725764e-05
12.544400095356485,0.002044784321158035,1.2950414549874882e-05
12.546400095356486,0.0020910665530501945,1.284813159027437e-05
12.548400095356484,0.0020921536588020934,1.1830625855131416e-05
12.550400095356483,0.002063541761578075,1.1803833052761561e-05
12.552400095356484,0.0020342228882609297,1.2389471193626925e-05
12.554400095356485,0.0020257440722244776,1.3040251130965902e-05
12.556400095356484,0.002053283956239711,1.314600224476736e-05
12.558400095356482,0.002097101130277108,1.2478218699018207e-05
12.560400095356483,0.002102935291447624,1.2297514159475191e-05
12.562400095356484,0.002084606243671444,1.2422332682287538e-05
12.564400095356483,0.0020670977700414346,1.269484380375633e-05
12.566400095356482,0.002076546757181599,1.2925960634983424e-05
12.568400095356482,0.0020924536156896305,1.2691522328426812e-05
12.570400095356483,0.002091857333156892,1.2517952418204757e-05
12.572400095356482,0.0020675581387610284,1.2394464303016477e-05
12.57440009535648,0.0020551663850722486,1.2327537310865662e-05
12.576400095356481,0.0020951227666435672,1.2344286843215725e-05
12.578400095356482,0.002093025445917006,1.2648031342820366e-05
12.580400095356481,0.00212309559697611,1.2722205023116897e-05
12.58240009535648,0.0021176803672108414,1.2614696346940674e-05
12.58440009535648,0.0021056674274369832,1.2372624225291395e-05
12.586400095356481,0.002137777871959099,1.2067971466902713e-05
12.58840009535648,0.0020817417620247855,1.1920649271125834e-05
12.590400095356479,0.0020847622629616225,1.2302546153031278e-05
12.59240009535648,0.00209665113087585,1.2566047265701665e-05
12.59440009535648,0.002097937620612628,1.2388042697062234e-05
12.59640009535648,0.0020831635087445177,1.1733056618959295e-05
12.598400095356478,0.0020725861968509903,1.213814636908969e-05
12.600400095356479,0.0020824836195481086,1.2691664313473438e-05
12.60240009535648,0.0020880364207398854,1.268645431357629e-05
12.604400095356478,0.002098690768354376,1.2232956023730701e-05
12.606400095356477,0.0021282397494551994,1.1809826696629626e-05
12.608400095356478,0.0020955331809254995,1.206837315149801e-05
12.610400095356479,0.0020530802888300446,1.2510076474024e-05
12.612400095356477,0.0020678208180090175,1.25392692194057e-05
12.614400095356476,0.0021045747875555144,1.2104536697329834e-05
12.616400095356477,0.002096257600507204,1.1474363794159243e-05
12.618400095356478,0.0020904384208091293,1.1771283353781878e-05
12.620400095356477,0.002052499750504351,1.2359846392329251e-05
12.622400095356475,0.0020755133355472377,1.2513030862933618e-05
12.624400095356476,0.002112042266338414,1.2148703798285936e-05
12.626400095356477,0.0020748748716154443,1.1556003149050298e-05
12.628400095356476,0.0020659831407860694,1.198809342376613e-05
12.630400095356475,0.0020763222849160727,1.2373473970525139e-05
12.632400095356475,0.002093935182011408,1.2541869833810285e-05
12.634400095356476,0.002106677421152431,1.2519744571880442e-05
12.636400095356475,0.00210717169338688,1.2439923107862572e-05
12.638400095356474,0.0021418901869155195,1.2607941302708202e-05
12.640400095356474,0.0021479669001572836,1.2942400268391412e-05
12.642400095356475,0.002151780819319393,1.2924124744979924e-05
12.644400095356474,0.002151436216776646,1.265881531241929e-05
12.646400095356473,0.002139969155802263,1.2507060156152541e-05
12.648400095356473,0.0021701231265292852,1.2735667878907997e-05
12.650400095356474,0.0021872614414841377,1.274742758105231e-05
12.652400095356473,0.002185208811065537,1.2679958871429794e-05
12.654400095356472,0.0021630497072043795,1.271938150507135e-05
12.656400095356473,0.002131650795809001,1.3019909886217408e-05
12.658400095356473,0.0021903038863498973,1.3173030584104875e-05
12.660400095356472,0.0022626653878562606,1.2969155517423565e-05
12.662400095356471,0.0022737244575615476,1.2963002654985782e-05
12.664400095356472,0.002255627400036963,1.3142123980637938e-05
12.666400095356472,0.0022711216037669428,1.3266028986050486e-05
12.668400095356471,0.002231761055853748,1.314133639802361e-05
12.67040009535647,0.002224482950160495,1.28104476078464e-05
12.67240009535647,0.0022465039216495626,1.2775182283479876e-05
12.674400095356471,0.0022771875635007243,1.3023981105873585e-05
12.67640009535647,0.00228396695959184,1.3290417860903626e-05
12.67840009535647,0.0021999221843437195,1.2923825838991933e-05
12.68040009535647,0.0022295491987951613,1.2614530829236112e-05
12.68240009535647,0.002291131347063352,1.2731341423693143e-05
12.68440009535647,0.002346737736535789,1.3202309550009001e-05
12.686400095356468,0.0023693021911131377,1.3713769314977286e-05
12.688400095356469,0.0022858169938599713,1.3490638381179849e-05
12.69040009535647,0.00228306956467148,1.2920020750799631e-05
12.692400095356469,0.002309818582940852,1.2997030779285863e-05
12.694400095356468,0.0023389498955732153,1.3519822977223584e-05
12.696400095356468,0.0023521143384178118,1.3797950969616217e-05
12.698400095356469,0.0023415086046238713,1.3299080702090981e-05
12.700400095356468,0.0023356954544150304,1.2912128760364468e-05
12.702400095356467,0.002328428607905258,1.3010349672276685e-05
12.704400095356467,0.0023209742165870638,1.3304178569200559e-05
12.706400095356468,0.0023193529260539677,1.3256674863941121e-05
12.708400095356467,0.002347703737080122,1.2726668885865983e-05
12.710400095356466,0.002362129228051414,1.2549636361396036e-05
12.712400095356466,0.00237560756002411,1.2630910341066089e-05
12.714400095356467,0.00236648840794236,1.2837507233728545e-05
12.716400095356466,0.0023129333383089504,1.2992852515649849e-05
12.718400095356465,0.002328322372684364,1.2778873053494838e-05
12.720400095356466,0.0023593534767776367,1.2740031895473345e-05
12.722400095356466,0.0023440799737776863,1.2898959219051747e-05
12.724400095356465,0.0023287507065854964,1.3109985034292289e-05
12.726400095356464,0.0023877516958608386,1.3170577041420471e-05
12.728400095356465,0.0024251036107433583,1.3082749830507561e-05
12.730400095356465,0.0024007449607858044,1.326844529837503e-05
12.732400095356464,0.0023891390801758644,1.3472459912497064e-05
12.734400095356463,0.0023836456631134493,1.361018077678581e-05
12.736400095356464,0.002353500565509061,1.3697523607454227e-05
12.738400095356464,0.0023522261760144957,1.410995855075264e-05
12.740400095356463,0.0023532720373129735,1.4257270774158218e-05
12.742400095356462,0.002368296273093346,1.450673943997514e-05
12.744400095356463,0.002392888962113102,1.4775695270891736e-05
12.746400095356464,0.00241267396730687,1.4858301854713174e-05
12.748400095356462,0.002383411353793456,1.5143499585407237e-05
12.750400095356461,0.0023680471592065757,1.5022246497568243e-05
12.752400095356462,0.0023791952754752166,1.4677490308867466e-05
12.754400095356463,0.002404794821072599,1.4448848579277355e-05
12.756400095356462,0.002422197171581599,1.4665130681757337e-05
12.75840009535646,0.002414513523040095,1.4794344736355845e-05
12.760400095356461,0.002446619630623515,1.4375903575167046e-05
12.762400095356462,0.0024549616336969607,1.4116058631132915e-05
12.76440009535646,0.002423490399116043,1.4252333127828864e-05
12.76640009535646,0.0023688840635382414,1.4738987518765068e-05
12.76840009535646,0.0024390496330415775,1.4602580378257968e-05
12.770400095356461,0.0024607893889453582,1.4198949775038477e-05
12.77240009535646,0.002483156300837061,1.4256109354338817e-05
12.774400095356459,0.0024972925493309504,1.4709061483327848e-05
12.77640009535646,0.0024840572872516565,1.5131929894118165e-05
12.77840009535646,0.0025506077190639966,1.484399605731204e-05
12.780400095356459,0.0025677758640006575,1.4773496142084699e-05
12.782400095356458,0.0025699621481335574,1.5052953010837444e-05
12.784400095356458,0.0025726144730080364,1.5509186417516897e-05
12.78640009535646,0.0025797996120486186,1.5805301634679004e-05
12.788400095356458,0.002545622916515689,1.5351374180955476e-05
12.790400095356457,0.002512641831607589,1.5607437994990372e-05
12.792400095356458,0.002489210815140836,1.5766322551635244e-05
12.794400095356458,0.0024934911122446615,1.561688644483903e-05
12.796400095356457,0.0025397978545172806,1.525704800705839e-05
12.798400095356456,0.00257053901975132,1.5508161398107523e-05
12.800400095356457,0.0025608102215608397,1.5962366055450743e-05
12.802400095356457,0.0025807216627784036,1.6080630111910252e-05
12.804400095356456,0.002616002645634812,1.5938124182118218e-05
12.806400095356455,0.002623706623992909,1.584950343464777e-05
12.808400095356456,0.002621495103268997,1.5927976121777593e-05
12.810400095356457,0.0026399017909170216,1.5594370621192014e-05
12.812400095356455,0.002644159794995302,1.5218566491880378e-05
12.814400095356454,0.0026434464173590595,1.5007184021173515e-05
12.816400095356455,0.00265478716382724,1.5036116979731968e-05
12.818400095356456,0.0025913177787216875,1.4673018238523825e-05
12.820400095356455,0.0025906187882325828,1.4203640570989189e-05
12.822400095356453,0.0025812895403048318,1.392947128382388e-05
12.824400095356454,0.002558069918578069,1.394960544304851e-05
12.826400095356455,0.0025434961807892682,1.4213835552506666e-05
12.828400095356454,0.0025757695807426405,1.407256426600398e-05
12.830400095356453,0.00257094236306181,1.4056534734134732e-05
12.832400095356453,0.0025641985957850747,1.4403121812388084e-05
12.834400095356454,0.002562754994312238,1.4951250977306137e-05
12.836400095356453,0.00255871492558428,1.5322510189335213e-05
12.838400095356452,0.0024996199853013577,1.4712734256308997e-05
12.840400095356452,0.002499845919975091,1.4742528176980258e-05
12.842400095356453,0.0025258758968841623,1.5161251104957034e-05
12.844400095356452,0.00255081271268352,1.537730826296458e-05
12.84640009535645,0.002551415635139975,1.4830557643090282e-05
12.848400095356451,0.002530224506770404,1.486410716822402e-05
12.850400095356452,0.00258273680546042,1.5260614908635383e-05
12.852400095356451,0.002640456746238754,1.5251677041727278e-05
12.85440009535645,0.0026745565446001226,1.5097512600230008e-05
12.85640009535645,0.002671827822328496,1.544071554765563e-05
12.858400095356451,0.0026224596670957803,1.6502073611412846e-05
12.86040009535645,0.002630319507059569,1.658056325196009e-05
12.862400095356449,0.0026597869683714593,1.6389914051568046e-05
12.86440009535645,0.002690549058865869,1.6248131433188353e-05
12.86640009535645,0.002707530188311892,1.633723036286337e-05
12.86840009535645,0.0027006312366318523,1.6874409502490536e-05
12.870400095356448,0.002725038187504838,1.656672661361649e-05
12.872400095356449,0.00269220626208796,1.606422140799264e-05
12.87440009535645,0.0026278146477522256,1.5968005711960256e-05
12.876400095356448,0.002596979632597596,1.669375075700741e-05
12.878400095356447,0.002578739013881256,1.685308108061492e-05
12.880400095356448,0.002650438772774875,1.606252661385109e-05
12.882400095356449,0.0026579197544370895,1.5614052557484162e-05
12.884400095356447,0.002638746236115383,1.574800617282211e-05
12.886400095356446,0.002688928816738596,1.619828519570372e-05
12.888400095356447,0.0026997502969820864,1.5923510305866994e-05
12.890400095356448,0.0026609520991753913,1.5754051535718413e-05
12.892400095356447,0.0026285270195679274,1.6056828090911225e-05
12.894400095356445,0.002630334833003325,1.6549792082779314e-05
12.896400095356446,0.0026694775196313652,1.67434265274418e-05
12.898400095356447,0.0026120958061875243,1.6893094005056922e-05
12.900400095356446,0.0026274343156856106,1.7294307703111032e-05
12.902400095356445,0.0026214483990657095,1.748856716081927e-05
12.904400095356445,0.0026185749541475173,1.7564780478796548e-05
12.906400095356446,0.0026703581376797824,1.779882279650841e-05
12.908400095356445,0.0026204005121766454,1.807354488428381e-05
12.910400095356444,0.0026659539152180628,1.829892387731995e-05
12.912400095356444,0.0026505507131852407,1.819543556985607e-05
12.914400095356445,0.0025943203759023568,1.7988889199893233e-05
12.916400095356444,0.0025811300243465014,1.8029691267867258e-05
12.918400095356443,0.0026065420947771313,1.7731266166701672e-05
12.920400095356444,0.002592382865595788,1.7284646757483194e-05
12.922400095356444,0.0025491318469293765,1.695475263648922e-05
12.924400095356443,0.002492308457032594,1.6821294232644397e-05
12.926400095356442,0.002445666825681242,1.6849873844213736e-05
12.928400095356443,0.002480401664198143,1.6650354600257592e-05
12.930400095356443,0.0025242928683873863,1.6289684831275302e-05
12.932400095356442,0.0024944406483795698,1.651121189836666e-05
12.934400095356441,0.0024333271715159233,1.692320429878745e-05
12.936400095356442,0.0024236152696694804,1.675379493072164e-05
12.938400095356442,0.002415370264910473,1.6207424863977898e-05
12.940400095356441,0.002429623432501854,1.6505164415679187e-05
12.94240009535644,0.0024310783477153306,1.6859462685445562e-05
12.94440009535644,0.0024104906148228124,1.671521314331825e-05
12.946400095356442,0.0023720351019941186,1.5764111653819616e-05
12.94840009535644,0.0023451506653051394,1.5313822801470692e-05
12.95040009535644,0.0023563398573913153,1.5888975961387926e-05
12.95240009535644,0.0023765135546485613,1.622601738058339e-05
12.95440009535644,0.0023610185265321372,1.5856154878634723e-05
12.95640009535644,0.002274815440752034,1.4813692069690513e-05
12.958400095356438,0.0022475422644047858,1.4956837093893123e-05
12.960400095356439,0.0023182063910999065,1.5196494610985402e-05
12.96240009535644,0.0023234573208929738,1.4950301076578044e-05
12.964400095356439,0.0022838762602666934,1.4601372907213316e-05
12.966400095356438,0.002286407734334087,1.481537605241635e-05
12.968400095356438,0.0023245589863888994,1.5015153465574553e-05
12.970400095356439,0.0022538204385631937,1.4589402406481637e-05
12.972400095356438,0.002214218855105837,1.4346494358357488e-05
12.974400095356437,0.00220210891556165,1.4395522977972455e-05
12.976400095356437,0.0021672435366864814,1.45433446274448e-05
12.978400095356438,0.0021746483808867947,1.4406507975944344e-05
12.980400095356437,0.002168864115116628,1.431021283003931e-05
12.982400095356436,0.0021776738346739794,1.4025796089638457e-05
12.984400095356436,0.0021789160286223228,1.36806386190211e-05
12.986400095356437,0.00214276440156415,1.35554308756537e-05
12.988400095356436,0.002168704091496795,1.3973703214845958e-05
12.990400095356435,0.0021538834480453154,1.4023312036619878e-05
12.992400095356436,0.0021520239861717453,1.4028692729887367e-05
12.994400095356436,0.002153142917987401,1.4106860725868909e-05
12.996400095356435,0.0021282842367054628,1.4253023871595722e-05
12.998400095356434,0.002115978243306161,1.4016595781035654e-05
13.000400095356435,0.0021052068913839524,1.353848283090054e-05
13.002400095356435,0.002115395889842914,1.3319110099111681e-05
13.004400095356434,0.0021263731779967493,1.3481783539489118e-05
13.006400095356433,0.0020968080389106377,1.3997377124994675e-05
13.008400095356434,0.0019377520666674867,1.4949387989979348e-05
13.010400095356434,0.0019069330246945908,1.4829453663047419e-05
13.012400095356433,0.001962010260312691,1.4438573525119284e-05
13.014400095356432,0.002038422798293571,1.4016423074972785e-05
13.016400095356433,0.0020637438151499712,1.3584598440399553e-05
13.018400095356434,0.002023775465415664,1.3010430136938872e-05
13.020400095356433,0.0019813068190960488,1.300119411328463e-05
13.022400095356431,0.00199303829654893,1.3233124509012198e-05
13.024400095356432,0.002021295732082444,1.3334523719599065e-05
13.026400095356433,0.001999243652299881,1.300667573431419e-05
13.028400095356432,0.0019698257941758563,1.3026344530882365e-05
13.03040009535643,0.001953544245238671,1.3327337115462717e-05
13.032400095356431,0.0019249690514484942,1.33343103654561e-05
13.034400095356432,0.0018719123004004965,1.3113593637483662e-05
13.03640009535643,0.0018016267704993596,1.2981673311982854e-05
13.03840009535643,0.0018605021466543761,1.3079629106065654e-05
13.04040009535643,0.0019062388986583615,1.3130524217230296e-05
13.042400095356431,0.0018874890491825383,1.2955092996272985e-05
13.04440009535643,0.0018403021893582758,1.2598794826077277e-05
13.046400095356429,0.0018290581234581503,1.2222725879399453e-05
13.04840009535643,0.0018211701339201575,1.2139460614591503e-05
13.05040009535643,0.0018280013966877145,1.2401270903313654e-05
13.052400095356429,0.0018489296697956124,1.2370861875814599e-05
13.054400095356428,0.001850521824834387,1.2082571729030445e-05
13.056400095356429,0.0017971880769942841,1.1875522905904663e-05
13.05840009535643,0.001769647091810446,1.2356780734616575e-05
13.060400095356428,0.0017996947385454834,1.2352123677103269e-05
13.062400095356427,0.0018126620683649116,1.2078848078357375e-05
13.064400095356428,0.0017918666712710045,1.1985829531301464e-05
13.066400095356428,0.0017472767218081459,1.2491812776099236e-05
13.068400095356427,0.0017193313760963146,1.2632608779442908e-05
13.070400095356426,0.001727256366934015,1.2400606602254553e-05
13.072400095356427,0.00174430532438094,1.2393496637856975e-05
13.074400095356427,0.0017453366448304107,1.2582634469330036e-05
13.076400095356426,0.0017164826873574412,1.2665780498146478e-05
13.078400095356425,0.001758092677552324,1.2170728681815868e-05
13.080400095356426,0.0016960558445020548,1.2299889372665402e-05
13.082400095356427,0.0016640025583362845,1.252841488534477e-05
13.084400095356425,0.0016586701766155005,1.2538231585095648e-05
13.086400095356424,0.0016329686123419428,1.21759221742687e-05
13.088400095356425,0.0016557946302616716,1.2200997743975833e-05
13.090400095356426,0.001641419465102887,1.2382769010662522e-05
13.092400095356425,0.001627907916824326,1.2523634989322795e-05
13.094400095356423,0.0016204616216573626,1.2559942308310111e-05
13.096400095356424,0.001612534376395739,1.248019314380354e-05
13.098400095356425,0.0016091224322308324,1.2243418840247903e-05
13.100400095356424,0.0015902124626727284,1.218769504711782e-05
13.102400095356423,0.00159925604901633,1.2251972792544103e-05
13.104400095356423,0.0016151605696799573,1.2300909986557458e-05
13.106400095356424,0.0015988766261331535,1.2202960440509483e-05
13.108400095356423,0.0016014980653757437,1.2231606765227701e-05
13.110400095356422,0.001614569067789653,1.2734436814144011e-05
13.112400095356422,0.0015809635389474183,1.2796424046358066e-05
13.114400095356423,0.001532861279083548,1.2495710051814427e-05
13.116400095356422,0.0015320173263939992,1.2318115184655365e-05
13.11840009535642,0.0015594791957243644,1.2697261061630542e-05
13.120400095356421,0.0015626184568955928,1.2690823368916747e-05
13.122400095356422,0.001561887290447134,1.2610286544399348e-05
13.124400095356421,0.0015542246208500594,1.2582984292081173e-05
13.12640009535642,0.0015342828288284344,1.2665160173741163e-05
13.12840009535642,0.0015649278486409126,1.2879794777723504e-05
13.130400095356421,0.0016000588713534073,1.234738544722651e-05
13.13240009535642,0.0016067045496069,1.2335342356855772e-05
13.134400095356419,0.0015860856621624012,1.274373339102952e-05
13.13640009535642,0.0015569528198788537,1.2939517453328195e-05
13.13840009535642,0.0015638370176724904,1.259818869147327e-05
13.14040009535642,0.001588980719292819,1.2657368154195452e-05
13.142400095356418,0.0016409877271272135,1.287979523894247e-05
13.144400095356419,0.0016635984274773255,1.2887692356186389e-05
13.14640009535642,0.0015912675836649722,1.238883054342648e-05
13.148400095356418,0.001536469900690259,1.2618619725800782e-05
13.150400095356417,0.0015699084138938945,1.2979982220006227e-05
13.152400095356418,0.0016171383778612832,1.2969287101344391e-05
13.154400095356419,0.0016230674551089067,1.2708347201919217e-05
13.156400095356418,0.0015568274565172112,1.2544210529941027e-05
13.158400095356416,0.0015652670222885596,1.2410297937208246e-05
13.160400095356417,0.0015617249304728182,1.2296442552022188e-05
13.162400095356418,0.00160201262112579,1.2333227338155674e-05
13.164400095356417,0.0016375134179520041,1.244791562795423e-05
13.166400095356416,0.0015946804403304301,1.2492592048990998e-05
13.168400095356416,0.0015865695083524885,1.2450183331671183e-05
13.170400095356417,0.001588400276960413,1.2668709750207423e-05
13.172400095356416,0.0015918547288939172,1.2718344846940643e-05
13.174400095356415,0.0015941113652883135,1.2702735270806635e-05
13.176400095356415,0.0015938248340887006,1.2879744411879574e-05
13.178400095356416,0.0015836588372013893,1.2856907963456641e-05
13.180400095356415,0.001597639506804126,1.2722402363068343e-05
13.182400095356414,0.0015862583415136961,1.2641716771128741e-05
13.184400095356414,0.0015694931358851841,1.2603918890854926e-05
13.186400095356415,0.001584134779640523,1.2533300910038776e-05
13.188400095356414,0.0015467172435129968,1.2427075651398335e-05
13.190400095356413,0.001542196662437287,1.2513923094231962e-05
13.192400095356414,0.0015583881966081809,1.2667779580231704e-05
13.194400095356414,0.0015750923525281362,1.2685895190994879e-05
13.196400095356413,0.0015719046224513392,1.243735275337703e-05
13.198400095356412,0.0015703174793421832,1.2871090185345192e-05
13.200400095356413,0.0015624364869477267,1.2996755083875168e-05
13.202400095356413,0.0015724191235971029,1.2849673373968866e-05
13.204400095356412,0.0015830687656748302,1.2645570500090935e-05
13.206400095356411,0.001571319410033226,1.2673440311579903e-05
13.208400095356412,0.0016298453257464032,1.3095857084982418e-05
13.210400095356412,0.0016635859233870317,1.2956841616466503e-05
13.212400095356411,0.0016428936692970094,1.291622364682795e-05
13.21440009535641,0.0016178610441098353,1.3168087897368996e-05
13.216400095356411,0.0016553173855225936,1.3689077126284687e-05
13.218400095356412,0.0016433884273241966,1.4155452403000886e-05
13.22040009535641,0.0016643411222858904,1.4392055787266215e-05
13.22240009535641,0.0016886783151627508,1.4283172505953768e-05
13.22440009535641,0.0017149522299912021,1.4047937166053902e-05
13.22640009535641,0.0017471308860180822,1.3993228509986322e-05
13.22840009535641,0.0017344785114669665,1.3782363879852265e-05
13.230400095356408,0.0017222538885934026,1.378173671092786e-05
13.23240009535641,0.001696835118510688,1.3791317561589693e-05
13.23440009535641,0.0016763075061482578,1.3835702460096148e-05
13.236400095356409,0.0016866239650458127,1.3996008993403891e-05
13.238400095356408,0.0017004593764118603,1.4042932089810082e-05
13.240400095356408,0.001721404451622874,1.4010583564669618e-05
13.242400095356409,0.001720643714894359,1.4069942780096064e-05
13.244400095356408,0.00170722420844782,1.411902719835398e-05
13.246400095356407,0.0017025121944862895,1.3989238260794631e-05
13.248400095356407,0.0016898642038268698,1.3971870260472586e-05
13.250400095356408,0.0017171990619993414,1.4127126837207218e-05
13.252400095356407,0.0017451709855240837,1.4147102969540289e-05
13.254400095356406,0.00175332937222886,1.4205998792303332e-05
13.256400095356407,0.001735243769712804,1.4560881653325795e-05
13.258400095356407,0.0017525117114125383,1.4313445275668024e-05
13.260400095356406,0.0017501065496967046,1.4145827726622001e-05
13.262400095356405,0.0017649547768304387,1.4148978662892766e-05
13.264400095356406,0.0018014316904228546,1.4180946101377436e-05
13.266400095356406,0.0018534342929643823,1.4027711255620084e-05
13.268400095356405,0.0019486245425636099,1.3765301184724672e-05
13.270400095356404,0.0020339875321416325,1.3749912599214839e-05
13.272400095356405,0.002115178296916088,1.3815962901700137e-05
13.274400095356405,0.0021939688075628665,1.398933339910268e-05
13.276400095356404,0.0022638837050863642,1.4323490093892154e-05
13.278400095356403,0.002246260547105518,1.4440948005875167e-05
13.280400095356404,0.0022558498539716923,1.4508680222911066e-05
13.282400095356405,0.0022534713897938425,1.471823340960814e-05
13.284400095356403,0.002204536034398139,1.4959467891635867e-05
13.286400095356402,0.002089271680395788,1.5051397697759365e-05
13.288400095356403,0.0020127127692510173,1.5375927060676026e-05
13.290400095356404,0.0019648556407499255,1.5908217271038e-05
13.292400095356403,0.0019146609488226464,1.5983550400501732e-05
13.294400095356401,0.0018758255123212625,1.5828163837012325e-05
13.296400095356402,0.0018761572001499789,1.5943566854839377e-05
13.298400095356403,0.0019089656771234531,1.582085577444967e-05
13.300400095356402,0.001876933636775111,1.5491389408037657e-05
13.3024000953564,0.0018646030613356632,1.5593202710387028e-05
13.304400095356401,0.0018533114294205291,1.57907289394471e-05
13.306400095356402,0.0017985024228589681,1.5465161974404946e-05
13.3084000953564,0.0018140129501655778,1.5234280735081019e-05
13.3104000953564,0.001852404945717362,1.5406285542252652e-05
13.3124000953564,0.001881439463471355,1.5302708255812746e-05
13.314400095356401,0.0018875150333429102,1.5028171142658255e-05
13.3164000953564,0.0018706328162383505,1.4967416524875442e-05
13.318400095356399,0.0018896525553463443,1.5085512747718498e-05
13.3204000953564,0.0018595302838087342,1.4858048948612845e-05
13.3224000953564,0.0018424369371208504,1.4816369049206639e-05
13.324400095356399,0.0018548651499756441,1.4953313814806837e-05
13.326400095356398,0.0018915913655995337,1.5055373654800657e-05
13.328400095356399,0.0019158690727659339,1.505775258445565e-05
13.3304000953564,0.0019282002339229662,1.5572002107467012e-05
13.332400095356398,0.0019624661316180545,1.584914044990796e-05
13.334400095356397,0.001990905224130305,1.5882830640061292e-05
13.336400095356398,0.0019700551162916027,1.6002888805376537e-05
13.338400095356398,0.0019539735367338144,1.6878309566500438e-05
13.340400095356397,0.0019720436041031995,1.684724793411728e-05
13.342400095356396,0.0020550751846127656,1.1063905116114036e-05
13.344400095356397,0.002085037803046728,1.118768234293112e-05
13.346400095356397,0.0020962013442696542,1.1344943022330854e-05
13.348400095356396,0.002067502032472864,1.1412541219677648e-05
13.350400095356395,0.0020485045654329926,1.1610839187878348e-05
13.352400095356396,0.0020497519841053487,1.1717176373461473e-05
13.354400095356397,0.0020749375610402848,1.173105955393795e-05
13.356400095356395,0.0021151405214005106,1.1724062445044364e-05
13.358400095356394,0.0020835435748277134,1.1715028190307677e-05
13.360400095356395,0.0020587889417005285,1.1628961787773169e-05
13.362400095356396,0.0020215199438110808,1.1600003615665739e-05
13.364400095356395,0.0020080866949087873,1.1729241790681453e-05
13.366400095356394,0.00206609197661066,1.2025776675853718e-05
13.368400095356394,0.0020991676990951987,1.189091650247874e-05
13.370400095356395,0.0021098813895327403,1.1933780085141691e-05
13.372400095356394,0.002109381721407653,1.1888477084350673e-05
13.374400095356393,0.0021069393440659796,1.1750344552968861e-05
13.376400095356393,0.0021115376321488096,1.1632656865471468e-05
13.378400095356394,0.0021240637197390676,1.1751554308563862e-05
13.380400095356393,0.002138382855634691,1.1810512240121392e-05
13.382400095356392,0.002163953480242055,1.1920186151285255e-05
13.384400095356392,0.002205175089137835,1.2023190399911837e-05
13.386400095356393,0.002247104992823892,1.1961040433191218e-05
13.388400095356392,0.002219408626045283,1.1951596435351633e-05
13.39040009535639,0.00225112256519504,1.2197327451563684e-05
13.392400095356392,0.002270048008786784,1.2392321045520009e-05
13.394400095356392,0.0022684981451711727,1.245070700046206e-05
13.396400095356391,0.0022597565060898856,1.237448748900864e-05
13.39840009535639,0.002269206011121957,1.2354856448446632e-05
13.40040009535639,0.0022848250404752055,1.2165579019080756e-05
13.402400095356391,0.002311238787947448,1.2201903521036245e-05
13.40440009535639,0.002331546761916949,1.234212273673556e-05
13.406400095356389,0.0023272623561464995,1.2283002866774168e-05
13.40840009535639,0.002361124126028793,1.2050191685347108e-05
13.41040009535639,0.002393557295240818,1.2044171263958732e-05
13.41240009535639,0.0024678358143674617,1.2073811222730276e-05
13.414400095356388,0.002574489846066623,1.2128878165270256e-05
13.416400095356389,0.0026837768656875214,1.2253403647332814e-05
13.41840009535639,0.0027845344113110507,1.2345606598892434e-05
13.420400095356388,0.002892364106834054,1.214293537217724e-05
13.422400095356387,0.0030609167284048637,1.2102213360449978e-05
13.424400095356388,0.0032151528327134184,1.2228592504916667e-05
13.426400095356389,0.0032454709360657938,1.2339257375911233e-05
13.428400095356388,0.003225607582719013,1.2224330316041723e-05
13.430400095356386,0.003154514389605688,1.2137586503496781e-05
13.432400095356387,0.0030398428197818605,1.2064954142214062e-05
13.434400095356388,0.0028901098290761568,1.1978553626797895e-05
13.436400095356387,0.002722732707699983,1.1841272250264105e-05
13.438400095356386,0.002621108489279093,1.159082182330365e-05
13.440400095356386,0.002552754031959698,1.1413749544381686e-05
13.442400095356387,0.0025251568951761196,1.134668761398872e-05
13.444400095356386,0.0025184748893206693,1.135480548338161e-05
13.446400095356385,0.0025039970060007624,1.1367080989502358e-05
13.448400095356385,0.0024950825858585796,1.1330267593800703e-05
13.450400095356386,0.0024786986774890476,1.1354523725939043e-05
13.452400095356385,0.0024807081473261425,1.1533888679332532e-05
13.454400095356384,0.0025126555899290456,1.1812263242249806e-05
13.456400095356384,0.0025638499766852483,1.2041777197538774e-05
13.458400095356385,0.002486369972134729,1.190974589846269e-05
13.460400095356384,0.00244339398482837,1.2130530289219317e-05
13.462400095356383,0.002431926439715596,1.2241046053392465e-05
13.464400095356384,0.002432286262910938,1.2192130472806842e-05
13.466400095356384,0.002422306328339151,1.2128921836928053e-05
13.468400095356383,0.00245269030495583,1.2318215913798694e-05
13.470400095356382,0.0024696572975790344,1.2537609321218315e-05
13.472400095356383,0.0025109555869703526,1.712818856624601e-05
13.474400095356383,0.002536917453895346,1.7081722725024275e-05
13.476400095356382,0.002561805860689495,1.6736983099133896e-05
13.478400095356381,0.002502760658946564,1.648251342429933e-05
13.480400095356382,0.0025127487441313693,1.680768550850656e-05
13.482400095356383,0.0025004717897946136,1.6668440562568073e-05
13.484400095356381,0.002475645181780645,1.637101368834956e-05
13.48640009535638,0.002486245112371825,1.6637412071770833e-05
13.488400095356381,0.002556291881106366,1.67861965440249e-05
13.490400095356382,0.002588573201062227,1.683897707149257e-05
13.49240009535638,0.0025889545688803587,1.6761949410134847e-05
13.49440009535638,0.002581782448402826,1.6623506632580072e-05
13.49640009535638,0.002598706478870987,1.6489091512501296e-05
13.49840009535638,0.0026539685172814473,1.5905021033683212e-05
13.50040009535638,0.0026729982854887895,1.5757880938022404e-05
13.502400095356379,0.0026535645731144883,1.5612335588261026e-05
13.50440009535638,0.0026397314657609938,1.556420345992643e-05
13.50640009535638,0.002681641165270292,1.5827978649697877e-05
13.508400095356379,0.002684722909165972,1.571758958286871e-05
13.510400095356378,0.0026740917738288885,1.569053968792746e-05
13.512400095356378,0.0026601371464570933,1.5628881784647402e-05
13.514400095356379,0.00263598342247868,1.5613570517517795e-05
13.516400095356378,0.0025987647970222493,1.577982069829443e-05
13.518400095356377,0.0026538902399542885,1.6007793741588493e-05
13.520400095356377,0.002692478404395249,1.6270540733743292e-05
13.522400095356378,0.002697771079239828,1.659326683412112e-05
13.524400095356377,0.0026478160290543404,1.6746801766911162e-05
13.526400095356376,0.0025395339858079514,1.650560021937381e-05
13.528400095356377,0.002563210259666302,1.672671868020341e-05
13.530400095356377,0.0026347634781363955,1.717382885971533e-05
13.532400095356376,0.002649254087121652,1.7129802140401737e-05
13.534400095356375,0.0026199848878232256,1.6878190977614006e-05
13.536400095356376,0.002607583274573156,1.699568475877014e-05
13.538400095356376,0.002651317433269314,1.6774479268943555e-05
13.540400095356375,0.002661355095799461,1.6755467588224238e-05
13.542400095356374,0.0026502558606106117,1.6593252054308772e-05
13.544400095356375,0.0026583946883127797,1.655012086787149e-05
13.546400095356375,0.0027210414520416693,1.6966591169342357e-05
13.548400095356374,0.0026981769071630995,1.6476098666700406e-05
13.550400095356373,0.002675415883170228,1.6171231278158027e-05
13.552400095356374,0.00271510440110137,1.602988119647485e-05
13.554400095356375,0.0027649918685588833,1.593836220987308e-05
13.556400095356373,0.002739533589044831,1.5762173923515722e-05
13.558400095356372,0.002705743264589041,1.5615944343684832e-05
13.560400095356373,0.0027278898352535944,1.5538258781701613e-05
13.562400095356374,0.0027595583265023205,1.5462639439595073e-05
13.564400095356373,0.0027886497169724127,1.536308645076506e-05
13.566400095356371,0.0028109379870753168,1.5225565325049186e-05
13.568400095356372,0.0027708988014600662,1.499661474535986e-05
13.570400095356373,0.002807539695133127,1.494233912180061e-05
13.572400095356372,0.002858030587032997,1.5040277107910608e-05
13.57440009535637,0.0028813103261745208,1.5233269521910693e-05
13.576400095356371,0.002850807174935134,1.539900202624106e-05
13.578400095356372,0.00280828566807813,1.497388998080094e-05
13.58040009535637,0.002810138274379891,1.5126801395912358e-05
13.58240009535637,0.0028022714885711994,1.5240313907726955e-05
13.58440009535637,0.0028022751391915627,1.542590625015814e-05
13.586400095356371,0.002840791669324763,1.5930382640015872e-05
13.58840009535637,0.002790296090772643,1.5452368650628708e-05
13.590400095356369,0.00277120434131262,1.5368591970391715e-05
13.59240009535637,0.0027664063840666282,1.5329454306786115e-05
13.59440009535637,0.002791167852435843,1.545562758489024e-05
13.596400095356369,0.0028570657968068286,1.5959342082923038e-05
13.598400095356368,0.002817523679696827,1.614568468422975e-05
13.600400095356369,0.002814027870848866,1.6494020397952978e-05
13.60240009535637,0.0028198099322950896,1.6426962315480043e-05
13.604400095356368,0.0028228388181434634,1.621467395155957e-05
13.606400095356367,0.0028151262928707696,1.6396307571029576e-05
13.608400095356368,0.0027763306913857677,1.663961260164945e-05
13.610400095356368,0.0027429911946094654,1.6602233290701838e-05
13.612400095356367,0.0027570988250123305,1.6602410604917757e-05
13.614400095356366,0.002796397915084287,1.6896975733658417e-05
13.616400095356367,0.002816518905102936,1.7610344681945206e-05
13.618400095356368,0.0028313432793722806,1.7785958041092815e-05
13.620400095356366,0.002754997380207494,1.8264587240174792e-05
13.622400095356365,0.0027702319827877307,1.7945159375881438e-05
13.624400095356366,0.0028428103321036643,1.7266867742199415e-05
13.626400095356367,0.0028688032971975466,1.7155389632092525e-05
13.628400095356366,0.0029517927679328384,1.6897598177715034e-05
13.630400095356364,0.0028804051144505965,1.6891951114598035e-05
13.632400095356365,0.002808673510402945,1.6841307601558086e-05
13.634400095356366,0.002779783046750466,1.683172744840658e-05
13.636400095356365,0.002792168230745466,1.7009773247910776e-05
13.638400095356364,0.002829837641622302,1.658452674664852e-05
13.640400095356364,0.0028416415336617942,1.6863447106660724e-05
13.642400095356365,0.0028172329689797634,1.689192230564574e-05
13.644400095356364,0.0027928862512093763,1.6825260139147713e-05
13.646400095356363,0.0028185904651039885,1.715483263177598e-05
13.648400095356363,0.0028781730219038623,1.723660135658312e-05
13.650400095356364,0.0028866993232428114,1.7202449865697207e-05
13.652400095356363,0.0028645437377361554,1.7135607541726804e-05
13.654400095356362,0.002853595563104641,1.7141143057663803e-05
13.656400095356362,0.0028903375627930827,1.724699879207651e-05
13.658400095356363,0.0028522145791634083,1.6582317741769695e-05
13.660400095356362,0.0028266626434594977,1.6626030806627394e-05
13.662400095356361,0.002841151405470355,1.6666534412070087e-05
13.664400095356362,0.002856063159702166,1.668229711096884e-05
13.666400095356362,0.002819406520259432,1.6869623505015116e-05
13.668400095356361,0.002843677810409301,1.68997862690416e-05
13.67040009535636,0.002777273888355205,1.7226098884023756e-05
13.67240009535636,0.00277902336245336,1.7237571884689813e-05
13.674400095356361,0.00281776454306758,1.708676057453582e-05
13.67640009535636,0.0028014197779301113,1.7144065262895796e-05
13.67840009535636,0.002812964507243181,1.6773416630140788e-05
13.68040009535636,0.002827375747512705,1.6791925058519463e-05
13.68240009535636,0.00283073983416095,1.6702238847921974e-05
13.68440009535636,0.002828800691371521,1.6549318264011564e-05
13.686400095356358,0.0028322887820563607,1.6532416030597298e-05
13.688400095356359,0.002817847444299967,1.6200513237614765e-05
13.69040009535636,0.002839554547478617,1.6153042236806262e-05
13.692400095356358,0.002835903400002119,1.594684953392379e-05
13.694400095356357,0.0028404331857572454,1.5709960048525773e-05
13.696400095356358,0.002906386554046512,1.5722868098985253e-05
13.698400095356359,0.002894843434251931,1.545442371471278e-05
13.700400095356358,0.0028922793465204137,1.5464797658501313e-05
13.702400095356357,0.0029053577233601954,1.544109035548631e-05
13.704400095356357,0.0029281922943914375,1.5458225593559062e-05
13.706400095356358,0.0029501075662076853,1.5683588596247353e-05
13.708400095356357,0.00297089659575033,1.5665097074760163e-05
13.710400095356356,0.002976336798118676,1.5844644084251184e-05
13.712400095356356,0.002976336919719285,1.590224851304264e-05
13.714400095356357,0.0029589925528165023,1.5906891958215438e-05
13.716400095356356,0.002915567948184848,1.606643330165798e-05
13.718400095356355,0.0029534976528038217,1.6388316937372007e-05
13.720400095356355,0.002980425072998225,1.6482622619392775e-05
13.722400095356356,0.0029751094200327825,1.6831972781406438e-05
13.724400095356355,0.002935950744447524,1.7040239113994927e-05
13.726400095356354,0.002875559483250696,1.6534104714257635e-05
13.728400095356355,0.0028539244097778426,1.657566518182935e-05
13.730400095356355,0.002863181227078116,1.6661563416384963e-05
13.732400095356354,0.00288826663988434,1.672975012811237e-05
13.734400095356353,0.002907505752978535,1.6723471363007287e-05
13.736400095356354,0.0029002175536264455,1.659040808146227e-05
13.738400095356354,0.0028911654305126783,1.6287745051187566e-05
13.740400095356353,0.0029016881148982315,1.6082177909116255e-05
13.742400095356352,0.002902644603135388,1.58249214091226e-05
13.744400095356353,0.002897690093374015,1.5625131297431945e-05
13.746400095356353,0.0029028566204880317,1.562705553744516e-05
13.748400095356352,0.002924484243908235,1.527554275363171e-05
13.750400095356351,0.0029264900652138945,1.527588960138116e-05
13.752400095356352,0.002902932686197607,1.5249878000028522e-05
13.754400095356353,0.002888708860851505,1.51512664207429e-05
13.756400095356351,0.0029211423835849735,1.5065994648328974e-05
13.75840009535635,0.002884625488070403,1.5092377011550853e-05
13.760400095356351,0.0028435682412922525,1.4642304174499619e-05
13.762400095356352,0.0028416861762883007,1.447449789150355e-05
13.76440009535635,0.002876773248366385,1.4548824741277254e-05
13.76640009535635,0.002920984482712212,1.4542027879890597e-05
13.76840009535635,0.00289072241332353,1.4591215893908675e-05
13.77040009535635,0.0028957924298323107,1.4680900234118913e-05
13.77240009535635,0.0029309413821328985,1.47684635141817e-05
13.774400095356349,0.002950119695664157,1.4794347265643785e-05
13.77640009535635,0.002904521600159334,1.472962427877051e-05
13.77840009535635,0.0028968204772298377,1.4924758437819318e-05
13.780400095356349,0.002887400870492102,1.4805501322385146e-05
13.782400095356348,0.0028818898249991912,1.4755487525066421e-05
13.784400095356348,0.002890932688400112,1.481184972167031e-05
13.786400095356349,0.002919373950556154,1.48827464599812e-05
13.788400095356348,0.002895120554937022,1.4982113511143944e-05
13.790400095356347,0.002900837514614395,1.5093274767777134e-05
13.792400095356347,0.0028972391594459723,1.5310229496710112e-05
13.794400095356348,0.0028820785717638946,1.5458633655019965e-05
13.796400095356347,0.002869594941979606,1.5330697086644468e-05
13.798400095356346,0.002889528522664279,1.5506822437810882e-05
13.800400095356347,0.0028947843166064837,1.5373720558996364e-05
13.802400095356347,0.002888898607506077,1.5320039056585706e-05
13.804400095356346,0.0028807319968444066,1.5266912792244807e-05
13.806400095356345,0.0028817074608942415,1.502619800806419e-05
13.808400095356346,0.002901857184679684,1.5204134230022754e-05
13.810400095356346,0.0029092269139186105,1.5292302418968518e-05
13.812400095356345,0.0028845371115244485,1.5241785734733376e-05
13.814400095356344,0.0028704765776186294,1.5201417800607788e-05
13.816400095356345,0.0029192627434916968,1.5354652842054615e-05
13.818400095356346,0.0029150740797309516,1.5370003614370085e-05
13.820400095356344,0.00290640279315905,1.5198663685235712e-05
13.822400095356343,0.0028852422458616103,1.5155392297361676e-05
13.824400095356344,0.002856135697825269,1.5096174296211028e-05
13.826400095356345,0.0028295416266663595,1.4778282513923307e-05
13.828400095356344,0.0028190027213365627,1.4853999797501565e-05
13.830400095356342,0.00283691377480416,1.5006321493166187e-05
13.832400095356343,0.002835360972455729,1.4993091390342773e-05
13.834400095356344,0.0028206542006570675,1.480110844024632e-05
13.836400095356343,0.0028182023714885232,1.4546536364552717e-05
13.838400095356342,0.0028209915722123076,1.4656657967128747e-05
13.840400095356342,0.00284824996141309,1.4613875430843814e-05
13.842400095356343,0.002843455156276521,1.4628896823209467e-05
13.844400095356342,0.0028110775230939175,1.4599663624288607e-05
13.84640009535634,0.0027843240989320795,1.4377517523255434e-05
13.848400095356341,0.0028282843892582523,1.4618909487898763e-05
13.850400095356342,0.0028254781067505565,1.4579169511686094e-05
13.85240009535634,0.0028064783700444866,1.4553330506062215e-05
13.85440009535634,0.0027731623835830447,1.4541966079787088e-05
13.85640009535634,0.002726995108592516,1.4455893498307281e-05
13.858400095356341,0.0027703463375583857,1.4470344519104238e-05
13.86040009535634,0.002826988576730868,1.4500408971168107e-05
13.862400095356339,0.002819802521347287,1.4456964738646229e-05
13.86440009535634,0.0027766167066556064,1.4423871446440556e-05
13.86640009535634,0.002762863977106273,1.4539005462145738e-05
13.868400095356339,0.0027722668202098044,1.4762391056055246e-05
13.870400095356338,0.0027858931015298793,1.4903025238539746e-05
13.872400095356339,0.002757871122040785,1.5078611391166962e-05
13.87440009535634,0.002715418067065904,1.5294253198485412e-05
13.876400095356338,0.0027092105548273716,1.5486728109135576e-05
13.878400095356337,0.0027140771997299033,1.5361563266959338e-05
13.880400095356338,0.002723186851921462,1.52953093131776e-05
13.882400095356338,0.0027530120828849463,1.5426963645145902e-05
13.884400095356337,0.0027804969175886174,1.567501283628998e-05
13.886400095356336,0.002769609710625106,1.5845152575850698e-05
13.888400095356337,0.0027206517479047942,1.5583537983380175e-05
13.890400095356338,0.002710490585557467,1.5674481216443242e-05
13.892400095356336,0.002725062579452701,1.575318075372386e-05
13.894400095356335,0.002725993992616254,1.5807363242057157e-05
13.896400095356336,0.002673182151603456,1.594344466128658e-05
13.898400095356337,0.0026194805835493126,1.6069423270805197e-05
13.900400095356336,0.002680070975316284,1.666835344067761e-05
13.902400095356334,0.0027028601461284983,1.6801430311685584e-05
13.904400095356335,0.002686086211883348,1.6568676497693253e-05
13.906400095356336,0.0026859308631299776,1.6457142404404263e-05
13.908400095356335,0.0027292769652919654,1.649070058615181e-05
13.910400095356334,0.002745022428094956,1.6352468254128894e-05
13.912400095356334,0.00271282392219708,1.64419838213399e-05
13.914400095356335,0.0026362146711768754,1.6624322488524195e-05
13.916400095356334,0.0025456037527743654,1.6566080490026076e-05
13.918400095356333,0.002623055589145266,1.6165601723371205e-05
13.920400095356333,0.002656647903375233,1.5692445122314992e-05
13.922400095356334,0.002665570478267576,1.5279549528331487e-05
13.924400095356333,0.0026510232198346884,1.5045326406129438e-05
13.926400095356332,0.0026130204833652295,1.5068186748337179e-05
13.928400095356332,0.0025960309015754897,1.5117656185356729e-05
13.930400095356333,0.0026260816197663903,1.4909279495554599e-05
13.932400095356332,0.002679007006441269,1.4926336451879196e-05
13.934400095356331,0.002690150055160436,1.5082791998643923e-05
13.936400095356332,0.0026006318338509414,1.5085349239248786e-05
13.938400095356332,0.002584212662781127,1.492353591827655e-05
13.940400095356331,0.002602223099923803,1.4713890505604667e-05
13.94240009535633,0.002650534317945557,1.4761476333824887e-05
13.94440009535633,0.002689235102753358,1.4849657094140748e-05
13.946400095356331,0.0026728366765693475,1.4630885699281751e-05
13.94840009535633,0.0026585576767369145,1.4649761523362706e-05
13.95040009535633,0.0026824824647928764,1.469222376162218e-05
13.95240009535633,0.0027251269937654133,1.4767336496312366e-05
13.95440009535633,0.002761379645113229,1.4818045778597982e-05
13.95640009535633,0.0027671128910647285,1.4795099291061572e-05
13.958400095356328,0.0027611899393525036,1.501250672697267e-05
13.960400095356329,0.0027334706307501986,1.508732847225159e-05
13.96240009535633,0.0027158864816287246,1.5255063690217509e-05
13.964400095356329,0.002714465234072283,1.541220609526629e-05
13.966400095356327,0.00272379339526457,1.537722462124129e-05
13.968400095356328,0.0027311294554698312,1.5576458500957227e-05
13.970400095356329,0.002771188753010731,1.5489857217716458e-05
13.972400095356328,0.002821645212432029,1.5366536720029926e-05
13.974400095356327,0.002853442828870847,1.531856134823946e-05
13.976400095356327,0.0028395426157391077,1.5381383526432717e-05
13.978400095356328,0.002805452828258226,1.5333484504505872e-05
13.980400095356327,0.0028018408403262516,1.556847375388385e-05
13.982400095356326,0.0027852864677428246,1.5856571019557548e-05
13.984400095356326,0.00280190761517145,1.6268937565663968e-05
13.986400095356327,0.002904602274258341,1.6929125826272192e-05
13.988400095356326,0.0028514072074898866,1.7331381128923517e-05
13.990400095356325,0.0028372405964002968,1.7282613858771423e-05
13.992400095356325,0.002847992773413381,1.7295476674190174e-05
13.994400095356326,0.002874691458998652,1.728441370167917e-05
13.996400095356325,0.002906822446473602,1.7001356177691526e-05
13.998400095356324,0.002912510423014175,1.6955724741361474e-05
14.000400095356325,0.00297071908184672,1.6732513701401012e-05
14.002400095356325,0.003003971916033391,1.6560552358949484e-05
14.004400095356324,0.0029988980609610342,1.644557649120295e-05
14.006400095356323,0.0029662185759314307,1.6371225712284837e-05
14.008400095356324,0.0028913276175083686,1.7022203221300533e-05
14.010400095356324,0.0029128232834501546,1.703347392723117e-05
14.012400095356323,0.0029428162082662753,1.6663288524541596e-05
14.014400095356322,0.00299417646590232,1.6068822324819278e-05
14.016400095356323,0.0030962775353772965,1.5421835287554703e-05
14.018400095356323,0.003050433830567427,1.5219329287755233e-05
14.020400095356322,0.0030782837441780783,1.5170209443809745e-05
14.022400095356321,0.003087584601938991,1.516979481893631e-05
14.024400095356322,0.0030832023263148377,1.5209525892319793e-05
14.026400095356323,0.0031023227087244765,1.5310832956691713e-05
14.028400095356321,0.0031145254148743414,1.544923339955053e-05
14.03040009535632,0.0031232037648116526,1.5446086021842746e-05
14.032400095356321,0.003128484675003077,1.554082048000849e-05
14.034400095356322,0.0031242418702461102,1.5658713220972612e-05
14.03640009535632,0.00310603213979942,1.5642604184359204e-05
14.03840009535632,0.0031093700591872243,1.580279433842482e-05
14.04040009535632,0.0031261533117931846,1.5983735922694623e-05
14.04240009535632,0.003144453898703573,1.6227803372036866e-05
14.04440009535632,0.003158700863906354,1.6461066961861265e-05
14.046400095356319,0.0031709623270399713,1.6608765004492917e-05
14.04840009535632,0.003237314529440474,1.7090042033344623e-05
14.05040009535632,0.003283318304328233,1.7187944788794976e-05
14.052400095356319,0.0032537133778914413,1.718880253198518e-05
14.054400095356318,0.003228372570448066,1.7278984141030438e-05
14.056400095356318,0.003316239420016172,1.7541043387315063e-05
14.058400095356319,0.0033410622610368537,1.7336986429474515e-05
14.060400095356318,0.003313353950784124,1.7106748320768536e-05
14.062400095356317,0.0033029744368091598,1.703077800184124e-05
14.064400095356318,0.0033194883048584724,1.7018686571444278e-05
14.066400095356318,0.003341952737379235,1.6901171130670303e-05
14.068400095356317,0.0032880211001163973,1.687348564240336e-05
14.070400095356316,0.003329924656279712,1.687213016859435e-05
14.072400095356317,0.0033562539707378157,1.6884456350868694e-05
14.074400095356317,0.0033402487853980245,1.6833425117477627e-05
14.076400095356316,0.0032968068454091995,1.6648812153576216e-05
14.078400095356315,0.003319584492658163,1.6593108726851326e-05
14.080400095356316,0.003371008777936753,1.6351449592887757e-05
14.082400095356316,0.0033941316260295154,1.6292051770130062e-05
14.084400095356315,0.0033667462653929384,1.6336007451643236e-05
14.086400095356314,0.0032953299201886883,1.6289757501627548e-05
14.088400095356315,0.0033237878596596624,1.668185077016028e-05
14.090400095356316,0.0033167324137751398,1.6430657115862094e-05
14.092400095356314,0.00333586241289852,1.657590458700355e-05
14.094400095356313,0.0033874454772188463,1.6939577234360972e-05
14.096400095356314,0.0034427784631468096,1.6946149863084297e-05
14.098400095356315,0.0033514729300608863,1.704445910840039e-05
14.100400095356314,0.003338220230549458,1.727713180382505e-05
14.102400095356312,0.0034077559778152105,1.7637103897766215e-05
14.104400095356313,0.0034897567881999043,1.780558768494118e-05
14.106400095356314,0.0034986639231493095,1.7427807351248692e-05
14.108400095356313,0.003540913369128195,1.7089080922503302e-05
14.110400095356312,0.0035200264034654016,1.6658654519172038e-05
14.112400095356312,0.0035091514156946942,1.6517460152539253e-05
14.114400095356313,0.0035158699795021617,1.6463613653358625e-05
14.116400095356312,0.003518823665919674,1.61373082269e-05
14.11840009535631,0.0034678544568865753,1.605849530692637e-05
14.120400095356311,0.003460757950164429,1.6126696866993375e-05
14.122400095356312,0.0034894635473841948,1.6378834958008052e-05
14.124400095356311,0.0035051783685205295,1.663925042739749e-05
14.12640009535631,0.0034562652331643707,1.6674790412579582e-05
14.12840009535631,0.003444787839166467,1.6617271450356727e-05
14.130400095356311,0.0034577121675580403,1.6851036540411483e-05
14.13240009535631,0.0034920096475681184,1.700738180218327e-05
14.134400095356309,0.0035200552212162088,1.709881640497281e-05
14.13640009535631,0.003516024324371157,1.725536542021272e-05
14.13840009535631,0.003583262387389427,1.7241565738142632e-05
14.14040009535631,0.0036091283312318094,1.737734513441713e-05
14.142400095356308,0.0036062175654788366,1.774230642365043e-05
14.144400095356309,0.003590924226565046,1.8058393886843313e-05
14.14640009535631,0.003585203962711616,1.7942772594761162e-05
14.148400095356308,0.003636061218338292,1.7493635829117977e-05
14.150400095356307,0.0036362668959246114,1.72814183245511e-05
14.152400095356308,0.003616333512616264,1.6999506937093707e-05
14.154400095356308,0.003597208957155828,1.6741030979339802e-05
14.156400095356307,0.0035951042476248503,1.670948455345109e-05
14.158400095356306,0.0036043188660380017,1.6604824513907018e-05
14.160400095356307,0.0036273746121520296,1.650046023251256e-05
14.162400095356308,0.0036050304687136802,1.6391544196809634e-05
14.164400095356307,0.00354642014830602,1.640480821830354e-05
14.166400095356305,0.0034977679106803364,1.6638447512209648e-05
14.168400095356306,0.0035857145170077255,1.6372561360896303e-05
14.170400095356307,0.003596885513321537,1.636898094800574e-05
14.172400095356306,0.003615928165879482,1.65621168250153e-05
14.174400095356305,0.0036125945933661676,1.674265450104594e-05
14.176400095356305,0.0035361742405552355,1.6711219621882387e-05
14.178400095356306,0.0035891045440042957,1.705960459648885e-05
14.180400095356305,0.003601434999907987,1.7332281888716595e-05
14.182400095356304,0.0035864376132340127,1.7541040930497693e-05
14.184400095356304,0.0035565704434084907,1.7722269596240986e-05
14.186400095356305,0.0035268063334821078,1.790919816659656e-05
14.188400095356304,0.0035248649563953552,1.7965421759603612e-05
14.190400095356303,0.003507490220145444,1.7836211392486544e-05
14.192400095356303,0.0035112649945881693,1.7719749699414837e-05
14.194400095356304,0.0035014465746369215,1.7650229717115524e-05
14.196400095356303,0.0034478057698255626,1.7605753478526596e-05
14.198400095356302,0.0036644810039790712,1.7653998571092817e-05
14.200400095356303,0.00367235164017003,1.7320617783791317e-05
14.202400095356303,0.003652903851994226,1.6938282184350494e-05
14.204400095356302,0.003646558466026086,1.6582857342254368e-05
14.206400095356301,0.0036415216647872196,1.6242241780829662e-05
14.208400095356302,0.0036384961751017558,1.6000999830431415e-05
14.210400095356302,0.003657139895092372,1.5982699719385393e-05
14.212400095356301,0.0036934937550835117,1.5884877196480468e-05
14.2144000953563,0.0037202407741458964,1.5731779812124266e-05
14.2164000953563,0.0037061696577574163,1.5667432847136786e-05
14.218400095356301,0.003683087630740765,1.5712236891419432e-05
14.2204000953563,0.0036787479954328594,1.586626966463663e-05
14.2224000953563,0.003684722923463994,1.5949318958044387e-05
14.2244000953563,0.0037027429319452863,1.604908701627483e-05
14.2264000953563,0.0037370444285838808,1.6315771523823265e-05
14.2284000953563,0.0037836133765548324,1.6429797458954602e-05
14.230400095356298,0.003721830156735452,1.6770128250019942e-05
14.232400095356299,0.003683029465928401,1.6989074525729632e-05
14.2344000953563,0.003675543337379252,1.7153789246523418e-05
14.236400095356299,0.0036666026114400337,1.7444459141047933e-05
14.238400095356297,0.0037080147992984156,1.747009780831024e-05
14.240400095356298,0.0037387299156960234,1.729710654510561e-05
14.242400095356299,0.003796382744010723,1.697614456022774e-05
14.244400095356298,0.0038178680788768203,1.661113715181583e-05
14.246400095356297,0.0037302318172141116,1.6315079028125812e-05
14.248400095356297,0.003776390140872679,1.5993680287528466e-05
14.250400095356298,0.0037645352104922316,1.578951650549136e-05
14.252400095356297,0.0037397129162678273,1.561925554292918e-05
14.254400095356296,0.0037129003556192627,1.5447996237153285e-05
14.256400095356296,0.003688193590502064,1.5282618617148196e-05
14.258400095356297,0.00372796422810126,1.5386452056356247e-05
14.260400095356296,0.003713433184432789,1.543612430584086e-05
14.262400095356295,0.003709233389444368,1.561025777392563e-05
14.264400095356295,0.0037441157116560263,1.5862231383298062e-05
14.266400095356296,0.0038150284503460376,1.6048870500752532e-05
14.268400095356295,0.0037428693807273566,1.600997753840936e-05
14.270400095356294,0.00376052831049426,1.612469681870239e-05
14.272400095356295,0.00382292620033596,1.643272676399595e-05
14.274400095356295,0.0038367677087048574,1.686096881963754e-05
14.276400095356294,0.0037256898626014624,1.730336235322533e-05
14.278400095356293,0.0038042423549476596,1.7884241223315852e-05
14.280400095356294,0.003846202515877868,1.8050184804702664e-05
14.282400095356294,0.0038887801657102013,1.815516744259214e-05
14.284400095356293,0.003918070857960123,1.8040110397559353e-05
14.286400095356292,0.0039081748622005665,1.7477428856078056e-05
14.288400095356293,0.0039140522870422636,1.754361074183652e-05
14.290400095356294,0.0038749484731085957,1.7049084581585543e-05
14.292400095356292,0.003839853357095442,1.6776650376970927e-05
14.294400095356291,0.0038430549466917617,1.6651333464937897e-05
14.296400095356292,0.003896463438751961,1.6319421693605467e-05
14.298400095356293,0.0038446073881803107,1.6128812561459303e-05
14.300400095356292,0.003852093033907893,1.5968888130365986e-05
14.30240009535629,0.003888882367336195,1.6014329457470917e-05
14.304400095356291,0.003907652615293187,1.605621461663998e-05
14.306400095356292,0.0038606704464223124,1.5807507825316046e-05
14.30840009535629,0.0037808429791171935,1.5831549398669917e-05
14.31040009535629,0.0037856228765299565,1.6315788322300903e-05
14.31240009535629,0.003775028392230247,1.648926933101383e-05
14.31440009535629,0.0037586081736308116,1.655197819181056e-05
14.31640009535629,0.0037891932058540254,1.6994953052271014e-05
14.318400095356289,0.003917758711230508,1.7232289426740377e-05
14.32040009535629,0.003916389105773916,1.757638249417148e-05
14.32240009535629,0.0039019757454573406,1.797029340206487e-05
14.324400095356289,0.003880481720728932,1.8073702457551177e-05
14.326400095356288,0.0038313234646207396,1.7491306251061083e-05
14.328400095356288,0.0038973719990033342,1.6406917858256266e-05
14.33040009535629,0.003906967502926613,1.606374938239295e-05
14.332400095356288,0.003915208786199551,1.5758886048363044e-05
14.334400095356287,0.003925541872543404,1.5422273739135985e-05
14.336400095356288,0.0039273182262930355,1.5196780840647153e-05
14.338400095356288,0.003971125806078946,1.490277852039414e-05
14.340400095356287,0.003966871916500711,1.5037243114308294e-05
14.342400095356286,0.003967211172305737,1.5289262441090522e-05
14.344400095356287,0.003952663498041001,1.552888226503122e-05
14.346400095356287,0.0038863002032826686,1.5710090239756047e-05
14.348400095356286,0.0038422962667733996,1.5993326787618962e-05
14.350400095356285,0.0038213961270917966,1.6278960054938572e-05
14.352400095356286,0.0038537815831286766,1.6676281629872425e-05
14.354400095356286,0.003915926883958493,1.7116980201774955e-05
14.356400095356285,0.003957472322526215,1.745319039021567e-05
14.358400095356284,0.003898758438657532,1.7494726624590848e-05
14.360400095356285,0.003863996171640222,1.7218656267689707e-05
14.362400095356286,0.0038475388378251844,1.715628379303347e-05
14.364400095356284,0.0038569917921389015,1.7103092420496978e-05
14.366400095356283,0.003893946102379528,1.6622249199023312e-05
14.368400095356284,0.003856714144862277,1.5954244541679905e-05
14.370400095356285,0.003928208908984344,1.5801501111756518e-05
14.372400095356284,0.003949577146734587,1.563756985994212e-05
14.374400095356282,0.003913673849375218,1.5398117674049115e-05
14.376400095356283,0.003877841471347774,1.5212703328948343e-05
14.378400095356284,0.003924083937336877,1.5346731711901615e-05
14.380400095356283,0.003926286330702854,1.552993732111736e-05
14.382400095356282,0.003932128562651052,1.5625741855148476e-05
14.384400095356282,0.003934327156158323,1.5772197587103723e-05
14.386400095356283,0.003910098823430564,1.6145372501763324e-05
14.388400095356282,0.0038991223865076996,1.616454346852786e-05
14.39040009535628,0.0038972818265166132,1.6154196106242757e-05
14.392400095356281,0.003920674831879491,1.6026080081676708e-05
14.394400095356282,0.003929388662765131,1.5828125875195224e-05
14.396400095356281,0.0038722051715062264,1.5662477710851755e-05
14.39840009535628,0.0038194498384417222,1.55728863625592e-05
14.40040009535628,0.0039037544850770794,1.5610068283112537e-05
14.402400095356281,0.00393156109615944,1.5470318049425727e-05
14.40440009535628,0.003908879575684912,1.5250694445015523e-05
14.406400095356279,0.003912662835358797,1.5190015608356166e-05
14.40840009535628,0.003915785690863156,1.5276204027807738e-05
14.41040009535628,0.0039305417956888725,1.5369166668243905e-05
14.41240009535628,0.003934216958463427,1.5625202187371846e-05
14.414400095356278,0.003926648677483169,1.59471757580417e-05
14.416400095356279,0.003915097849471464,1.6164047887170306e-05
14.41840009535628,0.003885892215029777,1.6456238296214975e-05
14.420400095356278,0.0039015350003735543,1.638123776454168e-05
14.422400095356277,0.003932740598390501,1.6348410438630392e-05
14.424400095356278,0.003965940789447781,1.6333724589686907e-05
14.426400095356279,0.003992549622701012,1.619816284223948e-05
14.428400095356277,0.00400129646179812,1.6380782782809664e-05
14.430400095356276,0.003986830485210705,1.6223867610055567e-05
14.432400095356277,0.003978777302990566,1.6052882822015972e-05
14.434400095356278,0.003963328436845067,1.5935198444162462e-05
14.436400095356277,0.003922127040297853,1.5842861829181007e-05
14.438400095356275,0.003967469510734671,1.579528700269235e-05
14.440400095356276,0.004019233415157003,1.563939765904902e-05
14.442400095356277,0.004004055037453079,1.5596558875202e-05
14.444400095356276,0.003955078629634505,1.562945772675122e-05
14.446400095356275,0.003944157710137297,1.5607474660829886e-05
14.448400095356275,0.003975011356316082,1.5544226764940524e-05
14.450400095356276,0.003972552702222688,1.543735800758192e-05
14.452400095356275,0.003951363413387093,1.5182960873063973e-05
14.454400095356274,0.003940282256892193,1.4952199359448327e-05
14.456400095356274,0.003964349657244887,1.4958505287051227e-05
14.458400095356275,0.003942103320243219,1.4664761550385889e-05
14.460400095356274,0.0039387977035771245,1.4939094879506089e-05
14.462400095356273,0.00395305402859211,1.5056804551751543e-05
14.464400095356273,0.003951134248055511,1.5085487355916427e-05
14.466400095356274,0.0039000245574862895,1.5370368333158086e-05
14.468400095356273,0.003913102877112277,1.5847876154042847e-05
14.470400095356272,0.003904902612883423,1.6029828986884467e-05
14.472400095356273,0.003917696141725718,1.6152516968197323e-05
14.474400095356273,0.003972825179688253,1.630267416460009e-05
14.476400095356272,0.004070475479568665,1.6497473897818754e-05
14.478400095356271,0.004091028985165421,1.6604214239902564e-05
14.480400095356272,0.004098041802824703,1.6263330936185065e-05
14.482400095356272,0.0040533123055770245,1.5894514292522395e-05
14.484400095356271,0.003992762815352248,1.5506905583593415e-05
14.48640009535627,0.003976220145271485,1.4995668123632585e-05
14.48840009535627,0.003982315001180042,1.4710342810877361e-05
14.490400095356271,0.003988765431599572,1.4535085538684094e-05
14.49240009535627,0.003973930402504277,1.4526983228813183e-05
14.49440009535627,0.003955907140729071,1.4663853092314165e-05
14.49640009535627,0.003963101427423585,1.4902128646384941e-05
14.49840009535627,0.003958499945780492,1.5400388900105355e-05
14.50040009535627,0.003968225362583233,1.5770590613843852e-05
14.502400095356268,0.004008875919185834,1.6210153317389274e-05
14.504400095356269,0.00399971491008753,1.659510563951382e-05
14.50640009535627,0.0038547088291293534,1.6716266138711604e-05
14.508400095356269,0.0038383780427032215,1.6810773462740063e-05
14.510400095356268,0.003954888994070223,1.642864657935518e-05
14.512400095356268,0.00397617549909135,1.600449355052945e-05
14.514400095356269,0.003956914935504572,1.571041351465665e-05
14.516400095356268,0.004036989003683372,1.5584294408686993e-05
14.518400095356267,0.004044102498711562,1.5316444862859034e-05
14.520400095356267,0.004046802407762546,1.517395922947685e-05
14.522400095356268,0.004004882850833066,1.5164805472521246e-05
14.524400095356267,0.003963377790058386,1.523303433262215e-05
14.526400095356266,0.003983897847604372,1.5308488218630095e-05
14.528400095356266,0.003931591923635743,1.5511881250959712e-05
14.530400095356267,0.00395713567319011,1.5727465134892723e-05
14.532400095356266,0.0039724499709732995,1.595764495633914e-05
14.534400095356265,0.003973766441127028,1.6090247814600722e-05
14.536400095356266,0.003982852223451241,1.598446754422408e-05
14.538400095356266,0.003939904095191261,1.5665638864590855e-05
14.540400095356265,0.003999197162912498,1.5311067882893357e-05
14.542400095356264,0.00404953535309753,1.4968149197829822e-05
14.544400095356265,0.004065007583632909,1.4719909790553154e-05
14.546400095356265,0.0040538644759771075,1.4636783742344017e-05
14.548400095356264,0.004027353403299613,1.4528858959789754e-05
14.550400095356263,0.004009144640311784,1.4563510008398069e-05
14.552400095356264,0.003998239450409802,1.4781774030631642e-05
14.554400095356264,0.004018092205276948,1.5171516762424169e-05
14.556400095356263,0.004086207056280422,1.5668895097591238e-05
14.558400095356262,0.004066551293316918,1.6005032173287594e-05
14.560400095356263,0.004026265283571174,1.6374956084248636e-05
14.562400095356264,0.003987282825663941,1.665823609467016e-05
14.564400095356262,0.0039752435483000875,1.6791632033606308e-05
14.566400095356261,0.004008963508946724,1.672901731549108e-05
14.568400095356262,0.00402439277673544,1.63120871076381e-05
14.570400095356263,0.004046489701703612,1.6074465314027475e-05
14.572400095356262,0.0040502836492345715,1.566204967018646e-05
14.57440009535626,0.004050332408197345,1.5201669546090951e-05
14.576400095356261,0.0040746338837381775,1.4986010284723843e-05
14.578400095356262,0.004120636701515796,1.4987226978399664e-05
14.58040009535626,0.004129696319484967,1.4947590964265068e-05
14.58240009535626,0.004105214013079348,1.4941706556171252e-05
14.58440009535626,0.004080389413545535,1.5023071060665214e-05
14.586400095356261,0.0040907878749856545,1.5232816077835816e-05
14.58840009535626,0.004057631751473672,1.559409960232565e-05
14.590400095356259,0.004034096214378602,1.5970448798399433e-05
14.59240009535626,0.004041646755396382,1.6224322417291703e-05
14.59440009535626,0.004064918048459565,1.6283822347639454e-05
14.596400095356259,0.004073333431533844,1.6142105234464374e-05
14.598400095356258,0.0040457828381744365,1.6118368195857484e-05
14.600400095356258,0.004081484503425688,1.630946167550661e-05
14.60240009535626,0.004106810481865425,1.6232023314704395e-05
14.604400095356258,0.0041043712923152795,1.5950936293411957e-05
14.606400095356257,0.004080129219608238,1.573694354934246e-05
14.608400095356258,0.0040476912004431004,1.5619590319694278e-05
14.610400095356258,0.0041111212642271616,1.5589812710897026e-05
14.612400095356257,0.00419585680384826,1.57428549733943e-05
14.614400095356256,0.0042211672749825745,1.588384366106292e-05
14.616400095356257,0.004129842422054251,1.5773599281531185e-05
14.618400095356257,0.004140657669703594,1.59836443349805e-05
14.620400095356256,0.004135984606648827,1.591091514642681e-05
14.622400095356255,0.0041016987914316485,1.5807406091786974e-05
14.624400095356256,0.00403332770459709,1.5760134452808636e-05
14.626400095356257,0.003953074987578265,1.5785785461328136e-05
14.628400095356255,0.0041009790401993216,1.582325756965866e-05
14.630400095356254,0.004199771800512674,1.563363309605116e-05
14.632400095356255,0.004242744552058678,1.564147898173101e-05
14.634400095356256,0.00426337653712483,1.579846737568809e-05
14.636400095356255,0.004296712803284015,1.588929118618471e-05
14.638400095356253,0.004199317055921333,1.599493275532069e-05
14.640400095356254,0.004190566723612174,1.639009109555788e-05
14.642400095356255,0.004239026468949378,1.6586668919437606e-05
14.644400095356254,0.004279832735374506,1.6620407640990624e-05
14.646400095356253,0.004245570963122865,1.6700178358909425e-05
14.648400095356253,0.004208737139607153,1.659590161146778e-05
14.650400095356254,0.004251944592366299,1.6454909378573168e-05
14.652400095356253,0.004283760729872827,1.5985993967149514e-05
14.654400095356252,0.004292953010259961,1.547424127554336e-05
14.656400095356252,0.004303961891134626,1.5364726909960333e-05
14.658400095356253,0.004379720197379262,1.5251645133748928e-05
14.660400095356252,0.0043696250374099235,1.5321693244943938e-05
14.66240009535625,0.0043559011396459854,1.548216265324004e-05
14.664400095356251,0.00435375638892609,1.5842302247715973e-05
14.666400095356252,0.0043569907935017945,1.6519981289335764e-05
14.668400095356251,0.004406114477915573,1.6975517136073085e-05
14.67040009535625,0.0043571401034163066,1.7164174077387552e-05
14.67240009535625,0.004321673477877225,1.7576899450251166e-05
14.674400095356251,0.00431511683355802,1.7803433031891102e-05
14.67640009535625,0.004313549815894013,1.7278354557247978e-05
14.678400095356249,0.004282760618208398,1.756808881232041e-05
14.68040009535625,0.004292843948960973,1.68736629530786e-05
14.68240009535625,0.004337436498597812,1.6619557907494127e-05
14.68440009535625,0.004383672843998364,1.6802850247471187e-05
14.686400095356248,0.004388250990622554,1.692728101039327e-05
14.688400095356249,0.004326182762119325,1.7411989032341007e-05
14.69040009535625,0.004321291668360533,1.770049962857619e-05
14.692400095356248,0.0043183830409403495,1.7764268338407793e-05
14.694400095356247,0.004325033407421716,1.7761793693475487e-05
14.696400095356248,0.004365434906033053,1.788329417028626e-05
14.698400095356249,0.004385084350889312,1.776328498951132e-05
14.700400095356247,0.00434560816528224,1.774904428823416e-05
14.702400095356246,0.004316043854359826,1.7572604592482e-05
14.704400095356247,0.0043195437640121,1.7372160336356306e-05
14.706400095356248,0.004351572601112173,1.7391755209754684e-05
14.708400095356247,0.004313629620767701,1.7243903175878427e-05
14.710400095356245,0.004302566333015847,1.747757771434204e-05
14.712400095356246,0.004349184853231171,1.7687453970487967e-05
14.714400095356247,0.004400746058466744,1.7839434111213465e-05
14.716400095356246,0.004386725944147631,1.8019568522482497e-05
14.718400095356245,0.0044215096224004225,1.80468317616298e-05
14.720400095356245,0.004450218844669524,1.814315011147395e-05
14.722400095356246,0.004458550336578921,1.80887297453214e-05
14.724400095356245,0.004455849838973771,1.800807663343639e-05
14.726400095356244,0.004459159428642987,1.8108741582825953e-05
14.728400095356244,0.004457741093040084,1.7985954562248003e-05
14.730400095356245,0.004453999449079257,1.7690473572178605e-05
14.732400095356244,0.004415597987053554,1.7750146036396373e-05
14.734400095356243,0.004369902651885396,1.8047609491387405e-05
14.736400095356244,0.004363770527506365,1.8221848118776225e-05
14.738400095356244,0.004385476674291622,1.820342677378926e-05
14.740400095356243,0.004364020116050971,1.7950976895630232e-05
14.742400095356242,0.00435845669383384,1.7860273635516174e-05
14.744400095356243,0.00438278887021102,1.786088438123648e-05
14.746400095356243,0.00442695192919513,1.773473066131106e-05
14.748400095356242,0.004424176300767172,1.7708770444704746e-05
14.750400095356241,0.004349251052011985,1.7862423903933002e-05
14.752400095356242,0.004353081689446854,1.796550485623251e-05
14.754400095356242,0.004421769104224332,1.8064772846827403e-05
14.756400095356241,0.004471625129862504,1.829163152802896e-05
14.75840009535624,0.004408856734185431,1.8510688917964346e-05
14.76040009535624,0.0044540395539723774,1.85536988030014e-05
14.762400095356242,0.004504706194272492,1.8376586361341946e-05
14.76440009535624,0.0045330883227468225,1.8076518421428932e-05
14.76640009535624,0.004540193298067025,1.7816450242623878e-05
14.76840009535624,0.004525942308363675,1.773858889216009e-05
14.77040009535624,0.004533861849508592,1.826897898522096e-05
14.77240009535624,0.00452472560907825,1.902207042298744e-05
14.774400095356238,0.004501561221251834,1.955190031643652e-05
14.776400095356239,0.0044850591492711185,1.9487860121375556e-05
14.77840009535624,0.004498076896438403,1.9592312484492256e-05
14.780400095356239,0.004514971390661832,1.9305112675046955e-05
14.782400095356238,0.004501783580844546,1.8713302499974236e-05
14.784400095356238,0.004500345027902012,1.8010682574248556e-05
14.786400095356239,0.004571696381872333,1.7436723119967816e-05
14.788400095356238,0.004654627506532582,1.7093594940331602e-05
14.790400095356237,0.004658459266635984,1.70561016301167e-05
14.792400095356237,0.004631853096733909,1.717195246712992e-05
14.794400095356238,0.0046379400961578015,1.7541548319077897e-05
14.796400095356237,0.004716979718806255,1.8263472961689125e-05
14.798400095356236,0.004599625142386916,1.8506449134855015e-05
14.800400095356236,0.004543147456820796,1.8857935807844897e-05
14.802400095356237,0.004590900929223509,1.8997060573614383e-05
14.804400095356236,0.0046852651551185015,1.913670348408026e-05
14.806400095356235,0.00473071817016488,1.960050013950984e-05
14.808400095356236,0.004707995947954431,1.9591864261664225e-05
14.810400095356236,0.004727286966109598,1.8475819981159048e-05
14.812400095356235,0.00470086033533104,1.754602352951813e-05
14.814400095356234,0.004663556007129075,1.7238072717095064e-05
14.816400095356235,0.0046863950012698994,1.7612483974696724e-05
14.818400095356235,0.004695220697435493,1.8448021564021653e-05
14.820400095356234,0.004672409676774399,1.9018559265534335e-05
14.822400095356233,0.004620536457334358,1.9297276973200185e-05
14.824400095356234,0.004588258350924585,1.9180179087763166e-05
14.826400095356234,0.004627474048337258,1.8609242188861303e-05
14.828400095356233,0.004623260645387247,1.8119330251581247e-05
14.830400095356232,0.004601072855035284,1.789083042598749e-05
14.832400095356233,0.004583923358117167,1.806846885069184e-05
14.834400095356234,0.004614097099430617,1.8506845818315854e-05
14.836400095356232,0.004710632753360944,1.8896955712926983e-05
14.838400095356231,0.004580925433167443,1.8652579711806113e-05
14.840400095356232,0.004613216220290073,1.9831620299036542e-05
14.842400095356233,0.004698366339690372,2.0344213528025672e-05
14.844400095356232,0.004748121458720304,2.0285305316934258e-05
14.84640009535623,0.004695982439707982,2.0426494677404935e-05
14.848400095356231,0.004644025435455836,1.933849232612895e-05
14.850400095356232,0.004730407114147814,1.87768230385888e-05
14.85240009535623,0.004790342941487752,1.8109862860155704e-05
14.85440009535623,0.0047935855281016826,1.759721024742252e-05
14.85640009535623,0.004766576712608332,1.776176688858025e-05
14.858400095356231,0.004762329265147716,1.8217875545662916e-05
14.86040009535623,0.004781010892099176,1.8688285513469303e-05
14.862400095356229,0.004740431964594426,1.9304145971240917e-05
14.86440009535623,0.004671465264691866,1.9739641492343778e-05
14.86640009535623,0.004655863692035006,1.960514552582222e-05
14.868400095356229,0.004811461001204022,1.9757824071564348e-05
14.870400095356228,0.004855440299764404,1.9288272562635607e-05
14.872400095356229,0.004873794577512161,1.9081317870974536e-05
14.87440009535623,0.004892530979703566,1.894705118524748e-05
14.876400095356228,0.004914553127464364,1.841453214396468e-05
14.878400095356227,0.004930451166668664,1.8579984210253386e-05
14.880400095356228,0.004846534963733395,1.8793101936934484e-05
14.882400095356228,0.004791480838494738,1.9063072146930533e-05
14.884400095356227,0.004772428452163934,1.9367171289315213e-05
14.886400095356226,0.0047521595433014105,1.9647328662436252e-05
14.888400095356227,0.004742081612540547,1.9642922258288296e-05
14.890400095356227,0.00481145959354913,1.9640796211089077e-05
14.892400095356226,0.004892606093168663,1.9532879493645753e-05
14.894400095356225,0.004933249054319243,1.9432924165026928e-05
14.896400095356226,0.004896023484306909,1.949796463454885e-05
14.898400095356227,0.004839659456128456,1.9381678046024414e-05
14.900400095356225,0.00489203823142595,1.9206784194843965e-05
14.902400095356224,0.004871058649713636,1.9197259595746042e-05
14.904400095356225,0.004812866841399475,1.943934533715797e-05
14.906400095356226,0.004828403155125308,1.9902656354672856e-05
14.908400095356225,0.004880677350377175,2.0015604209438037e-05
14.910400095356223,0.004859760967300308,1.9507297609648173e-05
14.912400095356224,0.004808401379539157,1.9374331110490884e-05
14.914400095356225,0.004810624538808728,1.9592439240879625e-05
14.916400095356224,0.004935595972968276,1.974643794043268e-05
14.918400095356223,0.004919381505237463,1.9718854225297705e-05
14.920400095356223,0.004858008438414484,1.9700700923365963e-05
14.922400095356224,0.004848124389942323,1.9818059552660708e-05
14.924400095356223,0.004889945069946602,1.990442203580017e-05
14.926400095356222,0.004933537296904555,1.9717614957791234e-05
14.928400095356222,0.004830785688332724,1.9483751806941977e-05
14.930400095356223,0.004831636824366995,1.9260148849290873e-05
14.932400095356222,0.004895376904772633,1.8888521050827433e-05
14.93440009535622,0.004937475062943124,1.8596109483657664e-05
14.936400095356221,0.004875145542213744,1.872093894385378e-05
14.938400095356222,0.004853918543479662,1.9118483283090337e-05
14.940400095356221,0.0049256993479501205,1.9450152500169433e-05
14.94240009535622,0.004903395004761519,1.958407591492581e-05
14.94440009535622,0.004840282458285791,1.9735266306539703e-05
14.946400095356221,0.004864800994957812,2.018893438031049e-05
14.94840009535622,0.004860385379748242,2.0451125666354894e-05
14.950400095356219,0.0048802389557522745,2.0214004776134552e-05
14.95240009535622,0.004892146144709651,1.9701525239523278e-05
14.95440009535622,0.004894473245418623,1.9251958535390576e-05
14.95640009535622,0.0048971752263268255,1.9180320462643654e-05
14.958400095356218,0.004901962956380798,1.8949916773708415e-05
14.960400095356219,0.004882657655426711,1.897667566563452e-05
14.96240009535622,0.004861455150467587,1.92414065476762e-05
14.964400095356218,0.004845865183193843,1.959374295696753e-05
14.966400095356217,0.004834939523783697,1.983878478072421e-05
14.968400095356218,0.004798615298584736,1.9989351372000277e-05
14.970400095356219,0.004802356334200159,1.9873931012464443e-05
14.972400095356218,0.004854277418529193,1.9582167057055956e-05
14.974400095356216,0.004927134923528873,1.9172275154756038e-05
14.976400095356217,0.004972872076606189,1.875169148958994e-05
14.978400095356218,0.004899134618874216,1.8954745859043335e-05
14.980400095356217,0.004910649248652839,1.9075689215534643e-05
14.982400095356216,0.004920480356510391,1.901729656190768e-05
14.984400095356216,0.004899270499511827,1.8987283283386508e-05
14.986400095356217,0.004849600809964606,1.9252140658690378e-05
14.988400095356216,0.004869786114877372,1.9360860751531575e-05
14.990400095356215,0.004912080873074303,1.9448690861834325e-05
14.992400095356215,0.004870092588220193,1.9433319538494638e-05
14.994400095356216,0.004793603215635137,1.9545575859725766e-05
14.996400095356215,0.004792219829194466,2.001498117858723e-05
14.998400095356214,0.0049162729501918325,1.9749549062393116e-05
15.000400095356214,0.0048862326805888655,1.946428382832742e-05
15.002400095356215,0.004838350155546516,1.913911385408628e-05
15.004400095356214,0.004809016402820027,1.8893234614900024e-05
15.006400095356213,0.004799624463473724,1.883967750757426e-05
15.008400095356214,0.00484214827323974,1.8450967718478757e-05
15.010400095356214,0.004797833261513587,1.828904114668045e-05
15.012400095356213,0.004751967356845435,1.864241458509422e-05
15.014400095356212,0.004743128433727304,1.919367951606537e-05
15.016400095356213,0.004779716534329246,1.9438810233756053e-05
15.018400095356213,0.004747501141233725,1.968513124060452e-05
15.020400095356212,0.004778505525386661,1.9586422862503106e-05
15.022400095356211,0.004794870672502633,1.9307378817551614e-05
15.024400095356212,0.0048048197136974675,1.8896629865871733e-05
15.026400095356212,0.0048375087070833735,1.8440734531877464e-05
15.028400095356211,0.004783876764459954,1.877325215364074e-05
15.03040009535621,0.0048053590707652005,1.9285555338249384e-05
15.032400095356211,0.004883566270929746,1.9824615496510945e-05
15.034400095356212,0.004932084573647516,2.0396470579546402e-05
15.03640009535621,0.004857291628986161,2.096427470628361e-05
15.03840009535621,0.004794543464915984,2.0426357944033277e-05
15.04040009535621,0.00487662230287467,2.0288777662932283e-05
15.04240009535621,0.004873866788681975,2.0099720173341696e-05
15.04440009535621,0.004796763762918971,2.000642673822511e-05
15.046400095356208,0.004758567652469558,2.029359292424644e-05
15.04840009535621,0.004916733525198174,2.023716479002179e-05
15.05040009535621,0.004925038599359534,2.02513239803927e-05
15.052400095356209,0.004902369043219823,2.0438611002911833e-05
15.054400095356208,0.004890106538404621,2.0462660347152147e-05
15.056400095356208,0.004898691730736425,1.9914315528878022e-05
15.058400095356209,0.00491326016728718,1.948262323308905e-05
15.060400095356208,0.0048398151346461015,1.9522391456372577e-05
15.062400095356207,0.004770410031996269,2.002782750079836e-05
15.064400095356207,0.004761665171720429,2.051316502629358e-05
15.066400095356208,0.004837258110731993,2.036022411199576e-05
15.068400095356207,0.004829122771552072,1.977351576496327e-05
15.070400095356206,0.0048006079666651266,1.9099927486487536e-05
15.072400095356207,0.004866806369247969,1.8481571863721953e-05
15.074400095356207,0.004938278684183309,1.795127926845968e-05
15.076400095356206,0.004871196380774172,1.7567944159906416e-05
15.078400095356205,0.00483539618920101,1.813612753775748e-05
15.080400095356206,0.004843521275146763,1.916980387621818e-05
15.082400095356206,0.004881716414039901,1.9888815223444973e-05
15.084400095356205,0.004892907554603602,2.015753349101944e-05
15.086400095356204,0.004819351685422117,2.0072305965870096e-05
15.088400095356205,0.004785265002302449,1.932877318461519e-05
15.090400095356205,0.0048614242709853536,1.849290374215766e-05
15.092400095356204,0.0048838324061737685,1.779761445844916e-05
15.094400095356203,0.004823265201280683,1.7491470375182427e-05
15.096400095356204,0.004720350444955989,1.7782350167318326e-05
15.098400095356205,0.004760121923929284,1.8500780564145094e-05
15.100400095356203,0.004789439189706012,1.911186900520629e-05
15.102400095356202,0.004757620312170532,1.9432408905684902e-05
15.104400095356203,0.004710067056146573,1.941166410356405e-05
15.106400095356204,0.004722649580517211,1.906884812230757e-05
15.108400095356203,0.004764373491387019,1.8426021939813674e-05
15.110400095356201,0.00477475826208843,1.8170589011833476e-05
15.112400095356202,0.004778512835195417,1.8347966767907698e-05
15.114400095356203,0.004798945523220132,1.8861283422345304e-05
15.116400095356202,0.0048457601104596485,1.9495379902586784e-05
15.1184000953562,0.004791044222463644,1.9652532188893036e-05
15.120400095356201,0.004768188818378323,1.9534420674812615e-05
15.122400095356202,0.004749697241128731,1.9078633397524493e-05
15.1244000953562,0.004732497742292983,1.8582719744793153e-05
15.1264000953562,0.004719461220354267,1.8459796210606897e-05
15.1284000953562,0.004679320620271842,1.8676927369173104e-05
15.130400095356201,0.004661848824429975,1.912594433718497e-05
15.1324000953562,0.004679747194818038,1.9445419224608723e-05
15.134400095356199,0.004689272531113506,1.9506144712664645e-05
15.1364000953562,0.0046365627630362595,1.928892630067754e-05
15.1384000953562,0.004609440996833171,1.8887713453186518e-05
15.140400095356199,0.00472678769251779,1.8358182736750054e-05
15.142400095356198,0.004762080587963121,1.811702033144197e-05
15.144400095356199,0.004716160927515166,1.830616296103164e-05
15.1464000953562,0.004682141647929293,1.892122678405788e-05
15.148400095356198,0.004741350031793268,1.974200625370262e-05
15.150400095356197,0.004729170480263925,1.9796480797743217e-05
15.152400095356198,0.004699842295579252,1.955660518356815e-05
15.154400095356198,0.004686277015760622,1.9069117912385286e-05
15.156400095356197,0.004712003661464957,1.8280956045831584e-05
15.158400095356196,0.004780586713007949,1.7632002802293702e-05
15.160400095356197,0.004751156236064013,1.754748599064741e-05
15.162400095356197,0.004691321402615599,1.793055664792442e-05
15.164400095356196,0.004663637949642402,1.8651789275417286e-05
15.166400095356195,0.004709223301272783,1.9476006881168003e-05
15.168400095356196,0.004652838408749224,1.9494186779663974e-05
15.170400095356197,0.0045877723588009225,1.9454519874170748e-05
15.172400095356195,0.004603205306212993,1.9051874530774394e-05
15.174400095356194,0.004668314178105334,1.8426718493694153e-05
15.176400095356195,0.004703779902813833,1.7949944072355526e-05
15.178400095356196,0.004660195176981993,1.836277580972571e-05
15.180400095356195,0.004665605126221969,1.8763921448721287e-05
15.182400095356194,0.004671919287816124,1.9374676799888053e-05
15.184400095356194,0.004667371126826421,1.9845912552640584e-05
15.186400095356195,0.004663247122742214,1.9685368503112883e-05
15.188400095356194,0.004762946936481263,1.9322606826466106e-05
15.190400095356193,0.004794747476880186,1.898721839515062e-05
15.192400095356193,0.004801549862548243,1.864536963441867e-05
15.194400095356194,0.004786771296759757,1.8449535909338816e-05
15.196400095356193,0.004744140861475816,1.8599285319394046e-05
15.198400095356192,0.004710229017935206,1.903862344973338e-05
15.200400095356192,0.0046674297820517106,1.930894916421951e-05
15.202400095356193,0.004661081688824048,1.928170263584854e-05
15.204400095356192,0.004654603620794642,1.919503040631017e-05
15.20640009535619,0.00460006444027153,1.9388879788901858e-05
15.208400095356192,0.004681993479971352,1.9609272497277023e-05
15.210400095356192,0.004731122633109161,1.9322653290650904e-05
15.212400095356191,0.004716768637730897,1.9269407091630454e-05
15.21440009535619,0.004667498801719275,1.9458050541771007e-05
15.21640009535619,0.004636426896624329,1.9588993010820377e-05
15.218400095356191,0.00465394598630921,1.9267160022787448e-05
15.22040009535619,0.004684175670215518,1.924928122512457e-05
15.222400095356189,0.004698328717630271,1.9533428482873813e-05
15.22440009535619,0.004689255699577875,1.9917060010216163e-05
15.22640009535619,0.004662721931227554,2.01231285610431e-05
15.22840009535619,0.00466035272367308,2.008862013750527e-05
15.230400095356188,0.004660877997389454,2.0140566208788538e-05
15.232400095356189,0.004683511776813594,2.029735676566293e-05
15.23440009535619,0.004729494835647909,2.027294434552605e-05
15.236400095356188,0.004779365329967598,1.9753028414644937e-05
15.238400095356187,0.004686028335193419,1.940157094880743e-05
15.240400095356188,0.004744102461524186,1.9320028618749373e-05
15.242400095356189,0.004814160777188402,1.927517447803235e-05
15.244400095356188,0.0048030732138312,1.9237529186128188e-05
15.246400095356186,0.004665726231425284,1.9270937621037652e-05
15.248400095356187,0.004668605182872517,1.9606574787782635e-05
15.250400095356188,0.004732904394271769,1.9960973361987384e-05
15.252400095356187,0.004757305555429208,1.9704784706814352e-05
15.254400095356186,0.004706650285460862,1.9165696096699833e-05
15.256400095356186,0.004600521997449117,1.9005931973726405e-05
15.258400095356187,0.004730773526636896,1.913496703980122e-05
15.260400095356186,0.0047965212508009865,1.9222782548613657e-05
15.262400095356185,0.004776559107625451,1.9397753463536928e-05
15.264400095356185,0.004724170745351975,1.9727280640818506e-05
15.266400095356186,0.004725822710929398,2.0203325116884806e-05
15.268400095356185,0.004860851739645938,2.0343020961877065e-05
15.270400095356184,0.004860863478756608,1.953897474741032e-05
15.272400095356184,0.004790480002769759,1.922620305786456e-05
15.274400095356185,0.0047389259422022404,1.9606969116887425e-05
15.276400095356184,0.004791541499552181,2.0304153934989183e-05
15.278400095356183,0.004856001769597184,2.023046677526489e-05
15.280400095356184,0.004757474533338343,2.031682660227966e-05
15.282400095356184,0.004710904357961652,2.0431810484423157e-05
15.284400095356183,0.004756375057164934,2.0560376386956006e-05
15.286400095356182,0.004850297749535752,2.0688500395002428e-05
15.288400095356183,0.0048224611007559644,2.036234825028867e-05
15.290400095356183,0.004761183015431684,2.0827737778004666e-05
15.292400095356182,0.004748754284774585,2.1122412210181196e-05
15.294400095356181,0.004776296171611681,2.101504655773833e-05
15.296400095356182,0.00478766063549294,2.0642330208090272e-05
15.298400095356183,0.004634836647104127,2.0884127860117905e-05
15.300400095356181,0.0046812496316927564,2.1095823810594672e-05
15.30240009535618,0.004760804912651616,2.1348894004403984e-05
15.304400095356181,0.00479805434993001,2.156330714510273e-05
15.306400095356182,0.00476069288470702,2.1607769156047255e-05
15.30840009535618,0.00471412384857714,2.145068622116524e-05
15.31040009535618,0.004791947541373913,2.1428541587996396e-05
15.31240009535618,0.004852217535181354,2.1175134464585347e-05
15.31440009535618,0.0048609787067637475,2.092337225541645e-05
15.31640009535618,0.004833398971377567,2.1075846714872228e-05
15.318400095356179,0.004845084431720822,2.125102211203768e-05
15.32040009535618,0.0049116244927604556,2.1416823173747878e-05
15.32240009535618,0.004927724912137847,2.1348555704796055e-05
15.324400095356179,0.004861215692701925,2.1089701511449022e-05
15.326400095356178,0.004734675934435142,2.0782567524440554e-05
15.328400095356178,0.0048085606791631,2.0367827749005373e-05
15.330400095356179,0.004915908541700221,1.987574427479702e-05
15.332400095356178,0.004867531214480786,1.9753891011714756e-05
15.334400095356177,0.004764829779081337,1.99554230924024e-05
15.336400095356177,0.004803042398124726,2.0197432477717853e-05
15.338400095356178,0.004887843233044141,1.9975386907119422e-05
15.340400095356177,0.004791312388006565,1.9835242383027185e-05
15.342400095356176,0.004750414509505233,2.0191370410089466e-05
15.344400095356177,0.00477565762879149,2.0653402765221792e-05
15.346400095356177,0.0047900067109221635,2.0572623923923332e-05
15.348400095356176,0.0047573982771376465,2.0151820058922187e-05
15.350400095356175,0.004647455063336666,1.987674170916198e-05
15.352400095356176,0.004594410359346065,1.9884149470575607e-05
15.354400095356176,0.004625964939913852,2.0043716678530982e-05
15.356400095356175,0.004707676414466014,2.0185793260870525e-05
15.358400095356174,0.004628809798628611,2.0977795511865494e-05
15.360400095356175,0.004590499712510255,2.1491569594405948e-05
15.362400095356175,0.004645182449927931,2.16993340636296e-05
15.364400095356174,0.004716493718378344,2.12037784486467e-05
15.366400095356173,0.004693885573301724,1.9758142368666043e-05
15.368400095356174,0.004684821290886478,1.9934779955437813e-05
15.370400095356175,0.004700411891759656,2.0678658715835524e-05
15.372400095356173,0.004722764822142813,2.118760612301542e-05
15.374400095356172,0.004709760052763628,2.1344289929954273e-05
15.376400095356173,0.00463212866068811,2.1302860729789343e-05
15.378400095356174,0.004692185106425819,2.111511145077695e-05
15.380400095356173,0.004816237143247649,2.0479814123259447e-05
15.382400095356171,0.004854496762086728,2.000502481799428e-05
15.384400095356172,0.004831980998515003,2.0092635963530366e-05
15.386400095356173,0.004840427485388329,2.095508357410118e-05
15.388400095356172,0.004906136736882575,2.180399835212417e-05
15.39040009535617,0.004944862447853518,2.141504504099599e-05
15.392400095356171,0.004902094004306729,2.072602500406615e-05
15.394400095356172,0.00482392108952486,2.021553559751418e-05
15.39640009535617,0.004797771674015555,2.0140223960833857e-05
15.39840009535617,0.004885542238655651,2.0149248261733084e-05
15.40040009535617,0.0048607566305427586,2.0094603318959168e-05
15.402400095356171,0.004805957942128508,2.021180727482924e-05
15.40440009535617,0.004799753936165188,2.0348367807306194e-05
15.406400095356169,0.004899616939440535,2.02281002814224e-05
15.40840009535617,0.004946641993102603,1.9953951745357635e-05
15.41040009535617,0.004880383146486853,2.002846139363931e-05
15.412400095356169,0.004920550578565659,2.073440694424776e-05
15.414400095356168,0.005054005397668897,2.1556466679644458e-05
15.416400095356169,0.005166944353210977,2.170201587941223e-05
15.41840009535617,0.005107264713497051,2.108473147342459e-05
15.420400095356168,0.005059308664380528,2.068756520237107e-05
15.422400095356167,0.0051051812305993,2.0702654170370704e-05
15.424400095356168,0.005176403517971258,2.1058794046550548e-05
15.426400095356168,0.005148493733164822,2.155546885894705e-05
15.428400095356167,0.004978047942420434,2.197058046606212e-05
15.430400095356166,0.00496858832836911,2.198595390317159e-05
15.432400095356167,0.004994938867167657,2.1299482886479887e-05
15.434400095356168,0.0049982403092203,2.0302452000449594e-05
15.436400095356166,0.00494932733767983,1.970512992566474e-05
15.438400095356165,0.004878296960159657,2.0309765201685227e-05
15.440400095356166,0.004838399285560034,2.1359516555481234e-05
15.442400095356167,0.004871687592770012,2.1908268139082418e-05
15.444400095356166,0.0049394857716143535,2.1655597028301683e-05
15.446400095356164,0.004967968054696653,2.070982660909353e-05
15.448400095356165,0.004888199282062215,2.0471427404883144e-05
15.450400095356166,0.004944582920332648,1.9998717295352446e-05
15.452400095356165,0.004970782433564321,2.0006014966361312e-05
15.454400095356164,0.004931189460997352,2.0693060091676843e-05
15.456400095356164,0.004859905496485484,2.1903185574659857e-05
15.458400095356165,0.004964766187594944,2.2181706915637633e-05
15.460400095356164,0.004959802338711772,2.2181924744182684e-05
15.462400095356163,0.004768701258453367,2.2449995499508177e-05
15.464400095356163,0.004551995881199869,2.2980043239475267e-05
15.466400095356164,0.004553362150914502,2.3460245644804118e-05
15.468400095356163,0.0048169712974560795,2.2804106899291174e-05
15.470400095356162,0.004888717180834058,2.2085965671882752e-05
15.472400095356162,0.004796044394384563,2.2120154116248448e-05
15.474400095356163,0.004642574684515699,2.2924986495721574e-05
15.476400095356162,0.00456073989019433,2.4028007451359707e-05
15.478400095356161,0.004577296366080615,2.3561367957486593e-05
15.480400095356162,0.004664906646627076,2.2769325946592116e-05
15.482400095356162,0.004794248539443658,2.230762069248715e-05
15.484400095356161,0.00490536985046951,2.2238741239847313e-05
15.48640009535616,0.004930854231141214,2.22953935496622e-05
15.48840009535616,0.004871641368267081,2.13991138702539e-05
15.490400095356161,0.004856255493947381,2.1287486334763176e-05
15.49240009535616,0.004864970550149367,2.112009334971158e-05
15.49440009535616,0.0048738995613846,2.084176664351254e-05
15.49640009535616,0.004859738458351006,2.0701739084293916e-05
15.49840009535616,0.0048356148016348325,2.0901759477217666e-05
15.50040009535616,0.004813845385563166,2.1128051753030316e-05
15.502400095356158,0.004856557797418065,2.1366531099875828e-05
15.504400095356159,0.004908375827228653,2.1523270491638715e-05
15.50640009535616,0.004874934035902111,2.15407975255885e-05
15.508400095356158,0.004768134146589647,2.2060476560130556e-05
15.510400095356157,0.004767688637935408,2.2336595324014692e-05
15.512400095356158,0.004810317009403018,2.2193387499265154e-05
15.514400095356159,0.0048342619773305414,2.1962340243712562e-05
15.516400095356158,0.004785831339391463,2.211361703946099e-05
15.518400095356156,0.004711751426978917,2.22690870972941e-05
15.520400095356157,0.004762218724785671,2.315801518733249e-05
15.522400095356158,0.004800415566626853,2.3593731358598563e-05
15.524400095356157,0.0047702552930830484,2.334373960777556e-05
15.526400095356156,0.004669201693681976,2.2608885156912246e-05
15.528400095356156,0.004712277896316019,2.1932199411169983e-05
15.530400095356157,0.0048067416796563275,2.1497925721599475e-05
15.532400095356156,0.004821374476153905,2.178358965790066e-05
15.534400095356155,0.004729004541057147,2.289238894964162e-05
15.536400095356155,0.004573242954606266,2.4553282313652965e-05
15.538400095356156,0.004658738166243662,2.4595444455821713e-05
15.540400095356155,0.004768563457572151,2.37077164604618e-05
15.542400095356154,0.004814040625684924,2.2651070433042584e-05
15.544400095356155,0.004825520315502745,2.2241162261311127e-05
15.546400095356155,0.004879280647559704,2.3099125071994052e-05
15.548400095356154,0.00500931011925987,2.3563925383401012e-05
15.550400095356153,0.004928298461891163,2.36131116959025e-05
15.552400095356154,0.004795197775900407,2.3088429681179332e-05
15.554400095356154,0.004709741482104382,2.2450750413828343e-05
15.556400095356153,0.004746553167941195,2.2359940736092663e-05
15.558400095356152,0.004932270258581764,2.271217685929627e-05
15.560400095356153,0.004878674126537727,2.3195441652946478e-05
15.562400095356153,0.0047650292473084555,2.3114975368665608e-05
15.564400095356152,0.004743795073237551,2.2669992233790648e-05
15.566400095356151,0.004918309868474899,2.238151546951198e-05
15.568400095356152,0.0049640980409811275,2.216089845605876e-05
