lam_um,f,e
4.900400095357327,0.0004478457041684999,1.1455204839674268e-05
4.902400095357327,0.0004435584838821559,1.1238607227539797e-05
4.904400095357326,0.00041409806372215457,1.1872981756263837e-05
4.906400095357326,0.0004116478684274106,1.2239339104572575e-05
4.908400095357326,0.0004137529715670087,1.073149092159787e-05
4.910400095357326,0.00040464733776730865,1.169003265962295e-05
4.9124000953573255,0.0004309595268639155,1.122675525560807e-05
4.914400095357325,0.0003887405063494788,1.1909735744890604e-05
4.916400095357325,0.00039127181076396123,1.1069131698888818e-05
4.918400095357325,0.00039726166639776026,1.1530569887753663e-05
4.920400095357325,0.00038136637523619293,1.327355119087702e-05
4.922400095357324,0.00039747369805017676,1.1082327806640415e-05
4.924400095357324,0.00039759956251906453,1.246610176755479e-05
4.926400095357324,0.000316845058754792,1.1654834401390738e-05
4.928400095357324,0.0003727426598699083,1.3329999931396106e-05
4.9304000953573235,0.0003598834185124479,1.1565841557982645e-05
4.932400095357323,0.00030194407170997315,1.1516171303467914e-05
4.934400095357323,0.0003306266574812116,1.2537040891849037e-05
4.936400095357323,0.00034915276894426057,1.0980472250394778e-05
4.938400095357323,0.0003562355973951453,1.2094862124125199e-05
4.940400095357322,0.00040229907612391073,1.1521462935057867e-05
4.942400095357322,0.000366196011109918,1.1834049730853703e-05
4.944400095357322,0.0003794931220752306,1.1404105355882357e-05
4.946400095357322,0.0003664950141613687,1.122431816086132e-05
4.9484000953573215,0.0003144527487399429,1.2583997294254123e-05
4.950400095357321,0.00036836004868348826,1.1158992467280007e-05
4.952400095357321,0.00036833423511186184,1.1142729730183985e-05
4.954400095357321,0.0003280008162337492,1.2010737286185615e-05
4.956400095357321,0.00041041157999449873,1.119828207015016e-05
4.95840009535732,0.0003596946489251369,1.2636800503751067e-05
4.96040009535732,0.00038483517006978625,1.2219987644735797e-05
4.96240009535732,0.0003708923872939268,1.177508408892577e-05
4.96440009535732,0.0004034911142426483,1.1946336462265208e-05
4.9664000953573195,0.0003763237391580665,1.0520089568581887e-05
4.968400095357319,0.0003755441232547562,1.2452237794766998e-05
4.970400095357319,0.00042151393393200334,1.1294268663901241e-05
4.972400095357319,0.0004170634266120245,1.1689105786281947e-05
4.974400095357319,0.0004515559094681517,1.1657772575233321e-05
4.976400095357318,0.0004491828267778265,1.0901980376742e-05
4.978400095357318,0.00042999783632996627,1.2402492151149792e-05
4.980400095357318,0.0003904843608932887,1.0310392061827683e-05
4.982400095357318,0.0004014838459145334,1.1646434682671949e-05
4.9844000953573175,0.0004210895445333381,1.2112960520873254e-05
4.986400095357317,0.00043294733819789123,1.1093636428719211e-05
4.988400095357317,0.0004125621653174372,1.1779030820114586e-05
4.990400095357317,0.0003415120513769847,1.1093538155141007e-05
4.992400095357317,0.0004319453822828293,1.2027515751217108e-05
4.994400095357316,0.0003762018816748724,1.1527957013972868e-05
4.996400095357316,0.00036044799383554507,1.064572666032246e-05
4.998400095357316,0.0003635713828628595,1.2283156070806153e-05
5.000400095357316,0.00032837095761345455,1.1551602719460116e-05
5.002400095357316,0.000353803307604376,1.096438971013859e-05
5.004400095357315,0.0003401158407843808,1.1561479410020393e-05
5.006400095357315,0.0003388066075001678,1.1307993444767114e-05
5.008400095357315,0.0003711710971453021,1.1590775375242695e-05
5.010400095357315,0.00035397474123247504,1.0858716059709897e-05
5.0124000953573145,0.00034247327196462154,1.1106684977292546e-05
5.014400095357314,0.0003586598737342,1.1580182932927406e-05
5.016400095357314,0.00033316563171381604,1.0756795941174831e-05
5.018400095357314,0.00029583708203476285,1.0900315728673802e-05
5.020400095357314,0.000337820481141569,1.1219181190298182e-05
5.022400095357313,0.00034017437734187986,1.1348455990756195e-05
5.024400095357313,0.0003663453845992777,1.0654894055383661e-05
5.026400095357313,0.0003387789260507374,1.0694828634766231e-05
5.028400095357313,0.00029831654840398446,1.1807687516827009e-05
5.0304000953573125,0.0003241799739607024,1.1032578861855771e-05
5.032400095357312,0.00036340950448236,1.0643033840646093e-05
5.034400095357312,0.0003808493365885463,1.1665384460190667e-05
5.036400095357312,0.0003690215861782786,1.0933302905147666e-05
5.038400095357312,0.0003686358246502555,1.1699298237844388e-05
5.040400095357311,0.00035653961223541786,1.0841230038145579e-05
5.042400095357311,0.000349047773926042,1.0964148823216265e-05
5.044400095357311,0.00035418951870900737,1.2528305232805037e-05
5.046400095357311,0.00040241266776622827,1.0263405044148454e-05
5.0484000953573105,0.000400261166618506,1.098680858013529e-05
5.05040009535731,0.0004229981632049176,1.2152981426527655e-05
5.05240009535731,0.0004211088371169792,1.0543487937537645e-05
5.05440009535731,0.00037376552574103526,1.1419778210723417e-05
5.05640009535731,0.0004102445087037792,1.11272043976242e-05
5.058400095357309,0.00036682259374773944,1.1316734601613592e-05
5.060400095357309,0.0003509013404295566,1.210768639405706e-05
5.062400095357309,0.0003878994986297452,1.0739251615849141e-05
5.064400095357309,0.000356877306927368,1.1695009530485998e-05
5.0664000953573085,0.000349908172386735,1.2160254620081057e-05
5.068400095357308,0.00039021200521516594,1.1240430190027883e-05
5.070400095357308,0.00033687983638944327,1.152823259278526e-05
5.072400095357308,0.0004084932003807017,1.1905575920471217e-05
5.074400095357308,0.00036921465490965166,1.3023016308406876e-05
5.076400095357307,0.00037637964659926917,1.1647925915307105e-05
5.078400095357307,0.0003342456079609457,1.1213072519646256e-05
5.080400095357307,0.0003521428997714473,1.3229959489315655e-05
5.082400095357307,0.000359820237365487,1.1530815139777673e-05
5.0844000953573065,0.0003362402719295078,1.140663915149165e-05
5.086400095357306,0.000354508935290314,1.2696044780044475e-05
5.088400095357306,0.0003736716849255157,1.110381410161762e-05
5.090400095357306,0.00034893450230144714,1.2406166024767237e-05
5.092400095357306,0.0003521374165534159,1.2276199959750513e-05
5.094400095357305,0.0003539006677296462,1.0841049867120766e-05
5.096400095357305,0.0003474916038979335,1.3425066621847219e-05
5.098400095357305,0.00038666077059958744,1.215977603516652e-05
5.100400095357305,0.00037165513085998195,1.0519396646247054e-05
5.1024000953573045,0.00037774459640575595,1.314877639460971e-05
5.104400095357304,0.00040911336529485145,1.2499638251171105e-05
5.106400095357304,0.00035369737684577554,1.120063352551061e-05
5.108400095357304,0.00037629478933424385,1.2471779374525908e-05
5.110400095357304,0.0003064669450093926,1.2477377660136326e-05
5.112400095357303,0.00033983331503111545,1.2254406304338371e-05
5.114400095357303,0.0004129325627117961,1.2490025633433912e-05
5.116400095357303,0.0004307195261580701,1.2241659850080546e-05
5.118400095357303,0.0003853445771522328,1.2714591715254139e-05
5.120400095357303,0.00033692710951079886,1.2434720634222402e-05
5.122400095357302,0.0003936325119318179,1.2231498660041474e-05
5.124400095357302,0.0003871570002619899,1.2590411758179527e-05
5.126400095357302,0.0004145596595468918,1.2661410143380385e-05
5.128400095357302,0.0003374153269699631,1.3795508626900183e-05
5.1304000953573015,0.00043100855866425893,1.2810331922918598e-05
5.132400095357301,0.000378447463256575,1.2342535389041065e-05
5.134400095357301,0.0003702255632996803,1.4202024926666646e-05
5.136400095357301,0.0003959218324012949,1.3739059147834349e-05
5.138400095357301,0.00042046362169796344,1.2199253851725803e-05
5.1404000953573,0.000382909337176398,1.3465399149533716e-05
5.1424000953573,0.000395309380633426,1.4807079813296038e-05
5.1444000953573,0.0003462735454126807,1.300334371235545e-05
5.1464000953573,0.0003139641091735464,1.3184160833614184e-05
5.1484000953572995,0.00046845182791111834,1.4575783692411291e-05
5.150400095357299,0.00045046510768608053,1.4065792868116214e-05
5.152400095357299,0.0005709748363164095,1.3656520010130413e-05
5.154400095357299,0.0005975333627071938,1.3949229539060747e-05
5.156400095357299,0.0005051333414472428,1.4137137470968637e-05
5.158400095357298,0.0004277729217927643,1.4354286847377372e-05
5.160400095357298,0.0004731505156971472,1.4466977193953277e-05
5.162400095357298,0.00046471977600886784,1.4134469074553499e-05
5.164400095357298,0.0005080505614697494,1.413828514599541e-05
5.1664000953572975,0.0004771847654725972,1.4769760518368266e-05
5.168400095357297,0.00046145255280408305,1.4945040469262158e-05
5.170400095357297,0.00047520697364333457,1.433990545425756e-05
5.172400095357297,0.0004604395206786809,1.605212203382536e-05
5.174400095357297,0.00044062987383149333,1.5492464882152715e-05
5.176400095357296,0.00037319545414267095,1.411256895440363e-05
5.178400095357296,0.0004444937453069048,1.3061172655596215e-05
5.180400095357296,0.00039160276592833514,1.5222753660720021e-05
5.182400095357296,0.000473644247042859,1.5328609296525976e-05
5.1844000953572955,0.0004211808785239726,1.3001487321192846e-05
5.186400095357295,0.0004058143609066869,1.3404820324808337e-05
5.188400095357295,0.00043923919142167383,1.5497182215223146e-05
5.190400095357295,0.00043610130244499845,1.4770241770234776e-05
5.192400095357295,0.0004310289246662123,1.2700723800017975e-05
5.194400095357294,0.0003239475267523474,1.4493228647332064e-05
5.196400095357294,0.00038228074340368814,1.4569571460764067e-05
5.198400095357294,0.0004658553182896216,1.3756010511297812e-05
5.200400095357294,0.00036277876612384954,1.3853330171226167e-05
5.2024000953572935,0.0004073494742349474,1.4439259180423522e-05
5.204400095357293,0.00038917234450328925,1.393686706597751e-05
5.206400095357293,0.0003808526173553431,1.382614823390204e-05
5.208400095357293,0.00046311502159408443,1.3983712611590886e-05
5.210400095357293,0.00037399378800144164,1.352496739566375e-05
5.212400095357292,0.00038021367746871656,1.3657268678339217e-05
5.214400095357292,0.000417382879348471,1.3874122007994917e-05
5.216400095357292,0.0004071120184337578,1.3493702262053018e-05
5.218400095357292,0.00035590984766311663,1.3019184201532198e-05
5.2204000953572915,0.0003816983225358665,1.426050527675037e-05
5.222400095357291,0.0003553590654540394,1.3919350614622781e-05
5.224400095357291,0.00039417088050064847,1.2915869834832826e-05
5.226400095357291,0.0003553987966947197,1.3174654443630059e-05
5.228400095357291,0.00040934479747145147,1.392499384853653e-05
5.2304000953572904,0.00041703011990006257,1.3935583081869891e-05
5.23240009535729,0.0004035307092904448,1.247544383216513e-05
5.23440009535729,0.0004163988853819629,1.3185742946070728e-05
5.23640009535729,0.0003727749381770649,1.3793451693444434e-05
5.23840009535729,0.00037467043654615476,1.381721635751763e-05
5.240400095357289,0.00031189998087825284,1.2551905697110873e-05
5.242400095357289,0.0003838183972545927,1.2867365501185794e-05
5.244400095357289,0.0003381761266728806,1.4156695841867543e-05
5.246400095357289,0.0003867393100077279,1.4002453946647888e-05
5.2484000953572885,0.00030666091214097126,1.2617892363004333e-05
5.250400095357288,0.00042544041871428353,1.2517771526082582e-05
5.252400095357288,0.00039047995466652275,1.3875473633280143e-05
5.254400095357288,0.0003683461016881236,1.392693169432498e-05
5.256400095357288,0.00035727518932247463,1.2737418808916516e-05
5.258400095357287,0.0004205517955267431,1.2413153845359911e-05
5.260400095357287,0.0003755953057081906,1.418340691384554e-05
5.262400095357287,0.0003895864218102622,1.4305342799681342e-05
5.264400095357287,0.0003612968677638401,1.2970967097655689e-05
5.2664000953572865,0.0004144889866723993,1.2053976572990653e-05
5.268400095357286,0.0003641113728783038,1.3612388285804496e-05
5.270400095357286,0.00036474776567420303,1.4664627659752027e-05
5.272400095357286,0.0003852692735232265,1.2951729066617665e-05
5.274400095357286,0.0003448690041532285,1.2236087969268847e-05
5.276400095357285,0.00035394460035569894,1.3605933432719612e-05
5.278400095357285,0.00033823118701339276,1.566782094874081e-05
5.280400095357285,0.0003814782439175448,1.365508804315824e-05
5.282400095357285,0.0003102665619752223,1.2503636676673871e-05
5.2844000953572845,0.0003231665995311819,1.4001790704928306e-05
5.286400095357284,0.0003301736403027754,1.5020096030596503e-05
5.288400095357284,0.000341121624594999,1.4565933329857414e-05
5.290400095357284,0.00040829927500357757,1.208639833935121e-05
5.292400095357284,0.0003298883577093209,1.2275354890819692e-05
5.294400095357283,0.000357009600087313,1.3878401878388239e-05
5.296400095357283,0.0003726978704238462,1.3941244601794295e-05
5.298400095357283,0.0003157632520298132,1.2287421045382038e-05
5.300400095357283,0.00035636382215626554,1.2286124799041763e-05
5.3024000953572825,0.00038459993208377595,1.3275457771325043e-05
5.304400095357282,0.0003117039111439135,1.3067870640991153e-05
5.306400095357282,0.0003482749165393692,1.271690069264439e-05
5.308400095357282,0.0004092743315352834,1.2069534445552703e-05
5.310400095357282,0.0003524253110005925,1.33922720113118e-05
5.312400095357281,0.00035582262641889993,1.2664484286330567e-05
5.314400095357281,0.00037177270639800046,1.2119537189433292e-05
5.316400095357281,0.00029467092886509234,1.2289720825556759e-05
5.318400095357281,0.0003288551870065432,1.311216742121389e-05
5.3204000953572805,0.00035489488159460886,1.3169644584740627e-05
5.32240009535728,0.0003626166877976384,1.1431826708021582e-05
5.32440009535728,0.00035840434564726894,1.1938543046036771e-05
5.32640009535728,0.0003112038002434164,1.3407720858727294e-05
5.32840009535728,0.00029194431744295114,1.3433076305832285e-05
5.330400095357279,0.0003205471057709845,1.1768274961754274e-05
5.332400095357279,0.00033004681350507734,1.1070338663671206e-05
5.334400095357279,0.0003404279926521496,1.2903727384404438e-05
5.336400095357279,0.0003107465096104409,1.4103119855404583e-05
5.3384000953572786,0.00033349656050949257,1.2320635964996947e-05
5.340400095357278,0.00032480016593895386,1.1122222762248295e-05
5.342400095357278,0.0003467669998619263,1.1623042897849209e-05
5.344400095357278,0.0003099444238597391,1.3687671880933932e-05
5.346400095357278,0.00032856360365134,1.3273697453461304e-05
5.3484000953572775,0.0003296514130106369,1.1715122407401917e-05
5.350400095357277,0.0002867987360723437,1.1561311997966608e-05
5.352400095357277,0.0003167923861727944,1.2376784029811309e-05
5.354400095357277,0.00031441694447022694,1.3426513224311926e-05
5.356400095357277,0.0003422098173959279,1.3017882830958453e-05
5.358400095357276,0.00035904726366101753,1.233774785018967e-05
5.360400095357276,0.00036397835280510993,1.2103260882831023e-05
5.362400095357276,0.0003061638694975699,1.2705179442082615e-05
5.364400095357276,0.0002862153642831906,1.3003350584484824e-05
5.3664000953572755,0.00029063495948686237,1.241601919363079e-05
5.368400095357275,0.00028515815449366204,1.299857357500883e-05
5.370400095357275,0.00032024649724168467,1.274447936064838e-05
5.372400095357275,0.00029057615322414904,1.23087193111101e-05
5.374400095357275,0.00035167823142219815,1.2321056593071715e-05
5.376400095357274,0.000352305884080186,1.2381125473195633e-05
5.378400095357274,0.00031426261922643797,1.2740862343998108e-05
5.380400095357274,0.0003316269189003784,1.2816900589313992e-05
5.382400095357274,0.0003050239200422444,1.316514393782569e-05
5.3844000953572735,0.0003378755920271294,1.302252124495386e-05
5.386400095357273,0.0003173950849406215,1.1987660296828925e-05
5.388400095357273,0.00032188163829646694,1.1900093474536191e-05
5.390400095357273,0.0003248633367907012,1.268364983813511e-05
5.392400095357273,0.0003135892498444637,1.3459136347556087e-05
5.394400095357272,0.0003496153639032162,1.3652435500265925e-05
5.396400095357272,0.00037149736937644613,1.206368623229291e-05
5.398400095357272,0.0003043901249244299,1.1315658984437621e-05
5.400400095357272,0.0003660410036894987,1.2801903511100292e-05
5.4024000953572715,0.00034995715730523885,1.3349312278377707e-05
5.404400095357271,0.0002967282501556296,1.2590035193487882e-05
5.406400095357271,0.00034341379619477904,1.1964785732834508e-05
5.408400095357271,0.000457379278206718,1.207905004244201e-05
5.410400095357271,0.00039634324177857357,1.2663661819946784e-05
5.41240009535727,0.0003409037174753063,1.3171721917071912e-05
5.41440009535727,0.0003477245864427593,1.2534930876981011e-05
5.41640009535727,0.0002957835803084054,1.1961502299630027e-05
5.41840009535727,0.0002785555989077932,1.1883285286701246e-05
5.4204000953572695,0.000259916347647237,1.2269074147130099e-05
5.422400095357269,0.00030233792920979615,1.2641724070127855e-05
5.424400095357269,0.0002802411855283826,1.24043141846347e-05
5.426400095357269,0.00031088544816633965,1.2578066136893864e-05
5.428400095357269,0.00027052208400288823,1.2709526204926081e-05
5.430400095357268,0.0002818737035465947,1.1636281425809228e-05
5.432400095357268,0.0003253225959170128,1.14855967134817e-05
5.434400095357268,0.0003020881869011646,1.2414259630149152e-05
5.436400095357268,0.00029651592232131266,1.2566630938663821e-05
5.4384000953572675,0.0002990746773897669,1.2808216571717006e-05
5.440400095357267,0.0002516188029162728,1.2438446759270666e-05
5.442400095357267,0.0003232213170751366,1.2423841641494011e-05
5.444400095357267,0.00033720779402597416,1.2756567244779664e-05
5.446400095357267,0.00037976547503006325,1.1945523322855472e-05
5.448400095357266,0.0003212100196769976,1.1067752434325959e-05
5.450400095357266,0.00030070183564412606,1.1375534454512643e-05
5.452400095357266,0.0003237296495053371,1.2830850008996008e-05
5.454400095357266,0.00028451037974728714,1.3381539691589798e-05
5.456400095357266,0.0003172207891315027,1.2983760315696477e-05
5.458400095357265,0.000313857644255096,1.2821026243105624e-05
5.460400095357265,0.0003353913672579493,1.2518250108996313e-05
5.462400095357265,0.0002942526572988267,1.2119749004404037e-05
5.464400095357265,0.0003534529900960941,1.1568259139844738e-05
5.4664000953572645,0.0003344436738115852,1.1940462854837024e-05
5.468400095357264,0.00032010734072523636,1.2953070756741543e-05
5.470400095357264,0.0003125913213627015,1.340709550986295e-05
5.472400095357264,0.0003633021515935916,1.345774554690848e-05
5.474400095357264,0.0002887696823994078,1.2858062611704649e-05
5.476400095357263,0.0003065697447253188,1.2595768528358176e-05
5.478400095357263,0.0002806608561481452,1.3028402876180487e-05
5.480400095357263,0.00033610995854139845,1.3295630559904166e-05
5.482400095357263,0.0003026599048696959,1.258285185339342e-05
5.4844000953572625,0.0003509197411022945,1.2284428423110552e-05
5.486400095357262,0.00030012326084658626,1.2546129121851738e-05
5.488400095357262,0.00032924144316156395,1.2623622842474986e-05
5.490400095357262,0.0002876584499953133,1.2410768490757267e-05
5.492400095357262,0.0003386655042580074,1.2537223200528737e-05
5.494400095357261,0.00030911829237276526,1.3502230345302838e-05
5.496400095357261,0.000344137081094986,1.4679980384640267e-05
5.498400095357261,0.00034560965227218606,1.3830431995697491e-05
5.500400095357261,0.0003056941739111899,1.2866652679018154e-05
5.5024000953572605,0.0002817530625821989,1.2746900055149466e-05
5.50440009535726,0.0003548785856780021,1.3138156207263264e-05
5.50640009535726,0.0003675345884883623,1.2948366954664323e-05
5.50840009535726,0.00033680703916954554,1.2630291929421362e-05
5.51040009535726,0.0003524214324784158,1.3281151597703751e-05
5.512400095357259,0.00032564396846820843,1.3607192999083171e-05
5.514400095357259,0.0003084004769186083,1.3848223961750551e-05
5.516400095357259,0.0002847270227514686,1.3664307524075544e-05
5.518400095357259,0.0003209720564069365,1.3504364284907882e-05
5.5204000953572585,0.00028482035938348903,1.3618718893118187e-05
5.522400095357258,0.00026466803300252174,1.3826873381934365e-05
5.524400095357258,0.00027442269876317533,1.356312581592098e-05
5.526400095357258,0.0002866777390931934,1.290785045054178e-05
5.528400095357258,0.0002491032151784844,1.2796049295362821e-05
5.530400095357257,0.0002609767233259192,1.3540874169432939e-05
5.532400095357257,0.0002725982706704562,1.3374161982383118e-05
5.534400095357257,0.0003123002017855116,1.2915364211171805e-05
5.536400095357257,0.0002743886064578848,1.2386510413961166e-05
5.5384000953572565,0.0002838611443439362,1.2894934065406345e-05
5.540400095357256,0.0002968358711815605,1.3227948431908212e-05
5.542400095357256,0.0003107556801578565,1.3218636493054436e-05
5.544400095357256,0.0003064342239732543,1.3219993333563738e-05
5.546400095357256,0.00026191466637586234,1.3579707801148905e-05
5.548400095357255,0.00028679734715351035,1.4252211560910748e-05
5.550400095357255,0.0003070886486853499,1.4437511745923622e-05
5.552400095357255,0.0003105574091231061,1.4231432550583377e-05
5.554400095357255,0.00030966576946952633,1.3812327155288008e-05
5.5564000953572545,0.0004074197232066376,1.3930871038271747e-05
5.558400095357254,0.00042726706178807715,1.449996114143772e-05
5.560400095357254,0.00043873275256257964,1.3647773511921576e-05
5.562400095357254,0.0003768542562776971,1.3114346501220174e-05
5.564400095357254,0.00033688559189621665,1.2850906412348313e-05
5.566400095357253,0.00038203248141944845,1.3411740339633532e-05
5.568400095357253,0.0003320083676741728,1.3191302732422661e-05
5.570400095357253,0.00036617458212662797,1.2231051970483728e-05
5.572400095357253,0.0003659341251299149,1.21098479306044e-05
5.574400095357253,0.00040507700196929625,1.2707333212555156e-05
5.576400095357252,0.00034003810479505563,1.3678021383958943e-05
5.578400095357252,0.0003609320504143018,1.3514613533525648e-05
5.580400095357252,0.00031396526665371764,1.3092751575854272e-05
5.582400095357252,0.0003460965937794757,1.377475828485417e-05
5.5844000953572515,0.00039616619686716237,1.4723409701895173e-05
5.586400095357251,0.0003365589619443103,1.4545017526712861e-05
5.588400095357251,0.00028937500338345766,1.3779087910131712e-05
5.590400095357251,0.0003439421731859501,1.3639084555369072e-05
5.592400095357251,0.00034850880951316145,1.4137765833304901e-05
5.59440009535725,0.0003589044568737059,1.409117552906587e-05
5.59640009535725,0.0003567546709492938,1.3587822942422619e-05
5.59840009535725,0.0003248572869015606,1.337509470452873e-05
5.60040009535725,0.0003482698634374176,1.2753730558020762e-05
5.6024000953572495,0.0003428676638759302,1.3326273639171937e-05
5.604400095357249,0.00030335394251962666,1.3330433452388839e-05
5.606400095357249,0.00035670290888220824,1.2865388570577623e-05
5.608400095357249,0.00032934756919959465,1.2638229801341616e-05
5.610400095357249,0.00035179665580864614,1.3804447932287294e-05
5.612400095357248,0.0003579986386625891,1.4317831026654946e-05
5.614400095357248,0.00031204345950535534,1.3688283986926589e-05
5.616400095357248,0.0003577164814654139,1.3238139861712358e-05
5.618400095357248,0.000351093811217821,1.4009972944692012e-05
5.6204000953572475,0.0002985796631704869,1.50766225272896e-05
5.622400095357247,0.00028737876471471345,1.5347932340733064e-05
5.624400095357247,0.00033251744434699876,1.4293340941630114e-05
5.626400095357247,0.0003364879768283447,1.4192066794502101e-05
5.628400095357247,0.00036280338045176317,1.4887887703805647e-05
5.630400095357246,0.0003093090602203878,1.587457899871361e-05
5.632400095357246,0.0002633700787303847,1.491916760741981e-05
5.634400095357246,0.0002815571440811135,1.4103972514262258e-05
5.636400095357246,0.00031742178570242665,1.4559740833770317e-05
5.6384000953572455,0.0003094175193911474,1.5023450091650895e-05
5.640400095357245,0.0002737822743595431,1.4517278922729196e-05
5.642400095357245,0.0002922204921978571,1.3896061668240754e-05
5.644400095357245,0.00027125255125051343,1.3116403134070012e-05
5.646400095357245,0.0003134938521478032,1.3750309062532879e-05
5.648400095357244,0.0002890425133230774,1.4284385555311658e-05
5.650400095357244,0.00030982926581426043,1.414574061869845e-05
5.652400095357244,0.00032119451827081435,1.3431904780359586e-05
5.654400095357244,0.00033408653350710545,1.3348790335056004e-05
5.6564000953572435,0.00031822702221728723,1.3998510218919362e-05
5.658400095357243,0.0003519966141835574,1.4898738474837108e-05
5.660400095357243,0.0002901741642517439,7.864654340576966e-06
5.662400095357243,0.0003031859218553089,7.437226580221654e-06
5.664400095357243,0.0002874600747540269,7.094200826106251e-06
5.666400095357242,0.0002632497579594268,7.125569844845754e-06
5.668400095357242,0.00024846665130408226,7.4691951291262714e-06
5.670400095357242,0.0002910496040353284,7.583511307444229e-06
5.672400095357242,0.00027288865629666024,6.994953112850766e-06
5.6744000953572415,0.000300471053177318,6.86614382145896e-06
5.676400095357241,0.00027152700759583073,7.122963221772369e-06
5.678400095357241,0.000281528164428724,7.508467636892407e-06
5.680400095357241,0.00030508168168807265,7.299313729335922e-06
5.682400095357241,0.0002560879052891305,7.1872023814375735e-06
5.6844000953572404,0.00028538210287140555,7.144933870892441e-06
5.68640009535724,0.0002537192312911151,7.018338400227157e-06
5.68840009535724,0.0002626721221076198,6.987887424620736e-06
5.69040009535724,0.00027094327945202196,7.006203107795066e-06
5.69240009535724,0.0002479732216698212,7.015424508701246e-06
5.694400095357239,0.00026735131621777856,6.761807710356262e-06
5.696400095357239,0.00025754159861786114,6.830848301256226e-06
5.698400095357239,0.00025697626145008203,7.199630515743185e-06
5.700400095357239,0.0002615429837562826,7.093962512342238e-06
5.7024000953572385,0.0002937213060348048,7.052243714244891e-06
5.704400095357238,0.00030650372156106585,7.06851788121901e-06
5.706400095357238,0.0002811082011014641,7.482052779877236e-06
5.708400095357238,0.0002462554548085526,7.707267157149182e-06
5.710400095357238,0.00024799592015879393,7.288937772270104e-06
5.712400095357237,0.0002937390293190439,7.124666235665807e-06
5.714400095357237,0.0003016802688870141,7.396636649192519e-06
5.716400095357237,0.0002758039799221929,7.365820872157082e-06
5.718400095357237,0.000321996092487039,7.334908446687577e-06
5.7204000953572365,0.00024355633022293466,7.357136198135776e-06
5.722400095357236,0.0002960969249668244,7.493939911698766e-06
5.724400095357236,0.00030744986620906395,7.0795842281092485e-06
5.726400095357236,0.0002978072676205548,7.74824753244909e-06
5.728400095357236,0.0003007463837792383,7.876360483335277e-06
5.730400095357235,0.00029659314826350835,7.229236093724176e-06
5.732400095357235,0.00029425763576674174,7.0721981597950035e-06
5.734400095357235,0.0002956686922258518,7.702375714474145e-06
5.736400095357235,0.00025565423044200756,7.855939420753776e-06
5.7384000953572345,0.0002713281808592515,7.460186268468489e-06
5.740400095357234,0.0003002325327058405,8.59295473009818e-06
5.742400095357234,0.00030882842838252686,8.482291525436344e-06
5.744400095357234,0.0002791993401759986,8.518700306153725e-06
5.746400095357234,0.000285431521712407,9.07123104918469e-06
5.748400095357233,0.0002705522969623924,9.444101716912403e-06
5.750400095357233,0.00028997885854379496,8.408345926557178e-06
5.752400095357233,0.00029826317688111804,8.42152224215459e-06
5.754400095357233,0.000320252442546177,9.441547438444482e-06
5.7564000953572325,0.0003322438708934016,9.309308924084003e-06
5.758400095357232,0.00033361724247400244,8.885472901280042e-06
5.760400095357232,0.00034548023421961035,8.819120713433428e-06
5.762400095357232,0.00028446371332502556,8.759726369013884e-06
5.764400095357232,0.00029895044813777177,9.061971166770228e-06
5.766400095357231,0.00030753892338807124,9.902945639632586e-06
5.768400095357231,0.0002762667651368246,9.064286220904476e-06
5.770400095357231,0.00032699026181328024,8.832995125574274e-06
5.772400095357231,0.0002746950448796175,9.542063312565815e-06
5.7744000953572305,0.0002942031563071686,9.798873514254673e-06
5.77640009535723,0.0003203146114211159,9.432730064549627e-06
5.77840009535723,0.00028368828647401816,9.794929879935337e-06
5.78040009535723,0.0003082850023618655,8.990092350828647e-06
5.78240009535723,0.00029733043784135665,9.115895717591903e-06
5.784400095357229,0.00031413506041389876,1.0351175987827218e-05
5.786400095357229,0.0003205908384970843,1.0114396467836327e-05
5.788400095357229,0.00031900626258487923,9.13505659616397e-06
5.790400095357229,0.0003305752262865533,1.0009498191642664e-05
5.7924000953572286,0.00024044248479412355,9.9894951986365e-06
5.794400095357228,0.0002912922742894687,1.0172018575831525e-05
5.796400095357228,0.0003143074625249025,1.070963809103418e-05
5.798400095357228,0.0003251604273594343,9.890078970506707e-06
5.800400095357228,0.00031594282905297204,9.230773066560223e-06
5.8024000953572274,0.0003036789741336446,1.0205031445653135e-05
5.804400095357227,0.0002704425956776625,1.0718131266681323e-05
5.806400095357227,0.00025628196524052723,1.1041997110005292e-05
5.808400095357227,0.0003018771976717811,1.1270013541402644e-05
5.810400095357227,0.00035099397412707405,1.0047051794889172e-05
5.812400095357226,0.00033221003653652483,1.041331093534192e-05
5.814400095357226,0.00030081292094406663,1.1186311304402511e-05
5.816400095357226,0.0002802429371706859,1.040254785335916e-05
5.818400095357226,0.0002891358026640814,9.898846797852078e-06
5.8204000953572255,0.0002947309652906631,1.040387824310069e-05
5.822400095357225,0.00036766406634414987,1.0105359630653586e-05
5.824400095357225,0.00036386767682115807,1.0792420284975643e-05
5.826400095357225,0.0003614919366174108,1.117123251815097e-05
5.828400095357225,0.00041178956603923867,9.933591711665559e-06
5.830400095357224,0.00033321687706142045,9.59040496811992e-06
5.832400095357224,0.0003856705673358137,1.0779433841499006e-05
5.834400095357224,0.00035569257738307056,1.0807502942390293e-05
5.836400095357224,0.0003914889354471939,1.0748169334050269e-05
5.8384000953572235,0.0003733339119923901,1.0368678249863367e-05
5.840400095357223,0.00035545466175307844,9.919374188118219e-06
5.842400095357223,0.00040364713160265356,9.958055003540725e-06
5.844400095357223,0.0003909672294499136,1.1439631060005411e-05
5.846400095357223,0.00032803402630114653,1.1248945095769031e-05
5.848400095357222,0.0003127231345857278,1.0109652072499288e-05
5.850400095357222,0.00039747170158541557,1.0176303029137858e-05
5.852400095357222,0.0003561105372344787,1.0873509768199045e-05
5.854400095357222,0.00033491313886013286,1.0415328205355215e-05
5.8564000953572215,0.00033572883467234376,1.0728708686584681e-05
5.858400095357221,0.00034030663356020237,1.0770775353292728e-05
5.860400095357221,0.00038182642760541845,8.833678917857129e-06
5.862400095357221,0.0003937560840074329,1.065223920521727e-05
5.864400095357221,0.0003378790272687813,1.1619684661859508e-05
5.86640009535722,0.00030357904676865975,1.022903779686422e-05
5.86840009535722,0.00034032548668292984,1.1163078473052144e-05
5.87040009535722,0.00035930883797110236,1.0221770999702022e-05
5.87240009535722,0.00034298365389600943,8.911405462456395e-06
5.8744000953572195,0.00030133142881866645,1.1944065598141874e-05
5.876400095357219,0.0003771710410966548,1.1383171552945448e-05
5.878400095357219,0.0003434685235884884,9.758660616603342e-06
5.880400095357219,0.00034840404631158794,1.0885269003528654e-05
5.882400095357219,0.00036798113692061577,1.002236538579119e-05
5.884400095357218,0.0003995976314036836,1.0893210881935026e-05
5.886400095357218,0.0003167849599370491,1.2020319407854568e-05
5.888400095357218,0.0003201035798053241,9.964389007066632e-06
5.890400095357218,0.000362528797251775,1.0268418958962861e-05
5.8924000953572175,0.0003307802635300926,1.0697260154170017e-05
5.894400095357217,0.000343499186810996,1.0781488732933078e-05
5.896400095357217,0.00028979500397857135,1.1629311538414888e-05
5.898400095357217,0.0003031180234994461,1.071708189987594e-05
5.900400095357217,0.0003292010207211429,1.0289935357146752e-05
5.902400095357216,0.00023540789546938078,1.0498849123107383e-05
5.904400095357216,0.00026935016417604083,1.1333925224558904e-05
5.906400095357216,0.00037594231388273484,1.195164436286013e-05
5.908400095357216,0.00039190563933904135,1.0703093322270163e-05
5.9104000953572156,0.0003448019828006098,1.075634662246758e-05
5.912400095357215,0.0003269182480570984,1.0918769040546483e-05
5.914400095357215,0.0003419682695802981,1.0868329405644541e-05
5.916400095357215,0.0003473455633441497,1.3487704144094223e-05
5.918400095357215,0.00037253409672609143,1.0999836175803995e-05
5.9204000953572145,0.000353540773167096,1.0479411879515826e-05
5.922400095357214,0.00035511215872738376,1.1683599725464783e-05
5.924400095357214,0.0003665060833330752,1.0135541547717718e-05
5.926400095357214,0.0003997091611902469,1.2373387837580399e-05
5.928400095357214,0.0003691273174752511,1.310113974046363e-05
5.930400095357213,0.00034815299796286253,1.0220219812784081e-05
5.932400095357213,0.00033215927833288186,1.210600543129766e-05
5.934400095357213,0.00035993949881350356,1.0683987593106909e-05
5.936400095357213,0.00034003670254008903,1.1486075185460202e-05
5.9384000953572125,0.00033019759825325337,1.2511653118192384e-05
5.940400095357212,0.00034875371508804204,9.949711092809758e-06
5.942400095357212,0.0003620275100026735,1.1074847209856615e-05
5.944400095357212,0.0003587762957378906,1.1529483391937028e-05
5.946400095357212,0.00039120814419457955,1.162363835211009e-05
5.948400095357211,0.0003095334857644222,1.3663267080755238e-05
5.950400095357211,0.0003445122686244039,1.1369694249446903e-05
5.952400095357211,0.0003657105002543293,1.0133561186720508e-05
5.954400095357211,0.0003654316973373476,1.0181780100395058e-05
5.9564000953572105,0.0003974515236381016,1.0303161451618253e-05
5.95840009535721,0.00029131546420682906,1.0754557816342202e-05
5.96040009535721,0.0003324660116063185,1.0223539158618633e-05
5.96240009535721,0.0003537113110009063,9.803780239457272e-06
5.96440009535721,0.0003219296396467386,9.63266404304725e-06
5.966400095357209,0.0003055217451146536,1.0447804212977896e-05
5.968400095357209,0.0003223096006976273,1.0306944855450135e-05
5.970400095357209,0.00028851214541736006,1.0119767897470744e-05
5.972400095357209,0.000339604714840931,9.889171002817263e-06
5.9744000953572085,0.00034126954918146316,9.79753793543572e-06
5.976400095357208,0.000320814376825572,1.04469332996436e-05
5.978400095357208,0.0003072835971547488,1.0468393346591332e-05
5.980400095357208,0.00032687052619438444,1.0080848281975276e-05
5.982400095357208,0.00028412559136307047,9.766496991569155e-06
5.984400095357207,0.0002939500549247355,9.220660370129937e-06
5.986400095357207,0.00029805010882672477,1.0168042653489132e-05
5.988400095357207,0.00036098869101833464,1.0405411238877097e-05
5.990400095357207,0.0003168937589905022,1.0033501812803262e-05
5.9924000953572065,0.0003369405769540709,1.0015533723049417e-05
5.994400095357206,0.0003055149715000128,9.356768817275718e-06
5.996400095357206,0.0003523227007059626,9.811846620876623e-06
5.998400095357206,0.00032205722709356335,1.0385187582698348e-05
6.000400095357206,0.0003583296399893147,1.023426364041986e-05
6.002400095357205,0.0003196149393050322,1.0154396041476025e-05
6.004400095357205,0.000307995643117142,9.50175965847379e-06
6.006400095357205,0.00029287082517438263,9.549815452557881e-06
6.008400095357205,0.00035396913553291127,1.0818910185119215e-05
6.0104000953572045,0.00031619434481451624,1.0059114742254616e-05
6.012400095357204,0.00031177833341512957,1.0411809192533911e-05
6.014400095357204,0.0003269369902190952,1.0273213886327342e-05
6.016400095357204,0.0003042790991931922,9.685910199666449e-06
6.018400095357204,0.00035118885293200584,1.0887411452196284e-05
6.020400095357203,0.0003002753219741519,1.048971718023701e-05
6.022400095357203,0.0003264005318091475,1.1128030322776033e-05
6.024400095357203,0.0003322796091442672,1.034789668382828e-05
6.026400095357203,0.0003353838448176505,9.790765143600904e-06
6.028400095357203,0.0003014509373167693,1.031388597732598e-05
6.030400095357202,0.0003234585663523497,1.057447214301913e-05
6.032400095357202,0.00028702387573090773,1.1368301019901866e-05
6.034400095357202,0.00031908848214303397,1.0331991898139818e-05
6.036400095357202,0.000297481455306212,1.0186911943516213e-05
6.0384000953572015,0.00035645624990264865,1.0026969209719084e-05
6.040400095357201,0.0003349551438302266,1.0638208783646407e-05
6.042400095357201,0.00038065941680156043,1.138550536736593e-05
6.044400095357201,0.0003303093361903448,1.0718633288743958e-05
6.046400095357201,0.0003247897665805222,1.0611138711024128e-05
6.0484000953572,0.0002785094029637926,1.0124818182651643e-05
6.0504000953572,0.00030070822075089354,1.0570030543481603e-05
6.0524000953572,0.00030104315255758643,1.0619572704134819e-05
6.0544000953572,0.00029995770917277113,1.0830512391967895e-05
6.0564000953571995,0.0002951586252578151,1.0377595752825072e-05
6.058400095357199,0.00029551465245620113,9.78283990927788e-06
6.060400095357199,0.0002707954053684276,1.0319863860091064e-05
6.062400095357199,0.0003146044986345932,1.0441894755229734e-05
6.064400095357199,0.00027772431207183406,1.1347831057701865e-05
6.066400095357198,0.0003591523252067985,1.0423506867791095e-05
6.068400095357198,0.0002889288606984565,1.0112172411510118e-05
6.070400095357198,0.00026718252535518294,1.0171636293811526e-05
6.072400095357198,0.0003359346589177364,1.0041556015338523e-05
6.0744000953571975,0.0003452057964804526,1.1218678123029704e-05
6.076400095357197,0.00031669722022624746,1.0103739981714543e-05
6.078400095357197,0.00031468861243114544,1.0248873049425484e-05
6.080400095357197,0.0002920968933146002,9.92997327901148e-06
6.082400095357197,0.0003388441116388738,1.001998666020975e-05
6.084400095357196,0.0003261524421003926,1.1266812903442255e-05
6.086400095357196,0.0003483238275218844,1.0543835844764657e-05
6.088400095357196,0.00032054941694146296,1.100051106607943e-05
6.090400095357196,0.0003329036587037703,9.574120908532406e-06
6.0924000953571955,0.00030651231828067243,1.0656273397374285e-05
6.094400095357195,0.0002950006090364181,1.0570380258071649e-05
6.096400095357195,0.0003139880499409933,1.1624900774861986e-05
6.098400095357195,0.000278183151935887,1.063374419487185e-05
6.100400095357195,0.00027212648923451843,9.943699450109105e-06
6.102400095357194,0.0002755154894758235,9.777159229089147e-06
6.104400095357194,0.0002780248637949562,9.716997066436386e-06
6.106400095357194,0.0003043337232844956,1.0499364028584016e-05
6.108400095357194,0.00025525877561292487,9.950629714913944e-06
6.1104000953571935,0.00029605668792060785,1.0096750866063648e-05
6.112400095357193,0.000291681303992503,9.467248405601684e-06
6.114400095357193,0.0003100401966074126,9.631682809416826e-06
6.116400095357193,0.0002971095044375019,9.755431977995958e-06
6.118400095357193,0.0002706385105362308,1.045183089839335e-05
6.120400095357192,0.00029630077171354137,9.801530335699912e-06
6.122400095357192,0.0002464463667623434,9.788760817978718e-06
6.124400095357192,0.00027783088097499837,8.913466110877167e-06
6.126400095357192,0.000281856617189051,9.704534409469116e-06
6.1284000953571915,0.0002865713510435973,9.592908716039284e-06
6.130400095357191,0.0002960567125602467,1.0266934248083144e-05
6.132400095357191,0.00024715598333902825,9.302707516040694e-06
6.134400095357191,0.00022049623572438368,9.378841006990647e-06
6.136400095357191,0.00017077664055222474,8.788688220443096e-06
6.1384000953571904,0.00024219107807174682,9.947982311566295e-06
6.14040009535719,0.00023906567646932327,9.568932451755122e-06
6.14240009535719,0.00026392411870936657,9.808016156895608e-06
6.14440009535719,0.0002717931583292076,8.799087087830301e-06
6.14640009535719,0.0002996753847223392,9.23187662096953e-06
6.148400095357189,0.0002851518424352397,9.353345903811755e-06
6.150400095357189,0.0002422483882155074,1.0090029571456728e-05
6.152400095357189,0.00021792210301731688,9.980705708682412e-06
6.154400095357189,0.00025308366299960593,9.252805057626996e-06
6.1564000953571885,0.0002541107994140639,9.254583619761945e-06
6.158400095357188,0.00024567134553849,9.005160125556092e-06
6.160400095357188,0.000255886222946399,1.0067775348227823e-05
6.162400095357188,0.00026947575278896287,9.548885883843308e-06
6.164400095357188,0.0002748347030604149,1.061533299504251e-05
6.166400095357187,0.00024656402212787755,8.74399493217279e-06
6.168400095357187,0.00022955440529779154,9.857905592994366e-06
6.170400095357187,0.00023052406087042664,8.920311116495469e-06
6.172400095357187,0.0002309574445740884,1.1148265328105389e-05
6.1744000953571865,0.00022635429180078068,9.633193903165569e-06
6.176400095357186,0.00021702691065276345,1.0446625493567322e-05
6.178400095357186,0.00022373219681349557,8.711162374157377e-06
6.180400095357186,0.0002104635690682081,1.0345907218062614e-05
6.182400095357186,0.00025736276619564737,9.06825776211518e-06
6.184400095357185,0.0002818455056025795,1.0776012619322589e-05
6.186400095357185,0.00028919766647045217,9.20563713758719e-06
6.188400095357185,0.0002622107011676956,9.973425580835668e-06
6.190400095357185,0.00025834207041766654,8.791759146660494e-06
6.1924000953571845,0.0002826607963330538,9.820783122167602e-06
6.194400095357184,0.00026056865554999024,9.647541441623333e-06
6.196400095357184,0.0002452902264349364,1.0650098257230563e-05
6.198400095357184,0.00022542382050092346,9.840200603371317e-06
6.200400095357184,0.00021104515654392497,9.923324876656077e-06
6.202400095357183,0.00024654379868109424,9.533252350820038e-06
6.204400095357183,0.0002795872164000682,9.993231882594246e-06
6.206400095357183,0.00027255379131075393,1.0099459198724504e-05
6.208400095357183,0.0002535909824001036,1.0380523946391074e-05
6.2104000953571825,0.00029062034967339365,1.0208576230591684e-05
6.212400095357182,0.0002236498604254912,9.829965872093857e-06
6.214400095357182,0.00026980440250532666,9.991737914309909e-06
6.216400095357182,0.00023088925974654168,1.0311479051016834e-05
6.218400095357182,0.0002201010322229167,1.044076889411171e-05
6.220400095357181,0.00025857078627518836,1.0156877148803973e-05
6.222400095357181,0.00024506935816230433,9.744357137848393e-06
6.224400095357181,0.0002290005287136336,9.283827455293866e-06
6.226400095357181,0.0002598494050567242,1.010564043425375e-05
6.2284000953571805,0.0002991837169568908,9.86001048702761e-06
6.23040009535718,0.00027079555507526646,1.0467246003574475e-05
6.23240009535718,0.00028385135187446983,9.54048606463531e-06
6.23440009535718,0.00022930036895191765,9.514787442442478e-06
6.23640009535718,0.00023873662414037689,9.1264521120899e-06
6.238400095357179,0.0002904789297051787,1.0455923258815522e-05
6.240400095357179,0.00022685512573553023,1.009049757442614e-05
6.242400095357179,0.00023518516702094434,1.0204336255152246e-05
6.244400095357179,0.00024854890312875095,9.015857904563742e-06
6.2464000953571786,0.0003837855352394742,9.580984297120506e-06
6.248400095357178,0.0003546322239811944,9.17341349300415e-06
6.250400095357178,0.00027564406713757763,1.0580901695327849e-05
6.252400095357178,0.0002785398567263733,9.09329207886238e-06
6.254400095357178,0.00026587784941429376,1.0511516395450714e-05
6.2564000953571774,0.0002502645313908933,8.220050277658082e-06
6.258400095357177,0.0002586326747749373,9.921759706557151e-06
6.260400095357177,0.00022837835658959967,8.551896758066784e-06
6.262400095357177,0.0002388518009743841,1.0909113320095464e-05
6.264400095357177,0.0002284650136930362,9.363418295068826e-06
6.266400095357176,0.00025343563746066974,1.0155274284758331e-05
6.268400095357176,0.00022663767927034106,8.051144020453467e-06
6.270400095357176,0.00023604455544590393,9.753830894882721e-06
6.272400095357176,0.00021468001866498674,8.846563534203307e-06
6.2744000953571755,0.0002228460362969842,1.0131606829237687e-05
6.276400095357175,0.00023430457027913504,9.68654576205218e-06
6.278400095357175,0.00020996600645868435,9.552254099066445e-06
6.280400095357175,0.0002381830746100448,9.414080876345995e-06
6.282400095357175,0.00022559062060393655,9.776731956411471e-06
6.284400095357174,0.00022129856080529354,1.0163552609743705e-05
6.286400095357174,0.00029206538039788034,1.017960781445408e-05
6.288400095357174,0.000254277342299833,1.0203821682044696e-05
6.290400095357174,0.0002587718603168969,9.370802871515063e-06
6.2924000953571735,0.00023778331915904922,8.86463149373441e-06
6.294400095357173,0.0002832522265436771,9.837684126027368e-06
6.296400095357173,0.0002726594105216636,9.138150179385418e-06
6.298400095357173,0.0002739891627889168,1.0591740394967677e-05
6.300400095357173,0.0002573375627821932,8.533968929391972e-06
6.302400095357172,0.00025310069920175517,1.0184879519278362e-05
6.304400095357172,0.0002816055746692493,8.474540177854884e-06
6.306400095357172,0.00027748692611569045,1.0546233479284787e-05
6.308400095357172,0.0002548762347141227,9.35996351929975e-06
6.3104000953571715,0.0002553878180743569,1.022935377582308e-05
6.312400095357171,0.0002951431332170184,9.224972372667447e-06
6.314400095357171,0.00028615847282122646,8.936819110377613e-06
6.316400095357171,0.0002799741565858994,1.0146206970120083e-05
6.318400095357171,0.00022881462613125514,9.643245528013228e-06
6.32040009535717,0.00028010347241961,1.1326924791681755e-05
6.32240009535717,0.0002482928226511866,9.233933695485238e-06
6.32440009535717,0.0002222467209045477,1.0393479231886695e-05
6.32640009535717,0.0002701413725493987,9.1817554430229e-06
6.3284000953571695,0.000261457665964391,1.0255591101826385e-05
6.330400095357169,0.00024661437222637974,1.0385665755473228e-05
6.332400095357169,0.0002607373961991331,1.0365669300946008e-05
6.334400095357169,0.00023774177043791109,1.080720582061642e-05
6.336400095357169,0.0002560631146471506,9.578759218747431e-06
6.338400095357168,0.0002489064517358483,1.0285500991535426e-05
6.340400095357168,0.0002980956171069838,1.0410283709307183e-05
6.342400095357168,0.00029325419815363424,1.0785288038061968e-05
6.344400095357168,0.0002534419430871645,1.0895855087265234e-05
6.3464000953571675,0.00027301187819491537,1.017094753095533e-05
6.348400095357167,0.0003323629684200846,9.66981846314943e-06
6.350400095357167,0.000287888928639018,9.730630397273765e-06
6.352400095357167,0.00026740490380329127,1.0087958337970485e-05
6.354400095357167,0.00024041698270426453,1.0551856100441434e-05
6.356400095357166,0.00024786554106731785,1.1200726749288764e-05
6.358400095357166,0.00028710704171394083,1.0749159066009506e-05
6.360400095357166,0.0002470267414164529,9.47851081307723e-06
6.362400095357166,0.0002688602884212782,1.0086047617403647e-05
6.3644000953571656,0.00024634202101136955,1.0183013501903853e-05
6.366400095357165,0.0002735291801845477,1.0664520863539894e-05
6.368400095357165,0.0002952211005413438,1.0281672423341904e-05
6.370400095357165,0.0002730449432168585,9.887115988209958e-06
6.372400095357165,0.00022935816967147455,9.816326830761789e-06
6.3744000953571645,0.00026070472558336705,9.976225814416315e-06
6.376400095357164,0.00022863808902853409,1.109980944382677e-05
6.378400095357164,0.00024322205914213688,1.0397444220073763e-05
6.380400095357164,0.00022731463948401533,1.1012744956749171e-05
6.382400095357164,0.0002417622781141592,9.826474018091567e-06
6.384400095357163,0.0002519293692948475,9.708183261258322e-06
6.386400095357163,0.00021896053192638494,1.0064760716513296e-05
6.388400095357163,0.00019751633647614386,1.025293994564782e-05
6.390400095357163,0.0002506175660378935,1.0747009154543721e-05
6.3924000953571625,0.00027363187533916143,1.02791009627228e-05
6.394400095357162,0.0001984687672735137,9.850665227073529e-06
6.396400095357162,0.00023593757897861521,9.637121792319739e-06
6.398400095357162,0.00024012149248381622,9.81095230728989e-06
6.400400095357162,0.00023184280837086328,1.0656842814538186e-05
6.402400095357161,0.00023890403144183185,1.0590368228065195e-05
6.404400095357161,0.0002562084619048812,9.993150879572263e-06
6.406400095357161,0.00022721263382802882,9.989674177687066e-06
6.408400095357161,0.00024882017269092283,9.238886153108504e-06
6.4104000953571605,0.0003191003073145815,1.0209790948401877e-05
6.41240009535716,0.000280676359585316,1.0833749570760192e-05
6.41440009535716,0.0002774474775030162,1.0011659116526313e-05
6.41640009535716,0.0002962643872238323,1.0840625945545452e-05
6.41840009535716,0.0002591750914713637,9.04927280996567e-06
6.420400095357159,0.0002775648969790668,9.79583509229087e-06
6.422400095357159,0.00024894175398857153,1.012600001128706e-05
6.424400095357159,0.0002500549619072225,9.569911103258608e-06
6.426400095357159,0.0002306114747412362,1.1717990907001517e-05
6.4284000953571585,0.0002454291552470023,9.552732996124346e-06
6.430400095357158,0.0002436753189858634,1.006678962175702e-05
6.432400095357158,0.0002879820603248243,1.0236884699038075e-05
6.434400095357158,0.0002842137809980412,9.597176507488523e-06
6.436400095357158,0.0003113750839073176,1.1524967278589016e-05
6.438400095357157,0.0003210843065281244,1.0258743620639087e-05
6.440400095357157,0.0002585151034073352,1.0465177087875402e-05
6.442400095357157,0.00022630733949255907,1.0138205176305797e-05
6.444400095357157,0.00021437023129174354,9.453176766510039e-06
6.4464000953571565,0.0002554317519006222,1.112453694053223e-05
6.448400095357156,0.0003394107377767909,1.0350270674262315e-05
6.450400095357156,0.0002393285108212531,1.086001281373379e-05
6.452400095357156,0.0002338561113317272,1.042363829568744e-05
6.454400095357156,0.0002509154554497362,9.9795602775529e-06
6.456400095357155,0.00024365085719689922,1.0287396184656206e-05
6.458400095357155,0.00029347928767406526,1.066419581542106e-05
6.460400095357155,0.00023115780565618167,1.1341634422025965e-05
6.462400095357155,0.00025924094519947597,1.143438659981281e-05
6.4644000953571545,0.0002176245554652333,1.0548299448993869e-05
6.466400095357154,0.00026213622309763753,1.0743525362903441e-05
6.468400095357154,0.0002618646951247413,9.79435547016449e-06
6.470400095357154,0.00024085122736160203,1.0931210779089735e-05
6.472400095357154,0.0002602136475543309,1.2144758594388972e-05
6.474400095357153,0.0002416791200186398,1.1107103785870749e-05
6.476400095357153,0.00024218306654948184,1.2505349675250044e-05
6.478400095357153,0.00030442633233435974,1.0551610243090902e-05
6.480400095357153,0.00023539656027172828,1.0831070895126922e-05
6.482400095357153,0.000222165194354032,1.2014335774671756e-05
6.484400095357152,0.00022250795034259755,1.1098338960169314e-05
6.486400095357152,0.00027522623923863037,1.1801129187729188e-05
6.488400095357152,0.0002426102566839859,1.2460531889646076e-05
6.490400095357152,0.00023880507656827397,1.027799157954975e-05
6.4924000953571515,0.0002326065288182858,1.0816897467516579e-05
6.494400095357151,0.00021099579383997244,1.1375717238840747e-05
6.496400095357151,0.00020685167130981468,1.089522583162099e-05
6.498400095357151,0.00023206662406922328,1.2440094060788319e-05
6.500400095357151,0.00028364660994281774,1.2527559597228887e-05
6.50240009535715,0.00023333757773454612,1.0525940587025062e-05
6.50440009535715,0.00024609076262733566,1.1483020127586672e-05
6.50640009535715,0.0001909785478021446,1.1731401313413236e-05
6.50840009535715,0.0002598896249891618,1.2343771279248891e-05
6.5104000953571495,0.00024954772272598103,1.2628204872251208e-05
6.512400095357149,0.0002610661585147289,1.2385045618992053e-05
6.514400095357149,0.00019877616465233502,1.1101045752416695e-05
6.516400095357149,0.0002723536911694132,1.0918112198962897e-05
6.518400095357149,0.00020245931632698798,1.1314575946917353e-05
6.520400095357148,0.00029908173568499234,1.1757485567370342e-05
6.522400095357148,0.00022953388870671306,1.2484312277611202e-05
6.524400095357148,0.00020593442370588105,1.2704200890716718e-05
6.526400095357148,0.00027030932978012334,1.1065037615279904e-05
6.5284000953571475,0.00023780436619815515,1.0910576486356579e-05
6.530400095357147,0.0002511199584448808,1.1672398617931423e-05
6.532400095357147,0.00021587510879187262,5.9749762784869e-06
6.534400095357147,0.00021586672163903192,6.6727120540884484e-06
6.536400095357147,0.00021363127780490027,6.7408292575009e-06
6.538400095357146,0.00020874746076008724,6.113937325865445e-06
6.540400095357146,0.0002138977633851901,5.848348629462401e-06
6.542400095357146,0.0001817839223969554,5.7721210482160005e-06
6.544400095357146,0.00021072988915902136,5.9358449348326306e-06
6.5464000953571455,0.00021005573694205171,6.437385598123129e-06
6.548400095357145,0.0002210460877885905,6.788050507806932e-06
6.550400095357145,0.0002384061394822476,6.1417652673630295e-06
6.552400095357145,0.0002271404309428612,6.2661532174692955e-06
6.554400095357145,0.00023116899617943668,5.888422040785999e-06
6.556400095357144,0.0002415106608587999,6.018911016804853e-06
6.558400095357144,0.00021844952529246998,6.514411236615543e-06
6.560400095357144,0.00022922359795868015,6.8776278853290505e-06
6.562400095357144,0.00021852863435231233,6.784991999363262e-06
6.5644000953571435,0.00023631151489455872,6.212155223795564e-06
6.566400095357143,0.00021065484987085482,6.010217477256871e-06
6.568400095357143,0.00022959891012915972,6.148439326159726e-06
6.570400095357143,0.00024644674045491395,6.272365440214096e-06
6.572400095357143,0.00023183417988106338,6.657817454194079e-06
6.574400095357142,0.0002200993285058334,6.689662587239802e-06
6.576400095357142,0.00020739266526861443,6.104532468045814e-06
6.578400095357142,0.0002580959845573461,5.859141759349346e-06
6.580400095357142,0.00022757063767859107,5.610050294245823e-06
6.5824000953571415,0.00024209026128827358,5.739583997869915e-06
6.584400095357141,0.0002656969601507405,6.299030473904215e-06
6.586400095357141,0.00024952711167614656,6.3113408600341714e-06
6.588400095357141,0.00023236297433777418,6.192765130462508e-06
6.590400095357141,0.00020272742236851878,5.947630177176049e-06
6.59240009535714,0.00019314354269214546,5.70277193927568e-06
6.59440009535714,0.00021820956520455083,5.958839441497843e-06
6.59640009535714,0.00021120208333137193,6.477780657155865e-06
6.59840009535714,0.0001885299920533428,6.48479000334145e-06
6.60040009535714,0.00021932091618663454,6.327089722569124e-06
6.602400095357139,0.00021111159525987602,6.00740989653387e-06
6.604400095357139,0.00025733182361827625,5.740012475899937e-06
6.606400095357139,0.0002636581765102296,5.783534184896514e-06
6.608400095357139,0.00028175819603894615,5.95853873577451e-06
6.6104000953571385,0.00024861862461369495,6.21739586413279e-06
6.612400095357138,0.0002168148822564865,5.997930287837855e-06
6.614400095357138,0.00021644685983658905,5.795053067553756e-06
6.616400095357138,0.00023458202947260743,5.477718542213519e-06
6.618400095357138,0.00022674057905038356,5.1424224037409185e-06
6.620400095357137,0.00017739123975084816,5.447786403580077e-06
6.622400095357137,0.00021796294368266005,5.608566736758902e-06
6.624400095357137,0.00022759312614158578,5.953004488603535e-06
6.626400095357137,0.00025150224090394167,5.83615964118604e-06
6.6284000953571365,0.00021826442444456806,5.537014634745072e-06
6.630400095357136,0.00021069375901473715,6.403253319273817e-06
6.632400095357136,0.0001945968938743942,6.534027942740129e-06
6.634400095357136,0.00019326548841690542,6.865380542596162e-06
6.636400095357136,0.00021617126347299825,6.920722285993579e-06
6.638400095357135,0.00022850328650231814,7.123597281200295e-06
6.640400095357135,0.00019600708875620288,6.905021515809024e-06
6.642400095357135,0.00020508037136522642,6.26802770256353e-06
6.644400095357135,0.00022290293672758184,6.122950393546959e-06
6.6464000953571345,0.0002093148238552742,6.34813310360624e-06
6.648400095357134,0.0001783590989662165,7.02589988627365e-06
6.650400095357134,0.00017575188538243334,7.452484843353042e-06
6.652400095357134,0.00020824455587932486,7.767732187230495e-06
6.654400095357134,0.0002255679050624777,7.411150887379223e-06
6.656400095357133,0.0001932201929324813,6.887667087190701e-06
6.658400095357133,0.00017996959922001607,6.773507335982309e-06
6.660400095357133,0.00021920860033515768,6.926416869344384e-06
6.662400095357133,0.00018650888324036967,7.13648326908204e-06
6.6644000953571325,0.00018068607512223002,7.448227634130924e-06
6.666400095357132,0.00020128958686947956,6.873107967945131e-06
6.668400095357132,0.00019165089641764484,6.46485787017701e-06
6.670400095357132,0.00021505849325277807,6.878176350744002e-06
6.672400095357132,0.00021567083954078685,7.1031923612731255e-06
6.674400095357131,0.0002369869737295715,7.9489227539885e-06
6.676400095357131,0.00020642464270469301,7.978818486370535e-06
6.678400095357131,0.00020356987963805756,7.675622783292253e-06
6.680400095357131,0.0001666866915902565,7.1961212386203514e-06
6.6824000953571305,0.00017390402100062868,6.44665103861931e-06
6.68440009535713,0.00019704160412251426,6.5562633743176405e-06
6.68640009535713,0.00016693238514767456,7.069887330015097e-06
6.68840009535713,0.00014851500200606905,7.578006102594156e-06
6.69040009535713,0.00018333318012361645,7.847434866929004e-06
6.692400095357129,0.00015755605816113964,7.621548504667948e-06
6.694400095357129,0.0001975987020675052,7.1935299027303305e-06
6.696400095357129,0.00019698004008102243,6.486667497706098e-06
6.698400095357129,0.0001808587193735438,6.5683174764361e-06
6.7004000953571285,0.00017442271454322288,7.0828718892204416e-06
6.702400095357128,0.00018353449103565708,7.406634948984566e-06
6.704400095357128,0.0001584814863158439,7.963098226377242e-06
6.706400095357128,0.00016949105186382754,8.289801030716909e-06
6.708400095357128,0.0001767574734183006,7.068400047442427e-06
6.7104000953571274,0.00017556496646178196,7.217380015643214e-06
6.712400095357127,0.00019393420296433129,7.235142392850764e-06
6.714400095357127,0.00017425576518422529,7.697434907725614e-06
6.716400095357127,0.0001855707576631358,7.5531472605886714e-06
6.718400095357127,0.0001648460994287702,6.899004328989974e-06
6.720400095357126,0.00015774299417129135,6.773122482896933e-06
6.722400095357126,0.00018089722062556826,5.950517537064508e-06
6.724400095357126,0.00019048259612543743,6.5295562115838655e-06
6.726400095357126,0.00019679558716447382,7.54432440348521e-06
6.7284000953571255,0.0002068075297515521,7.97849180375236e-06
6.730400095357125,0.00020667121999497416,8.453477962320948e-06
6.732400095357125,0.00016779200964503607,7.360368816928432e-06
6.734400095357125,0.000194618994931727,7.0053783018879555e-06
6.736400095357125,0.00017548049641785593,6.6471365445993654e-06
6.738400095357124,0.00020931408110568122,6.362885716825761e-06
6.740400095357124,0.0002110347625225865,7.120862977008537e-06
6.742400095357124,0.00015356675738057633,7.181397020121826e-06
6.744400095357124,0.0001848806161432209,7.520366989287068e-06
6.7464000953571235,0.00017588798106664256,7.658537773412514e-06
6.748400095357123,0.0001891710813834874,6.949425305153806e-06
6.750400095357123,0.00018427871521331147,6.597473097540533e-06
6.752400095357123,0.0001819451060296804,6.70136292997425e-06
6.754400095357123,0.00018379511690953264,7.287786320422799e-06
6.756400095357122,0.00018092936964141465,7.666911172528685e-06
6.758400095357122,0.00016977757100061829,8.2675690382619e-06
6.760400095357122,0.00017686083655796248,7.603505079016165e-06
6.762400095357122,0.0002169597821314315,6.834795046271906e-06
6.7644000953571215,0.0002001563481730224,6.549963468561905e-06
6.766400095357121,0.0002089026158254008,6.3564054080891044e-06
6.768400095357121,0.0001677434640221235,7.023502457228289e-06
6.770400095357121,0.0001958954781216727,7.266983164254322e-06
6.772400095357121,0.00018989520116586138,7.318306848427999e-06
6.77440009535712,0.0001639440079603216,7.3132510847145925e-06
6.77640009535712,0.00018781301004838094,6.909745353007925e-06
6.77840009535712,0.0001921176791000718,7.33877629683431e-06
6.78040009535712,0.00018070249956693562,7.072551979464895e-06
6.7824000953571195,0.00018040866088156934,7.169055108799607e-06
6.784400095357119,0.00018467793107384553,7.38181779270064e-06
6.786400095357119,0.00019094577103007858,6.546670738960877e-06
6.788400095357119,0.00018039547756411908,6.702084656825704e-06
6.790400095357119,0.0001896533867950895,6.850662828145073e-06
6.792400095357118,0.0001865040376244698,7.2658764873408225e-06
6.794400095357118,0.00017070937294959393,8.311764206175487e-06
6.796400095357118,0.0001639012292600609,8.093851545268886e-06
6.798400095357118,0.00014379645586610416,8.004459909112043e-06
6.8004000953571175,0.00015880689640963513,7.221100005934774e-06
6.802400095357117,0.00019271860080156188,6.4116968039894585e-06
6.804400095357117,0.00019135861578928678,6.3963242202574475e-06
6.806400095357117,0.0001761314951553643,6.60991244372726e-06
6.808400095357117,0.00016400772411610543,7.3658223666545946e-06
6.810400095357116,0.0001672342567179584,8.196920555718062e-06
6.812400095357116,0.00017055434240416154,7.74046956740221e-06
6.814400095357116,0.00018778994800211718,7.414828924457534e-06
6.816400095357116,0.0002135362704580998,6.675404744615703e-06
6.8184000953571156,0.00017634796702773673,6.434758424875211e-06
6.820400095357115,0.00020363970287241764,7.077846834360702e-06
6.822400095357115,0.00021964367898155278,7.882893880264048e-06
6.824400095357115,0.00019275707721468538,8.107357289393103e-06
6.826400095357115,0.00018527055139256948,7.871808207184379e-06
6.8284000953571145,0.00017154310617916935,7.534897314141942e-06
6.830400095357114,0.00018784069551109025,7.273372667631236e-06
6.832400095357114,0.00022356099729001395,7.010130681509373e-06
6.834400095357114,0.00017219799796379186,7.663110462454436e-06
6.836400095357114,0.00014453005303975244,8.031313833782338e-06
6.838400095357113,0.00021171696659531226,8.24211698740034e-06
6.840400095357113,0.00017118715121780426,7.967944536496068e-06
6.842400095357113,0.00018057219915688553,7.283134649056249e-06
6.844400095357113,0.0001926284299960045,7.125215113971349e-06
6.8464000953571125,0.00021868666404396389,7.131189220705954e-06
6.848400095357112,0.00017046909872684565,7.751546382152156e-06
6.850400095357112,0.00022422154626940206,8.779447863897291e-06
6.852400095357112,0.00018191896496227544,8.580661724970716e-06
6.854400095357112,0.00018635582196924798,8.24495453434465e-06
6.856400095357111,0.0002058653386526601,7.51626338001006e-06
6.858400095357111,0.00018494585475271256,7.167625835122237e-06
6.860400095357111,0.00016821546528051403,7.280675560544148e-06
6.862400095357111,0.00021558467039298874,8.005293201467854e-06
6.8644000953571105,0.0002162525867807753,8.465051360401227e-06
6.86640009535711,0.000185199078068226,8.7147201066105e-06
6.86840009535711,0.00017127905967287527,8.065249212120776e-06
6.87040009535711,0.0001978708867736787,7.548954108494941e-06
6.87240009535711,0.0002230254010019714,7.280380974960421e-06
6.874400095357109,0.00021725961258797758,7.263210181965066e-06
6.876400095357109,0.0002525407805453891,7.859808263376967e-06
6.878400095357109,0.00017135680178443664,8.590387842325871e-06
6.880400095357109,0.0001949008128606532,8.76857651414683e-06
6.8824000953571085,0.00021178829389509224,8.502134872830433e-06
6.884400095357108,0.00022904405708200123,7.947094680191655e-06
6.886400095357108,0.00022935748640340556,7.284559280132854e-06
6.888400095357108,0.00026621213123946465,7.377729669410137e-06
6.890400095357108,0.0002056216488018075,8.40434764488226e-06
6.892400095357107,0.00018931552270278168,8.972280723676575e-06
6.894400095357107,0.00019260617581666345,9.716367015964481e-06
6.896400095357107,0.00020756426916482057,8.898735150426942e-06
6.898400095357107,0.00021557659839429701,8.068241818253196e-06
6.9004000953571065,0.00022316057631297342,7.392179279470054e-06
6.902400095357106,0.00023985715367156105,7.328897941238652e-06
6.904400095357106,0.00024700226552272476,8.263804919881169e-06
6.906400095357106,0.00024311949138600304,9.58798981668071e-06
6.908400095357106,0.0002180593182925919,9.50834992300893e-06
6.910400095357105,0.00018123249024818257,9.009434117072015e-06
6.912400095357105,0.0002462639562312931,8.209294564280098e-06
6.914400095357105,0.00022640384890859204,7.5627051633467234e-06
6.916400095357105,0.00021137944900665627,8.1906872617068e-06
6.9184000953571045,0.00022627795695075013,9.575615194612092e-06
6.920400095357104,0.0002229550671306448,9.688257194154389e-06
6.922400095357104,0.0002390583097098583,9.315921185655748e-06
6.924400095357104,0.00027640974022630785,9.561125565397817e-06
6.926400095357104,0.000218378999898664,8.975302260650848e-06
6.928400095357103,0.00022486160966483186,8.816164420067717e-06
6.930400095357103,0.00025169018909410165,8.922472121624795e-06
6.932400095357103,0.0002771918759138884,8.725125224002302e-06
6.934400095357103,0.00022315450343079825,8.891389302840183e-06
6.936400095357103,0.00017222974420683112,9.295405012535813e-06
6.938400095357102,0.00022175672777382147,9.011875702880434e-06
6.940400095357102,0.00022340045156156368,8.788354280636774e-06
6.942400095357102,0.00022094027889708705,8.599741212205808e-06
6.944400095357102,0.00020486312224805828,8.05174749169192e-06
6.9464000953571015,0.0002561716828667876,7.982762494005016e-06
6.948400095357101,0.00025009394881510386,8.78025615862145e-06
6.950400095357101,0.0002256007570071807,9.570878712137905e-06
6.952400095357101,0.00020258955145736814,9.66550844657996e-06
6.954400095357101,0.000232106469061655,9.399055074421658e-06
6.9564000953571,0.00022556830914453258,8.392382203923748e-06
6.9584000953571,0.00023696213128005756,7.908960157467739e-06
6.9604000953571,0.0002161300388912516,8.448652059021962e-06
6.9624000953571,0.00024431358176881516,9.372841553398005e-06
6.9644000953570995,0.00020029180250786662,9.693102587733527e-06
6.966400095357099,0.00021974873862735703,9.374628102563362e-06
6.968400095357099,0.0002201771254553903,9.039821709723989e-06
6.970400095357099,0.0002245690510484381,8.455455709860274e-06
6.972400095357099,0.00025806805052292723,8.492653946465082e-06
6.974400095357098,0.0002415884343315829,8.700866283423364e-06
6.976400095357098,0.0002597785648684185,8.90770056672905e-06
6.978400095357098,0.00025924520047771566,9.053381079664945e-06
6.980400095357098,0.00026451630906508506,1.0058639635215637e-05
6.9824000953570975,0.000255543613543409,1.0284954604070655e-05
6.984400095357097,0.00024643708378592575,9.195390944596333e-06
6.986400095357097,0.00023436042891394806,8.023843492179741e-06
6.988400095357097,0.0002457137017066861,8.2305201123107e-06
6.990400095357097,0.0002396622191971672,9.037168621711576e-06
6.992400095357096,0.0002566652178361049,1.0300841262133538e-05
6.994400095357096,0.00024183162248315378,1.0779636202491782e-05
6.996400095357096,0.00024058251906449154,9.633677315011513e-06
6.998400095357096,0.00019823073511651413,8.488525785465882e-06
7.0004000953570955,0.00022876823484417827,8.62396807977625e-06
7.002400095357095,0.00023586646503868358,9.174243083389298e-06
7.004400095357095,0.0002397207456157026,9.410693600818901e-06
7.006400095357095,0.00028066585396515454,1.0168711211598603e-05
7.008400095357095,0.00023668491132675806,9.885534061489586e-06
7.010400095357094,0.00025196426823358636,9.458893647838717e-06
7.012400095357094,0.00018686070784968355,9.555163086158186e-06
7.014400095357094,0.00020518861094797505,9.241889496678548e-06
7.016400095357094,0.00021364929563092783,8.754460472747522e-06
7.0184000953570935,0.00026006305220799904,8.811975191983304e-06
7.020400095357093,0.0002475031877406279,9.915835501695465e-06
7.022400095357093,0.0002737370760866941,1.104558924302848e-05
7.024400095357093,0.0002850685459025071,1.0592681979465069e-05
7.026400095357093,0.00021256367421957075,9.545842347868496e-06
7.028400095357092,0.0002438240682532532,8.833334396097873e-06
7.030400095357092,0.0002651179093188533,8.80184786042494e-06
7.032400095357092,0.00023508470258595186,9.579710919638841e-06
7.034400095357092,0.0002195880965765819,1.0498075269105956e-05
7.0364000953570915,0.0002654510432388598,1.0263999773313643e-05
7.038400095357091,0.0002466053671471489,9.83211572320377e-06
7.040400095357091,0.00025581486568579994,9.806788784947187e-06
7.042400095357091,0.00019137464766326304,9.502065601208305e-06
7.044400095357091,0.00023830328551735107,9.314615447306836e-06
7.04640009535709,0.0002611516701179654,9.109270102258331e-06
7.04840009535709,0.0002555004692699982,9.846750430279297e-06
7.05040009535709,0.0002562174325399454,1.0586953040887665e-05
7.05240009535709,0.0002960086257116317,1.1117479726684642e-05
7.05440009535709,0.00024910064016410406,1.0691599511769285e-05
7.056400095357089,0.00025258223283809153,9.621830312877593e-06
7.058400095357089,0.000248412275294893,9.017361593658475e-06
7.060400095357089,0.00021998860843848369,9.433451453696862e-06
7.062400095357089,0.00021186039120492075,9.84705457981444e-06
7.0644000953570885,0.00023905134432966986,1.0611435966806647e-05
7.066400095357088,0.0002002391266230822,1.0842843902772242e-05
7.068400095357088,0.0002247933062531163,1.0572868924216992e-05
7.070400095357088,0.00018330620200390332,9.765981469103127e-06
7.072400095357088,0.00022933073238400934,9.136311901652923e-06
7.074400095357087,0.0002503287256831491,9.940219039264292e-06
7.076400095357087,0.00030805307583981693,9.621251727810088e-06
7.078400095357087,0.00027356138600232154,1.0588212698487965e-05
7.080400095357087,0.00019853626115330216,1.07561837562109e-05
7.0824000953570865,0.0001971098350797866,1.024485467085368e-05
7.084400095357086,0.00020765324409422573,9.878886168567622e-06
7.086400095357086,0.00021868419716373217,9.565913853694951e-06
7.088400095357086,0.00023285595297195728,9.231803868042863e-06
7.090400095357086,0.0002431062030363909,9.092562366048652e-06
7.092400095357085,0.00021622367353863267,9.749683036325568e-06
7.094400095357085,0.00020675400980015712,1.0982632346934114e-05
7.096400095357085,0.00021816722350822334,1.184190506980279e-05
7.098400095357085,0.0002387324989038621,1.1573190892497148e-05
7.1004000953570845,0.0002224415651396091,9.690443132405584e-06
7.102400095357084,0.00021979447666899994,8.868180647962965e-06
7.104400095357084,0.00019932784709198817,9.968277066868751e-06
7.106400095357084,0.00018307268487054005,1.0988847961064792e-05
7.108400095357084,0.00020575518812344573,1.0954307523467422e-05
7.110400095357083,0.00022980111145222513,1.0799857935830193e-05
7.112400095357083,0.00021926919975933146,1.06738952631044e-05
7.114400095357083,0.0002449599534735988,1.0354706925585455e-05
7.116400095357083,0.00020186324480157104,9.951016184808222e-06
7.1184000953570825,0.00017775770220580616,9.327591611365456e-06
7.120400095357082,0.00017846395044871776,9.310020908425186e-06
7.122400095357082,0.00019131715094690196,9.338064135410085e-06
7.124400095357082,0.00017168655772578412,1.0796489210085657e-05
7.126400095357082,0.000199128027570097,1.1474932817231492e-05
7.128400095357081,0.00019768314506974,9.946675651325425e-06
7.130400095357081,0.00019175908709282216,8.33482551931757e-06
7.132400095357081,0.00019407636490868145,8.557532908564266e-06
7.134400095357081,0.00020762513122670866,9.685590724003289e-06
7.1364000953570805,0.00025474530902876337,9.988719725318272e-06
7.13840009535708,0.00021081567208295973,9.363478358541422e-06
7.14040009535708,0.00016480435621329741,9.747706694220961e-06
7.14240009535708,0.00019455064959786398,1.0380590735003805e-05
7.14440009535708,0.00022410667780753488,1.0032056778171847e-05
7.146400095357079,0.00023420572333914167,8.853216480755962e-06
7.148400095357079,0.00021566395303636285,8.284150238083949e-06
7.150400095357079,0.0002070893109860173,9.51412424444223e-06
7.152400095357079,0.0002086524096124885,1.0352484265262402e-05
7.1544000953570785,0.00024107290370448616,1.037840942998291e-05
7.156400095357078,0.000236327024559384,9.832725110258099e-06
7.158400095357078,0.00023784524674565997,9.279306972536422e-06
7.160400095357078,0.00025064502465768976,9.21855920497657e-06
7.162400095357078,0.00024354526468416232,8.792960629304125e-06
7.1644000953570774,0.00020198948390568418,8.496848248406311e-06
7.166400095357077,0.00018128841256563272,9.338842580894732e-06
7.168400095357077,0.00024344644652909639,1.0029688961658047e-05
7.170400095357077,0.00018953783293371065,9.910649498697406e-06
7.172400095357077,0.00022769287993426387,9.750731089671852e-06
7.174400095357076,0.00022776467695417952,9.546333427031122e-06
7.176400095357076,0.00019290820765894483,9.007991949138403e-06
7.178400095357076,0.00026075951887208863,8.370069606346687e-06
7.180400095357076,0.00020310904868373715,9.50432916327263e-06
7.1824000953570755,0.00025381919135154547,1.0905257581439708e-05
7.184400095357075,0.0002698274792340393,1.0664260455538776e-05
7.186400095357075,0.0002290034506118268,9.445091524237532e-06
7.188400095357075,0.00022576370267837846,9.840123423164595e-06
7.190400095357075,0.00023106593929813794,1.0080449474559069e-05
7.192400095357074,0.00023572709960351088,8.770292050547461e-06
7.194400095357074,0.00028847991238558826,8.469635304913342e-06
7.196400095357074,0.0002461761876336074,1.0003964505564882e-05
7.198400095357074,0.00021559222401454063,1.1240685075677869e-05
7.2004000953570735,0.00020111336773443497,1.0252320556526645e-05
7.202400095357073,0.00023953895444265728,9.365977562024602e-06
7.204400095357073,0.00025220086656038243,9.941386702477979e-06
7.206400095357073,0.0002079544760800114,9.735049797968084e-06
7.208400095357073,0.0002758629110857632,8.972239731609472e-06
7.210400095357072,0.0002764116826018261,9.291566493668792e-06
7.212400095357072,0.0002744692852590093,1.0771284219836194e-05
7.214400095357072,0.00022083083659346165,1.0936596460742015e-05
7.216400095357072,0.00025324437683620825,1.0644232837639916e-05
7.2184000953570715,0.00023068771313905533,1.092578012721395e-05
7.220400095357071,0.00024411186509282486,1.0676327571259611e-05
7.222400095357071,0.00024160930267862904,9.619999737922425e-06
7.224400095357071,0.00020674599481730401,1.0079493441932577e-05
7.226400095357071,0.0002243638105930848,1.1053822003780744e-05
7.22840009535707,0.0002643676297286919,1.164825605169316e-05
7.23040009535707,0.00022326286008267173,1.105983016416029e-05
7.23240009535707,0.00020762146178000674,1.1429422891159018e-05
7.23440009535707,0.0002468644446050414,1.0842865432754888e-05
7.2364000953570695,0.00023495807886747238,9.902958651100478e-06
7.238400095357069,0.0002285702822901083,9.647197374878022e-06
7.240400095357069,0.00024075075347335676,1.0681330545019509e-05
7.242400095357069,0.00022952994612378537,1.1963537079418191e-05
7.244400095357069,0.0002044976200646628,1.2335829319080908e-05
7.246400095357068,0.0002671688359018594,1.1687070692512592e-05
7.248400095357068,0.0001837678728510817,1.1694377886370597e-05
7.250400095357068,0.00022816458886123676,1.1244778751974632e-05
7.252400095357068,0.00024326178509052884,1.0579555849366975e-05
7.2544000953570675,0.0002531903723266231,1.1311207889661763e-05
7.256400095357067,0.00023852101834201343,1.1427998738660875e-05
7.258400095357067,0.00023520921152780117,1.220508635015942e-05
7.260400095357067,0.0002172839526376213,1.2490568327148245e-05
7.262400095357067,0.00024893475631545533,1.2475195492532849e-05
7.264400095357066,0.00018792342829495237,1.1346805367316424e-05
7.266400095357066,0.00023244108023922673,1.0900946674001731e-05
7.268400095357066,0.00024420002897949434,1.0908686919799831e-05
7.270400095357066,0.00020010640986161082,1.1067588677321635e-05
7.2724000953570656,0.0002383552015092753,1.2126521385882167e-05
7.274400095357065,0.00024923520695639326,1.3127287824496851e-05
7.276400095357065,0.00022487101747306707,1.308913348282602e-05
7.278400095357065,0.0001535635990658331,1.2551567742569875e-05
7.280400095357065,0.00022987372211855523,1.2059801951755753e-05
7.2824000953570645,0.0002392809563633158,1.2172091521855729e-05
7.284400095357064,0.00024062491290303593,1.1782045127523839e-05
7.286400095357064,0.00024248839905853677,1.1693924226368336e-05
7.288400095357064,0.00024285506838051595,1.3528161252383587e-05
7.290400095357064,0.00026215171011188305,1.4034564249529575e-05
7.292400095357063,0.0002142840238152419,1.3368924304713505e-05
7.294400095357063,0.0002153261728150176,1.2747280899946814e-05
7.296400095357063,0.0002650182189108236,1.2411822185051399e-05
7.298400095357063,0.0003061629527317703,1.1395533922634436e-05
7.3004000953570625,0.00024063377715754445,1.1266177185364447e-05
7.302400095357062,0.00027247072461245107,1.2928805588480681e-05
7.304400095357062,0.00027219864973047,1.3310727979545326e-05
7.306400095357062,0.00023267973014663278,1.3138836829465002e-05
7.308400095357062,0.00023882928794019648,1.3794932854688716e-05
7.310400095357061,0.0002257627621203395,1.3008649512080987e-05
7.312400095357061,0.00025481216338825533,1.1325577578642238e-05
7.314400095357061,0.0002459466072672268,1.0583741085917944e-05
7.316400095357061,0.00024107241831772502,1.1472316801022267e-05
7.3184000953570605,0.00023059787471344106,1.1756780001697167e-05
7.32040009535706,0.00017013335299023849,1.2334879099235831e-05
7.32240009535706,0.0002067309448011075,1.2876556196078852e-05
7.32440009535706,0.00024544810153683547,1.2486370137842185e-05
7.32640009535706,0.00024746553344503764,1.1201424832658198e-05
7.328400095357059,0.00022815039154031668,1.1304618796709894e-05
7.330400095357059,0.0002397448244307249,1.1238047258930198e-05
7.332400095357059,0.00019660961630498276,1.0617632307211714e-05
7.334400095357059,0.000208898222724118,1.1130411238321035e-05
7.3364000953570585,0.00020433354569497161,1.1990107550117963e-05
7.338400095357058,0.00018641776275305413,1.2400524552402254e-05
7.340400095357058,0.0002156606739029149,1.1219016330464732e-05
7.342400095357058,0.0001869879646235521,1.0514603895376219e-05
7.344400095357058,0.00018700595650041695,9.982577022758437e-06
7.346400095357057,0.0001813690249245933,9.550490139921573e-06
7.348400095357057,0.00022297302797707867,1.012790987879007e-05
7.350400095357057,0.00026679312456342693,1.1204752715126819e-05
7.352400095357057,0.00019259771138100117,1.121820280697357e-05
7.3544000953570565,0.00018097082803613458,1.0929225834030889e-05
7.356400095357056,0.0001492648616532458,1.1072280232680389e-05
7.358400095357056,0.00014503364365382957,1.1022727982376831e-05
7.360400095357056,0.00018464656523733616,9.046939051243106e-06
7.362400095357056,0.00021922037732853894,9.318563999966761e-06
7.364400095357055,0.00017868629119879663,9.850499519150907e-06
7.366400095357055,0.00022420984514332323,9.826030108101142e-06
7.368400095357055,0.00015185236344576704,1.0641864464949751e-05
7.370400095357055,0.00017540248023386614,1.0897757427721408e-05
7.3724000953570545,0.00017236898050388826,9.627557205045597e-06
7.374400095357054,0.0001751790308706913,9.313108347425272e-06
7.376400095357054,0.00019053217776816438,9.201246655854618e-06
7.378400095357054,0.00018174082591485789,8.05810077538947e-06
7.380400095357054,0.000134689210666772,9.14085173534585e-06
7.382400095357053,0.00019719117776448783,1.0280566829205285e-05
7.384400095357053,0.00020389302651124746,9.972656340139061e-06
7.386400095357053,0.0001604942546084282,1.0063543834650674e-05
7.388400095357053,0.00022108145170472444,9.525250110540405e-06
7.390400095357053,0.00018164545952501038,8.101589406893598e-06
7.392400095357052,0.000180878808174631,8.388852115155741e-06
7.394400095357052,0.00017065518969649955,8.601398117765308e-06
7.396400095357052,0.00020049158885862683,8.874190118546384e-06
7.398400095357052,0.00014390274076965336,9.595282722390838e-06
7.4004000953570515,0.0001706250881748212,9.680460773360722e-06
7.402400095357051,0.0001822250527947833,9.124028181291711e-06
7.404400095357051,0.0001605203250306295,8.900539379855822e-06
7.406400095357051,0.00017724470480156443,7.929653537009045e-06
7.408400095357051,0.00018258783027023432,7.718981166059025e-06
7.41040009535705,0.00021705865511374608,8.331874971810497e-06
7.41240009535705,0.00019451146322756638,8.035829781394095e-06
7.41440009535705,0.00017932144778074797,9.222517420458627e-06
7.41640009535705,0.00018960877325770178,9.740609997432762e-06
7.4184000953570495,0.00020077346585193056,8.219238347639469e-06
7.420400095357049,0.00019494689283051673,8.241019931175233e-06
7.422400095357049,0.00016591052157798736,8.661340075696926e-06
7.424400095357049,0.00016820524125142213,7.067950490748969e-06
7.426400095357049,0.00020590223527950887,8.022379543000932e-06
7.428400095357048,0.0001768163223525047,8.83904595792855e-06
7.430400095357048,0.0001550458929053151,7.847188987863129e-06
7.432400095357048,0.00016726988973343743,8.979471158789341e-06
7.434400095357048,0.00017431453138589553,9.81368081554675e-06
7.4364000953570475,0.00011498364087852667,8.393207463083553e-06
7.438400095357047,0.00013740266888580773,8.14215925871836e-06
7.440400095357047,0.00016360449552419766,8.218428940989624e-06
7.442400095357047,0.0001673418064494846,7.165096201542322e-06
7.444400095357047,0.00016279755506831237,8.665890774085107e-06
7.446400095357046,0.00016195662211563336,9.83642400939955e-06
7.448400095357046,0.00016686435080022298,8.974490276561253e-06
7.450400095357046,0.000162180679405502,9.136059921290264e-06
7.452400095357046,0.00018737852758410773,8.875618337289253e-06
7.4544000953570455,0.00017585929479427672,7.775391008266012e-06
7.456400095357045,0.00016688115795511388,8.05260309802779e-06
7.458400095357045,0.00014032509158095032,8.766759001492945e-06
7.460400095357045,0.00013574323694336078,8.681742667127339e-06
7.462400095357045,0.00017918849792358685,9.152755168673384e-06
7.464400095357044,0.00015753014928479697,1.03545636275582e-05
7.466400095357044,0.00014897738154357135,9.709521520819587e-06
7.468400095357044,0.00015812165242900538,8.971263220671787e-06
7.470400095357044,0.00021273866437131355,9.516946388539057e-06
7.4724000953570435,0.00018932785421459222,8.386744564972838e-06
7.474400095357043,0.00022847328866875774,8.497632631856713e-06
7.476400095357043,0.0002275425862211892,1.0088665486082775e-05
7.478400095357043,0.00016036785314598468,9.540530300500556e-06
7.480400095357043,0.0001725660253135618,1.0134871036076449e-05
7.482400095357042,0.0001641656135749572,1.0822142896840213e-05
7.484400095357042,0.00020894334124806866,9.257639373966775e-06
7.486400095357042,0.00018534396366624368,9.418563044268692e-06
7.488400095357042,0.0001980134184776879,9.597295047249483e-06
7.4904000953570415,0.00017015016716710632,8.265237656555056e-06
7.492400095357041,0.0001686869188836466,1.0226732365315282e-05
7.494400095357041,0.00013774860003281042,1.1554187208310736e-05
7.496400095357041,0.00015642647242222632,1.068314321985746e-05
7.498400095357041,0.00020221132937361824,1.188090267307483e-05
7.50040009535704,0.00020966793546022198,1.0663119185451912e-05
7.50240009535704,0.00017260445165624767,9.225979090795964e-06
7.50440009535704,0.00016268527488074022,9.834175602717539e-06
7.50640009535704,0.00013898745830249925,9.879544818724514e-06
7.50840009535704,0.00015593831143381667,9.978482338955216e-06
7.510400095357039,0.00018659282968451908,1.182886370064602e-05
7.512400095357039,0.0001644226394411351,8.73989435571973e-06
7.514400095357039,0.00018072532922677642,8.659421600415853e-06
7.516400095357039,0.00018616988946004034,8.492739257438596e-06
7.5184000953570385,0.00019550649382710762,8.05107238866964e-06
7.520400095357038,0.00020483037582500087,7.954489647539854e-06
7.522400095357038,0.00019680230355417387,8.348157265737075e-06
7.524400095357038,0.0002016185856211357,8.104040031953242e-06
7.526400095357038,0.00017912738530726633,8.463337898036052e-06
7.528400095357037,0.0002227817429701817,9.065425396230976e-06
7.530400095357037,0.00021057549449412575,8.945921636219978e-06
7.532400095357037,0.00022050234582468825,8.938507504383499e-06
7.534400095357037,0.00021764403257261162,8.862672898372044e-06
7.5364000953570365,0.00025109166908223655,8.313574092235495e-06
7.538400095357036,0.00018601235517076115,8.684014183624351e-06
7.540400095357036,0.00022703179007700153,8.821973163793027e-06
7.542400095357036,0.00028122045085165234,9.236459038560875e-06
7.544400095357036,0.0002737916354122051,1.026387134903588e-05
7.546400095357035,0.00024914636633969003,1.0056538642191485e-05
7.548400095357035,0.00031896725154818763,9.473355401457652e-06
7.550400095357035,0.0002764763761634753,8.970190505179434e-06
7.552400095357035,0.00023094541454546052,8.392692426008963e-06
7.5544000953570345,0.00022450081299897701,8.733252076443823e-06
7.556400095357034,0.0002333976254715642,9.070290894240238e-06
7.558400095357034,0.00025237365118713293,9.415017391379656e-06
7.560400095357034,0.0002291968926990301,9.944438982389947e-06
7.562400095357034,0.00022927178709590917,1.0026234128296144e-05
7.564400095357033,0.0002360903889709408,9.621958386718898e-06
7.566400095357033,0.00024742554343063465,9.435536430908454e-06
7.568400095357033,0.00022452873604159485,8.930585644848452e-06
7.570400095357033,0.00022538563614343663,8.49888207811286e-06
7.5724000953570325,0.00023883388690763596,9.115249853231397e-06
7.574400095357032,0.00023048047545537483,9.50673585829647e-06
7.576400095357032,0.00023760370410412068,1.0453236712385514e-05
7.578400095357032,0.00015474100205986797,1.1004832730629003e-05
7.580400095357032,0.00017955193072028534,1.0530321459026804e-05
7.582400095357031,0.00021071095971510835,9.941398942816225e-06
7.584400095357031,0.00020316224321610584,9.23421753176514e-06
7.586400095357031,0.00021490501372623924,9.077435380805848e-06
7.588400095357031,0.00019552056349009822,8.856000141871642e-06
7.5904000953570305,0.00019075154878037663,9.68884245723088e-06
7.59240009535703,0.00020874455929330253,1.0154623556917551e-05
7.59440009535703,0.00019734155363227644,1.0429359570943319e-05
7.59640009535703,0.00018523025832424105,1.0198808070528546e-05
7.59840009535703,0.0002000385984647916,9.314119289980726e-06
7.600400095357029,0.00021741142430027299,9.29403935318421e-06
7.602400095357029,0.00026776553214764886,8.767813591578219e-06
7.604400095357029,0.00024148758209301545,9.363199809089797e-06
7.606400095357029,0.0002043603721728429,9.765455495053771e-06
7.6084000953570285,0.00020113932603915338,1.0159339699115897e-05
7.610400095357028,0.00021674193939302344,1.1302832951489324e-05
7.612400095357028,0.00019000527751875278,1.0245447192718592e-05
7.614400095357028,0.00020064926334876644,1.1108753648607576e-05
7.616400095357028,0.00024233471937120006,9.878510031070945e-06
7.6184000953570274,0.00022446099465440601,9.980342549002394e-06
7.620400095357027,0.00022884386559117215,9.390604363312772e-06
7.622400095357027,0.00030628535712962194,8.7463983223486e-06
7.624400095357027,0.00025706917462903006,1.0253021449169984e-05
7.626400095357027,0.0002813252783164394,9.95475522862744e-06
7.628400095357026,0.00024582584014404285,1.1301127499850315e-05
7.630400095357026,0.00022168760320772127,1.056223521994961e-05
7.632400095357026,0.0002686266313532161,1.0023737778542085e-05
7.634400095357026,0.0003183518000010685,9.479099452251275e-06
7.6364000953570255,0.00026173917784165935,9.117373673404683e-06
7.638400095357025,0.00022328772130894876,9.73023364996193e-06
7.640400095357025,0.00029005266465264977,1.0035237479761733e-05
7.642400095357025,0.00024465248778223706,1.1296507876522537e-05
7.644400095357025,0.0002762147607156941,1.1323574133628717e-05
7.646400095357024,0.00027992565013331723,1.1443509370441241e-05
7.648400095357024,0.00027823826730575017,1.1038559934372196e-05
7.650400095357024,0.00030229968289428654,1.8798313763845873e-05
7.652400095357024,0.0003185967280071275,1.886338174296041e-05
7.6544000953570235,0.00030834211011731584,1.9355459623756437e-05
7.656400095357023,0.0003189185363999199,1.8864085264204257e-05
7.658400095357023,0.0003259801866210307,1.949137527810811e-05
7.660400095357023,0.0002989098038620793,1.9924224265038636e-05
7.662400095357023,0.00028230582336809083,1.994033379179505e-05
7.664400095357022,0.0002754008397290322,1.978847704701767e-05
7.666400095357022,0.00030610185285876785,1.808221797702633e-05
7.668400095357022,0.00029852377228840144,1.719130277409407e-05
7.670400095357022,0.0003085688424807321,1.7171975452988954e-05
7.6724000953570215,0.0002805392851659332,1.8968034631297936e-05
7.674400095357021,0.0002353685174210884,2.1864405167998266e-05
7.676400095357021,0.00032405483276617855,2.462796191208887e-05
7.678400095357021,0.0003603941492935224,2.4056239418757875e-05
7.680400095357021,0.0002966665599848633,2.178253379179926e-05
7.68240009535702,0.00031134865947908015,2.0389144446056076e-05
7.68440009535702,0.0003637079968277371,1.987170874127849e-05
7.68640009535702,0.0004009246612271863,2.0375597538422212e-05
7.68840009535702,0.0003382720252263679,2.2004512102697577e-05
7.6904000953570195,0.00034704141955968357,2.501533148914006e-05
7.692400095357019,0.00027431386972297364,2.5258273344657033e-05
7.694400095357019,0.0003715353083201004,2.4516623830899912e-05
7.696400095357019,0.0003676858852040193,2.4238122236612048e-05
7.698400095357019,0.0003064400782158498,2.33683001738832e-05
7.700400095357018,0.00029154979956951796,2.3154280283537176e-05
7.702400095357018,0.0002895443481575398,2.2291922985531107e-05
7.704400095357018,0.0003400264773484766,2.184835949440639e-05
7.706400095357018,0.0004189347683118021,2.2294530069222216e-05
7.7084000953570175,0.00032465879396107415,2.3585861597124764e-05
7.710400095357017,0.00039892503692103096,2.489784371352401e-05
7.712400095357017,0.00038010407506854587,2.7291517138061533e-05
7.714400095357017,0.00034418362191933013,2.8293369932547023e-05
7.716400095357017,0.00036374416643222346,2.7132395667654375e-05
7.718400095357016,0.0005728389178291067,2.7120221969565132e-05
7.720400095357016,0.0004981763269818367,2.582778815164177e-05
7.722400095357016,0.0005541616197317888,2.553110572383003e-05
7.724400095357016,0.0005772483564396177,2.612245387823896e-05
7.7264000953570156,0.00035903401518876707,2.837322168673525e-05
7.728400095357015,0.00040860233524372735,3.1685989027355435e-05
7.730400095357015,0.00047934133633742887,3.469600502222798e-05
7.732400095357015,0.0004931751039955014,3.3561640858410595e-05
7.734400095357015,0.000366685704376191,3.102159680444017e-05
7.7364000953570145,0.0004933554634124438,2.8857310023502555e-05
7.738400095357014,0.0006105767512094529,2.695654291363399e-05
7.740400095357014,0.0005762685393196036,2.7282617809647473e-05
7.742400095357014,0.0004645414285153729,2.956875837979702e-05
7.744400095357014,0.0004388291828891568,3.3017902711513706e-05
7.746400095357013,0.00047800941813530573,3.536440410031375e-05
7.748400095357013,0.0004582362367203678,3.271803208287286e-05
7.750400095357013,0.0005989611867777941,3.0062202950726308e-05
7.752400095357013,0.0005548947162263447,2.810074473772048e-05
7.7544000953570125,0.0005189674217023256,2.6994423706421277e-05
7.756400095357012,0.0005667287305731484,2.7462442824859175e-05
7.758400095357012,0.0004992536458455783,2.9569545641586995e-05
7.760400095357012,0.0005988700074328109,3.09307523219091e-05
7.762400095357012,0.0004401771153072121,2.9754636993801985e-05
7.764400095357011,0.0004612470406584999,2.76760008029523e-05
7.766400095357011,0.00041203982623315313,2.717987091957681e-05
7.768400095357011,0.00033816870698603945,2.672685252399014e-05
7.770400095357011,0.000376769968688138,2.599225506064609e-05
7.7724000953570105,0.0004440309309842857,2.5715480296590314e-05
7.77440009535701,0.00042210138260957166,2.667919297660968e-05
7.77640009535701,0.00042263389207933483,2.575625098508827e-05
7.77840009535701,0.0004451529640130672,2.5318929063347404e-05
7.78040009535701,0.00043946562117540223,2.5253429896078273e-05
7.782400095357009,0.00037820147346128346,2.568839140077524e-05
7.784400095357009,0.00036300633429374826,2.5158715579716604e-05
7.786400095357009,0.00043914165539131445,2.3866927842812017e-05
7.788400095357009,0.0004718798507043818,2.2399944116120234e-05
7.7904000953570085,0.00045831947345180776,2.180764559709686e-05
7.792400095357008,0.0003680377531663312,2.1790203771902062e-05
7.794400095357008,0.00029097036273603797,2.2187394045633863e-05
7.796400095357008,0.00037557637032485246,2.3037844311973034e-05
7.798400095357008,0.0003180723371095748,2.3935307056370968e-05
7.800400095357007,0.00037427953060759366,2.447495652218788e-05
7.802400095357007,0.0003431177452771214,2.3480578975869586e-05
7.804400095357007,0.0004057906085779954,2.2148527844992316e-05
7.806400095357007,0.00032559197721309817,2.144769185203597e-05
7.8084000953570065,0.0003362113713722244,2.0786887884545624e-05
7.810400095357006,0.000397917688080066,1.94618066388116e-05
7.812400095357006,0.0003274094866748595,1.9127631682725596e-05
7.814400095357006,0.0002614653659241962,1.9526979354729467e-05
7.816400095357006,0.0002633130163954165,1.973564964931263e-05
7.818400095357005,0.00032557308016906394,2.027937384343249e-05
7.820400095357005,0.0002777766614676526,1.994192276495122e-05
7.822400095357005,0.00032008866484904474,2.0156492876257587e-05
7.824400095357005,0.00027338294997855293,1.9840023126118597e-05
7.8264000953570045,0.00028861140419232737,1.901400572091251e-05
7.828400095357004,0.00030413985910025424,1.8094640201658972e-05
7.830400095357004,0.00024689669463383415,1.7870283839308892e-05
7.832400095357004,0.00025843104093535986,1.7674194564151293e-05
7.834400095357004,0.0003028750289408568,1.77951818510122e-05
7.836400095357003,0.0003039229673162769,1.791125236720697e-05
7.838400095357003,0.00032978425140829746,1.82607206932982e-05
7.840400095357003,0.00030429847121558667,1.792785484602252e-05
7.842400095357003,0.00028887604561374556,1.7353911547888724e-05
7.8444000953570026,0.00027905906840470373,1.5972602716301268e-05
7.846400095357002,0.00026357287412771845,1.6078930027561403e-05
7.848400095357002,0.0002799837465811961,1.610346473513184e-05
7.850400095357002,0.00029817156120950315,1.6542792638781337e-05
7.852400095357002,0.0002895069499867721,1.70736663396736e-05
7.8544000953570015,0.00026847981003805856,1.7646719631477455e-05
7.856400095357001,0.00023253749248365864,1.767050743467361e-05
7.858400095357001,0.00021968798559374785,1.662188382356634e-05
7.860400095357001,0.000215454686614346,1.5376096285696545e-05
7.862400095357001,0.0001910836852976725,1.4927812245076873e-05
7.864400095357,0.0002044225749616122,1.4797773005670523e-05
7.866400095357,0.00027042159807685255,1.4713460165015001e-05
7.868400095357,0.00024465076625073497,1.4744749270244385e-05
7.870400095357,0.00021026789011274535,1.4971314644191464e-05
7.8724000953569995,0.00025982654270837114,1.5087746283520564e-05
7.874400095356999,0.0001996551815467366,1.5381537404415314e-05
7.876400095356999,0.00019308186950103576,1.51546390938842e-05
7.878400095356999,0.0002256676730314335,1.4515894797112528e-05
7.880400095356999,0.00022796048202712257,1.4334456300367435e-05
7.882400095356998,0.0001248536437448712,1.407883046235107e-05
7.884400095356998,0.00019886462255380417,1.4488581859664828e-05
7.886400095356998,0.00021563198841034428,1.4367310936950942e-05
7.888400095356998,0.0002566508886889327,1.4419128298007184e-05
7.8904000953569975,0.0002274202509282009,1.4340769588081376e-05
7.892400095356997,0.0002446307137052988,1.444822713313541e-05
7.894400095356997,0.00023252557811306987,1.3977861376827281e-05
7.896400095356997,0.00019881644740636734,1.3403131560627047e-05
7.898400095356997,0.0001718745578216513,1.3162681963503796e-05
7.900400095356996,0.00020428962629626967,1.4362365607116675e-05
7.902400095356996,0.00018261673444439948,1.3500529857304594e-05
7.904400095356996,0.0001784017124963113,1.2624169383725453e-05
7.906400095356996,0.00017908726764054233,1.270474436798725e-05
7.9084000953569955,0.00024347875412578985,1.3317557195664818e-05
7.910400095356995,0.00024452109343350403,1.4002172167820198e-05
7.912400095356995,0.00023176385010032584,1.4589604266157782e-05
7.914400095356995,0.00019200581492284505,1.4239155982368532e-05
7.916400095356995,0.0002195772234449542,1.3589808968000938e-05
7.918400095356994,0.00021382509187577956,1.2792636149401208e-05
7.920400095356994,0.0002565717231709993,1.2485285528846984e-05
7.922400095356994,0.0002485338521541185,1.2328968227158323e-05
7.924400095356994,0.0002467880746418546,1.2369296929991813e-05
7.9264000953569935,0.00022978847458300183,1.2774503197167877e-05
7.928400095356993,0.0002473297280166764,1.2743178946498586e-05
7.930400095356993,0.00026839827599201493,1.2415585582854329e-05
7.932400095356993,0.0002113383853715173,1.2570604902208034e-05
7.934400095356993,0.0002463801026923375,1.2603463051892702e-05
7.936400095356992,0.00023297934295104015,1.1870047760211843e-05
7.938400095356992,0.00024570386186807463,1.1463971433264725e-05
7.940400095356992,0.00017923924221563582,1.1419524089205021e-05
7.942400095356992,0.00016261616367379826,1.1516324346277566e-05
7.9444000953569915,0.0001697933865045554,1.2342400179364613e-05
7.946400095356991,0.00018109288859191665,1.3256028534155378e-05
7.948400095356991,0.00020462576465321843,1.3137527689122594e-05
7.950400095356991,0.00020908719637379792,1.3129483715083482e-05
7.952400095356991,0.00018138978906307986,1.3169935942284512e-05
7.95440009535699,0.00020106987486756607,1.3306520566727797e-05
7.95640009535699,0.0002137815266925973,1.3355544349933744e-05
7.95840009535699,0.00022621422975703748,1.3633306486744248e-05
7.96040009535699,0.00024717336004449487,1.3727520348356165e-05
7.96240009535699,0.00019081042033325718,1.3625194060358031e-05
7.964400095356989,0.00016813555061843578,1.3779637910719222e-05
7.966400095356989,0.0002018568697871099,1.392976049167674e-05
7.968400095356989,0.00020141476184923682,1.3624158757576802e-05
7.970400095356989,0.0002239789200647337,1.3658203143304592e-05
7.9724000953569885,0.00025104241850690896,1.3612508661966012e-05
7.974400095356988,0.00027334682209737465,1.3848676278743614e-05
7.976400095356988,0.00025488604557943146,1.4542152008962887e-05
7.978400095356988,0.00020465680005751137,1.5104722581595047e-05
7.980400095356988,0.00019879302026312067,1.5042763962074441e-05
7.982400095356987,0.000164002449530809,1.4410202578495892e-05
7.984400095356987,0.00015750916011469628,1.3885352830827568e-05
7.986400095356987,0.00018037144108300866,1.3192438810167773e-05
7.988400095356987,0.00017377264095332044,1.2385459675924308e-05
7.9904000953569865,0.00019724817183574541,1.18097939198535e-05
7.992400095356986,0.0002037447188291413,1.1923787329804865e-05
7.994400095356986,0.0001685262464697477,1.2433940677829108e-05
7.996400095356986,0.00018465332979621934,1.3342383901766004e-05
7.998400095356986,0.0001925988979813853,1.4132359405724213e-05
8.000400095356985,0.00026301977819611456,1.4637625103269468e-05
8.002400095356986,0.00022880698924516676,1.4139745360319878e-05
8.004400095356985,0.00020583931202471607,1.3314618066285402e-05
8.006400095356984,0.0001914292180075222,1.2601838772641565e-05
8.008400095356984,0.00017797413524263877,1.2342900960950598e-05
8.010400095356985,0.00019823497421543024,1.20369976583162e-05
8.012400095356984,0.0001768522458256712,1.1906296000263235e-05
8.014400095356983,0.00015637873774539037,1.2034869101567127e-05
8.016400095356984,0.00017646586588747175,1.2576864736495601e-05
8.018400095356984,0.0001408063127126662,1.3222762680173272e-05
8.020400095356983,0.00011146624495641452,1.3697118570480843e-05
8.022400095356982,0.00018275696756922183,1.3717225586602325e-05
8.024400095356983,0.000246228615715615,1.3391230917993734e-05
8.026400095356983,0.00022172549546301806,1.3247553539581802e-05
8.028400095356982,0.00021639850486735343,1.3842695624072654e-05
8.030400095356981,0.0002376328037592773,1.3276522272093192e-05
8.032400095356982,0.00019383798684519961,1.320833664876695e-05
8.034400095356983,0.00015647098417353918,1.2987682256523806e-05
8.036400095356981,0.00013703854130376586,1.3029504781758846e-05
8.03840009535698,0.00013887571259211523,1.3153769343229252e-05
8.040400095356981,0.00012934571064768927,1.2771201081090857e-05
8.042400095356982,0.00016967998408437185,1.253355590272753e-05
8.04440009535698,0.00015654932308006156,1.2497996283249151e-05
8.04640009535698,0.00015821954415090394,1.2740359544343586e-05
8.04840009535698,0.0001731814622924486,1.3351454453030949e-05
8.05040009535698,0.00015675668568444705,1.3809934649854488e-05
8.05240009535698,0.00017529108220932623,1.4442357620951224e-05
8.054400095356979,0.00020781853815416814,1.5094471327659122e-05
8.05640009535698,0.0001326438520668854,1.4993379075562317e-05
8.05840009535698,0.00013540045449302835,1.4552407233054463e-05
8.060400095356979,0.0001589186134266819,1.4056112114788792e-05
8.062400095356978,0.00019337393974360319,1.3558598541470538e-05
8.064400095356978,0.00016898019795728693,1.2764807289211811e-05
8.066400095356979,0.0001793809437255943,1.2980709349236608e-05
8.068400095356978,0.00017895076832978734,1.4243254222520772e-05
8.070400095356977,0.00018139436066166232,1.4384204958513325e-05
8.072400095356977,0.0001514435432868466,1.5680275041333014e-05
8.074400095356978,0.0002155177191797474,1.5085357846771257e-05
8.076400095356977,0.00020411510034541922,1.469778136581714e-05
8.078400095356976,0.00023627515107221117,1.4302818790431289e-05
8.080400095356977,0.00021763599266306073,1.3918109063044867e-05
8.082400095356977,0.00020476898179725393,1.33473832142692e-05
8.084400095356976,0.00019993411784297618,1.293838032660183e-05
8.086400095356975,0.00019831688601758653,1.298689372122972e-05
8.088400095356976,0.00020510060012270825,1.3602980794815282e-05
8.090400095356976,0.000137984972436129,1.4095090678681067e-05
8.092400095356975,0.00015515347237871223,1.441343105327294e-05
8.094400095356974,0.0001747480357857949,1.4685229107900575e-05
8.096400095356975,0.00022100778191662618,1.4559943067432261e-05
8.098400095356975,0.00022635573412561669,1.445932723060023e-05
8.100400095356974,0.00017621333062565526,1.3763462711366496e-05
8.102400095356973,0.00015404896542765614,1.2987847488782812e-05
8.104400095356974,0.00013459503959039595,1.2405537367766169e-05
8.106400095356975,0.00018323415570764974,1.2259967530238406e-05
8.108400095356973,0.00019581644780491766,1.2342920561572923e-05
8.110400095356972,0.00021904295622447815,1.2778295848658355e-05
8.112400095356973,0.00013577814132308976,1.3534067577917547e-05
8.114400095356974,0.00017709801604900004,1.3352064789782396e-05
8.116400095356973,0.00021353753268976263,1.3039861792005391e-05
8.118400095356971,0.0002508219045671993,1.262821629364008e-05
8.120400095356972,0.00021726467722722883,1.2087476321049085e-05
8.122400095356973,0.00021069296181639178,1.1833000280122098e-05
8.124400095356972,0.00023584188236641226,1.1714929053511162e-05
8.12640009535697,0.00019344255051553406,1.1931009084844427e-05
8.128400095356971,0.00017660171674405048,1.2370079660910493e-05
8.130400095356972,0.00020016515838195778,1.2644800679058268e-05
8.13240009535697,0.00019204461502886943,1.2880473548337432e-05
8.13440009535697,0.00022287432338320286,1.2701072790584188e-05
8.13640009535697,0.0001584678870530163,1.2157142586099736e-05
8.138400095356971,0.00015517704887268687,1.1658036096506476e-05
8.14040009535697,0.00015113468579511515,1.133091309505265e-05
8.142400095356969,0.00018227471687253124,1.1029008970827323e-05
8.14440009535697,0.00017591315949141206,1.1365546159194237e-05
8.14640009535697,0.00019531650943638678,1.2658262712050092e-05
8.148400095356969,0.00015774995129457807,1.3032330765845042e-05
8.150400095356968,0.0001933820830028958,1.3123328695990058e-05
8.152400095356969,0.00018800444525411558,1.2558099668751028e-05
8.15440009535697,0.00016626973598179767,1.2666153150835123e-05
8.156400095356968,0.0001874301931896716,1.177350817051895e-05
8.158400095356967,0.00021760205313220757,1.160189683001461e-05
8.160400095356968,0.00020805056137359625,1.119307199846066e-05
8.162400095356968,0.00016861112578478956,1.1791547188129701e-05
8.164400095356967,0.00017668522416618872,1.2683157831912315e-05
8.166400095356966,0.00014725937748940647,1.2735110903339823e-05
8.168400095356967,0.00014010224728437185,1.2665335731780233e-05
8.170400095356968,0.00017915083291542737,1.2991094580496634e-05
8.172400095356966,0.00015707184424636818,1.2771626130103125e-05
8.174400095356965,0.00013624048030090745,1.2196915846471005e-05
8.176400095356966,0.00015882630512708737,1.1730366191220668e-05
8.178400095356967,0.00012457295153562908,1.1270033376597885e-05
8.180400095356966,0.00011961793429072233,1.122120368257534e-05
8.182400095356964,0.0001303526861771688,1.1192376715287461e-05
8.184400095356965,0.00017445704841576295,1.1534130837174338e-05
8.186400095356966,0.00017812478259555026,1.1766347620250087e-05
8.188400095356965,0.0001500215635858581,1.1786621036889656e-05
8.190400095356964,0.00014524437300165023,1.1647121237667465e-05
8.192400095356964,0.00017695761155623807,1.1543708174949396e-05
8.194400095356965,0.00018780467704691736,1.105409399305836e-05
8.196400095356964,0.00018800493614485502,1.0510868284093153e-05
8.198400095356963,0.00017240214188833322,1.0344679471723948e-05
8.200400095356963,0.00013390913438770494,1.0440645012080463e-05
8.202400095356964,0.00013520239446844512,1.0883106692652142e-05
8.204400095356963,0.00016304784894266886,1.2003210363833271e-05
8.206400095356962,0.0001337072343047565,1.2885433366777527e-05
8.208400095356962,0.00016591133973516183,1.3081280380554554e-05
8.210400095356963,0.0001722016878700461,1.3345297316805251e-05
8.212400095356962,0.0001671855406619457,1.3051456533184682e-05
8.214400095356961,0.00017105070018060155,1.2733902788756193e-05
8.216400095356962,0.00017897447092114725,1.224103438878497e-05
8.218400095356962,0.000156519399384113,1.1994274979150121e-05
8.220400095356961,0.0001678495007628167,1.2168421809303729e-05
8.22240009535696,0.00018281497961649478,1.2741533467295827e-05
8.22440009535696,0.0001779395279703281,1.3284534269022217e-05
8.226400095356961,0.00017099128845153547,1.3455831631464613e-05
8.22840009535696,0.0001628625456339701,1.3107886939088703e-05
8.23040009535696,0.00012657821442435058,1.2591986985307951e-05
8.23240009535696,0.00012914195399502,1.2018982100970636e-05
8.23440009535696,0.00013412499119750353,1.1500083966634342e-05
8.23640009535696,0.00014821913914648012,1.0945527324237381e-05
8.238400095356958,0.0001293405756300488,1.0875186710874646e-05
8.240400095356959,0.00016242445925291395,1.1281516752752924e-05
8.24240009535696,0.00016865379910652268,1.213349172984204e-05
8.244400095356959,0.00015637902927422562,1.2522890550097105e-05
8.246400095356957,0.0001913066776571479,1.2937308570400163e-05
8.248400095356958,0.00016871950046168675,1.3043177794900647e-05
8.250400095356959,0.00010748850534538781,1.305019411720976e-05
8.252400095356958,0.00015264978483145355,1.2656978073804157e-05
8.254400095356957,0.00014571059779958166,1.2233191683664021e-05
8.256400095356957,0.00016885808640686867,1.1981848499969324e-05
8.258400095356958,0.00017651843807360367,1.1948531678267728e-05
8.260400095356957,0.00017778163407078536,1.242694693378205e-05
8.262400095356956,0.0001997201634490988,1.2876692806623406e-05
8.264400095356956,0.00016621077303326224,1.3682483036184282e-05
8.266400095356957,0.00016050860666387264,1.3566517505963418e-05
8.268400095356956,0.00013834194235713614,1.3494619901670379e-05
8.270400095356955,0.00017973068219532824,1.2879908970305562e-05
8.272400095356955,0.00017047435858554802,1.2321585759575386e-05
8.274400095356956,0.00016728983721122254,1.1768358068230641e-05
8.276400095356955,0.00017803550935489775,1.1415202411461068e-05
8.278400095356954,0.00016937673018162865,1.142992028458078e-05
8.280400095356955,0.00014213436878287653,1.2303904839823742e-05
8.282400095356955,0.000172437012163848,1.2403229734372928e-05
8.284400095356954,0.00018213140647728383,1.3163468725874131e-05
8.286400095356953,0.00020931858746372066,1.3491779344044642e-05
8.288400095356954,0.00020274861699494138,1.3542108475280499e-05
8.290400095356954,0.00016858561145708712,1.3335032562474083e-05
8.292400095356953,0.00016639844102171486,1.255296597281281e-05
8.294400095356952,0.00021086151692024127,1.2048491025630746e-05
8.296400095356953,0.00018483000836164436,1.1735646230116796e-05
8.298400095356953,0.00022467480041255124,1.1878111200414349e-05
8.300400095356952,0.00018453198484584874,1.2690872644738583e-05
8.302400095356951,0.00016867265834572714,1.345356359596587e-05
8.304400095356952,0.0001715660566561344,1.4415703033554482e-05
8.306400095356953,0.000197077446282368,1.533349122747191e-05
8.308400095356951,0.00015741954310776943,1.5831599011987136e-05
8.31040009535695,0.00018219803846337382,1.590831981776147e-05
8.312400095356951,0.00014632133429410058,1.5177531140674058e-05
8.314400095356952,0.0001675141228270526,1.4464792615102713e-05
8.31640009535695,0.00014823274928837154,1.3678789094160826e-05
8.31840009535695,0.00017088778517288552,1.3102678710519213e-05
8.32040009535695,0.00018358464754868257,1.3509194200954853e-05
8.32240009535695,0.00017570689924707828,1.4148168832409423e-05
8.32440009535695,0.00016371333407833112,1.4801922822385373e-05
8.326400095356949,0.0001648194843921269,1.5016866167045296e-05
8.32840009535695,0.0001299035003914474,1.490749562355998e-05
8.33040009535695,0.00012019421275649015,1.4325497171405633e-05
8.332400095356949,0.0001610067739241331,1.3589606468464715e-05
8.334400095356948,0.0001532982216128156,1.2828359953172613e-05
8.336400095356948,0.0001909622289967909,1.2143706028967626e-05
8.338400095356949,0.0002123873324053524,1.2090509883538688e-05
8.340400095356948,0.0001379934392850156,1.2791510495978548e-05
8.342400095356947,0.00022934000780602194,1.3541557916023015e-05
8.344400095356947,0.0002011859629938227,1.464814923424372e-05
8.346400095356948,0.00019954903160788516,1.537928429003597e-05
8.348400095356947,0.0002176374933127573,1.568702303364247e-05
8.350400095356946,0.00017535064861081174,1.5516720707066182e-05
8.352400095356947,0.00020268898608979074,1.4846776200750752e-05
8.354400095356947,0.00023037683085340354,1.4447057492703985e-05
8.356400095356946,0.00019468633611750176,1.4200948611849102e-05
8.358400095356945,0.0001432734940871381,1.3787227930333772e-05
8.360400095356946,0.0001593641967951354,1.2894415910688951e-05
8.362400095356946,0.00016711830924450634,1.3670446378483926e-05
8.364400095356945,0.00019280758107539426,1.4467320634217614e-05
8.366400095356944,0.00014159347343925516,1.5140110969204417e-05
8.368400095356945,0.00021064469239462255,1.5518678462573614e-05
8.370400095356946,0.00025710979383283616,1.5366738640748397e-05
8.372400095356944,0.00014532135457147492,1.5001631255185716e-05
8.374400095356943,0.00015458360372621151,1.4405621935165777e-05
8.376400095356944,0.0001745901414893324,1.3747693806507035e-05
8.378400095356945,0.00017282629580180276,1.3760827812514372e-05
8.380400095356944,0.0001915686615328492,1.4010706312677772e-05
8.382400095356942,0.00014734361167308325,1.4880170635308468e-05
8.384400095356943,0.0001289670598201174,1.5558670590715074e-05
8.386400095356944,0.00017505188101099085,1.667803419451885e-05
8.388400095356943,0.00018857179645415578,1.710077099523841e-05
8.390400095356942,0.0002229374633892708,1.6599128041859438e-05
8.392400095356942,0.00024011095647663528,1.5688431779905795e-05
8.394400095356943,0.00022989648573768575,1.4956019214909764e-05
8.396400095356942,0.00021358772078137968,1.4148606665152697e-05
8.39840009535694,0.00018261395298233007,1.3984037157525302e-05
8.400400095356941,0.0001922960261953297,1.3994432553671355e-05
8.402400095356942,0.00021359995238968518,1.4921719540483865e-05
8.40440009535694,0.00024110517414371342,1.5428377448880238e-05
8.40640009535694,0.00026459516360160975,1.6518071015512186e-05
8.40840009535694,0.00017213921762053672,1.7458435184528948e-05
8.410400095356941,0.00018908099471702874,1.733527516753647e-05
8.41240009535694,0.00026087538635216823,1.6875433429683766e-05
8.414400095356939,0.00026747298986582764,1.5901441298209074e-05
8.41640009535694,0.0001949209368245409,1.547206986568447e-05
8.41840009535694,0.0002028921196779102,1.4662669273975881e-05
8.42040009535694,0.00016532079882421234,1.4241429910978163e-05
8.422400095356938,0.000162318070795841,1.5258572801974083e-05
8.424400095356939,0.00018734997745258194,1.541585925467205e-05
8.42640009535694,0.0001753725208006219,1.6118089762922447e-05
8.428400095356938,0.00014056559798929707,1.617138327255461e-05
8.430400095356937,0.0002719269236185741,1.647881605081915e-05
8.432400095356938,0.00023171617698769235,1.645071051906242e-05
8.434400095356938,0.00013595564418798615,1.584839460261332e-05
8.436400095356937,0.00015491994256915738,1.547012710377472e-05
8.438400095356936,0.00017606537998883487,1.4743137426652223e-05
8.440400095356937,0.0001865455591209169,1.4307696267595451e-05
8.442400095356938,0.00021277020725731806,1.4304718391881475e-05
8.444400095356936,0.0001927485725860084,1.4727498486532344e-05
8.446400095356935,0.0001864999533464905,1.5127705417641619e-05
8.448400095356936,0.0001670662208278809,1.5461344668947984e-05
8.450400095356937,0.0001663388667151789,1.5523118263640997e-05
8.452400095356936,0.00016726383419358762,1.5502183471646826e-05
8.454400095356934,0.0001775816947437855,1.4854246636270608e-05
8.456400095356935,0.00016473121176803672,1.4037085183175219e-05
8.458400095356936,0.0001976328935889624,1.3297656394330462e-05
8.460400095356935,0.00016276793578342676,1.3278771288687254e-05
8.462400095356934,0.00018537059001048336,1.3074692257041428e-05
8.464400095356934,0.00019575864237871606,1.384447518472114e-05
8.466400095356935,0.0002162670091273443,1.4540677424038752e-05
8.468400095356934,0.00016631197838010403,1.5253912203170945e-05
8.470400095356933,0.0001229304188005435,1.5700627092853944e-05
8.472400095356933,0.00010255847868637959,1.5338047628250703e-05
8.474400095356934,0.00015573621170766172,1.4997380059291642e-05
8.476400095356933,0.00016555437585421753,1.4349534918276772e-05
8.478400095356932,0.00017698354722423768,1.3680693491268293e-05
8.480400095356933,0.00017361408161148197,1.3482185091845143e-05
8.482400095356933,0.00018076388312242327,1.3846521476948224e-05
8.484400095356932,0.0001947019374390398,1.4662906810560438e-05
8.486400095356931,0.000124231638293065,1.5667342440013274e-05
8.488400095356932,0.00015204696976278798,1.7065192895122784e-05
8.490400095356932,0.0002393670640187562,1.862424390395258e-05
8.492400095356931,0.0002213823576545748,1.9808250213274597e-05
8.49440009535693,0.0002303376706561542,1.906057779227899e-05
8.49640009535693,0.00022562071711605412,1.8023328688005714e-05
8.498400095356931,0.00015886412265382326,1.7359830489365938e-05
8.50040009535693,0.00015267040297483605,1.5878089124001168e-05
8.50240009535693,0.00012505695524682385,1.4784604610811745e-05
8.50440009535693,0.00023654213948499128,1.4783197863145468e-05
8.50640009535693,0.00021309542850936274,1.564486394325316e-05
8.50840009535693,0.0002216640966246808,1.568589120631703e-05
8.510400095356928,0.0002129899340542796,1.6481648516507443e-05
8.512400095356929,0.0001664388228021787,1.6703359237781835e-05
8.51440009535693,0.0001682125697552664,1.6527465329178123e-05
8.516400095356929,0.00011481536381830365,1.626640088929731e-05
8.518400095356927,0.00011150939785829455,1.533326767440271e-05
8.520400095356928,0.00011483157193451129,1.4547981839026944e-05
8.522400095356929,0.00013383487928794266,1.4237352406473011e-05
8.524400095356928,0.0001563603929116845,1.4337771979945885e-05
8.526400095356927,0.00018596295245583633,1.510814773093938e-05
8.528400095356927,0.000192866228651481,1.5884683084057186e-05
8.530400095356928,0.00022372551080930924,1.745417564559133e-05
8.532400095356927,0.0001678839360288528,1.7941692674624605e-05
8.534400095356926,0.0002112184841640075,1.8572021110521447e-05
8.536400095356926,0.0002488554318534692,1.8618910916546715e-05
8.538400095356927,0.00019554794159701703,1.8020788011387825e-05
8.540400095356926,0.00016355407881391544,1.691515328511314e-05
8.542400095356925,0.0001529664944736485,1.6078531567257043e-05
8.544400095356925,0.00014979934340728456,1.5478766697225357e-05
8.546400095356926,0.000178018287330865,1.5240622932823742e-05
8.548400095356925,0.00021131611594985851,1.5593217623030966e-05
8.550400095356924,0.00017900392033101236,1.6248310455418058e-05
8.552400095356925,0.00018700946943194348,1.6857188315515838e-05
8.554400095356925,0.0001712283940744191,1.8017920360377198e-05
8.556400095356924,0.0001784398177952017,1.8474738887005006e-05
8.558400095356923,0.00012820889387965258,1.8606571178601623e-05
8.560400095356924,0.00024007485369186794,1.8367567476019082e-05
8.562400095356924,0.00024647806474126926,1.7516793520105554e-05
8.564400095356923,0.00022979185035123184,1.6622792431077738e-05
8.566400095356922,0.00021841123489380282,1.5547299617131068e-05
8.568400095356923,0.00024693594584955205,1.5484543033950112e-05
8.570400095356923,0.00022127810075817775,1.5634940227993935e-05
8.572400095356922,0.00019052209872072427,1.6425831109512137e-05
8.574400095356921,0.00024746941763890496,1.7233955528824622e-05
8.576400095356922,0.0001666625943217061,1.80544335202903e-05
8.578400095356923,0.00019224460149042368,1.858592560865145e-05
8.580400095356921,0.0001570628247226793,1.8867515166012718e-05
8.58240009535692,0.0001382845744246542,1.819058090767831e-05
8.584400095356921,0.00017220102818641907,1.7289770697627333e-05
8.586400095356922,0.00017027612819430437,1.5617725291372784e-05
8.58840009535692,0.00020948797854174818,1.4713180884390462e-05
8.59040009535692,0.0001694890310167078,1.5195083488812097e-05
8.59240009535692,0.00018600186582255637,1.5691544642567035e-05
8.59440009535692,0.0003017855799345374,1.700179079116123e-05
8.59640009535692,0.00024966617927773513,1.8718723334598435e-05
8.598400095356919,0.0001828387091830125,1.9832740379815703e-05
8.60040009535692,0.00015448768269100708,2.0957249630862435e-05
8.60240009535692,0.00018773984247115493,2.1283111899962884e-05
8.604400095356919,0.00019621868772254258,1.9899778476651364e-05
8.606400095356918,0.00020864644588408824,1.7790848565362783e-05
8.608400095356918,0.00015447963917539987,1.6027838065066662e-05
8.610400095356919,0.00019299025282164937,1.6244220547454237e-05
8.612400095356918,0.0002647286609169901,1.6636659260266554e-05
8.614400095356917,0.00025271099456295615,1.5973869773243128e-05
8.616400095356918,0.0002043626303317093,1.678627622605327e-05
8.618400095356918,0.0001503752578397932,1.7526422774511967e-05
8.620400095356917,0.0001784873064496704,1.841936710594444e-05
8.622400095356916,0.0002423283137301601,1.9000845113079887e-05
8.624400095356917,0.0002468983031524927,1.924122150379961e-05
8.626400095356917,0.0002410708520198832,1.8387319320240096e-05
8.628400095356916,0.0002353817821140206,1.7097189095963272e-05
8.630400095356915,0.00019732409139404326,1.5634481622346964e-05
8.632400095356916,0.000179329254298557,1.4599259452169872e-05
8.634400095356916,0.0001977250600679888,1.4731172467193162e-05
8.636400095356915,0.00013957980723408933,1.5542992344366942e-05
8.638400095356914,0.00015331172448637491,1.6808515059335974e-05
8.640400095356915,0.0001701512468167707,1.8698080811497145e-05
8.642400095356916,0.000187675722840512,2.04641491730993e-05
8.644400095356914,0.00016816133588440013,2.1254061389686954e-05
8.646400095356913,0.00017290889232191936,2.089534921218474e-05
8.648400095356914,0.00011782488304866045,1.9644244557699307e-05
8.650400095356915,0.00020004552265819124,1.8498938961643468e-05
8.652400095356914,0.0002616471570206453,1.764870786312905e-05
8.654400095356912,0.00023195347981140151,1.6434859639302703e-05
8.656400095356913,0.00020245295740712547,1.5837117869177425e-05
8.658400095356914,0.00019982718795276156,1.5665262374170506e-05
8.660400095356913,0.00020243707365168713,1.620864756326187e-05
8.662400095356912,0.0002207058920228973,1.7212607526230837e-05
8.664400095356912,0.00022534429056171018,1.7603934870139283e-05
8.666400095356913,0.00020291964429347868,1.822104407156062e-05
8.668400095356912,0.00023750975688735344,1.823820603991447e-05
8.67040009535691,0.00018870037898849294,1.7965916299376078e-05
8.672400095356911,0.00015004816726425503,9.579608685365572e-06
8.674400095356912,0.00015461437180861595,8.835899446824686e-06
8.676400095356911,0.0001879174391688932,8.391031716432586e-06
8.67840009535691,0.00018288888919738166,8.791713142437435e-06
8.68040009535691,0.00016894143361375775,8.193200350440429e-06
8.682400095356911,0.0001675265739811221,8.615086181172175e-06
8.68440009535691,0.00015624520475155803,9.355627514429375e-06
8.686400095356909,0.0001449534280960743,9.526221930551029e-06
8.68840009535691,0.00017444921735106246,9.99778912244858e-06
8.69040009535691,0.00014690496744773206,9.998153850864694e-06
8.69240009535691,0.00017722092790152294,9.3444849390084e-06
8.694400095356908,0.00016478666410085468,9.276592272538346e-06
8.696400095356909,0.0001661774933323063,9.240852440480963e-06
8.69840009535691,0.00019414848291238117,8.296047204262351e-06
8.700400095356908,0.00017592467536139213,8.237786685663253e-06
8.702400095356907,0.0001467012283587004,8.303349906570578e-06
8.704400095356908,0.00016728649963127605,8.086108439046195e-06
8.706400095356909,0.00014508501510003812,9.13067529934467e-06
8.708400095356907,0.0001411569146431654,9.676622747650863e-06
8.710400095356906,0.00016109741118791528,9.557143718222463e-06
8.712400095356907,0.0001336223561891476,1.0507883462659686e-05
8.714400095356908,0.0001670184048320208,9.763345229503674e-06
8.716400095356907,0.00012444641525790267,9.195898376020313e-06
8.718400095356905,0.00019161999523839584,9.138176292517662e-06
8.720400095356906,0.00018376972787317284,8.17618358279696e-06
8.722400095356907,0.00014516644882975975,8.097703364340192e-06
8.724400095356906,0.0001512919354106137,8.39285901451486e-06
8.726400095356905,0.00015348564313016644,8.212016534525992e-06
8.728400095356905,0.0001674167395584769,8.91806913043042e-06
8.730400095356906,0.00017295538240905115,9.38638215807924e-06
8.732400095356905,0.0001658706143795879,9.389512913094993e-06
8.734400095356904,0.00017278604287671617,9.946587854110392e-06
8.736400095356904,0.00016173020002243404,9.964137211844718e-06
8.738400095356905,0.0001649592384744833,8.898695691358376e-06
8.740400095356904,0.00012820914692654393,9.14090872228699e-06
8.742400095356903,0.0001697524926320137,8.58284323619063e-06
8.744400095356903,0.00017232878576304425,7.86602279922869e-06
8.746400095356904,0.00017245827304618105,8.632465337567429e-06
8.748400095356903,0.00014031464287201758,8.358099771167968e-06
8.750400095356902,0.00014500748501265282,8.524686311542297e-06
8.752400095356903,0.00015173168766617132,9.89317704505346e-06
8.754400095356903,0.0001641013784471456,9.544750554215086e-06
8.756400095356902,0.00011105967740847175,9.633040705596267e-06
8.758400095356901,0.00017558883736533082,1.0164092867637506e-05
8.760400095356902,0.00017286290617682878,8.979092862544651e-06
8.762400095356902,0.00016858368957924175,8.749946298834965e-06
8.764400095356901,0.00014938612856395643,8.851301905101788e-06
8.7664000953569,0.00015085886943261908,7.911414602682433e-06
8.7684000953569,0.0001535400189790375,7.906738028853854e-06
8.770400095356901,0.00016511893757098882,1.0639213545451332e-05
8.7724000953569,0.0001851003840132088,9.907831005406959e-06
8.7744000953569,0.0001305198519145767,1.0734532611019164e-05
8.7764000953569,0.00014104472782210532,1.2308463687290475e-05
8.7784000953569,0.00015624576341082485,1.089227126207001e-05
8.7804000953569,0.00012321851816441185,1.1921404263153816e-05
8.782400095356898,0.00012942187570697618,1.2417134521716603e-05
8.784400095356899,0.0001238779048570815,1.0311419144442565e-05
8.7864000953569,0.00010814647567640731,1.061865128879391e-05
8.788400095356899,0.0001667614984698106,1.0372111528762857e-05
8.790400095356897,0.00013675046221263586,9.124839516976274e-06
8.792400095356898,0.00016550345723348724,1.0564215100645243e-05
8.794400095356899,0.00021605893314314434,1.1255349890271151e-05
8.796400095356898,0.00022602142095097977,1.0443282279935515e-05
8.798400095356897,0.0001835438750798091,1.1096313034896412e-05
8.800400095356897,0.0001985099289456371,1.076938809756428e-05
8.802400095356898,0.000233609529764799,1.0267862482629363e-05
8.804400095356897,0.0002037825970396979,1.1549830573486231e-05
8.806400095356896,0.00015287532416898524,1.0491356329879586e-05
8.808400095356896,0.00015094943759244735,1.0032279980378323e-05
8.810400095356897,0.00014847623822901134,1.021079629310136e-05
8.812400095356896,0.00015400041808791317,9.572974734441511e-06
8.814400095356895,0.00020766977115196158,1.021579380984522e-05
8.816400095356896,0.00022278523181284784,1.0436477485717828e-05
8.818400095356896,0.00015958096272019687,1.0689217878209654e-05
8.820400095356895,0.00016007641697191166,1.1150770911315095e-05
8.822400095356894,0.0001541566487049034,1.1399974667637076e-05
8.824400095356895,0.000178896787690465,1.1425499265261974e-05
8.826400095356895,0.0001638618396695957,1.1366660655615327e-05
8.828400095356894,0.0001670381251528363,1.1008917178058137e-05
8.830400095356893,0.00015317543920489895,1.0517022162323659e-05
8.832400095356894,0.00014184467834987718,1.0167056537230277e-05
8.834400095356894,0.00017323608177327685,1.00083499941805e-05
8.836400095356893,0.00019086136557399088,1.0668818807058485e-05
8.838400095356892,0.00015252388675061372,1.0364658483324387e-05
8.840400095356893,0.00013837839347266895,1.0585381801558242e-05
8.842400095356894,0.0001463867691075456,1.1570447676448383e-05
8.844400095356892,0.00017905837735712456,1.0885173948221785e-05
8.846400095356891,0.00017473452497810733,1.0788595940928388e-05
8.848400095356892,0.00013977662361420426,1.2297800312115006e-05
8.850400095356893,0.00018143835582100208,1.0567803239640683e-05
8.852400095356892,0.00017175564828854071,1.0796637776065232e-05
8.85440009535689,0.00016938082722728521,1.0916225386829517e-05
8.856400095356891,0.0001557111317508847,9.633121649967546e-06
8.858400095356892,0.00020597185134356975,9.97004830396883e-06
8.86040009535689,0.00020581824202038298,1.1229857268155933e-05
8.86240009535689,0.00021267730566418774,1.061293238535409e-05
8.86440009535689,0.00015397732866021983,1.1121352021284439e-05
8.86640009535689,0.00014505404299749831,1.201438342813431e-05
8.86840009535689,0.0002069772824318101,1.1717998293117686e-05
8.870400095356889,0.00017129637289258845,1.29015181779379e-05
8.87240009535689,0.00015401906472422178,1.1925867796327802e-05
8.87440009535689,0.0001752980205838507,1.0418076135964313e-05
8.876400095356889,0.0001890300801365951,1.068671163187496e-05
8.878400095356888,0.0001937300780542761,1.0407263281505859e-05
8.880400095356888,0.00018495652571300287,9.708648248849068e-06
8.88240009535689,0.00016892253855373612,1.0701066951037997e-05
8.884400095356888,0.00015521702755145355,1.0388502895208483e-05
8.886400095356887,0.00018577183653244124,1.0893649226334535e-05
8.888400095356888,0.00014448035507044014,1.1916589018165215e-05
8.890400095356888,0.00013152317405047518,1.1583124656814557e-05
8.892400095356887,0.000145308975692168,1.1662733068308936e-05
8.894400095356886,0.0001613578025097275,1.2107982752256964e-05
8.896400095356887,0.0001791927079985031,1.1598228942244074e-05
8.898400095356887,0.00015432165924874735,1.097501193713689e-05
8.900400095356886,0.0001561658479511925,1.0501373982612641e-05
8.902400095356885,0.0001484827275734302,1.0172276745241732e-05
8.904400095356886,0.00015562530784133687,1.0617812241634595e-05
8.906400095356886,0.00012424899659909357,1.08678256107559e-05
8.908400095356885,0.0001728021580920479,1.1074699669724907e-05
8.910400095356884,0.00015888051241599386,1.1959683675883401e-05
8.912400095356885,0.00015612917826878216,1.2165979616809685e-05
8.914400095356886,0.00014716764586631081,1.2475999574458173e-05
8.916400095356884,0.00010198971399673294,1.3004720899821808e-05
8.918400095356883,0.0001704451479836209,1.2093143818812722e-05
8.920400095356884,0.00012988767165703468,1.1658626725711314e-05
8.922400095356885,0.00016902927823917623,1.1848866270224769e-05
8.924400095356884,0.0001627070518263405,1.0614811589136794e-05
8.926400095356883,0.00016365157617801785,1.021123710058552e-05
8.928400095356883,0.00013678035108489092,1.1024242651881586e-05
8.930400095356884,0.00016856753550008704,1.0716801128996116e-05
8.932400095356883,0.000156007724514695,1.0893844035548993e-05
8.934400095356882,0.00014101724725288959,1.2431774625306304e-05
8.936400095356882,0.0001454683051771704,1.1926218525019874e-05
8.938400095356883,0.00015048378083388104,1.224580743949163e-05
8.940400095356882,0.00014214418243102753,1.3090497516051634e-05
8.94240009535688,0.00015250796541044052,1.1594331037313182e-05
8.944400095356881,0.00013080914271083215,1.151286421787859e-05
8.946400095356882,0.00010200715569442018,1.1865191564017525e-05
8.948400095356881,0.0001302124121016159,1.0197497425720303e-05
8.95040009535688,0.0001603504000891527,1.01715348635121e-05
8.95240009535688,0.00014862670244360682,1.1459667470661338e-05
8.954400095356881,0.0001394217114334918,1.0327084130425143e-05
8.95640009535688,0.00011766850848320584,1.1412443661381159e-05
8.958400095356879,0.00017450949485995468,1.3080818404969912e-05
8.96040009535688,0.00012772981930951982,1.1610208044023661e-05
8.96240009535688,0.00017617786303933048,1.2245884257447003e-05
8.96440009535688,0.00015808303885672832,1.3521541149471667e-05
8.966400095356878,0.0001237714944270676,1.1249867991361212e-05
8.968400095356879,0.00015062144419730313,1.1073045481533123e-05
8.97040009535688,0.00014077740143904444,1.1638239267402343e-05
8.972400095356878,0.00010742046671283084,9.652783965462494e-06
8.974400095356877,0.00013913099639810232,9.560092133223202e-06
8.976400095356878,0.000144153014086489,1.0726546755984194e-05
8.978400095356879,0.00015812296441908012,9.951944177782557e-06
8.980400095356877,0.0001872239673030655,1.0496990798602182e-05
8.982400095356876,0.00014023191840046304,1.2608795808302396e-05
8.984400095356877,0.000163510604926916,1.2473819084013792e-05
8.986400095356878,0.00021228884617093333,1.1944572263034743e-05
8.988400095356877,0.00017134176971325351,1.2682026427709228e-05
8.990400095356875,0.00013912086839125808,1.1917157356669956e-05
8.992400095356876,0.00018944102628956627,1.0776959925198803e-05
8.994400095356877,0.0001807141353895754,1.0890046516110656e-05
8.996400095356876,0.00016047184482335708,1.055777311025933e-05
8.998400095356875,0.0001583839980633719,9.612784624688266e-06
9.000400095356875,0.00019751284437177644,1.020270923900759e-05
9.002400095356876,0.00016486700317538781,1.1292540143521339e-05
9.004400095356875,0.00018401170786916832,1.091239917205254e-05
9.006400095356874,0.0002157706509229481,1.1324047952368564e-05
9.008400095356874,0.00021645483803336776,1.2734546510703224e-05
9.010400095356875,0.0001745206085827029,1.2271780689774627e-05
9.012400095356874,0.00018245324786122274,1.1196115696535039e-05
9.014400095356873,0.00015552371309333625,1.1782409988267914e-05
9.016400095356873,0.00013059365207444194,1.1748094326412222e-05
9.018400095356874,0.00011716574129592367,1.011412459335987e-05
9.020400095356873,0.00011228176540778956,9.769624844731797e-06
9.022400095356872,0.00014349197550927661,1.096547716847198e-05
9.024400095356873,0.0001359399997238604,9.920057626844231e-06
9.026400095356873,0.00012004630517290379,9.458995583961378e-06
9.028400095356872,0.0001015684132395399,1.1358846041433819e-05
9.030400095356871,0.00014208117871987073,1.1131978392497046e-05
9.032400095356872,0.00014339772760322766,1.0262435399676822e-05
9.034400095356872,0.00014614853719250722,1.1936470812739134e-05
9.036400095356871,0.00018048617355884706,1.2091015686761194e-05
9.03840009535687,0.0002494005748778807,1.010401459815875e-05
9.04040009535687,0.00017868642732184846,1.043661610528554e-05
9.042400095356872,0.00016417532477433532,1.1398203178425603e-05
9.04440009535687,0.00012493933578512647,9.512576458490458e-06
9.04640009535687,0.00017966089572372503,9.466827200870053e-06
9.04840009535687,0.00016997915563737246,1.069170472506751e-05
9.05040009535687,0.0001520116392117309,1.040278480165723e-05
9.05240009535687,0.00016897566561213429,1.0327501654315366e-05
9.054400095356868,0.0001596541182447046,1.152856043385296e-05
9.056400095356869,0.00018269581017996606,1.163229281239025e-05
9.05840009535687,0.0001784333124678675,1.0728691999783172e-05
9.060400095356869,0.0001556873021433318,1.1288731274953728e-05
9.062400095356868,0.0001670726033250811,1.1377238119095733e-05
9.064400095356868,0.0001628979637641494,9.690518172091568e-06
9.066400095356869,0.00016831549648557074,9.796706470654455e-06
9.068400095356868,0.0001591585109765918,1.0415159385624949e-05
9.070400095356867,0.00016450325943289125,9.526512171008553e-06
9.072400095356867,0.00014707082280089546,9.56681214822898e-06
9.074400095356868,0.00021352030561161357,1.0320698800382305e-05
9.076400095356867,0.000233581884181658,1.0754153973903156e-05
9.078400095356866,0.00016899307557211358,1.0449277993369475e-05
9.080400095356866,0.00020584205808265443,1.1577290221853722e-05
9.082400095356867,0.0002121415308108712,1.203537136925579e-05
9.084400095356866,0.00015250889374375417,1.126176318048196e-05
9.086400095356865,0.00013414270457387482,1.0450165302875939e-05
9.088400095356866,0.00011083449507412537,1.0722275037008806e-05
9.090400095356866,0.0001421392136049073,1.0612131331906683e-05
9.092400095356865,0.0001894598367912534,9.554033600330463e-06
9.094400095356864,0.00016120344602992638,9.782267764763279e-06
9.096400095356865,0.00016011763789434454,1.0594140582017719e-05
9.098400095356865,0.0001471291240114291,9.85879384370055e-06
9.100400095356864,0.00013251657066990364,1.0310644524731498e-05
9.102400095356863,8.859785928306624e-05,1.0944315488506952e-05
9.104400095356864,0.00010426627219095578,1.1214572207502216e-05
9.106400095356864,0.00010741750822377736,1.0839975497305792e-05
9.108400095356863,0.00012314395767986673,1.0902811764367419e-05
9.110400095356862,0.00012700882466555762,1.0841727073533351e-05
9.112400095356863,0.00018199985107852777,1.0396160886292144e-05
9.114400095356864,0.00020031295269767516,1.000001904777634e-05
9.116400095356862,0.00017053478097588104,9.98003601996687e-06
9.118400095356861,0.00015739200315102115,9.93601727037784e-06
9.120400095356862,0.00017991975830387467,1.0118747787652772e-05
9.122400095356863,0.00014982620310010375,1.007514664520259e-05
9.124400095356862,0.0001746423728031034,1.0620082992689757e-05
9.12640009535686,0.00019282670424502073,1.1345444351444143e-05
9.128400095356861,0.00018966986424170986,1.0915239786361236e-05
9.130400095356862,0.00012942113017290198,1.0922653331706106e-05
9.13240009535686,0.00012492891058072745,1.108661297445864e-05
9.13440009535686,0.00015214359349337886,1.0537606771126034e-05
9.13640009535686,0.0001495590751303365,1.0046489692325625e-05
9.138400095356861,0.00016704316889344284,1.0181621586697972e-05
9.14040009535686,0.00016916470962569238,1.0022779105459577e-05
9.142400095356859,0.00015020545689125263,9.513840666282243e-06
9.14440009535686,0.00016198211349996512,1.0075648341189633e-05
9.14640009535686,0.00016834746059465539,1.0901286467965773e-05
9.148400095356859,0.00016296784461195083,1.0550344896467731e-05
9.150400095356858,0.00015118863245243148,1.0531799659045023e-05
9.152400095356859,0.00017368346626842583,1.1589226750832368e-05
9.15440009535686,0.00016459290523084872,1.127997155256665e-05
9.156400095356858,0.00012623180806721105,1.0124071535319306e-05
9.158400095356857,0.00010878091327824209,1.0870070248236579e-05
9.160400095356858,0.00011664527006061568,1.0676267220171703e-05
9.162400095356858,0.00016261507202330124,9.649519645689595e-06
9.164400095356857,0.00016754764426628888,9.475087357494487e-06
9.166400095356856,0.0001561147977325017,1.026063060883592e-05
9.168400095356857,0.00014260947794808766,1.0039929462613347e-05
9.170400095356857,0.00016182238430889097,9.662773552062823e-06
9.172400095356856,0.00014725782822019298,1.1010394442967229e-05
9.174400095356855,0.0001804854246113758,1.1157415182885869e-05
9.176400095356856,0.0002374220982662398,1.0430520045108657e-05
9.178400095356857,0.0001541159162680628,1.1188917056075745e-05
9.180400095356855,0.00011965181572834023,1.170665390950904e-05
9.182400095356854,0.00015518122565476953,1.0765485324894015e-05
9.184400095356855,0.00018850845206760006,1.0255467188102236e-05
9.186400095356856,0.0001682226359516954,1.0703321415215826e-05
9.188400095356855,0.00018507702950696996,9.983961612804232e-06
9.190400095356853,0.0002077975723993958,9.565714036882656e-06
9.192400095356854,0.00019431773567773534,1.0468734978095687e-05
9.194400095356855,0.00012129098686806638,1.1426368853739292e-05
9.196400095356854,0.00013345930340969025,1.0595272740649424e-05
9.198400095356853,0.00012508382108693378,1.1607270559402406e-05
9.200400095356853,0.00014218661454965513,1.2254278109844517e-05
9.202400095356854,0.00020088439944024466,1.1778048601127691e-05
9.204400095356853,0.00021202715482081176,1.137368460714181e-05
9.206400095356852,0.0001806975286262084,1.1700848680915484e-05
9.208400095356852,0.00019954323825124685,1.1481624096322382e-05
9.210400095356853,0.00018413465386651968,1.0953857796813249e-05
9.212400095356852,0.00014786019024083105,1.0591773528941234e-05
9.21440009535685,0.00017822254200679528,1.0456539171145242e-05
9.216400095356851,0.00016617109505787626,1.0656741800928413e-05
9.218400095356852,0.00015464902056228324,1.1001538345732295e-05
9.220400095356851,0.00015651342681490744,1.1611358371543256e-05
9.22240009535685,0.0001476325527814722,1.1874594962267753e-05
9.22440009535685,0.00013685929203447825,1.2692552575829545e-05
9.226400095356851,0.000167476891223265,1.2722413458157727e-05
9.22840009535685,0.00012952401178845671,1.1973338034832699e-05
9.230400095356849,0.00012847113154418932,1.2386479106360658e-05
9.23240009535685,0.0001540264342471124,1.2234025745708947e-05
9.23440009535685,0.00015570989014929168,1.1021898892655978e-05
9.23640009535685,0.00013904914612729435,1.0387481456471136e-05
9.238400095356848,0.00013348733085672204,1.092369961158943e-05
9.240400095356849,0.00014268849633064873,1.0934834785792406e-05
9.24240009535685,9.365192975494308e-05,9.970083752000246e-06
9.244400095356848,7.151099579626226e-05,1.1153750730380347e-05
9.246400095356847,9.063949411061974e-05,1.2896538942395196e-05
9.248400095356848,8.994041444712704e-05,1.1959004217734179e-05
9.250400095356849,0.00012825725894326912,1.1274896271187796e-05
9.252400095356847,0.0001630311327142766,1.2933691116554722e-05
9.254400095356846,0.00014560861233740515,1.3420991170428951e-05
9.256400095356847,0.00015586208612597085,1.0752125597762474e-05
9.258400095356848,0.00013677639682168228,1.0780425486458671e-05
9.260400095356847,0.00013295804401643727,1.2024855565446897e-05
9.262400095356845,8.675348543345664e-05,1.0399161976285305e-05
9.264400095356846,0.00014606661248982877,9.105085870757763e-06
9.266400095356847,0.00013798124213007683,1.0633848055929424e-05
9.268400095356846,0.00015757833604832186,1.2031310999153446e-05
9.270400095356845,0.0001598545840466582,1.08444722062757e-05
9.272400095356845,0.00021098737591599272,1.0694091463852867e-05
9.274400095356846,0.000214161356007445,1.3057858684881596e-05
9.276400095356845,0.00023017253733836183,1.3642681904728433e-05
9.278400095356844,0.00013513817378640997,1.159994035792158e-05
9.280400095356844,0.00017272630773801766,1.1582677814727375e-05
9.282400095356845,0.0001514260015057087,1.331892337948443e-05
9.284400095356844,0.00011851273847306393,1.204935428978008e-05
9.286400095356843,0.00011551879556685924,1.0428697196510452e-05
9.288400095356844,0.00020910160068134714,1.0799910743871562e-05
9.290400095356844,0.0001781339863878938,1.1305398028450686e-05
9.292400095356843,0.00013473778122257394,1.0708572397740632e-05
9.294400095356842,0.00017963882047721024,1.098652350902522e-05
9.296400095356843,0.00016652040887460792,1.2230366877813878e-05
9.298400095356843,0.00016096433212144077,1.292259904841447e-05
9.300400095356842,0.00013130223178109136,1.2680730161776055e-05
9.302400095356841,0.00012408083209074303,1.2373637483639618e-05
9.304400095356842,0.0001591671817529535,1.26358784475419e-05
9.306400095356842,0.00015085553856209342,1.3310985529237655e-05
9.308400095356841,0.00013581083369024918,1.188125769825079e-05
9.31040009535684,0.00023269358578333914,1.091954685834366e-05
9.31240009535684,0.00017817901950355702,1.0656491842342784e-05
9.314400095356842,0.0001497668910224252,1.1133846760420922e-05
9.31640009535684,0.0001508461725454702,1.0980116928530596e-05
9.31840009535684,0.0001730151227596545,1.0593627226931546e-05
9.32040009535684,0.00016413171955743762,1.1259422340988625e-05
9.32240009535684,0.0001956496657674082,1.3204849410273105e-05
9.32440009535684,0.00016807087979288436,1.3469462433871312e-05
9.326400095356838,0.00018683358441630663,1.2202545574655808e-05
9.32840009535684,0.00019770302926688094,1.2439115691881589e-05
9.33040009535684,0.00019015881978530437,1.3820049374736036e-05
9.332400095356839,0.00021639115775701093,1.2231003665395178e-05
9.334400095356838,0.00015841882157519526,1.0313144875922954e-05
9.336400095356838,0.00013819884097983942,1.0915751340240152e-05
9.338400095356839,0.0001705065480688647,1.1247414900723762e-05
9.340400095356838,0.00018013713191156425,1.0357382539253747e-05
9.342400095356837,0.00015484320525587853,9.638873726666031e-06
9.344400095356837,0.00013384346837129628,1.090300159334925e-05
9.346400095356838,0.00014490284918380387,1.2351362466053306e-05
9.348400095356837,0.00016387461042644563,1.1588300273735531e-05
9.350400095356836,0.000175193907177783,1.0994311500276018e-05
9.352400095356836,0.00017310743960193922,1.2320133409315373e-05
9.354400095356837,0.0002037783082803919,1.2708796220160333e-05
9.356400095356836,0.00019033593637362865,1.1551239368563985e-05
9.358400095356835,0.00015204046598308246,1.0741301170358163e-05
9.360400095356836,0.00015005490793955058,1.1022429729467413e-05
9.362400095356836,0.00013207115001378594,1.1182755663329532e-05
9.364400095356835,0.00013155309557034655,9.818410371772293e-06
9.366400095356834,0.00016560981289157907,9.4535850784811e-06
9.368400095356835,0.00016379395765389975,1.0116812338906392e-05
9.370400095356835,0.0001515495556170006,1.0726077083723175e-05
9.372400095356834,0.00013483501242393951,1.060772858216681e-05
9.374400095356833,0.00015365693470622592,1.0929831466782738e-05
9.376400095356834,0.0001557872692175281,1.1436193500392862e-05
9.378400095356834,0.0001398177567680345,1.1666592430859686e-05
9.380400095356833,0.00015167564247402384,1.141670703820041e-05
9.382400095356832,0.0001523924991213475,1.0871912940449403e-05
9.384400095356833,0.00014005957450826035,1.0333911157746306e-05
9.386400095356834,0.00012954227350050657,1.0195972121109222e-05
9.388400095356833,0.00015337193368440244,9.96715447237844e-06
9.390400095356831,0.00015287567093348264,9.567132749317154e-06
9.392400095356832,0.0001272587957277217,9.297568175728264e-06
9.394400095356833,0.00018403060872009206,9.61283034407393e-06
9.396400095356832,0.00019021140412072825,1.0426617932681098e-05
9.39840009535683,0.00015420222367071052,1.0709209230097603e-05
9.400400095356831,0.00015399167875684614,1.0786614567706617e-05
9.402400095356832,0.0001475194579165338,1.0917838316252915e-05
9.40440009535683,0.00017333420920203637,1.1907466735879508e-05
9.40640009535683,0.00018765210711817637,1.1809863354416077e-05
9.40840009535683,0.00015532307432299924,1.110135456449622e-05
9.410400095356831,0.00018460273000189714,1.014222344759519e-05
9.41240009535683,0.00016277682138619956,1.0014839195384029e-05
9.414400095356829,0.00014965801217696855,9.648017751510353e-06
9.41640009535683,0.0001458427134562627,9.56466454809612e-06
9.41840009535683,0.0001542440858386917,9.302402704453312e-06
9.420400095356829,0.00015726471946797852,9.909206683331402e-06
9.422400095356828,0.00010614076769598316,1.0189619507879995e-05
9.424400095356829,0.0001035210625285985,1.0662724761938938e-05
9.42640009535683,0.00012826309685227166,1.07892260441617e-05
9.428400095356828,0.0001340140129415903,1.1217744383664932e-05
9.430400095356827,0.00011686159763874118,1.1029669129582393e-05
9.432400095356828,8.40768199411245e-05,1.139926402793793e-05
9.434400095356828,5.4897785171846526e-05,1.0246371936511463e-05
9.436400095356827,7.555171580817918e-05,1.0005570320622913e-05
9.438400095356826,8.027704419725804e-05,1.0008242110561203e-05
9.440400095356827,0.0001035810291285859,9.598575509566368e-06
9.442400095356827,8.937532905646926e-05,9.909943672512719e-06
9.444400095356826,0.00011809280029169914,9.326902985214774e-06
9.446400095356825,9.237269280958625e-05,1.0185354593918743e-05
9.448400095356826,9.621527963345193e-05,1.0717505110610708e-05
9.450400095356827,9.068245767695091e-05,1.0959292621821344e-05
9.452400095356825,0.00011464653117964487,1.0404992982150602e-05
9.454400095356824,0.0001584793662183313,1.1690029340941977e-05
9.456400095356825,0.00012100226889746394,1.1518051151785048e-05
9.458400095356826,9.718322584383607e-05,1.0919941662607756e-05
9.460400095356825,8.35172642353293e-05,1.0010273608619269e-05
9.462400095356823,0.00010292088737416799,9.887471948915622e-06
9.464400095356824,0.00011353950191988483,1.0014423659771045e-05
9.466400095356825,9.907906455773143e-05,9.815128002686558e-06
9.468400095356824,0.00013129724685151956,9.252879713240844e-06
9.470400095356823,0.00010901287867347945,9.777059235378636e-06
9.472400095356823,0.0001106268686227413,1.0320458082752892e-05
9.474400095356824,9.257711568902977e-05,1.0363816807864981e-05
9.476400095356823,0.00011035511868567206,1.0595413879755272e-05
9.478400095356822,8.731071908427432e-05,1.1496812018507446e-05
9.480400095356822,7.67013151923129e-05,1.2851881868683664e-05
9.482400095356823,6.970746424234262e-05,1.1399883178384072e-05
9.484400095356822,0.00011372176846862512,1.0013512331396316e-05
9.48640009535682,0.00014276265089325433,1.032265797615775e-05
9.488400095356821,0.00011009239574866305,1.0706439697756051e-05
9.490400095356822,0.00011628004316081363,1.048785089291236e-05
9.492400095356821,0.00012548287989280025,9.149919706273751e-06
9.49440009535682,0.0001612111989248636,9.347163459272373e-06
9.49640009535682,0.00014791571366745435,1.0243118754758072e-05
9.498400095356821,0.0001419399735088103,1.0990789557598264e-05
9.50040009535682,0.00014708960776621942,1.0690135501919273e-05
9.502400095356819,0.00014348634714606478,1.0702723789072356e-05
9.50440009535682,0.0001501909106895309,1.145465927945574e-05
9.50640009535682,0.00013579303347332447,1.178274937564205e-05
9.50840009535682,0.00011479989581167114,1.1653782576820261e-05
9.510400095356818,0.00011123334958674967,1.1603442425550226e-05
9.512400095356819,0.00014137735522887012,1.057858484915014e-05
9.51440009535682,0.00010362321489345399,1.0100966506161467e-05
9.516400095356818,0.00011110795976310602,9.816663669676536e-06
9.518400095356817,0.00011986594190653472,9.897967862545258e-06
9.520400095356818,0.00013332923080426525,9.967670916142717e-06
9.522400095356819,0.0001428977461234927,9.702905589830062e-06
9.524400095356818,0.00013895899052923633,9.766536971228969e-06
9.526400095356816,0.00016163075781398532,1.113122879535807e-05
9.528400095356817,0.00010939333895409548,1.2044359833648392e-05
9.530400095356818,0.0001142310179495016,1.1663853085914396e-05
9.532400095356817,9.937293884575409e-05,1.1019797094036853e-05
9.534400095356816,0.0001306704528059857,1.2224112051415447e-05
9.536400095356816,0.0001278629299417934,1.2212892808688338e-05
9.538400095356817,0.00013180007614573043,1.090793972683078e-05
9.540400095356816,0.00011348896135525026,9.224357120542426e-06
9.542400095356815,0.0001424694415654508,9.351198762634128e-06
9.544400095356815,0.00013081387283319377,1.0744355725122882e-05
9.546400095356816,9.585160058336264e-05,1.1196093387949535e-05
9.548400095356815,0.00012767689110430606,9.832220173665019e-06
9.550400095356814,0.00014755376658647879,9.687342848867749e-06
9.552400095356814,0.0001549465889780357,1.1606373604067729e-05
9.554400095356815,0.00011721134120866468,1.3477564489494199e-05
9.556400095356814,0.00013908669963894697,1.2702232419983006e-05
9.558400095356813,9.700404086545613e-05,1.1006283099005443e-05
9.560400095356814,8.010835018576939e-05,1.1579236505335568e-05
9.562400095356814,0.00012825904817749978,1.3419794381523355e-05
9.564400095356813,0.00013825121122903815,1.2991570850055175e-05
9.566400095356812,0.00018590201929026198,1.0741280806519031e-05
9.568400095356813,0.00013752364148748877,1.0320284838842379e-05
9.570400095356813,0.00012558112778281386,1.0654121558019792e-05
9.572400095356812,0.00012871296035815792,1.0770679337379016e-05
9.574400095356811,9.112975452259298e-05,1.0351478059116214e-05
9.576400095356812,0.0001074447472839479,9.6593337696679e-06
9.578400095356812,0.00011253792364657402,1.056276478206939e-05
9.580400095356811,0.0001565715830131703,1.222624405451428e-05
9.58240009535681,0.00013046596572583702,1.256312691155003e-05
9.584400095356811,0.00015037803224382957,1.2210994048291326e-05
9.586400095356812,0.00010349364136435632,1.1342563214825659e-05
9.58840009535681,0.00011895479086668376,1.1764568688076384e-05
9.59040009535681,0.00010530313997813319,1.1350355689565046e-05
9.59240009535681,6.785136172021193e-05,1.0823056420747395e-05
9.59440009535681,7.14090229352021e-05,1.017007222946933e-05
9.59640009535681,9.866725595203422e-05,9.760871317865294e-06
9.598400095356808,0.0001464444208783441,9.517567569177563e-06
9.60040009535681,0.00015149450242184548,9.195686903966586e-06
9.60240009535681,0.00013370005647047334,9.801908047242804e-06
9.604400095356809,0.00015207459907572147,1.087110159099506e-05
9.606400095356808,0.00013146339860635716,1.1302035457418564e-05
9.608400095356808,0.00011091601992428768,1.0742739598931437e-05
9.610400095356809,0.0001126971268072822,1.1148533466770255e-05
9.612400095356808,0.00010558986350237745,1.2383125779038535e-05
9.614400095356807,9.575525007304727e-05,1.3132274575184706e-05
9.616400095356807,7.795195133503198e-05,1.1995373853829336e-05
9.618400095356808,0.00012312150168604664,1.0186381222727411e-05
9.620400095356807,0.00011511452505929511,9.955736533778676e-06
9.622400095356806,0.00011690694692185268,1.0558313743525419e-05
9.624400095356807,0.00013717310658304624,1.0496597982423372e-05
9.626400095356807,0.00019144990071005483,9.165499650526467e-06
9.628400095356806,0.0001578230101211639,8.758367726697687e-06
9.630400095356805,0.0001387767489665736,9.886481184665506e-06
9.632400095356806,0.00017659975546838817,1.1944182939284294e-05
9.634400095356806,0.0001701792428753701,1.2134137798105804e-05
9.636400095356805,0.0001856480007625609,1.1312803282705892e-05
9.638400095356804,0.00013381864952343608,1.1571448137299352e-05
9.640400095356805,0.00010240896031762502,1.2510237045683584e-05
9.642400095356805,9.082036990297014e-05,1.3103448404944618e-05
9.644400095356804,0.0001230427577070441,1.1867253420667343e-05
9.646400095356803,0.0001408899219259361,1.096766894818462e-05
9.648400095356804,0.00015446328002376815,1.0490635398221505e-05
9.650400095356805,0.00010327603514704056,1.0508521920693021e-05
9.652400095356803,0.00013018154252696226,1.0384525875397315e-05
9.654400095356802,0.0001377660193631889,1.0091359877661563e-05
9.656400095356803,0.00012594972649884788,9.977841983974995e-06
9.658400095356804,0.00014471852201407837,1.1066380721490115e-05
9.660400095356803,0.00014858894274039544,1.2370104544221679e-05
9.662400095356801,0.00017978576875943075,1.2348821814363014e-05
9.664400095356802,0.0001530584712807492,1.2711645281970655e-05
9.666400095356803,0.00017749365220648373,1.2943248922433362e-05
9.668400095356802,0.00011123656425224001,1.3592974565250086e-05
9.6704000953568,0.0001132648942787135,1.3221500167612052e-05
9.672400095356801,0.00013441002950046247,1.2265013335770665e-05
9.674400095356802,0.00014251996061514927,1.2015722906277224e-05
9.6764000953568,0.00011256494209710579,1.1803054734103789e-05
9.6784000953568,0.00014104531436999834,1.1754892354809345e-05
9.6804000953568,0.00012410942839314294,1.1328562896285467e-05
9.682400095356801,0.00012478371907978088,1.060017820231696e-05
9.6844000953568,0.00014118493493511677,1.1587198262796759e-05
9.686400095356799,0.0001199870179516363,1.2620741549824172e-05
9.6884000953568,9.268041608968232e-05,1.3479254613465358e-05
9.6904000953568,0.00013593454624809148,1.3842863682906422e-05
9.692400095356799,9.74150535347336e-05,1.3222944706843452e-05
9.694400095356798,0.00014388825455057246,1.3804070776020929e-05
9.696400095356799,7.397895060175247e-05,1.49580237995728e-05
9.6984000953568,0.00011705193600213513,1.4432257938236413e-05
9.700400095356798,7.38945004173775e-05,1.3422245189800491e-05
9.702400095356797,0.00010804637558413328,1.209156320154325e-05
9.704400095356798,0.00012568110639688104,1.1585545213384473e-05
9.706400095356798,9.668449954850595e-05,1.1788119259351175e-05
9.708400095356797,5.975891238402038e-05,1.1571491437249283e-05
9.710400095356796,8.682374282890205e-05,1.1230503935747848e-05
9.712400095356797,0.00011262389575685431,1.1290681294049461e-05
9.714400095356797,0.00010801863826602675,1.189484520003006e-05
9.716400095356796,0.00012144242329058557,1.3201612830163463e-05
9.718400095356795,0.0001584811963607784,1.4590953127609714e-05
9.720400095356796,0.00013653912106573803,1.3389227711255944e-05
9.722400095356797,0.00011918271305994946,1.3126055530004302e-05
9.724400095356796,0.00013102128575623258,1.3143159288579774e-05
9.726400095356794,0.0001479267297873915,1.2931969534642174e-05
9.728400095356795,0.00013962627554352008,1.2473634277002481e-05
9.730400095356796,0.00012675330804324948,1.1356270633590902e-05
9.732400095356795,8.264870390843347e-05,1.0580709448053598e-05
9.734400095356794,0.00011025037507457178,1.0370684766419572e-05
9.736400095356794,0.00010894816172443637,1.0542981505272536e-05
9.738400095356795,0.00013787952078634229,1.0426573090878716e-05
9.740400095356794,0.00016803353800425873,1.061376385174162e-05
9.742400095356793,0.00010739940906808037,1.1175737218002652e-05
9.744400095356793,0.00010540356101926892,1.263094687674373e-05
9.746400095356794,0.00013275176618434835,1.2091509560001576e-05
9.748400095356793,0.00015122612561404235,1.2195323982162368e-05
9.750400095356792,0.0001544417691760001,1.2799685931401899e-05
9.752400095356792,0.0001456079279110897,1.3244265110418348e-05
9.754400095356793,0.0001367585854625282,1.2428640334083929e-05
9.756400095356792,0.0001516295743638871,1.1255264431318923e-05
9.75840009535679,0.0001152368255791291,1.1132544044028216e-05
9.760400095356792,0.00016562295418077452,1.052714986181418e-05
9.762400095356792,0.0001319004934704398,1.0959328476601545e-05
9.764400095356791,0.00011228783453894913,1.1540383671270222e-05
9.76640009535679,5.284572660503829e-05,1.1166584252043565e-05
9.76840009535679,9.42501085363314e-05,1.1254252497644581e-05
9.770400095356791,0.00015311266900317402,1.1752851840572759e-05
9.77240009535679,0.00016965402044004347,1.3064972713083194e-05
9.774400095356789,7.691088672190159e-05,1.4630494912619588e-05
9.77640009535679,8.729515160494402e-05,1.4785980642493522e-05
9.77840009535679,0.00011813890234528088,1.4643457943484976e-05
9.78040009535679,8.636290355011098e-05,1.360679521548177e-05
9.782400095356788,0.000147450249872532,1.3422822945842454e-05
9.784400095356789,0.00010194393260347273,1.387455836594339e-05
9.78640009535679,9.973720586084712e-05,1.4372043386253865e-05
9.788400095356788,0.00013415259760987412,1.3519251254925113e-05
9.790400095356787,0.0001249221419766552,1.248869996169053e-05
9.792400095356788,0.00012278584522157614,1.1456947774204442e-05
9.794400095356789,0.00013957689180302399,1.20174708136705e-05
9.796400095356788,0.00017898420749218587,1.2730378944736621e-05
9.798400095356786,0.00014257066735118865,1.4234516022523722e-05
9.800400095356787,0.00011827853893787185,1.4976441654884912e-05
9.802400095356788,0.00012775473874094222,1.4034576870317789e-05
9.804400095356787,0.00010711244661393446,1.3620248511947516e-05
9.806400095356786,0.00010318624762959447,1.3668567197331839e-05
9.808400095356786,0.00011655367663945656,1.4053523674768633e-05
9.810400095356787,7.669557716930215e-05,1.535740974145159e-05
9.812400095356786,0.00014173789161946315,1.3878496611521645e-05
9.814400095356785,0.00013616283669800691,1.2110898152238496e-05
9.816400095356785,0.0001364230782509292,1.0832806157979367e-05
9.818400095356786,0.000129637734198587,1.0252852256108518e-05
9.820400095356785,0.00012551926686433227,1.0769107743991912e-05
9.822400095356784,0.00012813392830029473,1.2230743164424303e-05
9.824400095356784,0.0001026949417169815,1.2875919535203941e-05
9.826400095356785,0.00011719637384445997,1.232873894452694e-05
9.828400095356784,0.00014426184532869826,1.1724185457061746e-05
9.830400095356783,0.00015887294669851478,1.1926334671437145e-05
9.832400095356784,0.00012827694202655334,1.3149648264832486e-05
9.834400095356784,0.00013756258932148618,1.4719868017335593e-05
9.836400095356783,0.00016518648172579323,1.4711315792456562e-05
9.838400095356782,0.00023177487411210217,1.3295599998200716e-05
9.840400095356783,0.00019266998079184202,1.1637261038256592e-05
9.842400095356783,0.00017057485687536027,1.1357373921265317e-05
9.844400095356782,0.00018347142257466915,1.1867711485297937e-05
9.846400095356781,0.0001308724102512623,1.3063456738437693e-05
9.848400095356782,0.0001279665632120135,1.3447481031847703e-05
9.850400095356783,0.0001211904036516015,1.3169086712611204e-05
9.852400095356781,0.00013460058577050943,1.2954593876091069e-05
9.85440009535678,9.07347967662307e-05,1.3619351041929828e-05
9.856400095356781,8.49556991127526e-05,1.5271085426566666e-05
9.858400095356782,8.866177485249094e-05,1.6571281600375902e-05
9.86040009535678,9.004542571411176e-05,1.690667317124095e-05
9.86240009535678,9.290024858480955e-05,1.7567590673710796e-05
9.86440009535678,6.635540703515074e-05,1.7286575992145913e-05
9.86640009535678,8.541758497343215e-05,1.6822391368557817e-05
9.86840009535678,0.00010506061572589437,1.6245922115616436e-05
9.870400095356779,0.00010400243020985191,1.5151394827250639e-05
9.87240009535678,0.000201407887287207,1.496988432959539e-05
9.87440009535678,0.00014064804873506454,1.4385527542722766e-05
9.876400095356779,0.00012215010727796,1.4019272741167383e-05
9.878400095356778,0.0001503863761741895,1.407592583996057e-05
9.880400095356778,0.00013064011414385036,1.4085981053678507e-05
9.882400095356779,0.00011551831837934218,1.3984138304669265e-05
9.884400095356778,0.0001138965078793237,1.3727624985374588e-05
9.886400095356777,0.00017263219989062896,1.4120996944786834e-05
9.888400095356777,0.00020205698794987533,1.545178498616222e-05
9.890400095356778,0.00014279223082563685,1.6207758543765028e-05
9.892400095356777,0.00014254901922027983,1.5607965770787525e-05
9.894400095356776,0.00013595772227412752,1.481102760988633e-05
9.896400095356777,0.00017532194658539615,1.3550645890225131e-05
9.898400095356777,0.0001266538352189794,1.2864974342629935e-05
9.900400095356776,0.00011091788170524469,1.3041319623542095e-05
9.902400095356775,0.00012126866851485441,1.3600377154399051e-05
9.904400095356776,0.00011744396209770006,1.3557018957515608e-05
9.906400095356776,8.934663096908904e-05,1.302212693539941e-05
9.908400095356775,0.00012277318848622496,1.3086148327441853e-05
9.910400095356774,9.261598583335543e-05,1.3738243314918145e-05
9.912400095356775,9.087103028688271e-05,1.5176550292719387e-05
9.914400095356775,0.0001075563719066075,1.748887775940639e-05
9.916400095356774,0.00011771149351298655,1.9045477851214e-05
9.918400095356773,0.00012392243908949398,1.8112564637535534e-05
9.920400095356774,0.00016323916228989615,1.7781164057322416e-05
9.922400095356775,0.00011195121891957142,1.9380245724270068e-05
9.924400095356773,7.228964654839e-05,2.0306503669963438e-05
9.926400095356772,0.00018554042306700503,1.8353731549373862e-05
9.928400095356773,0.00011967581608420928,1.5866633229219847e-05
9.930400095356774,6.0939805064362655e-05,1.4888806716036583e-05
9.932400095356773,0.00010821831398334923,1.3386882326358697e-05
9.934400095356771,0.00012100708040946351,1.260808270090232e-05
9.936400095356772,0.00011289124617503052,1.40591201739762e-05
9.938400095356773,0.00015863408964003026,1.6170841234985845e-05
9.940400095356772,0.00013707898530508663,1.5003265704517567e-05
9.94240009535677,0.00014802848270518566,1.4309767583681139e-05
9.944400095356771,0.00014919992202142428,1.4426995080439899e-05
9.946400095356772,9.901391270344736e-05,1.4968004406325886e-05
9.94840009535677,8.46205699484378e-05,1.5383442413553276e-05
9.95040009535677,0.00015433194544364127,1.6708427348096343e-05
9.95240009535677,9.409275994906457e-05,1.644893398628226e-05
9.954400095356771,0.00017299254448363484,1.4773249766437239e-05
9.95640009535677,0.00020825368868694985,1.3435458757803871e-05
9.958400095356769,0.00020151184450935625,1.2790948561851214e-05
9.96040009535677,0.0001446664967007689,1.3051356235216704e-05
9.96240009535677,0.00019019069180071154,1.3770536079383238e-05
9.964400095356769,0.0002134708719312162,1.4357394087281678e-05
9.966400095356768,0.0001414504076484893,1.4177378477389923e-05
9.968400095356769,0.00015523157857332085,1.4046239597825566e-05
9.97040009535677,9.30256299426509e-05,1.4311347356343723e-05
9.972400095356768,6.574302780259445e-05,1.566618466054325e-05
9.974400095356767,8.651170385483828e-05,1.855259252389396e-05
9.976400095356768,0.0001250567550651506,1.9546600566961835e-05
9.978400095356768,6.24890941022258e-05,1.9176141003368484e-05
9.980400095356767,4.2005633873153045e-05,1.7453932970623626e-05
9.982400095356766,5.2246094914829354e-05,1.5482790977916725e-05
9.984400095356767,5.935245048646979e-05,1.4738270655847767e-05
9.986400095356768,7.638722106397389e-05,1.3860538557452194e-05
9.988400095356766,7.778954389081411e-05,1.3822357365810764e-05
9.990400095356765,0.00012650526143712757,1.3969076941858934e-05
9.992400095356766,0.00011362470337837851,1.3506815681334262e-05
9.994400095356767,0.00010083002835600851,1.231097721871912e-05
9.996400095356766,7.252867332913532e-05,1.1710893652707627e-05
9.998400095356764,0.00010496016373752988,1.2171104579422434e-05
10.000400095356765,6.883357360791886e-05,1.415946589866339e-05
10.002400095356766,7.173837811563176e-05,1.698658034136855e-05
10.004400095356765,0.0001218305895108254,1.8533995063251483e-05
10.006400095356764,0.00013996713931282442,1.8776550458991517e-05
10.008400095356764,9.010902512400342e-05,1.8421080199515867e-05
10.010400095356765,8.867987425988264e-05,1.7375452190487998e-05
10.012400095356764,0.00011034473288587513,9.803677557418142e-06
10.014400095356763,5.8231959848846745e-05,9.52298600982816e-06
10.016400095356763,0.00011010693854487511,9.25044806604865e-06
10.018400095356764,0.0001351635839268078,8.960526869663143e-06
10.020400095356763,0.00011145514251610709,8.826728884100911e-06
10.022400095356762,0.00011768187362813617,8.319864746554922e-06
10.024400095356762,0.00011270940049332598,8.65610150615194e-06
10.026400095356763,0.00011792852275889486,8.67605597224901e-06
10.028400095356762,0.00010219660435968308,9.12666999897576e-06
10.030400095356761,7.885333199672143e-05,9.138437018952967e-06
10.032400095356762,0.0001016451477064907,9.834676647238727e-06
10.034400095356762,0.00012966850725587144,9.822001437817632e-06
10.036400095356761,0.00011997712800672145,1.0378355762879745e-05
10.03840009535676,0.00013178134691042782,1.027273538183215e-05
10.04040009535676,0.00016487300364299084,1.074202314078565e-05
10.042400095356761,0.0001504372263108399,1.0098062741485822e-05
10.04440009535676,0.00013637784678885613,1.0255750534423874e-05
10.04640009535676,0.00012706218949548454,9.429610149152838e-06
10.04840009535676,0.00010382011628517185,9.467647672033185e-06
10.05040009535676,7.945874600033907e-05,8.73173080331819e-06
10.05240009535676,0.00010945082333516936,9.049860851370784e-06
10.054400095356758,9.765153395763736e-05,9.325370020711995e-06
10.056400095356759,8.339982932296454e-05,9.85299910683995e-06
10.05840009535676,8.891192617715922e-05,9.642530025506437e-06
10.060400095356758,9.0380894695326e-05,1.0332630140877898e-05
10.062400095356757,0.00013058949760616186,9.742431331049742e-06
10.064400095356758,0.00012484696698264973,1.0295700263085254e-05
10.066400095356759,8.636900468263775e-05,9.718097113512658e-06
10.068400095356758,8.244340663963063e-05,1.0152811542385717e-05
10.070400095356757,0.00013573770271553515,9.580985896207534e-06
10.072400095356757,0.00012248044207202323,1.008255847339878e-05
10.074400095356758,7.2520322809997e-05,9.425436309313401e-06
10.076400095356757,0.00010279563843739936,9.517648596773676e-06
10.078400095356756,9.789705537761278e-05,8.674655446865442e-06
10.080400095356756,9.822693128240294e-05,8.637976602723905e-06
10.082400095356757,8.905140674901022e-05,8.2702131241935e-06
10.084400095356756,7.448837919395154e-05,8.591599660242484e-06
10.086400095356755,8.76506625484181e-05,8.858785985737118e-06
10.088400095356755,8.605788958464547e-05,9.686651831549874e-06
10.090400095356756,7.804264387607509e-05,9.955920010569847e-06
10.092400095356755,0.00010189772758128318,1.068153425326315e-05
10.094400095356754,0.00012456841887686218,1.1056086226901769e-05
10.096400095356755,0.00011897956129233326,1.1045362811165305e-05
10.098400095356755,0.00010247130867763891,1.0689784620474489e-05
10.100400095356754,9.701814270747915e-05,9.888289609921342e-06
10.102400095356753,0.00013770722613496109,9.853547845331219e-06
10.104400095356754,0.00012657332367627258,9.05589907459917e-06
10.106400095356754,0.00014262786106873288,9.194790342563619e-06
10.108400095356753,0.00011590603755858906,8.709756431136913e-06
10.110400095356752,0.00010639094228500918,8.77587061819998e-06
10.112400095356753,0.00011956648457566251,8.343801062907732e-06
10.114400095356753,0.00011448839463883953,8.896954728383422e-06
10.116400095356752,0.00011655749181387018,8.726431941992056e-06
10.118400095356751,0.00011496882496629633,9.655178636655102e-06
10.120400095356752,0.00014161871180950298,9.539416507532727e-06
10.122400095356753,0.00015258216798319206,1.0197386165276863e-05
10.124400095356751,0.00011141321022236897,1.0112750178685186e-05
10.12640009535675,0.00012082856375038099,1.0929943847724105e-05
10.128400095356751,0.00010312577362672425,1.05049049669752e-05
10.130400095356752,5.533610532559641e-05,1.1347991674682353e-05
10.13240009535675,8.895316439579463e-05,1.1643921454488489e-05
10.13440009535675,9.59120234060919e-05,1.2503465538513665e-05
10.13640009535675,0.00010630207451389276,1.0983489405235784e-05
10.13840009535675,9.46530374561907e-05,1.1837738401624813e-05
10.14040009535675,0.00014006440557590011,1.0425850812129304e-05
10.142400095356749,0.00017608101391992356,1.190357960921029e-05
10.14440009535675,0.0001188572375749682,1.0803509203577332e-05
10.14640009535675,6.91347788590747e-05,1.2330654119063635e-05
10.148400095356749,8.663917739493318e-05,1.0910877035610566e-05
10.150400095356748,9.438829748109671e-05,1.2388870409101905e-05
10.152400095356748,9.297668494331158e-05,1.1321931937212307e-05
10.154400095356749,0.00010881695037002014,1.274498813378519e-05
10.156400095356748,0.00014748416634207613,1.140542650044057e-05
10.158400095356747,0.00012150190874231107,1.2360666751234492e-05
10.160400095356747,0.0001220053256879307,1.111976365020141e-05
10.162400095356748,0.00012842725319338544,1.2056554150195628e-05
10.164400095356747,0.00015210417386272445,1.0752218854569761e-05
10.166400095356746,0.00017866477425794116,1.1438257068213238e-05
10.168400095356747,0.00017488351599845422,1.0367974683626853e-05
10.170400095356747,0.0001249130506620368,1.1185502770793835e-05
10.172400095356746,0.0001093011038141982,1.0573711708552832e-05
10.174400095356745,0.00015162913857632115,1.189884957704465e-05
10.176400095356746,0.00011940327707857025,1.120322510600882e-05
10.178400095356746,0.0001268203727676632,1.2660182177341554e-05
10.180400095356745,0.00011275904833559461,1.207672880938029e-05
10.182400095356744,0.0001526488988227848,1.3344274910398382e-05
10.184400095356745,0.00016034060393126708,1.252699283622803e-05
10.186400095356746,0.00012859883074390341,1.3236436644498929e-05
10.188400095356744,9.816326490831402e-05,1.2086693187991055e-05
10.190400095356743,0.00011235654455195887,1.2216057653071805e-05
10.192400095356744,0.00011960445589299278,1.1160962759139321e-05
10.194400095356745,0.0001143811653779084,1.1272452126340242e-05
10.196400095356744,8.240122567919072e-05,1.0325347893777166e-05
10.198400095356742,0.00011911605820723146,1.0397631935327721e-05
10.200400095356743,0.00013645902623356373,9.785684729404325e-06
10.202400095356744,0.00013114687440374565,1.0316552727182086e-05
10.204400095356743,0.00012572626088857585,1.0268951439274462e-05
10.206400095356742,0.00010491561782394345,1.0608199325359665e-05
10.208400095356742,9.29385958411958e-05,1.064149984532841e-05
10.210400095356743,7.547579860372279e-05,1.0950588192243864e-05
10.212400095356742,9.84045590556827e-05,1.1329772177654025e-05
10.21440009535674,0.0001201161752227961,1.149905399879816e-05
10.216400095356741,0.00013931937753917944,1.1591710253389645e-05
10.218400095356742,7.366502225214866e-05,1.171514311377754e-05
10.22040009535674,7.836545652205516e-05,1.1904400972137414e-05
10.22240009535674,0.00010824701601533712,1.1243591888619663e-05
10.22440009535674,0.00010326909668080823,1.1264219884893995e-05
10.226400095356741,0.00011731843704152277,1.0814692579620368e-05
10.22840009535674,9.541977635376243e-05,1.118031452925701e-05
10.230400095356739,0.0001342881610788586,1.0426381736543268e-05
10.23240009535674,0.00014270828167035953,1.0894749928014301e-05
10.23440009535674,0.00011391896004150882,1.0546098109528179e-05
10.23640009535674,7.68524372599521e-05,1.1072046511320494e-05
10.238400095356738,9.519459487244774e-05,1.0580692278443643e-05
10.240400095356739,0.00011207346048167851,1.1710958409587129e-05
10.24240009535674,0.0001385515256027685,1.1204688183333748e-05
10.244400095356738,0.000106372497854045,1.1895556348431516e-05
10.246400095356737,0.00011951228000744066,1.085537260735141e-05
10.248400095356738,8.078970660355398e-05,1.1801098683788754e-05
10.250400095356738,0.00011235418993906345,1.0506335031689527e-05
10.252400095356737,0.00014781569149211808,1.11996183305968e-05
10.254400095356736,0.00014579350114005588,1.019346453822483e-05
10.256400095356737,0.00012767274548978737,1.119034551939309e-05
10.258400095356738,0.00015353256764250812,1.0812727405631257e-05
10.260400095356736,0.00010085025565476041,1.1689047795959359e-05
10.262400095356735,8.928979612883432e-05,1.0650108050361533e-05
10.264400095356736,9.991753714985866e-05,1.1394555814233332e-05
10.266400095356737,0.00010124656969654595,1.1198702104423213e-05
10.268400095356736,8.288591287994888e-05,1.1928771091169016e-05
10.270400095356734,8.722238914970328e-05,1.191288447351648e-05
10.272400095356735,3.810376999602683e-05,1.2692114743415608e-05
10.274400095356736,-2.2553392114834105e-05,1.2842922742127473e-05
10.276400095356735,-1.4987922387127658e-05,1.274803801068962e-05
10.278400095356734,7.098331868641697e-05,1.2158613960359794e-05
10.280400095356734,3.636240904314498e-05,1.222216354171728e-05
10.282400095356735,3.596374707130458e-05,1.1710829259338364e-05
10.284400095356734,6.927631811707198e-05,1.1320984664956371e-05
10.286400095356733,9.950557164158211e-05,1.075464541569499e-05
10.288400095356733,6.598307876382623e-05,1.0924751941082736e-05
10.290400095356734,9.577988302807496e-05,1.0057191008258686e-05
10.292400095356733,0.00011307272667516262,1.035521769909445e-05
10.294400095356732,0.00011988947166846294,1.0007027489173556e-05
10.296400095356733,0.00010182010312253074,1.0588901006358684e-05
10.298400095356733,7.862745433421568e-05,1.018872888357159e-05
10.300400095356732,0.0001522746059973363,1.0779665067518225e-05
10.302400095356731,0.00017738576688411273,1.0808086215077467e-05
10.304400095356732,0.0001734169117809104,1.0828204079601583e-05
10.306400095356732,0.00011284441955356484,1.0884311686260663e-05
10.308400095356731,0.00010656482584084222,1.0895402512180574e-05
10.31040009535673,9.928603754219469e-05,1.0984240805961368e-05
10.31240009535673,9.452688758872261e-05,1.0696565116439796e-05
10.314400095356731,8.871999718448241e-05,1.0837532962315316e-05
10.31640009535673,5.7063688090193546e-05,1.0115793242165163e-05
10.31840009535673,7.431599375810603e-05,1.061073624144963e-05
10.32040009535673,9.244685927296921e-05,1.0077374313236043e-05
10.32240009535673,0.00014101939450732257,1.1137015819612749e-05
10.32440009535673,0.00016924832511722927,1.0225705360880731e-05
10.326400095356728,0.00015281425925942359,1.1462323665396052e-05
10.328400095356729,0.00010497330310547393,1.0465646209559532e-05
10.33040009535673,9.444709260084791e-05,1.1748954012692636e-05
10.332400095356729,6.289911137359104e-05,1.0749576282611568e-05
10.334400095356727,8.754195729460986e-05,1.2099937990892835e-05
10.336400095356728,0.00010622941510700145,1.1169789604930329e-05
10.338400095356729,0.00011050599287006654,1.2430916885312565e-05
10.340400095356728,8.3928898608589e-05,1.1199439223387579e-05
10.342400095356727,7.706564187506916e-05,1.18898452971241e-05
10.344400095356727,6.191108261343105e-05,1.0648741038875415e-05
10.346400095356728,0.00010715676705899392,1.1182498959526068e-05
10.348400095356727,0.00010240910979905842,9.700675882251127e-06
10.350400095356726,9.249279293886486e-05,1.0575597428182445e-05
10.352400095356726,0.00010636507301393374,9.448439411395638e-06
10.354400095356727,7.895910396217614e-05,1.0415185789558762e-05
10.356400095356726,4.1896854061496275e-05,9.31408296271937e-06
10.358400095356725,7.175069053908886e-05,1.085286500053305e-05
10.360400095356725,7.415702387243524e-05,9.686312636079605e-06
10.362400095356726,7.308751969096133e-05,1.1305407400579451e-05
10.364400095356725,6.328090654497512e-05,1.0157427261070719e-05
10.366400095356724,9.12693284988002e-05,1.1720454534167474e-05
10.368400095356725,0.00012825460031339075,1.0690768839988977e-05
10.370400095356725,0.00011628552181575477,1.1820308473657688e-05
10.372400095356724,0.00010484873337495597,1.1040573691408883e-05
10.374400095356723,0.00012076553751583302,1.1574784217853585e-05
10.376400095356724,0.0001396461623325502,1.0916809309873536e-05
10.378400095356724,0.00012128361309868246,1.0997082880350139e-05
10.380400095356723,9.692655456015585e-05,1.0588585104138713e-05
10.382400095356722,0.00011066650943864596,1.021342784000209e-05
10.384400095356723,9.156404776055889e-05,1.0625829746002256e-05
10.386400095356723,0.00016286449156187443,9.892672540659136e-06
10.388400095356722,0.00015088055077743735,1.0842287508867024e-05
10.390400095356721,0.00015602704679718862,1.0086380097215419e-05
10.392400095356722,0.0001258551279878945,1.1468229010367813e-05
10.394400095356723,0.00011729689637177128,1.0668339716628304e-05
10.396400095356721,9.806602914998484e-05,1.2267124220416196e-05
10.39840009535672,0.00010868710258953547,1.122017100670437e-05
10.400400095356721,6.650227909947784e-05,1.2102267690374746e-05
10.402400095356722,8.149437769237387e-05,1.1378089047048252e-05
10.40440009535672,5.743805166469695e-05,1.1976078825379292e-05
10.40640009535672,9.153661115845105e-05,1.11430091571981e-05
10.40840009535672,0.00011249078500901825,1.1533534348466455e-05
10.41040009535672,9.563683756809752e-05,1.0486470305278828e-05
10.41240009535672,5.510946535887649e-05,1.0572153867512288e-05
10.414400095356719,7.87419687496812e-05,9.923533505909223e-06
10.41640009535672,0.00012457404579794366,1.0046316333354036e-05
10.41840009535672,0.00014892701160897176,1.0005676809483588e-05
10.420400095356719,0.00012079169493063374,9.962487205206294e-06
10.422400095356718,9.15652360172696e-05,1.0264146142039544e-05
10.424400095356718,5.813985387655138e-05,1.0344026218719788e-05
10.426400095356719,7.818886556168713e-05,1.1376008896822487e-05
10.428400095356718,7.871768935188418e-05,1.0937080226399926e-05
10.430400095356717,0.00010862412849028611,1.2011432124087261e-05
10.432400095356718,8.288414116534217e-05,1.1097054128168038e-05
10.434400095356718,7.348156095977708e-05,1.276082973982797e-05
10.436400095356717,0.0001052412925410787,1.1232828404256122e-05
10.438400095356716,0.00011000549607349275,1.222987965358848e-05
10.440400095356717,0.0001358273743168149,1.0712339403230566e-05
10.442400095356717,0.00014942503412659783,1.144096132255044e-05
10.444400095356716,0.00013502244079035462,1.020209046603795e-05
10.446400095356715,8.71128386471808e-05,1.0467570333694919e-05
10.448400095356716,9.460026244897706e-05,1.0313804907659565e-05
10.450400095356716,9.36762603880957e-05,1.0340587308365712e-05
10.452400095356715,0.00011259653872361093,1.0945556368152198e-05
10.454400095356714,0.00011849246119344107,1.0563312795334197e-05
10.456400095356715,0.00010919854795325325,1.2069862066853048e-05
10.458400095356716,0.00013604611961389582,1.1194513792427172e-05
10.460400095356714,0.00011187084214172274,1.3122983731984382e-05
10.462400095356713,0.0001305340764809388,1.2051863863474563e-05
10.464400095356714,0.00012300712675451027,1.313456137535668e-05
10.466400095356715,0.0001301902120560157,1.1827125884326906e-05
10.468400095356714,0.0001356724307861081,1.2798875886886971e-05
10.470400095356712,0.00014297984071357084,1.1428836790733096e-05
10.472400095356713,0.00018343929245563263,1.1769992684274617e-05
10.474400095356714,0.00017544449696763623,1.0503708348944477e-05
10.476400095356713,0.0001690135434393196,1.0518328878448063e-05
10.478400095356712,0.00012370598083346837,9.822904791028992e-06
10.480400095356712,0.00011144884094481558,9.82685848936322e-06
10.482400095356713,0.0001174789977258266,9.637379730837247e-06
10.484400095356712,0.00011836785053114986,9.886830209944655e-06
10.48640009535671,9.95966326245746e-05,1.0424444875475138e-05
10.488400095356711,8.372634369447379e-05,1.077356215848091e-05
10.490400095356712,7.908698908142834e-05,1.1145213110926176e-05
10.492400095356711,8.350526233870543e-05,1.1151494036620394e-05
10.49440009535671,8.215479581682882e-05,1.2068429222510284e-05
10.49640009535671,7.728928188975803e-05,1.1475793900212143e-05
10.498400095356711,0.00012611670343422993,1.2222879668447457e-05
10.50040009535671,9.76426078643717e-05,1.1194172255253847e-05
10.502400095356709,0.00012881556472354598,1.1996979584885715e-05
10.50440009535671,8.55371506800695e-05,1.1494323058624059e-05
10.50640009535671,8.756336875708295e-05,1.1523090973721035e-05
10.50840009535671,6.946248006088733e-05,1.0608632537872702e-05
10.510400095356708,6.441555174672718e-05,9.912873192456332e-06
10.512400095356709,7.308831068685408e-05,1.0343298125054094e-05
10.51440009535671,6.439839454485075e-05,9.435198796370586e-06
10.516400095356708,7.340081551826554e-05,1.0378654046868168e-05
10.518400095356707,8.138624810077842e-05,9.8532046098013e-06
10.520400095356708,0.00010907387153477171,1.1084735408289518e-05
10.522400095356709,0.00012547796885796278,1.0567885841453766e-05
10.524400095356707,0.00011957231939130353,1.1359085956306501e-05
10.526400095356706,9.171587696169548e-05,1.1095401814419612e-05
10.528400095356707,0.0001684755970982945,1.130358643174149e-05
10.530400095356708,0.00018106635217223765,1.1529846425920656e-05
10.532400095356707,0.00011631190508771889,1.146313384542897e-05
10.534400095356705,0.0001127368930499447,1.1634374548095298e-05
10.536400095356706,8.554875443442106e-05,1.1003145411948204e-05
10.538400095356707,9.900395874170007e-05,1.0945152303359384e-05
10.540400095356706,0.00010819772722540273,1.0282962714203115e-05
10.542400095356705,8.492601124727748e-05,1.0060680632596603e-05
10.544400095356705,0.00010065520358517199,9.475101586873201e-06
10.546400095356706,8.981893624486343e-05,9.642239109756433e-06
10.548400095356705,8.532671534485147e-05,9.370517927688672e-06
10.550400095356704,9.284719849633052e-05,9.804386076958482e-06
10.552400095356704,8.517026334094958e-05,9.842695322915901e-06
10.554400095356705,8.975121631190947e-05,1.0815998784083989e-05
10.556400095356704,0.00010313203671955791,1.0466010819775781e-05
10.558400095356703,5.950662712451534e-05,1.0796798781525238e-05
10.560400095356703,9.83225997188172e-05,1.0554165050671671e-05
10.562400095356704,8.089113836759769e-05,1.1069984912088395e-05
10.564400095356703,9.780450838364516e-05,1.0671235201807486e-05
10.566400095356702,0.00012716480171578616,1.077408184495278e-05
10.568400095356703,0.00013915542226400546,1.078986285970682e-05
10.570400095356703,0.00012063145168226801,1.0412384179585113e-05
10.572400095356702,0.00011096732770270773,1.0127764976607444e-05
10.574400095356701,0.00014105150371370912,9.75143848986719e-06
10.576400095356702,0.00017305114379875783,9.924870369015214e-06
10.578400095356702,0.00017920822033085234,9.692108740112771e-06
10.580400095356701,8.044920618797021e-05,9.994828374165637e-06
10.5824000953567,9.985121009201012e-05,1.0021586431457191e-05
10.5844000953567,0.00013191476061317326,1.0656165092860716e-05
10.586400095356701,0.00010593857672473657,1.055095387011391e-05
10.5884000953567,0.00011983730316602851,1.145532584328264e-05
10.5904000953567,0.00010039949396313137,1.0792367632275282e-05
10.5924000953567,0.00011793788747548441,1.2079893230084987e-05
10.5944000953567,6.742598214369878e-05,1.1062079497618725e-05
10.5964000953567,6.891530425677432e-05,1.2442800052767336e-05
10.598400095356698,8.991809421855521e-05,1.1302303627412463e-05
10.600400095356699,9.11289099472115e-05,1.1735283841030016e-05
10.6024000953567,0.0001319707172996691,1.1006419451386625e-05
10.604400095356699,8.283352960920225e-05,1.0873592459856527e-05
10.606400095356697,7.151993462525595e-05,1.0926838039507865e-05
10.608400095356698,5.917298881466723e-05,1.0191340741037978e-05
10.610400095356699,8.560193514545089e-05,1.066597389348051e-05
10.612400095356698,0.00010941249187202137,9.501292787713842e-06
10.614400095356697,0.0001653106403389166,1.0387263574115203e-05
10.616400095356697,0.00014595633873074897,9.689880282435202e-06
10.618400095356698,0.00010981654300277974,1.086978505595887e-05
10.620400095356697,0.00010347312778544006,1.0979240067150984e-05
10.622400095356696,0.00011202916987987856,1.1400711189427413e-05
10.624400095356696,9.879675630324819e-05,1.1319181403219216e-05
10.626400095356697,9.251730212744953e-05,1.1414070221266181e-05
10.628400095356696,0.00010934579830528004,1.140871901910808e-05
10.630400095356695,9.849208067916884e-05,1.1198423536818764e-05
10.632400095356696,0.00012140945138560877,1.1082225911092618e-05
10.634400095356696,0.00013509685235596635,1.0489136001694374e-05
10.636400095356695,0.0001369742398752919,1.0715915524461877e-05
10.638400095356694,0.00012656707932152402,9.72856079881867e-06
10.640400095356695,0.0001604234197164403,1.0141808144101728e-05
10.642400095356695,0.00012930678337117794,9.271743733996698e-06
10.644400095356694,0.00010975992461558297,9.743804017564969e-06
10.646400095356693,0.00010709006281439856,9.31938753116361e-06
10.648400095356694,0.00010198262012133333,9.767237773655816e-06
10.650400095356694,9.105702901591224e-05,1.0033458304595292e-05
10.652400095356693,9.282366565580477e-05,1.019648521697354e-05
10.654400095356692,8.481924069710201e-05,1.065993432095208e-05
10.656400095356693,8.081474080833361e-05,1.0488552050927858e-05
10.658400095356694,9.064575197272891e-05,1.1074113232236236e-05
10.660400095356692,0.00010479740321724186,1.0914496294642568e-05
10.662400095356691,6.514229009120845e-05,1.093511355586235e-05
10.664400095356692,6.655574711714989e-05,1.1220691804056276e-05
10.666400095356693,4.2123986216001527e-05,1.0444916405230043e-05
10.668400095356692,7.081982536906823e-05,1.080339442133143e-05
10.67040009535669,6.13701817645708e-05,1.0188300169537636e-05
10.672400095356691,9.321451508169086e-05,1.0386701360001253e-05
10.674400095356692,0.00010537829200063537,1.0306879453157404e-05
10.67640009535669,5.298130856846066e-05,1.0113633690007958e-05
10.67840009535669,7.975666030781786e-05,1.0767760235884908e-05
10.68040009535669,7.676458839167487e-05,9.804105293085384e-06
10.68240009535669,9.475754364005245e-05,1.0972620572955327e-05
10.68440009535669,0.00010148273536486869,1.0346323518453738e-05
10.686400095356689,0.00010430140076758131,1.1508973288226534e-05
10.68840009535669,0.00011616667027152817,1.1340644535507016e-05
10.69040009535669,9.252873758790294e-05,1.1913854688776293e-05
10.692400095356689,8.316217332448831e-05,1.1996272531277165e-05
10.694400095356688,7.611387372765389e-05,1.1437163336087471e-05
10.696400095356688,5.143809364733306e-05,1.2196291783858483e-05
10.69840009535669,8.339548464984815e-05,1.0775400827064236e-05
10.700400095356688,6.324641275628675e-05,1.212154445892325e-05
10.702400095356687,9.430584484304147e-05,1.0342533861509714e-05
10.704400095356688,0.00010932485571858308,1.1713210410145446e-05
10.706400095356688,0.00011699718975521105,1.0186463840051322e-05
10.708400095356687,0.00010135013674108224,1.1428048002392183e-05
10.710400095356686,0.00010410746835095945,1.0777520908130905e-05
10.712400095356687,8.538323041203241e-05,1.0611321497103344e-05
10.714400095356687,7.711999769679911e-05,1.158611613813996e-05
10.716400095356686,8.643072756021432e-05,1.0111878132083165e-05
10.718400095356685,0.00010397672437839983,1.2432439254738166e-05
10.720400095356686,8.358218274098097e-05,1.0054852760411983e-05
10.722400095356686,9.726944966209992e-05,1.2463573295006193e-05
10.724400095356685,9.976068616181772e-05,1.1323799140971872e-05
10.726400095356684,0.00010163000659479508,1.2185679724693472e-05
10.728400095356685,8.616045307356832e-05,1.2614333510928879e-05
10.730400095356686,9.510151695426102e-05,1.1398315088685058e-05
10.732400095356684,0.00010753861268865473,1.2681447335753881e-05
10.734400095356683,9.110699879701289e-05,1.057825687023384e-05
10.736400095356684,9.539686063525822e-05,1.1955987276836078e-05
10.738400095356685,8.339250667872506e-05,1.0416625808267012e-05
10.740400095356684,6.099102324016897e-05,1.0934113267097145e-05
10.742400095356682,7.863820321221863e-05,1.094971735598208e-05
10.744400095356683,8.119655772074131e-05,1.0419477560385474e-05
10.746400095356684,0.00010065316807371956,1.1104465980830066e-05
10.748400095356683,9.545263346970525e-05,1.0314460396416678e-05
10.750400095356682,0.0001247299085151342,1.1462572296496424e-05
10.752400095356682,0.0001257320823284099,1.1079884468870255e-05
10.754400095356683,4.382383558853277e-05,1.188763412033001e-05
10.756400095356682,5.802485808208065e-05,1.1815743455299237e-05
10.75840009535668,7.223730731832337e-05,1.223531186718295e-05
10.760400095356681,5.193514790896836e-05,1.2994360311528362e-05
10.762400095356682,5.3050060408399544e-05,1.202889998191267e-05
10.764400095356681,6.310369897211356e-05,1.2028109679611034e-05
10.76640009535668,7.541923747025913e-05,1.1539389855698342e-05
10.76840009535668,7.395422469034646e-05,1.1543747145946299e-05
10.770400095356681,0.00011579710125732,1.1161331286552121e-05
10.77240009535668,0.00012729995614022688,1.0280958726068957e-05
10.774400095356679,0.00012070088428074706,1.0974242477772594e-05
10.77640009535668,0.00013066913679178624,1.0286227876111274e-05
10.77840009535668,0.00014260326685287445,1.1113361340714447e-05
10.78040009535668,0.00010924824146287984,1.0981078695418385e-05
10.782400095356678,0.0001283064207826478,1.0921359509342058e-05
10.784400095356679,0.00014579779916233708,1.2008387981006576e-05
10.78640009535668,9.297431863837088e-05,1.1030358192382816e-05
10.788400095356678,0.0001150488163701669,1.2988536838375613e-05
10.790400095356677,7.049279346687367e-05,1.1524359580973499e-05
10.792400095356678,7.955883357986605e-05,1.244405121393044e-05
10.794400095356679,0.00011698622117388648,1.216125551311631e-05
10.796400095356677,0.0001362438951161273,1.1671740264427928e-05
10.798400095356676,0.00014458754886151337,1.2989963618046008e-05
10.800400095356677,0.00011738802971794898,1.0976978514409606e-05
10.802400095356678,0.00011729122887838245,1.2529715032566849e-05
10.804400095356677,0.00013794060203164066,1.0814619835034443e-05
10.806400095356675,0.00012158295355233257,1.0946733023449995e-05
10.808400095356676,0.00010595677999774307,1.118635730540322e-05
10.810400095356677,7.30939582097876e-05,1.0404168397504416e-05
10.812400095356676,7.966306759187834e-05,1.1914998943670152e-05
10.814400095356675,7.600731824611465e-05,1.06125686475669e-05
10.816400095356675,9.57765812760114e-05,1.2182955887083611e-05
10.818400095356676,0.00010154137689298002,1.188287764857455e-05
10.820400095356675,7.158041907699143e-05,1.262681224215362e-05
10.822400095356674,7.462998891845546e-05,1.2744985930498078e-05
10.824400095356674,0.00013845368726884933,1.2277705144608092e-05
10.826400095356675,0.00014761461103204008,1.306819874719745e-05
10.828400095356674,0.00012146421961635017,1.199943577939241e-05
10.830400095356673,5.4628526960170255e-05,1.3097285940831763e-05
10.832400095356673,8.605217128145919e-05,1.2229779889039758e-05
10.834400095356674,0.00012447988235567674,1.2264803934369786e-05
10.836400095356673,0.0001444926904815235,1.186994246503581e-05
10.838400095356672,9.434128662267725e-05,1.1389871675160426e-05
10.840400095356673,9.694477531179068e-05,1.2045364712768708e-05
10.842400095356673,9.934681229922023e-05,1.0860721929054834e-05
10.844400095356672,6.04988540207013e-05,1.179356931177049e-05
10.846400095356671,0.00012009073357856166,1.1870324503789989e-05
10.848400095356672,0.00013458025324313648,1.2127625259944097e-05
10.850400095356672,0.00012452562965291488,1.2798518324924636e-05
10.852400095356671,0.00011128266154452724,1.2839208518945202e-05
10.85440009535667,7.893737015345565e-05,1.3496217156680864e-05
10.85640009535667,0.0001031046599194543,1.3806895620145744e-05
10.858400095356671,9.098637935169684e-05,1.3753608413912203e-05
10.86040009535667,8.923421598158598e-05,1.426504193205279e-05
10.86240009535667,6.334811808468701e-05,1.3831435215401839e-05
10.86440009535667,4.428169485639849e-05,1.3756441819006472e-05
10.86640009535667,9.499706024335752e-05,1.359773385000081e-05
10.86840009535667,8.137328014055871e-05,1.2815307604060858e-05
10.870400095356668,0.00012196466263052719,1.2755688271394507e-05
10.872400095356669,9.73331678683367e-05,1.2159302193471073e-05
10.87440009535667,0.00011294756704420762,1.192407377836558e-05
10.876400095356669,9.495377616542215e-05,1.2349612802258956e-05
10.878400095356668,0.00013159340475459003,1.2359121621148585e-05
10.880400095356668,0.0001315474099287271,1.296759370750205e-05
10.882400095356669,0.00011192453609749953,1.2975164882017836e-05
10.884400095356668,7.538045532653152e-05,1.3126254074763223e-05
10.886400095356667,0.00011575595375988821,1.355721075545144e-05
10.888400095356667,0.00015693097221177092,1.4055091969583857e-05
10.890400095356668,0.0001549539878963256,1.4260270618094567e-05
10.892400095356667,0.00012350818717312258,1.430915357461765e-05
10.894400095356666,0.00012654268556547973,1.461217870180809e-05
10.896400095356666,0.00011664740708900953,1.4572680271494172e-05
10.898400095356667,9.716839866935927e-05,1.4341707149336089e-05
10.900400095356666,0.00010912170330889225,1.3880572805219448e-05
10.902400095356665,9.5684797995109e-05,1.3513997062666968e-05
10.904400095356666,0.0001373938637475472,1.3071824006597468e-05
10.906400095356666,0.00015410266010959452,1.3077695937186868e-05
10.908400095356665,0.00011835981193160521,1.232218794289183e-05
10.910400095356664,7.453687128473423e-05,1.1938602105033686e-05
10.912400095356665,7.286028722831462e-05,1.2219341890144899e-05
10.914400095356665,0.0001312601497455168,1.2281219967425202e-05
10.916400095356664,9.83997734043972e-05,1.255144778555978e-05
10.918400095356663,0.00010971698679241909,1.2695231388548207e-05
10.920400095356664,0.00011039766184434614,1.3423271514420729e-05
10.922400095356664,9.822470099782852e-05,1.342122067785699e-05
10.924400095356663,9.941148855415603e-05,1.4366641565149704e-05
10.926400095356662,0.00011198630855453744,1.4298606501311092e-05
10.928400095356663,7.626285345878731e-05,1.4663113291351677e-05
10.930400095356664,0.00010483389148895817,1.4974563039398851e-05
10.932400095356662,6.274884790775877e-05,1.3799336292114764e-05
10.934400095356661,8.955662430839786e-05,1.4850728888362227e-05
10.936400095356662,7.415200414780271e-05,1.36987112318412e-05
10.938400095356663,7.069201488185002e-05,1.3447819218853038e-05
10.940400095356662,0.00010436912889703629,1.3379340271255476e-05
10.94240009535666,0.00010132044667863632,1.2026471186700363e-05
10.944400095356661,0.000103208383413956,1.3070187694594408e-05
10.946400095356662,9.97070031277019e-05,1.1814367686343363e-05
10.94840009535666,9.595497350683382e-05,1.2290234033081088e-05
10.95040009535666,8.433479151107411e-05,1.3018061760315744e-05
10.95240009535666,8.768055021209774e-05,1.2677165516842512e-05
10.954400095356661,8.907064922523164e-05,1.4586637860920211e-05
10.95640009535666,7.12261376338915e-05,1.3777108583113702e-05
10.958400095356659,0.0001093487066773697,1.4951224567286051e-05
10.96040009535666,9.962811299380685e-05,1.4905079092016453e-05
10.96240009535666,7.797891936596867e-05,1.4565460197641398e-05
10.964400095356659,0.00012971545810891514,1.534568211698692e-05
10.966400095356658,0.0002020229127320874,1.4474725218311459e-05
10.968400095356658,0.00019800674709497288,1.548919210763614e-05
10.97040009535666,0.00016006796364197845,1.4044003904463493e-05
10.972400095356658,6.538981671522391e-05,1.3895182850499646e-05
10.974400095356657,4.8835890945865724e-05,1.3742694050657613e-05
10.976400095356658,0.0001199488305574026,1.2200541007118965e-05
10.978400095356658,0.00012851618586357216,1.3440842459976283e-05
10.980400095356657,0.00012295139027836949,1.215900160585614e-05
10.982400095356656,8.199736106286367e-05,1.2787250026214167e-05
10.984400095356657,8.433488188594072e-05,1.3782330345850656e-05
10.986400095356657,9.123037290428967e-05,1.2525572755952805e-05
10.988400095356656,0.00010616339792107518,1.4189896884948343e-05
10.990400095356655,0.00011109873973850531,1.3482602080744846e-05
10.992400095356656,0.00010864715614887129,1.347626015861966e-05
10.994400095356657,0.00014613940245289633,1.4774310503049646e-05
10.996400095356655,0.00011756109166461266,1.3853291521641985e-05
10.998400095356654,0.00015552166839829005,1.5271591651784118e-05
11.000400095356655,0.00015536351295032249,1.4939374220878376e-05
11.002400095356656,0.00010874211500586297,1.415165197035974e-05
11.004400095356655,0.00010748729135610909,1.507033946853967e-05
11.006400095356653,6.682431572303845e-05,1.3337631617329268e-05
11.008400095356654,0.00011176339007912946,1.3457695330007908e-05
11.010400095356655,5.146300817251551e-05,1.3963909270054508e-05
11.012400095356654,8.580229125146818e-05,1.2239259670810026e-05
11.014400095356653,0.00010373278673740014,1.2972854175094546e-05
11.016400095356653,9.689035521370828e-05,1.2065889222459359e-05
11.018400095356654,0.00011919930354604401,1.2014144019264017e-05
11.020400095356653,0.00010700541566274214,1.2976595945180806e-05
11.022400095356652,6.261351434221519e-05,1.2088443091772425e-05
11.024400095356652,7.038982688396361e-05,1.3709467261658441e-05
11.026400095356653,9.969792489577057e-05,1.3447906152285862e-05
11.028400095356652,0.00011128950469141935,1.3595304535452089e-05
11.03040009535665,0.00010451316445442246,1.504004270300098e-05
11.032400095356651,0.00011365946050773023,1.3275776031191867e-05
11.034400095356652,0.00013233509079465256,1.5404129428124804e-05
11.036400095356651,0.00015785148154142973,1.4657433033980615e-05
11.03840009535665,0.0001352803637639848,1.4361919373700966e-05
11.04040009535665,8.976040991139573e-05,1.5669506478348002e-05
11.042400095356651,0.00010405854496349538,1.263155933041237e-05
11.04440009535665,0.00010771719551185935,1.4597678096681336e-05
11.046400095356649,0.00010969566451943531,1.2657623976808707e-05
11.04840009535665,0.00013935728602171575,1.1995521019163361e-05
11.05040009535665,0.00012596321889537908,1.4072843011491799e-05
11.05240009535665,8.746390697659223e-05,1.1355764187687946e-05
11.054400095356648,0.00010680768813167898,1.3516024643123095e-05
11.056400095356649,0.00011606843059192964,1.3148429781589353e-05
11.05840009535665,8.377938777256628e-05,1.1983039503988617e-05
11.060400095356648,9.607072030249028e-05,1.5156675357393822e-05
11.062400095356647,0.00010945086349289278,1.2749084302637915e-05
11.064400095356648,0.00011568205867375182,1.4963608721786138e-05
11.066400095356649,0.00013602080175421973,1.562560893339281e-05
11.068400095356647,0.00012352305354992752,1.413785799746011e-05
11.070400095356646,9.869260443801331e-05,1.6594471936968926e-05
11.072400095356647,0.00014584877897406276,1.4284679867436236e-05
11.074400095356648,0.00012655728222206976,1.4706476011156667e-05
11.076400095356647,9.187123141331797e-05,1.4920233965550024e-05
11.078400095356645,0.00016222874074613494,1.3034610446176116e-05
11.080400095356646,0.0001331345390314224,1.4286736588033987e-05
11.082400095356647,0.00011243747686575249,1.278628137083458e-05
11.084400095356646,0.000149418477459307,1.252569293929792e-05
11.086400095356645,0.00012934340492219403,1.2864232636308401e-05
11.088400095356645,0.00013622728998143808,1.1811786816861724e-05
11.090400095356646,0.00010871297076864936,1.3358466860230167e-05
11.092400095356645,0.0001290563208851621,1.2998419032919396e-05
11.094400095356644,0.00011200672954560491,1.3190795004117265e-05
11.096400095356644,0.0001245951866437368,1.3608359568816098e-05
11.098400095356645,0.00013243256230273195,1.3654536643332089e-05
11.100400095356644,0.00012167638377903698,1.4213709916814639e-05
11.102400095356643,0.0001425287506310065,1.4347593778023286e-05
11.104400095356644,0.00010047366249215239,1.4495698967464055e-05
11.106400095356644,7.676420675668977e-05,1.4485586370799392e-05
11.108400095356643,8.660425515042375e-05,1.4795821641675375e-05
11.110400095356642,9.38684427024508e-05,1.4128431034297013e-05
11.112400095356643,9.857607045771329e-05,1.3861889531753507e-05
11.114400095356643,0.00013154605461306344,1.3708682434414817e-05
11.116400095356642,0.00012744593332427804,1.2616147983091807e-05
11.118400095356641,0.0001109439009537149,1.3116551935652958e-05
11.120400095356642,0.0001465036783117324,1.2146257115515733e-05
11.122400095356642,0.00013519371753217528,1.1873920131787747e-05
11.124400095356641,0.00012127744806954648,1.2909693841303295e-05
11.12640009535664,0.00014260809633890545,1.1632776047384076e-05
11.12840009535664,0.00012951575413282338,1.3163884838250765e-05
11.130400095356642,0.00012752053075549551,1.3444356347039994e-05
11.13240009535664,0.00016482332201058308,1.2449237851685815e-05
11.13440009535664,0.00016327049027942548,1.4297731395176157e-05
11.13640009535664,0.0001896034224419789,1.3095855437090742e-05
11.13840009535664,0.00012096887757999512,1.3833630508184174e-05
11.14040009535664,8.760042108782909e-05,1.4919061424616894e-05
11.142400095356638,6.799572320589026e-05,1.3270335845577356e-05
11.14440009535664,7.755566154622496e-05,1.447089104473888e-05
11.14640009535664,9.601419790388694e-05,1.4335755028316165e-05
11.148400095356639,8.307453348614377e-05,1.4454620108113151e-05
11.150400095356638,8.779497608784353e-05,1.3517107596614193e-05
11.152400095356638,0.000133149575535118,1.2052816173256852e-05
11.154400095356639,0.00010185462835248749,1.2721658952993622e-05
11.156400095356638,9.762884127285191e-05,1.1873067044825666e-05
11.158400095356637,7.878442073849722e-05,1.1449316629627948e-05
11.160400095356637,0.00010394316272243163,1.2321649429355893e-05
11.162400095356638,0.00012195194261108147,1.1189546868381216e-05
11.164400095356637,0.00015474555331856365,1.2456647535625684e-05
11.166400095356636,0.00013225889783648938,1.229649067121431e-05
11.168400095356636,9.652203508804164e-05,1.230834923613816e-05
11.170400095356637,0.00010128038834381447,1.3772411572910775e-05
11.172400095356636,8.67331321749228e-05,1.2774605028591502e-05
11.174400095356635,7.615099530107015e-05,1.3513919877630748e-05
11.176400095356636,5.898539055572861e-05,1.4196955482901122e-05
11.178400095356636,9.17649210379163e-05,1.3346057660415107e-05
11.180400095356635,0.00011515725788506936,1.4117971677548561e-05
11.182400095356634,8.383818446271984e-05,1.3375259787565893e-05
11.184400095356635,0.00010277315378719579,1.3311111626518787e-05
11.186400095356635,0.00013760486764252198,1.3220792487768744e-05
11.188400095356634,0.00010707973800407218,1.2755460706192509e-05
11.190400095356633,0.00010206949404068273,1.2428751425416543e-05
11.192400095356634,9.237324113998627e-05,1.1635053903306514e-05
11.194400095356634,0.00010192326292695456,1.2018670460703375e-05
11.196400095356633,0.00013719472986029196,1.2015246954114394e-05
11.198400095356632,0.0001096544291113983,1.1765124017392291e-05
11.200400095356633,0.00010737224057680297,1.289195396544411e-05
11.202400095356634,4.376204065973267e-05,1.2345138341364976e-05
11.204400095356633,7.196948952990263e-05,1.2870172697393704e-05
11.206400095356631,8.252889731322629e-05,1.3860084230863867e-05
11.208400095356632,0.0001022558454606891,1.304760964495638e-05
11.210400095356633,0.00015849986724250146,1.4417458084720441e-05
11.212400095356632,0.00012269728129011642,1.44681532269233e-05
11.21440009535663,0.0001148867018649799,1.3606443335236223e-05
11.216400095356631,8.052008772288273e-05,1.4661594641115122e-05
11.218400095356632,2.407396582168612e-05,1.4207066837933747e-05
11.22040009535663,0.00011344673125839147,1.4136585593767375e-05
11.22240009535663,6.673445555760191e-05,1.4573550912009817e-05
11.22440009535663,8.010823824493809e-05,1.3545919295885397e-05
11.226400095356631,7.26836689916986e-05,1.3672184054592809e-05
11.22840009535663,9.912460035671852e-05,1.304962708814331e-05
11.230400095356629,0.00012727271317133584,1.28023305856504e-05
11.23240009535663,0.00012130184603470132,1.3509956818594483e-05
11.23440009535663,6.839377795881506e-05,1.319025157382214e-05
11.236400095356629,8.352347491582914e-05,1.3646333773262385e-05
11.238400095356628,3.214575202947354e-05,1.400458041823062e-05
11.240400095356629,6.476614660825907e-05,1.3738591292059777e-05
11.24240009535663,0.00013423170977074734,1.4439347303070624e-05
11.244400095356628,0.00015459681609405982,1.5033152340726946e-05
11.246400095356627,0.00013216316638310743,1.4901707989899534e-05
11.248400095356628,0.0001018995349021537,1.6115715522777483e-05
11.250400095356628,9.463252104248518e-05,1.576057443746102e-05
11.252400095356627,0.00010646509866238884,1.5477252386166566e-05
11.254400095356626,0.00015520871846159054,1.6259959104304665e-05
11.256400095356627,0.00011479231836564424,1.537344249746972e-05
11.258400095356627,9.402019184324332e-05,1.4522795116617208e-05
11.260400095356626,0.00014808624126949092,1.4525164636455555e-05
11.262400095356625,0.00012900314388593372,1.3788028592396995e-05
11.264400095356626,0.0001240734625229993,1.3252948330061378e-05
11.266400095356627,0.00016016776035782492,1.380947654165483e-05
11.268400095356625,8.129261212044631e-05,1.2848705904162287e-05
11.270400095356624,9.778262951838254e-05,1.2706615705544268e-05
11.272400095356625,7.670817841448785e-05,1.331465745176798e-05
11.274400095356626,6.972207289631388e-05,1.2829940934599894e-05
11.276400095356625,0.00011477574063393893,1.3607244105138498e-05
11.278400095356623,0.0001063630482612987,1.4071454496425234e-05
11.280400095356624,6.239926095416261e-05,1.3297871402469288e-05
11.282400095356625,9.264942646882159e-05,1.4782075645538299e-05
11.284400095356624,0.0001254227537126253,1.494686425897093e-05
11.286400095356623,0.00016750801432498797,1.4106569873881727e-05
11.288400095356623,9.770543756050809e-05,1.5359306137769326e-05
11.290400095356624,0.00014970830567662813,1.4367075684264663e-05
11.292400095356623,0.00015570325461662608,1.4051262471603935e-05
11.294400095356622,0.0001270570715535358,1.4463184429363446e-05
11.296400095356622,7.704354959129771e-05,1.2884472335393709e-05
11.298400095356623,0.00011643766153485979,1.3343843029026859e-05
11.300400095356622,8.480270120357382e-05,1.3195309527184909e-05
11.30240009535662,5.721636526100716e-05,1.1755752573460664e-05
11.304400095356621,6.956763192075583e-05,1.2547651249655095e-05
11.306400095356622,1.7468113670325034e-05,1.232217180929089e-05
11.308400095356621,5.929816436596164e-05,1.1359677932454312e-05
11.31040009535662,9.761233291670336e-05,1.3238447422802778e-05
11.31240009535662,9.539221266407932e-05,1.2944107547228659e-05
11.314400095356621,0.00012612389553825844,1.245569835632599e-05
11.31640009535662,0.00012181583998810635,1.4638570699861757e-05
11.318400095356619,0.00010475636506357278,1.3658247555524154e-05
11.32040009535662,4.397358568500657e-05,1.3922586522381437e-05
11.32240009535662,4.937408523666952e-05,1.605774384856418e-05
11.32440009535662,9.774299023031512e-05,1.473557185342399e-05
11.326400095356618,7.322758023197024e-05,1.493578848176022e-05
11.328400095356619,8.853944075423011e-05,1.7643630704643365e-05
11.33040009535662,9.124033604097326e-05,1.5763677151035332e-05
11.332400095356618,0.0001249232563953636,1.4534746194917039e-05
11.334400095356617,6.256848330283563e-05,1.5107468050109422e-05
11.336400095356618,0.00011080973862643556,1.351401056544279e-05
11.338400095356619,7.326001555133652e-05,1.3812573453485993e-05
11.340400095356618,7.498846193686331e-05,1.4221145624309528e-05
11.342400095356616,0.0001143394387055705,1.2801445118924216e-05
11.344400095356617,0.00019594413225227812,1.3211353267471502e-05
11.346400095356618,0.00010893052166759831,1.4538919915562449e-05
11.348400095356617,0.00012259427597109197,1.3318689900142004e-05
11.350400095356616,5.152989993337416e-05,1.480628297883203e-05
11.352400095356616,7.939984736060913e-05,1.6133339808682233e-05
11.354400095356617,8.962275874919461e-05,1.461915364939121e-05
11.356400095356616,5.0812979139287045e-05,1.6231265927087745e-05
11.358400095356615,9.000923420480386e-05,1.644415774921307e-05
11.360400095356615,4.916027802731125e-05,1.535140740498405e-05
11.362400095356616,7.120511265079786e-05,1.8134315356852783e-05
11.364400095356615,0.00010333710490718979,1.6714488005733513e-05
11.366400095356614,6.289518641317538e-05,1.4964096290332554e-05
11.368400095356614,7.894479454355455e-05,1.7369114405611506e-05
11.370400095356615,6.016524048962991e-05,1.4750742153182872e-05
11.372400095356614,9.315996707980313e-05,1.3625089623069612e-05
11.374400095356613,4.067403312762785e-05,1.553644828996985e-05
11.376400095356614,8.442307873098182e-05,1.309860258229903e-05
11.378400095356614,0.00010929112232588101,1.2390729874917849e-05
11.380400095356613,8.343212905514106e-05,1.3843547963906903e-05
11.382400095356612,0.000102360565789605,1.205850574898792e-05
11.384400095356613,0.0001349848104227346,1.192682558741141e-05
11.386400095356613,0.00013406587426360687,1.3465670681531934e-05
11.388400095356612,0.00014422375208703874,1.1816273917020691e-05
11.390400095356611,0.00012811885334339013,1.2981709726806381e-05
11.392400095356612,0.00015710508221762935,1.4516933088761303e-05
11.394400095356612,8.424694742240471e-05,1.3194199554537672e-05
11.396400095356611,6.704716745871162e-05,1.5124591873082552e-05
11.39840009535661,8.078697504477987e-05,1.5601539711468346e-05
11.400400095356611,0.00012998683690487774,1.4239657869661672e-05
11.402400095356612,0.0001449899122542373,1.5774259826966632e-05
11.40440009535661,9.941618908447683e-05,1.5771313037073746e-05
11.40640009535661,0.00013231872844048296,1.479839017665964e-05
11.40840009535661,0.00015240175181400174,1.5577602989984828e-05
11.41040009535661,7.837927368995769e-05,1.4434844550423834e-05
11.41240009535661,9.6159588058963e-05,1.3849212655491943e-05
11.414400095356608,0.00012311494942736785,1.4311081410782443e-05
11.41640009535661,0.00011367804820257032,1.354268790448308e-05
11.41840009535661,0.00017393408569443616,1.3286181116110581e-05
11.420400095356609,0.00021507846988494996,1.3564447942685297e-05
11.422400095356608,0.00021902417298378548,1.319868745206665e-05
11.424400095356608,0.00019224876734382702,1.3847195584460511e-05
11.426400095356609,0.00020690017493760313,1.4095164335083224e-05
11.428400095356608,0.000194141627438188,1.4229687097345986e-05
11.430400095356607,0.00017870966738815238,1.529156341643711e-05
11.432400095356607,0.0001644015133195341,1.5419238541613467e-05
11.434400095356608,0.00016423845985784238,1.5715075392832695e-05
11.436400095356607,0.00018019782922897655,1.607703439583386e-05
11.438400095356606,0.00017671505977044126,1.5770653625172775e-05
11.440400095356607,0.00017373831751040888,1.6613641088523547e-05
11.442400095356607,0.00015705217251310756,1.6462492908249338e-05
11.444400095356606,0.0001709918627623925,1.5184568703879334e-05
11.446400095356605,0.00014373820885218007,1.607953910225036e-05
11.448400095356606,0.00020463152581532708,1.5548088902157257e-05
11.450400095356606,0.00016398063150233847,1.4036362894096633e-05
11.452400095356605,0.00011863607439523484,1.4559642798646744e-05
11.454400095356604,0.00012946575377470538,1.3771776321974857e-05
11.456400095356605,0.00011665476803413413,1.2159984167419989e-05
11.458400095356605,0.00011187381468483347,1.2870653339791148e-05
11.460400095356604,7.593780045217027e-05,1.2614257436696446e-05
11.462400095356603,0.00011872808812737862,1.2056647671048928e-05
11.464400095356604,9.43194941664454e-05,1.3226395030504354e-05
11.466400095356605,0.0001145479681643553,1.2886451148178182e-05
11.468400095356603,0.0001113879359559569,1.2801027793214682e-05
11.470400095356602,9.488326725889899e-05,1.463245234078319e-05
11.472400095356603,0.00010667800984231576,1.431139305278955e-05
11.474400095356604,0.0001326260143085695,1.5146797309477457e-05
11.476400095356603,9.236535320775746e-05,1.6623276652878144e-05
11.478400095356601,0.00011012158400357996,1.5637409750685055e-05
11.480400095356602,0.00015587850584497873,1.649810949217754e-05
11.482400095356603,9.130974070782962e-05,1.7073853544298385e-05
11.484400095356602,8.15441388851625e-05,1.633982845809255e-05
11.4864000953566,0.00011169297974437566,1.7895183751457264e-05
11.488400095356601,0.00011112375224085965,1.6915024682626253e-05
11.490400095356602,0.00011016622438605775,1.4893459602319378e-05
11.4924000953566,0.00012718169214739406,1.4479800745889322e-05
11.4944000953566,0.00014175324387263885,1.4219754825808016e-05
11.4964000953566,0.00017478631650476336,1.3114526474770285e-05
11.498400095356601,0.00016242381003538341,1.3267944989479824e-05
11.5004000953566,0.00017127653876635975,1.3215266306667058e-05
11.502400095356599,0.00016575827568528968,1.2853726321549004e-05
11.5044000953566,0.00017055143976250168,1.3634400570584476e-05
11.5064000953566,0.0001609780677960485,1.3573433455529852e-05
11.508400095356599,0.00011496859818314116,1.3588033298566926e-05
11.510400095356598,7.98056557670462e-05,1.4801106743724278e-05
11.512400095356599,0.00011290614064537091,1.4515788575509687e-05
11.5144000953566,0.0001254486801650525,1.5281401460740568e-05
11.516400095356598,0.00013178209822127833,1.6877701837965363e-05
11.518400095356597,8.425153486023111e-05,1.541756815886509e-05
11.520400095356598,7.948948460820884e-07,1.530227868201184e-05
11.522400095356598,5.5265185217601835e-05,1.6921793391158713e-05
11.524400095356597,8.680721079635403e-05,1.538594411129969e-05
11.526400095356596,8.756771649809243e-05,1.5079542463805941e-05
11.528400095356597,9.528065562795687e-05,1.659885632323047e-05
11.530400095356597,7.238580962809419e-05,1.4184051622140548e-05
11.532400095356596,5.157832161885211e-05,1.3577465283929187e-05
11.534400095356595,9.70857619322083e-05,1.4814263130567884e-05
11.536400095356596,0.00013814800542343654,1.3158881963323796e-05
11.538400095356597,0.00015980781866965286,1.265744913042502e-05
11.540400095356596,0.00015524979669159176,1.3900983384091077e-05
11.542400095356594,0.00014343593331321921,1.3287560808945076e-05
11.544400095356595,0.00014206255803332794,1.3063847251154534e-05
11.546400095356596,0.0001338507600064689,1.4847711940359852e-05
11.548400095356595,0.00010967412812693223,1.4049621705740409e-05
11.550400095356594,8.440065137792566e-05,1.4266280387219973e-05
11.552400095356594,6.981315001219164e-05,9.578688883982021e-06
11.554400095356595,9.490848948379839e-05,9.343202719548225e-06
11.556400095356594,0.00011267803479023982,9.303501838122992e-06
11.558400095356593,8.122543084425477e-05,9.743331757051284e-06
11.560400095356593,8.234034898799498e-05,9.639547920486718e-06
11.562400095356594,9.15257242732088e-05,9.49850273419584e-06
11.564400095356593,9.914992228093687e-05,9.987919142874858e-06
11.566400095356592,7.459045931343836e-05,9.87599968502359e-06
11.568400095356592,7.241361979313715e-05,9.18493037332842e-06
11.570400095356593,6.842489245056373e-05,9.331308946202039e-06
11.572400095356592,6.887693600486492e-05,9.185260482246988e-06
11.57440009535659,6.522334231487616e-05,8.687234650956631e-06
11.576400095356592,8.598930005986088e-05,8.977122557768207e-06
11.578400095356592,8.267836099498836e-05,9.198983303833847e-06
11.580400095356591,7.1828506963094e-05,9.051432355440475e-06
11.58240009535659,7.007538616511376e-05,9.55962897606188e-06
11.58440009535659,5.714316816312406e-05,9.928447802917713e-06
11.586400095356591,5.7358263501918346e-05,9.802203748751132e-06
11.58840009535659,0.00010340276909369522,9.548135358735169e-06
11.590400095356589,9.295866150315951e-05,9.733654440030276e-06
11.59240009535659,9.928678107995925e-05,9.58975006998944e-06
11.59440009535659,0.00010485547245181768,9.347575097851025e-06
11.59640009535659,9.738530962567252e-05,9.40251577827643e-06
11.598400095356588,0.00012905331205925893,9.448050661608076e-06
11.600400095356589,0.0001227857964120826,9.295972057719948e-06
11.60240009535659,0.0001398346127328018,9.178181400942218e-06
11.604400095356588,0.00010870625819505504,9.231149946495738e-06
11.606400095356587,8.266926701153424e-05,8.940310406382034e-06
11.608400095356588,5.3121557427586974e-05,8.755735184371336e-06
11.610400095356589,5.114585996388999e-05,8.980378146115599e-06
11.612400095356588,8.040153880842511e-05,8.901033624765607e-06
11.614400095356586,9.500256067245311e-05,8.41258619414923e-06
11.616400095356587,9.879987933061889e-05,8.60099812366947e-06
11.618400095356588,9.243410799161206e-05,8.847248829546032e-06
11.620400095356587,9.838571731294862e-05,8.351443194471147e-06
11.622400095356586,9.861949886709372e-05,8.561987950346741e-06
11.624400095356586,0.00011248623931368082,9.141235920990969e-06
11.626400095356587,8.740617854437739e-05,8.683225206188912e-06
11.628400095356586,9.632547394213663e-05,8.585301906727108e-06
11.630400095356585,0.00012527611618181377,9.459296717466886e-06
11.632400095356585,9.559993416792324e-05,9.53291585534755e-06
11.634400095356586,9.393058339929414e-05,9.35420035449871e-06
11.636400095356585,8.393020932711223e-05,1.0363923223573595e-05
11.638400095356584,0.00011221941380083491,1.0357577552414733e-05
11.640400095356584,8.022559537450593e-05,9.526803005922009e-06
11.642400095356585,0.00010382644296973287,9.728131684237622e-06
11.644400095356584,0.00013631180780761452,9.750148909608346e-06
11.646400095356583,0.00012679792913172032,9.19189493288245e-06
11.648400095356584,0.00010246544598818226,8.982785183273858e-06
11.650400095356584,0.00011009539081896933,9.163701445686844e-06
11.652400095356583,0.00012273222598319777,8.803831235615772e-06
11.654400095356582,0.00011682832803081658,8.588669050853173e-06
11.656400095356583,8.794148274829997e-05,8.899514868755712e-06
11.658400095356583,9.76644735251049e-05,8.659560359966222e-06
11.660400095356582,0.0001427821596442266,8.405789139622126e-06
11.662400095356581,0.00015032768923373127,8.708831871923629e-06
11.664400095356582,0.000133795010372184,8.883622461063778e-06
11.666400095356583,9.879790716873703e-05,8.80065935035045e-06
11.668400095356581,0.00011966484301777581,9.013740432264919e-06
11.67040009535658,0.00012946116666854917,9.339441903847174e-06
11.672400095356581,9.732741467091657e-05,9.395069443698414e-06
11.674400095356582,0.00012084934361650436,9.497397661733931e-06
11.67640009535658,0.00013714572957611014,9.86790996605323e-06
11.67840009535658,0.00015690866006406716,9.93840496099213e-06
11.68040009535658,0.0001200093685852699,9.902034988616242e-06
11.68240009535658,0.00011401585273200258,1.0045966745278438e-05
11.68440009535658,0.00011512497207564332,1.018795094578692e-05
11.686400095356579,0.0001216335734475657,1.0145981135140541e-05
11.68840009535658,0.00013627010204062383,9.859920908039589e-06
11.69040009535658,0.00014386248972752242,9.722486506677845e-06
11.692400095356579,0.00010682491401349296,9.542069676435712e-06
11.694400095356578,8.516400591147559e-05,9.086333841484068e-06
11.696400095356578,8.138563680481245e-05,9.00422487980641e-06
11.698400095356579,7.668310660107216e-05,9.192463661584758e-06
11.700400095356578,7.640032234328715e-05,1.1813002317830774e-05
11.702400095356577,9.54857559722518e-05,1.1793010301822377e-05
11.704400095356577,0.00012448630329993664,1.170150835699238e-05
11.706400095356578,0.00013604790394337765,1.1529894327373973e-05
11.708400095356577,0.00012440395959616165,1.1050368926749265e-05
11.710400095356576,9.425261652968095e-05,1.1055651310517243e-05
11.712400095356577,9.081552375732942e-05,1.1417186581008027e-05
11.714400095356577,0.0001141980596351267,1.1950840116512179e-05
11.716400095356576,0.0001413005988394152,1.2453007456760913e-05
11.718400095356575,0.00010746976496239994,1.2956264989298815e-05
11.720400095356576,9.939344637663534e-05,1.3162331110639256e-05
11.722400095356576,0.000107954394874597,1.3157135799113961e-05
11.724400095356575,0.00010822039305186474,1.3012696164939008e-05
11.726400095356574,7.754835840540586e-05,1.279524723665869e-05
11.728400095356575,8.947105152268514e-05,1.2437785251315289e-05
11.730400095356575,7.766586996780726e-05,1.2383070081912455e-05
11.732400095356574,6.44241088652683e-05,1.2693167673098957e-05
11.734400095356573,5.676341289650085e-05,1.3230333330504356e-05
11.736400095356574,5.544481092836636e-05,1.3725647334796438e-05
11.738400095356575,5.750872351898624e-05,1.357976074880249e-05
11.740400095356573,5.563408308113167e-05,1.3140745079650119e-05
11.742400095356572,5.607883334084985e-05,1.2532832551090644e-05
11.744400095356573,6.052735618292084e-05,1.1867074472654094e-05
11.746400095356574,6.911772581366547e-05,1.1279782325072997e-05
11.748400095356573,8.597632365784649e-05,1.1121634387956545e-05
11.750400095356571,9.824163465307876e-05,1.1322067429973015e-05
11.752400095356572,9.880845060691665e-05,1.1538715887458392e-05
11.754400095356573,9.316464512238499e-05,1.1560962109745859e-05
11.756400095356572,9.077312819923747e-05,1.1286976763020125e-05
11.75840009535657,8.449529905930843e-05,1.1206321164746582e-05
11.760400095356571,0.00010317327086471,1.1332757163032426e-05
11.762400095356572,8.779567142487639e-05,1.149267335122932e-05
11.76440009535657,6.250819640155029e-05,1.175976932143247e-05
11.76640009535657,7.484828136154459e-05,1.2264045409875451e-05
11.76840009535657,5.98146148888859e-05,1.2749353878618635e-05
11.770400095356571,7.361134171678505e-05,1.2258272868119242e-05
11.77240009535657,9.721297284972827e-05,1.1824486633884233e-05
11.774400095356569,0.00011375889218408742,1.168605254580125e-05
11.77640009535657,0.00011496315740107705,1.1776887795015846e-05
11.77840009535657,0.00017760788504971676,1.2137683841588476e-05
11.780400095356569,0.00014295493126269794,1.2574686410880289e-05
11.782400095356568,8.40601970270587e-05,1.293230163443602e-05
11.784400095356569,4.03707841264717e-05,1.295610546400641e-05
11.78640009535657,3.577127299809709e-05,1.2421520233090984e-05
11.788400095356568,5.5608123433147004e-05,1.1742602354820864e-05
11.790400095356567,4.921932248685281e-05,1.1324136535425593e-05
11.792400095356568,5.215310831802942e-05,1.1191906748200994e-05
11.794400095356568,6.859547911546775e-05,1.1435515021149042e-05
11.796400095356567,8.887729156349203e-05,1.2094791729701866e-05
11.798400095356566,9.237612824023273e-05,1.2626061642742698e-05
11.800400095356567,0.00012012310981300263,1.2839048259115334e-05
11.802400095356568,0.00013316836655740823,1.265945768621774e-05
11.804400095356566,0.00012080262546107159,1.2227020878638143e-05
11.806400095356565,8.83361990688502e-05,1.1794751276581682e-05
11.808400095356566,8.311564664533333e-05,1.168639463126397e-05
11.810400095356567,8.767343414887497e-05,1.2131360603703898e-05
11.812400095356566,7.852809166257951e-05,1.283879160047061e-05
11.814400095356564,5.8846440517477495e-05,1.3398708346654735e-05
11.816400095356565,4.300357439006431e-05,1.3439776135697635e-05
11.818400095356566,4.5622607805586275e-05,1.3608640483040559e-05
11.820400095356565,7.876509143679376e-05,1.3176022749479689e-05
11.822400095356564,0.00011817870811071974,1.2908450821064086e-05
11.824400095356564,0.00013487919971289175,1.2864434000914062e-05
11.826400095356565,0.00010792332527571984,1.285469197524141e-05
11.828400095356564,0.00012059516740087957,1.3083549873487057e-05
11.830400095356563,0.00011338010576049785,1.3364604351580554e-05
11.832400095356563,0.00010587080193134067,1.3353819111884263e-05
11.834400095356564,0.00010639239404374436,1.3167656755543315e-05
11.836400095356563,0.00011411493434890437,1.3086362865938213e-05
11.838400095356562,7.921605193508934e-05,1.3054406972140359e-05
11.840400095356562,7.82722882548889e-05,1.2718067020210614e-05
11.842400095356563,8.400745597052865e-05,1.244937822055318e-05
11.844400095356562,9.227148361794053e-05,1.224674957592746e-05
11.846400095356561,0.00010657330663708489,1.1985586619362184e-05
11.848400095356562,0.00012058973763918123,1.1814685986531394e-05
11.850400095356562,0.00012254636787411741,1.1760138989867912e-05
11.852400095356561,0.0001193048022608189,1.197226538608075e-05
11.85440009535656,0.00011181591948311406,1.2399696114315428e-05
11.85640009535656,0.00010148403108625208,1.2901698657032678e-05
11.858400095356561,0.00011493345890222516,1.3390474911682451e-05
11.86040009535656,0.00012787138027501978,1.3332289976087322e-05
11.86240009535656,0.0001337148586568423,1.307600510268042e-05
11.86440009535656,0.00012579986905705088,1.2850601627161403e-05
11.86640009535656,0.00010120458551117659,1.2846318755211896e-05
11.86840009535656,9.107877268351949e-05,1.3224324901072047e-05
11.870400095356558,0.00011312780769681731,1.3462630325380279e-05
11.872400095356559,0.00014243754742401693,1.3952912482370665e-05
11.87440009535656,0.00015607957693783227,1.4709034770081663e-05
11.876400095356558,0.0001337681998853055,1.5385816931638543e-05
11.878400095356557,7.763855786274953e-05,1.3605508254860644e-05
11.880400095356558,7.783368994159268e-05,1.2990316756861532e-05
11.882400095356559,8.415127072281874e-05,1.273002288419356e-05
11.884400095356558,9.651113823345228e-05,1.2764734907232624e-05
11.886400095356557,0.00012621777958647475,1.321485178630949e-05
11.888400095356557,0.00010462827798406456,1.3269261855096779e-05
11.890400095356558,8.260339202160612e-05,1.3333086641339918e-05
11.892400095356557,0.00010752126325877157,1.3417918708802276e-05
11.894400095356556,0.00013755138256735526,1.3314122199659457e-05
11.896400095356556,0.00010797134506440141,1.2817255362630983e-05
11.898400095356557,0.00010309603310078461,1.2665546249441557e-05
11.900400095356556,9.024827116259614e-05,1.2971280977685874e-05
11.902400095356555,9.985135437342972e-05,1.3489571647901464e-05
11.904400095356555,0.00012562267611387784,1.3882245468410233e-05
11.906400095356556,0.00014469280103152258,1.384206054386021e-05
11.908400095356555,0.00012411696013714808,1.3869161101831674e-05
11.910400095356554,0.00012999897762393177,1.4009645505471826e-05
11.912400095356555,0.00012957438405839165,1.4114480592966283e-05
11.914400095356555,0.00011975236833757012,1.4270135725040482e-05
11.916400095356554,0.00010917050837576943,1.4586747543591258e-05
11.918400095356553,0.00010420831610477853,1.4455296877413718e-05
11.920400095356554,0.00010863862668189725,1.4267845784365161e-05
11.922400095356554,0.00011243363923894452,1.4133171098511015e-05
11.924400095356553,0.0001200338968795011,1.4097075074738812e-05
11.926400095356552,0.0001368095305482364,1.4192648773295202e-05
11.928400095356553,0.00011945493510215285,1.4611374880092214e-05
11.930400095356553,0.00010524825348932222,1.46800593591752e-05
11.932400095356552,0.00011223552634652551,1.4714606941401822e-05
11.934400095356551,0.00012921208014263284,1.4650532405312005e-05
11.936400095356552,0.00013293499681959618,1.433881861901837e-05
11.938400095356553,0.00010601459683401024,1.4259974500567059e-05
11.940400095356551,0.000134666087232154,1.4390567753886029e-05
11.94240009535655,0.0001521535975826952,1.4882029048922551e-05
11.944400095356551,0.00015549473135765906,1.547569635330773e-05
11.946400095356552,0.00016347415265911453,1.577139353911362e-05
11.94840009535655,0.00015630429275557964,1.5766597692223738e-05
11.95040009535655,0.0001435023465146021,1.5351006397841003e-05
11.95240009535655,0.00012922856867857044,1.5153640242405938e-05
11.95440009535655,0.00011316851886235194,1.512418339937312e-05
11.95640009535655,9.553293647500017e-05,1.4985461635834448e-05
11.958400095356549,9.900152964617931e-05,1.4981451551060174e-05
11.96040009535655,0.00010135281044235477,1.4801872412787104e-05
11.96240009535655,9.60456120938912e-05,1.4576508936829387e-05
11.964400095356549,8.275847867748309e-05,1.4357920632505794e-05
11.966400095356548,6.467775775790279e-05,1.4202205462974131e-05
11.968400095356548,5.136571328942557e-05,1.4487032077201718e-05
11.970400095356549,8.7895204889027e-05,1.4643223131570004e-05
11.972400095356548,8.825110923796319e-05,1.4766112558880984e-05
11.974400095356547,7.285316196571683e-05,1.470419267452265e-05
11.976400095356547,9.436619185657557e-05,1.427737951635106e-05
11.978400095356548,8.928163898022209e-05,1.3971402730219088e-05
11.980400095356547,8.323909189938344e-05,1.4040588542598846e-05
11.982400095356546,5.653250572217272e-05,1.410249840032595e-05
11.984400095356547,4.564370597588838e-05,1.418134763711775e-05
11.986400095356547,9.541427743003032e-05,1.4401103464234396e-05
11.988400095356546,0.0001005020855412709,1.4278992865151075e-05
11.990400095356545,0.00010486938982661329,1.4059739865681992e-05
11.992400095356546,0.00012122238998473588,1.387099758828735e-05
11.994400095356546,0.00013815891034501483,1.3886208205195247e-05
11.996400095356545,0.0001389314099162182,1.4298449423436877e-05
11.998400095356544,0.00015531323302742304,1.5350717195601102e-05
12.000400095356545,0.00015228531156751175,1.583424434720501e-05
12.002400095356546,0.0001470459408190942,1.584051114112365e-05
12.004400095356544,0.0001311823853421631,1.557298451273404e-05
12.006400095356543,9.510180678599436e-05,1.532365976833767e-05
12.008400095356544,0.00011802812042284405,1.556009889200417e-05
12.010400095356545,0.00013596590878524328,1.58676118333742e-05
12.012400095356544,0.00013983861781046288,1.619861342763696e-05
12.014400095356542,0.00014831012986997677,1.64608320703029e-05
12.016400095356543,0.0001796703523732992,1.648953885213791e-05
12.018400095356544,0.0001291056742740337,1.5559169083650203e-05
12.020400095356543,0.000118305672400933,1.5146495379819653e-05
12.022400095356542,0.00014913661134053748,1.5215833509152595e-05
12.024400095356542,0.00018363790557511132,1.566114878043012e-05
12.026400095356543,0.0001727409068219747,1.6245815500894838e-05
12.028400095356542,0.0001365678044092486,1.5964791646288086e-05
12.03040009535654,0.00010858829518899892,1.558778881442582e-05
12.032400095356541,0.00010333290539164572,1.5297622465745993e-05
12.034400095356542,0.00011058241312621171,1.5218464344720783e-05
12.03640009535654,0.00011515825018098937,1.5474222757623373e-05
12.03840009535654,0.00016387379677223972,1.648538274247749e-05
12.04040009535654,0.00017246716377081832,1.613754273451056e-05
12.042400095356541,0.00018582159270577774,1.556697916711739e-05
12.04440009535654,0.00018898698389785296,1.5138684012337075e-05
12.046400095356539,0.00015020366377178944,1.495828067219231e-05
12.04840009535654,0.00010651205383735147,1.5433746931297974e-05
12.05040009535654,0.00013547387775223753,1.6267448606494226e-05
12.052400095356539,0.0001409410316633648,1.6479687658635695e-05
12.054400095356538,0.00012343370919193887,1.6093335476376947e-05
12.056400095356539,0.00011522826244721842,1.5537272787655505e-05
12.05840009535654,7.337348949719761e-05,1.5014057045333896e-05
12.060400095356538,8.211501175951122e-05,1.5229011326517702e-05
12.062400095356537,0.00010035842612008813,1.5884259885236357e-05
12.064400095356538,0.00011574510574323602,1.6586623509410874e-05
12.066400095356538,0.00012706666755772723,1.6877096616451775e-05
12.068400095356537,0.00013807420456552657,1.6252584753928956e-05
12.070400095356536,0.0001297330883366173,1.5401962078386125e-05
12.072400095356537,0.00012387484573155735,1.4979566444948123e-05
12.074400095356538,0.00012014031006354314,1.511195645001309e-05
12.076400095356536,0.00011325204714239915,1.5652950748972733e-05
12.078400095356535,0.00013785948620104462,1.60388313450897e-05
12.080400095356536,0.0001274984931453367,1.5875161914681725e-05
12.082400095356537,0.00011136796364288981,1.5394957858520588e-05
12.084400095356536,0.00011050809627504422,1.4913154486729577e-05
12.086400095356534,0.0001382673963988414,1.4786752819930276e-05
12.088400095356535,0.00015900779499819235,1.5298339671924548e-05
12.090400095356536,0.00012586491672657437,1.5980433922239326e-05
12.092400095356535,0.00010454772175550099,1.639581969281476e-05
12.094400095356534,0.00010490755661963103,1.6422611789415965e-05
12.096400095356534,0.00011524110342687662,1.6123349844878718e-05
12.098400095356535,0.00013373728241975776,1.6022076942212228e-05
12.100400095356534,9.235591598315065e-05,1.6115632562875633e-05
12.102400095356533,5.104119301625322e-05,1.6465138993764556e-05
12.104400095356533,5.223996203324665e-05,1.6859767470708346e-05
12.106400095356534,0.00012163682209995866,1.699883301669924e-05
12.108400095356533,0.00018482718338038318,1.689449854231661e-05
12.110400095356532,0.000130959487145107,1.7449365434216025e-05
12.112400095356533,0.00011740551817848718,1.77403673279554e-05
12.114400095356533,0.0001377419204686647,1.7681013736925418e-05
12.116400095356532,0.0001257286186363127,1.749277825119572e-05
12.118400095356531,8.039668313357875e-05,1.7044316776107757e-05
12.120400095356532,8.157549057946687e-05,1.69888676541297e-05
12.122400095356532,8.882071932585856e-05,1.8009504632493324e-05
12.124400095356531,0.00010300870879000524,1.937793530120273e-05
12.12640009535653,0.00013203363227113667,1.976536498864205e-05
12.12840009535653,9.411722167277477e-05,1.7943460257420877e-05
12.130400095356531,9.375781656384039e-05,1.6912768061393e-05
12.13240009535653,0.00010312397224145929,1.6343083701925385e-05
12.13440009535653,0.00010754146270726011,1.6173176447505118e-05
12.13640009535653,0.00010106547486264627,1.642092538099289e-05
12.13840009535653,0.00012030826046929784,1.712945661996689e-05
12.14040009535653,0.00011902643608138325,1.792478745974551e-05
12.142400095356528,0.0001390679608575213,1.798553732430981e-05
12.144400095356529,0.0001574061967138704,1.7446831381888655e-05
12.14640009535653,0.0001313749108046433,1.685070467593883e-05
12.148400095356529,8.80906057819674e-05,1.664311866657858e-05
12.150400095356527,0.00010685383838884635,1.7159646223247825e-05
12.152400095356528,0.00012247043567245562,1.795771830334056e-05
12.154400095356529,0.00012909109335866727,1.853425620416265e-05
12.156400095356528,0.00013791081031688763,1.8385999965236155e-05
12.158400095356527,9.53536256757566e-05,1.7396285074095705e-05
12.160400095356527,0.00010786949793391106,1.662357960557714e-05
12.162400095356528,0.00011908540967560686,1.655696884867408e-05
12.164400095356527,0.00011841528792511003,1.7080440681251838e-05
12.166400095356526,0.00011445118904751018,1.779759428125033e-05
12.168400095356526,0.00012845242357709688,1.828655314419817e-05
12.170400095356527,9.853489609928134e-05,1.816986470696432e-05
12.172400095356526,5.3859340670844115e-05,1.7552605693909156e-05
12.174400095356525,4.9239452306632483e-05,1.6878031898178767e-05
12.176400095356525,0.00013015460050626936,1.6666898497348703e-05
12.178400095356526,0.00013670738811593313,1.6593218625153912e-05
12.180400095356525,0.00014756522091897986,1.6919582838768925e-05
12.182400095356524,0.00017204847316858483,1.7019813468895798e-05
12.184400095356525,0.00017310625142035659,1.6852376796336737e-05
12.186400095356525,0.00011077018278671174,1.660564900409877e-05
12.188400095356524,0.00010753657957171687,1.6348104391653054e-05
12.190400095356523,0.00013036548360075413,1.617444010842436e-05
12.192400095356524,0.00015418995060680724,1.6159102786727042e-05
12.194400095356524,0.00017534080484433382,1.6218566174381605e-05
12.196400095356523,0.00019293028165866531,1.6252878748981997e-05
12.198400095356522,0.00014917819353555417,1.672243588663861e-05
12.200400095356523,0.00014840089639261777,1.7039074705914334e-05
12.202400095356523,0.000132366269113629,1.7015972915334778e-05
12.204400095356522,0.00011783669918588947,1.6860325065319935e-05
12.206400095356521,0.00014203493125201035,1.6886826382305394e-05
12.208400095356522,0.00014363315243381505,1.673550356827466e-05
12.210400095356523,0.0001295571229754305,1.6907460920482167e-05
12.212400095356521,0.00011615304132304065,1.727507887637681e-05
12.21440009535652,0.00011241293708160954,1.7282414713325565e-05
12.216400095356521,0.00012084096233875937,1.6353789016735923e-05
12.218400095356522,0.00010745359342360388,1.5518760981303623e-05
12.22040009535652,0.00014330496810336014,1.5366013134591984e-05
12.22240009535652,0.00017211952299665936,1.587551082984937e-05
12.22440009535652,0.00017079636794817567,1.6623675339388473e-05
12.22640009535652,0.00013849232171329968,1.699611213706154e-05
12.22840009535652,0.00016510761771656426,1.6420258532194143e-05
12.230400095356519,0.00018259589477248809,1.5544939008030873e-05
12.23240009535652,0.0001619294254793033,1.5150899143575605e-05
12.23440009535652,0.00011088033878579993,1.5332218514186907e-05
12.236400095356519,5.7144494962516225e-05,1.586662286678948e-05
12.238400095356518,6.275036472129195e-05,1.633368394126949e-05
12.240400095356518,0.00012650843598786316,1.6205998203563252e-05
12.242400095356519,0.0001800165612470839,1.5556833961634062e-05
12.244400095356518,0.0002017553003223528,1.5058523295174592e-05
12.246400095356517,0.00019202176428854652,1.5460120686995538e-05
12.248400095356518,0.00018024043388880097,1.5608998867044602e-05
12.250400095356518,0.00018585033088961838,1.553145246938674e-05
12.252400095356517,0.0001872738427897165,1.5293330019261465e-05
12.254400095356516,0.0001842158333592887,1.5197589401753146e-05
12.256400095356517,0.0001824632790761477,1.5542521200055135e-05
12.258400095356517,0.0001624404502315559,1.5543047359336572e-05
12.260400095356516,0.00014152187263373706,1.5079610942304428e-05
12.262400095356515,0.00012446591014884437,1.4784369962823622e-05
12.264400095356516,0.00011734608334265176,1.4717926371487923e-05
12.266400095356516,0.00012453033945305144,1.4742171630150015e-05
12.268400095356515,0.00013032291662004242,1.5073332049180748e-05
12.270400095356514,0.00014325927440284161,1.4589653193698664e-05
12.272400095356515,0.00014520084261744972,1.4098814952002933e-05
12.274400095356516,0.00013472289658889865,1.3828187387590637e-05
12.276400095356514,0.00011930562958546691,1.3805537374985138e-05
12.278400095356513,0.0001242248711471778,1.4338707251584138e-05
12.280400095356514,0.0001292226558179742,1.4930655602391326e-05
12.282400095356515,0.00010762501294594153,1.499139825864206e-05
12.284400095356514,7.779715407809103e-05,1.4501906484684095e-05
12.286400095356512,7.332581196154334e-05,1.3775852906363628e-05
12.288400095356513,8.843218812794242e-05,1.3932690044895984e-05
12.290400095356514,0.00010071815554699718,1.4367587771253045e-05
12.292400095356513,0.00011121215102239845,1.4578643451783692e-05
12.294400095356512,0.00011029946333100469,1.4420061159937931e-05
12.296400095356512,9.190355424281122e-05,1.3904634682096271e-05
12.298400095356513,0.00012754580016512504,1.3101205820794922e-05
12.300400095356512,0.0001310540856328956,1.297623091279374e-05
12.30240009535651,0.0001052839881243595,1.3335702792216059e-05
12.304400095356511,7.329228003976732e-05,1.3764137183658258e-05
12.306400095356512,6.730055188506274e-05,1.380681172844648e-05
12.308400095356511,0.00011601709838402037,1.3773705681416705e-05
12.31040009535651,0.0001271764779940743,1.3597932001357438e-05
12.31240009535651,8.650652301032049e-05,1.372188814676572e-05
12.314400095356511,5.130671338566109e-05,1.4083424646937211e-05
12.31640009535651,9.139499004575978e-05,1.4381885391186188e-05
12.318400095356509,8.917050396467269e-05,1.4065326774197975e-05
12.32040009535651,7.770690736644068e-05,1.4006198659115823e-05
12.32240009535651,6.243215179981594e-05,1.4145474387640115e-05
12.32440009535651,6.034668322652331e-05,1.4315131862544515e-05
12.326400095356508,8.705681293570012e-05,1.4300744742809946e-05
12.328400095356509,9.594027610858456e-05,1.3961084152442602e-05
12.33040009535651,7.954255251595935e-05,1.360668250747722e-05
12.332400095356508,8.789041973484646e-05,1.3355201029561536e-05
12.334400095356507,0.00010853243338776965,1.3430241154643935e-05
12.336400095356508,0.00010848031651666076,1.3981255061703085e-05
12.338400095356509,0.00010848807717355426,1.4045371515338525e-05
12.340400095356507,8.0065677339092e-05,1.3547427276356572e-05
12.342400095356506,6.946572598894077e-05,1.321457598928059e-05
12.344400095356507,8.198585969100675e-05,1.3269026985627916e-05
12.346400095356508,0.00010331655257354887,1.3711479209985275e-05
12.348400095356507,9.275394159679455e-05,1.4402205714271788e-05
12.350400095356505,0.00010107281752342307,1.4032871482517167e-05
12.352400095356506,0.00010535357821271379,1.3501489587018995e-05
12.354400095356507,0.00010239268556946741,1.329186460672855e-05
12.356400095356506,9.804090275928425e-05,1.3648654375669234e-05
12.358400095356505,0.00010971853860378413,1.3938607943222866e-05
12.360400095356505,0.00010451538382777926,1.4073993468716917e-05
12.362400095356506,0.00010027221462076317,1.3725504939817194e-05
12.364400095356505,0.00010053509975789383,1.3260517276668228e-05
12.366400095356504,0.00010021357260648897,1.3295842294157951e-05
12.368400095356504,6.323686469460394e-05,1.394356146318683e-05
12.370400095356505,0.00010007984737639544,1.3992242896300594e-05
12.372400095356504,8.967588085788317e-05,1.3756792263748767e-05
12.374400095356503,4.7781547619104714e-05,1.3504178919298752e-05
12.376400095356503,4.010703321676003e-05,1.3476978973976643e-05
12.378400095356504,6.980116250836555e-05,1.369567277042176e-05
12.380400095356503,0.00012116293978220737,1.449567972685994e-05
12.382400095356502,0.00011393064277769834,1.4519926034083973e-05
12.384400095356503,7.929420233488273e-05,1.4124685961375322e-05
12.386400095356503,8.206757674112557e-05,1.423544197915278e-05
12.388400095356502,5.149238729090618e-05,1.4305521794632304e-05
12.390400095356501,7.18857648460086e-05,1.4291225254422708e-05
12.392400095356502,9.07500078005085e-05,1.4348006644622651e-05
12.394400095356502,9.606709750889005e-05,1.4437351204984949e-05
12.396400095356501,9.274258847785241e-05,1.4453617533825386e-05
12.3984000953565,9.613955478577135e-05,1.4419533495196594e-05
12.4004000953565,0.0001630853286486993,1.4636923884811154e-05
12.402400095356501,0.00016955479924837176,1.4610682017299159e-05
12.4044000953565,0.00013423679694888965,1.4163095262336293e-05
12.4064000953565,0.00012352435799803247,1.3338892775285626e-05
12.4084000953565,8.610053417615426e-05,1.3040049723634482e-05
12.4104000953565,8.442035015570735e-05,1.3417955799771068e-05
12.4124000953565,9.319917543734592e-05,1.3846000627511815e-05
12.414400095356498,9.429359084095681e-05,1.3892192600676947e-05
12.416400095356499,6.939157833405302e-05,1.3316608785833806e-05
12.4184000953565,-2.4846705997954897e-05,1.3085730677708784e-05
12.420400095356499,1.0981594614890734e-05,1.3208679870370574e-05
12.422400095356497,4.3951670181546644e-05,1.3376631789871113e-05
12.424400095356498,5.340383607277443e-05,1.3470096857371097e-05
12.426400095356499,6.071407208612505e-05,1.3451631139819546e-05
12.428400095356498,6.732719727476436e-05,1.3391472202174129e-05
12.430400095356497,4.0966169479924236e-05,1.340882502942637e-05
12.432400095356497,3.4867187585166737e-05,1.348688813458685e-05
12.434400095356498,5.087232249658847e-05,1.3440008493391127e-05
12.436400095356497,6.789560735192509e-05,1.3096255001506772e-05
12.438400095356496,4.740774067474662e-05,1.313060238280848e-05
12.440400095356496,4.308124049705941e-05,1.314922424237466e-05
12.442400095356497,5.888232517494795e-05,1.3274822982753122e-05
12.444400095356496,8.757054827108918e-05,1.3283683963854311e-05
12.446400095356495,0.00011425475324109755,1.2906004701493369e-05
12.448400095356495,0.00010229408211038322,1.2841220838133748e-05
12.450400095356496,7.992837439036457e-05,1.2889616427459707e-05
12.452400095356495,5.853009583832302e-05,1.319795113055601e-05
12.454400095356494,4.5672149866521536e-05,1.3435343859536369e-05
12.456400095356495,4.553804532608418e-05,1.310686080545335e-05
12.458400095356495,4.3663697397676736e-05,1.2084633842922753e-05
12.460400095356494,5.0401146599197666e-05,1.1766696872707001e-05
12.462400095356493,6.0316698686376966e-05,1.1770824780616506e-05
12.464400095356494,6.617311552838423e-05,1.1904272086328276e-05
12.466400095356494,6.313251404747565e-05,1.2016114263542169e-05
12.468400095356493,7.995153072735668e-05,1.1817699203770683e-05
12.470400095356492,9.503538269247093e-05,1.1604647652511093e-05
12.472400095356493,9.289341794264038e-05,1.1776125400013077e-05
12.474400095356494,8.064374209337028e-05,1.2199884004300386e-05
12.476400095356492,7.28189664588817e-05,1.2494855019510523e-05
12.478400095356491,5.925080003114062e-05,1.2079197504017763e-05
12.480400095356492,0.00010232365144723919,1.1778390908019822e-05
12.482400095356493,0.00013197419456325579,1.19274694184547e-05
12.484400095356492,0.00013482342877592753,1.2577592433722424e-05
12.48640009535649,0.00011872296009227427,1.351258377485755e-05
12.488400095356491,7.371947588070117e-05,1.318259329624346e-05
12.490400095356492,5.7749564682001515e-05,1.2689752887851162e-05
12.49240009535649,6.394662400624757e-05,1.2735493122654063e-05
12.49440009535649,6.660967972915824e-05,1.3033444996291115e-05
12.49640009535649,3.900427563291786e-05,1.2976893532967849e-05
12.49840009535649,3.179389719479095e-05,1.2941240843793927e-05
12.50040009535649,5.6366899896031846e-05,1.2810158852805084e-05
12.502400095356489,5.663989293587761e-05,1.2949801870516672e-05
12.50440009535649,3.941598692215742e-05,1.3463075241498704e-05
12.50640009535649,3.378131592855738e-05,1.422388117986172e-05
12.508400095356489,3.140612234918452e-05,1.3975535187056758e-05
12.510400095356488,4.326271758087849e-05,1.4112257493784094e-05
12.512400095356488,6.198910662416141e-05,1.4162520847918693e-05
12.51440009535649,7.316720636341645e-05,1.4049444404575767e-05
12.516400095356488,6.368367744941542e-05,1.3879125229347988e-05
12.518400095356487,6.568310506925286e-05,1.4002856057597682e-05
12.520400095356488,4.101527102431039e-05,1.4003192709014183e-05
12.522400095356488,5.219005196575338e-05,1.4008973959859032e-05
12.524400095356487,7.593175832978902e-05,1.398907459244613e-05
12.526400095356486,6.295073904386931e-05,1.38315102523723e-05
12.528400095356487,6.108996558128043e-05,1.3232738923500912e-05
12.530400095356487,2.7158043309129293e-05,1.3495486941671503e-05
12.532400095356486,1.4444389820606136e-05,1.3857675930298705e-05
12.534400095356485,3.11676466130955e-05,1.3813623372830768e-05
12.536400095356486,6.355457062385696e-05,1.3067837560903217e-05
12.538400095356486,6.567732491067569e-05,1.2496592827259674e-05
12.540400095356485,7.084171296049169e-05,1.245767455517013e-05
12.542400095356484,6.571533474325893e-05,1.270551478725764e-05
12.544400095356485,5.072586435930348e-05,1.2950414549874882e-05
12.546400095356486,3.374518801281585e-05,1.284813159027437e-05
12.548400095356484,3.7785994505104575e-05,1.1830625855131416e-05
12.550400095356483,3.4391275546285404e-05,1.1803833052761561e-05
12.552400095356484,4.912389548451565e-05,1.2389471193626925e-05
12.554400095356485,6.426306010731991e-05,1.3040251130965902e-05
12.556400095356484,5.1308612160440385e-05,1.314600224476736e-05
12.558400095356482,5.4653457674418444e-05,1.2478218699018207e-05
12.560400095356483,3.9600262263878814e-05,1.2297514159475191e-05
12.562400095356484,3.2230838712867476e-05,1.2422332682287538e-05
12.564400095356483,3.48926532213945e-05,1.269484380375633e-05
12.566400095356482,3.913447733711067e-05,1.2925960634983424e-05
12.568400095356482,2.53110256486915e-05,1.2691522328426812e-05
12.570400095356483,4.828755857227485e-05,1.2517952418204757e-05
12.572400095356482,5.607188546320626e-05,1.2394464303016477e-05
12.57440009535648,5.8092850418257826e-05,1.2327537310865662e-05
12.576400095356481,8.149311285237504e-05,1.2344286843215725e-05
12.578400095356482,8.061138793202954e-05,1.2648031342820366e-05
12.580400095356481,6.517848286753984e-05,1.2722205023116897e-05
12.58240009535648,4.786643824509018e-05,1.2614696346940674e-05
12.58440009535648,2.467953962212243e-05,1.2372624225291395e-05
12.586400095356481,-6.484848233012186e-06,1.2067971466902713e-05
12.58840009535648,3.73952749631542e-05,1.1920649271125834e-05
12.590400095356479,4.746585546366703e-05,1.2302546153031278e-05
12.59240009535648,5.2839466475374936e-05,1.2566047265701665e-05
12.59440009535648,5.1421252822936687e-05,1.2388042697062234e-05
12.59640009535648,3.7049726952787386e-05,1.1733056618959295e-05
12.598400095356478,8.38595017874924e-05,1.213814636908969e-05
12.600400095356479,3.3643621760053955e-05,1.2691664313473438e-05
12.60240009535648,2.712211446564258e-05,1.268645431357629e-05
12.604400095356478,4.91285539992897e-05,1.2232956023730701e-05
12.606400095356477,3.268930597390591e-05,1.1809826696629626e-05
12.608400095356478,2.8630883675415003e-05,1.206837315149801e-05
12.610400095356479,-3.7023959192280725e-07,1.2510076474024e-05
12.612400095356477,1.1391672883995666e-05,1.25392692194057e-05
12.614400095356476,3.966878899007787e-05,1.2104536697329834e-05
12.616400095356477,2.9961782034234614e-05,1.1474363794159243e-05
12.618400095356478,9.00466459862762e-07,1.1771283353781878e-05
12.620400095356477,1.7984853261806957e-05,1.2359846392329251e-05
12.622400095356475,3.118535960668651e-05,1.2513030862933618e-05
12.624400095356476,3.084826187215393e-05,1.2148703798285936e-05
12.626400095356477,2.3766760258034592e-05,1.1556003149050298e-05
12.628400095356476,2.1347816447645538e-05,1.198809342376613e-05
12.630400095356475,2.8753156014392554e-05,1.2373473970525139e-05
12.632400095356475,3.593631194167686e-05,1.2541869833810285e-05
12.634400095356476,3.391521674293394e-05,1.2519744571880442e-05
12.636400095356475,1.9206361034050046e-05,1.2439923107862572e-05
12.638400095356474,4.0156812213413374e-05,1.2607941302708202e-05
12.640400095356474,5.6959306648256193e-05,1.2942400268391412e-05
12.642400095356475,3.969818439703711e-05,1.2924124744979924e-05
12.644400095356474,1.4555933259061674e-05,1.265881531241929e-05
12.646400095356473,2.4151501749729018e-05,1.2507060156152541e-05
12.648400095356473,3.563163068056614e-05,1.2735667878907997e-05
12.650400095356474,3.096825743975214e-05,1.274742758105231e-05
12.652400095356473,1.6967766288705618e-05,1.2679958871429794e-05
12.654400095356472,5.610896164486319e-06,1.271938150507135e-05
12.656400095356473,8.657103534338014e-06,1.3019909886217408e-05
12.658400095356473,9.647054508387991e-06,1.3173030584104875e-05
12.660400095356472,2.4427429408279332e-05,1.2969155517423565e-05
12.662400095356471,2.1988106248457908e-05,1.2963002654985782e-05
12.664400095356472,1.8232905284372504e-05,1.3142123980637938e-05
12.666400095356472,4.254231183272465e-05,1.3266028986050486e-05
12.668400095356471,6.515690244530643e-05,1.314133639802361e-05
12.67040009535647,6.799032308845221e-05,1.28104476078464e-05
12.67240009535647,6.528784707887547e-05,1.2775182283479876e-05
12.674400095356471,6.0549817319735836e-05,1.3023981105873585e-05
12.67640009535647,5.4062799676525693e-05,1.3290417860903626e-05
12.67840009535647,5.2800770489061444e-05,1.2923825838991933e-05
12.68040009535647,3.885805223563587e-05,1.2614530829236112e-05
12.68240009535647,3.9803621374220766e-05,1.2731341423693143e-05
12.68440009535647,4.9559779063085844e-05,1.3202309550009001e-05
12.686400095356468,4.916903194959987e-05,1.3713769314977286e-05
12.688400095356469,3.082335860554036e-05,1.3490638381179849e-05
12.69040009535647,4.1772934398228204e-05,1.2920020750799631e-05
12.692400095356469,7.16126452327375e-05,1.2997030779285863e-05
12.694400095356468,8.843971191158979e-05,1.3519822977223584e-05
12.696400095356468,5.979838443059211e-05,1.3797950969616217e-05
12.698400095356469,4.380343138024873e-05,1.3299080702090981e-05
12.700400095356468,1.4847239402518204e-05,1.2912128760364468e-05
12.702400095356467,3.182548421817398e-05,1.3010349672276685e-05
12.704400095356467,6.432359638853857e-05,1.3304178569200559e-05
12.706400095356468,5.628617647656419e-05,1.3256674863941121e-05
12.708400095356467,7.273810151134852e-05,1.2726668885865983e-05
12.710400095356466,5.8274104542050064e-05,1.2549636361396036e-05
12.712400095356466,6.47909455984446e-05,1.2630910341066089e-05
12.714400095356467,7.90950319042696e-05,1.2837507233728545e-05
12.716400095356466,6.643143387073124e-05,1.2992852515649849e-05
12.718400095356465,4.323711475597122e-05,1.2778873053494838e-05
12.720400095356466,5.711956440546214e-05,1.2740031895473345e-05
12.722400095356466,5.6097712465244355e-05,1.2898959219051747e-05
12.724400095356465,3.912891681501913e-05,1.3109985034292289e-05
12.726400095356464,2.5853449402147072e-05,1.3170577041420471e-05
12.728400095356465,3.5437843292190885e-05,1.3082749830507561e-05
12.730400095356465,2.8984922401326956e-05,1.326844529837503e-05
12.732400095356464,3.060609294056968e-05,1.3472459912497064e-05
12.734400095356463,3.858061111656176e-05,1.361018077678581e-05
12.736400095356464,4.2990458427768816e-05,1.3697523607454227e-05
12.738400095356464,5.8027856458625705e-05,1.410995855075264e-05
12.740400095356463,4.097472011725999e-05,1.4257270774158218e-05
12.742400095356462,4.7129190311081376e-05,1.450673943997514e-05
12.744400095356463,6.610538628914042e-05,1.4775695270891736e-05
12.746400095356464,6.660034624656604e-05,1.4858301854713174e-05
12.748400095356462,7.915225250660835e-05,1.5143499585407237e-05
12.750400095356461,5.591182454814691e-05,1.5022246497568243e-05
12.752400095356462,4.406093879786594e-05,1.4677490308867466e-05
12.754400095356463,5.425924790833292e-05,1.4448848579277355e-05
12.756400095356462,7.989913814403255e-05,1.4665130681757337e-05
12.75840009535646,9.061729139207337e-05,1.4794344736355845e-05
12.760400095356461,0.00010466520933578635,1.4375903575167046e-05
12.762400095356462,8.19861481356003e-05,1.4116058631132915e-05
12.76440009535646,4.9855265946475545e-05,1.4252333127828864e-05
12.76640009535646,5.4701558671168474e-05,1.4738987518765068e-05
12.76840009535646,4.880293180911423e-05,1.4602580378257968e-05
12.770400095356461,3.2743804576151845e-05,1.4198949775038477e-05
12.77240009535646,2.8672651394608855e-05,1.4256109354338817e-05
12.774400095356459,4.084163250487681e-05,1.4709061483327848e-05
12.77640009535646,6.380297697178514e-05,1.5131929894118165e-05
12.77840009535646,7.166477762346913e-05,1.484399605731204e-05
12.780400095356459,7.473445683683903e-05,1.4773496142084699e-05
12.782400095356458,7.028621106256983e-05,1.5052953010837444e-05
12.784400095356458,5.5139423905484366e-05,1.5509186417516897e-05
12.78640009535646,3.2072389429062755e-05,1.5805301634679004e-05
12.788400095356458,6.231435332948562e-05,1.5351374180955476e-05
12.790400095356457,3.315035440334916e-05,1.5607437994990372e-05
12.792400095356458,6.20559891009703e-05,1.5766322551635244e-05
12.794400095356458,0.00011479842798665963,1.561688644483903e-05
12.796400095356457,0.0001075664654686057,1.525704800705839e-05
12.798400095356456,8.842863809781619e-05,1.5508161398107523e-05
12.800400095356457,7.001422780593476e-05,1.5962366055450743e-05
12.802400095356457,5.4180923432023786e-05,1.6080630111910252e-05
12.804400095356456,6.191702873505219e-05,1.5938124182118218e-05
12.806400095356455,0.00010672405610076263,1.584950343464777e-05
12.808400095356456,5.083385106475411e-05,1.5927976121777593e-05
12.810400095356457,0.00014114236023438477,1.5594370621192014e-05
12.812400095356455,0.00016061530659782343,1.5218566491880378e-05
12.814400095356454,0.0001042793793533289,1.5007184021173515e-05
12.816400095356455,4.8314307608969735e-05,1.5036116979731968e-05
12.818400095356456,1.0117052541922661e-05,1.4673018238523825e-05
12.820400095356455,1.294812140234281e-05,1.4203640570989189e-05
12.822400095356453,2.6969249732793217e-05,1.392947128382388e-05
12.824400095356454,3.962344238330369e-05,1.394960544304851e-05
12.826400095356455,4.5907686959436106e-05,1.4213835552506666e-05
12.828400095356454,5.5714428036561594e-05,1.407256426600398e-05
12.830400095356453,3.8380753239796676e-05,1.4056534734134732e-05
12.832400095356453,1.7558303325483183e-05,1.4403121812388084e-05
12.834400095356454,1.9017287293857623e-05,1.4951250977306137e-05
12.836400095356453,6.152514398876223e-05,1.5322510189335213e-05
12.838400095356452,8.244107374839563e-05,1.4712734256308997e-05
12.840400095356452,5.762201181786804e-05,1.4742528176980258e-05
12.842400095356453,4.500915810962346e-05,1.5161251104957034e-05
12.844400095356452,4.047871398049618e-05,1.537730826296458e-05
12.84640009535645,1.8494727550282406e-05,1.4830557643090282e-05
12.848400095356451,-1.0878443054991078e-05,1.486410716822402e-05
12.850400095356452,-1.178723383373192e-05,1.5260614908635383e-05
12.852400095356451,1.5943502300184116e-05,1.5251677041727278e-05
12.85440009535645,6.385063586705727e-05,1.5097512600230008e-05
12.85640009535645,0.00011238556629578093,1.544071554765563e-05
12.858400095356451,7.973589704316067e-05,1.6502073611412846e-05
12.86040009535645,7.21062049853962e-05,1.658056325196009e-05
12.862400095356449,3.73540083656651e-05,1.6389914051568046e-05
12.86440009535645,1.0713021429968291e-05,1.6248131433188353e-05
12.86640009535645,4.525941681881099e-05,1.633723036286337e-05
12.86840009535645,1.2420253829945379e-05,1.6874409502490536e-05
12.870400095356448,4.2158318521096555e-05,1.656672661361649e-05
12.872400095356449,8.664585370078077e-05,1.606422140799264e-05
12.87440009535645,9.234140643701825e-05,1.5968005711960256e-05
12.876400095356448,2.343185884395382e-05,1.669375075700741e-05
12.878400095356447,5.614807992200423e-05,1.685308108061492e-05
12.880400095356448,7.254461768109001e-05,1.606252661385109e-05
12.882400095356449,5.4204113322252886e-05,1.5614052557484162e-05
12.884400095356447,3.215377399787322e-05,1.574800617282211e-05
12.886400095356446,4.696060129469767e-05,1.619828519570372e-05
12.888400095356447,1.907039924835011e-05,1.5923510305866994e-05
12.890400095356448,1.8194592431928407e-05,1.5754051535718413e-05
12.892400095356447,2.8899072222504438e-05,1.6056828090911225e-05
12.894400095356445,4.108134578004048e-05,1.6549792082779314e-05
12.896400095356446,4.779725475503208e-05,1.67434265274418e-05
12.898400095356447,6.000201959716223e-05,1.6893094005056922e-05
12.900400095356446,-3.4870494401170278e-06,1.7294307703111032e-05
12.902400095356445,-2.3647178436656095e-05,1.748856716081927e-05
12.904400095356445,-8.638195139632676e-06,1.7564780478796548e-05
12.906400095356446,-9.956362497419208e-06,1.779882279650841e-05
12.908400095356445,1.109595845743794e-05,1.807354488428381e-05
12.910400095356444,2.170512703089818e-05,1.829892387731995e-05
12.912400095356444,3.899729539422171e-05,1.819543556985607e-05
12.914400095356445,3.992262633570562e-05,1.7988889199893233e-05
12.916400095356444,-5.217226239190052e-06,1.8029691267867258e-05
12.918400095356443,-3.065265513676772e-05,1.7731266166701672e-05
12.920400095356444,5.524309160564184e-06,1.7284646757483194e-05
12.922400095356444,7.324489264797198e-06,1.695475263648922e-05
12.924400095356443,-1.4605621294444438e-05,1.6821294232644397e-05
12.926400095356442,-1.2234764893997914e-05,1.6849873844213736e-05
12.928400095356443,-8.064491057338305e-07,1.6650354600257592e-05
12.930400095356443,-2.824323035626203e-05,1.6289684831275302e-05
12.932400095356442,-1.6468824004932733e-05,1.651121189836666e-05
12.934400095356441,1.2026722638075833e-05,1.692320429878745e-05
12.936400095356442,4.103994554605533e-06,1.675379493072164e-05
12.938400095356442,1.7412958105198367e-05,1.6207424863977898e-05
12.940400095356441,5.788675942640559e-06,1.6505164415679187e-05
12.94240009535644,3.909866720698602e-05,1.6859462685445562e-05
12.94440009535644,8.537513663261085e-05,1.671521314331825e-05
12.946400095356442,7.630588501089546e-05,1.5764111653819616e-05
12.94840009535644,3.586957013697743e-06,1.5313822801470692e-05
12.95040009535644,1.240239679242236e-05,1.5888975961387926e-05
12.95240009535644,9.207373879795847e-06,1.622601738058339e-05
12.95440009535644,2.402767769930827e-06,1.5856154878634723e-05
12.95640009535644,3.334145677470372e-05,1.4813692069690513e-05
12.958400095356438,6.718330516594111e-05,1.4956837093893123e-05
12.960400095356439,3.020387862784736e-05,1.5196494610985402e-05
12.96240009535644,-5.561524059048711e-06,1.4950301076578044e-05
12.964400095356439,-1.5003084265560382e-05,1.4601372907213316e-05
12.966400095356438,8.945857236951859e-06,1.481537605241635e-05
12.968400095356438,7.789766309245355e-05,1.5015153465574553e-05
12.970400095356439,4.308546200135073e-05,1.4589402406481637e-05
12.972400095356438,5.82772254754737e-05,1.4346494358357488e-05
12.974400095356437,9.979964736049812e-05,1.4395522977972455e-05
12.976400095356437,8.344436610571174e-05,1.45433446274448e-05
12.978400095356438,4.261084638909013e-05,1.4406507975944344e-05
12.980400095356437,4.12054099392052e-06,1.431021283003931e-05
12.982400095356436,4.464441881210414e-05,1.4025796089638457e-05
12.984400095356436,9.524045494783117e-05,1.36806386190211e-05
12.986400095356437,4.840497324536773e-05,1.35554308756537e-05
12.988400095356436,2.8866103013702496e-05,1.3973703214845958e-05
12.990400095356435,1.8844665651914338e-06,1.4023312036619878e-05
12.992400095356436,6.929050096600788e-06,1.4028692729887367e-05
12.994400095356436,2.605562588354591e-05,1.4106860725868909e-05
12.996400095356435,2.1252214059091507e-05,1.4253023871595722e-05
12.998400095356434,-3.0368325626662757e-06,1.4016595781035654e-05
13.000400095356435,1.6468115723148185e-07,1.353848283090054e-05
13.002400095356435,2.5069412294113414e-05,1.3319110099111681e-05
13.004400095356434,5.702953442195018e-05,1.3481783539489118e-05
13.006400095356433,7.98389268422359e-05,1.3997377124994675e-05
13.008400095356434,0.00010960187254185991,1.4949387989979348e-05
13.010400095356434,9.371636774406892e-05,1.4829453663047419e-05
13.012400095356433,7.337010789319623e-05,1.4438573525119284e-05
13.014400095356432,7.587138562963545e-05,1.4016423074972785e-05
13.016400095356433,0.00011263818103971378,1.3584598440399553e-05
13.018400095356434,8.559228893598735e-05,1.3010430136938872e-05
13.020400095356433,4.366946493098332e-05,1.300119411328463e-05
13.022400095356431,4.218887841216923e-05,1.3233124509012198e-05
13.024400095356432,6.0887012622865753e-05,1.3334523719599065e-05
13.026400095356433,5.471245830275797e-05,1.300667573431419e-05
13.028400095356432,5.0497165254785457e-05,1.3026344530882365e-05
13.03040009535643,5.0547488482603755e-05,1.3327337115462717e-05
13.032400095356431,5.7890538844128005e-05,1.33343103654561e-05
13.034400095356432,8.157909426891442e-05,1.3113593637483662e-05
13.03640009535643,0.00012672810015394755,1.2981673311982854e-05
13.03840009535643,0.00013875705241801748,1.3079629106065654e-05
13.04040009535643,0.0001105732692652116,1.3130524217230296e-05
13.042400095356431,6.56364532675994e-05,1.2955092996272985e-05
13.04440009535643,3.27130946806269e-05,1.2598794826077277e-05
13.046400095356429,3.717627556071324e-05,1.2222725879399453e-05
13.04840009535643,3.927113767246239e-05,1.2139460614591503e-05
13.05040009535643,4.170130475522721e-05,1.2401270903313654e-05
13.052400095356429,5.408235238403684e-05,1.2370861875814599e-05
13.054400095356428,7.527318316346127e-05,1.2082571729030445e-05
13.056400095356429,9.94226493692338e-05,1.1875522905904663e-05
13.05840009535643,0.00012146746979721688,1.2356780734616575e-05
13.060400095356428,4.946143082147263e-05,1.2352123677103269e-05
13.062400095356427,4.098271501187023e-05,1.2078848078357375e-05
13.064400095356428,7.195798324857407e-05,1.1985829531301464e-05
13.066400095356428,5.949550430028551e-05,1.2491812776099236e-05
13.068400095356427,8.153580123170326e-05,1.2632608779442908e-05
13.070400095356426,5.0654659270091244e-05,1.2400606602254553e-05
13.072400095356427,1.538054967488436e-05,1.2393496637856975e-05
13.074400095356427,7.157698665056112e-06,1.2582634469330036e-05
13.076400095356426,4.135639948727628e-05,1.2665780498146478e-05
13.078400095356425,3.5156725780759995e-05,1.2170728681815868e-05
13.080400095356426,6.659388610316477e-05,1.2299889372665402e-05
13.082400095356427,6.293335281469664e-05,1.252841488534477e-05
13.084400095356425,3.795004480932036e-05,1.2538231585095648e-05
13.086400095356424,3.454632888081147e-05,1.21759221742687e-05
13.088400095356425,2.7646464105520327e-05,1.2200997743975833e-05
13.090400095356426,3.952642067072819e-05,1.2382769010662522e-05
13.092400095356425,1.268571754540387e-05,1.2523634989322795e-05
13.094400095356423,-9.671388997026779e-06,1.2559942308310111e-05
13.096400095356424,4.037354750660401e-05,1.248019314380354e-05
13.098400095356425,5.974521827262549e-05,1.2243418840247903e-05
13.100400095356424,6.274807074748078e-05,1.218769504711782e-05
13.102400095356423,4.601844288516304e-05,1.2251972792544103e-05
13.104400095356423,2.5700201563639316e-05,1.2300909986557458e-05
13.106400095356424,2.4808420314839168e-05,1.2202960440509483e-05
13.108400095356423,4.753123120621844e-05,1.2231606765227701e-05
13.110400095356422,3.0226473117033166e-05,1.2734436814144011e-05
13.112400095356422,1.269412798791114e-05,1.2796424046358066e-05
13.114400095356423,8.982468473290796e-06,1.2495710051814427e-05
13.116400095356422,2.0020542769302178e-05,1.2318115184655365e-05
13.11840009535642,1.5415242754952083e-05,1.2697261061630542e-05
13.120400095356421,1.5287909506200067e-05,1.2690823368916747e-05
13.122400095356422,1.6610781828465865e-05,1.2610286544399348e-05
13.124400095356421,2.4238120632376837e-05,1.2582984292081173e-05
13.12640009535642,3.9556177370520586e-05,1.2665160173741163e-05
13.12840009535642,-2.340287492122171e-06,1.2879794777723504e-05
13.130400095356421,1.0204320198289887e-05,1.234738544722651e-05
13.13240009535642,1.6077469303360925e-05,1.2335342356855772e-05
13.134400095356419,2.0307402158525218e-05,1.274373339102952e-05
13.13640009535642,4.668764848041178e-05,1.2939517453328195e-05
13.13840009535642,4.325150104997458e-05,1.259818869147327e-05
13.14040009535642,4.170954570897374e-05,1.2657368154195452e-05
13.142400095356418,3.336874375848969e-05,1.287979523894247e-05
13.144400095356419,3.052966810814272e-05,1.2887692356186389e-05
13.14640009535642,5.0636760325770396e-05,1.238883054342648e-05
13.148400095356418,7.643356804112026e-05,1.2618619725800782e-05
13.150400095356417,7.325019522269732e-05,1.2979982220006227e-05
13.152400095356418,5.279931638448122e-05,1.2969287101344391e-05
13.154400095356419,3.42459634274936e-05,1.2708347201919217e-05
13.156400095356418,3.405323571029878e-05,1.2544210529941027e-05
13.158400095356416,1.1116561824080551e-06,1.2410297937208246e-05
13.160400095356417,9.278969259920246e-06,1.2296442552022188e-05
13.162400095356418,2.920963765199386e-05,1.2333227338155674e-05
13.164400095356417,5.325726171836668e-05,1.244791562795423e-05
13.166400095356416,7.75557140628097e-05,1.2492592048990998e-05
13.168400095356416,5.705662249777502e-05,1.2450183331671183e-05
13.170400095356417,3.784937773546518e-05,1.2668709750207423e-05
13.172400095356416,5.897284450687241e-05,1.2718344846940643e-05
13.174400095356415,7.834906797604048e-05,1.2702735270806635e-05
13.176400095356415,3.469868193566566e-05,1.2879744411879574e-05
13.178400095356416,1.708399529324003e-05,1.2856907963456641e-05
13.180400095356415,5.830624384102209e-06,1.2722402363068343e-05
13.182400095356414,1.1232689644921865e-05,1.2641716771128741e-05
13.184400095356414,3.415158957744348e-05,1.2603918890854926e-05
13.186400095356415,6.628568131335056e-05,1.2533300910038776e-05
13.188400095356414,5.315400382120499e-05,1.2427075651398335e-05
13.190400095356413,5.9317748343107684e-05,1.2513923094231962e-05
13.192400095356414,7.427508618558721e-05,1.2667779580231704e-05
13.194400095356414,7.77409288251812e-05,1.2685895190994879e-05
13.196400095356413,5.122915992191101e-05,1.243735275337703e-05
13.198400095356412,3.840197204710402e-05,1.2871090185345192e-05
13.200400095356413,3.757558948697851e-05,1.2996755083875168e-05
13.202400095356413,3.7529617148793914e-05,1.2849673373968866e-05
13.204400095356412,4.212124111109327e-05,1.2645570500090935e-05
13.206400095356411,5.760870137298596e-05,1.2673440311579903e-05
13.208400095356412,5.522176075653319e-05,1.3095857084982418e-05
13.210400095356412,3.4198674264566e-05,1.2956841616466503e-05
13.212400095356411,2.3582961112943523e-05,1.291622364682795e-05
13.21440009535641,3.084081708299779e-05,1.3168087897368996e-05
13.216400095356411,5.1525864068472716e-05,1.3689077126284687e-05
13.218400095356412,5.187776770402141e-05,1.4155452403000886e-05
13.22040009535641,6.127697356437164e-05,1.4392055787266215e-05
13.22240009535641,6.124312109570144e-05,1.4283172505953768e-05
13.22440009535641,5.342738073161388e-05,1.4047937166053902e-05
13.22640009535641,4.602518571536702e-05,1.3993228509986322e-05
13.22840009535641,2.8088011333315867e-05,1.3782363879852265e-05
13.230400095356408,4.0539605087986673e-07,1.378173671092786e-05
13.23240009535641,1.0071154519691226e-05,1.3791317561589693e-05
13.23440009535641,3.227255966431174e-05,1.3835702460096148e-05
13.236400095356409,2.0939639948830145e-05,1.3996008993403891e-05
13.238400095356408,2.1327935215721265e-05,1.4042932089810082e-05
13.240400095356408,1.7924791647863348e-05,1.4010583564669618e-05
13.242400095356409,3.365663878057306e-05,1.4069942780096064e-05
13.244400095356408,4.5144864452175336e-05,1.411902719835398e-05
13.246400095356407,2.190538523833756e-05,1.3989238260794631e-05
13.248400095356407,5.6706589807978006e-05,1.3971870260472586e-05
13.250400095356408,8.28551148011653e-05,1.4127126837207218e-05
13.252400095356407,6.889131328403144e-05,1.4147102969540289e-05
13.254400095356406,4.612939787623782e-05,1.4205998792303332e-05
13.256400095356407,5.909045970775637e-05,1.4560881653325795e-05
13.258400095356407,1.313335949620552e-05,1.4313445275668024e-05
13.260400095356406,2.7690580556990435e-05,1.4145827726622001e-05
13.262400095356405,4.692986313141268e-05,1.4148978662892766e-05
13.264400095356406,4.8203829915117205e-05,1.4180946101377436e-05
13.266400095356406,2.389933197883409e-05,1.4027711255620084e-05
13.268400095356405,-1.0101263996224479e-05,1.3765301184724672e-05
13.270400095356404,-2.1295285192265893e-05,1.3749912599214839e-05
13.272400095356405,-1.8338043112432494e-06,1.3815962901700137e-05
13.274400095356405,1.6887741762711424e-05,1.398933339910268e-05
13.276400095356404,-2.453848267840896e-06,1.4323490093892154e-05
13.278400095356403,1.6643503935133233e-05,1.4440948005875167e-05
13.280400095356404,5.139374638110376e-05,1.4508680222911066e-05
13.282400095356405,3.458067926836829e-05,1.471823340960814e-05
13.284400095356403,2.1709220748007562e-06,1.4959467891635867e-05
13.286400095356402,2.048630078537518e-05,1.5051397697759365e-05
13.288400095356403,2.458803854844375e-05,1.5375927060676026e-05
13.290400095356404,5.048013214737756e-05,1.5908217271038e-05
13.292400095356403,6.346020485413155e-05,1.5983550400501732e-05
13.294400095356401,4.9694331636489865e-05,1.5828163837012325e-05
13.296400095356402,1.300026568788415e-05,1.5943566854839377e-05
13.298400095356403,4.667405834442991e-05,1.582085577444967e-05
13.300400095356402,9.52010120700214e-05,1.5491389408037657e-05
13.3024000953564,8.846544054111474e-05,1.5593202710387028e-05
13.304400095356401,5.255643172608184e-05,1.57907289394471e-05
13.306400095356402,4.8338497323085786e-05,1.5465161974404946e-05
13.3084000953564,7.615060616279678e-05,1.5234280735081019e-05
13.3104000953564,6.41344645349892e-05,1.5406285542252652e-05
13.3124000953564,5.365999828434933e-05,1.5302708255812746e-05
13.314400095356401,6.189664258635705e-05,1.5028171142658255e-05
13.3164000953564,8.84739707433386e-05,1.4967416524875442e-05
13.318400095356399,5.1094264223604065e-05,1.5085512747718498e-05
13.3204000953564,3.415326835618558e-05,1.4858048948612845e-05
13.3224000953564,2.6342633923878122e-05,1.4816369049206639e-05
13.324400095356399,2.9878866544282904e-05,1.4953313814806837e-05
13.326400095356398,5.005447685268981e-05,1.5055373654800657e-05
13.328400095356399,7.554788474285943e-05,1.505775258445565e-05
13.3304000953564,6.23648997636756e-05,1.5572002107467012e-05
13.332400095356398,6.447289486972219e-05,1.584914044990796e-05
13.334400095356397,7.725229884687826e-05,1.5882830640061292e-05
13.336400095356398,7.333492552893154e-05,1.6002888805376537e-05
13.338400095356398,3.506149415118859e-05,1.6878309566500438e-05
13.340400095356397,9.802428382806914e-05,1.684724793411728e-05
13.342400095356396,0.00010350464164680709,1.1063905116114036e-05
13.344400095356397,9.484355330797763e-05,1.118768234293112e-05
13.346400095356397,8.356348499626907e-05,1.1344943022330854e-05
13.348400095356396,6.732278427013282e-05,1.1412541219677648e-05
13.350400095356395,5.8834095051399836e-05,1.1610839187878348e-05
13.352400095356396,7.255127584703723e-05,1.1717176373461473e-05
13.354400095356397,0.0001016888566207685,1.173105955393795e-05
13.356400095356395,0.00012189252496494176,1.1724062445044364e-05
13.358400095356394,4.855828803279834e-05,1.1715028190307677e-05
13.360400095356395,4.6519641988272886e-05,1.1628961787773169e-05
13.362400095356396,5.602285106738134e-05,1.1600003615665739e-05
13.364400095356395,5.961708355581857e-05,1.1729241790681453e-05
13.366400095356394,5.176861162284201e-05,1.2025776675853718e-05
13.368400095356394,4.372232654495227e-05,1.189091650247874e-05
13.370400095356395,2.7636246575076608e-05,1.1933780085141691e-05
13.372400095356394,1.7946028594656e-05,1.1888477084350673e-05
13.374400095356393,1.9493730502737383e-05,1.1750344552968861e-05
13.376400095356393,2.984598054028587e-05,1.1632656865471468e-05
13.378400095356394,2.0381575812225043e-05,1.1751554308563862e-05
13.380400095356393,2.2461007208933368e-05,1.1810512240121392e-05
13.382400095356392,1.6617249035972857e-05,1.1920186151285255e-05
13.384400095356392,1.1174602454707258e-05,1.2023190399911837e-05
13.386400095356393,2.2378367928774373e-05,1.1961040433191218e-05
13.388400095356392,6.728838960088656e-05,1.1951596435351633e-05
13.39040009535639,0.0001072756682532305,1.2197327451563684e-05
13.392400095356392,0.00010122086973606792,1.2392321045520009e-05
13.394400095356392,6.348926716608979e-05,1.245070700046206e-05
13.396400095356391,3.290012565261626e-05,1.237448748900864e-05
13.39840009535639,8.570631795483697e-05,1.2354856448446632e-05
13.40040009535639,0.00010058093910141022,1.2165579019080756e-05
13.402400095356391,0.00010811513063131458,1.2201903521036245e-05
13.40440009535639,0.00010584026072788114,1.234212273673556e-05
13.406400095356389,8.198737372823808e-05,1.2283002866774168e-05
13.40840009535639,6.038429292927007e-05,1.2050191685347108e-05
13.41040009535639,7.090607903766171e-05,1.2044171263958732e-05
13.41240009535639,6.247819637751259e-05,1.2073811222730276e-05
13.414400095356388,4.897505930869773e-05,1.2128878165270256e-05
13.416400095356389,6.429777969410383e-05,1.2253403647332814e-05
13.41840009535639,7.978822106081522e-05,1.2345606598892434e-05
13.420400095356388,4.4226728813260766e-05,1.214293537217724e-05
13.422400095356387,3.969544943416711e-05,1.2102213360449978e-05
13.424400095356388,5.705753812346153e-05,1.2228592504916667e-05
13.426400095356389,5.6828739038248295e-05,1.2339257375911233e-05
13.428400095356388,7.799758448606192e-05,1.2224330316041723e-05
13.430400095356386,6.173836392609659e-05,1.2137586503496781e-05
13.432400095356387,6.0563353416710654e-05,1.2064954142214062e-05
13.434400095356388,6.489566223007723e-05,1.1978553626797895e-05
13.436400095356387,4.7585722175523876e-05,1.1841272250264105e-05
13.438400095356386,5.451824543134663e-05,1.159082182330365e-05
13.440400095356386,6.408184307280311e-05,1.1413749544381686e-05
13.442400095356387,6.556109871029008e-05,1.134668761398872e-05
13.444400095356386,5.458674502581267e-05,1.135480548338161e-05
13.446400095356385,3.632592649520878e-05,1.1367080989502358e-05
13.448400095356385,4.804984547669387e-05,1.1330267593800703e-05
13.450400095356386,4.7426764793966854e-05,1.1354523725939043e-05
13.452400095356385,7.276074087416535e-05,1.1533888679332532e-05
13.454400095356384,0.00010372219172200997,1.1812263242249806e-05
13.456400095356384,9.852555141614612e-05,1.2041777197538774e-05
13.458400095356385,3.198846653576841e-05,1.190974589846269e-05
13.460400095356384,3.938259950867895e-06,1.2130530289219317e-05
13.462400095356383,3.4511241577181185e-06,1.2241046053392465e-05
13.464400095356384,1.794012481926902e-05,1.2192130472806842e-05
13.466400095356384,3.207096900634686e-05,1.2128921836928053e-05
13.468400095356383,3.556305827917185e-05,1.2318215913798694e-05
13.470400095356382,3.187622537729685e-05,1.2537609321218315e-05
13.472400095356383,3.886154241626258e-05,1.712818856624601e-05
13.474400095356383,4.728447074490632e-05,1.7081722725024275e-05
13.476400095356382,5.776812348160053e-05,1.6736983099133896e-05
13.478400095356381,6.149338522294298e-05,1.648251342429933e-05
13.480400095356382,5.036621542177595e-05,1.680768550850656e-05
13.482400095356383,2.9422108823817335e-05,1.6668440562568073e-05
13.484400095356381,1.4452936530807857e-05,1.637101368834956e-05
13.48640009535638,2.3695296562044937e-05,1.6637412071770833e-05
13.488400095356381,5.2250573616070566e-05,1.67861965440249e-05
13.490400095356382,6.682095666122695e-05,1.683897707149257e-05
13.49240009535638,4.299979319592267e-05,1.6761949410134847e-05
13.49440009535638,3.3425017276645534e-05,1.6623506632580072e-05
13.49640009535638,0.00010085603161886668,1.6489091512501296e-05
13.49840009535638,8.216820950203612e-05,1.5905021033683212e-05
13.50040009535638,9.091709897391306e-05,1.5757880938022404e-05
13.502400095356379,7.090972597181362e-05,1.5612335588261026e-05
13.50440009535638,4.9437900820746875e-05,1.556420345992643e-05
13.50640009535638,7.735871443550158e-05,1.5827978649697877e-05
13.508400095356379,9.71626301753659e-05,1.571758958286871e-05
13.510400095356378,7.845537432270337e-05,1.569053968792746e-05
13.512400095356378,5.0737093634061624e-05,1.5628881784647402e-05
13.514400095356379,2.6939666487228624e-05,1.5613570517517795e-05
13.516400095356378,1.5406250763876055e-05,1.577982069829443e-05
13.518400095356377,3.8779500237912565e-05,1.6007793741588493e-05
13.520400095356377,5.3247608250066844e-05,1.6270540733743292e-05
13.522400095356378,4.926227426112177e-05,1.659326683412112e-05
13.524400095356377,3.115585776409387e-05,1.6746801766911162e-05
13.526400095356376,1.5504905609612707e-05,1.650560021937381e-05
13.528400095356377,7.824625765015354e-05,1.672671868020341e-05
13.530400095356377,8.033491142995774e-05,1.717382885971533e-05
13.532400095356376,5.078423836441494e-05,1.7129802140401737e-05
13.534400095356375,3.194589179190357e-05,1.6878190977614006e-05
13.536400095356376,6.535212129116264e-05,1.699568475877014e-05
13.538400095356376,0.00011320082877771916,1.6774479268943555e-05
13.540400095356375,0.00010943909493720649,1.6755467588224238e-05
13.542400095356374,9.840283726639578e-05,1.6593252054308772e-05
13.544400095356375,9.25793817992645e-05,1.655012086787149e-05
13.546400095356375,9.009609299871145e-05,1.6966591169342357e-05
13.548400095356374,6.485342374689726e-05,1.6476098666700406e-05
13.550400095356373,7.611414048149685e-05,1.6171231278158027e-05
13.552400095356374,8.004518702433087e-05,1.602988119647485e-05
13.554400095356375,8.272556666015617e-05,1.593836220987308e-05
13.556400095356373,0.00010093605240702867,1.5762173923515722e-05
13.558400095356372,5.7234571739903435e-05,1.5615944343684832e-05
13.560400095356373,8.034397711494989e-05,1.5538258781701613e-05
13.562400095356374,8.647902610922522e-05,1.5462639439595073e-05
13.564400095356373,7.424504084766446e-05,1.536308645076506e-05
13.566400095356371,6.865213771274729e-05,1.5225565325049186e-05
13.568400095356372,2.5658274658594016e-05,1.499661474535986e-05
13.570400095356373,2.0963634572057924e-05,1.494233912180061e-05
13.572400095356372,5.3969704974690974e-05,1.5040277107910608e-05
13.57440009535637,9.349432483515659e-05,1.5233269521910693e-05
13.576400095356371,0.00010231445914014136,1.539900202624106e-05
13.578400095356372,0.0001255323097734285,1.497388998080094e-05
13.58040009535637,0.00011468919320416833,1.5126801395912358e-05
13.58240009535637,9.750382301865285e-05,1.5240313907726955e-05
13.58440009535637,8.7958352367208e-05,1.542590625015814e-05
13.586400095356371,9.138814886405566e-05,1.5930382640015872e-05
13.58840009535637,7.585959586542065e-05,1.5452368650628708e-05
13.590400095356369,6.304508068941201e-05,1.5368591970391715e-05
13.59240009535637,6.896609325027057e-05,1.5329454306786115e-05
13.59440009535637,7.558526624881464e-05,1.545562758489024e-05
13.596400095356369,5.868978757636375e-05,1.5959342082923038e-05
13.598400095356368,7.780458914347075e-05,1.614568468422975e-05
13.600400095356369,7.833434035544607e-05,1.6494020397952978e-05
13.60240009535637,0.00010400839289235997,1.6426962315480043e-05
13.604400095356368,0.00013431336046128276,1.621467395155957e-05
13.606400095356367,0.0001311554871826427,1.6396307571029576e-05
13.608400095356368,0.00014749507583514644,1.663961260164945e-05
13.610400095356368,0.0001378654795067599,1.6602233290701838e-05
13.612400095356367,0.00010518491640988423,1.6602410604917757e-05
13.614400095356366,7.184596994989095e-05,1.6896975733658417e-05
13.616400095356367,6.401018969366612e-05,1.7610344681945206e-05
13.618400095356368,5.539363194095858e-05,1.7785958041092815e-05
13.620400095356366,4.67033949140706e-05,1.8264587240174792e-05
13.622400095356365,3.486545036049541e-05,1.7945159375881438e-05
13.624400095356366,3.7059906542746854e-05,1.7266867742199415e-05
13.626400095356367,6.940314608826431e-05,1.7155389632092525e-05
13.628400095356366,5.476413403605421e-05,1.6897598177715034e-05
13.630400095356364,8.67767300675019e-05,1.6891951114598035e-05
13.632400095356365,0.00011224069971957107,1.6841307601558086e-05
13.634400095356366,0.00012345217216150022,1.683172744840658e-05
13.636400095356365,0.0001284048486171994,1.7009773247910776e-05
13.638400095356364,0.00010983720403723051,1.658452674664852e-05
13.640400095356364,7.186243917384526e-05,1.6863447106660724e-05
13.642400095356365,5.718266481584858e-05,1.689192230564574e-05
13.644400095356364,6.549144546007966e-05,1.6825260139147713e-05
13.646400095356363,7.794761887070108e-05,1.715483263177598e-05
13.648400095356363,7.173459837375413e-05,1.723660135658312e-05
13.650400095356364,9.290059985499105e-05,1.7202449865697207e-05
13.652400095356363,0.00011301766033873145,1.7135607541726804e-05
13.654400095356362,0.00011068133007380616,1.7141143057663803e-05
13.656400095356362,7.733496123015412e-05,1.724699879207651e-05
13.658400095356363,0.0001069078887629776,1.6582317741769695e-05
13.660400095356362,0.00011798255308259884,1.6626030806627394e-05
13.662400095356361,0.00010596423725639161,1.6666534412070087e-05
13.664400095356362,9.563582085570951e-05,1.668229711096884e-05
13.666400095356362,0.00011672863989241611,1.6869623505015116e-05
13.668400095356361,0.00011905448005376305,1.68997862690416e-05
13.67040009535636,0.0001179384751093864,1.7226098884023756e-05
13.67240009535636,9.397560584617205e-05,1.7237571884689813e-05
13.674400095356361,7.257482690360971e-05,1.708676057453582e-05
13.67640009535636,8.853664848582227e-05,1.7144065262895796e-05
13.67840009535636,8.083184856904039e-05,1.6773416630140788e-05
13.68040009535636,7.945528539460631e-05,1.6791925058519463e-05
13.68240009535636,6.638053826914437e-05,1.6702238847921974e-05
13.68440009535636,7.057638344396133e-05,1.6549318264011564e-05
13.686400095356358,0.00012088804428330003,1.6532416030597298e-05
13.688400095356359,5.052031037728373e-05,1.6200513237614765e-05
13.69040009535636,7.253432660007474e-05,1.6153042236806262e-05
13.692400095356358,0.00010560973978565141,1.594684953392379e-05
13.694400095356357,0.0001132964837149126,1.5709960048525773e-05
13.696400095356358,8.698444442854752e-05,1.5722868098985253e-05
13.698400095356359,0.00013010532588287715,1.545442371471278e-05
13.700400095356358,0.00015288443444441848,1.5464797658501313e-05
13.702400095356357,0.00011669638178492245,1.544109035548631e-05
13.704400095356357,6.17511393489699e-05,1.5458225593559062e-05
13.706400095356358,5.5714732554201383e-05,1.5683588596247353e-05
13.708400095356357,9.8488102907168e-05,1.5665097074760163e-05
13.710400095356356,0.00010819209421375194,1.5844644084251184e-05
13.712400095356356,0.00011077730521607648,1.590224851304264e-05
13.714400095356357,0.00010839181393660511,1.5906891958215438e-05
13.716400095356356,9.671148430388733e-05,1.606643330165798e-05
13.718400095356355,9.57911120211842e-05,1.6388316937372007e-05
13.720400095356355,9.26771347995572e-05,1.6482622619392775e-05
13.722400095356356,9.334854912900155e-05,1.6831972781406438e-05
13.724400095356355,8.617252509623884e-05,1.7040239113994927e-05
13.726400095356354,5.774460248923855e-05,1.6534104714257635e-05
13.728400095356355,4.8751622032790735e-05,1.657566518182935e-05
13.730400095356355,0.0001007496099824295,1.6661563416384963e-05
13.732400095356354,0.00012879272758611174,1.672975012811237e-05
13.734400095356353,0.00010809957519135758,1.6723471363007287e-05
13.736400095356354,5.185926438281031e-05,1.659040808146227e-05
13.738400095356354,0.00010710447595285377,1.6287745051187566e-05
13.740400095356353,6.573572603892487e-05,1.6082177909116255e-05
13.742400095356352,5.902720071315929e-05,1.58249214091226e-05
13.744400095356353,6.127891694726798e-05,1.5625131297431945e-05
13.746400095356353,8.88180340607028e-06,1.562705553744516e-05
13.748400095356352,9.750753159886238e-05,1.527554275363171e-05
13.750400095356351,0.0001057841654135873,1.527588960138116e-05
13.752400095356352,8.891208593128155e-05,1.5249878000028522e-05
13.754400095356353,7.704397689307553e-05,1.51512664207429e-05
13.756400095356351,8.633016726822966e-05,1.5065994648328974e-05
13.75840009535635,7.488925448778965e-05,1.5092377011550853e-05
13.760400095356351,7.935646238567038e-05,1.4642304174499619e-05
13.762400095356352,8.979120234682049e-05,1.447449789150355e-05
13.76440009535635,8.351894567981528e-05,1.4548824741277254e-05
13.76640009535635,4.3035936944953525e-05,1.4542027879890597e-05
13.76840009535635,5.7736690427579946e-05,1.4591215893908675e-05
13.77040009535635,8.992975252844365e-05,1.4680900234118913e-05
13.77240009535635,9.209149835463943e-05,1.47684635141817e-05
13.774400095356349,8.266839218118533e-05,1.4794347265643785e-05
13.77640009535635,0.00010096162853393301,1.472962427877051e-05
13.77840009535635,0.00011889185688533065,1.4924758437819318e-05
13.780400095356349,0.00011311694229327266,1.4805501322385146e-05
13.782400095356348,9.347910370322346e-05,1.4755487525066421e-05
13.784400095356348,8.57560508296968e-05,1.481184972167031e-05
13.786400095356349,0.00011753939591112362,1.48827464599812e-05
13.788400095356348,0.00016405428201638655,1.4982113511143944e-05
13.790400095356347,0.0001473221117160973,1.5093274767777134e-05
13.792400095356347,0.00010982646001017449,1.5310229496710112e-05
13.794400095356348,9.089283078340126e-05,1.5458633655019965e-05
13.796400095356347,0.00011916736020453125,1.5330697086644468e-05
13.798400095356346,0.00011504378821644158,1.5506822437810882e-05
13.800400095356347,0.00012050889008839141,1.5373720558996364e-05
13.802400095356347,0.0001127181598570412,1.5320039056585706e-05
13.804400095356346,9.832020499655926e-05,1.5266912792244807e-05
13.806400095356345,9.538702062586668e-05,1.502619800806419e-05
13.808400095356346,0.00011357614917171109,1.5204134230022754e-05
13.810400095356346,9.486046910656465e-05,1.5292302418968518e-05
13.812400095356345,8.501891871767621e-05,1.5241785734733376e-05
13.814400095356344,8.38909008690601e-05,1.5201417800607788e-05
13.816400095356345,7.642460343587123e-05,1.5354652842054615e-05
13.818400095356346,8.388363534117592e-05,1.5370003614370085e-05
13.820400095356344,5.7342049286453974e-05,1.5198663685235712e-05
13.822400095356343,5.541468194330026e-05,1.5155392297361676e-05
13.824400095356344,6.006196897278551e-05,1.5096174296211028e-05
13.826400095356345,3.125083851570132e-05,1.4778282513923307e-05
13.828400095356344,2.4080163821438396e-05,1.4853999797501565e-05
13.830400095356342,3.391097932904285e-05,1.5006321493166187e-05
13.832400095356343,5.711742870346363e-05,1.4993091390342773e-05
13.834400095356344,6.906916125370838e-05,1.480110844024632e-05
13.836400095356343,4.813596343051567e-05,1.4546536364552717e-05
13.838400095356342,9.495719739583682e-05,1.4656657967128747e-05
13.840400095356342,0.00012511720835103237,1.4613875430843814e-05
13.842400095356343,9.919281525420037e-05,1.4628896823209467e-05
13.844400095356342,5.24985212430523e-05,1.4599663624288607e-05
13.84640009535634,4.599373119996309e-05,1.4377517523255434e-05
13.848400095356341,7.212891960399003e-05,1.4618909487898763e-05
13.850400095356342,4.803955086588254e-05,1.4579169511686094e-05
13.85240009535634,4.6710377776427916e-05,1.4553330506062215e-05
13.85440009535634,6.279498783738002e-05,1.4541966079787088e-05
13.85640009535634,6.117393677065809e-05,1.4455893498307281e-05
13.858400095356341,2.785152648781011e-05,1.4470344519104238e-05
13.86040009535634,3.9977265077487453e-05,1.4500408971168107e-05
13.862400095356339,5.271309715556585e-05,1.4456964738646229e-05
13.86440009535634,7.158008096847941e-05,1.4423871446440556e-05
13.86640009535634,0.00010903677126823343,1.4539005462145738e-05
13.868400095356339,4.762946685447737e-05,1.4762391056055246e-05
13.870400095356338,2.5326512617394856e-05,1.4903025238539746e-05
13.872400095356339,3.240583276803254e-05,1.5078611391166962e-05
13.87440009535634,6.178084794501123e-05,1.5294253198485412e-05
13.876400095356338,0.00010083179091503423,1.5486728109135576e-05
13.878400095356337,8.733414646273201e-05,1.5361563266959338e-05
13.880400095356338,8.573356429061962e-05,1.52953093131776e-05
13.882400095356338,0.00010523541450702794,1.5426963645145902e-05
13.884400095356337,0.0001171389753551016,1.567501283628998e-05
13.886400095356336,8.405441503830433e-05,1.5845152575850698e-05
13.888400095356337,4.258261147932488e-05,1.5583537983380175e-05
13.890400095356338,3.3010099765674004e-05,1.5674481216443242e-05
13.892400095356336,4.990401498927134e-05,1.575318075372386e-05
13.894400095356335,7.823730312532023e-05,1.5807363242057157e-05
13.896400095356336,9.732780121429153e-05,1.594344466128658e-05
13.898400095356337,8.239204258882338e-05,1.6069423270805197e-05
13.900400095356336,9.360472038428137e-05,1.666835344067761e-05
13.902400095356334,8.5292239463425e-05,1.6801430311685584e-05
13.904400095356335,8.559713151668975e-05,1.6568676497693253e-05
13.906400095356336,0.00013562629954363167,1.6457142404404263e-05
13.908400095356335,0.00010334024783931515,1.649070058615181e-05
13.910400095356334,0.0001007189436970038,1.6352468254128894e-05
13.912400095356334,0.00010712420644083911,1.64419838213399e-05
13.914400095356335,0.00011903908219345474,1.6624322488524195e-05
13.916400095356334,0.00013267008253686245,1.6566080490026076e-05
13.918400095356333,7.805521026194355e-05,1.6165601723371205e-05
13.920400095356333,6.789193323701058e-05,1.5692445122314992e-05
13.922400095356334,6.852653851654857e-05,1.5279549528331487e-05
13.924400095356333,6.934181289391846e-05,1.5045326406129438e-05
13.926400095356332,6.907942995323588e-05,1.5068186748337179e-05
13.928400095356332,7.679247497596892e-05,1.5117656185356729e-05
13.930400095356333,8.066522506364132e-05,1.4909279495554599e-05
13.932400095356332,8.127634659627341e-05,1.4926336451879196e-05
13.934400095356331,7.720471230545639e-05,1.5082791998643923e-05
13.936400095356332,6.796003892115396e-05,1.5085349239248786e-05
13.938400095356332,6.854410006920149e-05,1.492353591827655e-05
13.940400095356331,7.618844061530978e-05,1.4713890505604667e-05
13.94240009535633,8.024284021355948e-05,1.4761476333824887e-05
13.94440009535633,8.64267629994681e-05,1.4849657094140748e-05
13.946400095356331,0.00010289703506240846,1.4630885699281751e-05
13.94840009535633,9.532454041356837e-05,1.4649761523362706e-05
13.95040009535633,0.00011223001929203684,1.469222376162218e-05
13.95240009535633,0.00010195435989302201,1.4767336496312366e-05
13.95440009535633,7.816605447801857e-05,1.4818045778597982e-05
13.95640009535633,7.703678594922901e-05,1.4795099291061572e-05
13.958400095356328,8.847874005513911e-05,1.501250672697267e-05
13.960400095356329,7.697116359077387e-05,1.508732847225159e-05
13.96240009535633,5.051348066300469e-05,1.5255063690217509e-05
13.964400095356329,3.182643213501747e-05,1.541220609526629e-05
13.966400095356327,4.373899391305856e-05,1.537722462124129e-05
13.968400095356328,4.306941269733943e-05,1.5576458500957227e-05
13.970400095356329,3.916216922080651e-05,1.5489857217716458e-05
13.972400095356328,4.968803415624457e-05,1.5366536720029926e-05
13.974400095356327,6.556274495444737e-05,1.531856134823946e-05
13.976400095356327,6.896430264094091e-05,1.5381383526432717e-05
13.978400095356328,6.782446627105618e-05,1.5333484504505872e-05
13.980400095356327,4.923193048044962e-05,1.556847375388385e-05
13.982400095356326,4.308911908277897e-05,1.5856571019557548e-05
13.984400095356326,4.130576845895284e-05,1.6268937565663968e-05
13.986400095356327,2.7552324233642844e-05,1.6929125826272192e-05
13.988400095356326,6.037309673913564e-05,1.7331381128923517e-05
13.990400095356325,6.234827547468193e-05,1.7282613858771423e-05
13.992400095356325,4.0821412341860324e-05,1.7295476674190174e-05
13.994400095356326,3.618800848264435e-05,1.728441370167917e-05
13.996400095356325,8.659311263957509e-05,1.7001356177691526e-05
13.998400095356324,6.188072903078512e-05,1.6955724741361474e-05
14.000400095356325,2.8850742836871093e-05,1.6732513701401012e-05
14.002400095356325,2.1196399636128743e-05,1.6560552358949484e-05
14.004400095356324,2.7131737415458315e-05,1.644557649120295e-05
14.006400095356323,2.1591181215749557e-05,1.6371225712284837e-05
14.008400095356324,4.0326965994446726e-05,1.7022203221300533e-05
14.010400095356324,3.978102082344524e-05,1.703347392723117e-05
14.012400095356323,6.0006084507365916e-05,1.6663288524541596e-05
14.014400095356322,9.44437512520279e-05,1.6068822324819278e-05
14.016400095356323,0.00011265999344269281,1.5421835287554703e-05
14.018400095356323,3.748205846927748e-05,1.5219329287755233e-05
14.020400095356322,5.593368285168226e-05,1.5170209443809745e-05
14.022400095356321,7.59396549515814e-05,1.516979481893631e-05
14.024400095356322,7.98949657921547e-05,1.5209525892319793e-05
14.026400095356323,7.778425586101892e-05,1.5310832956691713e-05
14.028400095356321,6.532324429101233e-05,1.544923339955053e-05
14.03040009535632,7.971910732580487e-05,1.5446086021842746e-05
14.032400095356321,7.629569648650892e-05,1.554082048000849e-05
14.034400095356322,7.862044795538722e-05,1.5658713220972612e-05
14.03640009535632,0.00012508712738418083,1.5642604184359204e-05
14.03840009535632,0.00012337045730381242,1.580279433842482e-05
14.04040009535632,0.00012356911413727306,1.5983735922694623e-05
14.04240009535632,0.00011729983977664907,1.6227803372036866e-05
14.04440009535632,0.00010510458198297726,1.6461066961861265e-05
14.046400095356319,9.228106788290541e-05,1.6608765004492917e-05
14.04840009535632,9.334919765146856e-05,1.7090042033344623e-05
14.05040009535632,4.805479865707387e-05,1.7187944788794976e-05
14.052400095356319,3.278692758630044e-05,1.718880253198518e-05
14.054400095356318,2.6467171274501054e-05,1.7278984141030438e-05
14.056400095356318,-1.503647550212522e-05,1.7541043387315063e-05
14.058400095356319,3.517582767294167e-05,1.7336986429474515e-05
14.060400095356318,5.897099028691396e-05,1.7106748320768536e-05
14.062400095356317,7.280279893405007e-05,1.703077800184124e-05
14.064400095356318,7.235689647130196e-05,1.7018686571444278e-05
14.066400095356318,5.258051014087215e-05,1.6901171130670303e-05
14.068400095356317,7.76287898276178e-05,1.687348564240336e-05
14.070400095356316,6.21682902740358e-05,1.687213016859435e-05
14.072400095356317,7.809193211943044e-05,1.6884456350868694e-05
14.074400095356317,0.00011047366729241032,1.6833425117477627e-05
14.076400095356316,0.00011657376528699409,1.6648812153576216e-05
14.078400095356315,0.00013396150446612305,1.6593108726851326e-05
14.080400095356316,9.864214804393794e-05,1.6351449592887757e-05
14.082400095356316,8.569107837781073e-05,1.6292051770130062e-05
14.084400095356315,8.81882651698815e-05,1.6336007451643236e-05
14.086400095356314,7.227139969839257e-05,1.6289757501627548e-05
14.088400095356315,6.882233990696262e-05,1.668185077016028e-05
14.090400095356316,2.0279097790422194e-05,1.6430657115862094e-05
14.092400095356314,1.6038106157468668e-05,1.657590458700355e-05
14.094400095356313,4.5383916731954897e-05,1.6939577234360972e-05
14.096400095356314,6.149782857775655e-05,1.6946149863084297e-05
14.098400095356315,7.408571769032247e-05,1.704445910840039e-05
14.100400095356314,8.087799432586163e-05,1.727713180382505e-05
14.102400095356312,6.705120222949722e-05,1.7637103897766215e-05
14.104400095356313,4.812862798703211e-05,1.780558768494118e-05
14.106400095356314,5.059050749228437e-05,1.7427807351248692e-05
14.108400095356313,8.017636083788027e-05,1.7089080922503302e-05
14.110400095356312,8.294621122995142e-05,1.6658654519172038e-05
14.112400095356312,9.536180703314437e-05,1.6517460152539253e-05
14.114400095356313,0.00010673642918909898,1.6463613653358625e-05
14.116400095356312,9.180545717589345e-05,1.61373082269e-05
14.11840009535631,6.94892914189135e-05,1.605849530692637e-05
14.120400095356311,3.974744444514045e-05,1.6126696866993375e-05
14.122400095356312,4.980490639605004e-05,1.6378834958008052e-05
14.124400095356311,6.888740105190892e-05,1.663925042739749e-05
14.12640009535631,4.684607899961001e-05,1.6674790412579582e-05
14.12840009535631,6.990916305729237e-05,1.6617271450356727e-05
14.130400095356311,6.904967598959081e-05,1.6851036540411483e-05
14.13240009535631,7.280818351078633e-05,1.700738180218327e-05
14.134400095356309,8.010795580589126e-05,1.709881640497281e-05
14.13640009535631,7.725632859624649e-05,1.725536542021272e-05
14.13840009535631,4.202921075055144e-05,1.7241565738142632e-05
14.14040009535631,5.837652592576145e-05,1.737734513441713e-05
14.142400095356308,5.6351508842243246e-05,1.774230642365043e-05
14.144400095356309,4.9819440982466863e-05,1.8058393886843313e-05
14.14640009535631,7.952525805909479e-05,1.7942772594761162e-05
14.148400095356308,0.00011653043138166078,1.7493635829117977e-05
14.150400095356307,0.00010901392427450849,1.72814183245511e-05
14.152400095356308,7.715526413982357e-05,1.6999506937093707e-05
14.154400095356308,4.8095270664452405e-05,1.6741030979339802e-05
14.156400095356307,4.8140931594487347e-05,1.670948455345109e-05
14.158400095356306,5.337055389479663e-05,1.6604824513907018e-05
14.160400095356307,4.152915278730687e-05,1.650046023251256e-05
14.162400095356308,3.3872472316150936e-05,1.6391544196809634e-05
14.164400095356307,4.574858669711264e-05,1.640480821830354e-05
14.166400095356305,8.307243092730017e-05,1.6638447512209648e-05
14.168400095356306,8.167950750217969e-05,1.6372561360896303e-05
14.170400095356307,7.78564736407226e-05,1.636898094800574e-05
14.172400095356306,6.971282652126534e-05,1.65621168250153e-05
14.174400095356305,6.437833463171725e-05,1.674265450104594e-05
14.176400095356305,7.006536122790626e-05,1.6711219621882387e-05
14.178400095356306,6.766450699162617e-05,1.705960459648885e-05
14.180400095356305,9.793027384293272e-05,1.7332281888716595e-05
14.182400095356304,0.0001266838028275289,1.7541040930497693e-05
14.184400095356304,0.00014171027867611013,1.7722269596240986e-05
14.186400095356305,0.00014101412106583383,1.790919816659656e-05
14.188400095356304,0.00013819111054449618,1.7965421759603612e-05
14.190400095356303,0.00010956906794018669,1.7836211392486544e-05
14.192400095356303,7.496602337600533e-05,1.7719749699414837e-05
14.194400095356304,5.479322151529546e-05,1.7650229717115524e-05
14.196400095356303,6.626581003160697e-05,1.7605753478526596e-05
14.198400095356302,8.875124554294071e-05,1.7653998571092817e-05
14.200400095356303,7.304880857499764e-05,1.7320617783791317e-05
14.202400095356303,6.324383286911674e-05,1.6938282184350494e-05
14.204400095356302,7.359006617190332e-05,1.6582857342254368e-05
14.206400095356301,9.983881820286098e-05,1.6242241780829662e-05
14.208400095356302,7.106588831034028e-05,1.6000999830431415e-05
14.210400095356302,0.00010678291856482793,1.5982699719385393e-05
14.212400095356301,0.00011214871838910649,1.5884877196480468e-05
14.2144000953563,8.857876859453127e-05,1.5731779812124266e-05
14.2164000953563,7.43668355982107e-05,1.5667432847136786e-05
14.218400095356301,8.30284795395788e-05,1.5712236891419432e-05
14.2204000953563,8.143107310422999e-05,1.586626966463663e-05
14.2224000953563,8.175418413320256e-05,1.5949318958044387e-05
14.2244000953563,8.848301675730584e-05,1.604908701627483e-05
14.2264000953563,0.00010067205918818503,1.6315771523823265e-05
14.2284000953563,9.368031265166814e-05,1.6429797458954602e-05
14.230400095356298,7.571261385081111e-05,1.6770128250019942e-05
14.232400095356299,6.359280975230474e-05,1.6989074525729632e-05
14.2344000953563,5.007511843322162e-05,1.7153789246523418e-05
14.236400095356299,2.2871591730415167e-05,1.7444459141047933e-05
14.238400095356297,1.7522597656619384e-05,1.747009780831024e-05
14.240400095356298,2.0908363222924676e-05,1.729710654510561e-05
14.242400095356299,2.6570800554276805e-05,1.697614456022774e-05
14.244400095356298,5.381666056493589e-05,1.661113715181583e-05
14.246400095356297,0.0001174130430977462,1.6315079028125812e-05
14.248400095356297,8.441391438495705e-05,1.5993680287528466e-05
14.250400095356298,9.718421987706631e-05,1.578951650549136e-05
14.252400095356297,0.00011224751207435968,1.561925554292918e-05
14.254400095356296,0.00011950098823049962,1.5447996237153285e-05
14.256400095356296,0.00012013823697498969,1.5282618617148196e-05
14.258400095356297,9.878996283529292e-05,1.5386452056356247e-05
14.260400095356296,5.8392859332869355e-05,1.543612430584086e-05
14.262400095356295,6.708552548144404e-05,1.561025777392563e-05
14.264400095356295,0.00011099418442057467,1.5862231383298062e-05
14.266400095356296,0.0001454960354764494,1.6048870500752532e-05
14.268400095356295,0.00016792431778830816,1.600997753840936e-05
14.270400095356294,0.00012896774139982496,1.612469681870239e-05
14.272400095356295,9.679725750205283e-05,1.643272676399595e-05
14.274400095356295,9.554905406671638e-05,1.686096881963754e-05
14.276400095356294,0.00012569108223633467,1.730336235322533e-05
14.278400095356293,0.000125920338100019,1.7884241223315852e-05
14.280400095356294,9.180402729977907e-05,1.8050184804702664e-05
14.282400095356294,9.200171176224076e-05,1.815516744259214e-05
14.284400095356293,0.00011395984885585702,1.8040110397559353e-05
14.286400095356292,0.00011484466289665382,1.7477428856078056e-05
14.288400095356293,8.611608800995784e-05,1.754361074183652e-05
14.290400095356294,7.128647872698174e-05,1.7049084581585543e-05
14.292400095356292,6.593794293651399e-05,1.6776650376970927e-05
14.294400095356291,6.96436596212535e-05,1.6651333464937897e-05
14.296400095356292,8.13345087179602e-05,1.6319421693605467e-05
14.298400095356293,8.325762743756922e-05,1.6128812561459303e-05
14.300400095356292,8.220801158024449e-05,1.5968888130365986e-05
14.30240009535629,8.876697000902492e-05,1.6014329457470917e-05
14.304400095356291,8.679278436154513e-05,1.605621461663998e-05
14.306400095356292,5.833363465337212e-05,1.5807507825316046e-05
14.30840009535629,7.785486524095403e-05,1.5831549398669917e-05
14.31040009535629,7.803200228585776e-05,1.6315788322300903e-05
14.31240009535629,5.9865684994861896e-05,1.648926933101383e-05
14.31440009535629,4.8987082362251775e-05,1.655197819181056e-05
14.31640009535629,7.206797752045732e-05,1.6994953052271014e-05
14.318400095356289,5.7638027556567975e-05,1.7232289426740377e-05
14.32040009535629,4.6668656668018804e-05,1.757638249417148e-05
14.32240009535629,5.105865506581647e-05,1.797029340206487e-05
14.324400095356289,6.768756998891593e-05,1.8073702457551177e-05
14.326400095356288,8.988814720986705e-05,1.7491306251061083e-05
14.328400095356288,0.00014422740034242818,1.6406917858256266e-05
14.33040009535629,0.00011454189864326131,1.606374938239295e-05
14.332400095356288,7.072456539042092e-05,1.5758886048363044e-05
14.334400095356287,4.865634549629669e-05,1.5422273739135985e-05
14.336400095356288,6.423836982015421e-05,1.5196780840647153e-05
14.338400095356288,5.695642591272452e-05,1.490277852039414e-05
14.340400095356287,4.164160756075222e-05,1.5037243114308294e-05
14.342400095356286,5.3299416448842187e-05,1.5289262441090522e-05
14.344400095356287,7.026324221959075e-05,1.552888226503122e-05
14.346400095356287,5.439198270686385e-05,1.5710090239756047e-05
14.348400095356286,4.0651114420315895e-05,1.5993326787618962e-05
14.350400095356285,6.758800859151128e-05,1.6278960054938572e-05
14.352400095356286,7.101014127124608e-05,1.6676281629872425e-05
14.354400095356286,4.8617998518679604e-05,1.7116980201774955e-05
14.356400095356285,2.4378694342568802e-05,1.745319039021567e-05
14.358400095356284,2.997503037355582e-05,1.7494726624590848e-05
14.360400095356285,6.793077940365519e-05,1.7218656267689707e-05
14.362400095356286,8.477612741133908e-05,1.715628379303347e-05
14.364400095356284,7.13698512816158e-05,1.7103092420496978e-05
14.366400095356283,4.1019332788486446e-05,1.6622249199023312e-05
14.368400095356284,4.6927521699758534e-05,1.5954244541679905e-05
14.370400095356285,4.615702369983139e-05,1.5801501111756518e-05
14.372400095356284,2.666301556249345e-05,1.563756985994212e-05
14.374400095356282,9.939564428101856e-06,1.5398117674049115e-05
14.376400095356283,2.244810603803308e-05,1.5212703328948343e-05
14.378400095356284,-3.2163571348591828e-06,1.5346731711901615e-05
14.380400095356283,3.700050242902573e-05,1.552993732111736e-05
14.382400095356282,4.26063735281616e-05,1.5625741855148476e-05
14.384400095356282,2.8961521090219737e-05,1.5772197587103723e-05
14.386400095356283,4.618009278860239e-05,1.6145372501763324e-05
14.388400095356282,1.7142308555430182e-05,1.616454346852786e-05
14.39040009535628,3.404273357711363e-05,1.6154196106242757e-05
14.392400095356281,3.582723684572301e-05,1.6026080081676708e-05
14.394400095356282,2.4650562054221154e-05,1.5828125875195224e-05
14.396400095356281,2.5830460095531235e-05,1.5662477710851755e-05
14.39840009535628,4.0667715523620696e-05,1.55728863625592e-05
14.40040009535628,4.982674214518863e-05,1.5610068283112537e-05
14.402400095356281,3.52500795657054e-05,1.5470318049425727e-05
14.40440009535628,1.809696581391803e-05,1.5250694445015523e-05
14.406400095356279,3.091863538253504e-05,1.5190015608356166e-05
14.40840009535628,5.278816077436546e-05,1.5276204027807738e-05
14.41040009535628,4.6206256254857765e-05,1.5369166668243905e-05
14.41240009535628,3.792112296931652e-05,1.5625202187371846e-05
14.414400095356278,3.937086156653819e-05,1.59471757580417e-05
14.416400095356279,5.337316280030257e-05,1.6164047887170306e-05
14.41840009535628,5.484780494217819e-05,1.6456238296214975e-05
14.420400095356278,6.44709873155611e-05,1.638123776454168e-05
14.422400095356277,7.345087575077859e-05,1.6348410438630392e-05
14.424400095356278,8.116641355792972e-05,1.6333724589686907e-05
14.426400095356279,8.705896657310154e-05,1.619816284223948e-05
14.428400095356277,5.793379341380622e-05,1.6380782782809664e-05
14.430400095356276,4.454564022849323e-05,1.6223867610055567e-05
14.432400095356277,5.522032735002172e-05,1.6052882822015972e-05
14.434400095356278,6.369637111902877e-05,1.5935198444162462e-05
14.436400095356277,3.875279869698736e-05,1.5842861829181007e-05
14.438400095356275,5.039712136311191e-05,1.579528700269235e-05
14.440400095356276,6.675643884539357e-05,1.563939765904902e-05
14.442400095356277,5.4144522537148495e-05,1.5596558875202e-05
14.444400095356276,3.078597471153913e-05,1.562945772675122e-05
14.446400095356275,3.0007253839189725e-05,1.5607474660829886e-05
14.448400095356275,1.547571834604246e-05,1.5544226764940524e-05
14.450400095356276,5.278236008934324e-06,1.543735800758192e-05
14.452400095356275,-5.6555756403983836e-06,1.5182960873063973e-05
14.454400095356274,-2.9236337675636916e-06,1.4952199359448327e-05
14.456400095356274,3.067706221140169e-05,1.4958505287051227e-05
14.458400095356275,6.355948933782329e-05,1.4664761550385889e-05
14.460400095356274,7.096551739908562e-05,1.4939094879506089e-05
14.462400095356273,5.430312247836254e-05,1.5056804551751543e-05
14.464400095356273,4.188857951204697e-05,1.5085487355916427e-05
14.466400095356274,6.405779155121177e-05,1.5370368333158086e-05
14.468400095356273,5.0521721641162814e-05,1.5847876154042847e-05
14.470400095356272,4.015491410470293e-05,1.6029828986884467e-05
14.472400095356273,4.2776785718047684e-05,1.6152516968197323e-05
14.474400095356273,5.441503857343366e-05,1.630267416460009e-05
14.476400095356272,6.250558049113904e-05,1.6497473897818754e-05
14.478400095356271,2.907539174469221e-05,1.6604214239902564e-05
14.480400095356272,1.6092655851303226e-05,1.6263330936185065e-05
14.482400095356272,2.426699279059249e-05,1.5894514292522395e-05
14.484400095356271,3.293192452406321e-05,1.5506905583593415e-05
14.48640009535627,1.9215639257552974e-05,1.4995668123632585e-05
14.48840009535627,3.53879764685854e-05,1.4710342810877361e-05
14.490400095356271,3.130610998272317e-05,1.4535085538684094e-05
14.49240009535627,3.9220705241636784e-05,1.4526983228813183e-05
14.49440009535627,4.747165463350426e-05,1.4663853092314165e-05
14.49640009535627,3.3183025067732975e-05,1.4902128646384941e-05
14.49840009535627,4.081916977336076e-05,1.5400388900105355e-05
14.50040009535627,4.4777269133083775e-05,1.5770590613843852e-05
14.502400095356268,2.758470995441418e-05,1.6210153317389274e-05
14.504400095356269,1.1662518472259745e-05,1.659510563951382e-05
14.50640009535627,3.0294023515999662e-05,1.6716266138711604e-05
14.508400095356269,5.6819460263858086e-05,1.6810773462740063e-05
14.510400095356268,3.472936019749121e-05,1.642864657935518e-05
14.512400095356268,7.803193095102035e-06,1.600449355052945e-05
14.514400095356269,1.0268327077649921e-07,1.571041351465665e-05
14.516400095356268,2.2614494219405195e-05,1.5584294408686993e-05
14.518400095356267,2.895263623901363e-05,1.5316444862859034e-05
14.520400095356267,5.019506090770714e-05,1.517395922947685e-05
14.522400095356268,6.931213528726502e-05,1.5164805472521246e-05
14.524400095356267,6.340418214366341e-05,1.523303433262215e-05
14.526400095356266,1.6142176879322223e-05,1.5308488218630095e-05
14.528400095356266,-1.9215722954294749e-07,1.5511881250959712e-05
14.530400095356267,5.6894603543799174e-05,1.5727465134892723e-05
14.532400095356266,9.038101634094664e-05,1.595764495633914e-05
14.534400095356265,9.154083032081634e-05,1.6090247814600722e-05
14.536400095356266,8.567291125285997e-05,1.598446754422408e-05
14.538400095356266,7.942054133739622e-05,1.5665638864590855e-05
14.540400095356265,4.202966229229238e-05,1.5311067882893357e-05
14.542400095356264,-9.795509208821109e-07,1.4968149197829822e-05
14.544400095356265,-1.735736210321261e-05,1.4719909790553154e-05
14.546400095356265,1.8616481109509683e-05,1.4636783742344017e-05
14.548400095356264,3.6734983124643534e-05,1.4528858959789754e-05
14.550400095356263,3.487789054322123e-05,1.4563510008398069e-05
14.552400095356264,2.5724247531326687e-05,1.4781774030631642e-05
14.554400095356264,2.5842260151044164e-05,1.5171516762424169e-05
14.556400095356263,4.7158720173089144e-05,1.5668895097591238e-05
14.558400095356262,3.448074060311324e-05,1.6005032173287594e-05
14.560400095356263,2.187329523790418e-05,1.6374956084248636e-05
14.562400095356264,4.076058586634683e-05,1.665823609467016e-05
14.564400095356262,6.293782180558923e-05,1.6791632033606308e-05
14.566400095356261,4.2035214677635274e-05,1.672901731549108e-05
14.568400095356262,1.6185020292791883e-06,1.63120871076381e-05
14.570400095356263,3.299235019585782e-05,1.6074465314027475e-05
14.572400095356262,2.942814469554883e-05,1.566204967018646e-05
14.57440009535626,-1.4474074021651915e-05,1.5201669546090951e-05
14.576400095356261,-5.978805512666066e-05,1.4986010284723843e-05
14.578400095356262,-3.911292640567559e-05,1.4987226978399664e-05
14.58040009535626,-1.0536245274067152e-05,1.4947590964265068e-05
14.58240009535626,-1.0111866576461641e-05,1.4941706556171252e-05
14.58440009535626,-2.3267015118806685e-05,1.5023071060665214e-05
14.586400095356261,-1.3559124345705174e-05,1.5232816077835816e-05
14.58840009535626,6.118877414006616e-05,1.559409960232565e-05
14.590400095356259,4.517608180017551e-05,1.5970448798399433e-05
14.59240009535626,2.031434679339315e-05,1.6224322417291703e-05
14.59440009535626,6.453379129189254e-06,1.6283822347639454e-05
14.596400095356259,6.849021551517668e-07,1.6142105234464374e-05
14.598400095356258,9.946253478406614e-06,1.6118368195857484e-05
14.600400095356258,6.323097965541013e-06,1.630946167550661e-05
14.60240009535626,5.118883095250804e-06,1.6232023314704395e-05
14.604400095356258,1.3448830981283383e-05,1.5950936293411957e-05
14.606400095356257,3.304877864086324e-05,1.573694354934246e-05
14.608400095356258,4.496758644559458e-05,1.5619590319694278e-05
14.610400095356258,5.524436189198672e-05,1.5589812710897026e-05
14.612400095356257,5.8300926985835674e-05,1.57428549733943e-05
14.614400095356256,6.0398358041113244e-05,1.588384366106292e-05
14.616400095356257,6.762022136182832e-05,1.5773599281531185e-05
14.618400095356257,3.2482859199707385e-05,1.59836443349805e-05
14.620400095356256,9.960979923645398e-06,1.591091514642681e-05
14.622400095356255,7.961554960324085e-07,1.5807406091786974e-05
14.624400095356256,-4.570271270161178e-06,1.5760134452808636e-05
14.626400095356257,-1.654588556458963e-05,1.5785785461328136e-05
14.628400095356255,-5.088418059866533e-06,1.582325756965866e-05
14.630400095356254,2.824089016599186e-05,1.563363309605116e-05
14.632400095356255,3.2067397977343764e-05,1.564147898173101e-05
14.634400095356256,1.7806931967836883e-05,1.579846737568809e-05
14.636400095356255,1.761591079527395e-05,1.588929118618471e-05
14.638400095356253,7.773287299261269e-06,1.599493275532069e-05
14.640400095356254,2.367911492605024e-06,1.639009109555788e-05
14.642400095356255,1.0137134054856554e-05,1.6586668919437606e-05
14.644400095356254,3.0761811178608536e-05,1.6620407640990624e-05
14.646400095356253,5.5017382167101396e-05,1.6700178358909425e-05
14.648400095356253,2.6366850438355732e-05,1.659590161146778e-05
14.650400095356254,4.32859555267617e-05,1.6454909378573168e-05
14.652400095356253,2.907501558473445e-05,1.5985993967149514e-05
14.654400095356252,2.328163842157642e-06,1.547424127554336e-05
14.656400095356252,1.7253735560711643e-05,1.5364726909960333e-05
14.658400095356253,9.477196296540211e-05,1.5251645133748928e-05
14.660400095356252,7.063079637742981e-05,1.5321693244943938e-05
14.66240009535625,4.1299215938069325e-05,1.548216265324004e-05
14.664400095356251,2.8130789060051832e-05,1.5842302247715973e-05
14.666400095356252,2.8155812446599973e-05,1.6519981289335764e-05
14.668400095356251,8.694168000496134e-05,1.6975517136073085e-05
14.67040009535625,0.00010468173550529534,1.7164174077387552e-05
14.67240009535625,8.62878533603566e-05,1.7576899450251166e-05
14.674400095356251,4.931644327633685e-05,1.7803433031891102e-05
14.67640009535625,1.966246414366663e-05,1.7278354557247978e-05
14.678400095356249,3.683721460886521e-05,1.756808881232041e-05
14.68040009535625,6.24310448752433e-05,1.68736629530786e-05
14.68240009535625,8.851162143794417e-05,1.6619557907494127e-05
14.68440009535625,9.51841539786886e-05,1.6802850247471187e-05
14.686400095356248,6.529488373256446e-05,1.692728101039327e-05
14.688400095356249,5.7053816573712244e-05,1.7411989032341007e-05
14.69040009535625,6.344589082544463e-05,1.770049962857619e-05
14.692400095356248,6.20844508579744e-05,1.7764268338407793e-05
14.694400095356247,5.064657099059316e-05,1.7761793693475487e-05
14.696400095356248,3.946783694920461e-05,1.788329417028626e-05
14.698400095356249,8.40277701598582e-05,1.776328498951132e-05
14.700400095356247,7.912135267388907e-05,1.774904428823416e-05
14.702400095356246,7.48894155227535e-05,1.7572604592482e-05
14.704400095356247,6.014336413083883e-05,1.7372160336356306e-05
14.706400095356248,1.2506201108936843e-05,1.7391755209754684e-05
14.708400095356247,4.004145852739751e-05,1.7243903175878427e-05
14.710400095356245,5.2795340954170386e-05,1.747757771434204e-05
14.712400095356246,8.85403770569899e-05,1.7687453970487967e-05
14.714400095356247,0.00011085103228735322,1.7839434111213465e-05
14.716400095356246,6.902053801370839e-05,1.8019568522482497e-05
14.718400095356245,7.499265666175589e-05,1.80468317616298e-05
14.720400095356245,6.065241924574855e-05,1.814315011147395e-05
14.722400095356246,3.15079686380366e-05,1.80887297453214e-05
14.724400095356245,1.4807036481680123e-05,1.800807663343639e-05
14.726400095356244,4.1640889700830405e-05,1.8108741582825953e-05
14.728400095356244,8.791459431880512e-05,1.7985954562248003e-05
14.730400095356245,0.00011801437518793557,1.7690473572178605e-05
14.732400095356244,8.350814514220544e-05,1.7750146036396373e-05
14.734400095356243,3.150128185252109e-05,1.8047609491387405e-05
14.736400095356244,3.402860709670257e-05,1.8221848118776225e-05
14.738400095356244,-9.119734136362479e-07,1.8203426773789263e-05
14.740400095356243,6.487546402321786e-06,1.7950976895630235e-05
14.742400095356242,3.041905248313327e-05,1.7860273635516174e-05
14.744400095356243,6.07706231060383e-05,1.786088438123648e-05
14.746400095356243,8.785131754238472e-05,1.773473066131106e-05
14.748400095356242,5.307753848126736e-05,1.7708770444704746e-05
14.750400095356241,5.0146420964754806e-05,1.7862423903933002e-05
14.752400095356242,3.807723317554154e-05,1.796550485623251e-05
14.754400095356242,2.7655973766835902e-05,1.8064772846827403e-05
14.756400095356241,4.5598436695032857e-05,1.829163152802896e-05
14.75840009535624,7.020592499055146e-05,1.8510688917964346e-05
14.76040009535624,5.4408257239556884e-05,1.8553698803001396e-05
14.762400095356242,4.302778174195086e-05,1.8376586361341946e-05
14.76440009535624,5.1039223468102195e-05,1.8076518421428932e-05
14.76640009535624,7.950556218132846e-05,1.7816450242623878e-05
14.76840009535624,0.00010943335702162844,1.773858889216009e-05
14.77040009535624,0.00011124655821770973,1.8268978985220956e-05
14.77240009535624,8.951976410717919e-05,1.9022070422987437e-05
14.774400095356238,4.32075103590799e-05,1.955190031643652e-05
14.776400095356239,-1.7287065938685165e-05,1.9487860121375556e-05
14.77840009535624,4.432701313629643e-05,1.9592312484492256e-05
14.780400095356239,4.196535842789119e-05,1.9305112675046955e-05
14.782400095356238,4.5689766893965096e-05,1.8713302499974236e-05
14.784400095356238,5.023690384664702e-05,1.8010682574248556e-05
14.786400095356239,2.8497522057608066e-05,1.7436723119967816e-05
14.788400095356238,3.371137919720987e-05,1.7093594940331602e-05
14.790400095356237,3.245429044747101e-05,1.70561016301167e-05
14.792400095356237,2.064195701760115e-05,1.717195246712992e-05
14.794400095356238,1.7427486746312162e-05,1.7541548319077897e-05
14.796400095356237,4.831890019087816e-05,1.8263472961689125e-05
14.798400095356236,0.00010573233412604925,1.8506449134855015e-05
14.800400095356236,0.00010036448063460842,1.8857935807844897e-05
14.802400095356237,9.054072966531425e-05,1.8997060573614383e-05
14.804400095356236,8.786636342371461e-05,1.913670348408026e-05
14.806400095356235,8.496087984847211e-05,1.960050013950984e-05
14.808400095356236,6.386941523839744e-05,1.9591864261664225e-05
14.810400095356236,6.928506730086895e-05,1.8475819981159048e-05
14.812400095356235,6.032847204543181e-05,1.754602352951813e-05
14.814400095356234,4.231236573083261e-05,1.7238072717095064e-05
14.816400095356235,3.749712565965092e-05,1.7612483974696724e-05
14.818400095356235,4.8955347814578796e-05,1.8448021564021653e-05
14.820400095356234,5.254325099054011e-05,1.9018559265534335e-05
14.822400095356233,5.293670120247575e-05,1.9297276973200185e-05
14.824400095356234,4.6750317535932394e-05,1.9180179087763166e-05
14.826400095356234,2.8872136734481435e-05,1.8609242188861303e-05
14.828400095356233,6.475372156894475e-06,1.8119330251581247e-05
14.830400095356232,2.6792142041323243e-05,1.789083042598749e-05
14.832400095356233,4.359750497683681e-05,1.806846885069184e-05
14.834400095356234,4.247003942140662e-05,1.8506845818315854e-05
14.836400095356232,2.36634543552213e-05,1.8896955712926983e-05
14.838400095356231,8.133118516832306e-06,1.8652579711806113e-05
14.840400095356232,3.652149370370704e-05,1.9831620299036542e-05
14.842400095356233,4.847925402386803e-05,2.0344213528025672e-05
14.844400095356232,6.60364383293904e-05,2.0285305316934258e-05
14.84640009535623,0.00012176529361438875,2.0426494677404935e-05
14.848400095356231,1.7282194348735268e-05,1.933849232612895e-05
14.850400095356232,2.2268003381962012e-05,1.87768230385888e-05
14.85240009535623,2.043366707235336e-05,1.8109862860155704e-05
14.85440009535623,1.940393928649826e-05,1.759721024742252e-05
14.85640009535623,6.196116208915141e-05,1.776176688858025e-05
14.858400095356231,5.261095052114019e-05,1.8217875545662916e-05
14.86040009535623,5.6694147688925755e-05,1.8688285513469303e-05
14.862400095356229,5.784257204300777e-05,1.9304145971240917e-05
14.86440009535623,4.732074943621969e-05,1.9739641492343778e-05
14.86640009535623,2.4462959188793406e-05,1.960514552582222e-05
14.868400095356229,3.889161060315417e-05,1.9757824071564348e-05
14.870400095356228,5.761844623595608e-05,1.9288272562635607e-05
14.872400095356229,5.646378633016928e-05,1.9081317870974536e-05
14.87440009535623,4.6868198065111756e-05,1.894705118524748e-05
14.876400095356228,5.010540763235662e-05,1.8414532143964683e-05
14.878400095356227,3.411850280403285e-05,1.857998421025339e-05
14.880400095356228,5.322714532782664e-05,1.8793101936934484e-05
14.882400095356228,9.125807063830532e-05,1.9063072146930533e-05
14.884400095356227,0.00011090896688244436,1.9367171289315213e-05
14.886400095356226,7.424596215430671e-05,1.9647328662436252e-05
14.888400095356227,3.11998796576768e-05,1.9642922258288296e-05
14.890400095356227,1.9694866508684492e-05,1.9640796211089077e-05
14.892400095356226,1.9525403364959916e-05,1.9532879493645753e-05
14.894400095356225,1.7741978366601515e-05,1.9432924165026928e-05
14.896400095356226,1.124341458509396e-05,1.949796463454885e-05
14.898400095356227,7.589068355901661e-05,1.9381678046024414e-05
14.900400095356225,3.494723820446202e-05,1.9206784194843965e-05
14.902400095356224,6.987894090353239e-06,1.9197259595746042e-05
14.904400095356225,2.0111833191258833e-05,1.943934533715797e-05
14.906400095356226,6.022086189495458e-05,1.9902656354672856e-05
14.908400095356225,5.0711829978853944e-05,2.0015604209438037e-05
14.910400095356223,3.654992872637676e-05,1.9507297609648173e-05
14.912400095356224,1.678844395707712e-05,1.9374331110490884e-05
14.914400095356225,4.289242938744782e-06,1.9592439240879625e-05
14.916400095356224,1.2308071932930937e-05,1.974643794043268e-05
14.918400095356223,5.854973543633637e-09,1.9718854225297705e-05
14.920400095356223,-2.079846667360444e-06,1.9700700923365963e-05
14.922400095356224,3.421366962818974e-05,1.9818059552660708e-05
14.924400095356223,5.12827870852973e-05,1.990442203580017e-05
14.926400095356222,-2.0790510247356065e-05,1.9717614957791234e-05
14.928400095356222,-1.4140713520693722e-05,1.9483751806941977e-05
14.930400095356223,-2.1255498192959704e-05,1.9260148849290873e-05
14.932400095356222,-1.499058519013762e-05,1.8888521050827433e-05
14.93440009535622,-9.242442330805308e-07,1.8596109483657664e-05
14.936400095356221,4.984817655334915e-06,1.872093894385378e-05
14.938400095356222,1.9074751598770004e-05,1.9118483283090337e-05
14.940400095356221,4.821574647759744e-05,1.9450152500169433e-05
14.94240009535622,4.501650907702221e-05,1.9584075914925805e-05
14.94440009535622,2.2337012736885887e-05,1.9735266306539703e-05
14.946400095356221,1.5021057085098624e-05,2.018893438031049e-05
14.94840009535622,2.3395054005730364e-05,2.0451125666354894e-05
14.950400095356219,5.162526109270219e-07,2.0214004776134552e-05
14.95240009535622,-1.594838166961997e-05,1.9701525239523278e-05
14.95440009535622,-1.4603776527307337e-05,1.9251958535390576e-05
14.95640009535622,3.7846448429352374e-06,1.9180320462643654e-05
14.958400095356218,2.3154587047080342e-05,1.8949916773708415e-05
14.960400095356219,1.3246544179797862e-05,1.8976675665634515e-05
14.96240009535622,-4.968916863760491e-06,1.92414065476762e-05
14.964400095356218,3.84594587297945e-06,1.959374295696753e-05
14.966400095356217,6.611096557521083e-05,1.983878478072421e-05
14.968400095356218,5.5461873398668855e-05,1.9989351372000277e-05
14.970400095356219,2.8653106473202628e-05,1.9873931012464443e-05
14.972400095356218,3.654262705884204e-05,1.9582167057055956e-05
14.974400095356216,6.723260590649504e-05,1.9172275154756038e-05
14.976400095356217,7.941981190932179e-05,1.875169148958994e-05
14.978400095356218,1.237664062131281e-06,1.8954745859043335e-05
14.980400095356217,-1.9300269749869707e-05,1.9075689215534643e-05
14.982400095356216,-1.0475994708666225e-05,1.901729656190768e-05
14.984400095356216,6.2662660825636064e-06,1.8987283283386508e-05
14.986400095356217,1.020293952566564e-05,1.9252140658690378e-05
14.988400095356216,-2.220858271192075e-05,1.9360860751531575e-05
14.990400095356215,2.970375645955987e-05,1.9448690861834325e-05
14.992400095356215,6.835125093501738e-05,1.9433319538494638e-05
14.994400095356216,7.972302912050989e-05,1.9545575859725766e-05
14.996400095356215,8.021363591202842e-05,2.001498117858723e-05
14.998400095356214,5.5334959929132394e-05,1.9749549062393116e-05
15.000400095356214,5.733870304305643e-05,1.946428382832742e-05
15.002400095356215,7.764500518566355e-05,1.913911385408628e-05
15.004400095356214,9.785224837513506e-05,1.8893234614900024e-05
15.006400095356213,9.564746076239494e-05,1.883967750757426e-05
15.008400095356214,5.8134764538504116e-05,1.8450967718478757e-05
15.010400095356214,-1.90744465247705e-06,1.828904114668045e-05
15.012400095356213,2.099197075846543e-05,1.864241458509422e-05
15.014400095356212,7.223673833518804e-05,1.919367951606537e-05
15.016400095356213,4.6735687990021716e-05,1.9438810233756053e-05
15.018400095356213,9.564176269430108e-06,1.968513124060452e-05
15.020400095356212,2.982701861925474e-05,1.9586422862503106e-05
15.022400095356211,5.040735838973677e-05,1.9307378817551614e-05
15.024400095356212,5.05258813206407e-05,1.8896629865871733e-05
15.026400095356212,3.086190191474709e-05,1.8440734531877464e-05
15.028400095356211,6.669573084976909e-05,1.877325215364074e-05
15.03040009535621,8.50502225986331e-05,1.9285555338249384e-05
15.032400095356211,0.00011603635589940183,1.9824615496510945e-05
15.034400095356212,0.00012437202773915156,2.0396470579546402e-05
15.03640009535621,6.435600270748555e-05,2.096427470628361e-05
15.03840009535621,5.095408457456016e-05,2.0426357944033277e-05
15.04040009535621,4.4679948625433546e-05,2.0288777662932283e-05
15.04240009535621,3.4394853398420103e-05,2.0099720173341696e-05
15.04440009535621,2.525886531123201e-05,2.000642673822511e-05
15.046400095356208,2.6644932543324744e-05,2.0293592924246444e-05
15.04840009535621,2.378981978457828e-05,2.023716479002179e-05
15.05040009535621,7.4852771558717565e-06,2.02513239803927e-05
15.052400095356209,9.396428457313973e-07,2.0438611002911833e-05
15.054400095356208,-1.986309510570315e-06,2.0462660347152147e-05
15.056400095356208,-1.2598365590687454e-05,1.9914315528878022e-05
15.058400095356209,2.8081802590012256e-05,1.948262323308905e-05
15.060400095356208,1.808103977200618e-05,1.9522391456372577e-05
15.062400095356207,5.274101293217385e-05,2.002782750079836e-05
15.064400095356207,9.41342480773869e-05,2.051316502629358e-05
15.066400095356208,6.302130818461653e-05,2.036022411199576e-05
15.068400095356207,1.4386050386451592e-05,1.977351576496327e-05
15.070400095356206,-1.362449286405725e-05,1.9099927486487536e-05
15.072400095356207,-3.82557364335024e-05,1.8481571863721956e-05
15.074400095356207,-2.435613653028519e-05,1.7951279268459684e-05
15.076400095356206,6.231965864512211e-05,1.7567944159906416e-05
15.078400095356205,4.067279944276489e-05,1.813612753775748e-05
15.080400095356206,3.973902331926e-05,1.916980387621818e-05
15.082400095356206,4.310823730310483e-05,1.9888815223444973e-05
15.084400095356205,4.581529967594471e-05,2.015753349101944e-05
15.086400095356204,4.918550051177868e-05,2.0072305965870096e-05
15.088400095356205,7.597690440098201e-05,1.932877318461519e-05
15.090400095356205,5.934195668804703e-05,1.849290374215766e-05
15.092400095356204,3.4056172683345746e-05,1.779761445844916e-05
15.094400095356203,4.113208495666484e-05,1.7491470375182427e-05
15.096400095356204,0.00010848793187679022,1.7782350167318326e-05
15.098400095356205,0.00010092497590981728,1.8500780564145094e-05
15.100400095356203,7.916406187520987e-05,1.911186900520629e-05
15.102400095356202,7.868349174911644e-05,1.9432408905684902e-05
15.104400095356203,9.341870679439349e-05,1.941166410356405e-05
15.106400095356204,0.00010097911143551591,1.906884812230757e-05
15.108400095356203,9.02365783691883e-05,1.8426021939813674e-05
15.110400095356201,0.00010903250786624202,1.8170589011833472e-05
15.112400095356202,0.00012646165323977694,1.8347966767907695e-05
15.114400095356203,0.00012256416586888249,1.8861283422345304e-05
15.116400095356202,8.679380524013918e-05,1.9495379902586784e-05
15.1184000953562,5.9711971823106565e-05,1.9652532188893036e-05
15.120400095356201,2.20798774702022e-05,1.9534420674812615e-05
15.122400095356202,-9.663205751641563e-06,1.9078633397524493e-05
15.1244000953562,-1.047811314863128e-05,1.8582719744793153e-05
15.1264000953562,3.9675938282689265e-05,1.8459796210606897e-05
15.1284000953562,8.005994899367297e-05,1.8676927369173104e-05
15.130400095356201,5.7493136455632235e-05,1.912594433718497e-05
15.1324000953562,3.53220497176018e-05,1.9445419224608723e-05
15.134400095356199,2.3316176136434426e-05,1.9506144712664645e-05
15.1364000953562,1.8865079958896634e-05,1.9288926300677532e-05
15.1384000953562,0.00010754947628878303,1.8887713453186518e-05
15.140400095356199,5.655093042177134e-05,1.8358182736750054e-05
15.142400095356198,-2.5560772775244816e-06,1.811702033144197e-05
15.144400095356199,-1.7881582556367255e-05,1.830616296103164e-05
15.1464000953562,2.0675389933807707e-05,1.892122678405788e-05
15.148400095356198,9.780854359673382e-06,1.974200625370262e-05
15.150400095356197,-1.970433861720706e-05,1.9796480797743214e-05
15.152400095356198,-2.1894538210989594e-05,1.9556605183568146e-05
15.154400095356198,-1.506826655608362e-05,1.9069117912385286e-05
15.156400095356197,-3.448211846836484e-05,1.8280956045831584e-05
15.158400095356196,-1.700046276715199e-05,1.7632002802293702e-05
15.160400095356197,-1.819857332093789e-05,1.754748599064741e-05
15.162400095356197,-6.607149518239702e-06,1.793055664792442e-05
15.164400095356196,2.027706933807442e-05,1.8651789275417286e-05
15.166400095356195,4.7729068324536116e-05,1.9476006881168003e-05
15.168400095356196,7.622845473696e-06,1.9494186779663974e-05
15.170400095356197,1.6068932816242655e-05,1.9454519874170748e-05
15.172400095356195,5.879153004322861e-06,1.9051874530774394e-05
15.174400095356194,-2.682455762774505e-05,1.8426718493694153e-05
15.176400095356195,-5.4165779255891355e-05,1.7949944072355526e-05
15.178400095356196,1.348963808018093e-05,1.836277580972571e-05
15.180400095356195,-2.657484708803224e-06,1.8763921448721287e-05
15.182400095356194,2.7261728630295824e-06,1.9374676799888053e-05
15.184400095356194,3.18760716348588e-05,1.9845912552640584e-05
15.186400095356195,4.881331670645438e-05,1.9685368503112883e-05
15.188400095356194,5.0598133179561847e-05,1.9322606826466106e-05
15.190400095356193,5.829870401158849e-05,1.898721839515062e-05
15.192400095356193,6.403514201860817e-05,1.864536963441867e-05
15.194400095356194,7.616772943805175e-05,1.8449535909338816e-05
15.196400095356193,9.784273999427329e-05,1.8599285319394046e-05
15.198400095356192,1.2398787106385141e-05,1.903862344973338e-05
15.200400095356192,-1.528650100418761e-05,1.930894916421951e-05
15.202400095356193,8.583970116688786e-06,1.928170263584854e-05
15.204400095356192,3.9213973145458393e-05,1.919503040631017e-05
15.20640009535619,2.250766208740673e-05,1.9388879788901858e-05
15.208400095356192,-6.985685771525474e-06,1.9609272497277026e-05
15.210400095356192,-5.479011470335379e-06,1.9322653290650904e-05
15.212400095356191,4.506028930764983e-06,1.9269407091630454e-05
15.21440009535619,2.0132583070454484e-05,1.9458050541771007e-05
15.21640009535619,4.0425705694262006e-05,1.9588993010820377e-05
15.218400095356191,9.770893742990026e-06,1.9267160022787448e-05
15.22040009535619,2.5172796575904063e-05,1.924928122512457e-05
15.222400095356189,2.9305007474186185e-05,1.953342848287381e-05
15.22440009535619,1.9906547346266095e-05,1.9917060010216163e-05
15.22640009535619,1.4034496155552391e-05,2.01231285610431e-05
15.22840009535619,-1.1600873174002033e-07,2.008862013750527e-05
15.230400095356188,6.633134415266055e-06,2.0140566208788538e-05
15.232400095356189,5.152581798929607e-07,2.029735676566293e-05
15.23440009535619,-5.45132475076443e-06,2.0272944345526055e-05
15.236400095356188,1.6192051343601547e-05,1.9753028414644937e-05
15.238400095356187,4.691006813800911e-05,1.940157094880743e-05
15.240400095356188,1.3969290895253015e-05,1.9320028618749373e-05
15.242400095356189,-1.916008682664549e-05,1.927517447803235e-05
15.244400095356188,-2.6881942882960994e-05,1.9237529186128188e-05
15.246400095356186,-2.586782061608413e-06,1.9270937621037652e-05
15.248400095356187,1.785863255305863e-05,1.9606574787782635e-05
15.250400095356188,6.124243960495195e-06,1.9960973361987384e-05
15.252400095356187,-3.387284287398102e-05,1.9704784706814352e-05
15.254400095356186,-5.147971532728292e-05,1.9165696096699833e-05
15.256400095356186,8.604619626938267e-06,1.9005931973726405e-05
15.258400095356187,4.7443537158443105e-05,1.913496703980122e-05
15.260400095356186,0.00011153756744783445,1.9222782548613657e-05
15.262400095356185,0.00012589028617219773,1.9397753463536928e-05
15.264400095356185,0.00010119423284962232,1.9727280640818506e-05
15.266400095356186,7.623919670654152e-05,2.0203325116884806e-05
15.268400095356185,5.112544322483288e-06,2.0343020961877065e-05
15.270400095356184,9.33546202581658e-06,1.953897474741032e-05
15.272400095356184,2.7339702144887785e-05,1.922620305786456e-05
15.274400095356185,5.0379354393847717e-05,1.9606969116887425e-05
15.276400095356184,8.561615539911747e-05,2.0304153934989183e-05
15.278400095356183,0.00010058776316018651,2.023046677526489e-05
15.280400095356184,9.037358859146028e-06,2.031682660227966e-05
15.282400095356184,-2.158672201367022e-05,2.0431810484423157e-05
15.284400095356183,-1.8373683599528596e-06,2.0560376386956006e-05
15.286400095356182,-3.0289360898494795e-06,2.0688500395002428e-05
15.288400095356183,2.858038183963099e-05,2.036234825028867e-05
15.290400095356183,5.868528876646125e-05,2.0827737778004666e-05
15.292400095356182,5.038095426100224e-05,2.1122412210181196e-05
15.294400095356181,3.148385357309435e-05,2.101504655773833e-05
15.296400095356182,4.5943373214939304e-05,2.064233020809027e-05
15.298400095356183,2.193701229832778e-05,2.0884127860117905e-05
15.300400095356181,2.383984207475187e-05,2.1095823810594672e-05
15.30240009535618,4.4378008020729555e-05,2.1348894004403984e-05
15.304400095356181,6.307608625126549e-05,2.156330714510273e-05
15.306400095356182,5.759326562574522e-05,2.1607769156047255e-05
15.30840009535618,4.979526339095711e-05,2.145068622116524e-05
15.31040009535618,4.341948955690562e-06,2.1428541587996396e-05
15.31240009535618,3.921659552748118e-05,2.1175134464585347e-05
15.31440009535618,0.00010155155498159915,2.092337225541645e-05
15.31640009535618,8.335820203685602e-05,2.1075846714872228e-05
15.318400095356179,4.074068953766904e-05,2.125102211203768e-05
15.32040009535618,3.0599846017583656e-05,2.1416823173747878e-05
15.32240009535618,3.7681147767612525e-05,2.1348555704796055e-05
15.324400095356179,6.592140820466296e-05,2.108970151144903e-05
15.326400095356178,0.00011383318121826306,2.0782567524440554e-05
15.328400095356178,5.798370615365309e-05,2.0367827749005376e-05
15.330400095356179,1.541933737879536e-05,1.987574427479702e-05
15.332400095356178,9.876769758204882e-06,1.9753891011714756e-05
15.334400095356177,2.7395979462509052e-05,1.99554230924024e-05
15.336400095356177,3.972024804098566e-05,2.019743247771785e-05
15.338400095356178,4.483610566761491e-05,1.9975386907119422e-05
15.340400095356177,3.7159018099084976e-05,1.9835242383027185e-05
15.342400095356176,2.4948976196427946e-05,2.0191370410089466e-05
15.344400095356177,2.2062666098649304e-05,2.0653402765221792e-05
15.346400095356177,4.082180337663309e-05,2.0572623923923332e-05
15.348400095356176,5.3258525369011896e-05,2.0151820058922187e-05
15.350400095356175,4.393250286582622e-05,1.987674170916198e-05
15.352400095356176,4.114669931504442e-05,1.9884149470575607e-05
15.354400095356176,1.937057190898077e-05,2.0043716678530982e-05
15.356400095356175,-4.818925422823869e-05,2.0185793260870525e-05
15.358400095356174,1.7298245954946266e-05,2.0977795511865494e-05
15.360400095356175,0.00010070050995768382,2.1491569594405948e-05
15.362400095356175,0.00011917165287686393,2.16993340636296e-05
15.364400095356174,7.077561111533733e-05,2.12037784486467e-05
15.366400095356173,5.470735446375515e-07,1.9758142368666043e-05
15.368400095356174,7.257230602092615e-05,1.9934779955437813e-05
15.370400095356175,6.211962488233467e-05,2.0678658715835524e-05
15.372400095356173,3.0754346503065035e-05,2.118760612301542e-05
15.374400095356172,-1.4086708047619842e-05,2.1344289929954273e-05
15.376400095356173,-7.187957905151517e-05,2.1302860729789343e-05
15.378400095356174,-8.894315149945555e-06,2.111511145077695e-05
15.380400095356173,4.349780256112001e-06,2.0479814123259447e-05
15.382400095356171,2.1680705546261235e-05,2.000502481799428e-05
15.384400095356172,4.755106998972214e-05,2.0092635963530366e-05
15.386400095356173,6.772567853640806e-05,2.095508357410118e-05
15.388400095356172,7.60694406017822e-05,2.1803998352124167e-05
15.39040009535617,5.903107458231576e-05,2.141504504099599e-05
15.392400095356171,5.5847542899380544e-05,2.072602500406615e-05
15.394400095356172,8.436459637503499e-05,2.0215535597514177e-05
15.39640009535617,0.0001428247036786806,2.0140223960833854e-05
15.39840009535617,0.00012280701636798152,2.0149248261733084e-05
15.40040009535617,3.1448705290356094e-05,2.0094603318959168e-05
15.402400095356171,-1.3428756337696626e-05,2.021180727482924e-05
15.40440009535617,-1.7526630843455735e-05,2.0348367807306194e-05
15.406400095356169,-2.7861268608545843e-05,2.02281002814224e-05
15.40840009535617,6.88279795521483e-06,1.9953951745357635e-05
15.41040009535617,4.363718111112972e-06,2.002846139363931e-05
15.412400095356169,1.8970558648611796e-05,1.2328824830658037e-05
15.414400095356168,2.5380311034695068e-05,1.263971630502987e-05
15.416400095356169,3.4466586718379045e-05,1.2780934346540807e-05
15.41840009535617,3.1812276949315524e-05,1.2562274411867113e-05
15.420400095356168,3.811338770360933e-05,1.2735197029316676e-05
15.422400095356167,3.88314246128329e-05,1.2811258649075517e-05
15.424400095356168,4.206617037820184e-05,1.2773437625573286e-05
15.426400095356168,5.706635851197828e-05,1.2740424308708217e-05
15.428400095356167,4.1885746601619764e-05,1.262138289773291e-05
15.430400095356166,5.577965547346397e-05,1.256549075192001e-05
15.432400095356167,4.969413006530209e-05,1.2579743001799657e-05
15.434400095356168,2.8691125917094924e-05,1.252066340697192e-05
15.436400095356166,1.4565118392792644e-05,1.2346390985885642e-05
15.438400095356165,1.3220665400250233e-05,1.2679730031753907e-05
15.440400095356166,1.1911531851748757e-05,1.2732792507402613e-05
15.442400095356167,1.8105024269849545e-05,1.250814706734698e-05
15.444400095356166,2.435156231853322e-05,1.216140537582836e-05
15.446400095356164,1.2244155311680807e-05,1.1883241783493205e-05
15.448400095356165,-4.438167863845648e-06,1.1969015114957654e-05
15.450400095356166,1.5011653842128483e-05,1.2177271827690882e-05
15.452400095356165,3.8222550821319404e-05,1.235739426561059e-05
15.454400095356164,4.823285480043383e-05,1.2563005084822278e-05
15.456400095356164,3.333924449382154e-05,1.278503982390658e-05
15.458400095356165,2.2394808680656682e-05,1.2202883331212994e-05
15.460400095356164,2.0552382299900222e-05,1.186401553049795e-05
15.462400095356163,1.4004889508933994e-05,1.1887972961994316e-05
15.464400095356163,6.658415822974263e-06,1.2171690495407255e-05
15.466400095356164,8.93862718252396e-06,1.252608040781268e-05
15.468400095356163,6.771514449432628e-06,1.2889562877898835e-05
15.470400095356162,2.6738476845196576e-05,1.2763929397643694e-05
15.472400095356162,1.708458205045113e-05,1.2547525172542847e-05
15.474400095356163,-5.853119708255195e-06,1.2262044468274297e-05
15.476400095356162,-7.255845454193732e-06,1.1827735957438135e-05
15.478400095356161,2.381151743452864e-05,1.1777847527716913e-05
15.480400095356162,1.4804542578251569e-06,1.2149333926318119e-05
15.482400095356162,-6.651750764312982e-06,1.2558142643548992e-05
15.484400095356161,2.2286018933562563e-06,1.29287317850773e-05
15.48640009535616,8.530714348704135e-06,1.3189719089691018e-05
15.48840009535616,1.7905176284481443e-05,1.2628434436007498e-05
15.490400095356161,2.249802550737328e-05,1.2128258629766845e-05
15.49240009535616,1.606491223914686e-05,1.1737781673318309e-05
15.49440009535616,3.980293321250973e-06,1.1614412602196945e-05
15.49640009535616,-2.8866592095075912e-06,1.1891556900106562e-05
15.49840009535616,-3.7216123125911856e-06,1.2553026134012084e-05
15.50040009535616,7.425989719698245e-06,1.2833169742381203e-05
15.502400095356158,1.8281347982159533e-05,1.3011470610284872e-05
15.504400095356159,3.0754036013225345e-05,1.2957649605379188e-05
15.50640009535616,4.649301671138494e-05,1.2464702825103725e-05
15.508400095356158,3.477495030437199e-05,1.224572753121732e-05
15.510400095356157,1.2321775670781667e-05,1.2159602993878301e-05
15.512400095356158,8.405238026979857e-06,1.2324975474299556e-05
15.514400095356159,1.9640268983651286e-05,1.268213656353257e-05
15.516400095356158,3.419043368284717e-05,1.309749108106391e-05
15.518400095356156,5.761826175874094e-05,1.3108625658125923e-05
15.520400095356157,5.420459262733431e-05,1.3280369285707607e-05
15.522400095356158,5.458362822274964e-05,1.3003762815881883e-05
15.524400095356157,5.906508646011136e-05,1.2441597794688057e-05
15.526400095356156,5.449500548876805e-05,1.2089240374401255e-05
15.528400095356156,3.3410065938020025e-05,1.207809791640467e-05
15.530400095356157,1.259055896812754e-05,1.221680034602634e-05
15.532400095356156,2.5913715344525885e-06,1.2517418069673909e-05
15.534400095356155,4.528183499132129e-06,1.295004913994873e-05
15.536400095356155,1.540939834043399e-05,1.3392562849372661e-05
15.538400095356156,5.383849187015472e-05,1.3429412046329694e-05
15.540400095356155,5.131491554701936e-05,1.298891790491539e-05
15.542400095356154,4.918513680424827e-05,1.2653346112980397e-05
15.544400095356155,4.0458498200772674e-05,1.2652372397274737e-05
15.546400095356155,7.778448001864158e-06,1.3024672946713403e-05
15.548400095356154,3.549209907197268e-06,1.3078475520089892e-05
15.550400095356153,3.692623018823188e-07,1.3227518630326216e-05
15.552400095356154,-6.32199482679401e-06,1.337242419170702e-05
15.554400095356154,-5.189880160763651e-06,1.3473367369858693e-05
15.556400095356153,1.2362726089878036e-05,1.3560228255777014e-05
15.558400095356152,-1.5449996183529548e-05,1.3481968606741585e-05
15.560400095356153,-1.6528066874445328e-05,1.3322889980583579e-05
15.562400095356153,2.227538827590191e-06,1.2978180777655791e-05
15.564400095356152,2.659873233418534e-05,1.2635181434303869e-05
15.566400095356151,3.924100370093595e-05,1.2580299390427587e-05
15.568400095356152,4.610732504613994e-05,1.3055527833493933e-05
15.570400095356153,1.5860189795869817e-05,1.727877370270482e-05
15.572400095356151,1.3053600930436615e-05,1.7623270910601705e-05
15.57440009535615,1.9725896276829926e-05,1.7183044909336014e-05
15.576400095356151,-7.2667272168391215e-06,1.6340611057630432e-05
15.578400095356152,2.3671973950107796e-05,1.5224392159542195e-05
15.58040009535615,3.1013991255313e-05,1.445707041254946e-05
15.58240009535615,3.690310129839546e-05,1.42726455878518e-05
15.58440009535615,4.9811407354143426e-05,1.4860384631442881e-05
15.58640009535615,6.564756603249304e-05,1.6225786567337503e-05
15.58840009535615,5.139479897148109e-06,1.704101052291663e-05
15.590400095356149,2.4491685975186288e-05,1.7290106837825715e-05
15.59240009535615,3.5162069172381324e-05,1.664964478219745e-05
15.59440009535615,2.5794198175327047e-05,1.5495158265378074e-05
15.596400095356149,1.574907869471796e-05,1.4476803271493631e-05
15.598400095356148,2.6013159159328014e-05,1.3741678761052929e-05
15.600400095356148,4.720186337471964e-06,1.3770871218877728e-05
15.602400095356149,7.696207273493706e-06,1.457890558936595e-05
15.604400095356148,2.9842679732835146e-05,1.5804892725539898e-05
15.606400095356147,4.077195831169301e-05,1.6871355549860043e-05
15.608400095356147,8.133352614744212e-06,1.6938562937137304e-05
15.610400095356148,8.956604923134107e-06,1.5997948186806753e-05
15.612400095356147,1.4909272655137843e-05,1.4928890641180215e-05
15.614400095356146,1.352925301517161e-05,1.4094431340862606e-05
15.616400095356147,2.6978017935644973e-06,1.3689915359289223e-05
15.618400095356147,2.5845525096251044e-05,1.4190928437515851e-05
15.620400095356146,3.0217546441336786e-05,1.5356318581137972e-05
15.622400095356145,2.1883051481008496e-05,1.6641414128981347e-05
15.624400095356146,9.562521730376816e-06,1.761989733371852e-05
15.626400095356146,5.10193009999437e-06,1.7852447012910616e-05
15.628400095356145,3.4509912630720315e-05,1.6338754231852238e-05
15.630400095356144,1.988877604278716e-05,1.5297793612847347e-05
15.632400095356145,1.8580462937279079e-06,1.4704616915840178e-05
15.634400095356145,-6.379518424931698e-07,1.4659441986221266e-05
15.636400095356144,1.874375705503853e-05,1.5254821737223881e-05
15.638400095356143,2.2275009424757954e-05,1.629424267282257e-05
15.640400095356144,3.5163471584061706e-05,1.6956188771390607e-05
15.642400095356145,5.251402838960022e-05,1.7311716297303116e-05
15.644400095356144,6.505679259506587e-05,1.7133645019393488e-05
15.646400095356142,6.28221245211127e-05,1.6229577975513353e-05
15.648400095356143,4.83205475332451e-05,1.5749132587266678e-05
15.650400095356144,1.683611783704939e-05,1.5153969142938497e-05
15.652400095356143,5.625401340970326e-06,1.5030062653418811e-05
15.654400095356142,1.835568183561124e-05,1.532356504775995e-05
15.656400095356142,3.995688651587382e-05,1.5723029039143206e-05
15.658400095356143,9.6518535259612e-06,1.6115848902245256e-05
15.660400095356142,-6.903169863806023e-06,1.7156124562812304e-05
15.66240009535614,-9.847942229472673e-06,1.723345651069532e-05
15.664400095356141,-1.2013470580778736e-05,1.669235428204064e-05
15.666400095356142,-2.653649749938525e-05,1.6517827037840994e-05
15.66840009535614,-1.1183148246569837e-05,1.589083406595554e-05
15.67040009535614,-8.31551680622695e-06,1.5435354510544236e-05
15.67240009535614,3.1287650914714426e-06,1.5211638634367424e-05
15.674400095356141,2.172524389198938e-05,1.524395859780978e-05
15.67640009535614,3.4942255234421006e-05,1.5570055296211906e-05
15.678400095356139,1.1029688267444606e-05,1.6659074301459768e-05
15.68040009535614,2.6028234380218534e-05,1.6760852632795353e-05
15.68240009535614,3.409761805438811e-05,1.6707052405673938e-05
15.684400095356139,3.4660588661586405e-05,1.6443818044333683e-05
15.686400095356138,4.1440563020888066e-05,1.5676604360831972e-05
15.688400095356139,3.008934847506684e-05,1.5069666137559509e-05
15.69040009535614,2.7705809383197624e-05,1.4704370731082116e-05
15.692400095356138,2.331017638355353e-05,1.4674600713505381e-05
15.694400095356137,2.7647523735821975e-05,1.5224216998522885e-05
15.696400095356138,5.331728156223433e-05,1.646320159015008e-05
15.698400095356138,4.458350129576214e-05,1.675054699283621e-05
15.700400095356137,3.645083000641776e-05,1.6873675849584697e-05
15.702400095356136,2.6898767248178296e-05,1.6490624320468437e-05
15.704400095356137,1.2136910127088511e-05,1.5793223315371254e-05
15.706400095356138,-7.930921296191258e-06,1.5197655076120017e-05
15.708400095356136,1.0610280663302949e-05,1.4990006080418474e-05
15.710400095356135,2.4834664410726997e-05,1.5029194482014492e-05
15.712400095356136,5.249118532658578e-05,1.558205366465965e-05
15.714400095356137,6.940283736091231e-05,1.6407366052294264e-05
15.716400095356136,4.3291398610043196e-05,1.707797103520332e-05
15.718400095356134,3.294171707320811e-05,1.7591178847791694e-05
15.720400095356135,1.9516074869903565e-05,1.6833409340281282e-05
15.722400095356136,1.385448856499167e-05,1.5939924405176576e-05
15.724400095356135,1.34053467866059e-05,1.5213214127129373e-05
15.726400095356134,1.0597763664797736e-05,1.4677338049311597e-05
15.728400095356134,4.432340001382325e-06,1.4752028201611733e-05
15.730400095356135,-1.0881380866965465e-05,1.5649046705465506e-05
15.732400095356134,-3.432919891352297e-05,1.6436906941434388e-05
15.734400095356133,-4.805178414825704e-05,1.7040729913736077e-05
15.736400095356133,-3.205659493091852e-05,1.7591170972582186e-05
15.738400095356134,-1.5679868170834834e-05,1.6836646054486577e-05
15.740400095356133,-1.5923481813423553e-05,1.6056592752780616e-05
15.742400095356132,-1.804631711793073e-05,1.536733913672443e-05
15.744400095356132,-1.0638398030872133e-05,1.5017135755272665e-05
15.746400095356133,1.2036869257254569e-05,1.5258416866863406e-05
15.748400095356132,1.0139125785445086e-05,1.593356983533137e-05
15.750400095356131,8.857791895435912e-06,1.6345951356163597e-05
15.752400095356132,2.0016973960448593e-05,1.68762351245936e-05
15.754400095356132,4.2211872718376976e-05,1.709877323324971e-05
15.756400095356131,6.364813284761974e-05,1.6459919302058295e-05
15.75840009535613,2.612379347595365e-05,1.635768496375886e-05
15.76040009535613,3.0967167957494433e-06,1.5767809553270218e-05
15.762400095356131,1.0542990052205639e-05,1.5462928985490224e-05
15.76440009535613,2.447736931827918e-05,1.5560414803393714e-05
15.76640009535613,1.1296982806231143e-05,1.5879815378453817e-05
15.76840009535613,1.5780607381355546e-05,1.5980202825898895e-05
15.77040009535613,2.1458485466200524e-05,1.64783274095467e-05
15.77240009535613,4.468792096091566e-06,1.665794347715611e-05
15.774400095356128,-1.8213193896587906e-05,1.6607668777639254e-05
15.776400095356129,-1.9502133412529756e-05,1.6647834838680687e-05
15.77840009535613,-4.465357290817753e-05,1.6072021008624688e-05
15.780400095356129,-1.102098167545089e-05,1.6023836675499606e-05
15.782400095356127,2.595848499123265e-05,1.605466995051498e-05
15.784400095356128,3.530884162151545e-05,1.602835934400543e-05
15.786400095356129,1.940864893495196e-06,1.5990748409462727e-05
15.788400095356128,-2.3300652744610886e-05,1.6654974156862778e-05
15.790400095356127,-3.746220633196069e-05,1.686499438624222e-05
15.792400095356127,-2.9958702723821692e-05,1.7029914738185808e-05
15.794400095356128,-1.643794704905194e-05,1.7196621930635978e-05
15.796400095356127,-1.7896901345550625e-05,1.7270504710455147e-05
15.798400095356126,7.123795052096552e-06,1.7121787666673667e-05
15.800400095356126,-9.136858976044814e-06,1.6804898855156454e-05
15.802400095356127,-5.009855392241044e-06,1.648621608663849e-05
15.804400095356126,2.203092183098131e-06,1.635014833209303e-05
15.806400095356125,-2.422974515547442e-05,1.656098966791945e-05
15.808400095356125,6.2987922206282036e-06,1.701502921033926e-05
15.810400095356126,-9.876292185686282e-06,1.746214629384735e-05
15.812400095356125,-1.4406908305471385e-05,1.754931409221021e-05
15.814400095356124,-7.270444015277037e-07,1.7412713634996354e-05
15.816400095356125,1.6665528500711904e-05,1.7343327008899586e-05
15.818400095356125,2.109010472960581e-05,1.7052231397947768e-05
15.820400095356124,3.2744302553631105e-05,1.669561792352951e-05
15.822400095356123,5.365445389786341e-05,1.6326487521762824e-05
15.824400095356124,6.203407629950367e-05,1.6189657011559233e-05
15.826400095356124,3.487119600168739e-05,1.654057884947306e-05
15.828400095356123,3.615655880100272e-05,1.698585351578158e-05
15.830400095356122,1.3375295277273887e-05,1.7139341676926864e-05
15.832400095356123,-5.313421759216588e-06,1.724188514038169e-05
15.834400095356123,-1.1280442316474372e-05,1.7371162747805524e-05
15.836400095356122,-4.014910401409891e-06,1.7496014068463015e-05
15.838400095356121,1.4610174198178386e-05,1.7088890875253386e-05
15.840400095356122,6.672265272970477e-06,1.6449639152091622e-05
15.842400095356123,2.1771078115574002e-05,1.616311763417116e-05
15.844400095356121,4.405917743790871e-05,1.6304674157707135e-05
15.84640009535612,3.706410498105891e-05,1.67397090471166e-05
15.848400095356121,2.7004664109409983e-05,1.743610704955259e-05
15.850400095356122,1.6816879581594872e-05,1.7681021849362033e-05
15.85240009535612,2.3827376988514713e-05,1.7551110131375694e-05
15.85440009535612,4.0230743147755355e-05,1.7377181678178618e-05
15.85640009535612,4.731471365469407e-05,1.7482813366623067e-05
15.85840009535612,2.4822327565334765e-05,1.688535224534366e-05
15.86040009535612,-1.2996311366980172e-05,1.6777108633619165e-05
15.862400095356119,-3.2883766894183225e-05,1.6685773463025795e-05
15.86440009535612,-2.2178698230604364e-05,1.673934200956124e-05
15.86640009535612,1.6996918284222186e-05,1.720871898420907e-05
15.868400095356119,2.4732065843973075e-05,1.7456194506442616e-05
15.870400095356118,3.033974823482451e-05,1.751423826702358e-05
15.872400095356118,2.7138218293033843e-05,1.7753917758672797e-05
15.874400095356119,2.236398461028287e-05,1.793803687662483e-05
15.876400095356118,2.7293601487661318e-05,1.7738250983925668e-05
15.878400095356117,3.408966507535558e-05,1.8418700771347305e-05
15.880400095356118,1.2495552664166487e-05,1.8185486691375504e-05
15.882400095356118,1.633977203721266e-05,1.796753567272228e-05
15.884400095356117,3.1477605566014526e-05,1.796044806845044e-05
15.886400095356116,2.092461639615481e-05,1.80825836895765e-05
15.888400095356117,-7.036561159563416e-07,1.8350687121376557e-05
15.890400095356117,-6.440428584309392e-06,1.841935372496906e-05
15.892400095356116,2.0222654424261442e-05,1.8246718668055192e-05
15.894400095356115,5.929645617186487e-05,1.822578448189751e-05
15.896400095356116,7.477771733657579e-05,1.8772433170116922e-05
15.898400095356116,3.072782027913908e-05,1.8672758401102278e-05
15.900400095356115,4.118003602899111e-05,1.9021439879041554e-05
15.902400095356114,2.8008602461251653e-05,1.8938846035691514e-05
15.904400095356115,8.709921254440292e-06,1.866528152137055e-05
15.906400095356116,2.8419476265868703e-05,1.879252371253838e-05
15.908400095356114,2.0926385670736215e-05,1.8798909859425092e-05
15.910400095356113,1.337105613277872e-05,1.84214953899545e-05
15.912400095356114,1.0353324001561141e-05,1.839167684044973e-05
15.914400095356115,1.5600236529400537e-05,1.8637972266186524e-05
15.916400095356114,3.0450885232494175e-05,1.885468367048915e-05
15.918400095356112,3.8247801014893996e-05,1.974864880627966e-05
15.920400095356113,2.4112591017032358e-05,1.951712056300646e-05
15.922400095356114,1.0005211064331673e-05,1.9137505682204955e-05
15.924400095356113,5.440965355152568e-06,1.879475571865226e-05
15.926400095356112,1.2859793972039021e-05,1.841835442585928e-05
15.928400095356112,1.2208870004443844e-05,1.8392903459260447e-05
15.930400095356113,2.7227952736182473e-05,1.8432901916059065e-05
15.932400095356112,4.2674632738068556e-05,1.8206895496629616e-05
15.93440009535611,3.650164532330965e-05,1.813181614642043e-05
15.936400095356111,-7.697690809604994e-06,1.875259919822076e-05
15.938400095356112,-2.2194529293149634e-05,1.8800021602912133e-05
15.940400095356111,-8.126333063635177e-06,1.913522125767472e-05
15.94240009535611,2.012304950891829e-05,1.9085891270341355e-05
15.94440009535611,4.450236960064336e-05,1.879200765787602e-05
15.946400095356111,4.601491723358701e-05,1.868536382462113e-05
15.94840009535611,1.8336944848366852e-05,1.8722792496573446e-05
15.950400095356109,6.806004153228646e-07,1.841642136538805e-05
15.95240009535611,3.0572897844216875e-06,1.8207338260724227e-05
15.95440009535611,1.8356418472376677e-05,1.799645006088807e-05
15.95640009535611,2.98520605751069e-05,1.758198837812818e-05
15.958400095356108,2.3886715330287606e-06,1.7919427578137514e-05
15.960400095356109,-2.011498222640086e-05,1.833358565029862e-05
15.96240009535611,-5.003351385858703e-06,1.895685092041925e-05
15.964400095356108,1.1771244072875491e-05,1.9454226458455118e-05
15.966400095356107,-1.887345053002101e-05,1.9407303347770364e-05
15.968400095356108,1.4446175466992361e-05,1.9516978323270358e-05
15.970400095356108,2.0668030073248615e-05,1.920441180570025e-05
15.972400095356107,1.3802758475318969e-05,1.8528194874652374e-05
15.974400095356106,1.6692166875512105e-05,1.781984690722377e-05
15.976400095356107,5.006510771477273e-05,1.747859397132327e-05
15.978400095356108,7.080997042777634e-05,1.730215009830037e-05
15.980400095356107,4.963532000118367e-05,1.794783464617139e-05
15.982400095356105,9.619549991077011e-06,1.8721825034698186e-05
15.984400095356106,-1.4243436460953014e-05,1.9433343255384815e-05
15.986400095356107,1.0440830137314324e-05,2.0033835367906538e-05
15.988400095356106,3.205945792440415e-05,1.999692876803984e-05
15.990400095356105,7.137550564810291e-06,1.9430404477294813e-05
15.992400095356105,3.3396889875358978e-06,1.8626393147356427e-05
15.994400095356106,7.233364780139733e-06,1.7786057667298924e-05
15.996400095356105,-2.0020480753859944e-05,1.7115719573982835e-05
15.998400095356104,-4.231561947462549e-05,1.710207445320584e-05
16.000400095356106,-2.6665066093466284e-05,1.740904669456262e-05
16.002400095356105,-9.563312602091392e-06,1.7962205606338492e-05
16.004400095356104,3.294114334622392e-06,1.8647588111191443e-05
16.006400095356103,1.5163415878927553e-05,1.9331951344211415e-05
16.0084000953561,-1.085695199044413e-06,1.998964881443861e-05
16.010400095356104,1.9526708794713256e-05,1.9801174555924496e-05
16.012400095356103,1.3698132764502466e-05,1.916774000018289e-05
16.014400095356102,-3.956882206902695e-06,1.8357032210038148e-05
16.016400095356104,5.918696589527575e-06,1.7651130311223703e-05
16.018400095356103,1.0323644132914351e-05,1.7750980872763476e-05
16.020400095356102,3.6129258021688844e-06,1.776957854742837e-05
16.0224000953561,-8.577233677601082e-06,1.8019204782290387e-05
16.0244000953561,-1.5231249280862747e-05,1.84259391294223e-05
16.026400095356102,-4.288614255464371e-06,1.8783462307549335e-05
16.0284000953561,2.2848289171189275e-05,1.9206737021295877e-05
16.0304000953561,2.5415622735363367e-05,1.932407677266193e-05
16.032400095356103,1.3252859164424112e-05,1.930650268986156e-05
16.0344000953561,8.40545678989666e-06,1.9150942807966834e-05
16.0364000953561,3.164063314323119e-05,1.8791224620439246e-05
16.0384000953561,3.389553328747665e-05,1.8121309488327867e-05
16.040400095356098,3.790020695503297e-05,1.7924151317862357e-05
16.0424000953561,3.284477529083579e-05,1.7689564306702674e-05
16.0444000953561,1.2932486716115845e-05,1.7548097065709134e-05
16.0464000953561,-1.979543754270341e-05,1.7825207527199675e-05
16.0484000953561,-8.683472931807617e-06,1.8277953994212936e-05
16.0504000953561,7.183740347885354e-07,1.8933882594248754e-05
16.0524000953561,9.65990488082555e-06,1.9600022392287845e-05
16.054400095356097,1.0095646518377456e-05,1.9974599017511092e-05
16.056400095356096,-5.482843214573299e-06,1.979977695887563e-05
16.0584000953561,-2.707380342919738e-06,1.9691723796812543e-05
16.060400095356098,-7.821970051796304e-06,1.915913080050279e-05
16.062400095356097,-6.3918669374510785e-06,1.8640182192307083e-05
16.0644000953561,8.321163982167953e-06,1.820852464472996e-05
16.066400095356098,3.26918389966236e-05,1.7821488391225327e-05
16.068400095356097,-8.353083734515848e-06,1.770916036577376e-05
16.070400095356096,8.534689577006309e-06,1.8013922318294813e-05
16.072400095356095,-8.859832901934994e-06,1.864506688555705e-05
16.074400095356097,-1.4179135814108892e-05,1.9586975050371815e-05
16.076400095356096,6.975133825738584e-05,2.0703428487712314e-05
16.078400095356095,6.494897608102505e-05,2.0520268699250997e-05
16.080400095356097,9.788978011521692e-06,1.989671934541201e-05
16.082400095356096,-1.8967732314857995e-05,1.906715700766281e-05
16.084400095356095,-6.494522365993547e-06,1.837928226111764e-05
16.086400095356094,3.240898824185538e-05,1.8137690444196715e-05
16.088400095356093,4.300876870451878e-05,1.764253157350671e-05
16.090400095356095,2.8454374154598728e-05,1.7494778744016377e-05
16.092400095356094,2.5472071920271428e-05,1.7931697393569673e-05
16.094400095356093,3.0977297922743114e-05,1.883323927135853e-05
16.096400095356096,2.7077661190295282e-05,1.990828968822715e-05
16.098400095356094,9.59119118102635e-06,2.0893773647932665e-05
16.100400095356093,2.1587575999145924e-05,2.0930697147677156e-05
16.102400095356092,2.4527258493754167e-05,2.024549474633487e-05
16.10440009535609,3.071700401696533e-05,1.9045900826035465e-05
16.106400095356094,6.417480775055202e-05,1.765291573596655e-05
16.108400095356092,6.136576758641158e-05,1.7186639083348658e-05
16.11040009535609,5.425116177890301e-05,1.7091532276885595e-05
16.112400095356094,4.459234431962277e-05,1.7249601660226252e-05
16.114400095356093,3.515139604119751e-05,1.7804366085372114e-05
16.11640009535609,2.8445336166791486e-05,1.8862586889315378e-05
16.11840009535609,1.90384818506725e-05,1.927628355946464e-05
16.12040009535609,2.5426399792713668e-05,2.0066334363903546e-05
16.12240009535609,1.8067715792961065e-05,2.0354900952691827e-05
16.12440009535609,-2.240422226630458e-06,1.9942125827335167e-05
16.12640009535609,-1.768503432799774e-05,1.8954267280514963e-05
16.128400095356092,3.4957655043271955e-05,1.7836093209128502e-05
16.13040009535609,3.813321347238328e-05,1.7182255931460994e-05
16.13240009535609,1.910649120602275e-05,1.702386563985906e-05
16.13440009535609,-6.361126054085111e-06,1.7346130658664016e-05
16.136400095356088,-2.6647064198656005e-05,1.804276910637743e-05
16.13840009535609,-3.977344200217387e-05,1.8560903941904336e-05
16.14040009535609,-3.4505655604122906e-05,1.8778245783456212e-05
16.142400095356088,-1.3609098322028956e-05,1.9184678791515537e-05
16.14440009535609,1.2140763780250528e-05,1.959267013714326e-05
16.14640009535609,2.7425334240060318e-05,1.9612545178552155e-05
16.148400095356088,1.129546106196353e-05,1.958737329329186e-05
16.150400095356087,-1.6535509853132237e-05,1.8846060248484833e-05
16.152400095356086,-2.567222960918384e-05,1.8258636532312374e-05
16.15440009535609,-2.1274083523545e-05,1.7975749754243983e-05
16.156400095356087,-1.973783201503549e-05,1.7884063393735194e-05
16.158400095356086,4.0622096365117727e-07,1.8134191863776676e-05
16.16040009535609,-6.663000188654861e-07,1.8418730746912713e-05
16.162400095356087,2.7432802885987105e-06,1.8570274261209324e-05
16.164400095356086,-4.709143187411303e-06,1.872483631769524e-05
16.166400095356085,-4.255831987107612e-05,1.9120702063269936e-05
16.168400095356084,-7.577607154846959e-06,1.9761858217728708e-05
16.170400095356086,-2.219182412435969e-05,2.0153400473592583e-05
16.172400095356085,-2.4767745540013218e-05,2.0108637821098595e-05
16.174400095356084,-1.7189190778786348e-05,1.972129501052621e-05
16.176400095356087,-2.4678329852485532e-05,1.924720855211046e-05
16.178400095356086,-5.148962926650941e-05,1.9221715061650595e-05
16.180400095356084,-4.909859764389889e-05,1.926196141723404e-05
16.182400095356083,-2.4865168268105782e-05,1.9374086455889175e-05
16.184400095356082,-3.273408208766776e-06,1.9467516515572312e-05
16.186400095356085,-8.560434803575046e-06,1.9379843431376653e-05
16.188400095356084,1.8245149526555243e-05,1.8634265666239846e-05
16.190400095356082,2.1253300974051133e-05,1.9518689201320528e-05
16.192400095356085,1.1532991349012831e-05,2.0290612505656746e-05
16.194400095356084,9.032102089420148e-06,2.0645943732098382e-05
16.196400095356083,2.9766352832407106e-05,2.0793277311344575e-05
16.19840009535608,6.997192341741945e-06,2.0380802385601854e-05
16.20040009535608,-1.4950378619419204e-05,1.9637903031431267e-05
16.202400095356083,-3.32897621068485e-05,1.8758451607343233e-05
16.204400095356082,-3.322302439269482e-05,1.7970519432218838e-05
16.20640009535608,1.15724841337796e-06,1.7515125677780033e-05
16.208400095356083,5.245388459505753e-05,1.7559093768472607e-05
16.210400095356082,4.345024012580413e-05,1.7940648018111384e-05
16.21240009535608,1.7121880359513527e-05,1.8791907577258826e-05
16.21440009535608,2.624333908712423e-06,1.9750192641964635e-05
16.21640009535608,2.0789594455580657e-05,2.029618386075418e-05
16.21840009535608,5.294018526773798e-05,2.0547725207272575e-05
16.22040009535608,4.955914365241778e-05,2.0434697019545253e-05
16.22240009535608,2.9227559277453593e-05,1.9952416083077018e-05
16.22440009535608,1.3135662852716275e-05,1.9090564054692614e-05
16.22640009535608,1.9443074119187665e-05,1.794504277256758e-05
16.22840009535608,1.533951574505552e-05,1.749462484803278e-05
16.230400095356078,2.110484183358395e-05,1.7381505237496637e-05
16.232400095356077,7.656193186654217e-06,1.7447014770439152e-05
16.23440009535608,-4.857336665810233e-06,1.7859881734750778e-05
16.23640009535608,1.5389579942565438e-05,1.8804126642972376e-05
16.238400095356077,1.287287544086418e-05,1.9436626837562523e-05
16.24040009535608,2.408899848301529e-05,1.9974362967414007e-05
16.24240009535608,2.7592155685868964e-05,1.997666875759251e-05
16.244400095356077,2.3471233141024897e-05,1.9601859687818472e-05
16.246400095356076,1.8862981750374626e-05,1.9250229833994708e-05
16.248400095356075,2.5415730344788952e-06,1.9092292624619295e-05
16.250400095356078,-1.8170748106341876e-05,1.850772618423082e-05
16.252400095356077,-1.2552293918815313e-05,1.8249603743002164e-05
16.254400095356075,4.774514880362779e-06,1.820248017041593e-05
16.256400095356078,2.8791475611964445e-06,1.80217265922471e-05
16.258400095356077,-2.0234214389401417e-05,1.8673045717264754e-05
16.260400095356076,5.368267104964299e-05,1.878946980294095e-05
16.262400095356075,4.6145195721192826e-05,1.9020421224725548e-05
16.264400095356073,-1.1925512610127646e-05,1.9240022655976747e-05
16.266400095356076,-1.9573432328545417e-05,1.90889680086447e-05
16.268400095356075,-4.095272884471041e-05,1.8966584003522646e-05
16.270400095356074,-2.1889960597861624e-05,1.9165440650863878e-05
16.272400095356076,-8.639237135944785e-06,1.942846877667098e-05
16.274400095356075,-2.8499169922900608e-06,1.978841321683739e-05
16.276400095356074,7.432429272190309e-06,2.0283614518967375e-05
16.278400095356073,-7.806972463019083e-06,1.9893757337991308e-05
16.28040009535607,-2.144819440078614e-05,1.9906736335383457e-05
16.282400095356074,-2.8040316739207148e-05,1.967424862841772e-05
16.284400095356073,-3.6665551858132375e-05,1.934013798101121e-05
16.286400095356072,-5.6100079490649524e-05,1.9256665354154347e-05
16.288400095356074,-2.998784430028065e-05,1.8610459335086253e-05
16.290400095356073,-2.1742833907263832e-05,1.884583769089028e-05
16.292400095356072,-1.905767276847043e-05,1.920188606860732e-05
16.29440009535607,-1.994370944684181e-05,1.9504797665009323e-05
16.29640009535607,-2.216864628055813e-05,1.9830444923981445e-05
16.298400095356072,1.6899371461053765e-05,2.05448822844648e-05
16.30040009535607,3.745328232554461e-05,2.070833284825727e-05
16.30240009535607,1.4264969268471265e-05,2.1303322490657865e-05
16.304400095356073,-1.3725170848180387e-05,2.160220621748163e-05
16.30640009535607,9.676850978554533e-06,2.0458364163460505e-05
16.30840009535607,3.681635099315458e-05,1.946997068139979e-05
16.31040009535607,1.63812380394479e-05,1.8503124242748944e-05
16.312400095356068,1.5311745664668462e-05,1.8270731816036796e-05
16.31440009535607,3.128120697898342e-05,1.8624377199446072e-05
16.31640009535607,3.5550689676585586e-05,1.9046139393479666e-05
16.31840009535607,1.6266277551204198e-05,1.910931696094266e-05
16.32040009535607,-1.3279913653493239e-05,1.939587758475095e-05
16.32240009535607,-3.2455114840563796e-05,1.9633129370599574e-05
16.32440009535607,-3.215254990019648e-05,1.995358672704279e-05
16.326400095356068,-8.143605613203246e-06,2.054315147242122e-05
16.328400095356066,4.681249931471094e-05,2.0495155647659725e-05
16.33040009535607,2.960084706767722e-06,2.0411912385157573e-05
16.332400095356068,-2.819720662113037e-05,1.9938369754968916e-05
16.334400095356067,-2.8909524108581618e-05,1.953870628450745e-05
16.33640009535607,-1.7731086453894957e-05,1.982129691309993e-05
16.338400095356068,-3.212672941903006e-06,1.9388714062149617e-05
16.340400095356067,3.3065469092201195e-05,1.9225726346360204e-05
16.342400095356066,5.607030552420609e-05,1.922761862900572e-05
16.344400095356065,5.741463036806009e-05,1.920545448632077e-05
16.346400095356067,3.9287974899337194e-05,1.8964811028095776e-05
16.348400095356066,-2.6518743249554045e-06,1.8683109678585825e-05
16.350400095356065,1.382465554531799e-05,1.8664902685506997e-05
16.352400095356067,3.100204332122091e-05,1.891350843612133e-05
16.354400095356066,3.884369957369498e-05,1.9072593732772e-05
16.356400095356065,4.490180829962035e-05,1.8785683540033966e-05
16.358400095356064,4.7100244058076774e-05,1.9278058415465706e-05
16.360400095356063,8.976650565150142e-06,1.9380992150159444e-05
16.362400095356065,1.2459425282534355e-05,1.9700728359721543e-05
16.364400095356064,3.1972272574554485e-05,1.994391884517615e-05
16.366400095356063,1.0675587499348536e-05,1.961073107342174e-05
16.368400095356066,2.4049322708525964e-05,1.9788164328680977e-05
16.370400095356064,4.074815934118084e-05,1.9382105689733798e-05
16.372400095356063,5.852354517271825e-05,1.882885926334389e-05
16.374400095356062,6.438366093599271e-05,1.827447262908832e-05
16.37640009535606,4.597228021635056e-05,1.7778132329846416e-05
16.378400095356064,4.024732352454288e-05,1.7581284575228833e-05
16.380400095356062,3.926732655575106e-05,1.798464770406311e-05
16.38240009535606,5.428886231581856e-05,1.8579065113766714e-05
16.384400095356064,6.729788122128567e-05,1.922075297409191e-05
16.386400095356063,5.768974826346146e-05,1.983963804153006e-05
16.38840009535606,0.00010413676079282577,2.0175309817544733e-05
16.39040009535606,8.743441920149795e-05,2.0237264241315284e-05
16.39240009535606,2.595906866425616e-05,2.006807075687707e-05
16.394400095356062,-3.956870577960965e-05,1.9735868806100904e-05
16.39640009535606,-6.477747979431995e-05,1.9322193513731002e-05
16.39840009535606,-8.261323913294797e-05,1.8802572017572795e-05
16.400400095356062,-4.794710655698301e-05,1.8770644999407825e-05
16.40240009535606,-2.8581310221594943e-05,1.8699660933705618e-05
16.40440009535606,-2.6832224999901353e-05,1.8652162759748506e-05
16.40640009535606,-2.0743536252814314e-05,1.88958229398933e-05
16.408400095356058,-9.91638400944137e-06,1.9435501296778305e-05
16.41040009535606,1.0615665978248261e-05,1.9205375350120055e-05
16.41240009535606,6.5856424847392985e-06,1.928036759708072e-05
16.414400095356058,-9.353005000448138e-06,1.958180249940253e-05
16.41640009535606,-6.571280457563829e-06,1.9654996878982647e-05
16.41840009535606,2.850116661510365e-05,1.997111340697247e-05
16.420400095356058,2.9585115454980227e-05,1.9803006442348174e-05
16.422400095356057,3.77359750005625e-05,1.9784082378623605e-05
16.424400095356056,4.040311364621438e-05,1.9626501073127958e-05
16.42640009535606,1.3088334606624816e-05,1.882500914605392e-05
16.428400095356057,2.615526549713225e-05,1.839259770693844e-05
16.430400095356056,5.392865242655121e-05,1.81461859069352e-05
16.43240009535606,8.178852341112528e-05,1.8142860844285626e-05
16.434400095356057,8.893256030552243e-05,1.816721205651618e-05
16.436400095356056,5.900730173204287e-05,1.7958948631055795e-05
16.438400095356055,4.487699144243901e-05,1.8024314755724047e-05
16.440400095356054,6.460538185554147e-05,1.8180598857285717e-05
16.442400095356057,4.8824806117340975e-05,1.8244733930928913e-05
16.444400095356055,2.6973141263224057e-05,1.8352423197319544e-05
16.446400095356054,5.59812783086151e-05,1.8709514685941883e-05
16.448400095356057,6.052410373422921e-05,1.892089232310927e-05
16.450400095356056,5.567640323527379e-05,1.941407050541953e-05
16.452400095356055,2.0648612300179068e-05,1.9396955166309384e-05
16.454400095356053,-8.430018913500625e-06,1.9037175751686876e-05
16.456400095356052,1.4659825468874051e-05,1.8818127317121935e-05
16.458400095356055,-4.152199512339992e-06,1.8327868141851785e-05
16.460400095356054,1.921853253115643e-05,1.85597978240225e-05
16.462400095356053,3.349406385978577e-05,1.8611488374749487e-05
16.464400095356055,3.5198156530702914e-05,1.8495261951036666e-05
16.466400095356054,4.108256590886953e-05,1.8539464376684922e-05
16.468400095356053,7.92327674579738e-05,1.8558186289544694e-05
16.47040009535605,6.432489282084846e-05,1.8653200250080348e-05
16.47240009535605,4.05314783179557e-05,1.9288004479295138e-05
16.474400095356053,2.326930277667914e-05,2.0177285286838166e-05
16.476400095356052,2.032213023650572e-05,2.0808715332040714e-05
16.47840009535605,7.122807339675335e-05,2.1647256541574227e-05
16.480400095356053,5.119864942406344e-05,2.174170417248996e-05
16.482400095356052,3.845656181374011e-05,2.1288532873682395e-05
16.48440009535605,3.716634537083564e-05,2.0469127284648093e-05
16.48640009535605,2.8246069003745602e-05,1.9538535469718047e-05
16.48840009535605,5.40828715928779e-05,1.9236933352665402e-05
16.49040009535605,5.122009620271366e-05,1.8634547039237766e-05
16.49240009535605,6.457854457458355e-05,1.8170752543625496e-05
16.49440009535605,8.741414230740196e-05,1.792457709257918e-05
16.49640009535605,9.35546849106683e-05,1.7832476078941817e-05
16.49840009535605,7.300531544982426e-05,1.789569624527574e-05
16.50040009535605,5.74260636811698e-05,1.8407759675036265e-05
16.502400095356048,4.6430499794441274e-05,1.871128709092024e-05
16.504400095356047,4.5774013603597455e-05,1.9066835254469068e-05
16.50640009535605,6.018336899922076e-05,1.993981838776728e-05
16.50840009535605,6.251642132764229e-05,2.0121778806175206e-05
16.510400095356047,8.669414483206894e-05,2.046633044488135e-05
16.51240009535605,8.565890317391356e-05,2.0028468484278743e-05
16.51440009535605,6.421297874855649e-05,1.9044708170839545e-05
16.516400095356047,5.141251130904219e-05,1.8201554639930843e-05
16.518400095356046,0.00010327299013695312,1.7619081658812475e-05
16.520400095356045,8.818854817062458e-05,1.7339454304399307e-05
16.522400095356048,7.508064082446107e-05,1.7178547381324824e-05
16.524400095356047,7.961075650049685e-05,1.7082804817311807e-05
16.526400095356045,9.307991252430813e-05,1.705523643445242e-05
16.528400095356048,7.100886769765935e-05,1.7231325020408057e-05
16.530400095356047,7.59739137165718e-05,1.735912401384682e-05
16.532400095356046,5.050214561126157e-05,1.7655791319255303e-05
16.534400095356045,3.3690637888730875e-05,1.796970668023461e-05
16.536400095356043,8.451654560272981e-05,1.8099906006319075e-05
16.538400095356046,6.404686874917614e-05,1.8908351852398416e-05
16.540400095356045,2.7957208941318203e-05,1.9459555089592226e-05
16.542400095356044,9.636197750012095e-06,1.9610570806601828e-05
16.544400095356046,1.401755768218533e-05,1.9346359036079785e-05
16.546400095356045,2.8571842375367263e-05,1.8803889035540247e-05
16.548400095356044,-1.3846752354999077e-05,1.8920932005575118e-05
16.550400095356043,5.883749610747725e-05,1.8566108886389164e-05
16.55240009535604,0.00013608104416636856,1.7904504535758543e-05
16.554400095356044,0.00014471363244480912,1.7260342131434986e-05
16.556400095356043,4.985070413855963e-05,1.69838137581478e-05
16.558400095356042,5.967468865179573e-05,1.6884165216777355e-05
16.560400095356044,7.556561321182741e-05,1.6996224704105676e-05
16.562400095356043,6.483751594878257e-05,1.7034539826718313e-05
16.564400095356042,4.6377005124351945e-05,1.7215447106409808e-05
16.56640009535604,5.460429463231841e-05,1.784974305374712e-05
16.56840009535604,6.222927666301992e-05,1.8183159795384195e-05
16.570400095356042,2.3450476341634506e-05,1.9058550276073598e-05
16.57240009535604,-2.4149768203753346e-06,1.946196814134459e-05
16.57440009535604,-6.741799088709834e-06,1.9414180353658224e-05
16.576400095356043,-4.349452673249351e-06,1.9323800067334084e-05
16.57840009535604,-4.022168483072555e-05,1.9161528290480543e-05
16.58040009535604,1.824355370174779e-05,1.8824065434048128e-05
16.58240009535604,4.050138315984344e-05,1.8200227610308756e-05
16.584400095356038,3.680459639743184e-05,1.7495654489413506e-05
16.58640009535604,6.227089006228937e-05,1.702890336339457e-05
16.58840009535604,4.914516343741972e-05,1.684804196716241e-05
16.59040009535604,2.3402991684107344e-05,1.6829356368781806e-05
16.59240009535604,1.213849300889597e-06,1.6905747926439076e-05
16.59440009535604,-6.7493204199024556e-06,1.7105686902098494e-05
16.59640009535604,5.428812059439158e-06,1.7499994017890395e-05
16.598400095356038,1.9587509194297916e-05,1.8276061890431015e-05
16.600400095356036,3.885851929574369e-06,1.873872434343956e-05
16.60240009535604,-2.191587803211767e-05,1.9074104648051615e-05
16.604400095356038,-4.57622191799636e-05,1.9139685880049697e-05
16.606400095356037,-5.9255996900548345e-05,1.8777944852073758e-05
16.60840009535604,-6.64697079383379e-05,1.8900616291600725e-05
16.610400095356038,-4.6994409395491375e-05,1.870188460818139e-05
16.612400095356037,-4.709423709107749e-06,1.8535893166173855e-05
16.614400095356036,3.475753833637445e-05,1.827633098750952e-05
16.616400095356035,4.071104760202019e-05,1.7702222829945306e-05
16.618400095356037,2.989313682558017e-05,1.7550397104229954e-05
16.620400095356036,-1.2018258875240996e-05,1.737242435336999e-05
16.622400095356035,-5.955373809919474e-06,1.742270283547478e-05
16.624400095356037,1.685954229891022e-05,1.759013843544365e-05
16.626400095356036,-4.315013401497437e-06,1.763465842225683e-05
16.628400095356035,3.484341285497493e-05,1.758541391339755e-05
16.630400095356034,-1.1338575291334026e-05,1.746902008476518e-05
16.632400095356033,-3.0572017428408005e-05,1.7411910673351493e-05
16.634400095356035,-1.4116373139093197e-05,1.7463044777364466e-05
16.636400095356034,7.586001236639851e-06,1.7645988563088727e-05
16.638400095356033,3.1991944656961595e-05,1.8073344386765604e-05
16.640400095356036,3.8717686809017504e-05,1.843933718382351e-05
16.642400095356034,2.874102385554402e-05,1.841518200114847e-05
16.644400095356033,1.5931433126234965e-05,1.8309583404209515e-05
16.646400095356032,1.4604263240820942e-05,1.8607750610095668e-05
16.64840009535603,-1.7522603003748882e-05,1.8838718637514054e-05
16.650400095356034,-1.527273139885037e-05,1.917530534217079e-05
16.652400095356032,1.2539945974260789e-05,1.9027280110260273e-05
16.65440009535603,4.408471180639264e-05,1.8614018516601865e-05
16.656400095356034,5.263991254833121e-05,1.8399595630054574e-05
16.658400095356033,2.782651420430429e-05,1.784052208582203e-05
16.66040009535603,3.903033527776551e-05,1.7670497124330676e-05
16.66240009535603,2.025015909336799e-05,1.7482845040075088e-05
16.66440009535603,-5.618811298084924e-06,1.7415228088656613e-05
16.666400095356032,1.1506934315204544e-05,1.774825792245211e-05
16.66840009535603,2.901615427350011e-05,1.805738523445496e-05
16.67040009535603,2.3239409329404606e-05,1.8158196995819442e-05
16.672400095356032,9.663814728572417e-06,1.814682257820613e-05
16.67440009535603,-7.645486444687359e-06,1.809730179977538e-05
16.67640009535603,-2.8200805392387992e-05,1.8105108437330645e-05
16.67840009535603,-4.7374996412931884e-05,1.850900709556027e-05
16.680400095356028,-4.321081070393364e-05,1.8292712503108763e-05
16.68240009535603,-2.6945682781087115e-05,1.8249887653533702e-05
16.68440009535603,-2.075081761754549e-05,1.8243195255742474e-05
16.686400095356028,-4.5179469009588886e-05,1.7883570562831724e-05
16.68840009535603,-5.423087454766672e-05,1.801098903883564e-05
16.69040009535603,-6.100205596525097e-05,1.7913752531060842e-05
16.692400095356028,-6.54177495187881e-05,1.7707986295766387e-05
16.694400095356027,-7.409331206643264e-05,1.7424276536437857e-05
16.696400095356026,-9.027611269202074e-05,1.712013694393826e-05
16.69840009535603,-5.469655467488402e-05,1.7406097473822514e-05
16.700400095356027,-6.29489603455564e-05,1.7817824094839297e-05
16.702400095356026,-4.6937821169763164e-05,1.831797581100246e-05
16.70440009535603,-1.928279953971449e-05,1.8724887810863504e-05
16.706400095356027,-1.970951630844126e-05,1.8832936317290247e-05
16.708400095356026,-3.004258648457555e-05,1.881028294721832e-05
16.710400095356025,-6.997755499779203e-06,1.8665624188921946e-05
16.712400095356024,-4.87532526204941e-06,1.8030676461047742e-05
16.714400095356027,-2.959876386569643e-05,1.7247372572578684e-05
16.716400095356025,-6.434153028564656e-05,1.688213737268188e-05
16.718400095356024,-6.490338815817034e-05,1.668789528669965e-05
16.720400095356027,-5.831630436557405e-05,1.6888354247566605e-05
16.722400095356026,-7.518122472854876e-05,1.7002579080375087e-05
16.724400095356025,-9.664417304393711e-05,1.7165867509708284e-05
16.726400095356023,-9.259097666417394e-05,1.7699714855064487e-05
16.728400095356022,-0.00012818977730818206,1.833512848004384e-05
16.730400095356025,-6.755816424391069e-05,1.8839910754771374e-05
16.732400095356024,-2.01325079782483e-05,1.905447456857183e-05
16.734400095356023,-1.4930792787195308e-05,1.8997566412062324e-05
16.736400095356025,-4.420412552029199e-05,1.8787790792506918e-05
16.738400095356024,-5.3179592455582234e-05,1.8677263971888474e-05
16.740400095356023,-5.331966914426114e-05,1.864713414207326e-05
16.74240009535602,-5.47951645184919e-05,1.8492622303035808e-05
16.74440009535602,-4.722870434111014e-05,1.8087131355232082e-05
16.746400095356023,-1.6334592621688938e-05,1.7385478602055686e-05
16.748400095356022,1.0148903294462305e-05,1.678152905429458e-05
16.75040009535602,-4.0863868502384253e-07,1.6456396288046472e-05
16.752400095356023,-5.441648184618398e-06,1.6308906946050925e-05
16.754400095356022,1.3762446144203364e-05,1.6298533018489005e-05
16.75640009535602,5.599557212672618e-05,1.6424998720318344e-05
16.75840009535602,1.4881179132214049e-05,1.6970237170285894e-05
16.76040009535602,-5.0632267381538804e-05,1.7077547387762307e-05
16.76240009535602,-3.241453031904251e-05,1.7260065271665887e-05
16.76440009535602,6.180470641904892e-06,1.7527190727570107e-05
16.76640009535602,-4.4935798769836145e-05,1.7717293508825202e-05
16.76840009535602,-4.307505746121945e-05,1.796861179644973e-05
16.77040009535602,-5.725814337977541e-05,1.816993281779694e-05
16.77240009535602,-4.735757235807597e-05,1.8359198323643984e-05
16.774400095356018,-2.1567347920238306e-05,1.837269920141529e-05
16.776400095356017,-4.010483806158852e-06,1.80352060176774e-05
16.77840009535602,2.4941433309141373e-05,1.7840308602785746e-05
16.78040009535602,1.7260519045405527e-05,1.790043815775198e-05
16.782400095356017,1.9968584377786056e-06,1.7866350655483062e-05
16.78440009535602,-4.310066935988313e-06,1.7697452503885856e-05
16.78640009535602,7.557925497994355e-06,1.745791036332689e-05
16.788400095356018,1.771276803768793e-05,1.6994904789257348e-05
16.790400095356016,1.598436903270159e-05,1.6811203809353196e-05
16.792400095356015,2.6269608903128116e-05,1.6715881804863532e-05
16.794400095356018,3.983197426489494e-05,1.6582746686315234e-05
16.796400095356017,3.498414738160208e-05,1.631966218896968e-05
16.798400095356016,-5.9393589154605085e-06,1.597400312015732e-05
16.800400095356018,-2.5040636471464312e-05,1.5923374082450722e-05
16.802400095356017,-3.3595842394006865e-05,1.5949021652765277e-05
16.804400095356016,-3.503418835264488e-05,1.5955490920094058e-05
16.806400095356015,-3.140384806661299e-05,1.5889154062883266e-05
16.808400095356014,-3.5450657404093105e-05,1.567622679051457e-05
16.810400095356016,-2.838995560759606e-05,1.5915857719478934e-05
16.812400095356015,-1.628763452460305e-05,1.6489578406545835e-05
16.814400095356014,-6.867663778933479e-06,1.7111011293846506e-05
16.816400095356016,-6.057399512978467e-06,1.744326347983038e-05
16.818400095356015,8.031649868690431e-06,1.74922812562046e-05
16.820400095356014,-1.1070766612720144e-05,1.7853218563337723e-05
16.822400095356013,-2.4095688370702547e-05,1.8138251030251614e-05
16.82440009535601,-2.1601400476882097e-05,1.8202713651609256e-05
16.826400095356014,-8.746458314950086e-06,1.800268209034202e-05
16.828400095356013,-1.7406402022828157e-05,1.7502185586182414e-05
16.830400095356012,-1.555112240412552e-05,1.7187879770359966e-05
16.832400095356014,-3.057490693040834e-05,1.6903682146314706e-05
16.834400095356013,-4.915059863880199e-05,1.653756208597954e-05
16.836400095356012,-4.7129421276311086e-05,1.6012901510669696e-05
16.83840009535601,-6.144695629683083e-05,1.5453332271629095e-05
16.84040009535601,-6.25159190516788e-05,1.5182348838818198e-05
16.842400095356012,-3.5232364692802417e-05,1.5160125856535994e-05
16.84440009535601,2.5307423923098716e-06,1.5256010536172655e-05
16.84640009535601,2.036737172146839e-05,1.53201293441154e-05
16.848400095356013,7.299795882174027e-06,1.551639929563208e-05
16.85040009535601,-2.8271886513608712e-05,1.5808034710724216e-05
16.85240009535601,-3.6367043544338836e-05,1.628614193051328e-05
16.85440009535601,-2.65527249517342e-05,1.692165188952144e-05
16.85640009535601,-2.9372125609284898e-05,1.7609595610629533e-05
16.85840009535601,-3.669542800739546e-05,1.805939749525993e-05
16.86040009535601,-2.0313037269409398e-05,1.817385089955425e-05
16.86240009535601,3.333269188204681e-06,1.8361718663400944e-05
16.86440009535601,8.260500350302618e-06,1.8526053674728912e-05
16.86640009535601,-2.5048084048943947e-05,1.8385857095764717e-05
16.86840009535601,-8.477867512108644e-06,1.782517363543044e-05
16.870400095356008,-1.769374961460265e-05,1.7116848351747253e-05
16.872400095356006,-2.314438546133409e-05,1.67234254779002e-05
16.87440009535601,-1.4178897609761659e-05,1.6572537510267723e-05
16.876400095356008,4.801304746665701e-06,1.6385177440810637e-05
16.878400095356007,-4.7063594437397776e-05,1.6086070166697598e-05
16.88040009535601,-5.3999230918770084e-05,1.585151182559061e-05
16.882400095356008,-3.30775431287818e-05,1.5758145206796268e-05
16.884400095356007,-7.459994024069107e-06,1.5898002022483305e-05
16.886400095356006,-4.8061127234942515e-06,1.629672346087794e-05
16.888400095356005,-5.872683660490807e-05,1.632984766277892e-05
16.890400095356007,-5.130557268579754e-05,1.6302927078508235e-05
16.892400095356006,-5.040201754981958e-05,1.629371160854656e-05
16.894400095356005,-4.6920028652194175e-05,1.661748788807464e-05
16.896400095356007,-7.820084379004197e-06,1.748956573985246e-05
16.898400095356006,3.548589169125617e-05,1.717760527733525e-05
16.900400095356005,-9.028386927105945e-06,1.7521083914980955e-05
16.902400095356004,-4.4391466378315255e-05,1.7850557127790123e-05
16.904400095356003,-3.248926740168712e-05,1.8048917765671332e-05
16.906400095356005,3.0217169856766143e-05,1.8180534429419347e-05
16.908400095356004,3.4659396252573723e-05,1.795464564230619e-05
16.910400095356003,2.0939168550509505e-05,1.7973843338037112e-05
16.912400095356006,1.613751492261429e-05,1.8103994225515456e-05
16.914400095356005,1.058574728551647e-05,1.822708301406333e-05
16.916400095356003,-1.3880164451642097e-05,1.825405748291417e-05
16.918400095356002,-1.1040217266053838e-05,1.8392171965388228e-05
16.920400095356,1.788899447153566e-05,1.8028873272174955e-05
16.922400095356004,6.583612192317501e-06,1.76856210535339e-05
16.924400095356003,-3.3237595347067896e-05,1.7529903669320615e-05
16.926400095356,-5.911693254629522e-05,1.7556152436563012e-05
16.928400095356004,-4.8531780502181555e-05,1.741469646606168e-05
16.930400095356003,-2.6659160687061442e-05,1.6846147585918642e-05
16.932400095356,-1.1040469556525888e-06,1.635727954051101e-05
16.934400095356,9.36837062468446e-06,1.6125752636404635e-05
16.936400095356,-8.808809401500189e-06,1.6163591328145518e-05
16.938400095356002,3.0057612964932305e-05,1.6154302741419598e-05
16.940400095356,4.060565648718047e-05,1.61165546842412e-05
16.942400095356,5.005992620991985e-05,1.612591858040559e-05
16.944400095356002,4.686022495459576e-05,1.6227200737597303e-05
16.946400095356,1.31258571935229e-05,1.645485465393995e-05
16.948400095356,1.944058053602992e-05,1.6892591752964226e-05
16.950400095356,8.797983859804066e-06,1.75521963243393e-05
16.952400095355998,-6.52916167949948e-06,1.7856417286104718e-05
16.954400095356,-8.546880102759274e-06,1.790863361849764e-05
16.956400095356,2.0135625131733745e-05,1.8081563848245457e-05
16.958400095355998,6.608044744922286e-05,1.858427837787977e-05
16.960400095356,6.014528730196597e-05,1.9088155210317127e-05
16.962400095356,3.6061898137265324e-05,1.903176099211826e-05
16.964400095355998,1.2526964957127868e-05,1.8719012158215286e-05
16.966400095355997,2.039801746794434e-06,1.873771914043517e-05
16.968400095355996,3.1268275273416083e-06,1.8807299039299824e-05
16.970400095356,2.1376993547656556e-07,1.864719331045495e-05
16.972400095355997,-1.057488272096113e-05,1.8371951516961794e-05
16.974400095355996,-2.3675334523812262e-05,1.8034404265487013e-05
16.976400095356,-2.6659566155040546e-05,1.7696502937638575e-05
16.978400095355997,2.1300711776106607e-05,1.769170018697143e-05
16.980400095355996,3.3717023752313494e-06,1.7368735674031805e-05
16.982400095355995,-3.487289788745146e-05,1.7015606280710737e-05
16.984400095355994,-4.062937222921766e-05,1.665050389846382e-05
16.986400095355997,2.233957045493188e-05,1.62697327420805e-05
16.988400095355995,-1.8655414268630352e-05,1.670508605843641e-05
16.990400095355994,-8.57943726790596e-06,1.6711704082503366e-05
16.992400095355997,1.440994906847176e-06,1.677510563028209e-05
16.994400095355996,4.181633727998467e-06,1.678420249471737e-05
16.996400095355995,7.022516069902947e-06,1.6515325074935266e-05
16.998400095355993,-8.214087343749214e-06,1.6998526104600357e-05
17.000400095355992,2.333269428379083e-05,1.7211976671258674e-05
17.002400095355995,3.421237099097906e-05,1.7432680743162895e-05
17.004400095355994,2.3176883430133815e-05,1.751383542074055e-05
17.006400095355993,1.0410355947392097e-05,1.7248893659953362e-05
17.008400095355995,-4.0910121490640864e-05,1.750478853338572e-05
17.010400095355994,-3.771381407634804e-05,1.7589249462227795e-05
17.012400095355993,3.2034481125146e-06,1.7645893077538955e-05
17.01440009535599,4.815755375745453e-05,1.7565772856563014e-05
17.01640009535599,5.959830466812116e-05,1.7211067197447014e-05
17.018400095355993,4.925055557651417e-05,1.7131194871203473e-05
17.020400095355992,2.1816267905021598e-05,1.7500856177074447e-05
17.02240009535599,3.6229735914232285e-05,1.761470985343015e-05
17.024400095355993,5.6972051256892335e-05,1.7524882394788975e-05
17.026400095355992,2.1556019156376445e-05,1.7550138798363014e-05
17.02840009535599,-8.695676169451861e-06,1.7570089745661524e-05
17.03040009535599,-3.082847804206974e-06,1.8335479434700643e-05
17.03240009535599,3.436307626780499e-05,1.8974246168239952e-05
17.03440009535599,6.002748527076984e-05,1.9136055366703228e-05
17.03640009535599,2.679342660414116e-05,1.8737544491509694e-05
17.03840009535599,2.6910763935311618e-05,1.8256558650438405e-05
17.04040009535599,-2.6030455142480257e-06,1.845733623080525e-05
17.04240009535599,-9.250621933720574e-06,1.8541505122145518e-05
17.04440009535599,5.596523706018018e-06,1.854320289639145e-05
17.046400095355988,1.687946044200024e-05,1.870755837792169e-05
17.048400095355987,-1.4811403509832695e-05,1.805383181113598e-05
17.05040009535599,-1.7098447722422794e-05,1.807041369128874e-05
17.05240009535599,-1.1960306893339237e-05,1.8147119225271156e-05
17.054400095355987,-1.5689268506571617e-05,1.8183766347264546e-05
17.05640009535599,-3.5115951788868604e-05,1.822182246763088e-05
17.05840009535599,1.305718050390118e-06,1.775459294363761e-05
17.060400095355988,1.242475929933382e-05,1.7642726386726056e-05
17.062400095355986,1.1762078586005239e-05,1.785272712015167e-05
17.064400095355985,6.321676877844997e-06,1.8215032444125505e-05
17.066400095355988,-2.198741101946753e-06,1.8467738588124642e-05
17.068400095355987,-4.7723224861867973e-05,1.8133548425714334e-05
17.070400095355986,-5.654490143735858e-05,1.781221114048926e-05
17.072400095355988,-2.279923062363074e-05,1.7526761630067524e-05
17.074400095355987,3.886040630770869e-05,1.7305378085705943e-05
17.076400095355986,9.36170272320975e-05,1.7165542390957183e-05
17.078400095355985,6.828301800771626e-06,1.7018595521697356e-05
17.080400095355984,-3.300327642069835e-05,1.6620844120648146e-05
17.082400095355986,-2.4070323258094783e-05,1.6442196474964634e-05
17.084400095355985,1.6496108951186525e-06,1.6428699924539038e-05
17.086400095355984,2.175113726067982e-06,1.6341283366919764e-05
17.088400095355986,-3.78385885252426e-06,1.6262733059268782e-05
17.090400095355985,2.587593624877117e-06,1.6304539908670457e-05
17.092400095355984,-1.8854672680270094e-05,1.646601680456474e-05
17.094400095355983,-2.1519945862123327e-05,1.6772582232833918e-05
17.096400095355982,5.453271714108565e-05,1.7224114386810153e-05
17.098400095355984,4.558733310709668e-05,1.753042329646845e-05
17.100400095355983,6.541572722347039e-05,1.7730084921950343e-05
17.102400095355982,6.313264824804321e-05,1.8382496674262974e-05
17.104400095355984,1.7894991447435508e-05,1.9363537203157894e-05
17.106400095355983,-6.237412469158385e-05,2.020881391178397e-05
17.108400095355982,-8.815762596591773e-06,1.995819204478463e-05
17.11040009535598,-3.069919400204876e-05,1.892066953836481e-05
17.11240009535598,-4.024092254561828e-05,1.852812758594258e-05
17.114400095355983,-2.5248854320643213e-05,1.8641809671566985e-05
17.11640009535598,-3.6480008251013047e-06,1.86075999064144e-05
17.11840009535598,7.1370744331444375e-06,1.913919361812618e-05
17.120400095355983,-3.6195341426162243e-06,1.8823392412333763e-05
17.12240009535598,1.9738412799175952e-05,1.8672044038419365e-05
17.12440009535598,3.782468029157287e-05,1.8624017253127454e-05
17.12640009535598,-1.2149403982622869e-05,1.8317432512254792e-05
17.12840009535598,-3.522518231610076e-05,1.8681095170261062e-05
17.13040009535598,-2.7410423419898996e-05,1.834732183494321e-05
17.13240009535598,-1.410187580139928e-05,1.8253476770361343e-05
17.13440009535598,-4.9265572689370225e-06,1.8277227026193883e-05
17.13640009535598,-4.214636163501572e-06,1.801213796757263e-05
17.13840009535598,-2.1939125476586557e-05,1.850455428806805e-05
17.14040009535598,-1.9620827278624418e-05,1.8335816327669592e-05
17.142400095355978,2.6680511599842966e-05,1.795898344148833e-05
17.144400095355977,7.817080726301577e-05,1.7567464277052726e-05
17.14640009535598,7.615768525036204e-05,1.7293567723617777e-05
17.148400095355978,3.2913308961119575e-05,1.7559530208889643e-05
17.150400095355977,8.502046229165069e-06,1.7503517286696555e-05
17.15240009535598,-2.548264195739737e-05,1.745482963244524e-05
17.154400095355978,-5.4122542942847096e-05,1.741765883277017e-05
17.156400095355977,-5.0278318014395574e-05,1.7310770982987504e-05
17.158400095355976,-3.912801778497749e-05,1.747738000728771e-05
17.160400095355975,-1.8296434106730034e-05,1.756500255131725e-05
17.162400095355977,-3.7678322552110395e-07,1.7541372641889002e-05
17.164400095355976,4.2830850779689435e-06,1.745694278199864e-05
17.166400095355975,-1.156519354061746e-05,1.7394138878964084e-05
17.168400095355977,-3.47576588037276e-05,1.73671455184199e-05
17.170400095355976,-2.520003924626056e-05,1.7879236528374567e-05
17.172400095355975,-4.567162410232541e-06,1.8273475328651954e-05
17.174400095355974,1.0271514532963727e-05,1.844447290139817e-05
17.176400095355973,7.855705578629774e-06,1.85128353448219e-05
17.178400095355975,1.912427998538541e-05,1.8641184068823924e-05
17.180400095355974,6.220668736685734e-06,1.9160250573863846e-05
17.182400095355973,1.0200263538644094e-06,1.9604271935965412e-05
17.184400095355976,-4.7010420606912476e-06,1.9899520722221466e-05
17.186400095355975,-2.8545110873507985e-05,2.0098950692747294e-05
17.188400095355973,-2.0129925975078674e-05,1.9940997457311058e-05
17.190400095355972,5.745956737094896e-06,2.060087999960864e-05
17.19240009535597,2.5292231637624813e-05,2.0850098794431087e-05
17.194400095355974,3.120425894145721e-05,2.0693111008276407e-05
17.196400095355973,2.1849205742617184e-05,2.0544447391465968e-05
17.19840009535597,-1.6379679709087e-05,1.9855246701290238e-05
17.200400095355974,9.705860420915332e-06,2.0192709625152516e-05
17.202400095355973,6.853104413171326e-06,2.0176226418674026e-05
17.20440009535597,-5.09402241889645e-06,1.9869300829602998e-05
17.20640009535597,2.6491817030615155e-05,1.9777098921481738e-05
17.20840009535597,2.2934924721844715e-05,1.896264824812567e-05
17.210400095355972,-1.805184139206556e-05,1.870323946506872e-05
17.21240009535597,-5.3916603460709825e-05,1.865780509784803e-05
17.21440009535597,-4.4272838848819887e-05,1.8630252483295257e-05
17.216400095355972,3.2335795906047755e-05,1.8470560007159447e-05
17.21840009535597,1.6923096274339033e-05,1.8045986701141678e-05
17.22040009535597,-1.9418893508632225e-05,1.7690828767055385e-05
17.22240009535597,-1.1674925333811237e-05,1.751246251138205e-05
17.224400095355968,5.228759261716317e-06,1.762525242889967e-05
17.22640009535597,-3.0033672440909797e-05,1.8044281465502505e-05
17.22840009535597,-2.5726559808231628e-05,1.7853241290270482e-05
17.230400095355968,6.274363680381001e-06,1.7710740334889992e-05
17.23240009535597,-2.2550526619913464e-05,1.7810801422834834e-05
17.23440009535597,-4.791491405586129e-05,1.8079701298682772e-05
17.236400095355968,3.127536358757714e-05,1.8325130035940527e-05
17.238400095355967,5.035789043678964e-05,1.8351733273601985e-05
17.240400095355966,4.25256963113217e-05,1.825604895092771e-05
17.24240009535597,2.127098992722284e-05,1.8343426553263096e-05
17.244400095355967,-4.522026921075704e-06,1.8558708394200945e-05
17.246400095355966,-2.2896730106482906e-05,1.8709413334011827e-05
17.24840009535597,2.0303970440282422e-05,1.874137804746235e-05
17.250400095355968,2.9750919216506238e-05,1.855717586872192e-05
17.252400095355966,2.3461303315927118e-05,1.8584050335500115e-05
17.254400095355965,1.791424689420085e-05,1.8755134661481905e-05
17.256400095355964,2.6926344153114402e-05,1.8813577980474656e-05
17.258400095355967,3.4180824357685787e-05,1.8649230420818758e-05
17.260400095355966,3.666923131493441e-05,1.834841095193236e-05
17.262400095355964,3.287923115811167e-05,1.8120736325610716e-05
17.264400095355967,1.6256660142866188e-05,1.8006532117359764e-05
17.266400095355966,-1.6565880184699124e-05,1.799978888156939e-05
17.268400095355965,-2.037713570223291e-05,1.8342975735538246e-05
17.270400095355964,-1.0312477309195508e-05,1.8438154896675495e-05
17.272400095355962,-2.1747306280122358e-05,1.839016474097076e-05
17.274400095355965,-3.2323745629371365e-05,1.841635687563081e-05
17.276400095355964,-6.7966848794457015e-06,1.8741385884179593e-05
17.278400095355963,-2.003006225013096e-05,1.913949857959739e-05
17.280400095355965,-2.0689031149228025e-06,1.9355592940918458e-05
17.282400095355964,2.703652038505448e-07,1.943513320016144e-05
17.284400095355963,6.654185338612249e-06,1.941993656614824e-05
17.286400095355962,4.84732981507877e-05,1.9380445667648738e-05
17.28840009535596,3.5756707089261818e-06,1.9613079522668554e-05
17.290400095355963,-5.566614125783309e-05,1.9867701071345936e-05
17.292400095355962,-3.151039378346918e-05,2.0022462659806048e-05
17.29440009535596,1.2484487580160513e-05,1.9938026151139178e-05
17.296400095355963,-2.9909033021589977e-05,1.9585635581040553e-05
17.298400095355962,-1.1264662176356705e-05,2.007342840196324e-05
17.30040009535596,-3.330730877870078e-05,2.049320626371848e-05
17.30240009535596,-3.091778783819669e-05,2.0616819036450183e-05
17.30440009535596,-2.5093891989286224e-05,2.034604161987991e-05
17.30640009535596,-5.7599870035104876e-05,1.9737669427512776e-05
17.30840009535596,-2.58587234487463e-05,1.9732389277523292e-05
17.31040009535596,1.0351071618724317e-05,1.985373684833362e-05
17.31240009535596,3.584398513585569e-05,1.979320394039505e-05
17.31440009535596,2.2234244645650734e-05,1.949822094291993e-05
17.31640009535596,-4.692437733792475e-05,1.9068347306454007e-05
17.31840009535596,-2.0973629446938474e-05,1.9028917488997155e-05
17.320400095355957,-6.134075382485028e-06,1.8973626781897867e-05
17.32240009535596,-2.086405985013821e-06,1.9001099544940186e-05
17.32440009535596,-2.2267563018954672e-05,1.8966154351989012e-05
17.326400095355957,-6.909979273596546e-05,1.867052290411176e-05
17.32840009535596,1.5770714958020907e-05,1.8386094648175087e-05
17.33040009535596,7.677013200661434e-05,1.8289447729399383e-05
17.332400095355958,5.928558151851561e-05,1.8428521332649912e-05
17.334400095355956,5.6574939109075405e-06,1.8527361928268646e-05
17.336400095355955,-8.424999404694103e-06,1.8261514679817384e-05
17.338400095355958,1.962048618392738e-06,1.8232121844288705e-05
17.340400095355957,1.306679029427333e-06,1.8263406954971936e-05
17.342400095355956,3.972154167163438e-06,1.86075852001829e-05
17.344400095355958,-5.991993790987585e-06,1.9009157078649933e-05
17.346400095355957,-4.4351562995915535e-05,1.9063719444389297e-05
17.348400095355956,-2.749163383596742e-06,1.9042919002943703e-05
17.350400095355955,-8.227171553415883e-06,1.892950049502291e-05
17.352400095355954,-3.744068806206816e-05,1.9308656063912173e-05
17.354400095355956,-5.1963824837723294e-05,1.97979626444812e-05
17.356400095355955,-1.4691175742320294e-05,1.97459739106554e-05
17.358400095355954,2.517146214970491e-05,1.9883260646215883e-05
17.360400095355956,1.689285808773814e-08,1.945446377473407e-05
17.362400095355955,-1.2091975257237029e-05,1.9551459415700743e-05
17.364400095355954,-1.6148566462448453e-05,2.0026085285946146e-05
17.366400095355953,-3.800175524584754e-05,2.028734247483061e-05
17.368400095355952,2.1565979437530904e-05,2.0461159676786207e-05
17.370400095355954,3.383708556721108e-05,1.95356329797354e-05
17.372400095355953,3.4421833199865535e-05,1.8967984972159956e-05
17.374400095355952,1.4804871261610451e-05,1.8867201748764014e-05
17.376400095355955,-3.6688801960872505e-05,1.884991203311125e-05
17.378400095355953,4.1450836591720125e-06,1.9083156677217458e-05
17.380400095355952,9.849892408680668e-06,1.8748450320432115e-05
17.38240009535595,3.043380145367549e-05,1.860809659155124e-05
17.38440009535595,4.663990399568056e-05,1.855374775930958e-05
17.386400095355953,2.192761936998655e-05,1.821882237874669e-05
17.38840009535595,2.66717063071341e-05,1.8172092427153775e-05
17.39040009535595,9.800110918307434e-06,1.797455296005265e-05
17.392400095355953,-1.1321421594919732e-05,1.7744675786225917e-05
17.39440009535595,-1.4850785458132084e-05,1.7598993991372674e-05
17.39640009535595,1.3558023845157688e-05,1.763198284016102e-05
17.39840009535595,-8.102830588982747e-06,1.770604006545299e-05
17.40040009535595,-1.7129282806143173e-05,1.798115384443993e-05
17.40240009535595,-1.868594380958897e-06,1.798632018742615e-05
17.40440009535595,1.4429158082323536e-05,1.7769716507579443e-05
17.40640009535595,-4.6963014738932314e-07,1.7603221527556103e-05
17.40840009535595,-1.804315774669533e-05,1.7820750698194548e-05
17.41040009535595,-5.7514781872162255e-05,1.8250580894202897e-05
17.41240009535595,-5.176094379525072e-05,1.831913238014965e-05
17.414400095355948,-1.3719627553504691e-05,1.8172268200577878e-05
17.416400095355947,1.1483630829808063e-05,1.819369565068752e-05
17.41840009535595,-5.145127338795747e-06,1.812303000236009e-05
17.420400095355948,1.866560790201046e-05,1.878843808891693e-05
17.422400095355947,3.8180098600115665e-06,1.908182256414877e-05
17.42440009535595,-1.5136213672236331e-05,1.9054878386120497e-05
17.426400095355948,2.5480183498806875e-05,1.916521265596829e-05
17.428400095355947,1.300033033068886e-05,1.9184639512103146e-05
17.430400095355946,1.1327408005888564e-05,1.9525987747214743e-05
17.432400095355945,5.284809594802359e-06,1.964668036460758e-05
17.434400095355947,2.951863874950449e-06,1.9622480447681672e-05
17.436400095355946,1.691809182920314e-05,1.9724763595549255e-05
17.438400095355945,1.1059035298693668e-05,1.9634083294033456e-05
17.440400095355947,-3.679054312523825e-06,1.9553873273888712e-05
17.442400095355946,1.174042635205676e-05,1.950747788016359e-05
17.444400095355945,6.23165832690378e-05,1.9532224557857696e-05
17.446400095355944,0.0001261337188107121,1.9620011493896223e-05
17.448400095355943,5.941295202839158e-05,1.9262573659299953e-05
17.450400095355945,4.778203088778449e-05,1.9133268002511772e-05
17.452400095355944,4.9062535795865736e-05,1.9059296461241903e-05
17.454400095355943,5.45228862810619e-05,1.9092906916189103e-05
17.456400095355946,6.911082791767925e-05,1.9291314642383202e-05
17.458400095355945,0.00011261590502942378,1.8901761107486132e-05
17.460400095355944,8.793093810311978e-05,1.865513867611126e-05
17.462400095355942,5.605559537820469e-05,1.8631723440214515e-05
17.46440009535594,3.8585316753282265e-05,1.882693997983333e-05
17.466400095355944,3.77133238271263e-05,1.913253931034433e-05
17.468400095355943,1.0135599849407983e-05,1.8852103933483597e-05
17.47040009535594,9.091969074036242e-06,1.86592318988838e-05
17.472400095355944,1.4061187441167235e-05,1.85277946945505e-05
17.474400095355943,1.6636188465172052e-05,1.8494963093981243e-05
17.47640009535594,1.5099603024978925e-05,1.859306116985725e-05
17.47840009535594,3.1480238966555206e-05,1.8592852869016598e-05
17.48040009535594,7.108044396640119e-06,1.851473076249194e-05
17.482400095355942,-2.8708645513650518e-05,1.848760483305696e-05
17.48440009535594,-5.270037134011376e-05,1.8515140243967543e-05
17.48640009535594,-4.504681868718272e-05,1.8579181673967055e-05
17.488400095355942,-2.9833764167071117e-06,1.8970020707626538e-05
17.49040009535594,-2.47682402353625e-05,1.8942263451738302e-05
17.49240009535594,-4.754826098518741e-05,1.8928779326485112e-05
17.49440009535594,-5.371015290874226e-05,1.898547914720032e-05
17.496400095355938,-4.5750002211913955e-05,1.9039885722598636e-05
17.49840009535594,-5.196483891007986e-05,1.921633712898726e-05
17.50040009535594,-1.8706327755312318e-05,1.9344396482852754e-05
17.502400095355938,-2.561212612141531e-05,1.9277286891717653e-05
17.50440009535594,-3.592182647280312e-05,1.9146190456972323e-05
17.50640009535594,1.4921033036976161e-05,1.9167021487912708e-05
17.508400095355938,-1.035836205127608e-05,1.9202993792200893e-05
17.510400095355937,-2.4681205530461526e-05,1.925134439236578e-05
17.512400095355936,-1.607578074917405e-05,1.9221855120897483e-05
17.51440009535594,-1.1751400709991265e-05,1.9022887099448066e-05
17.516400095355937,-4.366302086305859e-05,1.8644011912295108e-05
17.518400095355936,-2.3361201655259852e-05,1.886188802503962e-05
17.52040009535594,-1.9374402352483546e-05,1.886798593828657e-05
17.522400095355938,-3.289583942942929e-05,1.894762353780214e-05
17.524400095355936,-5.4602802940618274e-05,1.887040562041283e-05
17.526400095355935,-7.141428587172473e-05,1.8335167989426416e-05
17.528400095355934,-8.40126757857373e-05,1.8404078313518202e-05
17.530400095355937,-8.289714256328698e-05,1.8515609636380072e-05
17.532400095355936,-5.2331084161981804e-05,1.8570244312339985e-05
17.534400095355934,-1.397201730893106e-05,1.8470559177309204e-05
17.536400095355937,1.1762075294322987e-06,1.8171199101976696e-05
17.538400095355936,3.246446169264404e-05,1.811233756868831e-05
17.540400095355935,-3.607091190650619e-05,1.8615171093584677e-05
17.542400095355934,-4.6551675153811305e-05,1.9034652635471884e-05
17.544400095355932,-7.417152818495868e-06,1.9167954149815796e-05
17.546400095355935,1.4748365515863822e-05,1.9006755760269613e-05
17.548400095355934,5.526282758633667e-05,1.871260972882607e-05
17.550400095355933,3.2751305805603685e-05,1.8526922585626586e-05
17.552400095355935,-2.454680903926351e-05,1.8658659499242448e-05
17.554400095355934,-7.975007047526834e-05,1.8841226457770892e-05
17.556400095355933,-9.588665183689368e-05,1.868392490372678e-05
17.558400095355932,-8.911324395536898e-05,1.8601158364636302e-05
17.56040009535593,-6.147161495627753e-05,1.8593811768077897e-05
17.562400095355933,-3.619780687137151e-05,1.8654017560707243e-05
17.564400095355932,-1.662519060482773e-05,1.8820545314465532e-05
17.56640009535593,-1.162403817234747e-06,1.909672436854094e-05
17.568400095355933,-1.8766196217985602e-05,1.8979610855331676e-05
17.570400095355932,-5.300411703262774e-05,1.8808411954309993e-05
17.57240009535593,-1.8866230502010876e-05,1.8714788723375664e-05
17.57440009535593,1.7127670636713328e-05,1.8766015562543e-05
17.57640009535593,-5.266543873945041e-05,1.896313409915374e-05
17.57840009535593,-0.0001151316469948684,1.893575782142583e-05
17.58040009535593,-7.708066747492983e-05,1.9042627648303863e-05
17.58240009535593,-2.462130760467827e-05,1.9054154378778134e-05
17.58440009535593,-1.0549611532947636e-05,1.8959494169823025e-05
17.58640009535593,-5.924726891434086e-05,1.8882711675578115e-05
17.58840009535593,-2.992808678912194e-05,1.9402595156429915e-05
17.59040009535593,-3.353303010595626e-05,1.9873722287627675e-05
17.592400095355927,-3.6915019996346696e-05,1.973506196432218e-05
17.59440009535593,-3.6194043287658064e-05,1.95235983891005e-05
17.59640009535593,-4.136696806304723e-05,2.0011252578139544e-05
17.598400095355927,-8.80329741875445e-05,1.965178723624432e-05
17.60040009535593,-0.00010283458035945515,1.9979913292719513e-05
17.60240009535593,-4.7554112096983116e-05,2.002420397811622e-05
17.604400095355928,1.373245852444132e-05,1.9803397442256006e-05
17.606400095355927,-8.625192924207574e-06,1.970824205257687e-05
17.608400095355925,-1.8872227717617324e-05,1.9826245379149325e-05
17.610400095355928,-5.1760881433938295e-05,2.0092409624744243e-05
17.612400095355927,-6.549790869727278e-05,2.0002103831795784e-05
17.614400095355926,-4.739937968745187e-05,1.9748019688379156e-05
17.616400095355928,-1.1784062450066434e-05,1.9761515571096947e-05
17.618400095355927,-0.00012188877869439545,1.9933158077402717e-05
17.620400095355926,-3.8358949336811407e-05,2.0348830841776406e-05
17.622400095355925,-5.511624641657763e-05,2.0639173437551417e-05
17.624400095355924,-0.00010307062364493271,2.0763991499791633e-05
17.626400095355926,-8.627395816930009e-06,2.078350008702603e-05
17.628400095355925,-3.127801259906382e-05,2.0394543687381836e-05
17.630400095355924,-1.6651046988910684e-05,2.0681094619012706e-05
17.632400095355926,-7.583968031627148e-07,2.1222441129105152e-05
17.634400095355925,1.6259089093991312e-06,2.1556324427318426e-05
17.636400095355924,-1.0940179167689198e-05,2.1305254514825312e-05
17.638400095355923,1.2383446355623703e-05,2.1261197556984764e-05
17.640400095355922,1.6413419685291738e-05,2.0977614591295156e-05
17.642400095355924,1.7647083132190404e-06,2.1021086891078043e-05
17.644400095355923,-2.7376320638057822e-06,2.1381657021509258e-05
17.646400095355922,3.085317905157682e-05,2.1782856048205632e-05
17.648400095355925,-1.2106536252867926e-06,2.171302217623168e-05
17.650400095355923,-7.026896521882559e-06,2.148907252057762e-05
17.652400095355922,1.1581562438182702e-06,2.1368564105288705e-05
17.65440009535592,1.8762761996976335e-05,2.1335500998495932e-05
17.65640009535592,3.401782818841445e-05,2.130697162043915e-05
17.658400095355923,-6.1011687263709365e-05,2.1668548428127798e-05
17.66040009535592,-0.00010018338292945282,2.1824718010234815e-05
17.66240009535592,-7.323490857922325e-05,2.1671340489791072e-05
17.664400095355923,-3.5393169815043685e-05,2.1491933159144433e-05
17.66640009535592,-4.942651429402944e-05,2.168220971230473e-05
17.66840009535592,4.4106204351121834e-05,2.2067702757220195e-05
17.67040009535592,2.7168972448811195e-05,2.2187160307121266e-05
17.67240009535592,-1.7736834169607928e-05,2.1902219592668303e-05
17.67440009535592,-3.657877422623873e-05,2.1597379761201046e-05
17.67640009535592,3.4957917615291137e-06,2.1783831717426818e-05
17.67840009535592,1.6863636336557717e-05,2.195826154927308e-05
17.68040009535592,-3.962664674613895e-05,2.1862600834352433e-05
17.68240009535592,-8.111475316010679e-05,2.1497347922535286e-05
17.68440009535592,-8.120756484783735e-05,2.114621289766386e-05
17.686400095355918,-4.111213628485394e-05,2.113050287515745e-05
17.688400095355917,-1.4182450381296311e-06,2.087539346406536e-05
17.69040009535592,2.0012610926942496e-05,2.1049223621996454e-05
17.692400095355918,-1.574282106301443e-05,2.1111872020424455e-05
17.694400095355917,-5.7639544653498566e-05,2.0961378480565117e-05
17.69640009535592,-3.4350218349275064e-05,2.0677672473174638e-05
17.698400095355918,-5.7933543190068184e-05,2.0386063336024838e-05
17.700400095355917,-2.0520789011922346e-05,2.066817194159692e-05
17.702400095355916,4.036712237529335e-05,2.0832016829041493e-05
17.704400095355915,3.888263916185667e-05,1.8896686495997706e-05
17.706400095355917,-4.1983407097700996e-05,1.886555747083111e-05
17.708400095355916,-8.822583293877361e-05,1.8670098698143838e-05
17.710400095355915,-8.951682920464608e-05,1.8536503556598844e-05
17.712400095355918,-7.285644418844364e-05,1.848831537643201e-05
17.714400095355916,-6.072732980364538e-05,1.855621199956338e-05
17.716400095355915,-6.251285910278169e-05,1.873764749176091e-05
17.718400095355914,-2.753675219407517e-05,1.8407055777999896e-05
17.720400095355913,-2.001300065811688e-05,1.841028790439891e-05
17.722400095355916,-2.1813695063115353e-05,1.8524636408815943e-05
17.724400095355914,-2.742673119163796e-05,1.8746400976221258e-05
17.726400095355913,-3.6279512938122156e-05,1.911624647271361e-05
17.728400095355916,-2.7090227011192474e-05,1.908070634548586e-05
17.730400095355915,-2.20586681258722e-05,1.8977591089827598e-05
17.732400095355914,-3.2269945544442364e-05,1.8847579067601874e-05
17.734400095355912,-3.7642814831281905e-05,1.8915056731544027e-05
17.73640009535591,-1.7405314680334592e-05,1.9307370541901253e-05
17.738400095355914,-5.789837666043861e-05,1.9357434321693713e-05
17.740400095355913,-2.0517372719851632e-05,1.9450896745298953e-05
17.74240009535591,1.208955777912891e-05,1.9489434628844615e-05
17.744400095355914,1.818505362578137e-05,1.9491579001016396e-05
17.746400095355913,-2.786638851993089e-06,1.9511666870886258e-05
17.748400095355912,-5.333647933499364e-05,1.9667909307100607e-05
17.75040009535591,-6.509888390253192e-05,1.9575935101857263e-05
17.75240009535591,-8.290220914229026e-05,1.9378220257139316e-05
17.754400095355912,-0.00010186277025696803,1.926776873245702e-05
17.75640009535591,-0.00011024714419960831,1.9440209328749315e-05
17.75840009535591,-0.00014406231215423912,1.9594117758834296e-05
17.760400095355912,-0.00011767304354707032,1.9837667275678976e-05
17.76240009535591,-9.575271197969344e-05,1.9896212135993874e-05
17.76440009535591,-8.38044898189865e-05,1.984067103388228e-05
17.76640009535591,-7.87887379080647e-05,1.9846792877654258e-05
17.768400095355908,-0.0001117121595003538,1.9814807506234802e-05
17.77040009535591,-3.9543480403925236e-05,1.9831592363163838e-05
17.77240009535591,2.939338175439036e-05,1.974398755311638e-05
17.774400095355908,6.333619038756122e-05,1.9639379307040885e-05
17.77640009535591,4.128808635566311e-05,1.9712801454919317e-05
17.77840009535591,-2.465678785018286e-05,2.01522728003586e-05
17.78040009535591,-4.1726482951395895e-05,2.0757482463239757e-05
17.782400095355907,-2.2693015122991426e-05,2.0972545959986474e-05
17.784400095355906,2.355424458541872e-09,2.10648567456305e-05
17.78640009535591,4.263829902074548e-06,2.147541324615125e-05
17.788400095355907,5.092576158604934e-06,2.13790009015157e-05
17.790400095355906,2.821125637259947e-05,2.133246016087492e-05
17.79240009535591,1.875287590343532e-05,2.133335953343285e-05
17.794400095355908,-9.935412155403948e-06,2.121821000399755e-05
17.796400095355907,-2.5015156257517603e-05,2.0724437799711326e-05
17.798400095355905,-3.9737089294263324e-05,2.0344997438535663e-05
17.800400095355904,-4.611318990384247e-05,1.9939809992122603e-05
17.802400095355907,-3.226075816238066e-05,1.9608186157041153e-05
17.804400095355906,1.2768520736241986e-06,1.9468732747712398e-05
17.806400095355905,3.693649940583561e-05,1.9616808259020006e-05
17.808400095355907,2.1252821221944274e-05,1.9521024764097225e-05
17.810400095355906,-7.568708216026074e-06,1.956567772682707e-05
17.812400095355905,-7.3476976636218895e-06,1.9664400855216516e-05
17.814400095355904,1.1190788546041204e-05,1.9798650024384944e-05
17.816400095355903,1.8960919323850266e-05,1.9960563144159297e-05
17.818400095355905,2.629083608261978e-06,2.013912714004886e-05
17.820400095355904,8.06035130928816e-06,2.027223352873867e-05
17.822400095355903,-3.5695633430486053e-07,2.021457000769885e-05
17.824400095355905,-1.7523647093366834e-05,2.0178647966024633e-05
17.826400095355904,-3.131836212469075e-05,2.0358240565117062e-05
17.828400095355903,-3.505216342291594e-05,2.0312524747930768e-05
17.830400095355902,-4.5207329574133923e-05,2.0211818618516785e-05
17.8324000953559,-3.856916760789206e-05,2.012869053937499e-05
17.834400095355903,-4.5274628471307535e-05,2.0089239327380932e-05
17.836400095355902,-0.00010362278901416877,2.0109463752195527e-05
17.8384000953559,-6.275146117265368e-05,2.0463404172720025e-05
17.840400095355903,-5.699544040568496e-05,2.0458932606181466e-05
17.842400095355902,-5.765296221159008e-05,2.0313673144089355e-05
17.8444000953559,-6.0801520374591754e-05,2.0075039178041453e-05
17.8464000953559,-6.746504414396885e-05,1.9769485508410242e-05
17.8484000953559,-2.7305953213434177e-05,1.982631666576652e-05
17.8504000953559,2.8882373926708904e-05,1.991236871444262e-05
17.8524000953559,2.9249934073477657e-05,2.01281783642174e-05
17.8544000953559,4.692510944359787e-06,2.031222567523274e-05
17.8564000953559,2.71825270837647e-05,2.021443371859252e-05
17.8584000953559,-1.3571614386752383e-05,2.0738149260423544e-05
17.8604000953559,1.17462153481574e-07,2.0991028989840818e-05
17.8624000953559,-1.3330324378758203e-05,2.122891951696117e-05
17.864400095355897,-4.355423311422443e-05,2.121697140477339e-05
17.8664000953559,-5.226317979570114e-05,2.058563493129219e-05
17.8684000953559,-7.807684566538891e-05,2.0204591196169512e-05
17.870400095355897,-2.3200748319587795e-05,2.007912170535232e-05
17.8724000953559,-8.270905388547899e-06,2.0452216454128757e-05
17.8744000953559,-3.1529516433574814e-05,2.0904151853808087e-05
17.876400095355898,-4.2882978106781895e-05,2.088064608274068e-05
17.878400095355897,-4.736429064654236e-05,2.0983006515600758e-05
17.880400095355895,-4.5383191645797805e-05,2.069148394766778e-05
17.882400095355898,-2.2260579195739025e-05,2.0698592988740387e-05
17.884400095355897,-1.0524813715900404e-05,2.0758198796600716e-05
17.886400095355896,-3.511562624920754e-05,2.0450335554901935e-05
17.888400095355898,1.0192098505322663e-05,2.0249262983519983e-05
17.890400095355897,-2.0036502621698496e-05,2.001962344524823e-05
17.892400095355896,-1.815291698475541e-05,1.998926055215924e-05
17.894400095355895,1.4571308621612475e-05,2.0006608708100202e-05
17.896400095355894,2.3965150768868868e-05,1.9817369619138864e-05
17.898400095355896,-1.665587470759841e-05,1.9608302444530943e-05
17.900400095355895,6.4161692188591426e-06,1.949712286047937e-05
17.902400095355894,2.7946911048240767e-06,1.9260788628119943e-05
17.904400095355896,-2.0604886685864443e-05,1.895134049163291e-05
17.906400095355895,-1.9304877674822874e-05,1.8725516538464573e-05
17.908400095355894,-6.210721413727538e-05,1.892444675396133e-05
17.910400095355893,1.4915393661253286e-05,1.8842989516855048e-05
17.912400095355892,2.2924302949549286e-05,1.868397031687706e-05
17.914400095355894,-1.3483289577539e-05,1.8652025586392658e-05
17.916400095355893,1.5618272040363272e-06,1.8847169512194006e-05
17.918400095355892,-3.5629504083769294e-05,1.9156387156102212e-05
17.920400095355895,-4.6856809476652815e-05,1.9566162350340896e-05
17.922400095355894,-3.560472763225397e-05,1.991557893616799e-05
17.924400095355892,-8.529198885459077e-06,2.0085580014841032e-05
17.92640009535589,1.2942171174026553e-05,2.0004846634442017e-05
17.92840009535589,-5.240151298925717e-05,2.013423259025166e-05
17.930400095355893,-1.2194888971170923e-05,2.0495372356131584e-05
17.93240009535589,-3.979486397886683e-06,2.0730878477764182e-05
17.93440009535589,-1.4535809771463531e-05,2.0839525198253815e-05
17.936400095355893,2.3421861402101482e-05,2.093133091447804e-05
17.93840009535589,6.364491058671321e-05,2.067129755620326e-05
17.94040009535589,6.320960320368374e-05,2.059743083281568e-05
17.94240009535589,6.23900518168086e-05,2.0641350677825938e-05
17.94440009535589,4.288265170759002e-05,2.062950376029085e-05
17.94640009535589,-1.8717935301339484e-05,2.043415539282743e-05
17.94840009535589,-5.279719007452035e-05,1.9766932650555693e-05
17.95040009535589,-1.5073635707151839e-05,1.949889190528571e-05
17.95240009535589,-2.6613969590376887e-05,1.928466181933254e-05
17.95440009535589,-7.679747768749384e-05,1.905154504200058e-05
17.95640009535589,-9.0020991871782e-05,1.8812817203028228e-05
17.958400095355888,-3.787233213315019e-05,1.847092213144381e-05
17.960400095355887,-2.8473142625112412e-06,1.8270370639883632e-05
17.96240009535589,-2.6832735133402333e-05,1.7979254943148906e-05
17.964400095355888,-6.185256060468766e-05,1.7665213700369826e-05
17.966400095355887,-4.091151645854896e-05,1.750519813145074e-05
17.96840009535589,-3.95158954594831e-06,1.744515655261505e-05
17.97040009535589,-4.306439605343089e-05,1.7362067672778033e-05
17.972400095355887,-4.510354078160347e-05,1.735478006497364e-05
17.974400095355886,-1.6342847142988568e-05,1.7459520258059354e-05
17.976400095355885,-2.2891370169445487e-06,1.7746813952553655e-05
17.978400095355887,-8.825085562004868e-06,1.8392585790593983e-05
17.980400095355886,4.779659663518082e-05,4.9700051402044136e-05
17.982400095355885,6.157413247635297e-05,4.881373514020459e-05
17.984400095355888,7.535166831754962e-05,4.792741887836347e-05
17.986400095355886,0.00011383276726003146,4.8387586499287466e-05
17.988400095355885,0.00016291800632509736,4.9425739721198265e-05
17.990400095355884,0.00021200324539016324,5.046389294310906e-05
17.992400095355883,0.00016397778138933328,5.1073248104275694e-05
17.994400095355886,7.426700963372108e-05,5.14985393202508e-05
17.996400095355884,-1.5443762121731793e-05,5.192383053622514e-05
17.998400095355883,-2.0681446531211408e-06,5.1579013743789576e-05
18.000400095355886,5.5557882479176834e-05,5.090362377759196e-05
18.002400095355885,0.00011318390961137245,5.0228233811395545e-05
18.004400095355884,9.707873434982155e-05,5.051228112527605e-05
18.006400095355882,4.9324023777622426e-05,5.12081723137754e-05
18.00840009535588,1.5693132054233057e-06,5.190406350227474e-05
18.010400095355884,-2.3362281425149092e-05,5.235865334600562e-05
18.012400095355883,-3.8496923339759196e-05,5.2709663210953054e-05
18.01440009535588,-5.363156525436931e-05,5.306067307590048e-05
18.016400095355884,-2.3601133362604353e-05,5.286544166916811e-05
18.018400095355883,2.5816666517449717e-05,5.243573305135297e-05
18.020400095355882,7.523446639750377e-05,5.200602443353783e-05
18.02240009535588,7.159385471731787e-05,5.232879262499933e-05
18.02440009535588,4.5177611542258746e-05,5.297456585963037e-05
18.026400095355882,1.8761368367152705e-05,5.362033909426256e-05
18.02840009535588,4.83684641142114e-05,5.3736618749102954e-05
18.03040009535588,0.0001020239066403116,5.362561017962343e-05
18.032400095355882,0.00015567934916650708,5.3514601610143704e-05
18.03440009535588,0.0001787368395656492,5.257118716545478e-05
18.03640009535588,0.0001886599779438492,5.127045757287828e-05
18.03840009535588,0.0001985831163220491,4.9969727980301795e-05
18.040400095355878,0.0002614704196910433,4.939698176318008e-05
18.04240009535588,0.0003470929071319052,4.9136726756765965e-05
18.04440009535588,0.000432715394572615,4.8876471750352294e-05
18.046400095355878,0.00036835758729838173,4.9000019182251685e-05
18.04840009535588,0.00023961983499530334,4.9288316122928134e-05
18.05040009535588,0.00011088208269245366,4.9576613063604054e-05
18.05240009535588,0.00011271605104617069,4.922091957848719e-05
18.054400095355877,0.00017059872404637922,4.858878928922216e-05
18.056400095355876,0.00022848139704658777,4.795665899995713e-05
18.05840009535588,0.0001983935228569859,4.785294206446796e-05
18.060400095355877,0.00013054375195518085,4.797604980069128e-05
18.062400095355876,6.269398105337583e-05,4.80991575369146e-05
18.06440009535588,7.574031594896827e-05,4.884654065047541e-05
18.066400095355878,0.00012351180452601,4.986189783032502e-05
18.068400095355877,0.0001712832931030517,5.087725501017463e-05
18.070400095355875,0.0001699836588256976,5.065002115546284e-05
18.072400095355874,0.00014761993898915657,4.9889397348686096e-05
18.074400095355877,0.00012525621915257583,4.9128773541908006e-05
18.076400095355876,0.0001288363813788977,4.881047792771624e-05
18.078400095355875,0.00014355311818378252,4.868205447270973e-05
18.080400095355877,0.00015826985498869342,4.8553631017702996e-05
18.082400095355876,0.0002259619114584074,4.90082492888955e-05
18.084400095355875,0.0003163939599641443,4.971314191981473e-05
18.086400095355874,0.00040682600846988126,5.0418034550733975e-05
18.088400095355873,0.0003883450859579848,5.036404629138461e-05
18.090400095355875,0.0003231125739024286,4.9984303555200664e-05
18.092400095355874,0.00025788006184698813,4.9604560819017393e-05
18.094400095355873,0.00024827045903374605,4.9618701875312575e-05
18.096400095355875,0.00026253734880465077,4.9801920090250876e-05
18.098400095355874,0.00027680423857553017,4.9985138305188865e-05
18.100400095355873,0.00027693348088166406,5.068978079906713e-05
18.102400095355872,0.0002709940460664915,5.161824805586931e-05
18.10440009535587,0.00026505461125131885,5.254671531267148e-05
18.106400095355873,0.00019721827918099742,5.2926247421513204e-05
18.108400095355872,0.00010281229810788608,5.3070145518739824e-05
18.11040009535587,8.406317034774762e-06,5.321404361596644e-05
18.112400095355873,1.1497245380452579e-06,5.345992243227815e-05
18.114400095355872,3.130258316650058e-05,5.374957714637396e-05
18.11640009535587,6.145544179495591e-05,5.40392318604698e-05
18.11840009535587,7.914878215975676e-05,5.44116975132819e-05
18.12040009535587,9.149379128570062e-05,5.4819710313349865e-05
18.12240009535587,0.00010383880041166642,5.5227723113418555e-05
18.12440009535587,0.00013548685563641934,5.537030257733003e-05
18.12640009535587,0.000175420873053477,5.539894299883795e-05
18.12840009535587,0.00021535489047060558,5.542758342034592e-05
18.13040009535587,0.00022703345728517614,5.512693398919477e-05
18.13240009535587,0.00022658318063772367,5.4684934659479885e-05
18.13440009535587,0.0002261329039902712,5.4242935329764994e-05
18.136400095355867,0.0002722617850510554,5.421098151012479e-05
18.13840009535587,0.00033838508738300303,5.435504252355864e-05
18.14040009535587,0.0004045083897148333,5.449910353699225e-05
18.142400095355868,0.00036433341640104184,5.445972915652206e-05
18.14440009535587,0.00027852917729597696,5.434161387180747e-05
18.14640009535587,0.00019272493819106444,5.422349858709309e-05
18.148400095355868,0.0001591715236563364,5.405143991270108e-05
18.150400095355867,0.00014804713765950622,5.385622566446953e-05
18.152400095355866,0.00013692275166267605,5.366101141623799e-05
18.154400095355868,0.00013359563917460186,5.403048220910846e-05
18.156400095355867,0.00013361556078959536,5.464234799914379e-05
18.158400095355866,0.00013363548240458885,5.525421378917911e-05
18.160400095355868,0.00015692165864419457,5.5412979635368286e-05
18.162400095355867,0.00019019503839216612,5.537724914246602e-05
18.164400095355866,0.00022346841814013764,5.5341518649563744e-05
18.166400095355865,0.00016137380766632003,5.5407515137756196e-05
18.168400095355864,5.834181126127951e-05,5.551717865379528e-05
18.170400095355866,-4.469018514394402e-05,5.562684216983456e-05
18.172400095355865,-5.220083331209105e-05,5.539345517016896e-05
18.174400095355864,-1.8708260445763546e-05,5.5012811286245975e-05
18.176400095355866,1.4784312420623442e-05,5.463216740232233e-05
18.178400095355865,2.041728576206991e-06,5.4969497771004145e-05
18.180400095355864,-3.05476290044172e-05,5.561502375431355e-05
18.182400095355863,-6.313698658504139e-05,5.626054973762293e-05
18.184400095355862,-2.5990767474310388e-05,5.5658287389743433e-05
18.186400095355864,4.1089953478261866e-05,5.4520402854877346e-05
18.188400095355863,0.00010817067443071496,5.338251832001327e-05
18.190400095355862,0.00010571650530978901,5.2907196398337175e-05
18.192400095355865,7.341397682839624e-05,5.27162843169055e-05
18.194400095355864,4.111144834706086e-05,5.252537223547417e-05
18.196400095355862,4.110348618553141e-05,5.2478577409042815e-05
18.19840009535586,5.495820417646132e-05,5.249364597445054e-05
18.20040009535586,6.881292216739121e-05,5.250871453985826e-05
18.202400095355863,0.00010366322933637003,5.293486481245014e-05
18.20440009535586,0.00014752604872259652,5.3537474953678206e-05
18.20640009535586,0.00019138886810882302,5.414008509490629e-05
18.208400095355863,0.00017999779188758395,5.454658511398077e-05
18.210400095355862,0.00014488856864093864,5.486890339963475e-05
18.21240009535586,0.00010977934539429332,5.5191221685288725e-05
18.21440009535586,5.9812174016172155e-05,5.552847904139419e-05
18.21640009535586,3.467116732683672e-06,5.58721491057706e-05
18.21840009535586,-5.28779405509049e-05,5.62158191701476e-05
18.22040009535586,-6.422208655812508e-05,5.675925968661686e-05
18.22240009535586,-5.624925078327921e-05,5.738845318173097e-05
18.22440009535586,-4.827641500841919e-05,5.801764667684621e-05
18.22640009535586,-2.8442892578783583e-05,5.807157622954841e-05
18.22840009535586,-3.5180799959581435e-06,5.7878569350091857e-05
18.230400095355858,2.14067325868673e-05,5.768556247063529e-05
18.232400095355857,2.1571176835323664e-05,5.730955502238405e-05
18.23440009535586,1.1107042924321077e-05,5.6854993175328635e-05
18.236400095355858,6.429090133370774e-07,5.640043132827402e-05
18.238400095355857,4.35594980724803e-05,5.589370182333712e-05
18.24040009535586,0.00010939017504175737,5.5364578948053866e-05
18.24240009535586,0.0001752208520109175,5.483545607277156e-05
18.244400095355857,0.00012840411238350442,5.470691355679186e-05
18.246400095355856,3.32325925381917e-05,5.4750323277436046e-05
18.248400095355855,-6.193892730712103e-05,5.479373299808023e-05
18.250400095355857,-8.941757877671749e-05,5.4971812611311194e-05
18.252400095355856,-8.783853609118996e-05,5.5207700331135134e-05
18.254400095355855,-8.625949340566244e-05,5.544358805095908e-05
18.256400095355858,-0.00011323340721791658,5.5139998548152607e-05
18.258400095355857,-0.00015246390285332772,5.460483419174286e-05
18.260400095355855,-0.00019169439848873887,5.4069669835333115e-05
18.262400095355854,-0.00017794116222843921,5.410078341996446e-05
18.264400095355853,-0.0001414442382552974,5.437497630816507e-05
18.266400095355856,-0.0001049473142820907,5.464916919636615e-05
18.268400095355855,-8.05637004477901e-05,5.5248023425841945e-05
18.270400095355853,-6.1379821839721e-05,5.598624113181381e-05
18.272400095355856,-4.219594323161783e-05,5.6724458837786994e-05
18.274400095355855,-1.6924821932569213e-05,5.635033636412324e-05
18.276400095355854,1.0959297284991154e-05,5.5498732915637844e-05
18.278400095355853,3.884341650255152e-05,5.4647129467152447e-05
18.28040009535585,5.8877707365272455e-05,5.4375410444529554e-05
18.282400095355854,7.55423958088764e-05,5.4352611509822574e-05
18.284400095355853,9.220708425245074e-05,5.432981257511562e-05
18.28640009535585,0.00011726504059344658,5.495647371862596e-05
18.288400095355854,0.0001459258756272423,5.586192089711231e-05
18.290400095355853,0.0001745867106609871,5.6767368075597054e-05
18.292400095355852,0.00012708578409278897,5.647143694662726e-05
18.29440009535585,4.689179619452095e-05,5.565980431784833e-05
18.29640009535585,-3.330219170374706e-05,5.484817168906941e-05
18.298400095355852,-5.1131090201248396e-05,5.450486665924247e-05
18.30040009535585,-4.21892588366028e-05,5.4362595120412354e-05
18.30240009535585,-3.3247427471957214e-05,5.422032358158222e-05
18.304400095355852,1.7012718446748368e-05,5.4546132294594844e-05
18.30640009535585,8.500909444497296e-05,5.5072868347746786e-05
18.30840009535585,0.00015300547044319756,5.559960440089872e-05
18.31040009535585,0.00013481570060887405,5.54086670470302e-05
18.312400095355848,7.962980645627138e-05,5.490966237759056e-05
18.31440009535585,2.4443912303570683e-05,5.441065770815006e-05
18.31640009535585,-7.059119136773424e-06,5.444465200147759e-05
18.318400095355848,-2.839608231426944e-05,5.4707440588187275e-05
18.32040009535585,-4.973304549180335e-05,5.4970229174897433e-05
18.32240009535585,-9.288646908857588e-05,5.5611753335053735e-05
18.32440009535585,-0.00014540479320830426,5.641585294978278e-05
18.326400095355847,-0.00019792311732803262,5.721995256451182e-05
18.328400095355846,-0.00016615027025049229,5.727122330018165e-05
18.33040009535585,-9.819471910316908e-05,5.699933581940688e-05
18.332400095355847,-3.0239167955966595e-05,5.6727448338632584e-05
18.334400095355846,-1.2980782106328856e-05,5.629147936430841e-05
18.33640009535585,-1.7484589505401678e-05,5.578507700085379e-05
18.338400095355848,-2.1988396904466497e-05,5.5278674637400064e-05
18.340400095355847,-2.0220556466252237e-05,5.4738876484741756e-05
18.342400095355845,-1.5760557041261372e-05,5.4184742901211016e-05
18.344400095355844,-1.1300557616270504e-05,5.3630609317680255e-05
18.346400095355847,2.620328054659503e-05,5.4181301788431574e-05
18.348400095355846,7.789147356524202e-05,5.520625044146919e-05
18.350400095355845,0.00012957966658388903,5.623119909450681e-05
18.352400095355847,0.00011433224627250826,5.7123150755317675e-05
18.354400095355846,7.03521288514184e-05,5.795801229467899e-05
18.356400095355845,2.6372011430328564e-05,5.8792873834040306e-05
18.358400095355844,4.070551609140625e-05,5.931719506018546e-05
18.360400095355843,8.007065586019032e-05,5.970821412589021e-05
18.362400095355845,0.00011943579562904432,6.009923319159561e-05
18.364400095355844,0.00010544681404374968,6.070507935568929e-05
18.366400095355843,6.855510381140423e-05,6.140314195247023e-05
18.368400095355845,3.166339357899322e-05,6.210120454925238e-05
18.370400095355844,1.4540150321350661e-05,6.249642253736446e-05
18.372400095355843,5.902697469029675e-06,6.276164178162686e-05
18.374400095355842,-2.7347553832913087e-06,6.302686102588923e-05
18.37640009535584,-1.4213314857508905e-07,6.263262287627017e-05
18.378400095355843,7.271099372893368e-06,6.195530673545457e-05
18.380400095355842,1.4684331894348654e-05,6.127799059464019e-05
18.38240009535584,1.307247250258888e-05,6.061786368647533e-05
18.384400095355844,7.586511114402794e-06,5.996511541125451e-05
18.386400095355842,2.100549726226454e-06,5.931236713603487e-05
18.38840009535584,9.089762678940482e-06,5.956253014132e-05
18.39040009535584,2.1434057250990202e-05,6.0200275994748065e-05
18.39240009535584,3.377835182303993e-05,6.0838021848176117e-05
18.39440009535584,1.321334232745162e-05,6.108714928508295e-05
18.39640009535584,-2.147828587279244e-05,6.11694587248495e-05
18.39840009535584,-5.61699140730365e-05,6.125176816461604e-05
18.40040009535584,-9.437403502137771e-05,6.0516366310728e-05
18.40240009535584,-0.00013408592568152618,5.942995438790363e-05
18.40440009535584,-0.00017379781634167465,5.834354246507927e-05
18.40640009535584,-0.0002017939640370658,5.854017223319373e-05
18.408400095355837,-0.00022476102103992913,5.9287559477418404e-05
18.41040009535584,-0.0002477280780428332,6.003494672164439e-05
18.41240009535584,-0.0002512365983122282,6.0843660451149926e-05
18.414400095355838,-0.0002463923612350387,6.167869914318921e-05
18.41640009535584,-0.00024154812415784052,6.251373783522998e-05
18.41840009535584,-0.00022844533010233704,6.244634686209337e-05
18.420400095355838,-0.00021179747343611196,6.199157953819456e-05
18.422400095355837,-0.0001951496167698869,6.153681221429574e-05
18.424400095355836,-0.00019027988646256453,6.077844077086576e-05
18.426400095355838,-0.0001904660273771134,5.988974441122895e-05
18.428400095355837,-0.000190652168291662,5.900104805159372e-05
18.430400095355836,-0.00016002027222690243,5.9334404677493966e-05
18.43240009535584,-0.00011615944306472638,6.019233907575373e-05
18.434400095355837,-7.229861390262825e-05,6.105027347401198e-05
18.436400095355836,-6.27686302683831e-05,6.097038698805818e-05
18.438400095355835,-6.797548776828424e-05,6.04879319905976e-05
18.440400095355834,-7.318234526818537e-05,6.000547699313701e-05
18.442400095355836,-0.00010065687924749275,5.975563821984382e-05
18.444400095355835,-0.0001376900257916125,5.960565217995966e-05
18.446400095355834,-0.00017472317233573227,5.94556661400755e-05
18.448400095355836,-0.000121906563611882,5.91099469428783e-05
18.450400095355835,-3.0521085476208564e-05,5.868020741016208e-05
18.452400095355834,6.0864392659464885e-05,5.825046787744586e-05
18.454400095355833,8.589634213704198e-05,5.831997942746747e-05
18.456400095355832,8.244539934881847e-05,5.860379932085507e-05
18.458400095355834,7.899445656058882e-05,5.888761921424319e-05
18.460400095355833,8.881724665388716e-06,5.882523967171119e-05
18.462400095355832,-8.984622681801434e-05,5.861425066320381e-05
18.464400095355835,-0.00018857417830159278,5.8403261654696034e-05
18.466400095355834,-0.00020962394787178641,5.8505797795215466e-05
18.468400095355832,-0.00019732960024569326,5.87429176638249e-05
18.47040009535583,-0.0001850352526196001,5.898003753243434e-05
18.47240009535583,-0.00020576450325668463,6.0186304714391885e-05
18.474400095355833,-0.00024066945729298809,6.180858788451407e-05
18.47640009535583,-0.0002755744113292295,6.343087105463339e-05
18.47840009535583,-0.00029546898352630723,6.388104803771934e-05
18.480400095355833,-0.00030892020132060105,6.382808688336789e-05
18.482400095355832,-0.00032237141911487096,6.377512572901655e-05
18.48440009535583,-0.0002952000238658491,6.371009183932678e-05
18.48640009535583,-0.0002505909692759575,6.363987560831596e-05
18.48840009535583,-0.00020598191468606587,6.356965937730514e-05
18.49040009535583,-0.00017241518515472563,6.348943945000944e-05
18.49240009535583,-0.0001435884837057295,6.340492533638403e-05
18.49440009535583,-0.00011476178225673333,6.332041122275861e-05
18.49640009535583,-7.138286711192934e-05,6.354447270878592e-05
18.49840009535583,-2.1757268431773637e-05,6.390099336275019e-05
18.50040009535583,2.7868330248382092e-05,6.425751401671446e-05
18.502400095355828,2.6894696356326877e-05,6.422473559376112e-05
18.504400095355827,4.200832205992656e-06,6.402484662070367e-05
18.50640009535583,-1.849303194438188e-05,6.382495764764588e-05
18.508400095355828,-3.992377232996802e-05,6.363521281670291e-05
18.510400095355827,-6.081230404904391e-05,6.344982246148297e-05
18.51240009535583,-8.17008357681569e-05,6.326443210626269e-05
18.51440009535583,-9.677029760192261e-05,6.35172552443235e-05
18.516400095355827,-0.0001093418644530522,6.395818598510491e-05
18.518400095355826,-0.00012191343130418179,6.439911672588633e-05
18.520400095355825,-0.00011631724339176969,6.493131210490382e-05
18.522400095355827,-0.00010292236084324022,6.550268376376209e-05
18.524400095355826,-8.952747829473455e-05,6.607405542261935e-05
18.526400095355825,-7.997429076620165e-05,6.616188024369391e-05
18.528400095355828,-7.207019034026634e-05,6.604213761093594e-05
18.530400095355827,-6.416608991434508e-05,6.592239497817819e-05
18.532400095355825,-7.169264224205337e-05,6.524131870192881e-05
18.534400095355824,-8.584296180432616e-05,6.431928415548937e-05
18.536400095355823,-9.999328136659894e-05,6.339724960904992e-05
18.538400095355826,-8.745385038080411e-05,6.402574719657089e-05
18.540400095355825,-6.345756660072267e-05,6.531982681640084e-05
18.542400095355823,-3.946128282064122e-05,6.661390643623078e-05
18.544400095355826,-8.81642690536686e-06,6.730070155978953e-05
18.546400095355825,2.4682398047897064e-05,6.772681346980627e-05
18.548400095355824,5.8181223001160985e-05,6.815292537982302e-05
18.550400095355823,6.517706548275025e-05,6.716369646891426e-05
18.55240009535582,6.0796224484155526e-05,6.556691765099174e-05
18.554400095355824,5.641538348555303e-05,6.39701388330664e-05
18.556400095355823,5.7271871594799794e-05,6.295197357364252e-05
18.55840009535582,6.0376538489178384e-05,6.218218428987742e-05
18.560400095355824,6.34812053835625e-05,6.141239500611096e-05
18.562400095355823,3.999696860284458e-05,6.20350041611272e-05
18.564400095355822,5.099162930530849e-06,6.325531511309514e-05
18.56640009535582,-2.979864274178288e-05,6.44756260650631e-05
18.56840009535582,-3.332131764636826e-05,6.488880978951772e-05
18.570400095355822,-2.337588324796346e-05,6.495552554856282e-05
18.57240009535582,-1.3430448849576319e-05,6.502224130760784e-05
18.57440009535582,3.56662649980991e-05,6.475189531810163e-05
18.576400095355822,0.00010156908494032996,6.433686196240361e-05
18.57840009535582,0.00016747190488244375,6.392182860670633e-05
18.58040009535582,0.00015445921566116928,6.412403548988349e-05
18.58240009535582,0.00010757119458009272,6.459119939039175e-05
18.584400095355818,6.068317349901617e-05,6.50583632909e-05
18.58640009535582,8.957527790437862e-06,6.566232527137057e-05
18.58840009535582,-4.4844720625695306e-05,6.632500930762729e-05
18.590400095355818,-9.864696904182846e-05,6.698769334388402e-05
18.59240009535582,-6.668930620463021e-05,6.747755054601204e-05
18.59440009535582,2.081730908643352e-06,6.789321995063809e-05
18.59640009535582,7.085276802191692e-05,6.830888935526414e-05
18.598400095355817,7.97815169531967e-05,6.884992485692958e-05
18.600400095355816,6.302230989668178e-05,6.944477512539197e-05
18.60240009535582,4.6263102840137116e-05,7.003962539385542e-05
18.604400095355818,4.767878362143982e-05,7.040121079323781e-05
18.606400095355816,5.6896234538513006e-05,7.066266468669003e-05
18.60840009535582,6.611368545560258e-05,7.092411858014272e-05
18.610400095355818,9.53615415579399e-05,7.113108855018665e-05
18.612400095355817,0.00013320767005515523,7.131467069505814e-05
18.614400095355816,0.00017105379855237058,7.149825283992963e-05
18.616400095355814,0.00016647045870732795,7.125898068475981e-05
18.618400095355817,0.00014367379924763667,7.083819363397615e-05
18.620400095355816,0.00012087713978798586,7.041740658319323e-05
18.622400095355815,4.4264357095863664e-05,7.026617030455206e-05
18.624400095355817,-5.544959591016924e-05,7.023064169717032e-05
18.626400095355816,-0.00015516354891602507,7.019511308978865e-05
18.628400095355815,-0.00020145998345856352,7.039721607475884e-05
18.630400095355814,-0.00022482635037894208,7.070132508019837e-05
18.632400095355813,-0.00024819271729932063,7.100543408563789e-05
18.634400095355815,-0.00021660285061000098,7.130915089095288e-05
18.636400095355814,-0.00016142240267386147,7.161269933995341e-05
18.638400095355813,-0.00010624195473772196,7.191624778895398e-05
18.640400095355815,-4.461403609941868e-05,7.134996606870146e-05
18.642400095355814,1.978153218137966e-05,7.041029992092707e-05
18.644400095355813,8.417710046217798e-05,6.947063377315268e-05
18.646400095355812,4.4951456123851265e-05,6.953538774236617e-05
18.64840009535581,-3.87547699672657e-05,7.003130044827621e-05
18.650400095355813,-0.00012246099605853133,7.052721315418714e-05
18.652400095355812,-0.00016233075674083048,7.134498673979012e-05
18.65440009535581,-0.00018338321471013608,7.230092277868788e-05
18.656400095355814,-0.00020443567267947903,7.325685881758728e-05
18.658400095355812,-0.00017584226344896978,7.391992159649865e-05
18.66040009535581,-0.00012593779688848658,7.445726517286564e-05
18.66240009535581,-7.603333032800335e-05,7.49946087492326e-05
18.66440009535581,-2.0088403887213524e-06,7.56114030819559e-05
18.66640009535581,8.236944723449274e-05,7.62623025664133e-05
18.66840009535581,0.00016674773485755693,7.691320205086954e-05
18.67040009535581,9.555392140729872e-05,7.741695695889986e-05
18.672400095355812,-4.242101552442924e-05,7.785754835586375e-05
18.67440009535581,-0.00018039595245591215,7.829813975282687e-05
18.67640009535581,-0.0001503843936672429,7.852685794039416e-05
18.67840009535581,-4.8262679981182966e-05,7.866462709135798e-05
18.680400095355807,5.385903370487696e-05,7.88023962423218e-05
18.68240009535581,0.00010328216296443858,7.864523168474462e-05
18.68440009535581,0.00013008380981734512,7.836146339062611e-05
18.686400095355808,0.0001568854566702517,7.807769509650763e-05
18.68840009535581,7.083312094032202e-05,7.785231986692308e-05
18.69040009535581,-6.366310993602888e-05,7.765201054490244e-05
18.692400095355808,-0.00019815934081237978,7.745170122288179e-05
18.694400095355807,-0.0002520401343131796,7.65964941166517e-05
18.696400095355806,-0.00027131580187465153,7.546016442351088e-05
18.698400095355808,-0.0002905914694361577,7.432383473036804e-05
18.700400095355807,-0.0003393903476598746,7.5380220287508e-05
18.702400095355806,-0.00040086241334177084,7.737785480727362e-05
18.70440009535581,-0.0004623344790237762,7.93754893270428e-05
18.706400095355807,-0.0003534758279790795,8.012304867015132e-05
18.708400095355806,-0.00017150069256771834,8.03339983877751e-05
18.710400095355805,1.0474442843642841e-05,8.05449481053989e-05
18.712400095355804,-2.0476045431716303e-05,8.030167752154313e-05
18.714400095355806,-0.0001428273994280983,7.986342745112051e-05
18.716400095355805,-0.000265178753424263,7.942517738069865e-05
18.718400095355804,-0.00014559302932115842,7.91763854883151e-05
18.720400095355807,7.784708651556297e-05,7.900892079056231e-05
18.722400095355805,0.0003012872023518875,7.884145609280983e-05
18.724400095355804,0.0003105686998274401,7.879336683107497e-05
18.726400095355803,0.00022792003108342988,7.879652091298714e-05
18.728400095355802,0.00014527136233941968,7.879967499489932e-05
18.730400095355805,6.759500893930258e-05,7.815587132749917e-05
18.732400095355803,-7.946917948685795e-06,7.723435321989974e-05
18.734400095355802,-8.348884483667418e-05,7.63128351123003e-05
18.736400095355805,-9.40460089932052e-05,7.634090935284844e-05
18.738400095355804,-7.670767415874095e-05,7.67766076467311e-05
18.740400095355803,-5.936933932427671e-05,7.721230594061374e-05
18.7424000953558,4.4833778143558584e-05,7.719907689770117e-05
18.7444000953558,0.0001863246636228081,7.699314031692424e-05
18.746400095355803,0.00032781554910230894,7.678720373614693e-05
18.7484000953558,0.0003449759410991301,7.666451994617831e-05
18.7504000953558,0.00030876594486169996,7.657757343708561e-05
18.752400095355803,0.00027255594862420546,7.649062692799278e-05
18.754400095355802,0.00021498048635626738,7.565557341172966e-05
18.7564000953558,0.0001482336347821368,7.449938575331152e-05
18.7584000953558,8.148678320800621e-05,7.334319809489333e-05
18.7604000953558,6.17267638693279e-05,7.330634839614144e-05
18.7624000953558,6.213642318692696e-05,7.374998835545259e-05
18.7644000953558,6.25460825045253e-05,7.419362831476294e-05
18.7664000953558,5.258814072181763e-05,7.409864198556256e-05
18.7684000953558,3.817977743521261e-05,7.377244363404836e-05
18.7704000953558,2.3771414148633183e-05,7.344624528253472e-05
18.7724000953558,-1.452956890291679e-05,7.295557485799638e-05
18.774400095355798,-6.308675692930977e-05,7.239430274514707e-05
18.776400095355797,-0.00011164394495570274,7.183303063229777e-05
18.7784000953558,-9.758645615636786e-05,7.143256719938765e-05
18.780400095355798,-5.665083318983465e-05,7.110113290619113e-05
18.782400095355797,-1.5715210223301448e-05,7.076969861299463e-05
18.7844000953558,1.7624798512022586e-05,7.11646894892781e-05
18.7864000953558,4.770429431205801e-05,7.187150750546657e-05
18.788400095355797,7.778379011209342e-05,7.257832552165504e-05
18.790400095355796,1.4643280281346148e-06,7.305000281801627e-05
18.792400095355795,-0.00012052823052499232,7.342074299061163e-05
18.794400095355797,-0.00024252078907833593,7.379148316320764e-05
18.796400095355796,-0.0003394281562601484,7.356563201573721e-05
18.798400095355795,-0.0004255673868886155,7.308368647751974e-05
18.800400095355798,-0.0005117066175172356,7.260174093930144e-05
18.802400095355797,-0.000492643407741049,7.173816282211161e-05
18.804400095355795,-0.0004284207105272684,7.071076405979619e-05
18.806400095355794,-0.0003641980133134877,6.968336529748076e-05
18.808400095355793,-0.0003000252303469136,6.969591525843342e-05
18.810400095355796,-0.00023587387370922286,7.015487650939407e-05
18.812400095355795,-0.0001717225170716461,7.061383776035391e-05
18.814400095355793,-0.00017312041911632007,7.134075285766096e-05
18.816400095355796,-0.000202656182291772,7.218269058481357e-05
18.818400095355795,-0.00023219194546717143,7.30246283119647e-05
18.820400095355794,-0.0002290763005904569,7.276375504461153e-05
18.822400095355793,-0.000211944617729991,7.202948593585389e-05
18.82440009535579,-0.00019481293486952515,7.129521682709626e-05
18.826400095355794,-0.00017575562743081863,7.129744817625504e-05
18.828400095355793,-0.0001558717207062223,7.161583188423084e-05
18.83040009535579,-0.00013598781398162598,7.193421559220665e-05
18.832400095355794,-0.00013579720998889815,7.231568129410093e-05
18.834400095355793,-0.0001440602122597305,7.272422576211936e-05
18.836400095355792,-0.00015232321453056283,7.313277023013777e-05
18.83840009535579,-0.0001481051724084649,7.423098773684308e-05
18.84040009535579,-0.0001385294790286331,7.562525639975125e-05
18.842400095355792,-0.0001289537856487843,7.70195250626619e-05
18.84440009535579,-0.00012352742210978025,7.691003297602022e-05
18.84640009535579,-0.00011988221279947199,7.615503187448828e-05
18.848400095355792,-0.00011623700348915725,7.5400030772955e-05
18.85040009535579,-4.282431000925662e-05,7.508765334161233e-05
18.85240009535579,6.0536994365461944e-05,7.496527794673571e-05
18.85440009535579,0.00016389829874018048,7.484290255185908e-05
18.856400095355788,0.00018545210397221721,7.473476820502651e-05
18.85840009535579,0.0001718889590475628,7.463274701627317e-05
18.86040009535579,0.0001583258141229325,7.453072582752e-05
18.862400095355788,0.00014800851086596976,7.503927257216942e-05
18.86440009535579,0.00013908452821406254,7.580991370388776e-05
18.86640009535579,0.00013016054556217114,7.658055483560474e-05
18.86840009535579,8.246717011135649e-05,7.744336034217768e-05
18.870400095355787,1.813151630347947e-05,7.834572863450054e-05
18.872400095355786,-4.620413750439754e-05,7.92480969268234e-05
18.87440009535579,-2.0754097569905604e-05,7.826349638021855e-05
18.876400095355788,4.323765233996093e-05,7.646888922018708e-05
18.878400095355786,0.00010722940224982747,7.467428206015561e-05
18.88040009535579,0.00012300907862867805,7.425165298810378e-05
18.882400095355788,0.00011809307501117903,7.44179639344181e-05
18.884400095355787,0.00011317707139368002,7.458427488073242e-05
18.886400095355786,0.00011958435653690781,7.544931180882852e-05
18.888400095355784,0.00013085231604272326,7.661428628491863e-05
18.890400095355787,0.00014212027554855872,7.777926076101081e-05
18.892400095355786,0.00012693825615153764,7.850999890079212e-05
18.894400095355785,0.00010040222529944816,7.90543352156507e-05
18.896400095355787,7.386619444731156e-05,7.959867153051021e-05
18.898400095355786,9.666820530309427e-05,7.852267430931646e-05
18.900400095355785,0.00014064924100030274,7.675112689959603e-05
18.902400095355784,0.00018463027669751126,7.497957948987559e-05
18.904400095355783,0.00022608540021625822,7.455006613579471e-05
18.906400095355785,0.00026645624147412367,7.469663920804877e-05
18.908400095355784,0.00030682708273191737,7.484321228030256e-05
18.910400095355783,0.0002712557997543552,7.51838075964868e-05
18.912400095355785,0.0002030853199051332,7.560768961805476e-05
18.914400095355784,0.00013491484005603223,7.603157163962194e-05
18.916400095355783,0.00014618406844978674,7.669925869996837e-05
18.918400095355782,0.00019155388378219157,7.747160242515997e-05
18.92040009535578,0.0002369236991145964,7.824394615035159e-05
18.922400095355783,0.00026740766539138364,7.826620248353783e-05
18.924400095355782,0.00029150167551013687,7.796647345118375e-05
18.92640009535578,0.0003155956856288901,7.766674441882968e-05
18.928400095355784,0.0002770297556001138,7.694858033048586e-05
18.930400095355782,0.0002115661781081208,7.605079719693244e-05
18.93240009535578,0.0001461026006161278,7.515301406337903e-05
18.93440009535578,6.493925535499962e-05,7.537177020578563e-05
18.93640009535578,-2.2963433578089966e-05,7.606981636155986e-05
18.93840009535578,-0.00011086612251133568,7.676786251733532e-05
18.94040009535578,-0.00015909316210287059,7.705138218565833e-05
18.94240009535578,-0.00019028887528038945,7.715696057180445e-05
18.944400095355782,-0.0002214845884579637,7.726253895795076e-05
18.94640009535578,-0.00013592007018287512,7.704694390576822e-05
18.94840009535578,-2.3458618140855957e-07,7.669348065399046e-05
18.95040009535578,0.000135450897820058,7.634001740221272e-05
18.952400095355777,8.846901117631707e-05,7.6011519978002e-05
18.95440009535578,-3.6925414101431384e-05,7.569373948649584e-05
18.95640009535578,-0.0001623198393789571,7.537595899499023e-05
18.958400095355778,-0.00015263063428286138,7.499661693445605e-05
18.96040009535578,-8.495487328176357e-05,7.459084870108143e-05
18.96240009535578,-1.727911228078597e-05,7.418508046770754e-05
18.964400095355778,-4.024954087841365e-05,7.464953067453774e-05
18.966400095355777,-0.00010213113123905608,7.548753448186548e-05
18.968400095355776,-0.00016401272159969848,7.63255382891932e-05
18.970400095355778,-0.00014556266943644433,7.721502269341542e-05
18.972400095355777,-9.262911676736486e-05,7.812660587631435e-05
18.974400095355776,-3.969556409828538e-05,7.903818905921328e-05
18.97640009535578,5.03398465213637e-05,7.810948512973405e-05
18.978400095355777,0.0001563017595247495,7.639081167577891e-05
18.980400095355776,0.00026226367252813533,7.467213822182376e-05
18.982400095355775,0.00023537775166053809,7.361291405272146e-05
18.984400095355774,0.0001514649938022174,7.283676794198987e-05
18.986400095355776,6.755223594374771e-05,7.206062183125692e-05
18.988400095355775,3.04467960955659e-05,7.193801723620412e-05
18.990400095355774,1.3434070954326403e-05,7.209595473973586e-05
18.992400095355777,-3.5786541869433166e-06,7.225389224326786e-05
18.994400095355775,-3.6610483889153694e-06,7.236681929243133e-05
18.996400095355774,3.524146455651416e-06,7.246042495406138e-05
18.998400095355773,1.0709341300218204e-05,7.255403061569143e-05
19.000400095355772,8.557784920533066e-05,7.276503499674015e-05
19.002400095355775,0.00018950040026235882,7.302643447970903e-05
19.004400095355773,0.00029342295131920234,7.328783396267744e-05
19.006400095355772,0.0002957235753712033,7.336197207492926e-05
19.008400095355775,0.00025440150890722064,7.335572551960863e-05
19.010400095355774,0.00021307944244331142,7.3349478964288e-05
19.012400095355773,0.0001893217477199621,7.293303754206219e-05
19.01440009535577,0.00017310381602043327,7.234051398403697e-05
19.01640009535577,0.00015688588432090454,7.174799042601176e-05
19.018400095355773,0.00018014495302045775,7.13677580312312e-05
19.02040009535577,0.00022035010264062513,7.107865472920741e-05
19.02240009535577,0.00026055525226079254,7.078955142718362e-05
19.024400095355773,0.0002706852096760187,7.11074460891782e-05
19.026400095355772,0.0002679049485106872,7.168590355456206e-05
19.02840009535577,0.0002651246873453557,7.226436101994591e-05
19.03040009535577,0.00021610257533544793,7.196715759605805e-05
19.03240009535577,0.00014723046629179195,7.129406381014652e-05
19.03440009535577,7.835835724801361e-05,7.062097002423379e-05
19.03640009535577,4.848503281106138e-05,6.991829739050258e-05
19.03840009535577,3.5352514390369895e-05,6.92029275981669e-05
19.04040009535577,2.221999596965509e-05,6.848755780582994e-05
19.04240009535577,3.68679624416944e-05,6.847014917423952e-05
19.04440009535577,6.344111507104069e-05,6.875235074760397e-05
19.046400095355768,9.001426770038695e-05,6.903455232096844e-05
19.048400095355767,0.00012272923231452945,7.005981641600212e-05
19.05040009535577,0.00015808066136174754,7.140405118528471e-05
19.052400095355768,0.00019343209040890286,7.27482859545649e-05
19.054400095355767,0.00021377966287707364,7.34313511977842e-05
19.05640009535577,0.00022768660524534004,7.383059952178171e-05
19.05840009535577,0.00024159354761358175,7.42298478457785e-05
19.060400095355767,0.00018636977478300498,7.435152217067984e-05
19.062400095355766,0.00010147060362745613,7.435404368537053e-05
19.064400095355765,1.6571432471907218e-05,7.435656520006122e-05
19.066400095355768,4.3861148336457794e-05,7.379882668710365e-05
19.068400095355766,0.0001193096357910605,7.300058810841681e-05
19.070400095355765,0.0001947581232456632,7.220234952972996e-05
19.072400095355768,0.00018181554419549622,7.237140102599833e-05
19.074400095355767,0.0001309297621800054,7.295567642544679e-05
19.076400095355766,8.004398016451451e-05,7.353995182489524e-05
19.078400095355764,6.736895599455906e-05,7.387591684524467e-05
19.080400095355763,7.109647992868413e-05,7.41052908643274e-05
19.082400095355766,7.482400386281582e-05,7.433466488341052e-05
19.084400095355765,0.00010559591317308674,7.510924418362589e-05
19.086400095355764,0.000147977037064213,7.611786115973043e-05
19.088400095355766,0.00019035816095541456,7.712647813583676e-05
19.090400095355765,0.00021256455086329093,7.787990848075969e-05
19.092400095355764,0.00022611062766992826,7.852379606159373e-05
19.094400095355763,0.0002396567044765655,7.916768364242775e-05
19.09640009535576,0.00023322809711187915,7.929929934916408e-05
19.098400095355764,0.0002182250500229302,7.921101449230697e-05
19.100400095355763,0.00020322200293400796,7.912272963545002e-05
19.102400095355762,0.00011823595184079863,7.885776699117815e-05
19.104400095355764,3.2086185489151992e-06,7.851696268584173e-05
19.106400095355763,-0.0001118187147427639,7.817615838050591e-05
19.108400095355762,-0.00011553496239814557,7.849567737553548e-05
19.11040009535576,-7.146920643762504e-05,7.909865035131964e-05
19.11240009535576,-2.7403450477104493e-05,7.97016233271038e-05
19.114400095355762,6.016866339100796e-06,7.935186332099281e-05
19.11640009535576,3.486746332992237e-05,7.859312790893084e-05
19.11840009535576,6.371806032074394e-05,7.783439249686887e-05
19.120400095355762,8.601743491772052e-05,7.708082743323558e-05
19.12240009535576,0.00010550459536709976,7.632948182211624e-05
19.12440009535576,0.00012499175581647898,7.55781362109969e-05
19.12640009535576,0.00012932061290519566,7.496913981840937e-05
19.128400095355758,0.0001271425316103641,7.442124905036926e-05
19.13040009535576,0.00012496445031552869,7.387335828232818e-05
19.13240009535576,0.0001885694716418044,7.371298402764542e-05
19.13440009535576,0.00028041292034163966,7.37189573072455e-05
19.13640009535576,0.00037225636904163813,7.372493058684557e-05
19.13840009535576,0.00038756597217886755,7.375259326454373e-05
19.14040009535576,0.00037002221903457353,7.378956645732202e-05
19.142400095355757,0.0003524784658902796,7.382653965010029e-05
19.144400095355756,0.0004112161344372429,7.356981388920267e-05
19.14640009535576,0.0005026988064149226,7.318701321999194e-05
19.148400095355758,0.0005941814783924396,7.28042125507819e-05
19.150400095355756,0.0005177189867364477,7.279960859397864e-05
19.15240009535576,0.00036916337568306266,7.295735156133388e-05
19.154400095355758,0.0002206077646299415,7.311509452868881e-05
19.156400095355757,0.0002334585129441049,7.321611207224806e-05
19.158400095355756,0.0003155955040388298,7.329277932688222e-05
19.160400095355755,0.0003977324951335545,7.336944658151639e-05
19.162400095355757,0.00036256133468083173,7.361067396770793e-05
19.164400095355756,0.00027703378115426344,7.39225414122383e-05
19.166400095355755,0.00019150622762769513,7.423440885676867e-05
19.168400095355757,0.0001491545100564698,7.415150295786628e-05
19.170400095355756,0.00012533671027171344,7.389913429050728e-05
19.172400095355755,0.0001015189104869571,7.36467656231483e-05
19.174400095355754,7.78868806710181e-05,7.346975343968918e-05
19.176400095355753,5.433459559378274e-05,7.332508923559657e-05
19.178400095355755,3.078231051650554e-05,7.318042503150369e-05
19.180400095355754,4.0508775987628964e-05,7.339651570931499e-05
19.182400095355753,6.452068066649453e-05,7.376746622559425e-05
19.184400095355755,8.853258534540276e-05,7.413841674187418e-05
19.186400095355754,0.00016506091873119184,7.422539066577797e-05
19.188400095355753,0.00026413277705218625,7.419046305241318e-05
19.190400095355752,0.0003632046353731807,7.415553543904835e-05
19.19240009535575,0.00033678504084866623,7.371661801956079e-05
19.194400095355753,0.00025649620736196624,7.310428143158862e-05
19.196400095355752,0.00017620737387540888,7.249194484361755e-05
19.19840009535575,0.00014162930584654538,7.180444468440667e-05
19.200400095355754,0.00012667332679118068,7.108467934066594e-05
19.202400095355753,0.00011171734773584251,7.036491399692649e-05
19.20440009535575,0.00012474909399452073,6.998841309294735e-05
19.20640009535575,0.00014979502769764714,6.975926404682815e-05
19.20840009535575,0.00017484096140077355,6.953011500070895e-05
19.21040009535575,0.00015131886000289757,7.01969835905401e-05
19.21240009535575,0.00010694813502549223,7.124848240833232e-05
19.21440009535575,6.257741004808686e-05,7.229998122612454e-05
19.216400095355752,1.45356677946444e-05,7.270415871205777e-05
19.21840009535575,-3.508191887323445e-05,7.283046289243698e-05
19.22040009535575,-8.46995055411133e-05,7.295676707281619e-05
19.22240009535575,-5.956547312346202e-05,7.314759055430736e-05
19.224400095355747,-2.343077405965292e-06,7.336611000813008e-05
19.22640009535575,5.48793183116331e-05,7.358462946195319e-05
19.22840009535575,8.288565093680774e-05,7.286801723295975e-05
19.230400095355748,9.835050587219653e-05,7.174998428208495e-05
19.23240009535575,0.00011381536080761278,7.06319513312082e-05
19.23440009535575,9.826665757650907e-05,7.032909038827138e-05
19.236400095355748,6.940487055090221e-05,7.037615553863711e-05
19.238400095355747,4.0543083525295344e-05,7.042322068900284e-05
19.240400095355746,3.143455540389263e-05,7.112517198684754e-05
19.242400095355748,3.0805442067172996e-05,7.210824405105199e-05
19.244400095355747,3.017632873045448e-05,7.309131611525468e-05
19.246400095355746,4.1386096207550105e-05,7.463552330880736e-05
19.24840009535575,5.767790072732898e-05,7.642060711546026e-05
19.250400095355747,7.396970524707893e-05,7.820569092210997e-05
19.252400095355746,1.0984680743755069e-05,7.933453484063387e-05
19.254400095355745,-8.603124904969069e-05,8.018167680720518e-05
19.256400095355744,-0.00018304717884313646,8.102881877377649e-05
19.258400095355746,-8.588911486240034e-05,8.041903701923812e-05
19.260400095355745,9.462139514134703e-05,7.918384630306133e-05
19.262400095355744,0.0002751319051450944,7.794865558688454e-05
19.264400095355747,0.00028503722474637605,7.725711386585618e-05
19.266400095355745,0.00022170739368472915,7.679894263006219e-05
19.268400095355744,0.00015837756262308228,7.634077139426824e-05
19.270400095355743,9.074369383191519e-05,7.573351649490066e-05
19.272400095355742,2.1262244143864753e-05,7.506226491470318e-05
19.274400095355745,-4.821920554430912e-05,7.43910133345045e-05
19.276400095355744,-1.2673695012229841e-05,7.48312983011181e-05
19.278400095355742,6.79564178475842e-05,7.57487291651345e-05
19.280400095355745,0.00014858653070754147,7.666616002915254e-05
19.282400095355744,0.00016576788741662753,7.754460086553905e-05
19.284400095355743,0.00015571278704596883,7.840630456981289e-05
19.28640009535574,0.00014565768667531014,7.926800827408673e-05
19.28840009535574,0.00015255139863756543,7.842183016143821e-05
19.290400095355743,0.0001667206772926101,7.684251465731035e-05
19.29240009535574,0.00018088995594762962,7.52631991531853e-05
19.29440009535574,0.0001635945024362814,7.412991031197339e-05
19.296400095355743,0.0001327922744524207,7.318808604490008e-05
19.298400095355742,0.00010199004646861474,7.224626177782843e-05
19.30040009535574,0.00012844222288562905,7.168497647769555e-05
19.30240009535574,0.0001794718347521822,7.128704405833837e-05
19.30440009535574,0.00023050144661873533,7.088911163898119e-05
19.30640009535574,0.0002752948067913622,7.172496562282974e-05
19.30840009535574,0.0003174111485915825,7.30904436550582e-05
19.31040009535574,0.0003595274903918027,7.445592168728666e-05
19.31240009535574,0.0003763881404152849,7.504221519710187e-05
19.31440009535574,0.00038240734872026054,7.529403029854929e-05
19.31640009535574,0.00038842655702523614,7.55458453999967e-05
19.318400095355738,0.00032882834919673357,7.520762767169205e-05
19.320400095355737,0.00024106272915487114,7.461612813324672e-05
19.32240009535574,0.0001532971091128529,7.402462859480034e-05
19.324400095355738,0.00010384651719630207,7.291224365829994e-05
19.326400095355737,7.084331666902489e-05,7.157625961643677e-05
19.32840009535574,3.784011614168911e-05,7.024027557457122e-05
19.33040009535574,6.1302832997737604e-06,7.020004966781408e-05
19.332400095355737,-2.5024348927342823e-05,7.071605051806e-05
19.334400095355736,-5.617898115445942e-05,7.123205136830592e-05
19.336400095355735,-4.016446569063713e-05,7.16685267056784e-05
19.338400095355738,-3.901769184164755e-06,7.207086432674778e-05
19.340400095355736,3.236092732224321e-05,7.247320194781647e-05
19.342400095355735,-2.217088000678775e-07,7.346258031125522e-05
19.344400095355738,-6.235741086112363e-05,7.470395620460124e-05
19.346400095355737,-0.00012449311292206904,7.594533209794504e-05
19.348400095355736,-0.0001204768481513706,7.63697888182606e-05
19.350400095355734,-8.80636884031344e-05,7.644356861886101e-05
19.352400095355733,-5.565052865489819e-05,7.65173484194614e-05
19.354400095355736,1.1637462810622187e-05,7.63696050758526e-05
19.356400095355735,9.38960908868083e-05,7.612676901553285e-05
19.358400095355734,0.0001761547189629944,7.588393295521312e-05
19.360400095355736,0.00017633815325935386,7.555625744239528e-05
19.362400095355735,0.0001412893586727012,7.519216309373926e-05
19.364400095355734,0.00010624056408604851,7.482806874508322e-05
19.366400095355733,7.017921913965263e-05,7.505064294757789e-05
19.36840009535573,3.3683218984845444e-05,7.552505503538369e-05
19.370400095355734,-2.8127811700265728e-06,7.599946712319032e-05
19.372400095355733,6.522062252818659e-06,7.661706478824004e-05
19.374400095355732,3.553061093596052e-05,7.729612741060496e-05
19.376400095355734,6.453915961915391e-05,7.797519003297111e-05
19.378400095355733,8.268066193665767e-05,7.918505608330564e-05
19.380400095355732,9.615729062123199e-05,8.062277898011812e-05
19.38240009535573,0.00010963391930580632,8.206050187693055e-05
19.38440009535573,8.00453956389114e-05,8.2562471591713e-05
19.386400095355732,3.197038430333909e-05,8.26627524997485e-05
19.38840009535573,-1.6104627032147837e-05,8.27630334077838e-05
19.39040009535573,-9.929810152202992e-05,8.267495672518073e-05
19.392400095355733,-0.00019756680693929624,8.250602416448033e-05
19.39440009535573,-0.000295835512356388,8.233709160378022e-05
19.39640009535573,-0.00031747197378252846,8.253494671432032e-05
19.39840009535573,-0.00030621266431727116,8.28902520386416e-05
19.400400095355728,-0.00029495335485201385,8.324555736296286e-05
19.40240009535573,-0.0001766650913296501,8.289507345021417e-05
19.40440009535573,-1.243271596923875e-05,8.224161675848412e-05
19.40640009535573,0.00015179965939117257,8.158816006675406e-05
19.40840009535573,0.00018258668546271859,8.12897901153679e-05
19.41040009535573,0.0001560898777634193,8.114384758027283e-05
19.41240009535573,0.00012959307006412004,8.099790504517777e-05
19.414400095355727,0.0001227450211538466,8.095671983920506e-05
19.416400095355726,0.00012433155897102071,8.096050362019512e-05
19.41840009535573,0.00012591809678819764,8.096428740118519e-05
19.420400095355728,5.299202094573462e-05,8.14159082283393e-05
19.422400095355727,-5.191995217127172e-05,8.205977126860075e-05
19.42440009535573,-0.0001568319252884644,8.270363430886335e-05
19.426400095355728,-0.0001709243448861648,8.230173614229682e-05
19.428400095355727,-0.00014603081127166176,8.145092586483928e-05
19.430400095355726,-0.00012113727765715873,8.060011558738174e-05
19.432400095355725,-0.00015671610094326584,8.022206246787186e-05
19.434400095355727,-0.00021825379187400404,8.004694902394495e-05
19.436400095355726,-0.0002797914828046329,7.987183558001831e-05
19.438400095355725,-0.00028213434581401313,7.988317672615268e-05
19.440400095355727,-0.00025906674075694354,7.997455693267411e-05
19.442400095355726,-0.00023599913569991488,8.006593713919536e-05
19.444400095355725,-0.00025345887066577225,7.987731543748575e-05
19.446400095355724,-0.00028831571351143194,7.956849775446347e-05
19.448400095355723,-0.0003231725563570916,7.925968007144117e-05
19.450400095355725,-0.00031654245420973716,7.911085324002992e-05
19.452400095355724,-0.00029210331384746526,7.903070543983866e-05
19.454400095355723,-0.00026766417348519336,7.895055763964736e-05
19.456400095355725,-0.00023938114564397116,7.820069642359939e-05
19.458400095355724,-0.00020944805782579205,7.716334830539091e-05
19.460400095355723,-0.00017951497000761295,7.612600018718245e-05
19.462400095355722,-0.00012519083070768023,7.611239048311769e-05
19.46440009535572,-6.0396378979959755e-05,7.653823953090014e-05
19.466400095355723,4.398072747875833e-06,7.696408857868336e-05
19.468400095355722,5.61756111830902e-05,7.734322093910075e-05
19.47040009535572,0.00010236539682982838,7.770229929022834e-05
19.472400095355724,0.0001485551824766486,7.806137764135656e-05
19.474400095355723,0.00011842618168445748,7.814394863189817e-05
19.47640009535572,5.553591444800094e-05,7.810782366648132e-05
19.47840009535572,-7.354352788455619e-06,7.807169870106445e-05
19.48040009535572,-1.031667160491603e-05,7.757009306731777e-05
19.48240009535572,1.244620544339749e-05,7.686867112615829e-05
19.48440009535572,3.520908249167058e-05,7.616724918500007e-05
19.48640009535572,4.7269402582246474e-05,7.596396698427293e-05
19.488400095355722,5.4735448792021426e-05,7.597452063674463e-05
19.49040009535572,6.22014950017831e-05,7.598507428921631e-05
19.49240009535572,3.892913005563108e-05,7.61207141140286e-05
19.49440009535572,2.4617223178984623e-06,7.631004953775449e-05
19.496400095355717,-3.4005685419834155e-05,7.649938496148038e-05
19.49840009535572,-1.5560496695116298e-05,7.714406904129147e-05
19.50040009535572,2.6456962774584265e-05,7.798422014499161e-05
19.502400095355718,6.847442224428482e-05,7.882437124869174e-05
19.50440009535572,0.00010003194354084308,7.89132250690682e-05
19.50640009535572,0.00012709933796161186,7.867957027919645e-05
19.508400095355718,0.0001541667323823806,7.844591548932473e-05
19.510400095355717,0.00012938021390824315,7.827949800465576e-05
19.512400095355716,8.233441694317884e-05,7.814194341225338e-05
19.514400095355718,3.5288619978030955e-05,7.800438881985077e-05
19.516400095355717,1.4215569961884505e-05,7.845745208682845e-05
19.518400095355716,4.291817018569159e-06,7.916404933631859e-05
19.52040009535572,-5.631935924763811e-06,7.987064658580999e-05
19.522400095355717,-6.119012660844271e-05,7.987052685242033e-05
19.524400095355716,-0.00013633777262613721,7.956703533545177e-05
19.526400095355715,-0.0002114854186438317,7.926354381848322e-05
19.528400095355714,-0.00022369596978027187,7.911178917200798e-05
19.530400095355716,-0.00020888956567201395,7.902517048782668e-05
19.532400095355715,-0.00019408316156378246,7.893855180364552e-05
19.534400095355714,-0.00021958598306222102,7.87483046004389e-05
19.536400095355717,-0.00026239231501592726,7.851357286210557e-05
19.538400095355716,-0.00030519864696955753,7.827884112377265e-05
19.540400095355714,-0.0002897441807483882,7.907682267826594e-05
19.542400095355713,-0.0002492801431379473,8.031811633336063e-05
19.544400095355712,-0.00020881610552750645,8.155940998845532e-05
19.546400095355715,-0.0002044831055876992,8.218876730707205e-05
19.548400095355714,-0.00021566005241199917,8.255543911722464e-05
19.550400095355712,-0.00022683699923629913,8.292211092737723e-05
19.552400095355715,-0.00025352099141618084,8.34255110007531e-05
19.554400095355714,-0.00028686168357717334,8.398760433298872e-05
19.556400095355713,-0.00032020237573816585,8.454969766522435e-05
19.55840009535571,-0.0003020451086583968,8.421822013928064e-05
19.56040009535571,-0.0002617813410179723,8.350315994387668e-05
19.562400095355713,-0.00022151757337747632,8.278809974847147e-05
19.564400095355712,-0.00016832705011656868,8.153320338478465e-05
19.56640009535571,-0.00010958746491132778,8.004657181811724e-05
19.568400095355713,-5.084787970598259e-05,7.85599402514472e-05
19.570400095355712,-4.409720961978519e-05,7.731336418178077e-05
19.57240009535571,-5.966379799225913e-05,7.616983662848994e-05
19.57440009535571,-7.523038636473309e-05,7.50263090751991e-05
19.57640009535571,-3.1797270644360934e-05,7.47592948536903e-05
19.57840009535571,3.6962624941222973e-05,7.486854116677562e-05
19.58040009535571,0.00010572252052668473,7.497778747986076e-05
19.58240009535571,2.6430944780327898e-05,7.56537590455626e-05
19.58440009535571,-0.00011641463595766831,7.657300856865173e-05
19.58640009535571,-0.00025926021669541084,7.749225809173923e-05
19.58840009535571,-0.000290418779386527,7.823540230391699e-05
19.590400095355708,-0.00027363348769144985,7.890294983950186e-05
19.592400095355707,-0.0002568481959963726,7.957049737508675e-05
19.59440009535571,-0.00019759168153778668,7.973187299088684e-05
19.59640009535571,-0.00012010355513280444,7.96759643040626e-05
19.598400095355707,-4.261542872782226e-05,7.962005561723833e-05
19.60040009535571,8.33294601492438e-06,7.872041180980436e-05
19.60240009535571,4.7888606302421964e-05,7.745857797786915e-05
19.604400095355707,8.744426658991956e-05,7.619674414593395e-05
19.606400095355706,9.369553144956242e-05,7.559731315430262e-05
19.608400095355705,8.565022265892969e-05,7.528223174688969e-05
19.610400095355708,7.760491386828267e-05,7.496715033947621e-05
19.612400095355706,8.949938755513808e-05,7.568161976105757e-05
19.614400095355705,0.00010995341022865062,7.683804439278124e-05
19.616400095355708,0.00013040743290219947,7.799446902450696e-05
19.618400095355707,0.00010792520326062157,7.82829257570081e-05
19.620400095355706,6.701172939562806e-05,7.819878992574157e-05
19.622400095355705,2.609825553063454e-05,7.811465409447504e-05
19.624400095355703,8.398570721918496e-06,7.828140135701773e-05
19.626400095355706,6.638699411937298e-07,7.85558452138844e-05
19.628400095355705,-7.070830839517296e-06,7.88302890707506e-05
19.630400095355704,-9.07569640140425e-05,7.869900908563681e-05
19.632400095355706,-0.00020704677523527965,7.839356399128375e-05
19.634400095355705,-0.00032333658645631024,7.808811889693123e-05
19.636400095355704,-0.0003297683848927442,7.79533997373239e-05
19.638400095355703,-0.0002890414186917129,7.789196812379613e-05
19.6404000953557,-0.0002483144524906816,7.783053651026835e-05
19.642400095355704,-0.00023060197285146587,7.811863199693279e-05
19.644400095355703,-0.0002227689263296578,7.855676904979785e-05
19.646400095355702,-0.00021493587980784965,7.899490610266291e-05
19.648400095355704,-0.00024354367434580406,7.892342317708765e-05
19.650400095355703,-0.0002877944377459034,7.863317555721718e-05
19.652400095355702,-0.0003320452011460027,7.834292793734672e-05
19.6544000953557,-0.0003298272088932549,7.750355951487288e-05
19.6564000953557,-0.00030766155992317194,7.64284698402848e-05
19.658400095355702,-0.0002854959109530496,7.53533801656948e-05
19.6604000953557,-0.0002621969167811101,7.50736972066544e-05
19.6624000953557,-0.0002384114111130751,7.513545877003444e-05
19.664400095355703,-0.0002146259054449978,7.519722033341463e-05
19.6664000953557,-0.00021060326174024153,7.672430297412007e-05
19.6684000953557,-0.00021506422984086276,7.888040459058746e-05
19.6704000953557,-0.000219525197941484,8.103650620705484e-05
19.672400095355698,-0.0001649565107257025,8.292959174091533e-05
19.6744000953557,-8.504813618163813e-05,8.470977223984684e-05
19.6764000953557,-5.1397616377157386e-06,8.648995273877517e-05
19.6784000953557,2.5796351129331477e-05,8.686909383937087e-05
19.6804000953557,3.571011591687707e-05,8.664681003745798e-05
19.6824000953557,4.5623880704405054e-05,8.642452623554545e-05
19.6844000953557,6.248540732220167e-05,8.48542936721041e-05
19.686400095355697,8.232940360140138e-05,8.270542637929267e-05
19.688400095355696,0.0001021733998806011,8.055655908648122e-05
19.6904000953557,0.00012242234882186193,7.990790410263135e-05
19.692400095355698,0.00014284513204356207,7.990324618743879e-05
19.694400095355697,0.00016326791526526224,7.989858827224622e-05
19.6964000953557,0.00012621102907114942,8.020167192698813e-05
19.698400095355698,6.447980646251292e-05,8.06368600127829e-05
19.700400095355697,2.748583853876414e-06,8.107204809857769e-05
19.702400095355696,-2.2192898167476784e-05,8.14440513936421e-05
19.704400095355695,-3.13416215014234e-05,8.178893130765543e-05
19.706400095355697,-4.049034483538628e-05,8.213381122166937e-05
19.708400095355696,-3.907298215158638e-05,8.178820961306644e-05
19.710400095355695,-3.3119907478766705e-05,8.114620446250232e-05
19.712400095355697,-2.7166832805936457e-05,8.050419931193703e-05
19.714400095355696,-9.006186532834255e-06,8.080424838360618e-05
19.716400095355695,1.439481417637228e-05,8.150869385647417e-05
19.718400095355694,3.7795814885578814e-05,8.221313932934214e-05
19.720400095355693,7.094970792405944e-05,8.16426374727982e-05
19.722400095355695,0.00010829023370159662,8.052483784554044e-05
19.724400095355694,0.00014563075947906745,7.940703821828469e-05
19.726400095355693,0.00012767432253533333,7.84528607247772e-05
19.728400095355695,8.598050642151217e-05,7.756892145843755e-05
19.730400095355694,4.4286690307765095e-05,7.668498219209948e-05
19.732400095355693,3.020549401974393e-05,7.578549414374855e-05
19.734400095355692,2.7977594472874115e-05,7.487933145429786e-05
19.73640009535569,2.5749694926004315e-05,7.397316876484717e-05
19.738400095355694,9.14650984722726e-06,7.385387288907275e-05
19.740400095355692,-1.3627569097118406e-05,7.407235615394873e-05
19.74240009535569,-3.640164804146408e-05,7.429083941882471e-05
19.744400095355694,1.9493777210012302e-05,7.456004853729992e-05
19.746400095355693,0.00010915974705430506,7.485103279874119e-05
19.74840009535569,0.00019882571689859785,7.514201706018247e-05
19.75040009535569,0.0002925963734211445,7.580860880315108e-05
19.75240009535569,0.00038812905352736545,7.663643800284495e-05
19.75440009535569,0.000483661733633756,7.746426720254029e-05
19.75640009535569,0.0004348346049782884,7.885429040570556e-05
19.75840009535569,0.00032403796705723334,8.048564730698271e-05
19.760400095355692,0.00021324132913598152,8.211700420826275e-05
19.76240009535569,0.00015553037163781703,8.34338202334471e-05
19.76440009535569,0.00012060757104607576,8.461561290052835e-05
19.76640009535569,8.56847704543345e-05,8.57974055676096e-05
19.768400095355688,3.6185698613573824e-05,8.559520923311455e-05
19.77040009535569,-1.9570548324466402e-05,8.479890612278424e-05
19.77240009535569,-7.53267952624076e-05,8.400260301245534e-05
19.774400095355688,-2.3824980034235915e-05,8.312105188494513e-05
19.77640009535569,7.371965007937681e-05,8.220290622462943e-05
19.77840009535569,0.00017126428019281626,8.128476056431537e-05
19.780400095355688,7.46795183243293e-05,8.032442793785e-05
19.782400095355687,-0.00010523944320845995,7.934598565254012e-05
19.784400095355686,-0.0002851584047412493,7.836754336723023e-05
19.786400095355688,-0.00033773813168196256,7.882194646867912e-05
19.788400095355687,-0.0003356547578468731,7.989142921956287e-05
19.790400095355686,-0.0003335713840117837,8.096091197044664e-05
19.79240009535569,-0.0002451743075909256,8.137077995523588e-05
19.794400095355687,-0.00011972521634247777,8.149749410277913e-05
19.796400095355686,5.723874905970059e-06,8.162420825032239e-05
19.798400095355685,2.0398147426738982e-05,8.235715220442773e-05
19.800400095355684,-1.2480061436509393e-05,8.335033338502628e-05
19.802400095355686,-4.535827029981616e-05,8.43435145656266e-05
19.804400095355685,1.8527709786913666e-05,8.529824904947014e-05
19.806400095355684,0.00012395181124039733,8.623647945702999e-05
19.808400095355687,0.00022937591269406828,8.717470986459151e-05
19.810400095355686,0.00016618294388787006,8.729954088229478e-05
19.812400095355684,3.0607441066547475e-05,8.70752025726369e-05
19.814400095355683,-0.00010496806175477511,8.685086426297905e-05
19.816400095355682,-0.00010453467087509572,8.821727258452663e-05
19.818400095355685,-4.571650565860766e-05,9.02665434789768e-05
19.820400095355684,1.3101659557775917e-05,9.231581437342332e-05
19.822400095355682,0.00010991336779606956,9.213817471538073e-05
19.824400095355685,0.0002230346323473683,9.100458517294513e-05
19.826400095355684,0.00033615589689846607,8.987099563051155e-05
19.828400095355683,0.00039667667780003154,8.877466593353843e-05
19.83040009535568,0.0004346175520019821,8.769433083919567e-05
19.83240009535568,0.0004725584262039326,8.661399574485292e-05
19.834400095355683,0.0003658615602967434,8.573545854788829e-05
19.836400095355682,0.00019707577703368404,8.494354751753705e-05
19.83840009535568,2.8289993770624683e-05,8.41516364871858e-05
19.840400095355683,4.3638232153326095e-05,8.421771718091682e-05
19.842400095355682,0.000138030041477618,8.465210965703135e-05
19.84440009535568,0.0002324218508019099,8.508650213314589e-05
19.84640009535568,0.00013902280871195744,8.592944275272201e-05
19.84840009535568,-3.498958877717049e-05,8.69477616531809e-05
19.85040009535568,-0.00020900198626660755,8.796608055364159e-05
19.85240009535568,-0.00012157433554795094,8.834933842000025e-05
19.85440009535568,7.808222290715491e-05,8.845998232881252e-05
19.85640009535568,0.00027773878136261543,8.857062623762498e-05
19.85840009535568,0.0003780109354871747,8.826650841297806e-05
19.86040009535568,0.000435620136461883,8.778434494301976e-05
19.862400095355678,0.0004932293374365912,8.730218147306147e-05
19.864400095355677,0.0004830082732614348,8.65639454520631e-05
19.86640009535568,0.00044366956429190904,8.571578461260232e-05
19.86840009535568,0.0004043308553224531,8.486762377314305e-05
19.870400095355677,0.0003149029338553541,8.461689039121072e-05
19.87240009535568,0.00020397310501252947,8.462261601940849e-05
19.87440009535568,9.30432761699019e-05,8.462834164760629e-05
19.876400095355677,-2.249566055474371e-05,8.501832399530506e-05
19.878400095355676,-0.00014001315949108302,8.557325709795587e-05
19.880400095355675,-0.00025753065842742235,8.612819020060667e-05
19.882400095355678,-0.00024179704391363865,8.656182898174345e-05
19.884400095355677,-0.00016886241410505345,8.694339946745962e-05
19.886400095355675,-9.592778429646823e-05,8.732496995317578e-05
19.888400095355678,2.2723319680780605e-05,8.746252473402797e-05
19.890400095355677,0.00016099924325565368,8.749533031288866e-05
19.892400095355676,0.0002992751668305268,8.752813589174936e-05
19.894400095355675,0.00030282059109378793,8.76291941170335e-05
19.896400095355673,0.00024852992629876327,8.775955132181508e-05
19.898400095355676,0.0001942392615036422,8.788990852659689e-05
19.900400095355675,0.0001788709493589611,8.878763430687142e-05
19.902400095355674,0.0001802109322559802,9.001477030240828e-05
19.904400095355676,0.00018155091515300171,9.12419062979473e-05
19.906400095355675,0.00030061966105386433,9.23137623341127e-05
19.908400095355674,0.00047022613186865924,9.331896094798697e-05
19.910400095355673,0.0006398326026834542,9.43241595618612e-05
19.91240009535567,0.000688594570837003,9.324502158596715e-05
19.914400095355674,0.0006854813061676273,9.127113504067328e-05
19.916400095355673,0.0006823680414982574,8.92972484953829e-05
19.918400095355672,0.0006176283080978274,8.939489509161214e-05
19.920400095355674,0.0005264340174787208,9.03817941981814e-05
19.922400095355673,0.0004352397268597761,9.136869330474891e-05
19.924400095355672,0.00035833937714633115,9.203162315418678e-05
19.92640009535567,0.0002875750260106203,9.255548184654351e-05
19.92840009535567,0.00021681067487490952,9.307934053890024e-05
19.930400095355672,0.0001828969000693224,9.323079097148662e-05
19.93240009535567,0.00016480207355164153,9.322237668579822e-05
19.93440009535567,0.0001467072470339606,9.321396240010983e-05
19.936400095355673,0.00010767043192302646,9.340581658044121e-05
19.93840009535567,5.96437906357877e-05,9.36836405668445e-05
19.94040009535567,1.1617149348548943e-05,9.396146455324783e-05
19.94240009535567,-5.75282934922066e-05,9.3979544956067e-05
19.944400095355668,-0.0001357394646298848,9.388612448845679e-05
19.94640009535567,-0.00021395063576770194,9.379270402084641e-05
19.94840009535567,-0.00016417691364661687,9.374378055462578e-05
19.95040009535567,-5.9462743819317785e-05,9.371395844572699e-05
19.95240009535567,4.5251426008167284e-05,9.368413633682813e-05
19.95440009535567,7.603479773523274e-05,9.346503973397319e-05
19.95640009535567,7.508167660341886e-05,9.31646927080177e-05
19.958400095355668,7.412855547160498e-05,9.286434568206217e-05
19.960400095355666,0.00011062808686803474,9.213641713637205e-05
19.96240009535567,0.00016320503143421047,9.122493938141404e-05
19.964400095355668,0.0002157819760002928,9.031346162645767e-05
19.966400095355667,0.0002011352741337844,9.008512177419646e-05
19.96840009535567,0.00015763127112510873,9.01500346272824e-05
19.970400095355668,0.00011412726811651036,9.021494748036822e-05
19.972400095355667,1.6856888945104514e-05,9.066937466701089e-05
19.974400095355666,-0.00010349395049793121,9.129100988853513e-05
19.976400095355665,-0.00022384478994096692,9.191264511005938e-05
19.978400095355667,-0.00021899596556118915,9.237157226798962e-05
19.980400095355666,-0.0001604022836752576,9.27606532184613e-05
19.982400095355665,-0.00010180860178932605,9.314973416893296e-05
19.984400095355667,-6.611110593451994e-05,9.405844499281344e-05
19.986400095355666,-4.0242329828796394e-05,9.519021901123402e-05
19.988400095355665,-1.4373553723072866e-05,9.632199302965456e-05
19.990400095355664,2.1468699878634378e-05,9.662228234272621e-05
19.992400095355663,6.159230091796537e-05,9.656563748573507e-05
19.994400095355665,0.00010171590195736765,9.650899262874379e-05
19.996400095355664,0.00015748489098902887,9.656275636803202e-05
19.998400095355663,0.00021997002793708526,9.666391557390874e-05
20.000400095355666,0.0002824551648852526,9.676507477978565e-05
20.002400095355664,0.0001917895021534098,9.617408458968801e-05
20.004400095355663,3.538027637855931e-05,9.528597308161804e-05
20.006400095355662,-0.0001210289493962912,9.439786157354803e-05
20.00840009535566,-2.635258025835731e-05,9.396444469874153e-05
20.010400095355664,0.00017610816690109832,9.372621615504092e-05
20.012400095355662,0.0003785689140601943,9.348798761134073e-05
20.01440009535566,0.0004196741137336106,9.306806011674452e-05
20.016400095355664,0.0003915136532632566,9.257013407807911e-05
20.018400095355663,0.0003633531927929526,9.207220803941456e-05
20.02040009535566,0.0003506961084525414,9.225315453667065e-05
20.02240009535566,0.0003446942134259521,9.272552305766224e-05
20.02440009535566,0.00033869231839936284,9.319789157865384e-05
20.026400095355662,0.0002910848627143921,9.400962343171173e-05
20.02840009535566,0.00022561723807445675,9.496703500526534e-05
20.03040009535566,0.0001601496134345214,9.592444657881894e-05
20.032400095355662,0.00015439251382242463,9.618073474550386e-05
20.03440009535566,0.00017426756964458612,9.613604910338197e-05
20.03640009535566,0.00019414262546674763,9.609136346126004e-05
20.03840009535566,0.00017609124142190153,9.562636456589399e-05
20.040400095355658,0.00014175903382166501,9.498093624087263e-05
20.04240009535566,0.00010742682622136754,9.433550791585011e-05
20.04440009535566,0.00010327691513368081,9.390761925564888e-05
20.046400095355658,0.00011208347205921698,9.357311466606258e-05
20.04840009535566,0.0001208900289847688,9.32386100764757e-05
20.05040009535566,0.00023039450551647615,9.438047980701815e-05
20.052400095355658,0.0003831259623327638,9.615611837686195e-05
20.054400095355657,0.0005358574191490514,9.793175694670576e-05
20.056400095355656,0.0005130835918949691,9.883144328878798e-05
20.05840009535566,0.00041496993214431167,9.935510622813447e-05
20.060400095355657,0.0003168562723938285,9.987876916748003e-05
20.062400095355656,0.00025195414909391824,9.949335904775758e-05
20.06440009535566,0.00020130887234365253,9.871770756943483e-05
20.066400095355657,0.00015066359559347676,9.794205609111345e-05
20.068400095355656,0.00023486115567698161,9.821540891070802e-05
20.070400095355655,0.0003769432365346766,9.893907197666615e-05
20.072400095355654,0.0005190253173923715,9.966273504262423e-05
20.074400095355657,0.000600352151600878,0.00010045900818013041
20.076400095355655,0.0006555983362483952,0.00010128645093565227
20.078400095355654,0.0007108445208959124,0.00010211389369117414
20.080400095355657,0.0005983242474833382,0.00010303515609291357
20.082400095355656,0.0004137861816167754,0.00010399669283725504
20.084400095355655,0.00022924811575021273,0.00010495822958159651
20.086400095355653,0.00015739736204755284,0.000105259604749743
20.088400095355652,0.00013392035695113607,0.00010527758962742001
20.090400095355655,0.00011044335185467758,0.00010529557450509703
20.092400095355654,9.061035712435465e-05,0.00010469347087808538
20.094400095355653,7.234164199088881e-05,0.00010382517926073335
20.096400095355655,5.407292685739052e-05,0.00010295688764337976
20.098400095355654,3.0435354241177938e-05,0.00010158545451202181
20.100400095355653,4.49306939389351e-06,9.999803568817416e-05
20.10240009535565,-2.144921545339091e-05,9.841061686432651e-05
20.10440009535565,-9.638622883444915e-06,9.776117637466894e-05
20.106400095355653,1.8378309568012415e-05,9.75143858742378e-05
20.108400095355652,4.639524201941997e-05,9.726759537380712e-05
20.11040009535565,2.2900888309396968e-05,9.643542974542152e-05
20.112400095355653,-2.2705939256026278e-05,9.535197758980791e-05
20.114400095355652,-6.831276682136851e-05,9.426852543419617e-05
20.11640009535565,-0.00015672985210632868,9.40443524579117e-05
20.11840009535565,-0.000263524285203393,9.418904603808714e-05
20.12040009535565,-0.0003703187183004574,9.433373961826257e-05
20.12240009535565,-0.0003433982057833992,9.445996221139281e-05
20.12440009535565,-0.00025907728273265903,9.457825568160766e-05
20.12640009535565,-0.00017475635968191886,9.46965491518225e-05
20.12840009535565,-0.00024202891393035358,9.499061741183072e-05
20.13040009535565,-0.0003743766837505111,9.536014130846388e-05
20.13240009535565,-0.0005067244535706687,9.572966520509705e-05
20.134400095355648,-0.00044213316962539456,9.637344273595034e-05
20.136400095355647,-0.0002930009595316728,9.713495037565326e-05
20.13840009535565,-0.00014386874943768608,9.789645801535753e-05
20.14040009535565,-0.00011245827936377292,9.797463163407284e-05
20.142400095355647,-0.00013158276400675038,9.775946730347384e-05
20.14440009535565,-0.00015070724864976178,9.754430297287449e-05
20.14640009535565,-0.00016043391273941245,9.75065506896375e-05
20.148400095355647,-0.00016612633052116214,9.754495690431883e-05
20.150400095355646,-0.00017181874830291186,9.758336311900018e-05
20.152400095355645,-0.00014036677593110068,9.782540273237614e-05
20.154400095355648,-9.296965578981493e-05,9.815485701643503e-05
20.156400095355647,-4.557253564861337e-05,9.84843113004933e-05
20.158400095355645,-6.15593926484604e-05,9.847437063550083e-05
20.160400095355648,-0.0001047553922124586,9.831873627991334e-05
20.162400095355647,-0.0001479513917763801,9.816310192432617e-05
20.164400095355646,-0.00014895477891643973,9.895944716065483e-05
20.166400095355645,-0.00013184593957849848,0.00010016445327339471
20.168400095355643,-0.00011473710024055721,0.0001013694593861346
20.170400095355646,2.4185528898276995e-05,0.00010114674327391857
20.172400095355645,0.00021539975829743782,0.00010031114187184622
20.174400095355644,0.0004066139876965987,9.947554046977388e-05
20.176400095355646,0.00042222432126492614,9.924621285900372e-05
20.178400095355645,0.0003624523037913182,9.927714339084087e-05
20.180400095355644,0.00030268028631771026,9.930807392267803e-05
20.182400095355643,0.00021647174841593118,9.922253363069214e-05
20.18440009535564,0.00011891467350635853,9.908699532712697e-05
20.186400095355644,2.1357598596612605e-05,9.895145702356154e-05
20.188400095355643,-7.17256898018491e-05,9.958617019748777e-05
20.190400095355642,-0.00016288849330801664,0.0001005515331067368
20.192400095355644,-0.0002540512968143461,0.00010151689601598753
20.194400095355643,-0.0001600618537280047,0.00010332449594842747
20.196400095355642,1.3408837646532233e-05,0.0001054936472592046
20.19840009535564,0.00018687952902106918,0.00010766279856998172
20.20040009535564,0.00011990345106973912,0.00010963753612095383
20.202400095355642,-5.0290449491819045e-05,0.00011152881667631763
20.20440009535564,-0.0002204843500530749,0.00011342009723167801
20.20640009535564,-0.0001967274577278831,0.00011507205243215151
20.208400095355643,-8.971229965231496e-05,0.00011662127119261947
20.21040009535564,1.7302858423063065e-05,0.00011817048995308468
20.21240009535564,-1.4462404588359836e-05,0.0001189991432648419
20.21440009535564,-0.00010580266825726151,0.0001195184756598274
20.216400095355638,-0.00019714293192616317,0.00012003780805481288
20.21840009535564,-0.00028156724148248167,0.00011982522062617598
20.22040009535564,-0.00036302270270458274,0.00011929843808958889
20.22240009535564,-0.0004444781639266838,0.00011877165555300181
20.22440009535564,-0.0002605472056554104,0.00011859797825053555
20.22640009535564,3.730760380551106e-05,0.00011857588032512764
20.22840009535564,0.0003351624132664326,0.00011855378239971972
20.230400095355638,0.0003657560664317817,0.00011864900911428808
20.232400095355636,0.00028162107585185856,0.00011879460041235581
20.23440009535564,0.00019748608527178605,0.00011894019171042379
20.236400095355638,8.623900189913772e-05,0.0001178509301992822
20.238400095355637,-3.664663779916324e-05,0.00011623157667039245
20.24040009535564,-0.00015953227749768248,0.00011461222314149978
20.242400095355638,-0.00013968949483319,0.00011372229297719236
20.244400095355637,-5.857689423983758e-05,0.00011314548640803982
20.246400095355636,2.2535706353514864e-05,0.00011256867983888726
20.248400095355635,2.929462109314721e-05,0.00011214996173319994
20.250400095355637,4.135314608480496e-06,0.0001117991071435159
20.252400095355636,-2.1023991876141522e-05,0.00011144825255383254
20.254400095355635,-7.241078579290662e-06,0.00011082594918183767
20.256400095355637,2.3258780568006505e-05,0.00011008711946335894
20.258400095355636,5.37586397152495e-05,0.00010934828974488151
20.260400095355635,-1.305237892709975e-05,0.00010921246046539068
20.262400095355634,-0.00012163659092259251,0.00010933548461012117
20.264400095355633,-0.0002302208029180852,0.00010945850875485168
20.266400095355635,-0.00011322563938074076,0.00010940581318043445
20.268400095355634,0.0001006052762752754,0.00010927768539451484
20.270400095355633,0.0003144361919312917,0.00010914955760859521
20.272400095355636,0.00030331531545219997,0.00010819698161434908
20.274400095355634,0.00019562808119566433,0.00010689048996600629
20.276400095355633,8.794084693912875e-05,0.00010558399831766348
20.278400095355632,-3.665483844796391e-05,0.0001051885369125602
20.28040009535563,-0.00016850891341472005,0.00010518415878133159
20.282400095355634,-0.00030036298838171044,0.00010517978065010298
20.284400095355632,-0.0002793000351151538,0.00010536327626515558
20.28640009535563,-0.00019259348779922204,0.00010562742155065953
20.288400095355634,-0.00010588694048313627,0.00010589156683616398
20.290400095355633,-0.00016750043316799752,0.00010590225224386558
20.29240009535563,-0.00029278415156818214,0.00010580413342235196
20.29440009535563,-0.0004180678699683667,0.00010570601460083835
20.29640009535563,-0.0003232667363631124,0.00010596390887171517
20.298400095355632,-0.0001339884576400743,0.00010637463101914577
20.30040009535563,5.5289821082627594e-05,0.00010678535316657568
20.30240009535563,0.00019535873417022556,0.00010768627188302275
20.304400095355632,0.0003143032449523939,0.00010879762024836323
20.30640009535563,0.00043324775573435096,0.00010990896861370172
20.30840009535563,0.0003267295323297441,0.00011061214784392649
20.31040009535563,0.00012342554403079126,0.00011114010981667059
20.312400095355628,-7.987844426816156e-05,0.00011166807178941472
20.31440009535563,-5.6210464309517435e-05,0.00011225433899318174
20.31640009535563,6.489117076128665e-05,0.00011286563524266744
20.318400095355628,0.00018599280583209073,0.00011347693149215313
20.32040009535563,4.8117414917977716e-05,0.00011346483395873575
20.32240009535563,-0.00020093065320788694,0.00011318512830240038
20.324400095355628,-0.00044997872133375154,0.00011290542264606499
20.326400095355627,-0.00036866986584634153,0.00011301356648153172
20.328400095355626,-0.00014554662334402915,0.00011328820489907766
20.33040009535563,7.757661915867961e-05,0.00011356284331662406
20.332400095355627,3.7504144802587684e-05,0.00011423189170880033
20.334400095355626,-0.00011555201845214397,0.00011507025096364591
20.33640009535563,-0.0002686081817071475,0.00011590861021849298
20.338400095355627,-0.0003364401128218908,0.00011687633701898752
20.340400095355626,-0.0003676872946080289,0.00011789959825035906
20.342400095355625,-0.000398934476394167,0.00011892285948173063
20.344400095355624,-0.0003705906255604526,0.00011905784554815906
20.346400095355627,-0.0003166657491609536,0.00011881151602556661
20.348400095355625,-0.00026274087276155034,0.00011856518650297459
20.350400095355624,-0.00027718165646769963,0.00011800461202594486
20.352400095355627,-0.00032097021011702796,0.00011730913958092264
20.354400095355626,-0.00036475876376627854,0.00011661366713590162
20.356400095355625,-0.00042212687960860323,0.0001176452284343454
20.358400095355623,-0.0004853243828365005,0.00011941816479153346
20.360400095355622,-0.0005485218860643977,0.0001211911011487215
20.362400095355625,-0.0004440754201982622,0.00012194547406539092
20.364400095355624,-0.00026766332347569064,0.00012226260154483433
20.366400095355623,-9.125122675311909e-05,0.00012257972902427776
20.368400095355625,-9.568016609732518e-05,0.00012333697817957338
20.370400095355624,-0.00017773993779743877,0.0001242831612891144
20.372400095355623,-0.0002597997094975524,0.00012522934439865543
20.37440009535562,-0.0002778397081289588,0.000125428852023248
20.37640009535562,-0.00026839751026643883,0.00012530782926463337
20.378400095355623,-0.0002589553124039021,0.00012518680650601852
20.380400095355622,-0.00029106207651087633,0.00012472250262503395
20.38240009535562,-0.000341004843838866,0.00012411083614065146
20.384400095355623,-0.0003909476111669444,0.00012349916965626788
20.386400095355622,-0.0002985137642294982,0.00012247987970233305
20.38840009535562,-0.00014496093993588782,0.00012128560644981402
20.39040009535562,8.591884357722482e-06,0.00012009133319729502
20.39240009535562,0.0001077134192950085,0.00011868885929782163
20.39440009535562,0.00018346886162210353,0.00011719700967978746
20.39640009535562,0.000259224303949064,0.00011570516006175597
20.39840009535562,0.0002428395495832027,0.00011575807958242862
20.40040009535562,0.00018690113661963691,0.00011647413282017196
20.40240009535562,0.0001309627236561705,0.00011719018605791405
20.40440009535562,0.00010166858330039836,0.00011709096274334219
20.406400095355618,8.381221528409612e-05,0.00011664175998904706
20.408400095355617,6.595584726779388e-05,0.00011619255723475195
20.41040009535562,-5.0759466256166495e-05,0.00011749130768864673
20.41240009535562,-0.0002099126526168382,0.00011954041427463403
20.414400095355617,-0.00036906583897750993,0.00012158952086062139
20.41640009535562,-0.00035466325412670456,0.0001215449336623305
20.41840009535562,-0.00026575715697388954,0.00012060157173863104
20.420400095355618,-0.00017685105982107456,0.00011965820981493158
20.422400095355616,-0.00011144212707197844,0.00011844455704208675
20.424400095355615,-5.611998937580467e-05,0.00011711487459207887
20.426400095355618,-7.978516795326162e-07,0.00011578519214206863
20.428400095355617,9.258468495026646e-06,0.000113879432369623
20.430400095355616,-1.1679350170947597e-07,0.00011172637575287263
20.432400095355618,-9.492055498462254e-06,0.00010957331913611845
20.434400095355617,7.631301165415224e-05,0.00010909105277757718
20.436400095355616,0.00020297682648289406,0.00010932601862646799
20.438400095355615,0.0003296406413116359,0.00010956098447535878
20.440400095355614,0.0002651741977483677,0.00010874684185956744
20.442400095355616,0.0001186598768569702,0.0001074823408162907
20.444400095355615,-2.7854444034167086e-05,0.00010621783977301622
20.446400095355614,-8.006160786224961e-05,0.00010571791234591635
20.448400095355616,-9.178484685735684e-05,0.00010554619904137539
20.450400095355615,-0.00010350808585244324,0.00010537448573683473
20.452400095355614,-1.7105320947200938e-05,0.00010518466648673263
20.454400095355613,0.0001114207184023592,0.00010498707476365037
20.45640009535561,0.0002399467577519193,0.00010478948304056813
20.458400095355614,0.00018054833848916123,0.00010475059571618542
20.460400095355613,4.047818887249386e-05,0.00010477983660966461
20.462400095355612,-9.959196074417355e-05,0.00010480907750314377
20.464400095355614,-4.756947800657423e-06,0.00010439275671685156
20.466400095355613,0.00019091756429144804,0.00010378516632993367
20.468400095355612,0.0003865920763835535,0.00010317757594301575
20.47040009535561,0.0003515311574639909,0.00010358533631708335
20.47240009535561,0.00021742069900640505,0.00010442896397388362
20.474400095355612,8.331024054858096e-05,0.00010527259163068539
20.47640009535561,-1.9226599713292747e-05,0.00010646382016643871
20.47840009535561,-0.00010820959296440495,0.00010780426597291889
20.480400095355613,-0.00019719258621567524,0.00010914471177940146
20.48240009535561,-0.0002606100846452065,0.00010977876986717402
20.48440009535561,-0.0003130528874785243,0.0001101095914934651
20.48640009535561,-0.00036549569031184205,0.00011044041311975616
20.48840009535561,-0.0003283347151007434,0.00011022250568329038
20.49040009535561,-0.00025270883564251713,0.00010976904109379814
20.49240009535561,-0.00017708295618442519,0.00010931557650430674
20.49440009535561,-0.00012280091444931955,0.00010962132929187255
20.49640009535561,-7.76813075363678e-05,0.00011025299721351596
20.49840009535561,-3.256170062349619e-05,0.00011088466513515829
20.50040009535561,-9.870546178908704e-05,0.00011046086823344974
20.502400095355608,-0.00021261211816869907,0.00010958398370163959
20.504400095355606,-0.00032651877454831105,0.00010870709916982944
20.50640009535561,-0.0003841077354340043,0.00010915160346516949
20.508400095355608,-0.00041752075621576807,0.00011016335073554175
20.510400095355607,-0.00045093377699753184,0.00011117509800591398
20.51240009535561,-0.0003444008191894843,0.00011081217821740826
20.514400095355608,-0.00017779214297202752,0.00010985914421505897
20.516400095355607,-1.1183466754570762e-05,0.0001089061102127097
20.518400095355606,-5.47704555008314e-05,0.00010941432296621056
20.520400095355605,-0.00018858981300454446,0.00011054981676350582
20.522400095355607,-0.0003224091705084953,0.00011168531056080309
20.524400095355606,-0.0002961212181666646,0.00011238325358727917
20.526400095355605,-0.00020110271603860142,0.00011289336568294512
20.528400095355607,-0.00010608421391036945,0.00011340347777861197
20.530400095355606,-7.888022916422982e-05,0.00011246510835086756
20.532400095355605,-8.078753013014379e-05,0.00011090493755809754
20.534400095355604,-8.269483109605777e-05,0.00010934476676532753
20.536400095355603,-0.00011742646730833154,0.00010927425469370358
20.538400095355605,-0.00016624887283014139,0.00010984322053479198
20.540400095355604,-0.0002150712783518645,0.00011041218637587934
20.542400095355603,-0.00018890605102746366,0.00010997213976960519
20.544400095355606,-0.00013055026877814801,0.00010909894613129473
20.546400095355605,-7.219448652893604e-05,0.00010822575249298584
20.548400095355603,-0.0001389504180733561,0.000107767967877667
20.550400095355602,-0.0002594140857012431,0.00010748850931589615
20.5524000953556,-0.00037987775332913007,0.00010720905075412529
20.554400095355604,-0.0002739997622459116,0.00010686920445982184
20.556400095355603,-7.095821060863116e-05,0.0001065034350228681
20.5584000953556,0.0001320833410286493,0.00010613766558591439
20.560400095355604,0.00021486929072850146,0.00010533624027487138
20.562400095355603,0.0002460321146750062,0.00010434779733129716
20.5644000953556,0.00027719493862151095,0.00010335935438772293
20.5664000953556,0.00027694863258901416,0.0001031934272728561
20.5684000953556,0.0002632190655541639,0.00010338058843532913
20.570400095355602,0.0002494894985192892,0.00010356774959780248
20.5724000953556,0.0002374960375135272,0.00010323559598967815
20.5744000953556,0.00022624784941530654,0.00010268051174107012
20.576400095355602,0.00021499966131706595,0.00010212542749246107
20.5784000953556,0.00016709769936306461,0.00010147201060541219
20.5804000953556,0.0001034610601796474,0.00010077638163037824
20.5824000953556,3.982442099623019e-05,0.00010008075265534432
20.584400095355598,5.2985969252547324e-05,0.00010013745511354296
20.5864000953556,9.911533266183544e-05,0.00010051711732445756
20.5884000953556,0.00014524469607104162,0.0001008967795353715
20.590400095355598,0.00015585680031727594,0.00010160095551696044
20.5924000953556,0.00015122210487768998,0.00010244443831932961
20.5944000953556,0.00014658740943811226,0.00010328792112169728
20.596400095355598,-8.751231678108377e-07,0.00010404493851103234
20.598400095355597,-0.00020965059895654682,0.00010476483814334101
20.600400095355596,-0.00041842607474528294,0.00010548473777564966
20.6024000953556,-0.00039794032838023484,0.00010578543674954157
20.604400095355597,-0.000279037618548944,0.00010590618180232525
20.606400095355596,-0.00016013490871765314,0.00010602692685510894
20.6084000953556,-0.0001755632033488658,0.00010582588661223088
20.610400095355597,-0.000248656946480036,0.00010548671077311265
20.612400095355596,-0.0003217506896112062,0.00010514753493399441
20.614400095355595,-0.00029970856381465846,0.00010489694155314196
20.616400095355594,-0.00023682662406075147,0.00010468437474582313
20.618400095355597,-0.0001739446843067327,0.00010447180793850391
20.620400095355595,-0.00012959987208765138,0.0001045313527487071
20.622400095355594,-9.321265716919511e-05,0.00010470770932864069
20.624400095355597,-5.682544225067419e-05,0.00010488406590857463
20.626400095355596,-8.538540701730465e-05,0.00010495453274387985
20.628400095355595,-0.00014182582763714037,0.00010497954334282907
20.630400095355593,-0.00019826624825697607,0.00010500455394177831
20.632400095355592,-0.00014629242256027644,0.00010533655390019448
20.634400095355595,-4.777863934584558e-05,0.00010580033793896396
20.636400095355594,5.0735143868410255e-05,0.0001062641219777326
20.638400095355593,3.417968291234353e-05,0.00010641990617410514
20.640400095355595,-3.1772592408491694e-05,0.00010644347249463365
20.642400095355594,-9.772486772920975e-05,0.00010646703881516215
20.644400095355593,-0.00013423125588960417,0.00010700453637280237
20.64640009535559,-0.00015809714038764048,0.00010776265386454545
20.64840009535559,-0.0001819630248856768,0.00010852077135628853
20.650400095355593,-0.00015354463069362247,0.00010835941833510352
20.652400095355592,-0.00010268168610704682,0.000107803355799304
20.65440009535559,-5.1818741520471136e-05,0.00010724729326350443
20.656400095355593,-0.00010377014984475868,0.00010740231121654364
20.658400095355592,-0.00019985762104233546,0.00010786258123094256
20.66040009535559,-0.00029594509223991225,0.00010832285124534147
20.66240009535559,-0.00020039661820477178,0.00010805480865471646
20.66440009535559,-2.2582809245561128e-05,0.00010747411657493136
20.66640009535559,0.00015523099971396544,0.00010689342449514523
20.66840009535559,0.00010055941180561719,0.00010732626351721737
20.67040009535559,-5.391334539045831e-05,0.00010819419046497307
20.67240009535559,-0.0002083861025868082,0.00010906211741273034
20.67440009535559,-0.00015594892710809873,0.00010924463392148231
20.67640009535559,-1.4689588780601472e-05,0.00010913291787772005
20.678400095355588,0.00012656974954689578,0.00010902120183395778
20.680400095355587,0.00029557567831390045,0.00010934267579518388
20.68240009535559,0.0004764926470612219,0.00010985010930627341
20.68440009535559,0.000657409615808222,0.00011035754281736205
20.686400095355587,0.0005204896351101949,0.00010944365723145031
20.68840009535559,0.0002471287792693455,0.00010791962854609493
20.69040009535559,-2.623207657101835e-05,0.00010639559986074226
20.692400095355588,-0.00016107678713545722,0.00010535831088327708
20.694400095355586,-0.00048764995293653306,0.0001000260654561964
20.696400095355585,-0.0005412155928600065,9.917496572771066e-05
20.698400095355588,-0.0004870790096645046,9.835168261186756e-05
20.700400095355587,-0.0003953222730815076,9.75995432357387e-05
20.702400095355586,-0.0003071931526025263,9.687285135628156e-05
20.704400095355588,-0.0002463902047699291,9.680385012873161e-05
20.706400095355587,-0.00016878203621548243,9.718200116636095e-05
20.708400095355586,-8.090881932501298e-05,9.76237702292548e-05
20.710400095355585,1.1722615800657032e-06,9.736426902045146e-05
20.712400095355584,6.685473296386238e-05,9.661366541194693e-05
20.714400095355586,0.00012723002334690748,9.578414157270408e-05
20.716400095355585,0.00011554141077540585,9.498211979244325e-05
20.718400095355584,6.950875486406641e-05,9.434235913292048e-05
20.720400095355586,2.0701257721983142e-05,9.375793680988519e-05
20.722400095355585,4.5558299414417664e-05,9.398406575106707e-05
20.724400095355584,7.117184321782102e-05,9.449669330348407e-05
20.726400095355583,8.296254865969303e-05,9.498181872952166e-05
20.728400095355582,-4.0414969928297165e-06,9.489815954090058e-05
20.730400095355584,-0.00011271411059952912,9.456277023718681e-05
20.732400095355583,-0.0002127013311371965,9.422398479543321e-05
20.734400095355582,-0.00030833445686001245,9.381621381215243e-05
20.736400095355584,-0.0004176487616118048,9.336732159170577e-05
20.738400095355583,-0.0005334731246060963,9.291345758667098e-05
20.740400095355582,-0.0004868838382659729,9.323994245167427e-05
20.74240009535558,-0.00035032564744803265,9.392217309812302e-05
20.74440009535558,-0.0002048980656750595,9.461323045959041e-05
20.746400095355582,-0.00019986169842585753,9.465675251964001e-05
20.74840009535558,-0.00024209263243712287,9.457897079346977e-05
20.75040009535558,-0.0002813986495128199,9.454580380600545e-05
20.752400095355583,-0.0002876021086746951,9.415668546743411e-05
20.75440009535558,-0.00029856240684292506,9.343097321237492e-05
20.75640009535558,-0.0003176254765564146,9.262912259358387e-05
20.75840009535558,-0.00030825520969065683,9.266752224055909e-05
20.76040009535558,-0.00025314311898889187,9.312951139477398e-05
20.76240009535558,-0.00018324542347650637,9.361956361085669e-05
20.76440009535558,-0.0002260372776091057,9.382875756528375e-05
20.76640009535558,-0.00033389753700891953,9.390487561767413e-05
20.76840009535558,-0.0004487580682576517,9.397563649223666e-05
20.77040009535558,-0.00042237098395521075,9.507098267986787e-05
20.77240009535558,-0.00035770595279256006,9.66078676946685e-05
20.774400095355578,-0.000303929903817359,9.814301887286854e-05
20.776400095355577,-0.00022935737687122573,9.902307455179105e-05
20.77840009535558,-0.00015219793122346747,9.968662255717474e-05
20.780400095355578,-7.679602873523136e-05,0.0001003763229638883
20.782400095355577,-0.0001759314503992109,0.0001003416643306011
20.78440009535558,-0.0003116208433839288,9.991984260033779e-05
20.786400095355578,-0.0004313258561424607,9.946648942192771e-05
20.788400095355577,-0.0004188415623305642,9.936851707627843e-05
20.790400095355576,-0.00037864913356812336,9.940561025899548e-05
20.792400095355575,-0.0003513335137997593,9.94345558208529e-05
20.794400095355577,-0.0003518959967491852,9.937422749168384e-05
20.796400095355576,-0.00035300369501391313,9.934498891210072e-05
20.798400095355575,-0.0003492924870728792,9.934397366218415e-05
20.800400095355577,-0.0004413336585934526,9.987579714318415e-05
20.802400095355576,-0.0005693846861076664,0.00010056417010666151
20.804400095355575,-0.0006943332284723551,0.00010121809881613745
20.806400095355574,-0.0006267470551290825,0.00010163431796026243
20.808400095355573,-0.0004925958028574433,0.00010201806799601841
20.810400095355575,-0.00036498854260450376,0.00010243149951062933
20.812400095355574,-0.00041684608813838576,0.00010390264222626922
20.814400095355573,-0.0005265799663055944,0.00010577064493877479
20.816400095355576,-0.0006262575818711918,0.00010760584205174181
20.818400095355575,-0.0004895810702644278,0.00010827749134048065
20.820400095355573,-0.0003024383184202319,0.00010845228324691655
20.822400095355572,-0.00013818057328532907,0.00010862649317004911
20.82440009535557,-0.00016805775653561694,0.00010764960876501702
20.826400095355574,-0.0002336526088205999,0.00010620460457868867
20.828400095355573,-0.00028029389417118803,0.00010476640827272482
20.83040009535557,-0.00037865521959978143,0.00010447132671890406
20.832400095355574,-0.0005113315317225404,0.00010462801942087771
20.834400095355573,-0.0006492520755378893,0.00010476615287849947
20.83640009535557,-0.0005871843127244107,0.00010345876122957494
20.83840009535557,-0.0004153441421261174,0.00010159135414999931
20.84040009535557,-0.00023470911630608715,9.973900887579942e-05
20.842400095355572,-0.00012692552307639828,9.913701640946412e-05
20.84440009535557,-6.870241648872099e-05,9.902165765021215e-05
20.84640009535557,-1.847435964531745e-05,9.888311100985214e-05
20.848400095355572,-9.527124318971877e-05,9.853448842829935e-05
20.85040009535557,-0.0002131401859774048,9.808907827710541e-05
20.85240009535557,-0.0003250077469619502,9.764065922966898e-05
20.85440009535557,-0.00031887961582783295,9.664710191791521e-05
20.856400095355568,-0.0002593261736196319,9.54439396949042e-05
20.85840009535557,-0.00019918470251821668,9.424942381745384e-05
20.86040009535557,-0.00029668579769966786,9.352565766731515e-05
20.862400095355568,-0.00048083205859294207,9.299203255808376e-05
20.86440009535557,-0.0006731258404369769,9.245305791074752e-05
20.86640009535557,-0.0006011453461267611,9.261923290984145e-05
20.868400095355568,-0.0004237660271623314,9.315382813278456e-05
20.870400095355567,-0.0002491100414438583,9.371649264114135e-05
20.872400095355566,-0.00020543322879029824,9.378739463069161e-05
20.87440009535557,-0.00019086802507151243,9.35904906433341e-05
20.876400095355567,-0.00016473088298830775,9.336983244862057e-05
20.878400095355566,-0.0002665842738843626,9.386548606517327e-05
20.88040009535557,-0.00043613475114107054,9.472241965374392e-05
20.882400095355568,-0.0006115873813412155,9.560288189835278e-05
20.884400095355566,-0.000555686867723699,9.578835698024568e-05
20.886400095355565,-0.0004315627240786263,9.557732743407433e-05
20.888400095355564,-0.0003228187631227393,9.532274910605368e-05
20.890400095355567,-0.0004096265064520961,9.460234121372766e-05
20.892400095355566,-0.0005465795107459868,9.373555803026965e-05
20.894400095355564,-0.0006694573107369846,9.289064787935475e-05
20.896400095355567,-0.0005899356526039198,9.287794479542671e-05
20.898400095355566,-0.00039405501860464954,9.325177474461695e-05
20.900400095355565,-0.0001857498667395504,9.363807771701342e-05
20.902400095355564,-9.72770621923566e-05,9.378951710514728e-05
20.904400095355562,-0.00013210876134613843,9.39127919812997e-05
20.906400095355565,-0.00019306572909232988,9.405949838139484e-05
20.908400095355564,-0.00025444667758465263,9.571165007274487e-05
20.910400095355563,-0.0002650838724867909,9.792572410832679e-05
20.912400095355565,-0.0002513934763592511,0.00010009551505979455
20.914400095355564,-0.0002913458098941362,0.00010131160027515389
20.916400095355563,-0.0003697487862335653,0.00010208045040673175
20.91840009535556,-0.00045407168764209654,0.00010282792156038205
20.92040009535556,-0.0004617546241592586,0.00010335288853627304
20.922400095355563,-0.0004493633405525613,0.0001038725412491121
20.924400095355562,-0.0004422227666293043,0.0001044306030785474
20.92640009535556,-0.00039347075803476765,0.00010466183113082209
20.928400095355563,-0.00030684353620326907,0.00010471734419113105
20.930400095355562,-0.00021182051172989906,0.00010475790686073578
20.93240009535556,-3.265532802109231e-05,0.00010441211899328483
20.93440009535556,0.00016465650988520142,0.00010392279414938221
20.93640009535556,0.00035516668920297786,0.00010344065870280091
20.93840009535556,0.00033124412751994406,0.00010325804475667053
20.94040009535556,0.00022720109634743435,0.00010318109705137319
20.94240009535556,0.00012822493492291897,0.00010309409046929911
20.94440009535556,5.242114533968343e-05,0.00010317876084906478
20.94640009535556,-1.075024907479803e-05,0.00010337042634342872
20.94840009535556,-7.326952411455873e-05,0.00010357530102336204
20.95040009535556,-0.00043242266623327684,0.0004442982641789573
20.952400095355557,-0.0002403105946295467,0.00045011760234017485
20.95440009535556,-5.869355037584345e-05,0.00045652833873265455
20.95640009535556,0.00012292349387753716,0.00046293907512512286
20.958400095355557,-0.00014991987029635065,0.0004650608322911634
20.96040009535556,-0.0006177365631985423,0.0004653425247538486
20.96240009535556,-0.0010855532560999032,0.0004656242172165333
20.964400095355558,-0.0005684731967279795,0.00046970360139249106
20.966400095355556,0.0003711488894440813,0.00047541227752213275
20.968400095355555,0.001310770975616142,0.0004811209536517745
20.970400095355558,0.0009716357796393465,0.0004852547638274566
20.972400095355557,8.38859602440064e-05,0.0004887129223338638
20.974400095355556,-0.0008038638591513338,0.0004921710808402711
20.976400095355558,-0.0011105883970667367,0.0004946455091085513
20.978400095355557,-0.0011680404498828113,0.0004966978957050755
20.980400095355556,-0.001225492502698886,0.0004987502823015998
20.982400095355555,-0.0007457660825950292,0.0005014458343864705
20.984400095355554,-3.5578383478951803e-05,0.0005044173184912064
20.986400095355556,0.000674609315638387,0.0005073888025959475
20.988400095355555,0.0007938897139586859,0.0005049511733412158
20.990400095355554,0.0006596579629887617,0.000500192916211915
20.992400095355556,0.000525426212018599,0.0004954346590826058
20.994400095355555,0.00013440226438151532,0.0004947138059147061
20.996400095355554,-0.00036679116278539133,0.0004957250875190157
20.998400095355553,-0.000867984589952298,0.0004967363691233252
21.000400095355552,-0.0014784874127713732,0.0004948136729217797
21.002400095355554,-0.002135886367474839,0.0004916322357921967
21.004400095355553,-0.0027932853221771365,0.0004884507986626194
21.006400095355552,-0.0025938881263303857,0.0004886480970279568
21.008400095355555,-0.0020269065154302924,0.0004902949473196438
21.010400095355553,-0.0014599249045312056,0.0004919417976113279
21.012400095355552,-0.0019974479717369082,0.0004903576702186346
21.01440009535555,-0.0030088279256216518,0.0004873873820818551
21.01640009535555,-0.004020207879506395,0.0004844170939450754
21.018400095355553,-0.003914647454329222,0.00048799675479798587
21.02040009535555,-0.003329894892787083,0.0004943864886935406
21.02240009535555,-0.0027451423312449437,0.0005007762225890952
21.024400095355553,-0.0024568687964816233,0.0005024789031489567
21.02640009535555,-0.0022957913399763575,0.000502170733871102
21.02840009535555,-0.002134713883471092,0.0005018625645932474
21.03040009535555,-0.0018668633368932085,0.0005049247885310044
21.03240009535555,-0.0015532047608102818,0.0005094329860915098
21.03440009535555,-0.0012395461847267983,0.0005139411836520231
21.03640009535555,-0.0014220261537072573,0.0005190035679204998
21.03840009535555,-0.0018173606154887891,0.0005243037106373293
21.04040009535555,-0.0022126950772710235,0.0005296038533541683
21.04240009535555,-0.0020270824853544324,0.0005291462524321912
21.04440009535555,-0.0015922306294513552,0.0005262184508652091
21.046400095355548,-0.0011573787735482783,0.0005232906492982268
21.048400095355547,-0.001539996221088842,0.0005224339314673422
21.05040009535555,-0.0022733263050339816,0.0005224657549360989
21.052400095355548,-0.0030066563889778186,0.0005224975784048556
21.054400095355547,-0.002577485559164538,0.0005241682083618897
21.05640009535555,-0.0016495757440816486,0.0005265419230867263
21.058400095355548,-0.0007216659290004077,0.0005289156378115583
21.060400095355547,-0.000228352788761904,0.0005346330478479407
21.062400095355546,7.850859995478445e-05,0.0005417849784029612
21.064400095355545,0.00038536998867147297,0.0005489369089579818
21.066400095355547,4.927586617317929e-08,0.0005552482036617003
21.068400095355546,-0.0006822331688006525,0.0005611988466269088
21.070400095355545,-0.001364515613467478,0.0005671494895921174
21.072400095355547,-0.0009973020557071189,0.0005734928396270502
21.074400095355546,-0.00017983098845704513,0.0005800046698722435
21.076400095355545,0.000637640078793029,0.0005865165001174369
21.078400095355544,0.0007139356132691168,0.0005921763743118486
21.080400095355543,0.00047225005002423146,0.0005974707400561585
21.082400095355545,0.00023056448677891681,0.0006027651058004779
21.084400095355544,-0.00020579304347366045,0.0006065799102737433
21.086400095355543,-0.000725669268975696,0.0006097599493578329
21.088400095355546,-0.0012455454944786549,0.0006129399884419281
21.090400095355545,-0.0013613780060455424,0.0006190480066190272
21.092400095355543,-0.0013038665661494501,0.000626412194483411
21.094400095355542,-0.001246355126253358,0.0006337763823477951
21.09640009535554,-0.0014382845406069136,0.0006352145467334532
21.098400095355544,-0.0017372297733192774,0.0006341103118233169
21.100400095355543,-0.0020361750060311104,0.0006330060769131825
21.10240009535554,-0.0020598924828652116,0.0006450615726067998
21.104400095355544,-0.0019655309574656524,0.0006627628937165555
21.106400095355543,-0.001871169432066261,0.0006804642148262797
21.10840009535554,-0.0017848975839640758,0.0006828436159509628
21.11040009535554,-0.0017020963928788915,0.0006786495621458212
21.11240009535554,-0.0016192952017937072,0.0006744555083406798
21.114400095355542,-0.001511093330499605,0.0006804810833804471
21.11640009535554,-0.0013919939837308273,0.0006908911140247143
21.11840009535554,-0.0012728946369620496,0.0007013011446689814
21.120400095355542,-0.0009293603122200057,0.0007066205043126
21.12240009535554,-0.0004895382128339309,0.0007097558488506799
21.12440009535554,-4.971611344785614e-05,0.0007128911933887599
21.12640009535554,4.0916970351300395e-06,0.000719327974595059
21.128400095355538,-0.00010770953349910303,0.0007271811483451588
21.13040009535554,-0.0002195107640335347,0.0007350343220952725
21.13240009535554,0.0001518029429140648,0.0007385167311947402
21.134400095355538,0.0007303841363987932,0.0007401239811279362
21.13640009535554,0.0013089653298845494,0.000741731231061135
21.13840009535554,0.0011058564373952813,0.0007459717435599472
21.140400095355538,0.0005673843695831499,0.0007513419867682945
21.142400095355537,2.8912301771018405e-05,0.0007567122299766416
21.144400095355536,-0.0002238437517911258,0.0007615384579375271
21.14640009535554,-0.0003540209938862395,0.0007661312907118435
21.148400095355537,-0.000484198235981122,0.0007707241234861518
21.150400095355536,0.00013072153689936653,0.0007716601365024703
21.15240009535554,0.0010653052883646652,0.0007710272886465708
21.154400095355538,0.001999889039828304,0.0007703944407906726
21.156400095355536,0.0018217493617894071,0.0007732285618917663
21.158400095355535,0.0011662253491713894,0.000777550093632969
21.160400095355534,0.0005107013365533714,0.0007818716253741716
21.162400095355537,-0.0003368707718954997,0.0007855435940100667
21.164400095355536,-0.0012668360082157732,0.0007889368848711695
21.166400095355534,-0.0021968012445360468,0.0007923301757322719
21.168400095355537,-0.0014057137091064088,0.0007989724019171003
21.170400095355536,0.00012374583718402152,0.0008070084975680433
21.172400095355535,0.0016532053834744519,0.0008150445932189863
21.174400095355534,0.0017929125244628681,0.0008211987013780885
21.176400095355532,0.0013363832093004643,0.0008265453926560437
21.178400095355535,0.0008798538941372497,0.0008318920839340082
21.180400095355534,0.00036755561053822944,0.0008398604673571335
21.182400095355533,-0.00016866887466639234,0.0008489536184883875
21.184400095355535,-0.0007048933598719665,0.0008580467696196579
21.186400095355534,-0.0006231269874107634,0.0008616709962995637
21.188400095355533,-0.0002762279416951215,0.0008629489252282548
21.190400095355532,7.06711040205204e-05,0.0008642268541569459
21.19240009535553,-1.7816807170925402e-05,0.0008627853464302629
21.194400095355533,-0.0002930960287555438,0.000860177136007666
21.196400095355532,-0.0005683752503396732,0.0008575689255850739
21.19840009535553,-0.0003981844291709158,0.0008641571995658202
21.200400095355533,-3.6876391384340766e-05,0.0008746909835318763
21.202400095355532,0.00032443164640159243,0.0008852247674979133
21.20440009535553,0.0014195198571145078,0.0008929341668450033
21.20640009535553,0.0028294172091956797,0.0008994318380348196
21.20840009535553,0.004239314561276852,0.000905929509224636
21.21040009535553,0.0035238177270074753,0.0009176686300894893
21.21240009535553,0.0018964761378464925,0.0009316564577706362
21.21440009535553,0.00026913454868551095,0.0009456442854517831
21.21640009535553,0.0007148568276781562,0.0009448737611794433
21.21840009535553,0.0020499730183923936,0.0009377715514360821
21.22040009535553,0.003385089209106631,0.000930669341692721
21.22240009535553,0.0024925102012387642,0.0009412786109655995
21.224400095355527,0.0006441966291058218,0.0009594865286939985
21.22640009535553,-0.001204116943030404,0.0009776944464224295
21.22840009535553,-0.002811534630444326,0.000991753235035263
21.230400095355527,-0.00431560220418791,0.0010040319477193325
21.23240009535553,-0.005819669777934166,0.001016310660403424
21.23440009535553,-0.005638414350211563,0.0010318730256749157
21.236400095355528,-0.0047341148339854824,0.001048844156856544
21.238400095355527,-0.0038298153177594016,0.0010658152880381724
21.240400095355525,-0.003829970208390342,0.001076659992784383
21.242400095355528,-0.0042181578338821865,0.0010848763129634787
21.244400095355527,-0.004606345459373341,0.00109309263314256
21.246400095355526,-0.005326110242203445,0.001100570169346757
21.248400095355528,-0.006188129633087118,0.0011077307493841861
21.250400095355527,-0.007050149023969261,0.0011148913294216024
21.252400095355526,-0.006563219126002591,0.0011238757915959386
21.254400095355525,-0.0054975573342966495,0.0011336427433507076
21.256400095355524,-0.0044318955425907075,0.0011434096951054773
21.258400095355526,-0.00450623900116678,0.0011561711989281746
21.260400095355525,-0.005069672364538945,0.0011702174382250388
21.262400095355524,-0.005633105727911109,0.001184263677521903
21.264400095355526,-0.005659136697476023,0.0012027217387811262
21.266400095355525,-0.005454608976031495,0.0012230725789120183
21.268400095355524,-0.005250081254586967,0.0012434234190429106
21.270400095355523,-0.004609989345056208,0.0012612004804245867
21.272400095355522,-0.003783029787226783,0.0012778733280181182
21.274400095355524,-0.0029560702293958893,0.001294546175611679
21.276400095355523,-0.0023714916149344192,0.0013259134419596626
21.278400095355522,-0.0018909003431893685,0.0013635849727345654
21.280400095355525,-0.0014103090714434636,0.0014012565035095353
21.282400095355523,-0.000409360253596667,0.001424767376527318
21.284400095355522,0.0008148346843721225,0.0014422029808642959
21.28640009535552,0.002039029622340912,0.0014596385852012736
21.28840009535552,0.002437542655959307,0.0014785971253831944
21.290400095355523,0.002481817904689739,0.0014982090423890783
21.29240009535552,0.002526093153420092,0.0015178209593949268
21.29440009535552,0.0014300785206517966,0.0015414279333742964
21.296400095355523,-0.0001551484949530407,0.0015667488849775437
21.29840009535552,-0.0017403755105550624,0.0015920698365807465
21.30040009535552,-0.002638975801595355,0.0016085949014060408
21.30240009535552,-0.003242996316754742,0.0016213463141682536
21.30440009535552,-0.0038470168319141287,0.001634097726930466
21.30640009535552,-0.003863368505968679,0.0016539503930946087
21.30840009535552,-0.0036275957420973276,0.0016768496722442806
21.31040009535552,-0.0033918229782259764,0.001699748951393953
21.31240009535552,-0.005728508812907009,0.0017204486717980025
21.31440009535552,-0.009168843017865098,0.0017402047270925532
21.31640009535552,-0.012609177222823184,0.0017599607823871044
21.318400095355518,-0.012211313284629956,0.0017808069689377256
21.320400095355517,-0.010166767198186977,0.0018021208488203922
21.32240009535552,-0.008122221111740366,0.0018234347287030966
21.324400095355518,-0.008331940277651748,0.0018324438646207713
21.326400095355517,-0.0095087952376901,0.0018361739597007793
21.32840009535552,-0.010685650197730545,0.0018399040547807941
21.330400095355518,-0.011885862221722884,0.0018736788431612946
21.332400095355517,-0.01309609500763572,0.001920343552943377
21.334400095355516,-0.014306327793548556,0.001967008262725459
21.336400095355515,-0.013060519551770065,0.0020070792541318746
21.338400095355517,-0.01076100843410343,0.0020443213758505655
21.340400095355516,-0.008461497316440879,0.00208156349756919
21.342400095355515,-0.00931449900168716,0.002141040361729196
21.344400095355518,-0.01152000749832525,0.0022100564863084017
21.346400095355516,-0.013725515994959421,0.002279072610887485
21.348400095355515,-0.01281901852367092,0.002331561930250194
21.350400095355514,-0.010577392520232546,0.0023769608360927792
21.352400095355513,-0.008335766516794173,0.0024223597419353645
21.354400095355516,-0.008844151544505546,0.002437008462664569
21.356400095355514,-0.010532360353087385,0.002438464581890678
21.358400095355513,-0.012220569161669224,0.002439920701116787
21.360400095355516,-0.013972521467150877,0.0024905409297136423
21.362400095355515,-0.015751821336692836,0.002562253798282983
21.364400095355514,-0.017531121206234797,0.002633966666852324
21.366400095355512,-0.014518503741589221,0.0026921830807947644
21.36840009535551,-0.00945003291260709,0.0027446091753897963
21.370400095355514,-0.004381562083615953,0.002797035269984921
21.372400095355513,-0.004429122693187425,0.0028585443862157696
21.37440009535551,-0.006671590062829385,0.0029239503482400356
21.376400095355514,-0.008914057432475326,0.0029893563102644173
21.378400095355513,-0.008391813448238932,0.0030713960464843247
21.380400095355512,-0.006683438286669096,0.00316057209302556
21.38240009535551,-0.004975063125099261,0.0032497481395667945
21.38440009535551,-0.005789155826278542,0.003341655057105759
21.386400095355512,-0.0076854512474777165,0.00343473358759798
21.38840009535551,-0.009581746668673525,0.0035278121180900364
21.39040009535551,-0.009308312773813457,0.0036776850700521563
21.392400095355512,-0.008104009830555021,0.0038519242729919915
21.39440009535551,-0.006899706887298723,0.004026163475931518
21.39640009535551,-0.0062327968711981385,0.0041924785988390195
21.39840009535551,-0.005796442114272984,0.004355394089497582
21.400400095355508,-0.00536008735734783,0.004518309580156144
21.40240009535551,-0.0022241550400895304,0.004318277817990189
21.40440009535551,0.0020699649828391977,0.003962532416695504
21.406400095355508,0.006364085005767926,0.0036067870154008175
21.40840009535551,0.005344892297750455,0.0033452455036371664
21.41040009535551,0.002046152472583584,0.003124119870946053
21.41240009535551,-0.0012525873525832858,0.00290299423825494
21.414400095355507,-0.0012415726758284455,0.0027438315015107244
21.416400095355506,0.00018941154760006816,0.002611252435917109
21.41840009535551,0.0016203957710311243,0.0024786733703232584
21.420400095355507,0.0006112154412441777,0.0023483105755644535
21.422400095355506,-0.0014448581800178169,0.0022188986179391516
21.42440009535551,-0.003500931801283464,0.00208948666031362
21.426400095355508,-0.004105845949830008,0.001990234570526316
21.428400095355506,-0.0040881753208813175,0.001903921840582124
21.430400095355505,-0.004070504691932627,0.0018176091106379315
21.432400095355504,-0.0025392111390758277,0.001747206672495875
21.434400095355507,-0.00035853429927274697,0.0016836301600340639
21.436400095355506,0.00182214254052646,0.0016200536475723655
21.438400095355505,0.0027848138777812827,0.001562091429243141
21.440400095355507,0.0032249293641409124,0.001506537888248564
21.442400095355506,0.003665044850499761,0.001450984347254086
21.444400095355505,0.003632833793508511,0.0014030133846550342
21.446400095355504,0.0033979824127427774,0.0013582955446313023
21.448400095355503,0.0031631310319770443,0.0013135777046075702
21.450400095355505,0.0033967722061545563,0.0012927783732953496
21.452400095355504,0.0038314088486990465,0.0012822407031566588
21.454400095355503,0.004266045491243537,0.0012717030330179678
21.456400095355505,0.002838571157174278,0.0012565863661515581
21.458400095355504,0.0006122027736574203,0.001239505190572133
21.460400095355503,-0.001614165609859438,0.0012224240149927078
21.462400095355502,-0.0020101976800908808,0.0011836881839856434
21.4644000953555,-0.0016209677605524475,0.0011356619413282923
21.466400095355503,-0.0012317378410133222,0.001087635698670856
21.468400095355502,-1.188941534529045e-05,0.0010473551337445257
21.4704000953555,0.0015643160454172826,0.0010103976668838599
21.472400095355503,0.003140521506182656,0.0009734402000231284
21.474400095355502,0.0032781363604999832,0.0009474928602358692
21.4764000953555,0.002798558191694758,0.0009262691531367104
21.4784000953555,0.002318980022889533,0.000905045446037552
21.4804000953555,0.0030464162146149687,0.0008767922289769209
21.4824000953555,0.004291693223090719,0.0008455231677814656
21.4844000953555,0.005536970231564257,0.0008142541065860659
21.4864000953555,0.0053222711409782585,0.0007912041749662611
21.4884000953555,0.004481203935704543,0.0007716804659331774
21.4904000953555,0.003640136730432322,0.0007521567569001283
21.4924000953555,0.0027526719327705955,0.0007379148006210776
21.4944000953555,0.001845301346173709,0.0007259388553592833
21.496400095355497,0.0009379307595768225,0.0007139629100974889
21.4984000953555,0.0007968262503127128,0.0006985497530722791
21.5004000953555,0.0009844701073190771,0.0006816619415045496
21.502400095355497,0.0011721139643254416,0.0006647741299368203
21.5044000953555,0.0010880239133762735,0.0006514384694094314
21.5064000953555,0.0008873528313320866,0.0006396267755964427
21.508400095355498,0.0006866817492878999,0.0006278150817834537
21.510400095355497,0.0009233796295899584,0.0006163470861563941
21.512400095355495,0.001347720381965074,0.0006050265461567025
21.514400095355498,0.0017720611343409439,0.0005937060061569907
21.516400095355497,0.001610765960936365,0.0005836316042526061
21.518400095355496,0.0011982174289191742,0.0005740918286714344
21.520400095355498,0.0007856688969012505,0.0005645520530902457
21.522400095355497,0.0006383998981106758,0.0005569946686171019
21.524400095355496,0.0006049428753848145,0.0005502877826599708
21.526400095355495,0.0005714858526589529,0.0005435808967028398
21.528400095355494,0.0008369325671222186,0.0005392669727489094
21.530400095355496,0.0012306169514571259,0.0005359796932734463
21.532400095355495,0.0016243013357913343,0.0005326924137979889
21.534400095355494,0.0012340264251554896,0.0005267151167637654
21.536400095355496,0.0005074120405307841,0.0005195837303571118
21.538400095355495,-0.00021920234409263106,0.0005124523439504708
21.540400095355494,-0.000530050009516597,0.0005063352343993513
21.542400095355493,-0.0006625226267824261,0.0005006532767605773
21.544400095355492,-0.0007949952440482551,0.0004949713191218033
21.546400095355494,-0.0005713837670437437,0.0004901656344117884
21.548400095355493,-0.00019500266607768628,0.00048573589428332897
21.550400095355492,0.00018137843488837103,0.00048130615415486967
21.552400095355495,0.00033792058824417485,0.00047764924856187266
21.554400095355494,0.000400145926926623,0.0004743239097474128
21.556400095355492,0.00046237126560907114,0.00047099857093295297
21.55840009535549,0.00042010785092956744,0.0004676106346216501
21.56040009535549,0.0003330159483199667,0.00046419584229913656
21.562400095355493,0.0002459240457102113,0.00046078104997661703
21.56440009535549,5.792197100736778e-05,0.0004581660622568943
21.56640009535549,-0.000173373289303343,0.00045589421228434183
21.568400095355493,-0.0004046685496144647,0.00045362236231178554
21.57040009535549,4.411692502334549e-05,0.0004510315349820858
21.57240009535549,0.0007846754145118791,0.0004483038577456306
21.57440009535549,0.0015252339040004127,0.00044557618050917536
21.57640009535549,0.0012569691144919226,0.00044362187933798047
21.57840009535549,0.0005558918205600045,0.0004419993774408818
21.58040009535549,-0.00014518547337066855,0.0004403768755437861
21.58240009535549,-0.00020319987988099645,0.00043777173119111877
21.58440009535549,1.4677139933707845e-05,0.00043474500656389103
21.58640009535549,0.00023255415974802508,0.0004317182819366687
21.58840009535549,0.00024510093425085126,0.000430214843706899
21.590400095355488,0.00016955545154808256,0.00042936493675265375
21.592400095355487,9.400996884531383e-05,0.00042851502979840867
21.59440009535549,-0.00019606170962261136,0.000424227817732752
21.596400095355488,-0.0005781709694593368,0.00041846590814704316
21.598400095355487,-0.0009602802292960625,0.0004127039985613342
21.60040009535549,-0.0008114854391753101,0.00040651506990747324
21.602400095355488,-0.00043491832228360764,0.00040014293841926176
21.604400095355487,-5.835120539190498e-05,0.00039377080693105024
21.606400095355486,-6.439820570016384e-05,0.00039215891077523044
21.608400095355485,-0.00023459712489818198,0.00039258928574598963
21.610400095355487,-0.00040479604409650246,0.0003930196607167494
21.612400095355486,-0.0003816272426519065,0.00039161701116056686
21.614400095355485,-0.0002754983911006367,0.00038942794386053077
21.616400095355488,-0.00016936953954917834,0.00038723887656049084
21.618400095355486,-8.999024987918185e-05,0.0003853406714149401
21.620400095355485,-2.2087256573919673e-05,0.00038356725411828855
21.622400095355484,4.581573673134252e-05,0.00038179383682163695
21.624400095355483,3.499668155428425e-05,0.0003774203025663274
21.626400095355486,-9.596297658295452e-06,0.00037193124661997004
21.628400095355484,-5.418927687079595e-05,0.00036644219067362237
21.630400095355483,-0.00010547347136805009,0.0003635593403896603
21.632400095355486,-0.0001596283816196419,0.0003617946241568966
21.634400095355485,-0.0002137832918711375,0.00036002990792413604
21.636400095355484,-3.999606921513372e-06,0.000355966617254357
21.638400095355482,0.0003190210230660853,0.0003509171746843906
21.64040009535548,0.0006420416530536839,0.00034586773211442423
21.642400095355484,0.0002892043230123965,0.0003424961688389677
21.644400095355483,-0.00035359476921776375,0.00033984446219871713
21.64640009535548,-0.000996393861447924,0.0003371927555584666
21.648400095355484,-0.00107808685349897,0.0003365834755169088
21.650400095355483,-0.0009190497759213299,0.0003368504530978546
21.652400095355482,-0.0007600126983436897,0.0003371174306788005
21.65440009535548,-0.0008067301469072443,0.0003342143232651025
21.65640009535548,-0.0009417220012144403,0.00032995116135196167
21.658400095355482,-0.0010767138555218764,0.0003256879994388133
21.66040009535548,-0.0010801626108739109,0.00032018783445175584
21.66240009535548,-0.001027175716672954,0.0003141569607271816
21.664400095355482,-0.0009741888224719028,0.0003081260870025967
21.66640009535548,-0.000664922481923641,0.0003035431933396976
21.66840009535548,-0.0002457051144359215,0.0002995815234894694
21.67040009535548,0.00017351225305179796,0.00029561985363924106
21.672400095355478,0.0003249714655960043,0.0002920008296986577
21.67440009535548,0.0003615549509544861,0.00028852881042370007
21.67640009535548,0.00039813843631290294,0.0002850567911487487
21.678400095355478,8.230789472272429e-05,0.00028091290200110784
21.68040009535548,-0.00038471812642222906,0.00027648076187639477
21.68240009535548,-0.0008517441475663526,0.00027204862175168957
21.68440009535548,-0.000883292048474464,0.0002687604198130212
21.686400095355477,-0.0007280076261434022,0.00026596299942917225
21.688400095355476,-0.0005727232038123406,0.0002631655790453233
21.69040009535548,-0.00047100628199964797,0.000261337533308585
21.692400095355477,-0.00039227132265374966,0.0002599253765257941
21.694400095355476,-0.00031353636330785136,0.00025851321974300313
21.69640009535548,-0.0005354973124376391,0.00025740002360096853
21.698400095355478,-0.0008864652690493437,0.00025641508998773045
21.700400095355477,-0.0012374332256610482,0.00025543015637449236
21.702400095355475,-0.0010403270304029742,0.00025415155384977755
21.704400095355474,-0.0006080815698785805,0.0002527469590814209
21.706400095355477,-0.00017583610935341908,0.00025134236431306175
21.708400095355476,-0.0002702654299270981,0.0002492348549294264
21.710400095355475,-0.0005906531103519599,0.00024682577531823496
21.712400095355477,-0.0009110407907773908,0.0002444166957070392
21.714400095355476,-0.0012204194215888425,0.0002438519872988522
21.716400095355475,-0.001525074858520104,0.00024407856633914922
21.718400095355474,-0.001829730295451365,0.00024430514537944617
21.720400095355473,-0.0017754006853928379,0.00024448687989061434
21.722400095355475,-0.0015670563104782744,0.0002446493748271353
21.724400095355474,-0.001358711935564081,0.00024481186976365595
21.726400095355473,-0.0010796110638000914,0.00024529634255648534
21.728400095355475,-0.0007701536446850734,0.00024591895299710785
21.730400095355474,-0.0004606962255706054,0.0002465415634377293
21.732400095355473,-0.0003722827802480158,0.0002480700964991478
21.734400095355472,-0.0003787034913424679,0.0002499872961505151
21.73640009535547,-0.00038512420243692,0.0002519044958018824
21.738400095355473,-0.00037882580366413714,0.0002516568608752032
21.740400095355472,-0.0003670705440520175,0.00025048045018072893
21.74240009535547,-0.0003553152844398978,0.0002493040394862547
21.744400095355473,-0.00045225051380074296,0.00024789559307371344
21.746400095355472,-0.0005958170682061818,0.00024638759670888986
21.74840009535547,-0.0007393836226116206,0.0002448796003440663
21.75040009535547,-0.000724271508439609,0.0002438129574426373
21.75240009535547,-0.0006410817035648361,0.00024293566780993013
21.75440009535547,-0.0005578918986899155,0.00024205837817722144
21.75640009535547,-0.00035628035357122183,0.0002404642010489879
21.75840009535547,-0.00010386248597864749,0.00023856245862742065
21.76040009535547,0.00014855538161437528,0.00023666071620585005
21.76240009535547,0.00011137345935118008,0.00023486482613584424
21.76440009535547,-5.005509286256686e-05,0.00023311434976575993
21.76640009535547,-0.00021148364507631378,0.0002313638733956756
21.768400095355467,-0.0003219753024099475,0.00023079675380565957
21.77040009535547,-0.00041061356572818163,0.00023073732833474268
21.77240009535547,-0.0004992518290462582,0.00023067790286382593
21.774400095355467,-0.00044989662657778546,0.00022925818457689834
21.77640009535547,-0.0003413382480849129,0.00022725486144627616
21.77840009535547,-0.00023277986959223317,0.00022525153831565753
21.780400095355468,-0.0003080755153981413,0.00022334245128886616
21.782400095355467,-0.0004622498490630108,0.00022147379427304244
21.784400095355466,-0.0006164241827278803,0.0002196051372572187
21.786400095355468,-0.000559843815101459,0.0002184887699144433
21.788400095355467,-0.00041284358081863747,0.00021769515661467583
21.790400095355466,-0.0002658433465358159,0.00021690154331490847
21.792400095355468,-0.00030881145948797055,0.00021631947602689656
21.794400095355467,-0.0004332815017108721,0.00021582816811190045
21.796400095355466,-0.0005577515439337738,0.0002153368601969044
21.798400095355465,-0.0005597985412603298,0.00021379090587052982
21.800400095355464,-0.000509322496038506,0.000211792477597071
21.802400095355466,-0.0004588464508165926,0.00020979404932360866
21.804400095355465,-0.00034968740714730545,0.0002085039022008119
21.806400095355464,-0.0002153516493262257,0.00020751762830435158
21.808400095355466,-8.101589150490731e-05,0.00020653135440788952
21.810400095355465,-0.000245074370051837,0.00020748560345439538
21.812400095355464,-0.0005371526758869972,0.0002092723934206963
21.814400095355463,-0.0008292309817221575,0.00021105918338699725
21.816400095355462,-0.0008792736963316765,0.00020859564673389761
21.818400095355464,-0.0008254760727036381,0.00020430859581355688
21.820400095355463,-0.0007716784490756954,0.0002000215448932238
21.822400095355462,-0.0006228809827873822,0.0001976674517973003
21.824400095355465,-0.0004333258040943171,0.0001961426541706183
21.826400095355464,-0.00024377062540158873,0.00019461785654393895
21.828400095355462,-0.00024251025586104864,0.0001942321748695832
21.83040009535546,-0.0003220338793910774,0.00019433520733245417
21.83240009535546,-0.0004015575029211062,0.0001944382397953251
21.834400095355463,-0.00044668740298888475,0.00019198258419769092
21.83640009535546,-0.0004770613855925135,0.0001884291762767803
21.83840009535546,-0.0005074353681961423,0.00018487576835586974
21.840400095355463,-0.00027269867865690187,0.00018419318274890125
21.842400095355462,7.577828930292328e-05,0.00018474226437979478
21.84440009535546,0.00042425525726274833,0.00018529134601068833
21.84640009535546,0.0002755984997882226,0.00018461971195028452
21.84840009535546,-8.634327901335431e-05,0.00018342435487747564
21.85040009535546,-0.00044828505781557414,0.00018222899780466462
21.85240009535546,-0.0006159505719241226,0.0001795109053673588
21.85440009535546,-0.0007002658318020454,0.00017613951449466593
21.85640009535546,-0.0007845810916801178,0.0001727681236219671
21.85840009535546,-0.000772393502641168,0.00017148280570112386
21.86040009535546,-0.0007188033366981552,0.00017109247478621698
21.862400095355458,-0.0006652131707551423,0.00017070214387131008
21.864400095355457,-0.0006305575033097599,0.00017038356953137779
21.86640009535546,-0.0006040252968429211,0.00017009578088861233
21.868400095355458,-0.0005774930903761295,0.0001698079922458474
21.870400095355457,-0.0005776698751538704,0.00016961240077104529
21.87240009535546,-0.0005893056101177429,0.00016945636461846808
21.87440009535546,-0.0006009413450815946,0.00016930032846589117
21.876400095355457,-0.0004290182194777539,0.00016947440389042926
21.878400095355456,-0.0001783428833809824,0.00016979010699955154
21.880400095355455,7.233245271578905e-05,0.0001701058101086738
21.882400095355457,3.952829035333696e-05,0.00017083417135701343
21.884400095355456,-0.00011489702304023471,0.000171739575242109
21.886400095355455,-0.0002693223364338064,0.0001726449791272045
21.888400095355458,-0.0003074622456398876,0.00017452430675910847
21.890400095355457,-0.0002957122455655222,0.00017682147674804078
21.892400095355455,-0.0002839622454911568,0.00017911864673697306
21.894400095355454,-0.00019012176200899458,0.00018166740435820867
21.896400095355453,-6.106200653883124e-05,0.00018432410059648097
21.898400095355456,6.799774893156139e-05,0.00018698079683475796
21.900400095355455,-4.243779550577826e-05,0.0001878654699526945
21.902400095355453,-0.0002556239975600985,0.00018798989207197966
21.904400095355456,-0.00046881019961479746,0.00018811431419126501
21.906400095355455,-0.0002816368963146991,0.00018926681656852295
21.908400095355454,7.730264866103007e-05,0.0001908603962268025
21.910400095355453,0.0004362421936367593,0.00019245397588508206
21.91240009535545,0.0004650537392062245,0.00019159741986498452
21.914400095355454,0.00035223044905695214,0.00018968968198536493
21.916400095355453,0.0002394071589078802,0.0001877819441057487
21.91840009535545,7.810024809749266e-05,0.00018751678686116608
21.920400095355454,-0.00010400759602424472,0.0001879563461740789
21.922400095355453,-0.0002861154401456586,0.00018839590548699094
21.924400095355452,-0.0002126833308198815,0.00019041313318317858
21.92640009535545,-2.961687246508455e-05,0.00019310722821009406
21.92840009535545,0.00015344958588971245,0.00019580132323700948
21.930400095355452,0.00013007351685767737,0.0001976117962292597
21.93240009535545,1.8127364729580547e-05,0.00019904316866491692
21.93440009535545,-9.381878739851629e-05,0.00020047454110057414
21.936400095355452,-0.00033275981027677815,0.00020013929764612498
21.93840009535545,-0.0006261854773487586,0.0001990461224922945
21.94040009535545,-0.000919611144420739,0.000197952947338464
21.94240009535545,-0.0006817731175179136,0.00019793123539969427
21.944400095355448,-0.0002160068541320725,0.0001983692136747203
21.94640009535545,0.00024975940925459615,0.00019880719194974712
21.94840009535545,0.00022995144817816133,0.00019870780911087786
21.950400095355448,1.8173928176408146e-06,0.00019837788202884584
21.95240009535545,-0.00022631666254328503,0.0001980479549468133
21.95440009535545,-0.0005442303394935196,0.0001987929849338725
21.95640009535545,-0.0009006622064368937,0.0001999992042185536
21.958400095355447,-0.0012570940733802678,0.0002012054235032347
21.960400095355446,-0.0012738026145708932,0.00020233291503259844
21.96240009535545,-0.0011447594918640325,0.00020342662995475884
21.964400095355447,-0.0010157163691574009,0.00020452034487691733
21.966400095355446,-0.000866008612653174,0.00020439610410968292
21.96840009535545,-0.0007074350971460286,0.00020374932315500374
21.970400095355448,-0.0005488615816391647,0.00020310254220032577
21.972400095355447,-0.0006367126746593631,0.00020336848239102583
21.974400095355445,-0.0008302874637332373,0.00020402600787644334
21.976400095355444,-0.0010238622528071113,0.00020468353336186088
21.978400095355447,-0.000967557881649813,0.00020752844917679776
21.980400095355446,-0.000804047692763727,0.00021131182247954484
21.982400095355445,-0.0006405375038776408,0.00021509519578229196
21.984400095355447,-0.000582385855554613,0.00021776294106959734
21.986400095355446,-0.000569436255642716,0.00021995204768846758
21.988400095355445,-0.0005564866557308188,0.00022214115430733793
21.990400095355444,-0.000684587892036859,0.00022071843226681724
21.992400095355443,-0.0008732042748555127,0.00021774612465585874
21.994400095355445,-0.0010618206576745014,0.00021477381704489493
21.996400095355444,-0.0008890314323751016,0.00021260522204257502
21.998400095355443,-0.0005611880675387498,0.00021078144450896121
22.000400095355445,-0.0002333447027018157,0.00020895766697534408
22.002400095355444,-0.00022616695114181302,0.00020846290657777698
22.004400095355443,-0.0003565646433486791,0.0002085383355447546
22.006400095355442,-0.00048696233555554523,0.00020861376451173226
22.00840009535544,-0.0006660059376288985,0.00020902638026880284
22.010400095355443,-0.0008659201388282531,0.0002095836595822928
22.012400095355442,-0.0010658343400272528,0.00021014093889578172
22.01440009535544,-0.0010672008366320051,0.00020954860940707975
22.016400095355444,-0.0009833842196795323,0.00020846306214311443
22.018400095355442,-0.0008995676027272083,0.00020737751487915094
22.02040009535544,-0.0007747615270154595,0.0002067716025869978
22.02240009535544,-0.0006323697020215905,0.00020637146857580948
22.02440009535544,-0.0004899778770277214,0.0002059713345646211
22.02640009535544,-0.0003223713991456036,0.00020979934354511544
22.02840009535544,-0.0001439470516850071,0.00021544135724927002
22.03040009535544,3.44772957755895e-05,0.00022108337095342454
22.03240009535544,9.688790019128972e-05,0.0002203743801772103
22.03440009535544,0.00010952499779081546,0.0002169406107972264
22.03640009535544,0.0001221620953903412,0.0002135068414172425
22.03840009535544,8.505425251198745e-05,0.00021047200035417246
22.040400095355437,2.6604279155943304e-05,0.00020760831197736622
22.04240009535544,-3.184569420020466e-05,0.00020474462360055485
22.04440009535544,-0.00019614675955668913,0.00020406575037634528
22.046400095355438,-0.0004058612493816944,0.00020432423108996485
22.04840009535544,-0.0006155757392070722,0.00020458271180358488
22.05040009535544,-0.0004909272657240974,0.00020558330504577064
22.052400095355438,-0.00022282662016461026,0.00020690228778030563
22.054400095355437,4.5274025394876835e-05,0.00020822127051484061
22.056400095355436,5.699304895519008e-05,0.00020948147935841334
22.058400095355438,-4.128367808294158e-05,0.00021071647236084652
22.060400095355437,-0.00013956040512089866,0.00021195146536327753
22.062400095355436,-0.00033637462771906435,0.00021469180961686482
22.06440009535544,-0.0005754645292334465,0.0002180779968136704
22.066400095355437,-0.0008145544307474038,0.0002214641840104699
22.068400095355436,-0.0006495111732268953,0.00022317511374654857
22.070400095355435,-0.00031108208228405854,0.0002241673053525563
22.072400095355434,2.734700865877806e-05,0.00022515949695856407
22.074400095355436,-4.088782374127387e-05,0.00022652250270890627
22.076400095355435,-0.00028359428869148464,0.00022804459940737484
22.078400095355434,-0.0005263007536416953,0.00022956669610584338
22.080400095355436,-0.00042137523667927826,0.00023097318574763956
22.082400095355435,-0.00016730463096497196,0.0002323300763144768
22.084400095355434,8.676597474933435e-05,0.00023368696688131398
22.086400095355433,0.00014812988869844566,0.00023416899625824025
22.088400095355432,0.00012681654132057127,0.00023427568253441287
22.090400095355434,0.00010550319394265901,0.00023438236881058574
22.092400095355433,-4.961742136699065e-05,0.00023478441646730948
22.094400095355432,-0.00026214559076810173,0.00023531318350701296
22.096400095355435,-0.00047467376016959025,0.0002358419505467174
22.098400095355434,-0.0004249783979120655,0.0002383735198748138
22.100400095355432,-0.0002627808249830316,0.00024176435489717095
22.10240009535543,-0.00010058325205399769,0.00024515518991952807
22.10440009535543,2.6296884525437e-05,0.00024629696592770866
22.106400095355433,0.00013802471904942923,0.0002464738241772382
22.10840009535543,0.000249752553573223,0.00024665068242676744
22.11040009535543,-3.6669775794296124e-06,0.0002478449888192246
22.112400095355433,-0.0004137463469931799,0.00024947581283851756
22.114400095355432,-0.0008238257164062015,0.00025110663685780766
22.11640009535543,-0.0009038542131189612,0.0002517011933440272
22.11840009535543,-0.0008422803661944498,0.0002518511580310569
22.12040009535543,-0.0007807065192699382,0.00025200112271808663
22.12240009535543,-0.0007512248043258765,0.00025308457523418813
22.12440009535543,-0.000735511638538112,0.00025456852383042076
22.12640009535543,-0.0007197984727503477,0.0002560524724266534
22.12840009535543,-0.0006002986040548374,0.0002565915780914867
22.13040009535543,-0.0004362709209096496,0.00025672531592445757
22.13240009535543,-0.0002722432377644617,0.0002568590537574284
22.134400095355428,-0.00014057927223496243,0.00025722762528527225
22.136400095355427,-2.2800378216469006e-05,0.0002576969479902592
22.13840009535543,9.497851580223359e-05,0.00025816627069524687
22.140400095355428,0.0002708378852763426,0.0002578866310221871
22.142400095355427,0.00047161564221043527,0.00025728566245877794
22.14440009535543,0.0006723933991448845,0.0002566846938953677
22.14640009535543,0.0005157354263519844,0.00025723953390244367
22.148400095355427,0.00020572603828511427,0.0002582902529314772
22.150400095355426,-0.0001042833497817559,0.00025934097196051066
22.152400095355425,-0.0003554180284519032,0.00025942386535689486
22.154400095355427,-0.0005812935615485906,0.0002590915304014836
22.156400095355426,-0.0008071690946448767,0.00025875919544607296
22.158400095355425,-0.0009031611675593632,0.00025823296011277905
22.160400095355428,-0.0009434290480446806,0.0002576235352651753
22.162400095355427,-0.0009836969285299266,0.0002570141104175726
22.164400095355425,-0.0011313481009226005,0.00025841012925358325
22.166400095355424,-0.0013250701737689463,0.00026066654820093376
22.168400095355423,-0.0015187922466152921,0.0002629229671482842
22.170400095355426,-0.0013475400565943424,0.00026176364890714496
22.172400095355425,-0.0010197021005635104,0.00025913886891002706
22.174400095355423,-0.0006918641445326782,0.0002565140889129091
22.176400095355426,-0.0005951491688608124,0.00025412784817803203
22.178400095355425,-0.0005975934411030964,0.0002518439485163204
22.180400095355424,-0.0006000377133453805,0.0002495600488546088
22.182400095355423,-0.0005535341947851349,0.00024986880294166085
22.18440009535542,-0.0004860304852530311,0.0002512898896377083
22.186400095355424,-0.0004185267757208075,0.0002527109763337583
22.188400095355423,-0.00032251786093890115,0.00025409762972712955
22.19040009535542,-0.0002142792863823724,0.0002554695101142039
22.192400095355424,-0.00010604071182565133,0.00025684139050128073
22.194400095355423,-7.582902635421145e-05,0.00025773201143313666
22.196400095355422,-7.909341715948339e-05,0.00025841615638702277
22.19840009535542,-8.235780796475532e-05,0.0002591003013409089
22.20040009535542,3.4991144689284416e-05,0.0002603767567142015
22.202400095355422,0.000204087155750997,0.0002619073325768991
22.20440009535542,0.00037318316681240923,0.00026343790843959394
22.20640009535542,0.000437820735909956,0.00026389935333813105
22.208400095355422,0.0004576422207058518,0.0002639021061241071
22.21040009535542,0.0004774637055017123,0.00026390485891008317
22.21240009535542,0.00020777870655467137,0.0002642887631170283
22.21440009535542,-0.000186114047627959,0.0002648361937562362
22.216400095355418,-0.0005800068018105896,0.0002653836243954441
22.21840009535542,-0.0006265549659095258,0.0002657002831095001
22.22040009535542,-0.0005240809159805222,0.00026591793310367474
22.222400095355418,-0.0004216068660515188,0.0002661355830978494
22.22440009535542,-0.0005896848348804358,0.0002695510610707353
22.22640009535542,-0.0008738385020224852,0.000274338512231688
22.22840009535542,-0.0011579921691645344,0.00027912596339264064
22.230400095355417,-0.0013101194032979775,0.0002803970182146524
22.232400095355416,-0.0014056029561912255,0.0002801594233761513
22.23440009535542,-0.0015010865090846431,0.0002799218285376497
22.236400095355418,-0.0015900826921434537,0.0002806792115958014
22.238400095355416,-0.0016762955798709472,0.00028186347294287343
22.24040009535542,-0.0017625084675985938,0.00028304773428994756
22.242400095355418,-0.00182290402345394,0.00028397806899515355
22.244400095355417,-0.0018722230922244183,0.0002847994607939795
22.246400095355416,-0.0019215421609948971,0.00028562085259280543
22.248400095355414,-0.0016652902186927068,0.0002875479560929158
22.250400095355417,-0.0012779382156017341,0.00028994944644911223
22.252400095355416,-0.0008905862125114497,0.00029235093680530437
22.254400095355415,-0.0010523965252859071,0.0002953272015678494
22.256400095355417,-0.0014498156468786224,0.0002985500635737057
22.258400095355416,-0.0018472347684706316,0.0003017729255795564
22.260400095355415,-0.0016795536994882738,0.00030536515780929757
22.262400095355414,-0.0012694259158581396,0.0003091158621095931
22.264400095355413,-0.0008592981322280055,0.00031286656640988863
22.266400095355415,-0.0009790931362345541,0.00031380560484596244
22.268400095355414,-0.001326242611129719,0.00031353834527071906
22.270400095355413,-0.001673392086024884,0.0003132710856954757
22.272400095355415,-0.0018463642399283373,0.0003152043422270357
22.274400095355414,-0.0019446085306519428,0.00031808169334918986
22.276400095355413,-0.0020428528213755487,0.00032095904447134403
22.278400095355412,-0.0018733544037978546,0.00032318942127982264
22.28040009535541,-0.0015889854459984116,0.0003251422245573805
22.282400095355413,-0.0013046164881984634,0.0003270950278349418
22.284400095355412,-0.001486978653529889,0.0003268366143919392
22.28640009535541,-0.0018695840420928727,0.0003256295152036657
22.288400095355414,-0.002252189430656536,0.00032442241601539015
22.290400095355412,-0.0023816936274870973,0.0003262776862082556
22.29240009535541,-0.0024026089554481157,0.00032944681519760674
22.29440009535541,-0.002423524283409134,0.0003326159441869578
22.29640009535541,-0.002257498229445042,0.00033460509413204827
22.29840009535541,-0.002011268065855292,0.0003360879935741935
22.30040009535541,-0.001765037902265979,0.00033757089301633615
22.30240009535541,-0.0015083834136644788,0.0003372702810025483
22.304400095355412,-0.0012472565401832976,0.00033620448278647795
22.30640009535541,-0.0009861296667025804,0.00033513868457040944
22.30840009535541,-0.0011698378778095802,0.00033579210414789274
22.31040009535541,-0.0015443952758584243,0.00033718312588276744
22.312400095355407,-0.001918952673907268,0.00033857414761764203
22.31440009535541,-0.0021469013047535133,0.0003399459707419059
22.31640009535541,-0.0023119498441681653,0.00034130955701658496
22.318400095355408,-0.002476998383582817,0.000342673143291264
22.32040009535541,-0.0023841941755918905,0.00034275697635336724
22.32240009535541,-0.0021807624539109146,0.00034229175218234445
22.324400095355408,-0.001977330732229939,0.0003418265280113217
22.326400095355407,-0.002109722498058008,0.00034323146995916847
22.328400095355406,-0.002386193869191107,0.00034543877626294595
22.330400095355408,-0.002662665240324697,0.00034764608256672734
22.332400095355407,-0.0024001368897323475,0.0003489176317520784
22.334400095355406,-0.0019063594464049788,0.0003497877095155821
22.33640009535541,-0.0014125820030767332,0.00035065778727908734
22.338400095355407,-0.0010586072698932074,0.00034789126886902933
22.340400095355406,-0.000764612630561447,0.00034356452763091046
22.342400095355405,-0.00047061799122968665,0.00033923778639279164
22.344400095355404,-0.0007769850382626072,0.00033917209003097903
22.346400095355406,-0.001340927598148381,0.0003409345263502292
22.348400095355405,-0.0019048701580331529,0.0003426969626694762
22.350400095355404,-0.0018504951440347136,0.00034319075505926126
22.352400095355407,-0.0015308408998945342,0.00034314025613476685
22.354400095355405,-0.0012111866557549225,0.0003430897572102725
22.356400095355404,-0.0009258423634137605,0.0003409014009429673
22.358400095355403,-0.0006552182069921354,0.00033779583118473036
22.360400095355402,-0.0003845940505705103,0.0003346902614264934
22.362400095355405,-0.0004949713797263475,0.00033364892986151724
22.364400095355403,-0.0007688113211977559,0.00033349322677907086
22.366400095355402,-0.0010426512626691643,0.00033333752369662443
22.368400095355405,-0.0009750114354844278,0.0003336843567452235
22.370400095355404,-0.0007608651402691198,0.00033424679493466785
22.372400095355403,-0.0005467188450538115,0.00033480923312411234
22.3744000953554,-0.0006184953084963801,0.0003348649235902003
22.3764000953554,-0.0008129424029534864,0.00033470320197170607
22.378400095355403,-0.0010073894974109382,0.0003345414803532115
22.3804000953554,-0.0012841978958214578,0.00033381981204546506
22.3824000953554,-0.001596342111599335,0.000332857907449594
22.384400095355403,-0.0019084863273777666,0.0003318960028537213
22.386400095355402,-0.0017210239996713291,0.00033122726275609706
22.3884000953554,-0.0013192133442904237,0.00033068430027438335
22.3904000953554,-0.0009174026889095184,0.00033014133779266954
22.3924000953554,-0.0008418049689468596,0.0003301038871020591
22.3944000953554,-0.0009061637943170711,0.0003302833183196329
22.3964000953554,-0.0009705226196871681,0.00033046274953720634
22.3984000953554,-0.001492495015154903,0.000331243316859658
22.4004000953554,-0.0022107993624400323,0.0003322817922348658
22.4024000953554,-0.002929103709723886,0.00033332026761007165
22.4044000953554,-0.0027467902240144618,0.00033436493493863484
22.406400095355398,-0.002178080681689966,0.0003354122588283633
22.408400095355397,-0.0016093711393654704,0.0003364595827180917
22.4104000953554,-0.0011040585801741624,0.00033773938563061103
22.412400095355398,-0.0006259455127412936,0.00033911893006001963
22.414400095355397,-0.00014783244530842477,0.00034049847448942817
22.4164000953554,-0.00021971705984399147,0.00034075729032215257
22.4184000953554,-0.000527569673715034,0.00034053527488334915
22.420400095355397,-0.0008354222875860766,0.0003403132594445458
22.422400095355396,-0.000529448422064065,0.0003428063751470498
22.424400095355395,3.9878233858602974e-05,0.00034646437601885114
22.426400095355397,0.0006092048897822823,0.000350122376890659
22.428400095355396,0.000566745938042307,0.0003507147983918847
22.430400095355395,0.0002618097678834862,0.000349991980149068
22.432400095355398,-4.312640227587645e-05,0.0003492691619062501
22.434400095355397,-0.0005861398237697012,0.00035181061162818173
22.436400095355395,-0.0012312966459465517,0.0003557525455576149
22.438400095355394,-0.0018764534681234024,0.000359694479487048
22.440400095355393,-0.0016826407789970804,0.00036204301105007745
22.442400095355396,-0.0011288810176033077,0.00036370791763150757
22.444400095355395,-0.0005751212562105182,0.0003653728242129347
22.446400095355393,-0.00044702358362981484,0.0003647058645382015
22.448400095355396,-0.0005015497604215545,0.0003630384530893598
22.450400095355395,-0.0005560759372131974,0.0003613710416405211
22.452400095355394,-0.0009678652456427371,0.0003631946727495882
22.454400095355393,-0.0015329328895212619,0.00036651608279208216
22.45640009535539,-0.0020980005333997858,0.0003698374928345762
22.458400095355394,-0.0021975945731760715,0.00037142627956736525
22.460400095355393,-0.002097484188481254,0.0003722717104195159
22.46240009535539,-0.001997373803786437,0.00037311714127166674
22.464400095355394,-0.0018339720197625216,0.0003728800849874699
22.466400095355393,-0.001643416012740272,0.0003721786038777011
22.468400095355392,-0.0014528600057180227,0.0003714771227679323
22.47040009535539,-0.0018439489325634472,0.0003704811448360082
22.47240009535539,-0.0024845839014966727,0.00036935881745599777
22.474400095355392,-0.003125218870431036,0.00036823649007598536
22.47640009535539,-0.0028326547831057543,0.00036894774018536694
22.47840009535539,-0.002139715576330971,0.0003704456593354124
22.480400095355392,-0.001446776369554957,0.0003719435784854605
22.48240009535539,-0.0010710192833771185,0.0003700733349920674
22.48440009535539,-0.0008313444663915539,0.0003667580314345537
22.48640009535539,-0.0005916696494059893,0.00036344272787703995
22.488400095355388,-0.0006881888630770509,0.0003630495723031654
22.49040009535539,-0.0009289471409603821,0.0003639101209959191
22.49240009535539,-0.0011697054188432856,0.00036477066968867126
22.494400095355388,-0.0010194389124639712,0.0003652667152045359
22.49640009535539,-0.000701408999171253,0.00036560637601731736
22.49840009535539,-0.00038337908587909983,0.0003659460368300983
22.50040009535539,-0.000574247278049925,0.0003632797399157306
22.502400095355387,-0.0009834507113006279,0.00035932378108675267
22.504400095355386,-0.0013926541445513307,0.0003553678222577747
22.50640009535539,-0.0017807159196069297,0.00035452451227509387
22.508400095355388,-0.0021597071762959304,0.0003550166386269492
22.510400095355386,-0.0025386984329849316,0.00035550876497880457
22.51240009535539,-0.0025033298406904026,0.0003557246464189221
22.514400095355388,-0.0022901862105062717,0.00035582200901660907
22.516400095355387,-0.002077042580322141,0.00035591937161429604
22.518400095355386,-0.0019674091325024676,0.0003543453280739191
22.520400095355384,-0.0019021852212752859,0.000352054192066369
22.522400095355387,-0.0018369613100479882,0.0003497630560588149
22.524400095355386,-0.00193311118539411,0.00034670390549226826
22.526400095355385,-0.002098496142794171,0.00034331524942089416
22.528400095355387,-0.0022638811001945256,0.00033992659334951405
22.530400095355386,-0.0021715098926713113,0.00034031700324266804
22.532400095355385,-0.0019685521281705156,0.00034232876676564786
22.534400095355384,-0.0017655943636697199,0.0003443405302886277
22.536400095355383,-0.0015686550024618104,0.00034223806672974047
22.538400095355385,-0.0013742977505174447,0.00033837045328891877
22.540400095355384,-0.001179940498573424,0.0003345028398481039
22.542400095355383,-0.0010818292502404528,0.00033347128575918054
22.544400095355385,-0.0010250109688766343,0.000333656502245104
22.546400095355384,-0.0009681926875129169,0.00033384171873102715
22.548400095355383,-0.0011185989550593308,0.00033425644496435476
22.550400095355382,-0.0013579119532178491,0.00033476963907416057
22.55240009535538,-0.0015972249513763672,0.0003352828331839664
22.554400095355383,-0.0013278083900479117,0.0003352152822240536
22.556400095355382,-0.0008401286559857175,0.000334898570862307
22.55840009535538,-0.0003524489219235232,0.0003345818595005603
22.560400095355384,-0.000526850704856604,0.0003349335930665521
22.562400095355382,-0.0009853091692838094,0.0003355721134451352
22.56440009535538,-0.0014437676337110148,0.0003362106338237184
22.56640009535538,-0.0017924573160743422,0.00033839767869965094
22.56840009535538,-0.002094052254007584,0.00034124909612372715
22.57040009535538,-0.002395647191941362,0.00034410051354780846
22.57240009535538,-0.002078571616451982,0.00034390840583402906
22.57440009535538,-0.0014960641687565151,0.0003424105165161158
22.576400095355382,-0.0009135567210600134,0.0003409126271981999
22.57840009535538,-0.0008757112294487354,0.000339374143090214
22.58040009535538,-0.0010715453096441698,0.0003378182423570058
22.58240009535538,-0.001267379389839604,0.0003362623416237978
22.584400095355377,-0.0012969808482146581,0.00033788787365389135
22.58640009535538,-0.001255262523235504,0.0003408783549517674
22.58840009535538,-0.0012135441982564236,0.0003438688362496381
22.590400095355378,-0.0013355608127836797,0.00034425325235145585
22.59240009535538,-0.0015278256236920828,0.00034351957246089897
22.59440009535538,-0.0017200904346001446,0.00034278589257034345
22.596400095355378,-0.0018919638110520371,0.0003448793831306042
22.598400095355377,-0.0020550885253412775,0.0003481858319652616
22.600400095355376,-0.0022182132396305174,0.000351492280799919
22.602400095355378,-0.002077607774642523,0.0003521551933921246
22.604400095355377,-0.0018066910722259074,0.0003516839332795879
22.606400095355376,-0.0015357743698092919,0.0003512126731670512
22.60840009535538,-0.0010807617884025502,0.000353218064477168
22.610400095355377,-0.0005467654035714267,0.0003562860289974652
22.612400095355376,-1.276901874030286e-05,0.0003593539935177624
22.614400095355375,-0.00024751960992730406,0.000359920940840673
22.616400095355374,-0.0008120905529197464,0.00035941486101987233
22.618400095355376,-0.0013766614959131913,0.0003589087811990707
22.620400095355375,-0.0018502704509410816,0.00036244304681138875
22.622400095355374,-0.002284853407127862,0.0003677107674604636
22.624400095355377,-0.002719436363315416,0.00037297848810954794
22.626400095355375,-0.0022923858526312556,0.0003758843555740874
22.628400095355374,-0.0014956632227932174,0.000377776902055369
22.630400095355373,-0.0006989405929551796,0.00037966944853665065
22.632400095355372,-0.0005550214967218854,0.00037786068761208835
22.634400095355375,-0.0006911789120137913,0.0003744639308925433
22.636400095355373,-0.0008273363273054553,0.00037106717417300424
22.638400095355372,-0.0010108560421671112,0.00037223073849534016
22.640400095355375,-0.001214695912489381,0.00037535084701762297
22.642400095355374,-0.0014185357828112883,0.00037847095553990013
22.644400095355373,-0.0010319127137183972,0.00037971228138481496
22.64640009535537,-0.00039195945752284567,0.00038014754077676457
22.64840009535537,0.00024799379867270583,0.00038058280016871424
22.650400095355373,0.0001965905667767567,0.00037912058782933365
22.65240009535537,-0.00015142990988023072,0.000376844290648556
22.65440009535537,-0.0004994503865372181,0.0003745679934677782
22.656400095355373,-0.000865121921837856,0.0003748128097259811
22.658400095355372,-0.001238366408461634,0.0003761392760846844
22.66040009535537,-0.001611610895085412,0.0003774657424433876
22.66240009535537,-0.0018412416208632662,0.0003789959786058797
22.66440009535537,-0.002009256770074561,0.0003806136394961509
22.66640009535537,-0.0021772719192861543,0.0003822313003864249
22.66840009535537,-0.0023381305121747235,0.0003787676036751305
22.67040009535537,-0.0024959186792476136,0.00037312381770652136
22.67240009535537,-0.0026537068463207843,0.0003674800317379022
22.67440009535537,-0.0024859382705201263,0.0003648978891328581
22.67640009535537,-0.0021784938636669584,0.00036362930427328655
22.678400095355368,-0.00187104945681379,0.00036236071941371495
22.680400095355367,-0.0016004520826086864,0.0003644526595980638
22.68240009535537,-0.001345663444233352,0.00036798638895381837
22.684400095355368,-0.0010908748058584702,0.0003715201183095667
22.686400095355367,-0.001301058774191845,0.0003687183134607677
22.68840009535537,-0.001710733162563906,0.00036319833046254574
22.69040009535537,-0.0021204075509352388,0.0003576783474643337
22.692400095355367,-0.0024439105773415054,0.00035791293906053864
22.694400095355366,-0.0027304429025075453,0.00036061645598463874
22.696400095355365,-0.003016975227673585,0.000363319972908739
22.698400095355368,-0.0028241732770964995,0.0003626834002108126
22.700400095355366,-0.002425719169026521,0.00036061380535747003
22.702400095355365,-0.0020272650609565418,0.0003585442105041275
22.704400095355368,-0.0016334903900607578,0.0003568450656878976
22.706400095355367,-0.0012417233712761488,0.00035530485767775317
22.708400095355366,-0.0008499563524915397,0.0003537646496676087
22.710400095355364,-0.0009734675027195324,0.00035267928459755955
22.712400095355363,-0.0013180521267953643,0.0003517890640433643
22.714400095355366,-0.0016626367508718078,0.00035089884348916744
22.716400095355365,-0.001553766716491771,0.0003490296646478006
22.718400095355364,-0.001250347766500974,0.00034674047628696837
22.720400095355366,-0.0009469288165096379,0.00034445128792613195
22.722400095355365,-0.0012552676746646642,0.00034244313600750094
22.724400095355364,-0.0018260734206229125,0.0003405555591912417
22.726400095355363,-0.002396879166581161,0.00033866798237498243
22.72840009535536,-0.0023725856138738224,0.0003389594573552564
22.730400095355364,-0.0020929722627720405,0.00034018582684242977
22.732400095355363,-0.001813358911670755,0.00034141219632960094
22.73440009535536,-0.0017333094376294422,0.00034181176801289864
22.736400095355364,-0.0017388803218999617,0.0003418566125518755
22.738400095355363,-0.0017444512061704713,0.0003419014570908524
22.740400095355362,-0.0014813118875688235,0.00033999107586713017
22.74240009535536,-0.0011028858394929427,0.0003372418296462625
22.74440009535536,-0.0007244597914170617,0.00033449258342539473
22.746400095355362,-0.0005037103588538405,0.0003339285953823814
22.74840009535536,-0.00035061010142155877,0.0003343021649645007
22.75040009535536,-0.00019750984398927702,0.0003346757345466199
22.752400095355362,-0.0004523841214150011,0.0003386971673606003
22.75440009535536,-0.000882294780064186,0.0003442836703560408
22.75640009535536,-0.001312205438713371,0.00034987017335148113
22.75840009535536,-0.0008903617326475001,0.00034999612028954193
22.760400095355358,-0.00010308340393379669,0.0003477792835273473
22.76240009535536,0.0006841949247813053,0.00034556244676514885
22.76440009535536,0.0003679453272381264,0.00034467021255730514
22.76640009535536,-0.00042175926869021847,0.00034434628268078767
22.76840009535536,-0.0012114638646199662,0.00034402235280426967
22.77040009535536,-0.0012386507222144588,0.00034654313358878526
22.77240009535536,-0.0009386887412595977,0.00035028440242489616
22.774400095355357,-0.0006387267603047365,0.00035402567126100696
22.776400095355356,-0.000560257770744438,0.0003554682358532769
22.77840009535536,-0.0005768176313123141,0.0003559245695959775
22.780400095355358,-0.0005933774918801609,0.00035638090333867735
22.782400095355356,-0.0007645310513448506,0.00035639635659319576
22.78440009535536,-0.0010020111486122821,0.0003562226554606054
22.786400095355358,-0.001239491245879292,0.0003560489543280154
22.788400095355357,-0.0016494057449971838,0.00036072756805134373
22.790400095355356,-0.002133301126738197,0.0003674880084400759
22.792400095355354,-0.0026171965084792106,0.0003742484488288081
22.794400095355357,-0.0022832254928659822,0.00037605722610023875
22.796400095355356,-0.001598358804434692,0.0003757415522794829
22.798400095355355,-0.0009134921160034021,0.000375425878458727
22.800400095355357,-0.0010794532069771919,0.0003767814140168071
22.802400095355356,-0.0016104516978608092,0.0003788539618082906
22.804400095355355,-0.002141450188744427,0.0003809265095997741
22.806400095355354,-0.0019849572964767857,0.0003841691578985328
22.808400095355353,-0.0015335044790736859,0.0003879138237737809
22.810400095355355,-0.0010820516616697837,0.0003916584896490355
22.812400095355354,-0.0008397305256201356,0.00039515183075902684
22.814400095355353,-0.0006871348381269916,0.0003985373439820616
22.816400095355355,-0.0005345391506335762,0.00040192285720510234
22.818400095355354,-0.0008968717154891697,0.0003991444087744767
22.820400095355353,-0.0014801281205419265,0.00039372138593344854
22.822400095355352,-0.002063384525594683,0.00038829836309242047
22.82440009535535,-0.002129285376941249,0.00038868689718376967
22.826400095355353,-0.0019732209557715903,0.00039156881094215594
22.828400095355352,-0.0018171565346022094,0.0003944507247005372
22.83040009535535,-0.0013923517551644793,0.00039466193372424867
22.832400095355354,-0.0008522470937863082,0.0003937273083724044
22.834400095355353,-0.00031214243240909666,0.00039279268302056176
22.83640009535535,-0.0002071763194131681,0.0003965897436415138
22.83840009535535,-0.00028890129295855953,0.00040241687858872234
22.84040009535535,-0.0003706262665039509,0.0004082440135359309
22.84240009535535,-0.0006801444200242686,0.00041320658522553535
22.84440009535535,-0.0010873945757154178,0.0004177982261516206
22.84640009535535,-0.0014946447314065667,0.0004223898670777059
22.848400095355352,-0.0017354546957616332,0.000420236892124658
22.85040009535535,-0.0019048554319648166,0.00041519021817836455
22.85240009535535,-0.0020742561681679995,0.00041014354423207105
22.85440009535535,-0.002180197431487953,0.0004069685245618534
22.856400095355347,-0.002258912142713607,0.0004045965164884049
22.85840009535535,-0.002337626853939401,0.0004022245084149523
22.86040009535535,-0.002543628973799362,0.0004019644389846914
22.862400095355348,-0.00280424228935321,0.00040261047248930877
22.86440009535535,-0.0030648556049075212,0.00040325650599392737
22.86640009535535,-0.002738818840623866,0.00040317550275624877
22.868400095355348,-0.0021610865894562334,0.0004027825727446311
22.870400095355347,-0.0015833543382886013,0.0004023896427330134
22.872400095355346,-0.0015292040815876723,0.00040056303042865926
22.874400095355348,-0.0016996907011246857,0.00039812131310701393
22.876400095355347,-0.001870177320661396,0.0003956795957853729
22.878400095355346,-0.0021197164548686365,0.00039405539440564934
22.88040009535535,-0.002403172172049355,0.0003927819389495838
22.882400095355347,-0.0026866278892295706,0.00039150848349352044
22.884400095355346,-0.0023899679289625564,0.0003965210814759075
22.886400095355345,-0.0018444158995156179,0.0004042306395786557
22.888400095355344,-0.0012988638700686796,0.0004119401976814041
22.890400095355346,-0.0011353565426017293,0.00041279501607287316
22.892400095355345,-0.0011357611932022115,0.00041070888556650893
22.894400095355344,-0.0011361658438026937,0.0004086227550601447
22.896400095355347,-0.0012872562931342268,0.00040703884280309844
22.898400095355345,-0.0015029967959133775,0.00040567040165836
22.900400095355344,-0.0017187372986925283,0.0004043019605136216
22.902400095355343,-0.00210245960074621,0.00040308402920526083
22.904400095355342,-0.0025582526204172475,0.00040193067246368684
22.906400095355345,-0.0030140456400890945,0.00040077731572211084
22.908400095355343,-0.002825323726092739,0.0003976819248140269
22.910400095355342,-0.002360079833223348,0.0003937533257012754
22.912400095355345,-0.0018948359403531307,0.0003898247265885171
22.914400095355344,-0.0019863808679357283,0.00039172642984091504
22.916400095355343,-0.002316809888829709,0.00039612955992350584
22.91840009535534,-0.0026472389097236897,0.0004005326900060965
22.92040009535534,-0.0026727125067452437,0.00040216032569957553
22.922400095355343,-0.002567348331349101,0.0004025971660347784
22.92440009535534,-0.0024619841559531458,0.0004030340063699805
22.92640009535534,-0.0021479475238169957,0.00040362572788277967
22.928400095355343,-0.001744382256814925,0.0004042838994705598
22.930400095355342,-0.0013408169898135713,0.0004049420710583388
22.93240009535534,-0.0015529450249840394,0.0004044909443558108
22.93440009535534,-0.002029229569075631,0.0004035638852975368
22.93640009535534,-0.0025055141131672225,0.00040263682623926293
22.93840009535534,-0.002962911731274266,0.000407203017679771
22.94040009535534,-0.0034122061183817615,0.0004141260287403607
22.94240009535534,-0.0038615005054892567,0.00042104903980095057
22.94440009535534,-0.003602676249660578,0.00042720631918474034
22.94640009535534,-0.003040041323168739,0.000433035069646705
22.94840009535534,-0.0024774063966769002,0.0004388638201086695
22.950400095355338,-0.00268946666877971,0.00044062870066309
22.952400095355337,-0.0032339016063525922,0.0004406500214233046
22.95440009535534,-0.003778336543926442,0.0004406713421835193
22.956400095355338,-0.0040312125813443305,0.00044516242880879634
22.958400095355337,-0.004158998384425068,0.00045157122077318533
22.96040009535534,-0.0042867841875060325,0.00045798001273758576
22.96240009535534,-0.00379842510318574,0.00045791347692667974
22.964400095355337,-0.003045715598157401,0.00045506877049937506
22.966400095355336,-0.0022930060931290615,0.0004522240640720705
22.968400095355335,-0.002061293740506016,0.00045359844301427055
22.970400095355338,-0.002053109711071511,0.00045678297595382663
22.972400095355336,-0.0020449256816370207,0.0004599675088933772
22.974400095355335,-0.0025777349411143504,0.000464326498087555
22.976400095355338,-0.0033426516836726127,0.0004691893753905883
22.978400095355337,-0.004107568426229516,0.0004740522526936128
22.980400095355336,-0.0038243654401797444,0.00048083419361868014
22.982400095355334,-0.0030914776477616625,0.0004884394887176393
22.984400095355333,-0.0023585898553435806,0.0004960447838165984
22.986400095355336,-0.001967875446633596,0.0004988620186616553
22.988400095355335,-0.0017239669673387345,0.0004996249860822562
22.990400095355334,-0.0014800584880438727,0.0005003879535028571
22.992400095355336,-0.001799975182650641,0.0004998571933513246
22.994400095355335,-0.0023617952306343956,0.0004987713727793963
22.996400095355334,-0.0029236152786181503,0.0004976855522074679
22.998400095355333,-0.0026066701202182322,0.0005145922768240087
23.00040009535533,-0.0019126998013967228,0.0005392185176284874
23.002400095355334,-0.001218729482573981,0.0005638447584330098
23.004400095355333,-0.0006707943562040055,0.0005620292845614299
23.006400095355332,-0.00018551413275433044,0.0005488692639524286
23.008400095355334,0.0002997660906962067,0.0005357092433434039
23.010400095355333,-0.00010017425960428541,0.0005341476434930426
23.012400095355332,-0.0008799094734886651,0.0005375622278395247
23.01440009535533,-0.0016596446873730442,0.0005409768121860067
23.01640009535533,-0.0022535591315635565,0.0005465412450003924
23.018400095355332,-0.0027677490588033735,0.0005530280484997519
23.02040009535533,-0.003281938986042277,0.0005595148519990998
23.02240009535533,-0.0034216442358059166,0.0005588676266542738
23.024400095355332,-0.003400680612159114,0.0005551596181954339
23.02640009535533,-0.0033797169885123484,0.0005514516097366006
23.02840009535533,-0.0034880314259968636,0.0005508921638847078
23.03040009535533,-0.003651811318454875,0.0005516835772271613
23.032400095355328,-0.0038155912109128862,0.000552474990569615
23.03440009535533,-0.0037190855384988467,0.0005561373424615327
23.03640009535533,-0.003510906942277722,0.0005610314418844556
23.03840009535533,-0.003302728346056597,0.0005659255413073784
23.04040009535533,-0.0024310792307470973,0.0005654888580490065
23.04240009535533,-0.0012747746757139685,0.0005627650554016508
23.04440009535533,-0.00011847012068083973,0.0005600412527542952
23.046400095355327,-0.00042584195319671236,0.0005587032993309188
23.048400095355326,-0.0013611896873427965,0.0005579599308331143
23.05040009535533,-0.002296537421490542,0.0005572165623353082
23.052400095355328,-0.0024031827566886607,0.0005565936303287783
23.054400095355327,-0.002154281466155248,0.0005560223704160445
23.05640009535533,-0.0019053801756213934,0.0005554511105033097
23.058400095355328,-0.0017113912417268573,0.0005577731238455282
23.060400095355327,-0.0015409619180883141,0.0005613364678175546
23.062400095355326,-0.0013705325944497716,0.0005648998117895809
23.064400095355325,-0.0016626653632005758,0.0005644901101578304
23.066400095355327,-0.0021532559042202934,0.0005623758119051727
23.068400095355326,-0.0026438464452391394,0.0005602615136525187
23.070400095355325,-0.0030960567250887874,0.0005636742857363922
23.072400095355327,-0.0035318003246784537,0.0005694583939508218
23.074400095355326,-0.003967543924267345,0.0005752425021652413
23.076400095355325,-0.0037456248051622593,0.0005753029763269323
23.078400095355324,-0.0032415418152959017,0.0005729077802898536
23.080400095355323,-0.0027374588254295436,0.0005705125842527748
23.082400095355325,-0.002147026765047898,0.0005648956445880464
23.084400095355324,-0.0015195474609895165,0.0005578964466021939
23.086400095355323,-0.000892068156931135,0.0005508972486163413
23.088400095355325,-0.0013480388775192777,0.0005518602199047252
23.090400095355324,-0.002268853537006508,0.0005562392842693276
23.092400095355323,-0.0031896681964937385,0.0005606183486339301
23.094400095355322,-0.0032419439226003,0.0005632222545222105
23.09640009535532,-0.002921581225331103,0.0005650645454379947
23.098400095355323,-0.0026012185280613375,0.000566906836353782
23.100400095355322,-0.0029000502888902827,0.0005698675282692363
23.10240009535532,-0.0034645416147680848,0.0005733080596264635
23.104400095355324,-0.004029032940646889,0.0005767485909836968
23.106400095355323,-0.004590344742189384,0.000581585276970604
23.10840009535532,-0.005150292398517451,0.0005870209700591488
23.11040009535532,-0.005710240054845518,0.0005924566631476938
23.11240009535532,-0.005833120029218108,0.000596739381914897
23.11440009535532,-0.005768480174251962,0.0006005274277586769
23.11640009535532,-0.005703840319285932,0.00060431547360245
23.11840009535532,-0.004842695681207499,0.0006085753518134974
23.120400095355322,-0.003639818021673689,0.0006130376653443483
23.12240009535532,-0.002436940362142015,0.0006174999788751911
23.12440009535532,-0.0022748857973182556,0.000619790859870931
23.12640009535532,-0.0025593868246793507,0.000621150107675082
23.128400095355317,-0.002843887852040446,0.0006225093554792328
23.13040009535532,-0.0028849233136184374,0.0006294680601591782
23.13240009535532,-0.0028215020966762846,0.0006388291606969365
23.134400095355318,-0.0027580808797341323,0.0006481902612346947
23.13640009535532,-0.002132689143935887,0.0006535262506072563
23.13840009535532,-0.0012661890570539176,0.0006571353025633164
23.140400095355318,-0.000399688970171948,0.0006607443545193766
23.142400095355317,-0.0008600174872061834,0.0006596142706472864
23.144400095355316,-0.0018896098460922848,0.0006564509033046501
23.146400095355318,-0.0029192022049802147,0.0006532875359620081
23.148400095355317,-0.0026278680037746167,0.0006560716285413815
23.150400095355316,-0.0017698021090330042,0.0006614074254589615
23.15240009535532,-0.0009117362142898677,0.000666743222376551
23.154400095355317,-0.0010244870113280255,0.0006699077322588027
23.156400095355316,-0.0015537580546564394,0.00067214067079666
23.158400095355315,-0.0020830290979848534,0.0006743736093345172
23.160400095355314,-0.0028783709526482523,0.0006775541567322021
23.162400095355316,-0.003787868130930896,0.0006811412673132574
23.164400095355315,-0.0046973653092119245,0.0006847283778943061
23.166400095355314,-0.004372652963759252,0.0006897670503386904
23.168400095355317,-0.0035184138942885154,0.0006954285026137529
23.170400095355316,-0.0026641748248192954,0.0007010899548888051
23.172400095355314,-0.001992415835905536,0.0007142558612930135
23.174400095355313,-0.0013989483278062404,0.0007306414880342984
23.176400095355312,-0.0008054808197069444,0.0007470271147755835
23.178400095355315,-0.0009106940302597948,0.0007535015756926048
23.180400095355314,-0.001315670122895752,0.0007557237371644224
23.182400095355312,-0.001720646215531709,0.00075794589863624
23.184400095355315,-0.0026092793253456137,0.0007631108803075247
23.186400095355314,-0.0037054212951169296,0.0007695384535322505
23.188400095355313,-0.004801563264888245,0.0007759660267569763
23.19040009535531,-0.004606335709903429,0.0007864102028142751
23.19240009535531,-0.003857057160902365,0.0007985776677902712
23.194400095355313,-0.0031077786118999693,0.0008107451327662892
23.196400095355312,-0.0014925177651565317,0.0008156838320000301
23.19840009535531,0.0004942853885872905,0.0008175210910453921
23.200400095355313,0.0024810885423346423,0.0008193583500907577
23.202400095355312,0.0017801609191111657,0.0008245816357041922
23.20440009535531,-7.391477656377597e-05,0.0008312576672710914
23.20640009535531,-0.0019279904722387178,0.0008379336988379906
23.20840009535531,-0.0021387157437136248,0.0008487868689017246
23.21040009535531,-0.0016443753793369638,0.0008614322049983224
23.21240009535531,-0.0011500350149611807,0.0008740775410948979
23.21440009535531,-0.0019367752991041529,0.0008785015191208147
23.21640009535531,-0.0032731524962504024,0.0008793981923858216
23.21840009535531,-0.004609529693394279,0.0008802948656508267
23.22040009535531,-0.004825350791964644,0.0008800705850184011
23.222400095355308,-0.0045604066303442095,0.0008793653684534981
23.224400095355307,-0.004295462468723776,0.0008786601518885952
23.22640009535531,-0.005187830557133439,0.0008853196134831338
23.22840009535531,-0.006576733887979745,0.0008951388292885765
23.230400095355307,-0.007965637218826049,0.0009049580450940189
23.23240009535531,-0.007619417683359409,0.0009059842090329831
23.23440009535531,-0.0065287579503581035,0.0009032377863756241
23.236400095355307,-0.005438098217356798,0.0009004913637182652
23.238400095355306,-0.005564719471371959,0.0008973513020641477
23.240400095355305,-0.006213605187751461,0.0008940423528144786
23.242400095355308,-0.006862490904132117,0.0008907334035648038
23.244400095355306,-0.007520644090136299,0.0008953085847748488
23.246400095355305,-0.008182773408761784,0.0009032663881656011
23.248400095355308,-0.008844902727388445,0.0009112241915563675
23.250400095355307,-0.008282439444967198,0.0009285549975709717
23.252400095355306,-0.007194574581485853,0.0009499072147827718
23.254400095355305,-0.006106709718004507,0.0009712594319945717
23.256400095355303,-0.00571231153182739,0.000980162339097959
23.258400095355306,-0.005615439668755539,0.0009837239694205357
23.260400095355305,-0.00551856780568386,0.0009872855997431062
23.262400095355304,-0.005225479018184127,0.0009898870888791276
23.264400095355306,-0.004848204920540571,0.0009920766370788326
23.266400095355305,-0.004470930822897687,0.0009942661852785338
23.268400095355304,-0.004489936906157039,0.000987807016863484
23.270400095355303,-0.004678963868963902,0.0009776371849414954
23.2724000953553,-0.004867990831770765,0.0009674673530195066
23.274400095355304,-0.004064221249705266,0.0009580347182764192
23.276400095355303,-0.0028345001039268448,0.0009489183721956614
23.278400095355302,-0.0016047789581484237,0.0009398020261149033
23.280400095355304,-0.0022742562911187616,0.0009382448363923357
23.282400095355303,-0.003758569923034508,0.0009399308437652794
23.284400095355302,-0.0052428835549502536,0.0009416168511382232
23.2864000953553,-0.005654752879805999,0.0009437949973115805
23.2884000953553,-0.0056064982796283375,0.000946184291826177
23.290400095355302,-0.005558243679450591,0.0009485735863407782
23.2924000953553,-0.005742509261520404,0.0009474885506703003
23.2944000953553,-0.006026535839550921,0.0009449128803537916
23.296400095355303,-0.0063105624175819434,0.0009423372100372788
23.2984000953553,-0.006080860575907272,0.0009371315981259021
23.3004000953553,-0.005630747479306693,0.0009307976298591589
23.3024000953553,-0.005180634382706113,0.0009244636615924158
23.304400095355298,-0.0053435361692920425,0.0009204537419467751
23.3064000953553,-0.005769447342316082,0.0009174409377360911
23.3084000953553,-0.006195358515339365,0.0009144281335254128
23.3104000953553,-0.004885668542261124,0.0009090555279570746
23.3124000953553,-0.0028313319680750974,0.0009026704673876385
23.3144000953553,-0.0007769953938927196,0.0008962854068182137
23.3164000953553,-0.0010552630611833495,0.0008842865799582296
23.318400095355297,-0.0023343171359067197,0.0008698792086489962
23.320400095355296,-0.00361337121063009,0.000855471837339763
23.3224000953553,-0.003775028142217688,0.0008489257272905814
23.324400095355298,-0.0034572741255304794,0.0008457524330200019
23.326400095355297,-0.0031395201088432706,0.0008425791387494221
23.3284000953553,-0.003396073685991521,0.0008503504529432933
23.330400095355298,-0.003899029702978673,0.0008628174707246926
23.332400095355297,-0.004401985719965825,0.0008752844885060924
23.334400095355296,-0.004670138155859244,0.0008688546169408504
23.336400095355295,-0.004837549833548486,0.0008543171732865735
23.338400095355297,-0.005004961511238026,0.0008397797296322708
23.340400095355296,-0.00637306327460682,0.0008378651778122873
23.342400095355295,-0.008256312396681642,0.0008413663860333205
23.344400095355297,-0.010139561518759811,0.0008448675942543597
23.346400095355296,-0.00928360207124388,0.0008485924318183082
23.348400095355295,-0.007252404940386836,0.0008524132159391613
23.350400095355294,-0.005221207809529793,0.0008562340000600143
23.352400095355293,-0.004213701374046021,0.000850160470001431
23.354400095355295,-0.0036454021037191794,0.0008398418552687446
23.356400095355294,-0.003077102833393347,0.0008295232405360767
23.358400095355293,-0.0031126874805979146,0.0008236735289911494
23.360400095355295,-0.0034073642321099428,0.0008197411686079928
23.362400095355294,-0.003702040983621448,0.000815808808224843
23.364400095355293,-0.0035240215746895802,0.0008195026700589475
23.366400095355292,-0.0031431952113859314,0.0008264685087582608
23.36840009535529,-0.0027623688480822835,0.0008334343474575742
23.370400095355294,-0.0028674079553757323,0.0008332420874185762
23.372400095355292,-0.0031809042425725736,0.0008299786952107779
23.37440009535529,-0.003494400529769416,0.0008267153030029796
23.376400095355294,-0.004743252620575799,0.0008256577842296514
23.378400095355293,-0.00639341262278236,0.0008255466801333838
23.38040009535529,-0.008043572624988919,0.0008254355760371163
23.38240009535529,-0.00794218315569887,0.0008212649519267577
23.38440009535529,-0.007089303457063666,0.0008153526187319195
23.38640009535529,-0.006236423758426948,0.0008094402855370712
23.38840009535529,-0.005044054062875977,0.0008054030870004178
23.39040009535529,-0.0037060285057803973,0.0008021704021655859
23.392400095355292,-0.0023680029486824405,0.0007989377173307483
23.39440009535529,-0.0018204418984411074,0.0007909855423895356
23.39640009535529,-0.0016120242812996607,0.0007810085022414983
23.39840009535529,-0.0014036066641582134,0.0007710314620934609
23.400400095355288,-0.0015680569237674596,0.0007714350364857449
23.40240009535529,-0.0018924836357217941,0.0007762923436634629
23.40440009535529,-0.0022169103476755523,0.000781149650841172
23.406400095355288,-0.0027970420732094737,0.0007805380043676162
23.40840009535529,-0.0034868823270124212,0.0007775799398561584
23.41040009535529,-0.004176722580814143,0.0007746218753447059
23.412400095355288,-0.003623719227926895,0.0007653077484461096
23.414400095355287,-0.0025374820601377765,0.0007532665950928486
23.416400095355286,-0.0014512448923486593,0.0007412254417395877
23.418400095355288,-0.0020037397629650167,0.0007303905034758989
23.420400095355287,-0.003259321844395226,0.0007200730838687932
23.422400095355286,-0.004514903925825435,0.0007097556642616876
23.42440009535529,-0.0041952998533615424,0.000709065425977944
23.426400095355287,-0.003199872430299569,0.0007125056670808404
23.428400095355286,-0.0022044450072375957,0.0007159459081837369
23.430400095355285,-0.001806885048816302,0.0007114803682397289
23.432400095355284,-0.001665836260403558,0.0007036229040547997
23.434400095355286,-0.0015247874719905637,0.0006957654398698565
23.436400095355285,-0.0022149118216254,0.0006844470421353236
23.438400095355284,-0.0032616456761973825,0.0006716437530547546
23.440400095355287,-0.004308379530771224,0.000658840463974163
23.442400095355286,-0.004437205371203782,0.0006609923630953465
23.444400095355284,-0.004172208615422305,0.0006695606906099629
23.446400095355283,-0.003907211859640828,0.0006781290181245794
23.448400095355282,-0.0031624618471235238,0.000670155666965078
23.450400095355285,-0.0022118767251467085,0.000655085212882957
23.452400095355284,-0.0012612916031715816,0.000640014758800863
23.454400095355282,-0.0009515279608452229,0.0006303735293687293
23.456400095355285,-0.0009167047674401961,0.0006230616748248485
23.458400095355284,-0.0008818815740352313,0.0006157498202809807
23.460400095355283,-0.001474138767041475,0.0006183138797147438
23.46240009535528,-0.00233544091223214,0.0006251151388145585
23.46440009535528,-0.0031967430574228045,0.0006319163979143732
23.466400095355283,-0.003828445234617455,0.0006297733344860175
23.468400095355282,-0.0043616389567275714,0.0006237927644512692
23.47040009535528,-0.004894832678837689,0.0006178121944165208
23.472400095355283,-0.004670572198803514,0.0006155458372427433
23.474400095355282,-0.004121330608531474,0.0006148730404661589
23.47640009535528,-0.003572089018259434,0.0006142002436895746
23.47840009535528,-0.0038712437248013864,0.0006128783493255443
23.48040009535528,-0.004534397738370848,0.000611277963562022
23.48240009535528,-0.005197551751941488,0.0006096775777984969
23.48440009535528,-0.0045204616393129515,0.0006035618047713591
23.48640009535528,-0.0032683478077409245,0.0005955087318702351
23.48840009535528,-0.002016233976166673,0.0005874556589690968
23.49040009535528,-0.001498311629028596,0.0005830395967218543
23.49240009535528,-0.0012953897821338547,0.0005801839723163096
23.494400095355278,-0.0010924679352391133,0.0005773283479107649
23.496400095355277,-0.001800595184377254,0.0005722383797003355
23.49840009535528,-0.0028996026911905105,0.0005661897794183785
23.50040009535528,-0.003998610198001816,0.0005601411791364321
23.502400095355277,-0.004032091305770791,0.0005591233110068423
23.50440009535528,-0.0036084145205874003,0.0005602638491943971
23.50640009535528,-0.0031847377354047622,0.0005614043873819499
23.508400095355277,-0.0029559525437198833,0.0005618743835263413
23.510400095355276,-0.0028107844650182815,0.0005620566874784898
23.512400095355275,-0.0026656163863166796,0.0005622389914306384
23.514400095355278,-0.002532470330933677,0.0005545939432040472
23.516400095355277,-0.002404482255886931,0.0005435906142995647
23.518400095355275,-0.002276494180840185,0.0005325872853950823
23.520400095355278,-0.0023265485967376574,0.0005316173524276915
23.522400095355277,-0.0024529911344092054,0.0005349521911279353
23.524400095355276,-0.0025794336720807534,0.0005382870298281792
23.526400095355275,-0.0026867866800449392,0.0005424038800118745
23.528400095355273,-0.002785949432451794,0.0005468562478325372
23.530400095355276,-0.0028851121848588253,0.0005513086156532078
23.532400095355275,-0.0025610519991297502,0.0005463136419980414
23.534400095355274,-0.0020554103651179412,0.000537265339014464
23.536400095355276,-0.0015497687311052345,0.0005282170360308705
23.538400095355275,-0.0013829700855832315,0.000526798346843357
23.540400095355274,-0.0013615501581862328,0.0005286531014370004
23.542400095355273,-0.001340130230789234,0.000530507856030644
23.54440009535527,-0.0009562893630782273,0.000532675081122934
23.546400095355274,-0.0004169537675588255,0.0005349763699784666
23.548400095355273,0.00012238182795961837,0.000537277658833995
23.550400095355272,5.853767293580303e-05,0.0005330442518191525
23.552400095355274,-0.0002640974964536354,0.0005260071688331794
23.554400095355273,-0.0005867326658425008,0.0005189700858472187
23.556400095355272,-0.0008577576273115281,0.0005217122630757731
23.55840009535527,-0.0011066395050564233,0.0005286501796050959
23.56040009535527,-0.0013555213828013186,0.0005355880961344186
23.562400095355272,-0.001134848867316415,0.0005413286305165775
23.56440009535527,-0.0007127165253367684,0.0005465554344276748
23.56640009535527,-0.000290584183357122,0.000551782238338772
23.568400095355273,0.00023586142697624863,0.0005496672761053315
23.57040009535527,0.0008070620983940593,0.0005444023675854655
23.57240009535527,0.00137826276981187,0.0005391374590655994
23.57440009535527,0.000895533306962379,0.0005405486378465436
23.576400095355268,-3.937941251821986e-05,0.0005448241572503436
23.57840009535527,-0.0009742921320004799,0.0005490996766541512
23.58040009535527,-0.0013563597169814548,0.0005551216128146002
23.58240009535527,-0.001501231935560676,0.0005618928401176013
23.58440009535527,-0.0016461041541401549,0.0005686640674206143
23.58640009535527,-0.0014279184710620243,0.000571782404757587
23.58840009535527,-0.001053964640044779,0.0005733334882156712
23.590400095355267,-0.0006800108090275334,0.0005748845716737553
23.592400095355266,-0.001021954532568564,0.0005728640525792127
23.59440009535527,-0.0016710505024049582,0.0005693111553672581
23.596400095355268,-0.0023201464722401996,0.0005657582581553098
23.598400095355267,-0.002000247594779624,0.0005616989054065821
23.60040009535527,-0.0012646062985298037,0.0005574222604292484
23.602400095355268,-0.0005289650022812899,0.0005531456154519223
23.604400095355267,-0.00043731638911928864,0.0005536282504822241
23.606400095355266,-0.0006219696672672072,0.0005561528311773101
23.608400095355265,-0.0008066229454151256,0.000558677411872396
23.610400095355267,-0.0006761635957101166,0.0005573078405672187
23.612400095355266,-0.00041050670704876957,0.0005542675023037482
23.614400095355265,-0.00014484981838742278,0.0005512271640402775
23.616400095355267,-0.0004398520367745829,0.0005479822555729503
23.618400095355266,-0.00097540234551019,0.0005446495772446562
23.620400095355265,-0.001510952654245797,0.0005413168989163622
23.622400095355264,-0.0015889974998083054,0.0005413190530007126
23.624400095355263,-0.0014707518048836662,0.0005427520010523571
23.626400095355265,-0.001352506109958817,0.000544184949104004
23.628400095355264,-0.001020833590261202,0.0005421352627533373
23.630400095355263,-0.0005975912962966055,0.000538591368510044
23.632400095355266,-0.00017434900233125722,0.0005350474742667444
23.634400095355264,-0.0001332405877854239,0.0005273694029686238
23.636400095355263,-0.0002560849353096492,0.0005179175822503876
23.638400095355262,-0.00037892928283387445,0.0005084657615321513
23.64040009535526,-0.0006628195747361526,0.000507390141942135
23.642400095355264,-0.0010158058879565814,0.0005099082928997177
23.644400095355262,-0.0013687922011763828,0.0005124264438572958
23.64640009535526,-0.001001269386555246,0.0005046638185019364
23.648400095355264,-0.0003246154079791289,0.0004924902728331787
23.650400095355263,0.0003520385705957864,0.00048031672716444265
23.65240009535526,0.0002990363751933714,0.00047267672896530565
23.65440009535526,-6.702152156030797e-05,0.0004669818289279075
23.65640009535526,-0.00043307941831398735,0.00046128692889050937
23.658400095355262,-0.0008048594239119327,0.0004619677676949158
23.66040009535526,-0.0011790944748901354,0.00046538408892744744
23.66240009535526,-0.0015533295258683385,0.000468800410159979
23.664400095355262,-0.0017016815244203902,0.0004691559536908659
23.66640009535526,-0.0017531193907029431,0.0004681982839822569
23.66840009535526,-0.0018045572569854959,0.000467240614273648
23.67040009535526,-0.0017735312605514251,0.000461929008831783
23.672400095355258,-0.0017071245013517587,0.00045474936614062824
23.67440009535526,-0.0016407177421519747,0.0004475697234494607
23.67640009535526,-0.0018137190761384554,0.00044310379851046313
23.678400095355258,-0.0020894374272703606,0.00043980218255186185
23.68040009535526,-0.0023651557784027553,0.0004365005665932546
23.68240009535526,-0.002093864870192191,0.00043565916122125756
23.684400095355258,-0.0015878819526332823,0.00043587329879689617
23.686400095355257,-0.0010818990350743736,0.0004360874363725347
23.688400095355256,-0.0007575354326314688,0.00043295389447874257
23.69040009535526,-0.0005110948389197266,0.0004283840446880624
23.692400095355257,-0.00026465424520842227,0.0004238141948973904
23.694400095355256,-0.0007007577736159953,0.00041817796794318263
23.69640009535526,-0.0014297040437538009,0.00041208421626321085
23.698400095355257,-0.002158650313890312,0.00040599046458324986
23.700400095355256,-0.0024189583523236548,0.00040647798210894005
23.702400095355255,-0.002478199064502781,0.00040978916640575623
23.704400095355254,-0.0025374397766819074,0.00041310035070257246
23.706400095355256,-0.0023501711825249785,0.00041300235284608274
23.708400095355255,-0.002057138760492213,0.0004114416590783497
23.710400095355254,-0.0017641063384594474,0.00040988096531061665
23.712400095355257,-0.0009629740122468924,0.00040633256873062816
23.714400095355256,5.6156564327709036e-05,0.0004019313561360208
23.716400095355255,0.0010752871409023105,0.00039753014354141345
23.718400095355253,0.0010387197903037422,0.00039724656248950416
23.720400095355252,0.000549209371404372,0.00039872963515271196
23.722400095355255,5.969895250413238e-05,0.00040021270781592246
23.724400095355254,0.00011220692765356752,0.0004031267067207825
23.726400095355253,0.0003972658045608808,0.00040665463901148115
23.728400095355255,0.0006823246814687005,0.00041018257130218615
23.730400095355254,0.0006152798213461773,0.0004093728571758675
23.732400095355253,0.0003971661919329503,0.0004067020923507842
23.73440009535525,0.00017905256251972318,0.0004040313275257009
23.73640009535525,-0.00027659062587452913,0.00040231442373258697
23.738400095355253,-0.000834144980854623,0.0004010067704384187
23.740400095355252,-0.0013916993358337264,0.0003996991171442526
23.74240009535525,-0.0016356273286413498,0.00040455850885598866
23.744400095355253,-0.0017449950901039565,0.0004120638484305544
23.746400095355252,-0.0018543628515663689,0.00041956918800510677
23.74840009535525,-0.0017992411953576073,0.00042135038912220177
23.75040009535525,-0.0016735459537848222,0.000420675669489
23.75240009535525,-0.0015478507122120373,0.0004200009498557982
23.75440009535525,-0.0017401464088543392,0.00041878560837622545
23.75640009535525,-0.0020688749759280017,0.0004173383150343399
23.75840009535525,-0.0023976035430016644,0.00041589102169245447
23.76040009535525,-0.0024906195696406063,0.000419595138429459
23.76240009535525,-0.002482503964477483,0.0004255094494412167
23.76440009535525,-0.0024743883593143596,0.00043142376045297436
23.766400095355248,-0.002311771535003112,0.00043391513287431056
23.768400095355247,-0.0020828665008312624,0.0004349379054174524
23.77040009535525,-0.001853961466659006,0.00043596067796059613
23.77240009535525,-0.0018398329683005407,0.0004347344646488184
23.774400095355247,-0.0019178536058833818,0.00043254333167069896
23.77640009535525,-0.0019958742434663616,0.00043035219869257574
23.77840009535525,-0.0022720407460439995,0.000434299317689671
23.780400095355247,-0.0026332210628485153,0.00044088003296752833
23.782400095355246,-0.002994401379653031,0.0004474607482453856
23.784400095355245,-0.0030598316435496292,0.00045125902137886523
23.786400095355248,-0.002998371330257752,0.00045386349695856435
23.788400095355247,-0.0029369110169659837,0.0004564679725382587
23.790400095355245,-0.0025855754226120626,0.0004562650575532775
23.792400095355248,-0.0021098697869669785,0.0004548576408282094
23.794400095355247,-0.0016341641513227393,0.00045345022410314407
23.796400095355246,-0.0016845733074891379,0.0004576845451053901
23.798400095355245,-0.0019607103224186734,0.0004643394355284399
23.800400095355243,-0.0022368473373482094,0.0004709943259514897
23.802400095355246,-0.0028745918691099335,0.00047271544250493343
23.804400095355245,-0.003667482961828912,0.00047231973899023984
23.806400095355244,-0.00446037405454789,0.00047192403547554636
23.808400095355246,-0.00431831492900594,0.0004684943738058601
23.810400095355245,-0.003775118320742993,0.00046376300182775606
23.812400095355244,-0.003231921712480046,0.000459031629849652
23.814400095355243,-0.002825300257288089,0.00045955358348827064
23.81640009535524,-0.0024772759539393955,0.00046232946042057356
23.818400095355244,-0.002129251650590084,0.00046510533735288147
23.820400095355243,-0.0011277962667583493,0.0004671832490423258
23.822400095355242,0.0001540117590708317,0.00046896170084119817
23.824400095355244,0.00143581978490229,0.00047074015264007374
23.826400095355243,0.0011125230265002278,0.0004697895772887455
23.828400095355242,0.00010056079710941317,0.00046766812089201913
23.83040009535524,-0.0009114014322814014,0.0004655466644952929
23.83240009535524,-0.0008101814915316047,0.0004638419610023655
23.834400095355242,-0.00023135396641639863,0.0004623160641351605
23.83640009535524,0.0003474735586977793,0.00046079016726795837
23.83840009535524,0.00028178475588818753,0.0004592544615793851
23.840400095355243,-6.043194408710136e-05,0.00045771454744390105
23.84240009535524,-0.00040264864406178245,0.00045617463330841987
23.84440009535524,-0.0009302370993790362,0.000454275527473045
23.84640009535524,-0.001537358788905989,0.00045222231144142664
23.848400095355238,-0.0021444804784329424,0.00045016909540980836
23.85040009535524,-0.0022113374746564815,0.00044960015014498843
23.85240009535524,-0.002046395383462668,0.00044966802718873164
23.85440009535524,-0.0018814532922688555,0.00044973590423247475
23.85640009535524,-0.002158172173952522,0.00044690217524704794
23.85840009535524,-0.0026243845103041613,0.0004428235199848675
23.86040009535524,-0.003090596846655801,0.00043874486472268714
23.862400095355238,-0.0030037799337487023,0.0004333996927899093
23.864400095355236,-0.0026796872767368652,0.0004275111252124349
23.86640009535524,-0.0023555946197244527,0.00042162255763494996
23.868400095355238,-0.0023654373358382107,0.0004232430750219408
23.870400095355237,-0.002518554162829139,0.00042808534595278365
23.87240009535524,-0.0026716709898203395,0.0004329276168836351
23.874400095355238,-0.0028483062082439417,0.0004324269529996691
23.876400095355237,-0.003035031933128254,0.00042963391642421533
23.878400095355236,-0.0032217576580125663,0.00042684087984876156
23.880400095355235,-0.0032189874922534975,0.000424224610754682
23.882400095355237,-0.003134914582995119,0.00042168418331156116
23.884400095355236,-0.00305084167373689,0.00041914375586844484
23.886400095355235,-0.0031277555453996086,0.0004244934463613423
23.888400095355237,-0.0032737404060751026,0.0004332283728726927
23.890400095355236,-0.0034197252667503377,0.00044196329938402747
23.892400095355235,-0.0029908964404602822,0.00044080531302997743
23.894400095355234,-0.002315445161336178,0.0004354027958099076
23.896400095355233,-0.0016399938822120744,0.0004300002785898378
23.898400095355235,-0.0019383073573482153,0.0004248007821298818
23.900400095355234,-0.0026544123489942208,0.0004196883912576899
23.902400095355233,-0.0033705173406402256,0.00041457600038549805
23.904400095355236,-0.004013551498088437,0.0004193383083221964
23.906400095355234,-0.004625234779167975,0.00042833733347879676
23.908400095355233,-0.005236918060247512,0.0004373363586353972
23.910400095355232,-0.004611639912926977,0.0004420556889436692
23.91240009535523,-0.0034556461928048282,0.0004449388256159081
23.914400095355234,-0.002299652472680626,0.00044782196228815215
23.916400095355232,-0.0018457103136991432,0.00044330663310100703
23.91840009535523,-0.0016929818660715292,0.0004356170080598523
23.920400095355234,-0.001540253418443644,0.00042792738301868365
23.922400095355233,-0.0017362967694192694,0.00042997447104466737
23.92440009535523,-0.0020819799285332523,0.00043619907537529456
23.92640009535523,-0.0024276630876472354,0.00044242367970592176
23.92840009535523,-0.0024545040365705002,0.0004501255407246395
23.930400095355232,-0.0023445463874635537,0.00045846121570338827
23.93240009535523,-0.002234588738356803,0.0004667968906821221
23.93440009535523,-0.002248653590018792,0.0004667222545917806
23.936400095355232,-0.002315930048529251,0.0004630391912942238
23.93840009535523,-0.0023832065070395897,0.00045935612799667366
23.94040009535523,-0.0026025175700332597,0.00045936208740438006
23.94240009535523,-0.0028870587852582036,0.00046095081485010185
23.944400095355228,-0.0031716000004831475,0.0004625395422958236
23.94640009535523,-0.0027173397610802726,0.00047097945634997024
23.94840009535523,-0.001946098150890208,0.00048235885909765706
23.950400095355228,-0.0011748565407001428,0.0004937382618453438
23.95240009535523,-0.00118692610657285,0.0004977469169158277
23.95440009535523,-0.0015350738969852032,0.0004985931662035381
23.956400095355228,-0.0018832216873975564,0.0004994394154912484
23.958400095355227,-0.0017978471850072844,0.0004984547229686707
23.960400095355226,-0.0015264707143057324,0.0004966844681203927
23.96240009535523,-0.0012550942436036984,0.0004949142132721115
23.964400095355227,-0.0013163572764346761,0.0005020587274276076
23.966400095355226,-0.0015203387140671528,0.0005130281078358519
23.96840009535523,-0.001724320151699992,0.0005239974882441157
23.970400095355227,-0.0015712825896993354,0.0005295104032754263
23.972400095355226,-0.0012650666231655396,0.0005326822309649205
23.974400095355225,-0.0009588506566317437,0.0005358540586544149
23.976400095355224,-0.0008217998445316536,0.0005329296967966865
23.978400095355227,-0.0007573290679530102,0.0005273897746874012
23.980400095355225,-0.0006928582913744816,0.0005218498525781258
23.982400095355224,-0.0012718864215521908,0.0005258622795082768
23.984400095355227,-0.002127006749701369,0.0005339731268310511
23.986400095355226,-0.0029821270778490282,0.000542083974153811
23.988400095355225,-0.002547301319423947,0.0005479001091863182
23.990400095355223,-0.001559026144426156,0.0005527317013829177
23.992400095355222,-0.0005707509694283649,0.0005575632935795171
23.994400095355225,-0.0009802551906225102,0.0005574034116785874
23.996400095355224,-0.0019894746211539015,0.0005551019451030938
23.998400095355223,-0.0029986940516852933,0.0005528004785276002
24.000400095355225,-0.003462821174060418,0.0005575877505589409
24.002400095355224,-0.003693077208364059,0.0005654164359182869
24.004400095355223,-0.0039233332426676995,0.0005732451212776331
24.00640009535522,-0.003589113634841151,0.0005761076223406799
24.00840009535522,-0.003012706516706933,0.0005768393887525188
24.010400095355223,-0.0024362993985716907,0.0005775711551643587
24.012400095355222,-0.002142956643070343,0.000574711139171147
24.01440009535522,-0.001971062284338105,0.0005703100736068077
24.016400095355223,-0.001799167925605562,0.0005659090080424605
24.018400095355222,-0.0019519277804087326,0.0005629433914688559
24.02040009535522,-0.0022439801207290574,0.0005605936524949139
24.02240009535522,-0.0025360324610493824,0.0005582439135209719
24.02440009535522,-0.002315057573134288,0.0005579170587540511
24.02640009535522,-0.0018739689652994375,0.0005584581200416151
24.02840009535522,-0.0014328803574653705,0.0005589991813291779
24.03040009535522,-0.0007222522287845206,0.0005578256560274652
24.03240009535522,0.00010402152394648942,0.0005559164893048569
24.03440009535522,0.0009302952766760318,0.000554007322582252
24.03640009535522,7.252849959600875e-06,0.0005509581858769999
24.038400095355218,-0.0016663317818588074,0.0005474199462899595
24.040400095355217,-0.003339916413677216,0.0005438817067029192
24.04240009535522,-0.0035505965154989773,0.0005411493811360329
24.04440009535522,-0.003133618941140874,0.0005387628321463108
24.046400095355217,-0.0027166413667827705,0.0005363762831565888
24.04840009535522,-0.0026419403519192313,0.0005379845013074562
24.05040009535522,-0.0027140927592725845,0.0005413066703827435
24.052400095355218,-0.0027862451666259376,0.000544628839458031
24.054400095355216,-0.0018618662544046944,0.0005419180231151875
24.056400095355215,-0.0005099265036427355,0.0005366187599733202
24.058400095355218,0.0008420132471216248,0.0005313194968314433
24.060400095355217,0.0009167723448300223,0.0005283151112582949
24.062400095355216,0.00044355819971102467,0.0005262953409000859
24.064400095355218,-2.9655945408813477e-05,0.0005242755705418733
24.066400095355217,-0.001013902402683164,0.0005243223648624579
24.068400095355216,-0.002217406854016189,0.0005252558170621768
24.070400095355215,-0.003420911305349214,0.0005261892692618958
24.072400095355214,-0.0031726214273761584,0.0005275942452403066
24.074400095355216,-0.002301440306772917,0.0005292015281340384
24.076400095355215,-0.0014302591861712233,0.0005308088110277674
24.078400095355214,-0.0010328189940202188,0.0005280615623577412
24.080400095355216,-0.0008386370088160265,0.0005234460050308249
24.082400095355215,-0.0006444550236121789,0.000518830447703917
24.084400095355214,-0.0005262469127322617,0.000514558363256115
24.086400095355213,-0.00044063534240722376,0.000510433645620035
24.08840009535521,-0.0003550237720821857,0.0005063089279839549
24.090400095355214,-0.0012457330573588865,0.0005066308651111807
24.092400095355213,-0.002555332212307732,0.0005088606367618629
24.094400095355212,-0.003864931367256578,0.0005110904084125452
24.096400095355214,-0.003555581972246657,0.0005126189059506495
24.098400095355213,-0.0025516235996762985,0.0005138465222196446
24.100400095355212,-0.00154766522710594,0.0005150741384886397
24.10240009535521,-0.0008958329430538831,0.0005127435882392642
24.10440009535521,-0.0003950801807592057,0.0005088864084288966
24.106400095355212,0.00010567258153636118,0.000505029228618522
24.10840009535521,-0.0007788264871914951,0.0005084099191283026
24.11040009535521,-0.002257667233365492,0.0005148960146560568
24.112400095355213,-0.0037365079795421154,0.0005213821101838225
24.11440009535521,-0.0032263327809069603,0.0005305748821070039
24.11640009535521,-0.0018627710764030333,0.0005409289524690637
24.11840009535521,-0.0004992093718991062,0.0005512830228311235
24.12040009535521,-0.0003045046777131751,0.0005550772609460034
24.12240009535521,-0.00061129768459733,0.000556057005275655
24.12440009535521,-0.0009180906914809399,0.0005570367496053048
24.12640009535521,-0.0016869913509652847,0.0005582803315782718
24.12840009535521,-0.002654159165582044,0.0005596371130160465
24.13040009535521,-0.003621326980197086,0.0005609938944538187
24.13240009535521,-0.0038468869040296423,0.0005673627957099758
24.134400095355208,-0.0037542601366212375,0.000575882145796218
24.136400095355206,-0.0036616333692128323,0.00058440149588246
24.13840009535521,-0.00393201242935349,0.0005832982120024812
24.140400095355208,-0.004358139073818914,0.000578066338768428
24.142400095355207,-0.0047842657182843385,0.0005728344655343749
24.14440009535521,-0.004182357918723243,0.0005677398379909932
24.146400095355208,-0.0031393720730756797,0.0005627040956935683
24.148400095355207,-0.0020963862274281163,0.0005576683533961435
24.150400095355206,-0.0024460447158529833,0.0005589732664322063
24.152400095355205,-0.0033932171509960763,0.0005629986371618809
24.154400095355207,-0.004340389586140852,0.0005670240078915625
24.156400095355206,-0.0043928636878948005,0.0005774054470466039
24.158400095355205,-0.004061467489400294,0.0005905139572196529
24.160400095355207,-0.003730071290905198,0.0006036224673927253
24.162400095355206,-0.002250610631303332,0.0006061950624467334
24.164400095355205,-0.0002785728787931892,0.0006042472227897323
24.166400095355204,0.0016934648737169542,0.0006022993831327314
24.168400095355203,0.0017685368890063213,0.0006028792297800629
24.170400095355205,0.001029715594443298,0.0006045435804498645
24.172400095355204,0.0002908942998815869,0.0006062079311196631
24.174400095355203,-0.00044339229335180094,0.0006143452655474785
24.176400095355206,-0.0011757332723568933,0.0006252598345483788
24.178400095355205,-0.0019080742513606847,0.0006361744035492599
24.180400095355203,-0.0020305082583439624,0.000644967997757698
24.182400095355202,-0.0018912615624817376,0.0006528515873263044
24.1844000953552,-0.0017520148666195124,0.0006607351768949113
24.186400095355204,-0.0011389764120020547,0.0006665551256594545
24.188400095355203,-0.00032265748756114885,0.0006714896688329228
24.1904000953552,0.000493661436879757,0.0006764242120063911
24.192400095355204,0.0008437928549353377,0.0006882347947843346
24.194400095355203,0.0009939063846738049,0.0007029955444003296
24.1964000953552,0.0011440199144122723,0.0007177562940163247
24.1984000953552,0.00032140626758936976,0.0007260544563918112
24.2004000953552,-0.0009185563155451283,0.0007315798434448462
24.202400095355202,-0.002158518898681829,0.000737105230497891
24.2044000953552,-0.0026965446508367156,0.0007302542630635712
24.2064000953552,-0.002933404122057353,0.0007180932157360527
24.208400095355202,-0.003170263593278412,0.0007059321684085124
24.2104000953552,-0.0037897951468238602,0.0007057393497000979
24.2124000953552,-0.004573512332279953,0.0007106815049535696
24.2144000953552,-0.005357229517736046,0.0007156236602070414
24.216400095355198,-0.00556920733984268,0.0007239833567845775
24.2184000953552,-0.005535880096208431,0.0007338093512120117
24.2204000953552,-0.005502552852574241,0.0007436353456394287
24.222400095355198,-0.0045197141964247204,0.000741562336492773
24.2244000953552,-0.0031294871334044097,0.0007343840531540645
24.2264000953552,-0.0017392600703865684,0.000727205769815369
24.228400095355198,-0.0011900793062673029,0.0007220735424452919
24.230400095355197,-0.0010017499756591857,0.0007178191766510721
24.232400095355196,-0.0008134206450510686,0.0007135648108568523
24.2344000953552,-0.001261768539916512,0.0007213277434829112
24.236400095355197,-0.0019832832251376192,0.0007342467060514157
24.238400095355196,-0.002704797910358726,0.0007471656686199201
24.2404000953552,-0.0031230428034587196,0.0007485135870835905
24.242400095355197,-0.0034111695728158923,0.0007448969407017985
24.244400095355196,-0.003699296342173065,0.0007412802943200064
24.246400095355195,-0.003207553747591242,0.000727669804941294
24.248400095355194,-0.0023812075965986956,0.0007097714494614054
24.250400095355197,-0.0015548614456046815,0.0006918730939814849
24.252400095355195,-0.0018790363723192678,0.0006874696630233826
24.254400095355194,-0.002696843322429471,0.0006888562406329951
24.256400095355197,-0.003514650272541127,0.00069024281824261
24.258400095355196,-0.003785817987561032,0.0006917891945584003
24.260400095355195,-0.003822449655907585,0.0006934041326502293
24.262400095355193,-0.0038590813242541377,0.0006950190707420585
24.264400095355192,-0.0034514711662772604,0.0006859432904459465
24.266400095355195,-0.0028532586366495404,0.0006722806474128063
24.268400095355194,-0.002255046107022883,0.0006586180043796905
24.270400095355193,-0.0026298875838333463,0.0006513631281826137
24.272400095355195,-0.003422218845270968,0.0006468575106891699
24.274400095355194,-0.004214550106707182,0.0006423518931957342
24.276400095355193,-0.004075219742093917,0.0006495112689978665
24.27840009535519,-0.0035361589850206173,0.0006616755223410571
24.28040009535519,-0.002997098227947318,0.0006738397756842478
24.282400095355193,-0.0025332964238294073,0.0006719588410812135
24.284400095355192,-0.0021017845559877964,0.0006640518031915152
24.28640009535519,-0.001670272688146185,0.0006561447653018169
24.288400095355193,-0.0015786159279237997,0.0006448745452256457
24.290400095355192,-0.0016327743923220056,0.0006321613479660936
24.29240009535519,-0.0016869328567202114,0.0006194481507065414
24.29440009535519,-0.00228219891003257,0.0006156108712236646
24.29640009535519,-0.0031096278252407813,0.0006155818149392838
24.29840009535519,-0.003937056740450463,0.000615552758654903
24.30040009535519,-0.00443145158945424,0.0006247030691636223
24.30240009535519,-0.004782957754027,0.0006377917985251766
24.30440009535519,-0.005134463918600384,0.0006508805278867542
24.30640009535519,-0.004657011159799087,0.0006491628377644533
24.30840009535519,-0.0038238924895187356,0.0006410924339756752
24.310400095355188,-0.002990773819238385,0.000633022030186897
24.312400095355187,-0.003346006530134506,0.0006288366832538797
24.31440009535519,-0.00421110302039408,0.0006263182252586681
24.31640009535519,-0.005076199510652118,0.0006237997672634609
24.318400095355187,-0.005561844365149226,0.0006298050653834849
24.32040009535519,-0.005884684958069012,0.0006394674931333074
24.32240009535519,-0.006207525550988226,0.0006491299208831131
24.324400095355188,-0.005376699361470663,0.0006598796983009075
24.326400095355186,-0.004050890744067615,0.0006710960046912051
24.328400095355185,-0.0027250821266645684,0.0006823123110815029
24.330400095355188,-0.0025212822961023238,0.0006780078299611197
24.332400095355187,-0.002798882043660344,0.000667044131330726
24.334400095355186,-0.0030764817912183645,0.0006560804327003323
24.336400095355188,-0.003659492233375442,0.0006501835048770418
24.338400095355187,-0.004373539615264767,0.000646460483051939
24.340400095355186,-0.005087586997154092,0.0006427374612268362
24.342400095355185,-0.005639093148059221,0.0006466359967932656
24.344400095355184,-0.006120860719048665,0.0006538045739732165
24.346400095355186,-0.006602628290038964,0.0006609731511531802
24.348400095355185,-0.006178920425173603,0.0006651550337809602
24.350400095355184,-0.005366716801413954,0.0006680554700870786
24.352400095355186,-0.0045545131776528625,0.0006709559063932022
24.354400095355185,-0.004106990599877559,0.0006673981450010111
24.356400095355184,-0.0038159350577502025,0.0006610694826787883
24.358400095355183,-0.0035248795156228464,0.0006547408203565658
24.360400095355182,-0.003988175355527684,0.0006547139230167863
24.362400095355184,-0.004775127005170258,0.0006573908092144212
24.364400095355183,-0.005562078654811434,0.0006600676954120513
24.366400095355182,-0.005642889163337804,0.0006687551081002981
24.368400095355184,-0.005420728514619763,0.0006800213482502152
24.370400095355183,-0.005198567865902117,0.0006912875884001121
24.372400095355182,-0.004989692057668295,0.0006939090949897056
24.37440009535518,-0.004786516135421016,0.0006928215622620594
24.37640009535518,-0.0045833402131737365,0.0006917340295344132
24.378400095355182,-0.004736226958347148,0.000688777606838042
24.38040009535518,-0.0050418830847369775,0.0006850193332592121
24.38240009535518,-0.005347539211126806,0.0006812610596803826
24.384400095355183,-0.005287007107864695,0.0006922547025890224
24.38640009535518,-0.005069361211680764,0.0007095776847951253
24.38840009535518,-0.004851715315496833,0.0007269006670012281
24.39040009535518,-0.004174216053096419,0.0007386487776135646
24.39240009535518,-0.0032994157589526516,0.0007480049781126044
24.39440009535518,-0.0024246154648073295,0.0007573611786116607
24.39640009535518,-0.002626008722342515,0.0007568509238963943
24.39840009535518,-0.0032891450920396643,0.000752107445771126
24.40040009535518,-0.003952281461737992,0.0007473639676458493
24.40240009535518,-0.004359807116777541,0.0007455042637790676
24.40440009535518,-0.0035112424233673077,0.0005177869171188786
24.406400095355178,-0.003508517385272178,0.0005178348418924197
24.408400095355177,-0.0033064526616012604,0.0005212393849015695
24.41040009535518,-0.003342146171943175,0.0005262941152623879
24.412400095355178,-0.003527351825985531,0.0005313849494623167
24.414400095355177,-0.0040018766315904975,0.000533453284531751
24.41640009535518,-0.004323080189922295,0.0005329765642375474
24.418400095355178,-0.0045244069675218325,0.0005319494544782087
24.420400095355177,-0.00454831843535098,0.0005308666103511671
24.422400095355176,-0.0044817039526883545,0.0005311365648847339
24.424400095355175,-0.004409358708661777,0.0005319933322457563
24.426400095355177,-0.004488602873675766,0.0005353833423866952
24.428400095355176,-0.0047074515402766,0.0005390281208896349
24.430400095355175,-0.004953459959584516,0.0005422480690099246
24.432400095355177,-0.00465877404215514,0.0005432770893495331
24.434400095355176,-0.0038381732133796445,0.0005425274555377879
24.436400095355175,-0.002892956370467546,0.0005413943994339478
24.438400095355174,-0.00243203529213191,0.0005385053780852401
24.440400095355173,-0.002562633028027279,0.0005355183125480025
24.442400095355175,-0.0028576408323358914,0.000532792506315547
24.444400095355174,-0.003394290322619578,0.0005327156273474793
24.446400095355173,-0.0037042436735998797,0.000535400274907177
24.448400095355176,-0.0038732594323831575,0.000538783953507015
24.450400095355175,-0.003318527772114298,0.0005411414713522198
24.452400095355173,-0.0026638218748284283,0.0005423379678658721
24.454400095355172,-0.0020978189253083902,0.0005432269933720967
24.45640009535517,-0.0016433985145071646,0.0005437123905668604
24.458400095355174,-0.001441221467388402,0.0005412237701417898
24.460400095355173,-0.0013372944340753331,0.0005375110618337802
24.46240009535517,-0.00150132149496502,0.0005337364326664455
24.464400095355174,-0.0014983416870267777,0.0005287309703102713
24.466400095355173,-0.0013733058550081131,0.0005231424833315056
24.46840009535517,-0.001202367367447751,0.0005161638883381447
24.47040009535517,-0.0007885433448298535,0.0005133242174082575
24.47240009535517,-0.0002863261892401254,0.0005124226113026001
24.474400095355172,-0.00013185539198006793,0.0005123699481969191
24.47640009535517,-0.0005623293086430655,0.000513609856165788
24.47840009535517,-0.00118469364993411,0.0005151742968604892
24.480400095355172,0.0011574668182280565,0.0006972455433482269
24.48240009535517,0.0012816157384815195,0.0006924908425056225
24.48440009535517,0.0015863166304915326,0.0006829085862926808
24.48640009535517,0.0018910175225015458,0.0006733263300797395
24.488400095355168,0.0014221478116870595,0.0006654989440952762
24.49040009535517,0.0006221235032657017,0.0006584227931528758
24.49240009535517,-0.00017790080515423488,0.000651346642210488
24.494400095355168,-0.0004926560247531478,0.0006491655121381575
24.49640009535517,-0.0005996744079004347,0.000649079871297135
24.49840009535517,-0.0007066927910475315,0.0006489942304561128
24.500400095355168,-0.0004613616746338911,0.0006556608862828445
24.502400095355167,-6.519470004796488e-05,0.0006652181052117924
24.504400095355166,0.0003309722745379614,0.00067477532414074
24.50640009535517,0.00038734935919157177,0.0006799027544055872
24.508400095355167,0.00029826715958878756,0.0006831338542980995
24.510400095355166,0.0002091849599860034,0.000686364954190612
24.51240009535517,0.00021936196453133276,0.0006810679431036971
24.514400095355168,0.0002720304469360598,0.0006721201669116846
24.516400095355166,0.00032469892934078684,0.0006631723907196719
24.518400095355165,6.700762931976487e-05,0.0006573095203992797
24.520400095355164,-0.0003235443718831376,0.0006527672553260622
24.522400095355167,-0.0007140963730867338,0.000648224990252837
24.524400095355166,-0.0008405006211529283,0.0006512265534013031
24.526400095355164,-0.0008538268802391258,0.0006574575247669083
24.528400095355167,-0.0008671531393253469,0.0006636884961325244
24.530400095355166,-0.0009258640739729059,0.0006741270423518559
24.532400095355165,-0.0010040035610861344,0.0006863667932242498
24.534400095355164,-0.0010821430481993627,0.0006986065440966436
24.536400095355162,-0.0014845638998222256,0.0007035852714404996
24.538400095355165,-0.0020258051398016857,0.0007054556545610781
24.540400095355164,-0.0025670463797801846,0.0007073260376816536
24.542400095355163,-0.0028417364795421222,0.0006990572161962256
24.544400095355165,-0.0030023196911269454,0.000686447940247722
24.546400095355164,-0.0031629029027114832,0.0006738386642992406
24.548400095355163,-0.002453093588695039,0.000672441257657567
24.55040009535516,-0.0013706811229989486,0.0006758434991252937
24.55240009535516,-0.00028826865730285835,0.0006792457405930204
24.554400095355163,-0.0006698543068114053,0.000692815382988009
24.556400095355162,-0.0016781576308161168,0.0007107375513859921
24.55840009535516,-0.002686460954820828,0.0007286597197839754
24.560400095355163,-0.0026204308433469474,0.0007403295206288073
24.562400095355162,-0.0020944931479888918,0.0007493227676589686
24.56440009535516,-0.0015685554526308366,0.0007583160146891299
24.56640009535516,-0.0010064617615224837,0.0007588487301405756
24.56840009535516,-0.00042889017671278803,0.000755759606234129
24.57040009535516,0.0001486814080979336,0.0007526704823276769
24.57240009535516,0.00012837651481608986,0.0007422118869252542
24.57440009535516,-0.000147871259640183,0.0007285985198659272
24.57640009535516,-0.00042411903409694655,0.000714985152806576
24.57840009535516,-0.001126774886377302,0.0007148540750042742
24.58040009535516,-0.0020119703259331456,0.0007204945846659452
24.58240009535516,-0.0028971657654889888,0.0007261350943276163
24.584400095355157,-0.0029085329432287405,0.0007468469609957585
24.58640009535516,-0.0025458258987074195,0.0007740106745507592
24.58840009535516,-0.002183118854186743,0.0008011743881057117
24.590400095355157,-0.0022527859936033096,0.0008108236513354949
24.59240009535516,-0.0025075467764100858,0.0008129752110873952
24.59440009535516,-0.0027623075592164096,0.000815126770839292
24.596400095355158,-0.002467435516455537,0.0008089782971845776
24.598400095355156,-0.0019372729345532862,0.0007992766890657461
24.600400095355155,-0.0014071103526510356,0.0007895750809469145
24.602400095355158,-0.001463273922693969,0.000787616161093022
24.604400095355157,-0.0017704359905084403,0.0007889717840354377
24.606400095355156,-0.002077598058322912,0.0007903274069778535
24.608400095355158,-0.002507721644618023,0.0007985846444317128
24.610400095355157,-0.002990483442859724,0.000809796372460517
24.612400095355156,-0.0034732452411014255,0.0008210081004893212
24.614400095355155,-0.0029863411576964067,0.000830745667475257
24.616400095355154,-0.0020843357875769807,0.0008398521653916284
24.618400095355156,-0.0011823304174559527,0.000848958663308016
24.620400095355155,-0.0005096529492130996,0.0008477560178159813
24.622400095355154,6.485223022755209e-05,0.0008421401622622324
24.624400095355156,0.0006393574096692242,0.000836524306708474
24.626400095355155,0.0005591085320707347,0.0008277981859679818
24.628400095355154,0.0001985679331354774,0.0008177406010332114
24.630400095355153,-0.00016197266579977992,0.000807683016098441
24.632400095355152,-0.0008584411531093959,0.0008057023164377787
24.634400095355154,-0.0016987160311765647,0.0008071792270560428
24.636400095355153,-0.002538990909242241,0.0008086561376743041
24.638400095355152,-0.0022974476670433418,0.0008114321046290434
24.640400095355155,-0.0015927920008950737,0.000814764180894182
24.642400095355153,-0.0008881363347480577,0.0008180962571593145
24.644400095355152,-0.00046795910976151183,0.0008136207095647437
24.64640009535515,-0.0001695634618691914,0.0008058028181949658
24.64840009535515,0.00012883218602312892,0.000797984926825188
24.650400095355153,-0.00011226238373336449,0.0007905151103460499
24.65240009535515,-0.0005843058346278055,0.0007831943002880224
24.65440009535515,-0.0010563492855222465,0.0007758734902299947
24.656400095355153,-0.0015341097958850023,0.000771660409997539
24.65840009535515,-0.002014317706789588,0.0007687777094305297
24.66040009535515,-0.002494525617694174,0.0007658950088635205
24.66240009535515,-0.0028826302003510476,0.0007706114089033798
24.66440009535515,-0.0032313065131393,0.0007785808877970306
24.66640009535515,-0.0035799828259281724,0.0007865503666906955
24.66840009535515,-0.0032670990433912284,0.0007853033791605446
24.67040009535515,-0.002671009716497106,0.0007801109384371821
24.67240009535515,-0.002074920389601924,0.0007749184977138103
24.67440009535515,-0.001676958542208818,0.0007643402151577724
24.67640009535515,-0.0013638125838807494,0.0007514563212622452
24.678400095355148,-0.0010506666255526808,0.0007385724273667178
24.680400095355147,-0.001178187366286195,0.0007346540023023319
24.68240009535515,-0.0014943520174978235,0.0007345735824767641
24.684400095355148,-0.0018105166687088902,0.0007344931626511963
24.686400095355147,-0.0024372600522288824,0.0007419381855813224
24.68840009535515,-0.003196958328817452,0.0007526047569717512
24.690400095355148,-0.003956656605404673,0.0007632713283621611
24.692400095355147,-0.003975982037438061,0.0007663984551659949
24.694400095355146,-0.003678363022327066,0.0007662980390989011
24.696400095355145,-0.0033807440072160704,0.0007661976230318075
24.698400095355147,-0.0034035241395595174,0.0007567857505406863
24.700400095355146,-0.0035634631966509835,0.0007433877583576204
24.702400095355145,-0.0037234022537424496,0.0007299897661745545
24.704400095355147,-0.0031672812067860363,0.0007218577338702233
24.706400095355146,-0.0023046236196815643,0.0007159799943447846
24.708400095355145,-0.0014419660325770919,0.0007101022548193459
24.710400095355144,-0.00022066890453921342,0.0007161738875003669
24.712400095355143,0.001154157427367042,0.0007273609003673259
24.714400095355145,0.0025289837592757398,0.0007385479132343048
24.716400095355144,0.0016721367961091255,0.0007483314220299979
24.718400095355143,-0.0001400623458982322,0.0007575141078129961
24.720400095355146,-0.001952261487908809,0.0007666967935960106
24.722400095355145,-0.002104474722304304,0.0007650763066703525
24.724400095355143,-0.0015460681028771454,0.0007588311124048043
24.726400095355142,-0.0009876614834499868,0.0007525859181392561
24.72840009535514,-0.0012474778635841362,0.0007423392455927694
24.730400095355144,-0.0018575656393441558,0.0007303795884653123
24.732400095355143,-0.002467653415103091,0.0007184199313378763
24.73440009535514,-0.0023974938390042035,0.00072229410329494
24.736400095355144,-0.00203612854144006,0.000732946547316598
24.738400095355143,-0.0016747632438765573,0.0007435989913382371
24.74040009535514,-0.0006884033609066255,0.0007640985296883595
24.74240009535514,0.0005655092310398397,0.0007888134913791815
24.74440009535514,0.001819421822986305,0.0008135284530700035
24.746400095355142,0.0014890947238435596,0.0008201336816597517
24.74840009535514,0.00048057347138139354,0.0008189863490831265
24.75040009535514,-0.0005279477810807729,0.0008178390165065017
24.752400095355142,-0.0015750089559920485,0.0008096007276872277
24.75440009535514,-0.0026385686149804294,0.00079832688453249
24.75640009535514,-0.0037021282739688097,0.0007870530413777524
24.75840009535514,-0.0031702263266556356,0.0007841017749301889
24.760400095355138,-0.0019553260879951397,0.0007847133053861396
24.76240009535514,-0.0007404258493324858,0.0007853248358420915
24.76440009535514,-0.0004400584821454851,0.0007964341536372727
24.766400095355138,-0.0005311918967564049,0.0008120374509040016
24.76840009535514,-0.0006223253113674867,0.0008276407481707581
24.77040009535514,-0.001204612356361471,0.0008489578352404856
24.772400095355138,-0.0019971565284242986,0.0008727209289247155
24.774400095355137,-0.002789700700487126,0.0008964840226089453
24.776400095355136,-0.0025658210362826945,0.0008981249068031434
24.77840009535514,-0.0019068221567663673,0.000890295530569756
24.780400095355137,-0.001247823277251211,0.0008824661543363827
24.782400095355136,-0.00066385965029633,0.0008753886874202775
24.78440009535514,-0.00011201774570252182,0.0008686331041722578
24.786400095355138,0.000439824158890306,0.0008618775209242502
24.788400095355136,-0.0005650317194361406,0.0008696916331270254
24.790400095355135,-0.0022362919675813784,0.0008837428639419463
24.792400095355134,-0.003907552215726617,0.0008977940947568669
24.794400095355137,-0.004134405875544136,0.0009134245877071597
24.796400095355136,-0.0037429256542414334,0.0009297311446503085
24.798400095355134,-0.0033514454329387315,0.0009460377015934572
24.800400095355137,-0.002052020948526225,0.0009542427817862167
24.802400095355136,-0.00036391589845695014,0.0009589797123425028
24.804400095355135,0.001324189151612325,0.0009637166428987891
24.806400095355134,0.0013540813196221677,0.0009632692263928836
24.808400095355132,0.0006741114099175409,0.0009606024498657307
24.810400095355135,-5.8584997882937286e-06,0.0009579356733385731
24.812400095355134,-0.0001376402881862614,0.0009606864965881805
24.814400095355133,-3.474894666265113e-05,0.0009657565329817073
24.816400095355135,6.814239486114192e-05,0.0009708265693752427
24.818400095355134,-0.0006265149628433474,0.0009877402911674406
24.820400095355133,-0.0016625939338404659,0.00100972416125285
24.822400095355132,-0.0026986729048375842,0.0010317080313382593
24.82440009535513,-0.0024803200973687995,0.001037365923130694
24.826400095355133,-0.0017249591107227143,0.00103603484666923
24.828400095355132,-0.0009695981240779714,0.0010347037702077683
24.83040009535513,-0.0009928797890887983,0.0010364935729746767
24.832400095355133,-0.0013494896842373915,0.0010396193893127098
24.834400095355132,-0.0017060995793853513,0.0010427452056507374
24.83640009535513,-0.0027375967331537978,0.0010511169450962287
24.83840009535513,-0.004058005627021269,0.001061734405962659
24.84040009535513,-0.00537841452088874,0.0010723518668290897
24.84240009535513,-0.004851574766115857,0.0010889308629094226
24.84440009535513,-0.003533948282203304,0.0011080619263228962
24.84640009535513,-0.00221632179829075,0.0011271929897363699
24.84840009535513,-0.0014764055933041834,0.0011330055973823798
24.85040009535513,-0.0009838008041108467,0.0011331167206128138
24.85240009535513,-0.0004911960149175099,0.0011332278438432478
24.85440009535513,-0.0007096295069768254,0.001123584940544537
24.856400095355127,-0.001232450703876194,0.0011097664452609263
24.85840009535513,-0.0017552719007764912,0.0010959479499772914
24.86040009535513,-0.0014990274443161806,0.001096479799380901
24.862400095355127,-0.0009092734682443855,0.001103154875022575
24.86440009535513,-0.00031951949217154255,0.0011098299506642612
24.86640009535513,-0.0004190962992804848,0.001122530685744809
24.868400095355128,-0.0008137681422458761,0.0011378109403123128
24.870400095355127,-0.0012084399852112673,0.0011530911948798165
24.872400095355125,-0.001089858713886168,0.001158417025676299
24.874400095355128,-0.0007515593207563692,0.0011594814750340479
24.876400095355127,-0.0004132599276271714,0.0011605459243917943
24.878400095355126,7.849713509047469e-05,0.001151374130657228
24.880400095355128,0.0006359477789845398,0.0011378203111280338
24.882400095355127,0.0011933984228776147,0.001124266491598864
24.884400095355126,0.001465985457844733,0.001120198667638137
24.886400095355125,0.0016166254243330574,0.0011201916970645309
24.888400095355124,0.0017672653908213823,0.0011201847264909247
24.890400095355126,0.0010956055750602964,0.0011282181961540872
24.892400095355125,7.192796140988839e-05,0.0011396936928337984
24.894400095355124,-0.0009517496522405196,0.0011511691895135098
24.896400095355126,-0.0018246892940209586,0.0011575826116228811
24.898400095355125,-0.002633099603974342,0.0011618290131360368
24.900400095355124,-0.0034415099139277257,0.0011660754146491925
24.902400095355123,-0.0035938217897060706,0.0011557162040594022
24.904400095355122,-0.0034652648286356363,0.0011391044845942058
24.906400095355124,-0.003336707867564974,0.0011224927651289805
24.908400095355123,-0.003134768160764212,0.0011102861943862263
24.910400095355122,-0.0029014140686746117,0.0010999654216991893
24.912400095355125,-0.002668059976584597,0.001089644649012134
24.914400095355123,-0.002954388150417004,0.0010914023961839925
24.916400095355122,-0.0034631868899852028,0.0010983308319139683
24.91840009535512,-0.0039719856295534015,0.0011052592676439443
24.92040009535512,-0.003385152015225064,0.0011094590731152354
24.922400095355123,-0.0023292895425436186,0.0011124907802453846
24.92440009535512,-0.0012734270698640487,0.0011155224873755285
24.92640009535512,-0.0005337671975785047,0.001109570917321552
24.928400095355123,7.052960098280275e-05,0.0010997736989071284
24.93040009535512,0.0006748263995430366,0.0010899764804927223
24.93240009535512,-0.0007412541138342306,0.001079218652768228
24.93440009535512,-0.0030222374352879577,0.001068049598049226
24.93640009535512,-0.005303220756741684,0.001056880543330224
24.93840009535512,-0.004781663406407676,0.001061306869920619
24.94040009535512,-0.0030603669857443786,0.0010724094201469121
24.94240009535512,-0.0013390705650810804,0.0010835119703732055
24.94440009535512,-0.0014837748188862832,0.0011000681710024954
24.94640009535512,-0.0024272950238956245,0.001118959024021646
24.94840009535512,-0.003370815228904966,0.0011378498770407966
24.950400095355118,-0.004069679538066815,0.0011378612221894006
24.952400095355117,-0.00466380912815114,0.001129790440617559
24.95440009535512,-0.005257938718236522,0.0011217196590457032
24.956400095355118,-0.005439351585176816,0.0011097153813236155
24.958400095355117,-0.005444084567590472,0.0010960272134012052
24.96040009535512,-0.005448817550004138,0.0010823390454787708
24.962400095355118,-0.005176571837220495,0.0010889372141090349
24.964400095355117,-0.00478575431181323,0.0011042197607736095
24.966400095355116,-0.004394936786405965,0.0011195023074381844
24.968400095355115,-0.004580270892729823,0.0011442984591002992
24.970400095355117,-0.005012249787960831,0.0011731672905348136
24.972400095355116,-0.005444228683191071,0.0012020361219692768
24.974400095355115,-0.005337337218417089,0.0012177676728883618
24.976400095355118,-0.004999760678079575,0.0012278752838521157
24.978400095355116,-0.00466218413774266,0.0012379828948158513
24.980400095355115,-0.0043275628939511935,0.0012323775629043696
24.982400095355114,-0.00399420678356136,0.0012200456746004288
24.984400095355113,-0.003660850673171527,0.001207713786296488
24.986400095355116,-0.0037981582164063163,0.0012048482116772915
24.988400095355114,-0.00413695226833818,0.001206035073399607
24.990400095355113,-0.004475746320270044,0.0012072219351219222
24.992400095355116,-0.0040191477016973285,0.0012288703121745412
24.994400095355115,-0.003222049214695025,0.0012592780649873098
24.996400095355114,-0.002424950727692721,0.0012896858178000781
24.998400095355112,-0.0019097123622751812,0.0013049942860219367
25.00040009535511,-0.0015151355892982306,0.001313838896521713
25.002400095355114,-0.0011205588163205789,0.001322683507021505
25.004400095355113,-0.0021116009161943807,0.0013222716184900602
25.00640009535511,-0.003695813130186123,0.0013178971117421183
25.008400095355114,-0.00528002534418068,0.0013135226049941688
25.010400095355113,-0.006841733074531854,0.001310287301257995
25.01240009535511,-0.008393806850662967,0.0013075396794361464
25.01440009535511,-0.009945880626794083,0.0013047920576142978
25.01640009535511,-0.01024374976648669,0.0013258042935273338
25.018400095355112,-0.010004705829469116,0.0013569878985679133
25.02040009535511,-0.009765661892451967,0.0013881715036084372
25.02240009535511,-0.008870282214800393,0.0014142937551600311
25.024400095355112,-0.007693931413775735,0.0014382492891500307
25.02640009535511,-0.006517580612753166,0.001462204823139988
25.02840009535511,-0.00670946920621065,0.0014748501949000477
25.03040009535511,-0.007487088217297055,0.0014826537925721115
25.032400095355108,-0.00826470722838346,0.0014904573902441757
25.03440009535511,-0.00853879161602756,0.0014915056527851796
25.03640009535511,-0.008597317539917165,0.0014896620195255727
25.038400095355108,-0.008655843463806772,0.001487818386265966
25.04040009535511,-0.00836507627205332,0.0014993995814153395
25.04240009535511,-0.00792477994515027,0.0015167278207852404
25.04440009535511,-0.007484483618247222,0.001534056060155141
25.046400095355107,-0.00740503843478425,0.0015452069233722978
25.048400095355106,-0.007480070289898639,0.0015537133089659192
25.05040009535511,-0.007555102145013162,0.001562219694559556
25.052400095355107,-0.007996105462016099,0.0015684263143474991
25.054400095355106,-0.00859377779805206,0.0015736484255321707
25.05640009535511,-0.009191450134089084,0.001578870536716851
25.058400095355108,-0.009730991133706528,0.0015977807489186385
25.060400095355106,-0.010245646639421813,0.0016225507120805826
25.062400095355105,-0.0107603021451371,0.0016473206752425267
25.064400095355104,-0.009308479922866727,0.0016591199464770653
25.066400095355107,-0.007014826450814949,0.0016653665823370416
25.068400095355106,-0.004721172978767246,0.0016716132181970073
25.070400095355104,-0.004745907022573114,0.0016776493457672803
25.072400095355107,-0.00576312182251934,0.0016835953566400326
25.074400095355106,-0.006780336622463759,0.0016895413675127743
25.076400095355105,-0.007260575947326055,0.0016828821856211273
25.078400095355104,-0.007510940892644273,0.001670826833885216
25.080400095355103,-0.007761305837962491,0.0016587714821493045
25.082400095355105,-0.007954450245091955,0.001660756757373807
25.084400095355104,-0.008123099050544976,0.0016687526996802613
25.086400095355103,-0.008291747855997997,0.001676748641986715
25.088400095355105,-0.006648834359755613,0.001699289570874306
25.090400095355104,-0.0042304071149343895,0.00172805707946935
25.092400095355103,-0.0018119798701131664,0.0017568245880643944
25.094400095355102,-0.002028163263236212,0.0017667261180090762
25.0964000953551,-0.003372200235444873,0.0017685512888753756
25.098400095355103,-0.004716237207655922,0.0017703764597416783
25.100400095355102,-0.0062339481604626445,0.0017624510698262437
25.1024000953551,-0.007826007421944078,0.001750351550313183
25.104400095355103,-0.009418066683428341,0.001738252030800101
25.106400095355102,-0.00999106431944796,0.0017359594916408045
25.1084000953551,-0.010127810552469238,0.001737865235324871
25.1104000953551,-0.010264556785490517,0.001739770979008938
25.1124000953551,-0.007874875354823573,0.0017484376459993556
25.1144000953551,-0.004403652119168464,0.0017599986057103777
25.1164000953551,-0.0009324288835195206,0.0017715595654213792
25.1184000953551,-0.0007535816403229174,0.001781853048218182
25.1204000953551,-0.0019841722239479095,0.0017916039350564634
25.1224000953551,-0.0032147628075707155,0.0018013548218947274
25.1244000953551,-0.004254172357375736,0.0017883173774430096
25.1264000953551,-0.005211738941818241,0.0017655244432798326
25.128400095355097,-0.006169305526260746,0.0017427315091166561
25.1304000953551,-0.006294209689990948,0.001728726734452395
25.1324000953551,-0.006062658149082898,0.0017184840961698936
25.134400095355097,-0.005831106608174848,0.0017082414578873924
25.1364000953551,-0.006242013138407979,0.0017238994485727062
25.1384000953551,-0.006927950542137522,0.0017506452797399247
25.140400095355098,-0.007613887945867066,0.0017773911109071436
25.142400095355097,-0.009241881781884983,0.0017841702556086194
25.144400095355095,-0.011273162069245172,0.0017824018294280912
25.146400095355098,-0.013304442356608971,0.0017806334032475597
25.148400095355097,-0.012472111221045912,0.00176838905129824
25.150400095355096,-0.010413891919284254,0.0017516600429017736
25.152400095355098,-0.00835567261751894,0.0017349310345052772
25.154400095355097,-0.006759121358317457,0.0017312999339639194
25.156400095355096,-0.005360206362147383,0.001733275939228842
25.158400095355095,-0.003961291365977308,0.0017352519444937653
25.160400095355094,-0.004104424895645208,0.0017547869009968417
25.162400095355096,-0.0049076967017990655,0.0017818386999423489
25.164400095355095,-0.005710968507951496,0.0018088904988878074
25.166400095355094,-0.006689559478347099,0.001830497670905555
25.168400095355096,-0.007743203148680977,0.0018497740426777665
25.170400095355095,-0.008796846819012983,0.0018690504144499437
25.172400095355094,-0.008575860713567925,0.0018602829457862338
25.174400095355093,-0.007809215961002955,0.0018395101369656434
25.176400095355092,-0.007042571208437986,0.0018187373281450525
25.178400095355094,-0.0069559793305647615,0.0018004583323121507
25.180400095355093,-0.007160512597206508,0.0017832469176828345
25.182400095355092,-0.007365045863848254,0.0017660355030535183
25.184400095355095,-0.008906394908064934,0.0017826215660854397
25.186400095355093,-0.01102002406352787,0.0018136760582011197
25.188400095355092,-0.013133653218990807,0.0018447305503167994
25.19040009535509,-0.01157911135384482,0.001871707818820591
25.19240009535509,-0.008454254703544613,0.0018969396603843198
25.194400095355093,-0.005329398053238857,0.0019221715019480936
25.19640009535509,-0.0044498681458339994,0.0019225608475808547
25.19840009535509,-0.004531544845232692,0.0019123153173346845
25.200400095355093,-0.00461322154463153,0.0019020697870884965
25.20240009535509,-0.004865085659846809,0.001899293573052048
25.20440009535509,-0.00518980566978555,0.0018997149145623521
25.20640009535509,-0.0055145256797242935,0.0019001362560726559
25.20840009535509,-0.0055634900929895405,0.0019169553272503708
25.21040009535509,-0.005494405688600995,0.0019407941384544185
25.21240009535509,-0.005425321284212571,0.0019646329496584235
25.21440009535509,-0.0049098222676029184,0.001982578233568145
25.21640009535509,-0.004203216617659481,0.001998000544150341
25.21840009535509,-0.0034966109677172985,0.0020134228547325096
25.22040009535509,-0.005083599424169562,0.0020168297536783037
25.222400095355088,-0.00765245785162627,0.002015092947448835
25.224400095355087,-0.010221316279082978,0.002013356141219366
25.22640009535509,-0.013233585720132484,0.0020138288924579717
25.228400095355088,-0.01643567602439294,0.0020152475383475063
25.230400095355087,-0.01963776632865339,0.002016666184237041
25.23240009535509,-0.01705449953855136,0.002039240353212672
25.234400095355088,-0.011994565321523588,0.002070871040925543
25.236400095355087,-0.006934631104495815,0.002102501728638414
25.238400095355086,-0.005544659433220396,0.0021367380660039276
25.240400095355085,-0.005725771046186844,0.0021720898623319848
25.242400095355087,-0.005906882659153614,0.0022074416586601044
25.244400095355086,-0.007868083356320419,0.0022191820888852946
25.246400095355085,-0.010591326858343493,0.0022208146701206684
25.248400095355088,-0.013314570360371406,0.002222447251356045
25.250400095355086,-0.012802184829408337,0.002225604487009467
25.252400095355085,-0.010904650570781754,0.00222941441588135
25.254400095355084,-0.009007116312155169,0.002233224344753233
25.256400095355083,-0.010743973954108213,0.0022576711056636434
25.258400095355086,-0.014036687935282467,0.0022909523420040585
25.260400095355084,-0.017329401916450875,0.0023242335783444147
25.262400095355083,-0.016345707618924697,0.002345348713622193
25.264400095355086,-0.0135313142834088,0.002361255630212777
25.266400095355085,-0.010716920947897902,0.0023771625468033335
25.268400095355084,-0.00935101142848622,0.00238811079755377
25.270400095355082,-0.00860518729037676,0.0023969362795414175
25.27240009535508,-0.007859363152267299,0.0024057617615290653
25.274400095355084,-0.006931534863208569,0.0024191212109003343
25.276400095355083,-0.00592579191186409,0.0024344216189567296
25.27840009535508,-0.0049200489605196115,0.002449722027013125
25.280400095355084,-0.0017510269039231626,0.0024659206690567288
25.282400095355083,0.002344079425913137,0.002482503838629463
25.284400095355082,0.006439185755749437,0.0024990870082021973
25.28640009535508,0.00600763609101014,0.00249990062335684
25.28840009535508,0.0036382572124471053,0.0024939634045013483
25.290400095355082,0.0012688783338798632,0.002488026185645846
25.29240009535508,0.00010515924858048016,0.0024828427004135755
25.29440009535508,-0.0005424253961189492,0.002477981883220961
25.296400095355082,-0.0011900100408195288,0.0024731210660283373
25.29840009535508,-0.003836930341942305,0.0024847153704699466
25.30040009535508,-0.007339752220403959,0.0025033539971176786
25.30240009535508,-0.010842574098865609,0.002521992623765411
25.304400095355078,-0.012630821512028005,0.00252673529357404
25.30640009535508,-0.013685071526138716,0.0025255292009441215
25.30840009535508,-0.014739321540247548,0.0025243231083142055
25.310400095355078,-0.015490790480423613,0.0025084588519626227
25.31240009535508,-0.01611264093341663,0.0024863195369297514
25.31440009535508,-0.016734491386408548,0.0024641802218969195
25.31640009535508,-0.01376945037898138,0.0024566767422764283
25.318400095355077,-0.009268885712440167,0.002455438763520556
25.320400095355076,-0.004768321045898952,0.0024542007847646835
25.32240009535508,-0.005543031353423579,0.0024783523108647463
25.324400095355077,-0.008576051015073022,0.0025133729113911416
25.326400095355076,-0.011609070676722465,0.0025483935119175365
25.32840009535508,-0.012376948766353793,0.0025571437028276754
25.330400095355078,-0.012175135027360721,0.0025546477085747372
25.332400095355077,-0.011973321288367648,0.0025521517143218004
25.334400095355075,-0.010638411397338754,0.0025293898776935697
25.336400095355074,-0.008818430626088062,0.0024979523695596527
25.338400095355077,-0.006998449854834138,0.0024665148614256803
25.340400095355076,-0.007570447877657344,0.0024602944233360837
25.342400095355075,-0.00916643614276638,0.002464869245525715
25.344400095355077,-0.010762424407878252,0.0024694440677153545
25.346400095355076,-0.01248040816452361,0.002486973638217987
25.348400095355075,-0.014250617387701028,0.002510049051160628
25.350400095355074,-0.016020826610878447,0.002533124464103269
25.352400095355073,-0.016539976290820088,0.002542793843224707
25.354400095355075,-0.01652355555254757,0.002546724186838981
25.356400095355074,-0.01650713481427508,0.0025506545304532485
25.358400095355073,-0.015914694610419396,0.0025204326262819837
25.360400095355075,-0.015075664205420244,0.00247559036610868
25.362400095355074,-0.014236633800422583,0.0024307481059354552
25.364400095355073,-0.014301306145327396,0.002424334698815216
25.366400095355072,-0.014752847830367457,0.0024343724367472254
25.36840009535507,-0.015204389515407517,0.002444410174679235
25.370400095355073,-0.01633398098655251,0.0024730090142923915
25.372400095355072,-0.017753841250112343,0.0025095537432506783
25.37440009535507,-0.019173701513672176,0.0025460984722089656
25.376400095355073,-0.017432493543876562,0.002548183061199356
25.378400095355072,-0.01433805223983929,0.0025355154820412406
25.38040009535507,-0.011243610935802022,0.0025228479028831254
25.38240009535507,-0.006933047808155819,0.00248918566980734
25.38440009535507,-0.002101870548458451,0.002446535756949091
25.38640009535507,0.0027293067112474974,0.002403885844090767
25.38840009535507,-0.00025177914359147784,0.0024039643669955778
25.39040009535507,-0.006577246298924,0.002422334667771953
25.39240009535507,-0.012902713454267762,0.0024407049685483614
25.39440009535507,-0.014834560665411108,0.0024783457902672764
25.39640009535507,-0.014885526243045837,0.002524236203295722
25.39840009535507,-0.014936491820680565,0.002570126616324168
25.400400095355067,-0.015327248330442552,0.002591265930267988
25.40240009535507,-0.015863467263216975,0.0026018094498434863
25.40440009535507,-0.016399686195990443,0.002612352969418966
25.406400095355067,-0.016637575262479304,0.0025970365327978684
25.40840009535507,-0.016747751119184088,0.0025706496054750155
25.41040009535507,-0.016857926975888674,0.0025442626781522104
25.412400095355068,-0.016531589676996274,0.0025568806789460045
25.414400095355067,-0.016018383715455987,0.002586196455420483
25.416400095355066,-0.015505177753915694,0.002615512231894961
25.418400095355068,-0.015451772388628226,0.0026523282555581795
25.420400095355067,-0.01559520492405198,0.0026923550904370307
25.422400095355066,-0.015738637459475735,0.0027323819253158815
25.424400095355068,-0.014292528802591437,0.0027321853428943447
25.426400095355067,-0.012165946930131538,0.002714769352605663
25.428400095355066,-0.010039365057671638,0.0026973533623169815
25.430400095355065,-0.012044981001629379,0.0026816112714340475
25.432400095355064,-0.015819566695133087,0.0026665857671096713
25.434400095355066,-0.019594152388643503,0.0026515602627852687
25.436400095355065,-0.021680262066396873,0.0026751543473046875
25.438400095355064,-0.023043544934185825,0.0027152812542898686
25.440400095355066,-0.024406827801977202,0.002755408161275121
25.442400095355065,-0.02337210394054886,0.0027831073658244063
25.444400095355064,-0.021310807149733425,0.002805486342227655
25.446400095355063,-0.01924951035891799,0.0028278653186309035
25.448400095355062,-0.01782193563920668,0.0028379486311082384
25.450400095355064,-0.016665653737755783,0.002842768239714487
25.452400095355063,-0.015509371836306941,0.0028475878483207265
25.454400095355062,-0.01548691495899425,0.002851925205982244
25.456400095355065,-0.015949842193189193,0.0028560561147285084
25.458400095355064,-0.016412769427383313,0.0028601870234747652
25.460400095355062,-0.02004989729706433,0.002894341035845608
25.46240009535506,-0.025045882762764433,0.0029413477715006164
25.46440009535506,-0.03004186822846454,0.002988354507155625
25.466400095355063,-0.028541079464205525,0.003007762513386886
25.46840009535506,-0.024259057525811138,0.0030153556559456844
25.47040009535506,-0.019977035587416748,0.003022948798504482
25.472400095355063,-0.016701760366540173,0.003036039066047443
25.474400095355062,-0.013857467909953236,0.0030514826227345513
25.47640009535506,-0.0110131754533663,0.0030669261794216596
25.47840009535506,-0.012456715341875058,0.0031043485450256863
25.48040009535506,-0.015735853036967958,0.0031511799197028803
25.48240009535506,-0.01901499073206668,0.003198011294380157
25.48440009535506,-0.021407093180407063,0.003226732548270946
25.48640009535506,-0.023419460596096637,0.0032477009565636443
25.48840009535506,-0.02543182801178979,0.0032686693648563804
25.49040009535506,-0.02551965577432028,0.0032745679989606394
25.49240009535506,-0.024783598328784847,0.00327401534274081
25.494400095355058,-0.024047540883249414,0.0032734626865209807
25.496400095355057,-0.024821473305238227,0.003288879331053782
25.49840009535506,-0.02624182445323052,0.0033111323493065113
25.500400095355058,-0.027662175601220286,0.0033333853675592013
25.502400095355057,-0.02878566018264053,0.003371873557169951
25.50440009535506,-0.02978205773141328,0.0034173119391729075
25.50640009535506,-0.03077845528018427,0.003462750321175783
25.508400095355057,-0.029986522276087967,0.003470103604835487
25.510400095355056,-0.028429014171296875,0.0034611528540132563
25.512400095355055,-0.026871506066505773,0.003452202103191025
25.514400095355057,-0.023226426431536676,0.0034369564688136035
25.516400095355056,-0.018687668063412863,0.0034190160268669015
25.518400095355055,-0.014148909695289048,0.0034010755849202003
25.520400095355058,-0.011136120025624259,0.0034247654133687418
25.522400095355056,-0.008776589860133247,0.0034662769506269525
25.524400095355055,-0.006417059694642237,0.0035077884878851637
25.526400095355054,-0.007848276224072588,0.003558220595940477
25.528400095355053,-0.010902292498012334,0.0036124715558409457
25.530400095355056,-0.013956308771957507,0.0036667225157415106
25.532400095355055,-0.014523543292884415,0.003665631891269923
25.534400095355053,-0.014026198821976513,0.003640849807736451
25.536400095355056,-0.013528854351067727,0.0036160677242029356
25.538400095355055,-0.013837960624710856,0.0035895690236059682
25.540400095355054,-0.014492304523736512,0.00356233544762734
25.542400095355053,-0.015146648422762166,0.003535101871648712
25.54440009535505,-0.01734540898674,0.003555735127041949
25.546400095355054,-0.020205326864861803,0.0035968599417303283
25.548400095355053,-0.023065244742978528,0.0036379847564186342
25.55040009535505,-0.021722458888076522,0.0037039734775286726
25.552400095355054,-0.018580515642229567,0.0037806063181980818
25.554400095355053,-0.015438572396388194,0.003857239158867353
25.556400095355052,-0.01792239326028698,0.003852289087046079
25.55840009535505,-0.022814577163345756,0.0038124137557868777
25.56040009535505,-0.027706761066404535,0.0037725384245276767
25.562400095355052,-0.026902747183421255,0.0037489284863068757
25.56440009535505,-0.023660217634231435,0.0037322816868729184
25.56640009535505,-0.020417688085041612,0.0037156348874389606
25.568400095355052,-0.017189173962448796,0.003728308607082797
25.57040009535505,-0.013966659779271993,0.0037535343055518644
25.57240009535505,-0.010744145596095189,0.0037787600040209315
25.57440009535505,-0.01119178648606912,0.003799378177988688
25.576400095355048,-0.013210604010567738,0.003818023891748313
25.57840009535505,-0.015229421535069943,0.0038366696055079723
25.58040009535505,-0.015581256703860057,0.0037890475127869564
25.582400095355048,-0.015219464246403849,0.003713056471064539
25.58440009535505,-0.014857671788946997,0.0036370654293419865
25.58640009535505,-0.011287206218040427,0.003623661151188831
25.58840009535505,-0.006343121991858573,0.0036370499875014845
25.590400095355047,-0.0013990377656767205,0.003650438823814137
25.592400095355046,-0.003631358911202897,0.0036826164107199473
25.59440009535505,-0.008935867584878772,0.0037228373789918246
25.596400095355047,-0.014240376258545226,0.0037630583472636307
25.598400095355046,-0.018230121300874338,0.0037709046761976975
25.60040009535505,-0.02165702175413446,0.0037648915629170583
25.602400095355048,-0.025083922207388497,0.00375887844963643
25.604400095355047,-0.025125720964483702,0.0037159574563027744
25.606400095355045,-0.023718372236483407,0.0036572363581687996
25.608400095355044,-0.022311023508483113,0.0035985152600348236
25.610400095355047,-0.016349997863541924,0.0036077666311340587
25.612400095355046,-0.008439562462477814,0.0036461167277443084
25.614400095355045,-0.0005291270614137082,0.003684466824354557
25.616400095355047,0.002241800231087608,0.0037105757123092487
25.618400095355046,0.002812525648061017,0.003731444190155808
25.620400095355045,0.0033832510650344256,0.003752312668002367
25.622400095355044,0.0042190981142849774,0.0037277808039601476
25.624400095355043,0.005168442636975356,0.0036838132414672873
25.626400095355045,0.00611778715966742,0.0036398456789743473
25.628400095355044,0.0002462455167737505,0.0036194344502215154
25.630400095355043,-0.008545289624722997,0.003609107591695952
25.632400095355045,-0.017336824766235357,0.003598780733170371
25.634400095355044,-0.014377904033171164,0.003618564963326407
25.636400095355043,-0.006388660525482046,0.003651239629120069
25.638400095355042,0.0016005829822070723,0.0036839142949137323
25.64040009535504,0.0016609920562636908,0.0037030717428737656
25.642400095355043,-0.001672901338351536,0.0037164425236702924
25.644400095355042,-0.00500679473296084,0.0037298133044667944
25.64640009535504,-0.010215875975835655,0.00372541570473925
25.648400095355044,-0.01622771777408168,0.003713411531072687
25.650400095355042,-0.022239559572317023,0.0037014073574061454
25.65240009535504,-0.02062130931671994,0.0037204993808634622
25.65440009535504,-0.015736646204813225,0.0037529035658715277
25.65640009535504,-0.010851983092906513,0.003785307750879594
25.65840009535504,-0.009828414528413341,0.0038205621576194973
25.66040009535504,-0.010457765790692622,0.00385703673339516
25.66240009535504,-0.011087117052971902,0.003893511309170824
25.66440009535504,-0.008971654536115911,0.003907869183170193
25.66640009535504,-0.0056811475793425385,0.003912758980446356
25.66840009535504,-0.002390640622569166,0.003917648777722519
25.67040009535504,-0.0031052841381589845,0.003938806545259386
25.672400095355037,-0.005534517697711104,0.0039669285704532235
25.67440009535504,-0.00796375125726754,0.0039950505956471115
25.67640009535504,-0.004926688446904347,0.00405282693276628
25.678400095355038,0.0004504758308634428,0.004123298172275531
25.68040009535504,0.005827640108640784,0.0041937694117849065
25.68240009535504,0.001298735049615542,0.004234291271438572
25.684400095355038,-0.00747092255971751,0.0042619919096082565
25.686400095355037,-0.016240580169050563,0.0042896925477779405
25.688400095355036,-0.02001606059827596,0.004298235005865412
25.690400095355038,-0.021653551525890026,0.004298575915147416
25.692400095355037,-0.023291042453501182,0.0042989168244294195
25.694400095355036,-0.0245726284845236,0.004341031155835846
25.696400095355038,-0.02570185287526811,0.004401028543013702
25.698400095355037,-0.02683107726601061,0.004461025930191451
25.700400095355036,-0.02065773792547799,0.004531078191784044
25.702400095355035,-0.01135819622798669,0.004605434910448336
25.704400095355034,-0.0020586545304953907,0.0046797916291126266
25.706400095355036,-0.004129730849778995,0.0046992006996636705
25.708400095355035,-0.011068530145319585,0.004695086868573098
25.710400095355034,-0.018007329440860177,0.004690973037482527
25.712400095355036,-0.0177256476301036,0.0047193177171032195
25.714400095355035,-0.014352901983123601,0.004761557776707565
25.716400095355034,-0.010980156336143602,0.00480379783631191
25.718400095355033,-0.010120174367423036,0.004901614177421626
25.720400095355032,-0.010335898267250003,0.005023222541905697
25.722400095355034,-0.010551622167077354,0.005144830906389984
25.724400095355033,-0.014168124647103821,0.005175979073161775
25.726400095355032,-0.019240489436216004,0.005168401521920479
25.728400095355035,-0.024312854225337195,0.005160823970679169
25.730400095355034,-0.03030788036063676,0.005134514439874947
25.732400095355032,-0.03669789488261366,0.005100185808219249
25.73440009535503,-0.04308790940459056,0.00506585717656355
25.73640009535503,-0.045615564448643814,0.005113772966547348
25.738400095355033,-0.04648975548360373,0.00519689733613322
25.74040009535503,-0.04736394651856209,0.005280021705718944
25.74240009535503,-0.04673959738038018,0.0053389265440941655
25.744400095355033,-0.04547372780257127,0.005387463075641161
25.746400095355032,-0.04420785822476461,0.005435999607188072
25.74840009535503,-0.042137736391864855,0.005396177444334555
25.75040009535503,-0.0397233165991236,0.0053185291914406635
25.75240009535503,-0.03730889680638234,0.005240880938546773
25.75440009535503,-0.034241788541413735,0.005189732756189091
25.75640009535503,-0.03089526627929796,0.0051499291753504565
25.75840009535503,-0.027548744017182186,0.005110125594511822
25.76040009535503,-0.0216333769430292,0.005181930243554901
25.76240009535503,-0.014618294895026227,0.005301514050385904
25.76440009535503,-0.007603212847023255,0.005421097857216907
25.766400095355028,-0.009576259741341457,0.005440899888885172
25.768400095355027,-0.015397098906548615,0.005417985628240476
25.77040009535503,-0.021217938071766113,0.005395071367595741
25.772400095355028,-0.019622744264292648,0.005297528947308698
25.774400095355027,-0.01485276757583598,0.005168038421539303
25.77640009535503,-0.01008279088737084,0.005038547895769677
25.77840009535503,-0.006636724293934171,0.005042708184451212
25.780400095355027,-0.0037574199631838197,0.005104084018427712
25.782400095355026,-0.0008781156324334698,0.00516545985240421
25.784400095355025,-0.006035591813442619,0.005221269207082253
25.786400095355027,-0.014633592007838467,0.005274695567019118
25.788400095355026,-0.023231592202219042,0.005328121926955888
25.790400095355025,-0.027745446671703207,0.005298462400994029
25.792400095355028,-0.030510889178753345,0.005233234027444303
25.794400095355027,-0.03327633168579856,0.005168005653894693
25.796400095355025,-0.033349064685736986,0.005090742410819402
25.798400095355024,-0.03226905573776353,0.005008327071350763
25.800400095355023,-0.031189046789790068,0.004925911731882126
25.802400095355026,-0.026658150609704646,0.004995963810717717
25.804400095355025,-0.02064993838284529,0.0051312868035305005
25.806400095355023,-0.014641726155985937,0.005266609796343286
25.808400095355026,-0.01679815141847243,0.005253634876261091
25.810400095355025,-0.02244983765772425,0.005177173988975268
25.812400095355024,-0.028101523896976077,0.0051007131016894474
25.814400095355023,-0.029732277196235345,0.004993950304246742
25.81640009535502,-0.029641678903359846,0.004874215332915115
25.818400095355024,-0.029551080610484195,0.004754480361583276
25.820400095355023,-0.023879101009086856,0.004711005267076943
25.82240009535502,-0.01581774537516567,0.004700176844040874
25.824400095355024,-0.0077563897412301595,0.004689348421004785
25.826400095355023,-0.009904789833357488,0.004692453596213585
25.828400095355022,-0.016423962555389148,0.004701523712355239
25.83040009535502,-0.022943135277420812,0.004710593828496893
25.83240009535502,-0.02756634020644886,0.004682551179582964
25.834400095355022,-0.03137788564149118,0.004638620640475444
25.83640009535502,-0.03518943107652672,0.004594690101368001
25.83840009535502,-0.03964144865144608,0.004526795023200838
25.840400095355022,-0.04436765092480019,0.004448640779168478
25.84240009535502,-0.04909385319814589,0.004370486535136258
25.84440009535502,-0.04703713442736708,0.004360509511209756
25.84640009535502,-0.042076661884655295,0.004379719007184348
25.848400095355018,-0.03711618934194351,0.004398928503158941
25.85040009535502,-0.03194382841159493,0.004407686982902648
25.85240009535502,-0.026680758511294943,0.004411971404733301
25.854400095355018,-0.021417688610994964,0.0044162558265639544
25.85640009535502,-0.02336643846847164,0.004405924585267638
25.85840009535502,-0.028402553473076953,0.004389336408765527
25.86040009535502,-0.033438668477682267,0.004372748232263416
25.862400095355017,-0.033827316934861795,0.0043778388083981394
25.864400095355016,-0.032226394312155404,0.004392210014926671
25.86640009535502,-0.030625471689446168,0.004406581221455226
25.868400095355017,-0.026491939475376553,0.004410280750843726
25.870400095355016,-0.021274202055262724,0.004409411756148646
25.87240009535502,-0.016056464635139628,0.004408542761453564
25.874400095355018,-0.014504044172614878,0.0044376466310209585
25.876400095355017,-0.014520738916170922,0.004479581826672353
25.878400095355016,-0.014537433659726961,0.004521517022323748
25.880400095355014,-0.015710802395689408,0.0045594637133001825
25.882400095355017,-0.01737934112553317,0.004595702932812423
25.884400095355016,-0.019047879855373966,0.004631942152324599
25.886400095355015,-0.019925542389354206,0.004617021949880873
25.888400095355017,-0.02046463224660471,0.004580200490929093
25.890400095355016,-0.021003722103854258,0.004543379031977378
25.892400095355015,-0.0207840322663015,0.004531274399594687
25.894400095355014,-0.02023951016602814,0.004529750997517297
25.896400095355013,-0.01969498806575478,0.004528227595439907
25.898400095355015,-0.019531821113034496,0.0045507773381778666
25.900400095355014,-0.019531911653521642,0.004583632753466358
25.902400095355013,-0.01953200219400879,0.004616488168754849
25.904400095355015,-0.021849692495058123,0.0046335197700015625
25.906400095355014,-0.02515954345421496,0.004643777222397895
25.908400095355013,-0.028469394413371797,0.004654034674794228
25.910400095355012,-0.028714347591440995,0.004656480675957519
25.91240009535501,-0.02764722289089764,0.004655582607238293
25.914400095355013,-0.026580098190352387,0.004654684538519064
25.916400095355012,-0.029111502666354237,0.004704800327913104
25.91840009535501,-0.03318343196629749,0.004776755071761301
25.920400095355014,-0.03725536126624798,0.004848709815609625
25.922400095355012,-0.03671389775157424,0.004985201235474157
25.92440009535501,-0.03419744759991372,0.005149320710839184
25.92640009535501,-0.031680997448253194,0.00531344018620421
25.92840009535501,-0.03042396984509445,0.005300066383312754
25.93040009535501,-0.02970609923822475,0.005210707961215832
25.93240009535501,-0.02898822863135631,0.005121349539119068
25.93440009535501,-0.02733519470770198,0.005002164122041877
25.936400095355012,-0.02528181865251687,0.004870209809378865
25.93840009535501,-0.02322844259733541,0.004738255496716085
25.94040009535501,-0.020685882634886354,0.004721854033597614
25.94240009535501,-0.01793390368758536,0.004754920592809403
25.944400095355007,-0.015181924740284368,0.004787987152021192
25.94640009535501,-0.016114789647990256,0.0048500234593633704
25.94840009535501,-0.018625131541055308,0.00492446167917322
25.950400095355008,-0.02113547343412036,0.0049988998989830705
25.95240009535501,-0.02351935203745518,0.005000839884856587
25.95440009535501,-0.02584909185996299,0.004971743464786853
25.956400095355008,-0.0281788316824708,0.0049426470447171186
25.958400095355007,-0.027437914426215872,0.004902656301133487
25.960400095355006,-0.025382452438673125,0.004858001710298665
25.962400095355008,-0.023326990451126732,0.0048133471194637635
25.964400095355007,-0.018530387575067475,0.004846012232484453
25.966400095355006,-0.012560305320511259,0.004911777825092326
25.96840009535501,-0.00659022306594444,0.004977543417700316
25.970400095355007,-0.008985580298102296,0.005004230719127519
25.972400095355006,-0.014962173354503849,0.0050141886453020906
25.974400095355005,-0.020938766410905398,0.0050241465714766596
25.976400095355004,-0.02468904480237934,0.005002591759363683
25.978400095355006,-0.02748624011468547,0.004967546375538834
25.980400095355005,-0.030283435426986645,0.004932500991714046
25.982400095355004,-0.0249062009425255,0.004930797618878702
25.984400095355006,-0.016029500811172916,0.004943367929340719
25.986400095355005,-0.007152800679836101,0.004955938239802713
25.988400095355004,-0.0052114947936727435,0.004953657083463291
25.990400095355003,-0.006239224978164189,0.004945018027475091
25.992400095355002,-0.007266955162655636,0.004936378971486887
25.994400095355005,-0.0123163054332746,0.004914776823304402
25.996400095355003,-0.019087307878148732,0.004887625186263362
25.998400095355002,-0.025858310323022864,0.004860473549222322
26.000400095355005,-0.028081850898183568,0.004829429788268111
26.002400095355004,-0.02835862663221922,0.004796719812135375
26.004400095355003,-0.02863540236625487,0.004764009836002639
26.006400095355,-0.027155242456826354,0.004758601703297243
26.008400095355,-0.024922939690184682,0.0047648814696899236
26.010400095355003,-0.022690636923539044,0.004771161236082616
26.012400095355,-0.025873108004818433,0.004750257060360363
26.014400095355,-0.031373640077236774,0.004717715457559563
26.016400095355003,-0.03687417214966489,0.004685173854758706
26.018400095355002,-0.03730846695792528,0.004639463531819831
26.020400095355,-0.03557390877937949,0.004588115688071195
26.022400095355,-0.033839350600833706,0.004536767844322559
26.024400095355,-0.03350136420430959,0.004546976113615972
26.026400095355,-0.03376124938368807,0.004583536519466
26.028400095355,-0.034021134563066095,0.0046200969253159625
26.030400095355,-0.033647673111950153,0.004637896225066428
26.032400095355,-0.033003076299239306,0.004647663905098309
26.034400095355,-0.03235847948652961,0.004657431585130172
26.036400095355,-0.029004293648921608,0.004621358188350908
26.038400095354998,-0.024490134021408067,0.004565660248102751
26.040400095354997,-0.01997597439389453,0.0045099623078545936
26.042400095355,-0.0196210919222159,0.004468883864044727
26.044400095354998,-0.021046794270149452,0.004434064020576579
26.046400095354997,-0.022472496618083,0.004399244177108431
26.048400095355,-0.023499426343675647,0.004384798685792198
26.050400095355,-0.024355641654375013,0.0043790754472374195
26.052400095354997,-0.025211856965074376,0.004373352208682641
26.054400095354996,-0.02436740996704755,0.004354143587919965
26.056400095354995,-0.02279490996145147,0.004329161879211314
26.058400095354997,-0.021222409955852593,0.0043041801705026176
26.060400095354996,-0.023406310920404003,0.004284206488841998
26.062400095354995,-0.027198326176457677,0.004266376742275679
26.064400095354998,-0.03099034143251809,0.004248546995709329
26.066400095354997,-0.032711282094673,0.00423430116139878
26.068400095354995,-0.03354559614443787,0.004221589599195954
26.070400095354994,-0.03437991019420274,0.004208878036993128
26.072400095354993,-0.03697571716373863,0.004222468879745564
26.074400095354996,-0.04032561898763995,0.004247319778108496
26.076400095354995,-0.04367552081153531,0.004272170676471385
26.078400095354993,-0.03909228208689123,0.004262980672143687
26.080400095354996,-0.031112866663163218,0.004239217760677127
26.082400095354995,-0.02313345123944939,0.004215454849210609
26.084400095354994,-0.0231582553973439,0.004189462883094297
26.086400095354993,-0.02660966560718611,0.004162516658780138
26.08840009535499,-0.03006107581702832,0.004135570434465979
26.090400095354994,-0.031210669850676297,0.0040924719527087065
26.092400095354993,-0.03137485635779044,0.004042458689389263
26.09440009535499,-0.03153904286490459,0.00399244542606982
26.096400095354994,-0.03124243409831122,0.003991621394379151
26.098400095354993,-0.03074855884623177,0.004011855275824472
26.100400095354992,-0.03025468359415232,0.004032089157269793
26.10240009535499,-0.029595061018737014,0.004050297888952578
26.10440009535499,-0.028864481995023228,0.004067639653787694
26.106400095354992,-0.028133902971308144,0.004084981418622843
26.10840009535499,-0.029822900404844945,0.0040673007736524895
26.11040009535499,-0.03254771892837721,0.004034627029129418
26.112400095354992,-0.03527253745191431,0.00400195328460629
26.11440009535499,-0.035328701781249444,0.003954760904952857
26.11640009535499,-0.03424241465740783,0.0039013530943758923
26.11840009535499,-0.03315612753356621,0.003847945283798928
26.120400095354988,-0.033845709452878125,0.0038622976374063107
26.12240009535499,-0.03529554139839512,0.00390565813595286
26.12440009535499,-0.03674537334390955,0.003949018634499331
26.126400095354988,-0.0338892855181252,0.003970447830464342
26.12840009535499,-0.02918983202398308,0.00398248822859103
26.13040009535499,-0.024490378529849317,0.0039945286267176975
26.13240009535499,-0.024066535994788845,0.003984240788715872
26.134400095354987,-0.025473084142999567,0.003964394224306363
26.136400095354986,-0.026879632291210286,0.003944547659896854
26.13840009535499,-0.03218065522148679,0.003962666047815635
26.140400095354988,-0.039148904499322144,0.003997037248333783
26.142400095354986,-0.04611715377715749,0.004031408448851931
26.14440009535499,-0.04644888725825037,0.0040691795536023315
26.146400095354988,-0.04393952508816017,0.0041084061590136054
26.148400095354987,-0.04143016291806996,0.004147632764424879
26.150400095354986,-0.03726352657400088,0.004185506899304062
26.152400095354984,-0.03238741025916657,0.004222802040816526
26.154400095354987,-0.02751129394432359,0.0042600971823290555
26.156400095354986,-0.028324780003349873,0.00428081357826137
26.158400095354985,-0.03157398822032,0.0042944326033570145
26.160400095354987,-0.03482319643729591,0.004308051628452683
26.162400095354986,-0.03248527759946849,0.004365071356600715
26.164400095354985,-0.02775550605155484,0.004440670953829468
26.166400095354984,-0.023025734503641197,0.0045162705510582235
26.168400095354983,-0.02498117667509422,0.004559896402172616
26.170400095354985,-0.029798563524371623,0.0045898342701704235
26.172400095354984,-0.03461595037364047,0.004619772138168175
26.174400095354983,-0.03382675277776651,0.004626248979486625
26.176400095354985,-0.030637372154022496,0.004622682137595994
26.178400095354984,-0.027447991530284137,0.004619115295705369
26.180400095354983,-0.024084243001642056,0.004641657810187498
26.182400095354982,-0.020645847432177712,0.00467537776120576
26.18440009535498,-0.017207451862713368,0.0047090977122240234
26.186400095354983,-0.020263396119848807,0.004734584556197712
26.188400095354982,-0.026099572843731683,0.00475654679996273
26.19040009535498,-0.031935749567614566,0.004778509043727747
26.192400095354984,-0.03602809041002805,0.004777440222814293
26.194400095354982,-0.03937389351863432,0.004766511782073826
26.19640009535498,-0.042719696627240594,0.004755583341333359
26.19840009535498,-0.041723030333047084,0.0047997116021044174
26.20040009535498,-0.038867348689853434,0.004867409690013292
26.20240009535498,-0.03601166704665471,0.004935107777922286
26.20440009535498,-0.033566508036675796,0.004974356053059088
26.20640009535498,-0.03129709418464198,0.005001424934334014
26.208400095354982,-0.029027680332604132,0.005028493815608988
26.21040009535498,-0.029238386858648338,0.004999232903074932
26.21240009535498,-0.030510835579765083,0.0049458571453682865
26.21440009535498,-0.03178328430088183,0.004892481387661641
26.216400095354977,-0.03312867909674817,0.004892305504175909
26.21840009535498,-0.034505302189369855,0.0049149045467584114
26.22040009535498,-0.035881925281989094,0.004937503589340874
26.222400095354978,-0.027532695938972323,0.004965763820218188
26.22440009535498,-0.015019817697670464,0.004996447612481331
26.22640009535498,-0.0025069394563908345,0.0050271314047444175
26.228400095354978,-0.0013846203809315418,0.005003458970304358
26.230400095354977,-0.00513861372400927,0.004956516568214884
26.232400095354976,-0.008892607067086998,0.004909574166125411
26.234400095354978,-0.013075677052556654,0.004859908113666742
26.236400095354977,-0.01744243530031252,0.00480907606298319
26.238400095354976,-0.021809193548068387,0.004758244012299637
26.24040009535498,-0.02643067674914736,0.004769357164584681
26.242400095354977,-0.031161208043793093,0.004806989141201328
26.244400095354976,-0.03589173933843884,0.0048446211178179745
26.246400095354975,-0.03544054464315579,0.004815497026977202
26.248400095354974,-0.03277104583797023,0.004757794570725069
26.250400095354976,-0.030101547032779917,0.004700092114472834
26.252400095354975,-0.02452225673942035,0.004686134578469867
26.254400095354974,-0.017697280504436495,0.004690904306050332
26.256400095354977,-0.010872304269440511,0.004695674033630805
26.258400095354975,-0.011803008138154707,0.004692665114186719
26.260400095354974,-0.01605393028111549,0.004686326144295152
26.262400095354973,-0.020304852424076272,0.004679987174403585
26.264400095354972,-0.026582871746633787,0.004664652547969351
26.266400095354975,-0.0337286945171933,0.0046454668670107965
26.268400095354973,-0.04087451728774012,0.0046262811860522755
26.270400095354972,-0.03905643273752551,0.004606660094374767
26.272400095354975,-0.033400885077447595,0.004586852602669649
26.274400095354974,-0.02774533741737973,0.004567045110964567
26.276400095354973,-0.023939038258558205,0.004566161504942218
26.27840009535497,-0.02092440544925807,0.004573379245757309
26.28040009535497,-0.01790977263995793,0.0045805969865723994
26.282400095354973,-0.0203770103298759,0.0045553308893092415
26.28440009535497,-0.025191046161249977,0.004516158405377497
26.28640009535497,-0.030005081992624055,0.004476985921445753
26.288400095354973,-0.03557389485021885,0.0044537696447035586
26.290400095354972,-0.04146582908446396,0.004437384248412629
26.29240009535497,-0.04735776331870907,0.0044209988521216985
26.29440009535497,-0.044830159168972206,0.004452739355362908
26.29640009535497,-0.03869813533371163,0.004505082643667393
26.29840009535497,-0.03256611149844016,0.004557425931971971
26.30040009535497,-0.027024535076800624,0.004537966014104027
26.30240009535497,-0.021735730297530537,0.004487767009345536
26.30440009535497,-0.01644692551825105,0.004437568004586954
26.30640009535497,-0.016114421520212377,0.004393973685128552
26.30840009535497,-0.017903719422368222,0.0043532068441543
26.310400095354968,-0.01969301732452407,0.004312440003180048
26.312400095354967,-0.022902944916991845,0.004372451984420483
26.31440009535497,-0.026721046888689585,0.004475607578706246
26.316400095354968,-0.030539148860380547,0.0045787631729918244
26.318400095354967,-0.029289848858224953,0.004604343949608998
26.32040009535497,-0.02587118378253546,0.004596714789279437
26.32240009535497,-0.022452518706852033,0.004589085628949889
26.324400095354967,-0.023159663860219334,0.004557051153377664
26.326400095354966,-0.02563307696884454,0.004514568711501126
26.328400095354965,-0.028106490077469744,0.004472086269624588
26.330400095354968,-0.027079803447207763,0.004479338981465214
26.332400095354966,-0.02455471664005325,0.0045078834188814485
26.334400095354965,-0.02202962983289874,0.00453642785629768
26.336400095354968,-0.028559539762200062,0.004551919705419609
26.338400095354967,-0.03896591362378449,0.004561823712909008
26.340400095354966,-0.049372287485368906,0.004571727720398408
26.342400095354964,-0.04674429626225917,0.00455439117225112
26.344400095354963,-0.03853626410932923,0.0045253928811331496
26.346400095354966,-0.03032823195638471,0.004496394590015127
26.348400095354965,-0.025141163800197437,0.004530192314445916
26.350400095354964,-0.021247377267919226,0.0045908731573287885
26.352400095354966,-0.0173535907356341,0.004651554000211771
26.354400095354965,-0.01772153671705254,0.004675792064927879
26.356400095354964,-0.019913940400261697,0.004684428890690738
26.358400095354963,-0.022106344083470852,0.004693065716453598
26.36040009535496,-0.028465404390682587,0.0046770369458506164
26.362400095354964,-0.036608220409542924,0.00465044877418128
26.364400095354963,-0.04475103642838881,0.00462386060251199
26.36640009535496,-0.04703921734501691,0.004690157248689749
26.368400095354964,-0.046821014596523436,0.004796218113495327
26.370400095354963,-0.04660281184803035,0.004902278978300718
26.372400095354962,-0.04062960951011346,0.004970111305801086
26.37440009535496,-0.03219267740871852,0.005021577900566095
26.37640009535496,-0.023755745307323575,0.005073044495331105
26.378400095354962,-0.01968514323451442,0.0050614564015406815
26.38040009535496,-0.017483778234281225,0.005022874434022181
26.38240009535496,-0.01528241323404803,0.004984292466503681
26.384400095354962,-0.011012947084984882,0.0050161647684415205
26.38640009535496,-0.00585812142528799,0.005078198727396866
26.38840009535496,-0.0007032957655910988,0.005140232686352211
26.39040009535496,-0.002303801536632448,0.005246886489822675
26.392400095354958,-0.006796282720079199,0.005372642167800127
26.39440009535496,-0.011288763903533932,0.005498397845777802
26.39640009535496,-0.009843626017471626,0.005548627147111393
26.39840009535496,-0.005856577247166341,0.005566523401041466
26.40040009535496,-0.0018695284768539735,0.005584419654971572
26.40240009535496,-0.005541117668172239,0.005609771447481074
26.40440009535496,-0.012491391022877404,0.005638314976744866
26.406400095354957,-0.01944166437758257,0.005666858506008656
26.408400095354956,-0.024457679333718937,0.005739211817345471
26.41040009535496,-0.02864563279916207,0.005830320220286291
26.412400095354958,-0.032833586264597765,0.005921428623226948
26.414400095354956,-0.03717562439266494,0.005997511502441729
26.41640009535496,-0.04158362660877327,0.006067161911656874
26.418400095354958,-0.04599162882487377,0.006136812320871894
26.420400095354957,-0.044915885066548186,0.006198764881825012
26.422400095354956,-0.04149253356468951,0.006257421971348113
26.424400095354954,-0.03806918206283083,0.006316079060871214
26.426400095354957,-0.0343824681080295,0.006373032284777238
26.428400095354956,-0.030583007900297686,0.00642925607872189
26.430400095354955,-0.026783547692565877,0.006485479872666543
26.432400095354957,-0.027509472373869578,0.006530246982335574
26.434400095354956,-0.030172728087113104,0.006570109450628221
26.436400095354955,-0.03283598380035663,0.0066099719189208666
26.438400095354954,-0.035102461135689475,0.006662404796854316
26.440400095354953,-0.037199076419799054,0.006720219106048078
26.442400095354955,-0.03929569170391235,0.006778033415241939
26.444400095354954,-0.034003565392819325,0.006840945047457146
26.446400095354953,-0.02554829555098446,0.006906038859700121
26.448400095354955,-0.01709302570913459,0.006971132671943211
26.450400095354954,-0.02124646231392293,0.007012413564705228
26.452400095354953,-0.03079772650122973,0.007043500070426929
26.454400095354952,-0.04034899068853653,0.0070745865761486304
26.45640009535495,-0.04855047306945271,0.0071035686828223015
26.458400095354953,-0.056174109467453964,0.007131649889416743
26.460400095354952,-0.06379774586544167,0.0071597310960111364
26.46240009535495,-0.06090243900878174,0.007208384403346141
26.464400095354954,-0.05350393776121955,0.007265844695035213
26.466400095354953,-0.046105436513670495,0.007323304986724184
26.46840009535495,-0.04481225284970338,0.007374850776075637
26.47040009535495,-0.04613277615676191,0.007423864547104031
26.47240009535495,-0.04745329946382043,0.007472878318132426
26.47440009535495,-0.04813235851702009,0.007491737492003854
26.47640009535495,-0.04853680453374348,0.007497687379910932
26.47840009535495,-0.04894125055046687,0.0075036372678180105
26.480400095354952,-0.05145877891422562,0.007520025612463213
26.48240009535495,-0.05488092515533835,0.007540882696620871
26.48440009535495,-0.05830307139645108,0.007561739780778528
26.48640009535495,-0.05526773803187691,0.007573046339484771
26.488400095354947,-0.04946793492105671,0.0075802642846322585
26.49040009535495,-0.043668131810226204,0.00758748222977976
26.49240009535495,-0.043976093280206935,0.007628329825206268
26.494400095354948,-0.046898810588291956,0.007683574394065066
26.49640009535495,-0.04982152789638217,0.0077388189629239625
26.49840009535495,-0.04917322510950187,0.007721221278661372
26.500400095354948,-0.04699615567195063,0.0076724395617217556
26.502400095354947,-0.0448190862343994,0.007623657844782137
26.504400095354946,-0.05101135731510454,0.0075922724421061474
26.506400095354948,-0.06078657386291369,0.007568334465568281
26.508400095354947,-0.07056179041070548,0.007544396489030458
26.510400095354946,-0.06751793823574771,0.007569699417299339
26.51240009535495,-0.05898619489685797,0.007616082560694418
26.514400095354947,-0.05045445155798338,0.007662465704089414
26.516400095354946,-0.04600883941252086,0.0076826254978634165
26.518400095354945,-0.04331251549865203,0.007691558976398464
26.520400095354944,-0.040616191584783204,0.007700492454933513
26.522400095354946,-0.035929329631569744,0.007660049863682069
26.524400095354945,-0.030390310702854886,0.007598469187420387
26.526400095354944,-0.024851291774140027,0.007536888511158707
26.528400095354947,-0.02673282224526706,0.007479961857097524
26.530400095354945,-0.031791118793623965,0.00742502760805296
26.532400095354944,-0.03684941534198088,0.007370093359008399
26.534400095354943,-0.05284600570333422,0.007404999634394853
26.536400095354942,-0.07352532279723614,0.0074783669927081
26.538400095354945,-0.0942046398911748,0.007551734351021481
26.540400095354943,-0.09757346037496044,0.007553730583188229
26.542400095354942,-0.09353158804992925,0.007525172550898931
26.544400095354945,-0.0894897157248909,0.007496614518609583
26.546400095354944,-0.07404087281689085,0.007449948162592892
26.548400095354943,-0.05370865958888025,0.007395529559825646
26.55040009535494,-0.033376446360869644,0.007341110957058403
26.55240009535494,-0.029428622045061883,0.007340323703374367
26.554400095354943,-0.03249502187263322,0.007362496250363863
26.55640009535494,-0.035561421700199124,0.00738466879735332
26.55840009535494,-0.03936776945108114,0.007379184299969538
26.560400095354943,-0.04349089198442645,0.007361859706899741
26.562400095354942,-0.04761401451776443,0.007344535113829976
26.56440009535494,-0.04951066266115093,0.007364626352095311
26.56640009535494,-0.050454147742766575,0.007400735465309051
26.56840009535494,-0.05139763282438222,0.007436844578522793
26.57040009535494,-0.043944201176792014,0.00748936893007225
26.57240009535494,-0.03289601367238022,0.007548920715148871
26.57440009535494,-0.02184782616796842,0.0076084725002254945
26.57640009535494,-0.025529991357836034,0.0075748246152535885
26.57840009535494,-0.03551828413082754,0.0075012775491671005
26.58040009535494,-0.04550657690381905,0.007427730483080616
26.582400095354938,-0.0517405984113704,0.007396396780379252
26.584400095354937,-0.05636739998235186,0.00738313480303423
26.58640009535494,-0.06099420155334154,0.007369872825689183
26.588400095354938,-0.05593781874026817,0.00746461397079954
26.590400095354937,-0.04673602185760936,0.007605591730398299
26.59240009535494,-0.0375342249749342,0.007746569489997311
26.59440009535494,-0.03317621487355383,0.00779643053598684
26.596400095354937,-0.030891851577941713,0.00780728410896823
26.598400095354936,-0.028607488282329598,0.007818137681949621
26.600400095354935,-0.028723990017534097,0.007805327602737376
26.602400095354938,-0.029868312948330984,0.007782387006824854
26.604400095354936,-0.031012635879125835,0.007759446410912374
26.606400095354935,-0.036702062992534035,0.007832035242004078
26.608400095354938,-0.04433727003753928,0.007945520658624527
26.610400095354937,-0.05197247708253096,0.008059006075244776
26.612400095354936,-0.052634825879827894,0.00816536873769763
26.614400095354934,-0.050312061732567866,0.008268682116067731
26.616400095354933,-0.047989297585307844,0.008371995494437833
26.618400095354936,-0.04019242856424933,0.008459611229375523
26.620400095354935,-0.030052069575661207,0.008540506729544725
26.622400095354934,-0.019911710587073084,0.008621402229713927
26.624400095354936,-0.02014464963526645,0.008683566909755044
26.626400095354935,-0.02481844677080714,0.008737712836863858
26.628400095354934,-0.02949224390634783,0.008791858763972671
26.630400095354933,-0.031708704760293055,0.008835384973489633
26.63240009535493,-0.032873168166909564,0.00887436483097425
26.634400095354934,-0.03403763157352813,0.00891334468845894
26.636400095354933,-0.034181597561732724,0.009017059417037492
26.638400095354932,-0.03388868365662199,0.00914848745783717
26.640400095354934,-0.03359576975151074,0.00927991549863708
26.642400095354933,-0.026879718778548806,0.009451165294690545
26.644400095354932,-0.017413891338806647,0.009639462979385659
26.64640009535493,-0.007948063899064491,0.009827760664080774
26.64840009535493,-0.014062502946013671,0.009988040948005913
26.650400095354932,-0.026846931283476278,0.01013632684382231
26.65240009535493,-0.03963135962091618,0.010284612739638441
26.65440009535493,-0.05288993826101594,0.01035757505849537
26.656400095354932,-0.06635150302056271,0.010398290976786472
26.65840009535493,-0.07981306778008557,0.0104390068950775
26.66040009535493,-0.07520011234216051,0.010518976547393675
26.66240009535493,-0.06284936331744032,0.010615750921942
26.664400095354928,-0.050498614292720144,0.010712525296490328
26.66640009535493,-0.05078924243584825,0.010930632473562078
26.66840009535493,-0.05649170880550704,0.011200682844014017
26.67040009535493,-0.062194175175165824,0.011470733214465956
26.67240009535493,-0.04826698315885082,0.011620465293336997
26.67440009535493,-0.025936232937416454,0.01171868848975215
26.67640009535493,-0.003605482715982093,0.011816911686167308
26.678400095354927,-0.0014153794740432817,0.011867697569234448
26.680400095354926,-0.00784759236621152,0.011898175290768559
26.68240009535493,-0.01427980525839118,0.011928653012302724
26.684400095354928,-0.035277825182899986,0.01199762404838546
26.686400095354927,-0.06251154392632928,0.01208307427546217
26.68840009535493,-0.08974526266980697,0.012168524502539028
26.690400095354928,-0.09011220908695466,0.012291640482706286
26.692400095354927,-0.07897734713157184,0.012430881372445614
26.694400095354926,-0.06784248517618904,0.01257012226218494
26.696400095354925,-0.055452964617517156,0.012624694141198638
26.698400095354927,-0.04252631795950573,0.012643018761121467
26.700400095354926,-0.029599671301517277,0.012661343381044262
26.702400095354925,-0.014903977529081267,0.012697039852583058
26.704400095354927,0.0005490549263123291,0.012740173308199673
26.706400095354926,0.01600208738167847,0.012783306763816208
26.708400095354925,0.0007946988250415871,0.012936827192800275
26.710400095354924,-0.027538584210118868,0.0131376048908107
26.712400095354923,-0.055871867245279316,0.013338382588821127
26.714400095354925,-0.06601727865550559,0.013461403296288928
26.716400095354924,-0.06837636145321145,0.01355113580529269
26.718400095354923,-0.07073544425091732,0.013640868314296456
26.720400095354925,-0.0790087045893394,0.013714522391311199
26.722400095354924,-0.08981385741494459,0.013781293201653633
26.724400095354923,-0.10061901024054978,0.013848064011996068
26.726400095354922,-0.10564326922502026,0.013981496492976435
26.72840009535492,-0.10819269491216951,0.01414346721158641
26.730400095354923,-0.11074212059932327,0.014305437930196665
26.732400095354922,-0.11097416195689698,0.01432692395008372
26.73440009535492,-0.11021411787377457,0.014288267669677791
26.736400095354924,-0.1094540737906508,0.014249611389271789
26.738400095354923,-0.10458843716283749,0.0142459632918744
26.74040009535492,-0.09796517274621244,0.014257302399033198
26.74240009535492,-0.09134190832958741,0.014268641506191995
26.74440009535492,-0.08788109475630536,0.014407326060493624
26.74640009535492,-0.08577414475157222,0.014600527940138584
26.74840009535492,-0.08366719474684281,0.014793729819783202
26.75040009535492,-0.07374769622091991,0.014723233631189799
26.752400095354922,-0.06048359989461445,0.014539846754417267
26.75440009535492,-0.04721950356833256,0.014356459877645064
26.75640009535492,-0.05088013583023544,0.014297268596290824
26.75840009535492,-0.061786344473054415,0.01429124618367711
26.760400095354917,-0.07269255311587339,0.014285223771063395
26.76240009535492,-0.06740472699469145,0.014399354085991828
26.76440009535492,-0.05518413797787992,0.01456492250040869
26.766400095354918,-0.042963548961068396,0.014730490914825556
26.76840009535492,-0.042577323812566036,0.014755390490620633
26.77040009535492,-0.04725746106897641,0.014720068889893901
26.772400095354918,-0.05193759832538678,0.014684747289167167
26.774400095354917,-0.05254239203871571,0.014712928979439769
26.776400095354916,-0.051402506434360416,0.014768296814203061
26.778400095354918,-0.05026262083000309,0.014823664648966454
26.780400095354917,-0.06276270224647425,0.014881915836295619
26.782400095354916,-0.08110213709651595,0.01494140140452028
26.78440009535492,-0.09944157194659023,0.01500088697274505
26.786400095354917,-0.10890451888395741,0.014914915539521241
26.788400095354916,-0.11456738650064756,0.014766673065240443
26.790400095354915,-0.12023025411733772,0.014618430590959644
26.792400095354914,-0.11243224962950173,0.014622015715564629
26.794400095354916,-0.09887156190694713,0.014690599181426456
26.796400095354915,-0.0853108741844166,0.014759182647288161
26.798400095354914,-0.09087135960353653,0.014792570933573097
26.800400095354917,-0.10461773942277344,0.014810891942276647
26.802400095354916,-0.11836411924198594,0.01482921295098016
26.804400095354914,-0.12722447265580467,0.014734594328564467
26.806400095354913,-0.13399308719655637,0.014591625534225616
26.808400095354912,-0.1407617017373081,0.01444865673988676
26.810400095354915,-0.1189437172177152,0.014533430883516805
26.812400095354914,-0.08488762693066579,0.014715703234498395
26.814400095354912,-0.05083153664361638,0.014897975585479988
26.816400095354915,-0.0582894881689199,0.014950932422530988
26.818400095354914,-0.08351986853680143,0.014948528454677255
26.820400095354913,-0.10875024890468298,0.014946124486823517
26.82240009535491,-0.0997341195859541,0.014758495295943983
26.82440009535491,-0.07605683694284121,0.014491569983527536
26.826400095354913,-0.052379554299686264,0.014224644671110615
26.82840009535491,-0.06230642733137581,0.014022172596892334
26.83040009535491,-0.0866194595482846,0.013847293376179872
26.832400095354913,-0.11093249176523656,0.013672414155467098
26.834400095354912,-0.13146652815099857,0.013560295405391463
26.83640009535491,-0.15038275146427676,0.013475044827276923
26.83840009535491,-0.16929897477755496,0.01338979424916238
26.84040009535491,-0.16995597321359437,0.013305048515669384
26.84240009535491,-0.16279607592123835,0.013220518909519656
26.84440009535491,-0.155636178628895,0.013135989303370081
26.84640009535491,-0.14877063743060756,0.013052789735928808
26.84840009535491,-0.14203111205146507,0.012970159566983707
26.85040009535491,-0.1352915866723345,0.012887529398038751
26.85240009535491,-0.13344469162463668,0.012786020263524185
26.854400095354908,-0.13369236471429638,0.012676428916156883
26.856400095354907,-0.1339400378039561,0.012566837568789582
26.85840009535491,-0.14611804362811542,0.012528352241405714
26.86040009535491,-0.16340350622405989,0.012520307885901215
26.862400095354907,-0.18068896882000426,0.012512263530396715
26.86440009535491,-0.175551101282155,0.012582590064456915
26.86640009535491,-0.16081365206326007,0.012686467714756346
26.868400095354907,-0.14607620284436515,0.012790345365055774
26.870400095354906,-0.134577810848705,0.012745067420001886
26.872400095354905,-0.1244660816752529,0.012635934931929398
26.874400095354908,-0.11435435250178283,0.012526802443856715
26.876400095354906,-0.11480144652571883,0.012509568592286273
26.878400095354905,-0.11976884642383658,0.012531677188131017
26.880400095354908,-0.12473624632196315,0.012553785783975804
26.882400095354907,-0.11830164866656888,0.012534130904607255
26.884400095354906,-0.106985775706351,0.012496596787916868
26.886400095354904,-0.09566990274613313,0.012459062671226482
26.888400095354903,-0.10385820482382682,0.012476770688274427
26.890400095354906,-0.12039638238037025,0.01251812825404742
26.892400095354905,-0.13693455993688433,0.012559485819820335
26.894400095354904,-0.14059523278029576,0.012675803963122827
26.896400095354906,-0.13874295396175493,0.012824213264586987
26.898400095354905,-0.13689067514321743,0.01297262256605088
26.900400095354904,-0.1305307291090184,0.012920799126812392
26.902400095354903,-0.12224101833320877,0.01278325461176312
26.9044000953549,-0.11395130755739917,0.012645710096713846
26.906400095354904,-0.0917892701468518,0.012555302388878814
26.908400095354903,-0.06368838923508371,0.012485074289596066
26.910400095354902,-0.0355875083233156,0.012414846190313321
26.912400095354904,-0.04824897907054697,0.01255987761395431
26.914400095354903,-0.07836110994813068,0.012797063209802544
26.916400095354902,-0.10847324082571438,0.013034248805650782
26.9184000953549,-0.12184479068462824,0.01327113451626032
26.9204000953549,-0.1280495747867889,0.013507891843795377
26.922400095354902,-0.13425435888896062,0.013744649171330857
26.9244000953549,-0.12347579374728421,0.013870976940065947
26.9264000953549,-0.10542653108437677,0.013950028997284421
26.928400095354903,-0.08737726842143728,0.014029081054503036
26.9304000953549,-0.077488862509941,0.013867382301688432
26.9324000953549,-0.07109418021402186,0.013602616332268608
26.9344000953549,-0.06469949791810274,0.013337850362848782
26.936400095354898,-0.07423180663299174,0.01319119113764771
26.9384000953549,-0.09058257978469368,0.013095094296430574
26.9404000953549,-0.10693335293636659,0.012998997455213613
26.9424000953549,-0.09237711358313055,0.013133502750325285
26.9444000953549,-0.06458934847290097,0.013366730563699334
26.9464000953549,-0.03680158336272074,0.01359995837707297
26.9484000953549,-0.026452251073588277,0.013676738587637946
26.950400095354897,-0.02356844466348157,0.013686542388139862
26.952400095354896,-0.020684638253374868,0.013696346188641777
26.9544000953549,-0.03439826007493741,0.013499361753358486
26.956400095354898,-0.05521736818947893,0.013213849688709315
26.958400095354897,-0.07603647630402044,0.012928337624060145
26.9604000953549,-0.08065041532645306,0.012899862341137465
26.962400095354898,-0.07832679633939194,0.012981426489069452
26.964400095354897,-0.07600317735233081,0.01306299063700144
26.966400095354896,-0.07945235978124686,0.013087022526867671
26.968400095354895,-0.0853729233755169,0.01308642440978607
26.970400095354897,-0.09129348696979746,0.013085826292704467
26.972400095354896,-0.10101671638595412,0.013006970729282894
26.974400095354895,-0.11236789680555691,0.012894612540528582
26.976400095354897,-0.1237190772251799,0.012782254351774066
26.978400095354896,-0.10785252014438307,0.012664866580083173
26.980400095354895,-0.08033383514721978,0.012545325604300935
26.982400095354894,-0.0528151501500565,0.012425784628518698
26.984400095354893,-0.043547905179926114,0.012332446129806543
26.986400095354895,-0.04209424648870518,0.012250325119413251
26.988400095354894,-0.040640587797486825,0.012168204109020106
26.990400095354893,-0.04340158027834851,0.012172783499817302
26.992400095354895,-0.047966898588335485,0.012214480024838836
26.994400095354894,-0.05253221689831434,0.012256176549860297
26.996400095354893,-0.0456953281062426,0.012220296900832891
26.998400095354892,-0.03397706277817209,0.012151206267970028
27.00040009535489,-0.022258797450101585,0.012082115635107167
27.002400095354893,-0.020611934333625084,0.011866442021661431
27.004400095354892,-0.02327672001535428,0.011588015047880837
27.00640009535489,-0.025941505697083485,0.011309588074100242
27.008400095354894,-0.036125940807557586,0.01118332136796912
27.010400095354893,-0.04952959909752785,0.011122195711997782
27.01240009535489,-0.06293325738749811,0.011061070056026445
27.01440009535489,-0.06136042319223207,0.011013313321803301
27.01640009535489,-0.05337602976096229,0.010971279932602001
27.01840009535489,-0.04539163632967833,0.010929246543400628
27.02040009535489,-0.04568907420159093,0.010856988463894905
27.02240009535489,-0.049532032403538165,0.010771790945028453
27.024400095354892,-0.05337499060549223,0.01068659342616185
27.02640009535489,-0.05197428850662307,0.010652018119769392
27.02840009535489,-0.0483287318786445,0.010639114603009852
27.03040009535489,-0.044683175250665924,0.010626211086250314
27.032400095354888,-0.04726431221438475,0.010465165049056995
27.03440009535489,-0.05251114875537299,0.010240697960501269
27.03640009535489,-0.057757985296351906,0.010016230871945937
27.038400095354888,-0.061890418180795534,0.009945555096581009
27.04040009535489,-0.06554576548500629,0.009940718676156209
27.04240009535489,-0.06920111278921057,0.00993588225573142
27.044400095354888,-0.05948417546780043,0.009949644792177451
27.046400095354887,-0.04404244989316255,0.00997136969951203
27.048400095354886,-0.02860072431852467,0.009993094606846612
27.050400095354888,-0.034609748980725344,0.009904731206041293
27.052400095354887,-0.049802022554603184,0.009769238062697888
27.054400095354886,-0.06499429612848104,0.009633744919354483
27.05640009535489,-0.060171762970041134,0.009600605044130612
27.058400095354887,-0.04678071948230365,0.009611283480362453
27.060400095354886,-0.03338967599456615,0.009621961916594294
27.062400095354885,-0.03011143949685076,0.009582826968916379
27.064400095354884,-0.031162582896535177,0.009522366481936356
27.066400095354886,-0.03221372629622146,0.009461905994956225
27.068400095354885,-0.03519321010511154,0.009418553932066339
27.070400095354884,-0.038998233178058395,0.009382526134002893
27.072400095354887,-0.042803256251012015,0.009346498335939382
27.074400095354886,-0.045249533149500275,0.009341079930051947
27.076400095354884,-0.0471141189467205,0.009348765672223003
27.078400095354883,-0.0489787047439407,0.009356451414394057
27.080400095354882,-0.051074519766133045,0.009277535057663393
27.082400095354885,-0.05326932605083165,0.00916154358161459
27.084400095354884,-0.055464132335526356,0.009045552105565992
27.086400095354882,-0.06609345278807574,0.008960778937772364
27.088400095354885,-0.08033366329961737,0.008889370603648014
27.090400095354884,-0.0945738738111337,0.008817962269523793
27.092400095354883,-0.08846616888912796,0.00884704737266968
27.09440009535488,-0.07364734045424992,0.008919154609810225
27.09640009535488,-0.058828512019371886,0.00899126184695077
27.098400095354883,-0.04792862228873415,0.0089748557628301
27.100400095354882,-0.03870646526960196,0.008920556334187186
27.10240009535488,-0.029484308250469767,0.008866256905544273
27.104400095354883,-0.027194009784546787,0.008807843620623795
27.106400095354882,-0.027871302334594783,0.008747669156816655
27.10840009535488,-0.02854859488464278,0.008687494693009513
27.11040009535488,-0.027457646140000198,0.008629437134837936
27.11240009535488,-0.025609697293315078,0.00857228584312838
27.11440009535488,-0.023761748446626662,0.008515134551418722
27.11640009535488,-0.026305455000302104,0.008523458209696773
27.11840009535488,-0.030729269211886935,0.008559812290139284
27.12040009535488,-0.03515308342347963,0.00859616637058186
27.12240009535488,-0.03970891631133853,0.008673721174616273
27.12440009535488,-0.044321267603411124,0.008768914385697203
27.126400095354878,-0.04893361889548373,0.008864107596778132
27.128400095354877,-0.04423348712811133,0.008861498486039203
27.13040009535488,-0.03554659559285543,0.008817019300547143
27.13240009535488,-0.026859704057614963,0.008772540115055164
27.134400095354877,-0.02822899805331576,0.008724146238025506
27.13640009535488,-0.03390343822943964,0.008674076445285069
27.13840009535488,-0.039577878405553435,0.00862400665254472
27.140400095354877,-0.04321525009497347,0.008711247018058749
27.142400095354876,-0.045980533786690696,0.008857271141585089
27.144400095354875,-0.048745817478407935,0.009003295265111433
27.146400095354878,-0.04393188510984612,0.009072480055534902
27.148400095354877,-0.03587321933024012,0.009108769207488565
27.150400095354875,-0.027814553550634103,0.009145058359442229
27.152400095354878,-0.024878978711569574,0.009160780202312606
27.154400095354877,-0.024136647378883314,0.009167696986359284
27.156400095354876,-0.02339431604619705,0.00917461377040596
27.158400095354875,-0.0279886363757574,0.009194776823544536
27.160400095354873,-0.03486762785283633,0.009220610730004982
27.162400095354876,-0.041746619329927466,0.009246444636465474
27.164400095354875,-0.0521129769654836,0.00928641877269894
27.166400095354874,-0.06397230928577209,0.009332446476045253
27.168400095354876,-0.07583164160608163,0.009378474179391649
27.170400095354875,-0.07419968199832955,0.009486200693991892
27.172400095354874,-0.06679197103564331,0.009620341060919878
27.174400095354873,-0.059384260072957086,0.009754481427847864
27.17640009535487,-0.04654489051483442,0.00994060982658479
27.178400095354874,-0.03138017557409976,0.010148994802681017
27.180400095354873,-0.016215460633392034,0.01035737977877687
27.182400095354872,-0.021505541359492043,0.010346387159371478
27.184400095354874,-0.03555251829481492,0.010241476865806723
27.186400095354873,-0.049599495230112846,0.010136566572242156
27.188400095354872,-0.049133993825068105,0.010138243874332114
27.19040009535487,-0.042455559060802034,0.010185552364506629
27.19240009535487,-0.03577712429653597,0.010232860854681142
27.194400095354872,-0.028996459917102948,0.010381717300188255
27.19640009535487,-0.02217203003806826,0.010574047420061749
27.19840009535487,-0.015347600159033565,0.010766377539935245
27.200400095354873,-0.002779873303833162,0.010906978522089909
27.20240009535487,0.0122466155493834,0.011025433750935157
27.20440009535487,0.02727310440259996,0.011143888979780402
27.20640009535487,0.032421035752216575,0.011067408952486733
27.208400095354868,0.03333985882070944,0.010907475211862987
27.21040009535487,0.03425868188920394,0.010747541471238955
27.21240009535487,0.02381757627291818,0.010692614841331811
27.21440009535487,0.008513172100690643,0.010682642800848796
27.21640009535487,-0.006791232071564082,0.010672670760365764
27.21840009535487,-0.01527181413005501,0.010754307635753961
27.22040009535487,-0.02083104964885184,0.010875163204848543
27.222400095354867,-0.026390285167648672,0.010996018773943125
27.224400095354866,-0.025235542254456393,0.011146094763517215
27.22640009535487,-0.021206477623934985,0.011308680309090966
27.228400095354868,-0.017177412993420734,0.011471265854664424
27.230400095354867,-0.017212258617320356,0.01151543259981852
27.23240009535487,-0.018986905325029984,0.011508903058781501
27.234400095354868,-0.020761552032736462,0.011502373517744496
27.236400095354867,-0.025220817645031486,0.011298771052614098
27.238400095354866,-0.03082939590638832,0.011010799664929738
27.240400095354865,-0.03643797416774515,0.010722828277245376
27.242400095354867,-0.04376077816153976,0.010658804264543721
27.244400095354866,-0.05181745971202841,0.010690654411980284
27.246400095354865,-0.05987414126251707,0.010722504559416849
27.248400095354867,-0.05358097725765667,0.010819269503411498
27.250400095354866,-0.04114449694134266,0.010943825138742116
27.252400095354865,-0.028708016625028657,0.011068380774072732
27.254400095354864,-0.02436327828183945,0.011019635461653184
27.256400095354863,-0.023482698241646942,0.010896698223803998
27.258400095354865,-0.02260211820145287,0.010773760985954594
27.260400095354864,-0.029540454767743553,0.01068917247216173
27.262400095354863,-0.03982615069591444,0.010621001445208366
27.264400095354866,-0.050111846624103604,0.010552830418254883
27.266400095354864,-0.04705619089343726,0.010498784244197477
27.268400095354863,-0.03828896332093987,0.010450785067036159
27.270400095354862,-0.02952173574844248,0.01040278588987484
27.27240009535486,-0.02477968331745655,0.01037456491930928
27.274400095354864,-0.02176085057522124,0.01035481120639482
27.276400095354862,-0.018742017832991294,0.01033505749348039
27.27840009535486,-0.011065070024912183,0.010331275892530151
27.280400095354864,-0.001393934061300471,0.010334332121055423
27.282400095354863,0.008277201902294064,0.010337388349580688
27.28440009535486,0.005374737630022748,0.010306847901776816
27.28640009535486,-0.0029106180957724683,0.010261924360945772
27.28840009535486,-0.011195973821567687,0.010217000820114728
27.29040009535486,-0.020414426459384717,0.010028575978751567
27.29240009535486,-0.03003234781916504,0.009778716702885416
27.29440009535486,-0.039650269178945374,0.009528857427019265
27.296400095354862,-0.04067928562461461,0.009509544976765908
27.29840009535486,-0.03803129998040135,0.00958893208927067
27.30040009535486,-0.03538331433618808,0.009668319201775433
27.30240009535486,-0.03703906457973949,0.009647624117525688
27.304400095354858,-0.040537290433138626,0.009584082768702784
27.30640009535486,-0.04403551628654399,0.009520541419879769
27.30840009535486,-0.04012435376290709,0.009415042961414873
27.310400095354858,-0.03304115201087908,0.009291582210933165
27.31240009535486,-0.02595795025883849,0.009168121460451237
27.31440009535486,-0.017317280061114094,0.009114468971230184
27.316400095354858,-0.008009840709307253,0.009090702156699586
27.318400095354857,0.0012975986424995888,0.00906693534216899
27.320400095354856,-0.0025463454667922518,0.00894433403631493
27.32240009535486,-0.012020540345568372,0.008779420606228945
27.324400095354857,-0.021494735224327658,0.008614507176143255
27.326400095354856,-0.02662683100167926,0.008653934837493146
27.32840009535486,-0.02990002654118993,0.008780843160753614
27.330400095354857,-0.03317322208069477,0.008907751484013854
27.332400095354856,-0.03257035128200519,0.008928491837075284
27.334400095354855,-0.030308093775471535,0.008903780512282114
27.336400095354854,-0.028045836268937887,0.008879069187488941
27.338400095354856,-0.016451973622751893,0.008706801287735844
27.340400095354855,-0.0008631474996074404,0.00847136278454118
27.342400095354854,0.01472567862353701,0.008235924281346516
27.344400095354857,0.014610020083896107,0.008186118564981873
27.346400095354856,0.007771096949655602,0.008215784309801225
27.348400095354854,0.000932173815415098,0.008245450054620575
27.350400095354853,-0.010420657298351545,0.008258794149245541
27.352400095354852,-0.02370594287492964,0.008265150762977755
27.354400095354855,-0.03699122845153134,0.008271507376709978
27.356400095354854,-0.03346092995484643,0.008225910037584213
27.358400095354853,-0.022731691056375413,0.008158070627732134
27.360400095354855,-0.012002452157885334,0.008090231217879934
27.362400095354854,-0.0023654243680876806,0.00800134426861894
27.364400095354853,0.0068040155211032405,0.007903446630227429
27.36640009535485,0.01597345541029416,0.00780554899183592
27.36840009535485,0.008869232334209094,0.007620737026819479
27.370400095354853,-0.005201930361901079,0.007398716053173124
27.372400095354852,-0.01927309305798626,0.007176695079527161
27.37440009535485,-0.02484803274670651,0.007078250830499808
27.376400095354853,-0.026785642587188394,0.0070327111849195255
27.378400095354852,-0.028723252427666837,0.006987171539339324
27.38040009535485,-0.025051985152316773,0.00701733344461252
27.38240009535485,-0.01897949339575279,0.007079904050133767
27.38440009535485,-0.012907001639188814,0.007142474655655014
27.38640009535485,-0.008197294527240035,0.00704549379530262
27.38840009535485,-0.004071011189837095,0.006880207118018773
27.39040009535485,5.527214756584353e-05,0.006714920440734927
27.39240009535485,1.865469233014558e-05,0.006583258655074717
27.39440009535485,-0.0018001486752342152,0.006465992073898505
27.39640009535485,-0.0036189520427985767,0.006348725492722291
27.398400095354848,-0.0018746534240176495,0.0063066341333832855
27.400400095354847,0.0013950504997297802,0.006296726158811815
27.40240009535485,0.004664754423483017,0.0062868181842403266
27.40440009535485,0.005981030574613949,0.006263988547824903
27.406400095354847,0.00646102152571087,0.006235626997349779
27.40840009535485,0.006941012476808644,0.006207265446874607
27.41040009535485,0.0074114967922673195,0.006175221249258359
27.412400095354847,0.007877911205687394,0.00614160046727752
27.414400095354846,0.008344325619107466,0.0061079796852966835
27.416400095354845,0.006050790512341322,0.006119748041694332
27.418400095354848,0.0025756885504154238,0.006150948022148837
27.420400095354847,-0.0008994134115043012,0.006182148002603286
27.422400095354845,1.2616393745074755e-05,0.006112311655567338
27.424400095354848,0.002802829148118696,0.005999220462858628
27.426400095354847,0.00559304190248736,0.005886129270150118
27.428400095354846,0.003689738978538938,0.005843641281630752
27.430400095354845,-0.00022291371683025394,0.005831379362847218
27.432400095354843,-0.004135566412199445,0.005819117444063683
27.434400095354846,-0.0012665253411212564,0.005846994977077381
27.436400095354845,0.004505839687180745,0.005892056687974357
27.438400095354844,0.010278204715482747,0.0059371183988713334
27.440400095354846,0.01004164101516669,0.005897975578692549
27.442400095354845,0.007232582964171145,0.005822783790340484
27.444400095354844,0.004423524913175601,0.005747592001988418
27.446400095354843,0.002504580294058955,0.005704503706111373
27.44840009535484,0.0009667039423249136,0.005675159301536543
27.450400095354844,-0.0005711724094118594,0.005645814896961661
27.452400095354843,0.0005298161607039833,0.0055933380024003375
27.454400095354842,0.002760534687167287,0.0055309578093843395
27.456400095354844,0.004991253213634552,0.00546857761636823
27.458400095354843,0.005052371325259188,0.0054952783358769445
27.460400095354842,0.004184657170341372,0.005560115675069219
27.46240009535484,0.003316943015423556,0.005624953014261495
27.46440009535484,0.004097684344560579,0.005621333736996385
27.466400095354842,0.005584149558753882,0.00558840734783694
27.46840009535484,0.007070614772944543,0.005555480958677552
27.47040009535484,0.009479266840769206,0.005450004290341881
27.472400095354843,0.012282718389835728,0.005313467959347021
27.47440009535484,0.01508616993889727,0.005176931628352403
27.47640009535484,0.014146616735798808,0.005158480421791591
27.47840009535484,0.011604637178255942,0.005190582908851227
27.480400095354838,0.00906265762071308,0.0052226853959108635
27.48240009535484,0.009343262268301273,0.005211065619090991
27.48440009535484,0.010832250067751787,0.005180727801215981
27.48640009535484,0.0123212378672023,0.00515038998334097
27.48840009535484,0.010720254323569154,0.005143315467435353
27.49040009535484,0.007796415728250421,0.0051462002595984435
27.49240009535484,0.004872577132931686,0.005149085051761533
27.494400095354838,0.00025907469250696733,0.005133689895564632
27.496400095354836,-0.005077793883930278,0.005110468865807157
27.49840009535484,-0.010414662460377002,0.005087247836049641
27.500400095354838,-0.010529395703825987,0.005016933330038947
27.502400095354837,-0.0084084674943908,0.0049264575178138105
27.50440009535484,-0.006287539284951845,0.0048359817055885134
27.506400095354838,-0.006009158214115343,0.004840853271201402
27.508400095354837,-0.006519594717309068,0.0048865442469128205
27.510400095354836,-0.007030031220502793,0.00493223522262424
27.512400095354835,-0.00792944323575601,0.004928624477706374
27.514400095354837,-0.008995380574284948,0.004903907044292116
27.516400095354836,-0.010061317912811996,0.0048791896108779
27.518400095354835,-0.006957506162227507,0.004888618688641574
27.520400095354837,-0.002068572007363897,0.004912666320382673
27.522400095354836,0.0028203621474910297,0.004936713952123729
27.524400095354835,0.004875750359067657,0.004942051291191799
27.526400095354834,0.005718061508414597,0.004939378515963665
27.528400095354833,0.006560372657761539,0.0049367057407355315
27.530400095354835,0.0028915874540182173,0.004861824462003333
27.532400095354834,-0.0027084557214556776,0.004756029800558028
27.534400095354833,-0.00830849889692957,0.004650235139112724
27.536400095354836,-0.009482839156854463,0.004615847126950978
27.538400095354834,-0.008762479231053565,0.004612029217265938
27.540400095354833,-0.008042119305252667,0.0046082113075808975
27.542400095354832,-0.006123466570667573,0.004571966533167019
27.54440009535483,-0.0036918092506478166,0.004521839400305172
27.546400095354834,-0.0012601519306237397,0.004471712267443237
27.548400095354832,0.0011649044815440993,0.004399843552630507
27.55040009535483,0.0035871349596898953,0.004318666985397115
27.552400095354834,0.006009365437839994,0.004237490418163578
27.554400095354833,0.007160121331139329,0.004176807034198433
27.55640009535483,0.007766542442847198,0.00412489704812215
27.55840009535483,0.008372963554555066,0.004072987062045868
27.56040009535483,0.012175989441835552,0.004034536340641563
27.562400095354832,0.017347523515796555,0.004001847705945864
27.56440009535483,0.02251905758974837,0.003969159071250223
27.56640009535483,0.022298641077913295,0.003930783729612797
27.568400095354832,0.019769859924989273,0.003889973834279047
27.57040009535483,0.01724107877206974,0.00384916393894537
27.57240009535483,0.013989425104588043,0.0037847350083164513
27.57440009535483,0.01042830021080824,0.0037101944581840246
27.576400095354828,0.006867175317028438,0.003635653908051598
27.57840009535483,0.0019915880602826472,0.003606811672730733
27.58040009535483,-0.003446737883746806,0.003597533489157054
27.582400095354828,-0.008885063827776256,0.003588255305583375
27.58440009535483,-0.012818006134640444,0.003538912015590279
27.58640009535483,-0.01610647375666393,0.0034724163225852865
27.588400095354828,-0.019394941378687414,0.0034059206295802935
27.590400095354827,-0.016942207740982384,0.003397033879260892
27.592400095354826,-0.012031589454654063,0.0034128102838187737
27.59440009535483,-0.00712097116831702,0.003428586688376683
27.596400095354827,-0.004366254791542644,0.003400018503419954
27.598400095354826,-0.0025345088221860736,0.0033524658073081966
27.60040009535483,-0.0007027628528262497,0.003304913111196355
27.602400095354827,0.002960771325290433,0.0032495860744049367
27.604400095354826,0.007408518603209118,0.0031909307381004217
27.606400095354825,0.011856265881127804,0.0031322754017959063
27.608400095354824,0.012140936093552379,0.0031210393647258684
27.610400095354827,0.010643336958330443,0.003130104168159824
27.612400095354825,0.009145737823111167,0.0031391689715937632
27.614400095354824,0.009772548166696694,0.0031432902654566913
27.616400095354827,0.011308846926349325,0.003145295176044932
27.618400095354826,0.012845145685999227,0.0031473000866331694
27.620400095354825,0.010525491565533228,0.003151521452657426
27.622400095354823,0.0065550516864656605,0.0031566917133342147
27.624400095354822,0.00258461180739809,0.0031618619740110035
27.626400095354825,0.0028836348190434758,0.0031688913026533838
27.628400095354824,0.005010473063808495,0.0031767165236208216
27.630400095354823,0.007137311308573513,0.0031845417445882603
27.632400095354825,0.009956750733313962,0.0031715842100669208
27.634400095354824,0.013072702196427522,0.003149729293659323
27.636400095354823,0.016188653659541086,0.003127874377251726
27.63840009535482,0.01606929734615051,0.0031349113705507153
27.64040009535482,0.014564861349816152,0.0031543173871082207
27.642400095354823,0.013060425353479121,0.003173723403665761
27.644400095354822,0.014578788556648457,0.0031779703710923682
27.64640009535482,0.017391253763769682,0.0031757275406317977
27.648400095354823,0.020203718970895908,0.0031734847101712233
27.650400095354822,0.01953660605875456,0.0031866256724043113
27.65240009535482,0.017379837605756194,0.00320635264915986
27.65440009535482,0.01522306915275783,0.0032260796259154087
27.65640009535482,0.013073006503565292,0.003247065209906277
27.65840009535482,0.010925814702125163,0.003268589621137307
27.66040009535482,0.00877862290068885,0.0032901140323682975
27.66240009535482,0.007703439391768338,0.003288527722333841
27.66440009535482,0.007087197580615203,0.0032770473902770845
27.66640009535482,0.006470955769463164,0.0032655670582203487
27.66840009535482,0.0016793886784519114,0.003313719612701234
27.670400095354818,-0.004899693606334963,0.0033874018405823875
27.672400095354817,-0.011478775891121838,0.003461084068463543
27.67440009535482,-0.010537185018067989,0.0034644185930076737
27.67640009535482,-0.006375888300291985,0.0034376362773642904
27.678400095354817,-0.0022145915825159818,0.003410853961720906
27.68040009535482,-5.132189904482134e-05,0.0034165773507718435
27.68240009535482,0.0012565642323868244,0.0034362168904380525
27.684400095354817,0.0025644503638184695,0.003455856430104262
27.686400095354816,0.0018246630520362059,0.0034685200041765217
27.688400095354815,0.0002082377514849268,0.0034781970686232995
27.690400095354818,-0.001408187549069224,0.0034878741330700946
27.692400095354817,0.001018765656545174,0.0035082896015225205
27.694400095354816,0.005176746655464669,0.003533302333318254
27.696400095354818,0.009334727654391549,0.003558315065114032
27.698400095354817,0.009309875106575683,0.0035979538129349516
27.700400095354816,0.007494291858525239,0.00364385416682405
27.702400095354815,0.005678708610474793,0.0036897545207131496
27.704400095354814,0.0018142095591161809,0.0037064034038328956
27.706400095354816,-0.0029274596798879345,0.003710529313552772
27.708400095354815,-0.007669128918883629,0.003714655223272642
27.710400095354814,-0.008306786212298944,0.003707546990925998
27.712400095354816,-0.007187457020596467,0.00369562926093545
27.714400095354815,-0.0060681278288959774,0.0036837115309449235
27.716400095354814,-0.005895741162149137,0.003674998154319733
27.718400095354813,-0.00612875424747135,0.0036676566075845483
27.72040009535481,-0.006361767332793562,0.0036603150608493624
27.722400095354814,-0.005730491347480715,0.0036867494935531532
27.724400095354813,-0.004729200699985692,0.003727643911980005
27.726400095354812,-0.00372791005249067,0.003768538330406856
27.728400095354814,0.002491474614527597,0.003793840993034367
27.730400095354813,0.010944801143518696,0.0038124685984758503
27.732400095354812,0.019398127672509792,0.003831096203917333
27.73440009535481,0.02087880652997095,0.0038012033309779993
27.73640009535481,0.019374393244782663,0.0037505381337229605
27.738400095354812,0.0178699799595917,0.003699872936467831
27.74040009535481,0.015966525230632415,0.0037074082774762825
27.74240009535481,0.013892235019588707,0.0037398601206852494
27.744400095354813,0.011817944808541316,0.0037723119638942734
27.74640009535481,0.008793560351225346,0.003837422960644541
27.74840009535481,0.005362426591838743,0.003916515820732328
27.75040009535481,0.0019312928324521396,0.003995608680820116
27.75240009535481,-0.002421628847186967,0.004063185787242169
27.75440009535481,-0.007169181523992974,0.004125832829761029
27.75640009535481,-0.011916734200790547,0.004188479872279778
27.75840009535481,-0.010869126721564894,0.004218739182226171
27.76040009535481,-0.007340525442215643,0.004235132824693434
27.76240009535481,-0.0038119241628726576,0.004251526467160669
27.76440009535481,-0.005236421628964431,0.0042482198897305905
27.766400095354808,-0.008781414210711505,0.00423647935565709
27.768400095354806,-0.01232640679245858,0.00422473882158359
27.77040009535481,-0.01084655770757577,0.004224273400934361
27.772400095354808,-0.007215499029978477,0.004228635024352681
27.774400095354807,-0.0035844403523811845,0.004232996647771002
27.77640009535481,-0.002753307691652425,0.004281557296695751
27.778400095354808,-0.0031208652293844997,0.004349040209400489
27.780400095354807,-0.0034884227671165757,0.004416523122105227
27.782400095354806,-0.006196303696957613,0.00445680357395624
27.784400095354805,-0.00990611219309016,0.004485438244078021
27.786400095354807,-0.013615920689229297,0.004514072914199853
27.788400095354806,-0.014766841672645858,0.004494161008077265
27.790400095354805,-0.014822264373571176,0.004453465581525484
27.792400095354807,-0.014877687074496592,0.00441277015497363
27.794400095354806,-0.016139352401799926,0.004415336126919297
27.796400095354805,-0.017917428428311347,0.004436422957403904
27.798400095354804,-0.019695504454822765,0.004457509787888511
27.800400095354803,-0.02103004693755176,0.0044796389437252605
27.802400095354805,-0.022174705983143188,0.004502214334854189
27.804400095354804,-0.02331936502873258,0.004524789725983076
27.806400095354803,-0.023407948764717638,0.0045768729809831975
27.808400095354806,-0.023044410587063757,0.004641589001620043
27.810400095354805,-0.022680872409410524,0.004706305022256774
27.812400095354803,-0.020099111535199093,0.0047201207605057
27.814400095354802,-0.016567695644993198,0.004712145310448729
27.8164000953548,-0.013036279754787303,0.004704169860391759
27.818400095354804,-0.009508583401896425,0.00463084198874904
27.820400095354803,-0.0059824794399465225,0.004529535743802118
27.8224000953548,-0.002456375477996618,0.004428229498855197
27.824400095354804,-0.0018396557416292347,0.004397599651214342
27.826400095354803,-0.002468488137629992,0.004397227456240578
27.8284000953548,-0.003097320533630749,0.004396855261266814
27.8304000953548,-0.004950907687561429,0.004402933167776316
27.8324000953548,-0.0073288312548355815,0.004411772462274343
27.834400095354802,-0.009706754822113958,0.004420611756772387
27.8364000953548,-0.010383920117042353,0.004440325671968659
27.8384000953548,-0.010332964457554805,0.00446469518069075
27.840400095354802,-0.010282008798067167,0.004489064689412885
27.8424000953548,-0.010715217410850391,0.0044386527821231305
27.8444000953548,-0.011355704272133938,0.004356225788592893
27.8464000953548,-0.011996191133417483,0.004273798795062656
27.848400095354798,-0.005299756266618522,0.004219288759351421
27.8504000953548,0.004537729192357962,0.004176730408575367
27.8524000953548,0.014375214651316972,0.00413417205779939
27.854400095354798,0.014125147637984871,0.004133048293845891
27.8564000953548,0.009556441585399152,0.004149663324780287
27.8584000953548,0.004987735532821549,0.004166278355714655
27.860400095354798,0.0068359935560246225,0.004156437149794853
27.862400095354797,0.011431454638633692,0.0041352696135469064
27.864400095354796,0.016026915721242763,0.0041141020772989595
27.8664000953548,0.019507444778306886,0.004104520225272033
27.868400095354797,0.022510653872840205,0.0040998983871576074
27.870400095354796,0.025513862967373527,0.004095276549043183
27.8724000953548,0.020245957423237232,0.004049089385191942
27.874400095354797,0.011437056976010175,0.003985107448446269
27.876400095354796,0.0026281565287831175,0.003921125511700595
27.878400095354795,-0.0016608141600063986,0.003915152983267328
27.880400095354794,-0.00401473124058568,0.003934015202466039
27.882400095354797,-0.006368648321169144,0.0039528774216647826
27.884400095354795,-0.009207627424985517,0.003994763000908513
27.886400095354794,-0.012254269299028403,0.0040465052469243895
27.888400095354797,-0.015300911173076701,0.004098247492940358
27.890400095354796,-0.01295548089243052,0.0041479475309967205
27.892400095354795,-0.008301618439473139,0.00419677326722235
27.894400095354793,-0.003647755986515757,0.00424559900344798
27.896400095354792,-0.004009265338173387,0.004287763166775904
27.898400095354795,-0.00651793569512376,0.00432707540404197
27.900400095354794,-0.009026606052069678,0.004366387641307965
27.902400095354793,-0.009673238913607643,0.0043776629132577915
27.904400095354795,-0.009522703598396498,0.004376935109771283
27.906400095354794,-0.00937216828318562,0.004376207306284777
27.908400095354793,-0.00921274485773206,0.004422258770368143
27.91040009535479,-0.009049516288969321,0.004488337193179723
27.91240009535479,-0.00888628772020658,0.004554415615991305
27.914400095354793,-0.009121086820134312,0.004631890939208616
27.916400095354792,-0.009526288004104813,0.004714245459862332
27.91840009535479,-0.009931489188075312,0.004796599980516047
27.920400095354793,-0.008155060142395518,0.004870997820112343
27.922400095354792,-0.005444639786149055,0.004941989275405729
27.92440009535479,-0.0027342194299025914,0.005012980730699117
27.92640009535479,-0.0036966541280280957,0.005039073365075534
27.92840009535479,-0.006231497883052356,0.005045944083092936
27.93040009535479,-0.00876634163808112,0.005052814801110352
27.93240009535479,-0.010370197652326593,0.005124317908192454
27.93440009535479,-0.011575482605187655,0.00522349119693321
27.93640009535479,-0.012780767558050857,0.005322664485674141
27.93840009535479,-0.013373396956629997,0.005453664922348735
27.94040009535479,-0.013703738470879042,0.005598291082706861
27.942400095354788,-0.01403407998512809,0.00574291724306499
27.944400095354787,-0.010122763152958965,0.005862096400874049
27.94640009535479,-0.0043955226354640865,0.00597038127845723
27.94840009535479,0.0013317178820206209,0.006078666156040218
27.950400095354787,0.0009835413942431265,0.006127366813699447
27.95240009535479,-0.0019656213369976475,0.0061505584838744565
27.95440009535479,-0.004914784068233185,0.006173750154049426
27.956400095354788,-0.0026110193806269948,0.0062486392244326585
27.958400095354786,0.0019416104696499518,0.006345660807424384
27.960400095354785,0.0064942403199269,0.006442682390416109
27.962400095354788,0.0063205351546183125,0.006572370715712512
27.964400095354787,0.004123407498087152,0.00671604421575314
27.966400095354786,0.0019262798415559928,0.006859717715793767
27.968400095354788,-0.004229801524313136,0.00701892382819511
27.970400095354787,-0.012080776913954507,0.0071847797106607755
27.972400095354786,-0.019931752303595878,0.007350635593126441
27.974400095354785,-0.015347307640038088,0.007508916642612664
27.976400095354784,-0.005439051864435777,0.007663954779530164
27.978400095354786,0.00446920391118413,0.007818992916447944
27.980400095354785,0.009690494218988715,0.00795372812707936
27.982400095354784,0.012905216044804066,0.008079771314640046
27.984400095354786,0.01611993787062513,0.008205814502200957
27.986400095354785,0.012459854927083536,0.008440155442786656
27.988400095354784,0.005856552457282707,0.008720860472542415
27.990400095354783,-0.0007467500125181228,0.009001565502298175
27.992400095354782,0.0012584881143297816,0.009216428453267533
27.994400095354784,0.006949187686923318,0.009403103299627619
27.996400095354783,0.012639887259506745,0.009589778145987375
27.998400095354782,0.014113147939170137,0.009819052982641671
28.000400095354784,0.013780851661064332,0.01006656559602064
28.002400095354783,0.013448555382959117,0.010314078209399172
28.004400095354782,0.014829303288072367,0.010517834649103537
28.00640009535478,0.016943434487346976,0.010702858328086711
28.00840009535478,0.01905756568662158,0.010887882007069884
28.010400095354782,0.01845289725708893,0.011079828398761423
28.01240009535478,0.016684264409601576,0.011274738521645788
28.01440009535478,0.014915631562114222,0.011469648644530157
28.016400095354783,0.007681833343840632,0.011750254575790426
28.01840009535478,-0.0018916955234445556,0.012067548346437652
28.02040009535478,-0.011465224390729745,0.012384842117084885
28.02240009535478,-0.000381672015999715,0.012619647845727375
28.02440009535478,0.019545530793196174,0.01281913903017232
28.02640009535478,0.03947273360242746,0.013018630214617615
28.02840009535478,0.030529575084374736,0.013203157379193038
28.03040009535478,0.009226518659082576,0.013381278189661118
28.03240009535478,-0.01207653776624743,0.013559399000129514
28.03440009535478,-0.0144100234262851,0.013673692794135123
28.03640009535478,-0.008622308784327576,0.0137606611419414
28.038400095354778,-0.002834594142370049,0.013847629489747675
28.040400095354777,0.008128349699103015,0.014087847620748684
28.04240009535478,0.02130689866314148,0.01439367463429142
28.044400095354778,0.03448544762715653,0.014699501647833613
28.046400095354777,0.034848527029052306,0.014947848559434474
28.04840009535478,0.02972508159463283,0.015171587242256767
28.050400095354778,0.02460163616022245,0.015395325925078663
28.052400095354777,0.021309817030819016,0.0155804446795516
28.054400095354776,0.018802148994198117,0.01574902957068394
28.056400095354775,0.016294480957577222,0.015917614461816283
28.058400095354777,-0.0005755946356640809,0.01586639910824837
28.060400095354776,-0.023594467583918262,0.01572108343355228
28.062400095354775,-0.04661334053217244,0.0155757677588562
28.064400095354777,-0.0348153830072777,0.01547442349489629
28.066400095354776,-0.00811173081556879,0.015391904161684124
28.068400095354775,0.01859192137614011,0.015309384828471953
28.070400095354774,0.02206635201308136,0.015323449054150432
28.072400095354773,0.01559594499096078,0.015378862397423629
28.074400095354775,0.009125537968828708,0.015434275740696925
28.076400095354774,0.0021183501806942085,0.015429230304013112
28.078400095354773,-0.005118642907937799,0.015398301398741357
28.080400095354776,-0.012355635996582664,0.015367372493469547
28.082400095354775,-0.011140229692818816,0.015248506289526795
28.084400095354773,-0.006306201883660269,0.01509199257446626
28.086400095354772,-0.0014721740745017205,0.014935478859405726
28.08840009535477,0.00017398853152081247,0.01473494218493933
28.090400095354774,0.0004553695556648656,0.014515558501471714
28.092400095354773,0.0007367505798084188,0.014296174818004492
28.09440009535477,0.005331639369568574,0.014182136988377302
28.096400095354774,0.011773217497834313,0.01411319959109224
28.098400095354773,0.01821479562608861,0.014044262193807297
28.10040009535477,0.01836495044438181,0.014046069736839195
28.10240009535477,0.015821634791543603,0.01407816444993381
28.10440009535477,0.01327831913870539,0.01411025916302843
28.106400095354772,0.007686515348560105,0.01392497616878752
28.10840009535477,0.0007895992817538443,0.01364662989145696
28.11040009535477,-0.006107316785052415,0.013368283614126399
28.112400095354772,-0.0028519979323779763,0.013085701742234798
28.11440009535477,0.004749674744941621,0.012801306536357252
28.11640009535477,0.01235134742226122,0.012516911330479706
28.11840009535477,0.013542817103035745,0.012286207316087075
28.120400095354768,0.011989963588624057,0.012078489466445954
28.12240009535477,0.01043711007420961,0.011870771616804466
28.12440009535477,0.0006814884894016956,0.011754413825671819
28.126400095354768,-0.012585886075581034,0.011677168923625237
28.12840009535477,-0.02585326064058733,0.011599924021578514
28.13040009535477,-0.013852264760216407,0.01146638011808241
28.132400095354768,0.008966577666303786,0.011308733593497248
28.134400095354767,0.03178542009282398,0.011151087068912088
28.136400095354766,0.03719649423272938,0.010957063907384396
28.13840009535477,0.035154986899742266,0.010747467247515801
28.140400095354767,0.03311347956675877,0.01053787058764758
28.142400095354766,0.029604818694653704,0.010391492912948306
28.14440009535477,0.025468042692460013,0.010272180436289906
28.146400095354768,0.02133126669027367,0.010152867959631712
28.148400095354766,0.01515673863604624,0.010025359301483176
28.150400095354765,0.008109811735939592,0.009894341708444531
28.152400095354764,0.001062884835832941,0.009763324115405887
28.154400095354767,0.002664208948367772,0.009727717662637018
28.156400095354766,0.00796800762450349,0.00973295846550606
28.158400095354764,0.013271806300639207,0.009738199268375105
28.160400095354767,0.009661162301512784,0.009704797833553694
28.162400095354766,0.002234081741309707,0.00965485294738086
28.164400095354765,-0.005192998818893372,0.009604908061208025
28.166400095354764,-0.015646397120068153,0.009449090359564583
28.168400095354762,-0.027395417764409048,0.009247946556368573
28.170400095354765,-0.03914443840877081,0.009046802753172205
28.172400095354764,-0.03407227618782497,0.008990607343199085
28.174400095354763,-0.02179865498882364,0.008996467016753046
28.176400095354765,-0.009525033789800512,0.00900232669030702
28.178400095354764,-0.0002666092676433937,0.008995423307956118
28.180400095354763,0.007700953722929959,0.008983055825031094
28.18240009535476,0.015668516713503312,0.00897068834210607
28.18440009535476,0.01984544640970005,0.008995291671370077
28.186400095354763,0.022399535597504946,0.00903572289190965
28.188400095354762,0.024953624785305314,0.009076154112449152
28.19040009535476,0.01294515093788563,0.009051205151270397
28.192400095354763,-0.005297827357818825,0.0089982657166588
28.194400095354762,-0.023540805653490867,0.008945326282047297
28.19640009535476,-0.026939481664323264,0.008856530953809132
28.19840009535476,-0.023983034617548773,0.00875238504782299
28.20040009535476,-0.02102658757077428,0.008648239141836848
28.20240009535476,-0.015123849538712798,0.008595639334277054
28.20440009535476,-0.007959749150790153,0.008565107376930415
28.20640009535476,-0.0007956487628675082,0.008534575419583775
28.20840009535476,-0.0023643519606381977,0.008550095519017056
28.21040009535476,-0.007671732406365611,0.008585331368978221
28.21240009535476,-0.012979112852093024,0.008620567218939385
28.21440009535476,-0.010345260363460796,0.008650723579158847
28.216400095354757,-0.0043116164688401775,0.008678705314138955
28.21840009535476,0.0017220274257911622,0.008706687049119113
28.22040009535476,-0.0010057645433984123,0.008667492220525833
28.222400095354757,-0.007484492708548619,0.008599537836108092
28.22440009535476,-0.013963220873710335,0.008531583451690233
28.22640009535476,-0.009901220068289732,0.008554243797017524
28.228400095354758,-0.0013265335165906446,0.008615698024671643
28.230400095354756,0.007248153035108444,0.008677152252325761
28.232400095354755,0.003824699963299606,0.008701050004054757
28.234400095354758,-0.0047353846013448875,0.008708869115006963
28.236400095354757,-0.013295469165974176,0.008716688225959154
28.238400095354756,-0.022443566784646818,0.008720195366625279
28.240400095354758,-0.03184340399310692,0.00872185647067121
28.242400095354757,-0.04124324120155032,0.008723517574717139
28.244400095354756,-0.034247872411402445,0.008737771645548793
28.246400095354755,-0.020233402741423635,0.008757417006020419
28.248400095354754,-0.006218933071444832,0.008777062366492044
28.250400095354756,0.00022915132399534566,0.008728545856527556
28.252400095354755,0.0034379212429679353,0.008650847944132008
28.254400095354754,0.006646691161940525,0.008573150031736462
28.256400095354756,-0.0002323799528150903,0.008569159876855952
28.258400095354755,-0.011430249591618718,0.008596725428821329
28.260400095354754,-0.022628119230422343,0.008624290980786703
28.262400095354753,-0.013005073767696657,0.008664444055636608
28.264400095354752,0.005531806506712832,0.008709986091496816
28.266400095354754,0.024068686781155244,0.008755528127357104
28.268400095354753,0.021280814449129697,0.008842594213213364
28.270400095354752,0.009363403630402587,0.008947437546926099
28.272400095354755,-0.002554007188345697,0.009052280880639023
28.274400095354753,-0.008138283344881704,0.009057687651695684
28.276400095354752,-0.011011221888773843,0.00902052370433529
28.27840009535475,-0.013884160432665976,0.008983359756974896
28.28040009535475,-0.009252814210506128,0.008921547902043494
28.282400095354753,-0.0014087379335298734,0.008849183799174943
28.28440009535475,0.00643533834343245,0.008776819696306521
28.28640009535475,0.010485193171195598,0.00871908995828811
28.288400095354753,0.0129106679043032,0.00866762547686536
28.29040009535475,0.015336142637406496,0.008616160995442702
28.29240009535475,0.02031907510751725,0.008615264402902547
28.29440009535475,0.026396905177209322,0.008636016911089327
28.29640009535475,0.0324747352469014,0.008656769419276107
28.29840009535475,0.025096364683237803,0.008680118575658084
28.30040009535475,0.011957131138364191,0.008704579407978148
28.30240009535475,-0.0011821024065094207,0.008729040240298212
28.30440009535475,0.0034079800508217376,0.008686522705331502
28.30640009535475,0.015588330794913442,0.008615330416242776
28.30840009535475,0.027768681539005146,0.008544138127154053
28.310400095354748,0.02606187648044876,0.008475119593009985
28.312400095354747,0.018409706616791557,0.008407031686153933
28.31440009535475,0.010757536753120765,0.00833894377929776
28.316400095354748,0.007403071075398073,0.00831659899494404
28.318400095354747,0.00588853740010346,0.00831383774434271
28.32040009535475,0.0043740037248061565,0.008311076493741375
28.322400095354748,0.007307530598553898,0.008334447126750294
28.324400095354747,0.01214536023851007,0.00836900533638875
28.326400095354746,0.016983189878466243,0.008403563546027205
28.328400095354745,0.015989525303302117,0.008343260651764647
28.330400095354747,0.012499282315544178,0.00824234583619031
28.332400095354746,0.009009039327792439,0.008141431020616152
28.334400095354745,0.007566997101713141,0.008105423047085529
28.336400095354747,0.007001830381779874,0.00809720298430777
28.338400095354746,0.00643666366184761,0.008088982921530027
28.340400095354745,0.0019165217522388658,0.008127796475367433
28.342400095354744,-0.004296823952119352,0.008186746058968424
28.344400095354743,-0.01051016965647757,0.008245695642569413
28.346400095354745,-0.012827184628594609,0.008211848405417136
28.348400095354744,-0.013476102461118666,0.00813827299273292
28.350400095354743,-0.014125020293642723,0.008064697580048704
28.352400095354746,-0.006720663006962341,0.008014183237143972
28.354400095354745,0.004131462906815599,0.007973541800816697
28.356400095354743,0.014983588820593538,0.007932900364489423
28.358400095354742,0.006748089144728683,0.00786940151779879
28.36040009535474,-0.009659206958749514,0.007796116953996589
28.362400095354744,-0.026066503062256857,0.007722832390194257
28.364400095354743,-0.02500183224278668,0.007669508221151688
28.36640009535474,-0.016457060037632358,0.007624729499634217
28.368400095354744,-0.007912287832462856,0.007579950778116668
28.370400095354743,-0.004629595258085662,0.007544842083420437
28.37240009535474,-0.003599705370477323,0.007513873322729878
28.37440009535474,-0.002569815482868984,0.00748290456203932
28.37640009535474,-0.0033409121233198362,0.007454912979254584
28.378400095354742,-0.004883047607347195,0.007428195986686802
28.38040009535474,-0.006425183091371815,0.007401478994119068
28.38240009535474,-0.001982249152372078,0.007352552000342846
28.384400095354742,0.0050230146586184715,0.0072941164536106835
28.38640009535474,0.012028278469596579,0.007235680906878625
28.38840009535474,0.012525850734387702,0.007117631728253906
28.39040009535474,0.010237347627371827,0.006974060738943888
28.392400095354738,0.007948844520355953,0.006830489749633868
28.39440009535474,0.005444443126668785,0.006767246616193629
28.39640009535474,0.002847611265168618,0.0067383934791330645
28.398400095354738,0.0002507794036684507,0.006709540342072498
28.40040009535474,-0.0015872469294941137,0.006646258297109665
28.40240009535474,-0.003100413071480177,0.006568236531381556
28.404400095354738,-0.00461357921346624,0.0064902147656534445
28.406400095354737,-0.0035988813830413473,0.0064567396151829735
28.408400095354736,-0.0015019530670999648,0.0064423357856318855
28.41040009535474,0.0005949752488451417,0.006427931956080769
28.412400095354737,0.002808779173983326,0.006368699934487562
28.414400095354736,0.005072619954102522,0.006290276040786159
28.41640009535474,0.0073364607342257405,0.006211852147084618
28.418400095354738,0.008896937381226362,0.006129953857137595
28.420400095354736,0.010156289321868977,0.006046568106428825
28.422400095354735,0.011415641262511591,0.005963182355720057
28.424400095354734,0.0022665790144749363,0.005914651286483714
28.426400095354737,-0.011338540783333441,0.005881042227815283
28.428400095354736,-0.024943660581117657,0.005847433169146909
28.430400095354734,-0.0233510543029099,0.005818360392980286
28.432400095354737,-0.015251986117498659,0.005791229693486816
28.434400095354736,-0.0071529179321018,0.005764098993993394
28.436400095354735,-0.0030021356193296565,0.005739470383367537
28.438400095354734,-0.0005416966310663931,0.005715912969040799
28.440400095354732,0.0019187423571968712,0.0056923555547140625
28.442400095354735,0.0016551566504151816,0.0056428989067640175
28.444400095354734,0.00022535915459651924,0.005582354256699625
28.446400095354733,-0.0012044383412221434,0.005521809606635231
28.448400095354735,-0.0020254610628406013,0.005487326766034275
28.450400095354734,-0.0025858545735605244,0.005464001531042005
28.452400095354733,-0.003146248084280447,0.005440676296049736
28.454400095354732,-0.00528987279653398,0.005489067434842638
28.45640009535473,-0.008111311977244299,0.0055681618567250575
28.458400095354733,-0.010932751157959632,0.005647256278607619
28.460400095354732,-0.011390311143362813,0.005724271798883339
28.46240009535473,-0.010835844762847565,0.005800397297688288
28.464400095354733,-0.010281378382331334,0.005876522796493372
28.466400095354732,-0.010876697599775042,0.005873489338287864
28.46840009535473,-0.011964264258268714,0.005836566262666944
28.47040009535473,-0.013051830916762383,0.005799643187046022
28.47240009535473,-0.009543047703784537,0.005747032343771732
28.47440009535473,-0.004066470018899633,0.005687705235781216
28.47640009535473,0.0014101076659755428,0.0056283781277908064
28.47840009535473,-0.004156081798732009,0.005611855011203891
28.48040009535473,-0.014449913731571463,0.005613657189791894
28.48240009535473,-0.024743745664392636,0.005615459368379893
28.48440009535473,-0.020165535899535614,0.005669076656584003
28.48640009535473,-0.009220289349411555,0.005744877093253188
28.488400095354727,0.0017249572007125118,0.005820677529922375
28.49040009535473,0.002491684271573811,0.005869758438883591
28.49240009535473,-0.0010992294786536074,0.005907400149354408
28.494400095354727,-0.004690143228881026,0.0059450418598252265
28.49640009535473,-0.006874858330965027,0.0059670888357224285
28.49840009535473,-0.008457549788502218,0.005982459373012514
28.500400095354728,-0.01004024124603941,0.0059978299103025995
28.502400095354727,-0.011507061712971486,0.005964063840996762
28.504400095354725,-0.012924275330388563,0.005909261339393655
28.506400095354728,-0.014341488947808153,0.00585445883779045
28.508400095354727,-0.01620903391854198,0.005834279841605066
28.510400095354726,-0.018269375397999908,0.005828923910514226
28.512400095354728,-0.020329716877461494,0.005823567979423375
28.514400095354727,-0.022565242774660033,0.005885134576780429
28.516400095354726,-0.024875768886856466,0.0059753521471322775
28.518400095354725,-0.027186294999052896,0.006065569717484127
28.520400095354724,-0.026455119136468752,0.006102660483685708
28.522400095354726,-0.024421725112287993,0.006117006520191416
28.524400095354725,-0.022388331088110853,0.006131352556697099
28.526400095354724,-0.02289331841437092,0.006155470401624734
28.528400095354726,-0.024485041631809906,0.00618377176883208
28.530400095354725,-0.02607676484924606,0.006212073136039375
28.532400095354724,-0.02369335515472889,0.006216946889858448
28.534400095354723,-0.019608104976909485,0.006211790775048135
28.536400095354722,-0.015522854799090083,0.0062066346602378236
28.538400095354724,-0.016209149943027787,0.0062507991123494115
28.540400095354723,-0.018938247223438138,0.006316078769847447
28.542400095354722,-0.02166734450384849,0.006381358427345482
28.544400095354725,-0.018607106921051636,0.006397996348026704
28.546400095354723,-0.01306832909628318,0.006393809682639034
28.548400095354722,-0.0075295512715147245,0.006389623017251365
28.55040009535472,-0.010768708519653385,0.006419816850165138
28.55240009535472,-0.01776589126411492,0.0064647297244160825
28.554400095354723,-0.024763074008588886,0.006509642598667106
28.55640009535472,-0.03345333101528696,0.006553335653144081
28.55840009535472,-0.042868430138293924,0.006596506476100442
28.560400095354723,-0.05228352926131761,0.00663967729905688
28.56240009535472,-0.049122965865164236,0.006676546443692634
28.56440009535472,-0.04057848566739688,0.006710717701697208
28.56640009535472,-0.03203400546962951,0.00674488895970178
28.56840009535472,-0.02624542714086986,0.006816697107804069
28.57040009535472,-0.021636710962249707,0.006904618435615467
28.57240009535472,-0.01702799478363774,0.006992539763426709
28.57440009535472,-0.014263739914859703,0.007100168569094737
28.57640009535472,-0.012289139562338063,0.007216234580146861
28.57840009535472,-0.01031453920981993,0.007332300591198777
28.58040009535472,-0.009414247527018568,0.007371781335503144
28.582400095354718,-0.008973891107571708,0.0073784742360308315
28.584400095354717,-0.008533534688124848,0.007385167136558517
28.58640009535472,-0.004972228242860531,0.007403993755136376
28.588400095354718,-7.477401174713592e-05,0.007428015086981894
28.590400095354717,0.004822680219366259,0.0074520364188274115
28.59240009535472,0.0007056871751500524,0.007467647716344624
28.594400095354718,-0.00727059075484674,0.007479658491568982
28.596400095354717,-0.015246868684843536,0.007491669266793341
28.598400095354716,-0.016431634051559618,0.007543906937589538
28.600400095354715,-0.014708801842660721,0.0076133666370501
28.602400095354717,-0.012985969633758766,0.007682826336510784
28.604400095354716,-0.008866091049913974,0.007715947832387628
28.606400095354715,-0.003719983473732997,0.007733512133194411
28.608400095354718,0.0014261241024571217,0.007751076434001224
28.610400095354716,-0.001338276431319892,0.007742048666382463
28.612400095354715,-0.0074893422628069025,0.007721636240018737
28.614400095354714,-0.013640408094293913,0.007701223813655016
28.616400095354713,-0.01690289699600928,0.007680453763269027
28.618400095354716,-0.018928721409530728,0.007659530606028239
28.620400095354714,-0.020954545823048575,0.00763860744878749
28.622400095354713,-0.018033129868279582,0.008089222568945552
28.624400095354716,-0.012993689229784075,0.008741713813266938
28.626400095354715,-0.00795424859129752,0.009394205057587165
