z,score
0.0,88.03357217150477
0.0005,88.15119640985301
0.001,88.57267011939862
0.0015,89.32698930891132
0.002,90.51244114623813
0.0025,92.90810348732269
0.003,97.41473115441738
0.0035,102.53033876795709
0.004,106.10652131070029
0.0045000000000000005,108.20543473399835
0.005,110.6398269431244
0.0055,115.3968746755226
0.006,120.34809901030836
0.006500000000000001,123.51843485224937
0.007,124.30477821107866
0.0075,123.09317308414481
0.008,120.7510458436653
0.0085,119.1073678961815
0.009000000000000001,117.36929268699807
0.0095,115.1455644214602
0.01,111.70358855216122
0.0105,107.4640326306174
0.011,103.39425436802496
0.0115,99.59230739911699
0.012,94.98894976082943
0.0125,89.06652295334919
0.013000000000000001,82.63208291974026
0.0135,76.30166109595673
0.014,69.24392801660734
0.0145,60.314717294676946
0.015,49.88458671895802
0.0155,39.48517263755076
0.016,30.122271980373316
0.0165,21.360039426730975
0.017,12.577250392036957
0.0175,3.1543933029258584
0.018000000000000002,-7.306014907134799
0.0185,-19.169813304805626
0.019,-32.61070007003307
0.0195,-47.74958233963237
0.02,-63.68207268962203
0.0205,-78.52180489664612
0.021,-91.41343629828926
0.021500000000000002,-102.84821763581549
0.022,-115.50264569486282
0.0225,-131.81144838356872
0.023,-151.05007732180775
0.0235,-171.83048946463273
0.024,-192.5602616313969
0.0245,-210.54651902353604
0.025,-224.42456771308727
0.025500000000000002,-236.83487345935086
0.026000000000000002,-251.28001918896658
0.0265,-267.04442545196713
0.027,-282.27987441157956
0.0275,-296.6850476102901
0.028,-309.3679964758023
0.0285,-318.58473203329334
0.029,-325.2969047986088
0.029500000000000002,-333.11809276347327
0.03,-342.8141836971342
0.0305,-354.02340614697687
0.031,-365.9048187277595
0.0315,-377.67641424093597
0.032,-388.8767097302275
0.0325,-401.1593503360302
0.033,-412.3832376835775
0.0335,-418.56643633169944
0.034,-419.8217091332969
0.0345,-422.61034838722696
0.035,-428.82035453356906
0.035500000000000004,-434.5843250357994
0.036000000000000004,-438.50914433915364
0.0365,-442.526578636176
0.037,-448.7666706667146
0.0375,-455.9481590763546
0.038,-460.7994111555369
0.0385,-462.2662870482799
0.039,-461.83178397561215
0.0395,-460.32414289471075
0.04,-457.41559339366967
0.0405,-453.45374964226255
0.041,-447.626626508223
0.0415,-440.556829159292
0.042,-433.1607959366061
0.0425,-427.1256948017234
0.043000000000000003,-422.869971370679
0.043500000000000004,-417.3079987793246
0.044,-407.8325639295095
0.0445,-396.03971279957744
0.045,-382.93456068300986
0.0455,-367.99994581961437
0.046,-349.52408986246274
0.0465,-325.86599153466943
0.047,-298.0546858622438
0.0475,-272.5220657934305
0.048,-258.0400668990476
0.0485,-255.13707516360574
0.049,-254.77653049154668
0.0495,-249.97853075575932
0.05,-241.1373892783696
0.0505,-230.5033681473412
0.051000000000000004,-218.15615414461112
0.051500000000000004,-204.83256540734442
0.052000000000000005,-191.10356794721926
0.0525,-177.08173067397587
0.053,-163.91021034684917
0.0535,-152.61074118446228
0.054,-142.53439056775625
0.0545,-133.02811913814477
0.055,-124.16567035790489
0.0555,-116.40168734705954
0.056,-109.52965213562716
0.0565,-102.1562102534324
0.057,-93.14630104273036
0.0575,-83.77708839170025
0.058,-75.92509545975712
0.0585,-70.36622416679106
0.059000000000000004,-67.26692964410911
0.059500000000000004,-65.26912857530542
0.06,-62.540521786863984
0.0605,-58.44980484502482
0.061,-53.416718966534646
0.0615,-48.376521359872854
0.062,-43.921791410859115
0.0625,-40.680222149480784
0.063,-39.13378348884513
0.0635,-39.187623973468995
0.064,-40.441168065597765
0.0645,-41.63715455485118
0.065,-41.394264770957335
0.0655,-39.25003120587791
0.066,-35.65360115660954
0.0665,-31.356888402866026
0.067,-27.524441722324543
0.0675,-26.754960973574057
0.068,-31.341126246985457
0.0685,-39.317181174789624
0.069,-45.40805319891318
0.0695,-46.73044786412802
0.07,-45.267170582575524
0.07050000000000001,-44.752597812207846
0.07100000000000001,-46.60511156385217
0.07150000000000001,-49.67149995317736
0.07200000000000001,-52.3873576178055
0.0725,-53.647904258504056
0.073,-54.078902164917366
0.0735,-55.098563675068526
0.074,-57.31583917375385
0.0745,-60.696477248412606
0.075,-65.68828707455863
0.0755,-72.7869272128828
0.076,-80.50667584980488
0.0765,-86.33325430225321
0.077,-89.77839102132916
0.0775,-92.18903240946133
0.078,-94.9726727039813
0.0785,-98.12008066075919
0.079,-99.8090992751769
0.0795,-98.44919085773327
0.08,-94.28546505943879
0.0805,-89.43544942324385
0.081,-87.04075501235207
0.0815,-89.20499088810274
0.082,-95.13215847607054
0.0825,-101.67571944127364
0.083,-106.0167917997812
0.0835,-107.1842061733711
0.084,-105.85969372594427
0.0845,-104.13771348184473
0.085,-104.175626403749
0.0855,-106.34309002187796
0.08600000000000001,-109.35991698998184
0.08650000000000001,-112.31406324961598
0.08700000000000001,-116.32052327441015
0.08750000000000001,-122.56792341364192
0.088,-129.6450679345003
0.0885,-134.78952599359948
0.089,-136.40133987298015
0.0895,-134.98156647114493
0.09,-132.19819281887655
0.0905,-129.5398342454041
0.091,-127.04591349273261
0.0915,-122.73340465916615
0.092,-113.97252741824543
0.0925,-100.51080668720127
0.093,-87.0361504180104
0.0935,-81.13424278835247
0.094,-86.37690709575688
0.0945,-98.34018644018549
0.095,-109.03340932231482
0.0955,-114.00495317153243
0.096,-113.58615473277669
0.0965,-110.21490935552671
0.097,-106.60795722537189
0.0975,-104.0936394757689
0.098,-102.3478265182088
0.0985,-100.54754961811567
0.099,-98.26167719815275
0.0995,-95.65221701249916
0.1,-93.34912714790765
0.1005,-91.6073244369929
0.101,-90.02927121909056
0.1015,-88.17658434358003
0.10200000000000001,-85.51399367501594
0.10250000000000001,-81.59699228404408
0.10300000000000001,-76.5145113141642
0.10350000000000001,-71.12164235251038
0.10400000000000001,-66.52145879055631
0.1045,-62.96121272153305
0.105,-60.12493654191394
0.1055,-57.52861034166039
0.106,-54.693640881805706
0.1065,-51.57569116287008
0.107,-48.112101594145585
0.1075,-43.85377618730817
0.108,-38.84675722906849
0.1085,-33.84119133392238
0.109,-29.379574125335655
0.1095,-25.5740439848053
0.11,-22.350692308525097
0.1105,-19.56060877951065
0.111,-16.883778094467075
0.1115,-14.04758673830254
0.112,-10.954923889558676
0.1125,-7.4228812223520855
0.113,-3.343215185288743
0.1135,0.8883156366047477
0.114,4.585165096733691
0.1145,7.695707343570852
0.115,10.921060145456362
0.1155,14.74848737796929
0.116,18.93596158355293
0.1165,22.879675153761553
0.117,26.207162522491213
0.11750000000000001,28.605910551973178
0.11800000000000001,30.215142022252042
0.11850000000000001,32.07856888850617
0.11900000000000001,34.63274736300485
0.11950000000000001,37.1405097161293
0.12,39.05429735493999
0.1205,40.697716393714586
0.121,42.856003312899105
0.1215,45.662056271050396
0.122,48.587454376760974
0.1225,51.30235064182124
0.123,53.55482442050916
0.1235,54.92868479118575
0.124,55.430243458138236
0.1245,56.09301518732925
0.125,57.524124127389285
0.1255,59.19753590529536
0.126,60.98758882881387
0.1265,63.42616480087035
0.127,66.81537180455885
0.1275,70.93333525249929
0.128,75.06269410171079
0.1285,78.59090199700901
0.129,82.01078349234503
0.1295,86.54472921411181
0.13,91.7201518300626
0.1305,95.85527671655439
0.131,98.36424142258637
0.1315,100.0056438722519
0.132,101.53700988667877
0.1325,102.75044703780141
0.133,103.17633364292561
0.1335,102.89624421442774
0.134,102.41856489903289
0.1345,102.49668250619655
0.135,103.36520406786586
0.1355,104.08150277949625
0.136,103.49248270741936
0.1365,101.44291324240356
0.137,98.5971948533896
0.1375,95.46647848640083
0.138,91.8528665571157
0.1385,87.20073128754825
0.139,81.83023970983638
0.1395,76.86986655984501
0.14,72.68785754383771
0.1405,68.38417015764225
0.14100000000000001,62.87815166354414
0.14150000000000001,56.52474120785713
0.14200000000000002,50.3662851687648
0.14250000000000002,44.998769467961985
0.14300000000000002,40.61876078044851
0.14350000000000002,36.91193743823922
0.14400000000000002,33.06972178077554
0.1445,28.288887867810757
0.145,22.660037481880682
0.1455,16.827654357729784
0.146,10.892236069150643
0.1465,4.287212918560935
0.147,-3.3779979653779897
0.1475,-11.78741343527912
0.148,-20.310735277688885
0.1485,-28.58849763478871
0.149,-36.680792449105056
0.1495,-44.621827366596015
0.15,-52.17037815568711
0.1505,-59.143119302305585
0.151,-65.5453960825766
0.1515,-71.74141271502428
0.152,-78.44108572580456
0.1525,-86.12007830759313
0.153,-94.64761061722572
0.1535,-103.26151841080521
0.154,-111.06263364317451
0.1545,-117.79484681387082
0.155,-123.89951953696578
0.1555,-129.775448779581
0.156,-135.65243692000954
0.1565,-142.07767980208718
0.157,-149.2939403271081
0.1575,-156.5275295401212
0.158,-162.76999092002956
0.1585,-167.82259001128273
0.159,-172.27516181532366
0.1595,-176.76178842766026
0.16,-181.36466900562934
0.1605,-185.89029744457434
0.161,-190.3365239749441
0.1615,-194.5609409362069
0.162,-198.06162597511036
0.1625,-200.45553797348538
0.163,-201.84563516862596
0.1635,-202.8289769928274
0.164,-203.9452093568673
0.1645,-205.044448252589
0.165,-205.65281064511709
0.1655,-205.56062043614463
0.166,-204.7819581862278
0.1665,-203.47124527169254
0.167,-201.88597416851337
0.1675,-200.0593034840401
0.168,-197.77045269631472
0.1685,-195.00864470664473
0.169,-191.83186189479116
0.1695,-188.05099940307636
0.17,-183.89749907925147
0.1705,-180.06816726068843
0.171,-176.9741842289136
0.1715,-174.2522558300098
0.17200000000000001,-170.85748856896782
0.17250000000000001,-165.97242236690838
0.17300000000000001,-159.78438347523814
0.17350000000000002,-153.08219495866922
0.17400000000000002,-146.15823816570366
0.17450000000000002,-138.88565024408365
0.17500000000000002,-131.48076405075415
0.17550000000000002,-124.26189112639203
0.176,-117.28564743030041
0.1765,-110.5591002156888
0.177,-104.16655076513669
0.1775,-98.14978752419754
0.178,-92.15730818462673
0.1785,-85.67808463393496
0.179,-78.7347389398143
0.1795,-71.82390288250828
0.18,-65.21617600337648
0.1805,-58.75227700603803
0.181,-52.24746137039278
0.1815,-45.620938476508734
0.182,-38.93040913425467
0.1825,-32.387817776415936
0.183,-26.0636434122679
0.1835,-19.730776645856103
0.184,-13.187517154844567
0.1845,-6.4292108936857915
0.185,0.566419012664527
0.1855,7.746361072031372
0.186,14.85945336380689
0.1865,21.656906642604856
0.187,28.057096615136846
0.1875,34.11532526118648
0.188,39.93285438229367
0.1885,45.61356561627247
0.189,51.30943547082846
0.1895,57.16171688483634
0.19,63.015794681153956
0.1905,68.58864075994477
0.191,73.81252563597783
0.1915,78.67676802362682
0.192,83.16761285651023
0.1925,87.40546254432815
0.193,91.56837135072695
0.1935,95.74083972646478
0.194,99.87249683692899
0.1945,103.85866387446158
0.195,107.7760655466834
0.1955,111.64702235559677
0.196,114.94238553675778
0.1965,117.02936347294009
0.197,117.86603049944247
0.1975,117.90365935235037
0.198,117.84409019680557
0.1985,118.34136020177257
0.199,119.39549700794663
0.1995,120.40860340670007
0.2,121.13041118967462
0.2005,121.77614360996938
0.201,122.21450301658147
0.2015,122.03305977606307
0.202,121.03065945364531
0.2025,119.02821816219554
0.203,116.08696630820785
0.20350000000000001,112.78585179659134
0.20400000000000001,109.65711212674539
0.20450000000000002,106.77243966551306
0.20500000000000002,103.9617788491785
0.20550000000000002,101.12177467018738
0.20600000000000002,98.10479396005181
0.20650000000000002,94.66262882164672
0.20700000000000002,90.70871595521851
0.20750000000000002,86.45437427181325
0.20800000000000002,82.25770792667578
0.2085,78.4239885508051
0.209,75.20125779925016
0.2095,72.73880708561876
0.21,70.90306427161914
0.2105,69.22497754258748
0.211,67.16535714135685
0.2115,64.48085948789796
0.212,61.44807680395789
0.2125,58.65993351714293
0.213,56.51442156753746
0.2135,54.954684007763674
0.214,53.64567249698191
0.2145,52.36055426187716
0.215,51.06783752474033
0.2155,49.864579580617644
0.216,48.97710391326681
0.2165,48.547325456176615
0.217,48.433025248334374
0.2175,48.417362602931355
0.218,48.362179033609294
0.2185,48.177448542336315
0.219,47.999575294531006
0.2195,48.15560892943982
0.22,48.847615150553786
0.2205,50.00295432052432
0.221,51.3847811744909
0.2215,52.729816892474304
0.222,53.748168246716034
0.2225,54.3047526285891
0.223,54.78577593202185
0.2235,55.853980744848506
0.224,57.80092548066421
0.2245,60.434536398506246
0.225,63.50178871199337
0.2255,66.931149656033
0.226,70.70600021810877
0.2265,74.84983017681705
0.227,79.42683948998403
0.2275,84.24551453159643
0.228,88.88855674021084
0.2285,93.21252088195101
0.229,97.44483000956218
0.2295,101.78397003177132
0.23,105.98491948915894
0.2305,109.45616023187102
0.231,111.8755098939848
0.2315,113.44350380242258
0.232,114.66218358190932
0.2325,116.01071019704935
0.233,117.66517405844682
0.2335,119.58968590314419
0.234,121.80216783812895
0.23450000000000001,124.34183681671026
0.23500000000000001,127.10584640283895
0.23550000000000001,129.85359412853347
0.23600000000000002,132.44327333017299
0.23650000000000002,134.92133717585781
0.23700000000000002,137.3826485075389
0.23750000000000002,139.933793074312
0.23800000000000002,142.65477515035076
0.23850000000000002,145.708069164638
0.23900000000000002,149.3522174695774
0.23950000000000002,153.48672197332988
0.24,157.52328057631243
0.2405,160.9799319157342
0.241,163.8465468991575
0.2415,166.36036783009405
0.242,168.80843565329354
0.2425,171.43915661554234
0.243,174.34520601585558
0.2435,177.45635108911546
0.244,180.68880399645076
0.2445,184.1148246079489
0.245,187.9726206014073
0.2455,192.45195904136787
0.246,197.40681035073916
0.2465,202.1450704417738
0.247,205.52362138693158
0.2475,206.64607897930384
0.248,205.74849954437232
0.2485,204.26562247045712
0.249,203.91626288782277
0.2495,205.59422447182084
0.25,208.93400050720777
0.2505,213.0318339903843
0.251,217.2965434543417
0.2515,221.52730230507868
0.252,225.6840127558632
0.2525,229.72572921468182
0.253,233.72779858126515
0.2535,237.78171610285406
0.254,241.8038690657572
0.2545,245.42995885704474
0.255,247.85652599431927
0.2555,248.3018172007812
0.256,246.53369162259378
0.2565,243.12862325592803
0.257,239.48750084808344
0.2575,236.96123954872974
0.258,235.92659663855397
0.2585,235.85954520066252
0.259,236.10721006063036
0.2595,236.54711033934166
0.26,237.58863589182255
0.2605,239.77663675174307
0.261,243.30350759816568
0.2615,247.69313193303333
0.262,251.90200460803464
0.2625,254.71611025846653
0.263,255.0926729781539
0.2635,252.6261466920223
0.264,248.1103805925344
0.2645,243.04071300063958
0.265,238.61529825159758
0.2655,235.46338150914337
0.266,233.58226502917685
0.2665,232.22192999995553
0.267,230.19965497390305
0.2675,226.6511634119492
0.268,221.63753430262673
0.2685,215.9797231269306
0.269,210.27910756428767
0.2695,204.2548099944178
0.27,197.26610290302196
0.2705,189.413181137417
0.271,181.78230031375898
0.2715,175.63109802470697
0.272,171.5501600590534
0.2725,169.95702335954223
0.273,169.25247009237495
0.2735,170.1869385946723
0.274,172.0681540668922
0.2745,174.33540870159854
0.275,177.37359823735616
0.2755,182.11421301233946
0.276,188.96574255758108
0.2765,196.87043624783468
0.277,203.14123139913306
0.2775,204.77468609785433
0.278,200.58712748689925
0.2785,192.44689639597067
0.279,184.03035663720522
0.2795,178.42793405369935
0.28,176.76546833261105
0.2805,178.2033123254447
0.281,180.98384960996322
0.28150000000000003,183.7237522836875
0.28200000000000003,186.09005809196273
0.28250000000000003,188.46769625722894
0.28300000000000003,191.06813327194394
0.28350000000000003,193.66136736819936
0.28400000000000003,195.84150496445434
0.28450000000000003,197.2444254009321
0.28500000000000003,197.78608162225686
0.28550000000000003,197.63955738522094
0.28600000000000003,196.8915835744957
0.28650000000000003,195.76943649094537
0.28700000000000003,194.9489339278939
0.28750000000000003,195.01092070778117
0.28800000000000003,196.0339596030394
0.2885,197.76856316638143
0.289,199.7465456804854
0.2895,201.52097945179932
0.29,202.98052263849522
0.2905,204.12306620112497
0.291,204.87907523065115
0.2915,205.3348554147475
0.292,205.73266346816817
0.2925,206.31941443713052
0.293,207.25742073430982
0.2935,208.44595049864046
0.294,209.44617276147622
0.2945,209.76703598620253
0.295,209.27837782197258
0.2955,208.29334531316167
0.296,207.3538576082284
0.2965,206.8223380432229
0.297,206.60518750495876
0.2975,206.36110804569498
0.298,205.84313756664469
0.2985,204.99402873104214
0.299,203.89637448269497
0.2995,202.61802026600776
0.3,201.07592354826414
0.3005,199.31739128819632
0.301,197.6601688180984
0.3015,196.2882296093937
0.302,195.2400243858323
0.3025,194.70069142800966
0.303,194.68210954536124
0.3035,194.89340520028932
0.304,195.0588389623419
0.3045,194.8321097208325
0.305,193.75557288368805
0.3055,191.49299373863917
0.306,187.9298305032753
0.3065,183.1927852884267
0.307,177.5648159386113
0.3075,171.37062172473648
0.308,165.0319219150987
0.3085,159.17324282096803
0.309,154.35080806036606
0.3095,150.46164175198592
0.31,146.69836994674657
0.3105,142.2211372499822
0.311,136.7718195938245
0.3115,130.77698127318706
0.312,124.92478000419337
0.3125,119.60897633539774
0.313,114.78145266358267
0.3135,110.2018409835292
0.314,105.75772768417085
0.3145,101.53982496825503
0.315,97.69341051487469
0.3155,94.40152134184231
0.316,91.95611651543567
0.3165,90.4846248079801
0.317,89.62351560840028
0.3175,88.80380315679874
0.318,87.81141070110897
0.3185,86.91507566445559
0.319,86.54092519568097
0.3195,86.80248671681333
0.32,87.33866122046098
0.3205,87.61771449373161
0.321,87.37339285926988
0.3215,86.74946206668453
0.322,86.00846203986599
0.3225,85.18514678719295
0.323,84.09722447497334
0.3235,82.55026620467922
0.324,80.5219595867848
0.3245,78.19018470702932
0.325,75.77390199722309
0.3255,73.45175780674136
0.326,71.3731943185346
0.3265,69.6202422632928
0.327,68.15779368770563
0.3275,66.84197177234245
0.328,65.51931246065476
0.3285,64.16747594564778
0.329,62.896410168454516
0.3295,61.808916132553364
0.33,60.83683302888076
0.3305,59.574754685001594
0.331,57.57352567520014
0.3315,54.9632219509123
0.332,52.34217947655399
0.3325,50.18078257383293
0.333,48.66699592724989
0.3335,47.80524928339556
0.334,47.37790536616975
0.3345,47.10910678994852
0.335,47.051947045703656
0.3355,47.499073292066136
0.336,48.488721623712195
0.3365,49.61108487935628
0.337,50.35157507990838
0.3375,50.63439137401212
0.338,50.83187021561545
0.3385,51.226551916090344
0.339,51.724861652593475
0.3395,52.022498048155946
0.34,51.77969997813282
0.3405,50.71665454607894
0.341,48.79001538789738
0.3415,46.283221393092944
0.342,43.64786610350803
0.3425,41.255926590031294
0.343,39.3611145013871
0.3435,38.21521321929364
0.34400000000000003,37.934894651899505
0.34450000000000003,38.23775107922998
0.34500000000000003,38.64425783282796
0.34550000000000003,38.907833941876824
0.34600000000000003,39.083323208812814
0.34650000000000003,39.33809526388352
0.34700000000000003,39.74103032998251
0.34750000000000003,40.191898218122205
0.34800000000000003,40.58910028556811
0.34850000000000003,40.99776329943379
0.34900000000000003,41.56402068355663
0.34950000000000003,42.27058691764092
0.35000000000000003,42.88895474205895
0.35050000000000003,43.152993811870004
0.35100000000000003,42.835946470231406
0.35150000000000003,41.781093219469334
0.352,40.050207611393255
0.3525,38.04734926871691
0.353,36.41346968629793
0.3535,35.69344479819362
0.354,36.04140795162607
0.3545,37.17591021935593
0.355,38.528185579326454
0.3555,39.42805216422239
0.356,39.243962841523704
0.3565,37.485270000142194
0.357,34.07839227158958
0.3575,29.688837134857874
0.358,25.491914744732256
0.3585,22.488339932691535
0.359,21.018819800957825
0.3595,20.74864241889102
0.36,21.05415781143701
0.3605,21.55899265336778
0.361,22.33959052070227
0.3615,23.64263922237827
0.362,25.504081126988382
0.3625,27.63565409146292
0.363,29.586665065992573
0.3635,30.92621923556913
0.364,31.407052554985498
0.3645,31.147030563373026
0.365,30.502519732792194
0.3655,29.66382050334842
0.366,28.6462265284152
0.3665,27.65999841144654
0.367,27.072281287835526
0.3675,27.065726243583292
0.368,27.620226895189088
0.3685,28.624409147622973
0.369,29.846226454564118
0.3695,31.104184726307423
0.37,32.653630993301235
0.3705,35.18781089480136
0.371,39.33120550048501
0.3715,45.12630064058856
0.372,51.900724549819
0.3725,58.58830920108068
0.373,64.23438475177309
0.3735,68.27897433480143
0.374,70.62571282226608
0.3745,71.64686925949766
0.375,72.08024090459918
0.3755,72.80155898538129
0.376,74.52082281064067
0.3765,77.55789603298915
0.377,81.76140776636962
0.3775,86.50092892031581
0.378,90.83294758937038
0.3785,93.93849077988489
0.379,95.57336576520494
0.3795,96.08132888303214
0.38,95.95840344117201
0.3805,95.41781045090609
0.381,94.32727405435062
0.3815,92.54976214584494
0.382,90.409103597266
0.3825,88.7775285604192
0.383,88.55487685324339
0.3835,90.117101633297
0.384,93.22675693548959
0.3845,97.25993451794376
0.385,101.64207114549971
0.3855,106.21815103164948
0.386,111.28048205790216
0.3865,117.42698636371145
0.387,125.27718749145055
0.3875,134.97566745436117
0.388,145.8073518513358
0.3885,156.16789021498187
0.389,164.01783224848003
0.3895,167.8899641820232
0.39,167.78270021099362
0.3905,165.15357123413236
0.391,162.15596604508494
0.3915,160.6935228189426
0.392,161.610268713024
0.3925,164.4873049814729
0.393,168.28973042888666
0.3935,172.19515767895663
0.394,175.89065811891925
0.3945,179.35459435188108
0.395,182.61702708196043
0.3955,185.76709769008326
0.396,188.9428924356566
0.3965,192.18261975829645
0.397,195.42327975683818
0.3975,199.07434745624178
0.398,201.69819213262375
0.3985,204.22498459222183
0.399,206.80490968255236
0.3995,209.5419940063423
0.4,212.43020561424413
0.4005,215.35791976233796
0.401,218.15294969731937
0.4015,220.69708085205082
0.402,223.07227649255887
0.4025,225.53347827756383
0.403,228.24037270984513
0.4035,231.04623399973678
0.404,233.6252740772373
0.4045,235.76387591050633
0.405,237.46279313477544
0.4055,238.86523842238188
0.406,240.171221172105
0.40650000000000003,241.5620264911245
0.40700000000000003,243.11761907830245
0.40750000000000003,244.75165657858813
0.40800000000000003,246.17884784971915
0.40850000000000003,247.09546307363397
0.40900000000000003,247.48108570758836
0.40950000000000003,247.58552360736348
0.41000000000000003,247.6214708119709
0.41050000000000003,247.6379711933388
0.41100000000000003,247.64311608598183
0.41150000000000003,247.71395110498838
0.41200000000000003,247.98878534121428
0.41250000000000003,248.5649572593775
0.41300000000000003,249.39323769042082
0.41350000000000003,250.27231265255446
0.41400000000000003,250.96902393419577
0.41450000000000004,251.3550430367139
0.41500000000000004,251.41462691540065
0.41550000000000004,251.1607907848969
0.41600000000000004,250.65538456207562
0.4165,250.0921583248395
0.417,249.6926606126742
0.4175,249.5193484252659
0.418,249.46668783266247
0.4185,249.37113131578607
0.419,249.0961829711829
0.4195,248.62152562147187
0.42,248.0652508694923
0.4205,247.52601311564348
0.421,246.92229044128737
0.4215,246.03268811114188
0.422,244.64829387601984
0.4225,242.67780985531093
0.423,240.16366228602215
0.4235,237.25347867838244
0.424,234.18892652446814
0.4245,231.2228956295116
0.425,228.44646099259893
0.4255,225.76611983470457
0.426,223.06227638193914
0.4265,220.23613550705372
0.427,217.18467314768688
0.4275,213.91272635118455
0.428,210.58327206913805
0.4285,207.31851320081202
0.429,204.0570553179839
0.4295,200.72980467441653
0.43,197.5627998067347
0.4305,195.10513101856193
0.431,193.8228876064595
0.4315,193.6869958632004
0.432,194.21754573078113
0.4325,194.85200693080765
0.433,195.264062368899
0.4335,195.4629642597299
0.434,195.65445596210458
0.4345,195.99470255770473
0.435,196.47478834383458
0.4355,196.97980106652662
0.436,197.38322258385244
0.4365,197.61325820464816
0.437,197.64905552570295
0.4375,197.44513993731346
0.438,196.91125885257455
0.4385,195.99513077321012
0.439,194.7712945509315
0.4395,193.42829410479305
0.44,192.12946837752278
0.4405,190.89517336139923
0.441,189.64662631658132
0.4415,188.321921116949
0.442,186.94174866733502
0.4425,185.64398780791757
0.443,184.66765752719246
0.4435,184.22119172370384
0.444,184.32096278943038
0.4445,184.6928911052959
0.445,184.81975915019223
0.4455,184.2494514929942
0.446,182.93631350266534
0.4465,181.28330833395978
0.447,179.9176474723493
0.4475,179.34963992758236
0.448,179.68229964439075
0.4485,180.59448175440056
0.449,181.58098836921752
0.4495,182.2498947897608
0.45,182.52212798100362
0.4505,182.559336255715
0.451,182.48362633304237
0.4515,182.2333050370646
0.452,181.66041841931562
0.4525,180.66329778036987
0.453,179.2348191802011
0.4535,177.4644658408278
0.454,175.5242541898695
0.4545,173.6391449614162
0.455,172.0526006711368
0.4555,170.9821405152043
0.456,170.5376838709046
0.4565,170.56971621051557
0.457,170.56035880347738
0.4575,169.7966410262822
0.458,167.75146892401892
0.4585,164.29079749318254
0.459,159.68744398040974
0.4595,154.61664847273644
0.46,149.95390783090775
0.4605,146.34005149055142
0.461,143.8940045629754
0.4615,142.32264932793638
0.462,141.2571795586317
0.4625,140.47439340473576
0.463,139.88338559901368
0.4635,139.40843834334618
0.464,138.92193274521742
0.4645,138.27676733233204
0.465,137.3458427499714
0.4655,135.99299887764622
0.466,134.06113738151126
0.4665,131.42597720685615
0.467,128.0443426838868
0.4675,123.95499238834496
0.468,119.2511970840042
0.4685,114.07284767653881
0.46900000000000003,108.62908876861111
0.46950000000000003,103.20038005087059
0.47000000000000003,98.0697348062138
0.47050000000000003,93.41458543315406
0.47100000000000003,89.25311755976455
0.47150000000000003,85.5008662039144
0.47200000000000003,82.08916877017136
0.47250000000000003,79.05492010298151
0.47300000000000003,76.55300206789649
0.47350000000000003,74.76922340575224
0.47400000000000003,73.7788451146022
0.47450000000000003,73.45836086541036
0.47500000000000003,73.48167269696428
0.47550000000000003,73.35949651149778
0.47600000000000003,72.53393386645116
0.47650000000000003,70.56369469467538
0.47700000000000004,67.31912028079043
0.47750000000000004,63.02579961693914
0.47800000000000004,58.13834626039447
0.47850000000000004,53.1879609490018
0.47900000000000004,48.664261978120955
0.47950000000000004,44.873971124932496
0.48,41.80902745232199
0.4805,39.152068363027055
0.481,36.4550675946184
0.4815,33.36068283456206
0.482,29.705709796042083
0.4825,25.49459183603046
0.483,20.8231693235242
0.4835,15.790526083510727
0.484,10.440487507620272
0.4845,4.796876242450894
0.485,-1.0337772033215873
0.4855,-6.802651968945447
0.486,-12.148935288413387
0.4865,-16.701126865558933
0.487,-20.227489432747372
0.4875,-22.741278062933862
0.488,-24.464891563793127
0.4885,-25.714032543105738
0.489,-26.79233406480421
0.4895,-27.862872354011614
0.49,-28.798870515301243
0.4905,-29.17010956631002
0.491,-28.48421996837693
0.4915,-26.596364503022706
0.492,-24.029487115311994
0.4925,-21.950043744585155
0.493,-21.757391486544265
0.4935,-24.47498144706842
0.494,-30.243748965710076
0.4945,-38.23336848775697
0.495,-47.07918552556952
0.4955,-55.522951292871184
0.496,-62.78068079711389
0.4965,-68.56066536079811
0.497,-72.97960342924293
0.4975,-76.45355677528137
0.498,-79.49489485732882
0.4985,-82.51085175004644
0.499,-85.7491630416937
0.4995,-89.34441683975797
0.5,-93.34249911508688
0.5005000000000001,-97.70055342809795
0.501,-102.31186134933435
0.5015000000000001,-107.0576083161413
0.502,-111.87194438460016
0.5025000000000001,-116.76764985817626
0.503,-121.75978404223818
0.5035000000000001,-126.76793921060101
0.504,-131.6465960981224
0.5045000000000001,-136.29615668693867
0.505,-140.70120659529286
0.5055000000000001,-144.8939118434941
0.506,-148.9182199379012
0.5065000000000001,-152.81108160137126
0.507,-156.58928022688815
0.5075000000000001,-160.25310436738732
0.508,-163.82144408100953
0.5085000000000001,-167.3570578204854
0.509,-170.92252072133107
0.5095000000000001,-174.50545178511507
0.51,-178.01212018983784
0.5105000000000001,-181.36638791049387
0.511,-184.63324870215445
0.5115000000000001,-188.04120406471517
0.512,-191.87852967161848
0.5125,-196.32933114883895
0.513,-201.3405806136711
0.5135,-206.61539970468584
0.514,-211.7647318576842
0.5145,-216.5125748315152
0.515,-220.77897677229154
0.5155,-224.60948319142904
0.516,-228.07274874320223
0.5165,-231.221654534232
0.517,-234.13548472738458
0.5175,-236.96353762315908
0.518,-239.87609746716478
0.5185,-242.9747556181775
0.519,-246.29437090740976
0.5195,-249.85198084356696
0.52,-253.60868197256218
0.5205,-257.39792972955496
0.521,-260.94877371680013
0.5215,-263.97541347555284
0.522,-266.2821886524013
0.5225,-267.87547595412804
0.523,-268.96512302764893
0.5235,-269.82043460261553
0.524,-270.66874097051846
0.5245,-271.72543813158177
0.525,-273.2117358853994
0.5255,-275.2792687974565
0.526,-277.95621988499295
0.5265,-281.17897106385675
0.527,-284.8348157424165
0.5275,-288.7469289677365
0.528,-292.61590905925067
0.5285,-296.0478590737854
0.529,-298.7374279606479
0.5295,-300.67430033177084
0.53,-302.19954229144514
0.5305,-303.5674225553394
0.531,-305.776568954579
0.5315,-308.4978898397048
0.532,-311.54281801350965
0.5325,-314.6620310417325
0.533,-317.6772350171529
0.5335,-320.49221061958025
0.534,-323.0447803585903
0.5345,-325.28380506649165
0.535,-327.1834741326051
0.5355,-328.75379327039485
0.536,-330.03076962677125
0.5365,-331.0649805198336
0.537,-331.9172671476238
0.5375,-332.65041537765774
0.538,-333.312908918289
0.5385,-333.9243033902155
0.539,-334.460203406886
0.5395,-334.82945890709885
0.54,-334.87893052892935
0.5405,-334.4650091071841
0.541,-333.5446651780402
0.5415,-332.20723372964596
0.542,-330.64013551740175
0.5425,-329.0633409436413
0.543,-327.64929573359956
0.5435,-326.4488523391532
0.544,-325.3750772066649
0.5445,-324.2777003051403
0.545,-323.053702058529
0.5455,-321.6992653645618
0.546,-320.2790649019358
0.5465,-318.8606438061117
0.547,-317.46072558038566
0.5475,-316.031724457788
0.548,-314.4974558590801
0.5485,-312.8106376088552
0.549,-310.9880740311818
0.5495,-309.10600569918756
0.55,-307.2697928937126
0.5505,-305.57404830593225
0.551,-304.0632023523781
0.5515,-302.71107417419233
0.552,-301.4379012436754
0.5525,-300.15525059348977
0.553,-298.80153259916625
0.5535,-297.3441042402177
0.554,-295.76238630578155
0.5545,-294.0386594938631
0.555,-292.1595284919504
0.5555,-290.11132629817814
0.556,-287.86731882827064
0.5565,-285.3911395781228
0.557,-282.6667147617317
0.5575,-279.7223732694846
0.558,-276.6194126060777
0.5585,-273.4197553432471
0.559,-270.16709758404306
0.5595,-266.8922412774094
0.56,-263.6240163142519
0.5605,-260.39282774753616
0.561,-257.22764214423114
0.5615,-254.1366231079624
0.562,-251.07377730746725
0.5625,-247.93156684948747
0.5630000000000001,-244.58808811643718
0.5635,-240.98664979173512
0.5640000000000001,-237.1988488323919
0.5645,-233.4237739714499
0.5650000000000001,-229.91084967442123
0.5655,-226.85766689039835
0.5660000000000001,-224.35080975203874
0.5665,-222.36417524246994
0.5670000000000001,-220.78873190370368
0.5675,-219.4747152964954
0.5680000000000001,-218.27702048403344
0.5685,-217.08696804908885
0.5690000000000001,-215.83523299273264
0.5695,-214.47541182340188
0.5700000000000001,-212.97183310052205
0.5705,-211.29842300669145
0.5710000000000001,-209.44549259069953
0.5715,-207.43660324272224
0.5720000000000001,-205.3386482187511
0.5725,-203.23431512534185
0.5730000000000001,-201.17014669238802
0.5735,-199.1330490409275
0.5740000000000001,-197.07093830962307
0.5745,-194.9242238200828
0.5750000000000001,-192.64577739277536
0.5755,-190.21451677878045
0.5760000000000001,-187.6453640228078
0.5765,-184.987632766165
0.577,-182.30621841101544
0.5775,-179.65128779334555
0.578,-177.03761922338572
0.5785,-174.4547720134251
0.579,-171.89839797180787
0.5795,-169.38460919130787
0.58,-166.92465784078834
0.5805,-164.48862058866825
0.581,-162.01338905523284
0.5815,-159.46118650361038
0.582,-156.86441329797245
0.5825,-154.30265751636392
0.583,-151.84078734359647
0.5835,-149.50026357401794
0.584,-147.28533788407924
0.5845,-145.22304652794145
0.585,-143.37370933915318
0.5855,-141.79886353807422
0.586,-140.508767981264
0.5865,-139.43956054757984
0.587,-138.487979480739
0.5875,-137.56577396672094
0.588,-136.6150513289573
0.5885,-135.58478808546982
0.589,-134.41798135969566
0.5895,-133.06972828974295
0.59,-131.52862956076837
0.5905,-129.81976612519568
0.591,-127.99873982881918
0.5915,-126.14580757519182
0.592,-124.351060303801
0.5925,-122.68946868216533
0.593,-121.20611521256217
0.5935,-119.9266340407085
0.594,-118.87919454289529
0.5945,-118.0995700597386
0.595,-117.60975229321453
0.5955,-117.39010753805806
0.596,-117.36800925957733
0.5965,-117.42789835092718
0.597,-117.44124139816135
0.5975,-117.31491854055203
0.598,-117.0375066641136
0.5985,-116.68402362733919
0.599,-116.36406411309801
0.5995,-116.14973272524567
0.6,-116.03619439947242
0.6005,-115.9551328655868
0.601,-115.82315750436365
0.6015,-115.59294465800723
0.602,-115.27848426378368
0.6025,-114.9416875862154
0.603,-114.65522899985055
0.6035,-114.47240539684758
0.604,-114.41908947022388
0.6045,-114.49579613267493
0.605,-114.67500758223892
0.6055,-114.90135850674395
0.606,-115.11167981335944
0.6065,-115.27035013503502
0.607,-115.39423994495779
0.6075,-115.54654839303846
0.608,-115.80126658419492
0.6085,-116.20152360341805
0.609,-116.74029837975766
0.6095,-117.37533553468523
0.61,-118.06374363187501
0.6105,-118.78679282746064
0.611,-119.54521537154604
0.6115,-120.33283427487257
0.612,-121.11498325550888
0.6125,-121.83050873050966
0.613,-122.4134995761753
0.6135,-122.81635946958626
0.614,-123.02312650165062
0.6145,-123.05699819032422
0.615,-122.98142751257608
0.6155,-122.87806263239341
0.616,-122.7983625797038
0.6165,-122.72745744362997
0.617,-122.60448497905439
0.6175,-122.3893746971237
0.618,-122.11934820714144
0.6185,-121.91389346962023
0.619,-121.93285990030694
0.6195,-122.31746493002315
0.62,-123.14125609250313
0.6205,-124.38341353585766
0.621,-125.92619063737074
0.6215,-127.58094493406784
0.622,-129.1454180156493
0.6225,-130.47064813759147
0.623,-131.49940854585458
0.6235,-132.26076041087302
0.624,-132.83604230591368
0.6245,-133.31437196773808
0.625,-133.75199404031352
0.6255000000000001,-134.1578268751099
0.626,-134.51673323675317
0.6265000000000001,-134.82650447430092
0.627,-135.1095546304092
0.6275000000000001,-135.38632045392316
0.628,-135.63654803289552
0.6285000000000001,-135.78898757292507
0.629,-135.75330755161914
0.6295000000000001,-135.4664530322683
0.63,-134.91850551542487
0.6305000000000001,-134.15343555572878
0.631,-133.25825765811956
0.6315000000000001,-132.344123182842
0.632,-131.51569923889807
0.6325000000000001,-130.83563710959143
0.633,-130.30448925225275
0.6335000000000001,-129.8734938599377
0.634,-129.48522171707071
0.6345000000000001,-129.11436406840528
0.635,-128.7789329214064
0.6355000000000001,-128.51454094629975
0.636,-128.33459703576906
0.6365000000000001,-128.20995793718154
0.637,-128.0826661433151
0.6375000000000001,-127.89920550236047
0.638,-127.63716216012776
0.6385000000000001,-127.3109126159192
0.639,-126.95976483297807
0.6395000000000001,-126.63129183679439
0.64,-126.36809259807819
0.6405,-126.19555663195439
0.641,-126.10958126991756
0.6415,-126.0745456543835
0.642,-126.04116182476425
0.6425,-125.97895175136611
0.643,-125.90750428891116
0.6435,-125.90933721412586
0.644,-126.10983219225841
0.6445,-126.62388750560821
0.645,-127.49569623347806
0.6455,-128.67121646674514
0.646,-130.02221725907864
0.6465,-131.40405008325158
0.647,-132.7098940079425
0.6475,-133.89364176253846
0.648,-134.95737476600584
0.6485,-135.9196024097757
0.649,-136.7893263851195
0.6495,-137.5641240117857
0.65,-138.24786759954293
0.6505,-138.86379420014384
0.651,-139.4451920691994
0.6515,-140.0131122438233
0.652,-140.56573711164373
0.6525,-141.08916634269198
0.653,-141.57226742038318
0.6535,-142.00331988655967
0.654,-142.3505703968818
0.6545,-142.55190922923273
0.655,-142.53505056364202
0.6555,-142.26236317983373
0.656,-141.76680372993246
0.6565,-141.1466561610306
0.657,-140.52310268123577
0.6575,-139.99922674496014
0.658,-139.65256195979362
0.6585,-139.5541275068003
0.659,-139.78006565921112
0.6595,-140.3958116051882
0.66,-141.42621253738417
0.6605,-142.8361710302183
0.661,-144.52861252664508
0.6615,-146.35305409833288
0.662,-148.12617456041056
0.6625,-149.67363042649544
0.663,-150.8900781241246
0.6635,-151.79053573540477
0.664,-152.51418728723877
0.6645,-153.26333881730963
0.665,-154.20780188087954
0.6655,-155.4130710406587
0.666,-156.8309985625724
0.6665,-158.34834895878606
0.667,-159.85796267920688
0.6675,-161.31089665061947
0.668,-162.7233024129285
0.6685,-164.14112469355513
0.669,-165.58942835442073
0.6695,-167.03656925385576
0.67,-168.39226461865826
0.6705,-169.54043574366437
0.671,-170.38739770366928
0.6715,-170.8989393649209
0.672,-171.1112432866796
0.6725,-171.11408487743523
0.673,-171.01242677958413
0.6735,-170.88111416244274
0.674,-170.73440977974235
0.6745,-170.52741709045
0.675,-170.19009093768693
0.6755,-169.67659755053091
0.676,-169.00458962242965
0.6765,-168.26534874628925
0.677,-167.60036501815478
0.6775,-167.15423312843555
0.678,-167.0245004195786
0.6785,-167.2322044436333
0.679,-167.72710794111978
0.6795,-168.4213499488212
0.68,-169.22770538087315
0.6805,-170.07991133367088
0.681,-170.93211430120394
0.6815,-171.75197749091842
0.682,-172.52064515211683
0.6825,-173.2378054623041
0.683,-173.91935857209012
0.6835,-174.57978822260577
0.684,-175.2095254391743
0.6845,-175.77149177235358
0.685,-176.2267477584132
0.6855,-176.5665381847674
0.686,-176.81924063159653
0.6865,-177.02839641467042
0.687,-177.2259378485821
0.6875,-177.42194414638985
0.6880000000000001,-177.61048794937267
0.6885,-177.77831614904764
0.6890000000000001,-177.9068452581819
0.6895,-177.96908474916435
0.6900000000000001,-177.9300972151506
0.6905,-177.7554584917258
0.6910000000000001,-177.42330551740363
0.6915,-176.93245805319557
0.6920000000000001,-176.30195027696084
0.6925,-175.56226652319668
0.6930000000000001,-174.74360246878618
0.6935,-173.86767482140556
0.6940000000000001,-172.94630945516985
0.6945,-171.98668607378048
0.6950000000000001,-170.99888527054887
0.6955,-169.99714366692814
0.6960000000000001,-168.9934655408545
0.6965,-167.99659645470453
0.6970000000000001,-167.0243771749036
0.6975,-166.11302965533685
0.6980000000000001,-165.30051175521498
0.6985,-164.58915410373106
0.6990000000000001,-163.92139849081144
0.6995,-163.1957211495354
0.7000000000000001,-162.31638587230543
0.7005,-161.24459275769348
0.7010000000000001,-160.01967965332395
0.7015,-158.74246299944494
0.7020000000000001,-157.53885987416047
0.7025,-156.52842923221468
0.7030000000000001,-155.8043273894338
0.7035,-155.41478019526247
0.704,-155.3458357621874
0.7045,-155.52180290842458
0.705,-155.834030465935
0.7055,-156.1860902074546
0.706,-156.52726271993453
0.7065,-156.85167122296164
0.707,-157.16676769977198
0.7075,-157.4614766488465
0.708,-157.70313932472246
0.7085,-157.86155040694172
0.709,-157.93282494606703
0.7095,-157.94169143263133
0.71,-157.92498039637715
0.7105,-157.9151603885223
0.711,-157.93724163511158
0.7115,-158.01488133040553
0.712,-158.17389528737075
0.7125,-158.4395017348964
0.713,-158.83303458077646
0.7135,-159.37194870366272
0.714,-160.0703120116484
0.7145,-160.93681465315714
0.715,-161.97062530412416
0.7155,-163.1561224726623
0.716,-164.45730770922268
0.7165,-165.814515741338
0.717,-167.1482785567636
0.7175,-168.3727777224997
0.718,-169.4133903957908
0.7185,-170.21911389050578
0.719,-170.76789367355843
0.7195,-171.07072608490057
0.72,-171.17686250844557
0.7205,-171.1730365627752
0.721,-171.1686149809185
0.7215,-171.2686446615383
0.722,-171.54693089192605
0.7225,-172.03204461336531
0.723,-172.710825718461
0.7235,-173.54341348667378
0.724,-174.47876730517316
0.7245,-175.46221143208567
0.725,-176.43437259451974
0.7255,-177.32919028738996
0.726,-178.0800402103672
0.7265,-178.6350379566229
0.727,-178.97303442206433
0.7275,-179.10998189565305
0.728,-179.0911199603296
0.7285,-178.97238265922473
0.729,-178.80136818949921
0.7295,-178.6081280167955
0.73,-178.4066400987941
0.7305,-178.2006607790493
0.731,-177.9903472421372
0.7315,-177.77884487074064
0.732,-177.57426481002577
0.7325,-177.38316237266898
0.733,-177.20172356722696
0.7335,-177.01410256565057
0.734,-176.79716619582913
0.7345,-176.5250828993336
0.735,-176.17329810755754
0.7355,-175.72470607193
0.736,-175.1750327935214
0.7365,-174.53196805092367
0.737,-173.80951326171913
0.7375,-173.02489800935865
0.738,-172.20183228017075
0.7385,-171.3765399038916
0.739,-170.60094753949656
0.7395,-169.93999145799097
0.74,-169.46222384416077
0.7405,-169.22491992630773
0.741,-169.2579209523598
0.7415,-169.55154987993194
0.742,-170.05170493796874
0.7425,-170.66354594816522
0.743,-171.2662775738927
0.7435,-171.74021870597272
0.744,-171.99928874602145
0.7445,-172.0140097248165
0.745,-171.81225945378924
0.7455,-171.45717645861893
0.746,-171.0147243652487
0.7465,-170.5286222010979
0.747,-170.0141016525387
0.7475,-169.4683147828017
0.748,-168.88446772262122
0.7485,-168.25736343747437
0.749,-167.57907803026166
0.7495,-166.83454711036734
0.75,-166.00657235187927
0.7505000000000001,-165.0888685481092
0.751,-164.09658542625985
0.7515000000000001,-163.06503372190272
0.752,-162.03702425236676
0.7525000000000001,-161.04870181303554
0.753,-160.12441437232724
0.7535000000000001,-159.28222670848217
0.754,-158.5417208880528
0.7545000000000001,-157.92376818178394
0.755,-157.43967651015294
0.7555000000000001,-157.07733980946207
0.756,-156.79538259560988
0.7565000000000001,-156.53116632685635
0.757,-156.21967545829324
0.7575000000000001,-155.8129968763499
0.758,-155.28985621388213
0.7585000000000001,-154.65229570530218
0.759,-153.91454410395326
0.7595000000000001,-153.0915962249042
0.76,-152.1940552463754
0.7605000000000001,-151.23221784289325
0.761,-150.22370220446624
0.7615000000000001,-149.1929313964764
0.762,-148.15913934039457
0.7625000000000001,-147.12333903057888
0.763,-146.06529742704353
0.7635000000000001,-144.95067688193063
0.764,-143.74206187252346
0.7645000000000001,-142.41025794474425
0.765,-140.94563311037248
0.7655000000000001,-139.36803718295133
0.766,-137.73103099377414
0.7665000000000001,-136.11658058411436
0.767,-134.62088880684854
0.7675000000000001,-133.33655028573187
0.768,-132.3353448191323
0.7685,-131.65057364202707
0.769,-131.25810855697156
0.7695,-131.06611664807392
0.77,-130.9300109213747
0.7705,-130.69572258028376
0.771,-130.2502762112469
0.7715,-129.55035736458686
0.772,-128.6182358951491
0.7725,-127.51996940615557
0.773,-126.34531826642935
0.7735,-125.1921872227225
0.774,-124.14735336364002
0.7745,-123.26407518654828
0.775,-122.54898011432985
0.7755,-121.96686955301195
0.776,-121.45831377523113
0.7765,-120.9566462412201
0.777,-120.39455129974421
0.7775,-119.70252795400245
0.778,-118.81135608600113
0.7785,-117.66640485805544
0.779,-116.24649551302234
0.7795,-114.57199222691517
0.78,-112.69527750036393
0.7805,-110.68172740094714
0.781,-108.59491441397661
0.7815,-106.49351191682115
0.782,-104.43867360948981
0.7825,-102.50387476466202
0.783,-100.7750799689567
0.7835,-99.33339757969284
0.784,-98.22530359317433
0.7845,-97.43626391930641
0.785,-96.88296843288944
0.7855,-96.42896373004993
0.786,-95.91728725552763
0.7865,-95.20859918161285
0.787,-94.21405130598163
0.7875,-92.91551577307972
0.788,-91.3691035562395
0.7885,-89.69007125358469
0.789,-88.02038237046092
0.7895,-86.48701001340524
0.79,-85.16622892749555
0.7905,-84.06808321731025
0.791,-83.14394400445829
0.7915,-82.30841522940896
0.792,-81.46434460003987
0.7925,-80.52443928288697
0.793,-79.42696184470911
0.7935,-78.14319650755962
0.794,-76.67452827740033
0.7945,-75.04092851204445
0.795,-73.26827432756666
0.7955,-71.38231589768868
0.796,-69.40997957266853
0.7965,-67.38154099922319
0.797,-65.32790217860523
0.7975,-63.27383165842938
0.798,-61.23262191370926
0.7985,-59.20596390810151
0.799,-57.18778811325829
0.7995,-55.16813773396856
0.8,-53.13497422498937
0.8005,-51.07495004115847
0.801,-48.97516177174303
0.8015,-46.827108617295735
0.802,-44.63299991555465
0.8025,-42.412521551853395
0.803,-40.20500768364695
0.8035,-38.06151700382852
0.804,-36.02738469971198
0.8045,-34.12417529762974
0.805,-32.34154387663593
0.8055,-30.64303710549288
0.806,-28.982616107789013
0.8065,-27.324626062314458
0.807,-25.657221717854906
0.8075,-23.98974704421825
0.808,-22.33365068342528
0.8085,-20.68019482877477
0.809,-18.992506845301897
0.8095,-17.218575872832915
0.81,-15.316447274872363
0.8105,-13.276362604850288
0.811,-11.1287867403963
0.8115,-8.936007237283095
0.812,-6.772419745499187
0.8125,-4.701574070500835
0.8130000000000001,-2.757179009942729
0.8135,-0.9340082613348969
0.8140000000000001,0.8068498652837204
0.8145,2.519877128350668
0.8150000000000001,4.254847552293566
0.8155,6.047326545040511
0.8160000000000001,7.92221280026484
0.8165,9.89972658792118
0.8170000000000001,11.993735017843257
0.8175,14.204703955047034
0.8180000000000001,16.51715259586673
0.8185,18.905739632612757
0.8190000000000001,21.344702945784018
0.8195,23.814216734272787
0.8200000000000001,26.3028363999052
0.8205,28.808252547920898
0.8210000000000001,31.336389562216063
0.8215,33.8970596297657
0.8220000000000001,36.4964259325223
0.8225,39.12943852694501
0.8230000000000001,41.776111244170636
0.8235,44.404870431894764
0.8240000000000001,46.98454972195989
0.8245,49.50177344292089
0.8250000000000001,51.97420794427262
0.8255,54.44986817289255
0.8260000000000001,56.99122091532136
0.8265,59.65262471330742
0.8270000000000001,62.46215909643934
0.8275,65.41436464727074
0.8280000000000001,68.4741048490232
0.8285,71.58686525564795
0.8290000000000001,74.68869796797932
0.8295,77.71113929199973
0.8300000000000001,80.58211696545452
0.8305,83.22873849618539
0.8310000000000001,85.58737139532944
0.8315,87.62072174825406
0.8320000000000001,89.33470057701226
0.8325,90.78390950272752
0.833,92.05757485663833
0.8335,93.24899488273552
0.834,94.42398370893426
0.8345,95.60604932882644
0.835,96.78503188053185
0.8355,97.94113775555738
0.836,99.06947647720615
0.8365,100.1935528089751
0.837,101.3637553652235
0.8375,102.64378136856996
0.838,104.09264208232653
0.8385,105.75063765490054
0.839,107.63319715152187
0.8395,109.73043620033422
0.84,112.00885564193068
0.8405,114.4150203237016
0.841,116.88325601969474
0.8415,119.34744430438215
0.842,121.75405294432157
0.8425,124.07187088651315
0.843,126.29366067285139
0.8435,128.4278500721903
0.844,130.48453958256843
0.8445,132.46472310525482
0.845,134.35979074374907
0.8455,136.1611379052459
0.846,137.87286863870875
0.8465,139.51840335898925
0.847,141.135201232482
0.8475,142.75975948427035
0.848,144.41279329499648
0.8485,146.0947344361509
0.849,147.79238708776302
0.8495,149.48707731717286
0.85,151.1552049105674
0.8505,152.76443792053655
0.851,154.27716387126446
0.8515,155.66497650668916
0.852,156.923388852399
0.8525,158.07328842403032
0.853,159.14827215039233
0.8535,160.179990777379
0.854,161.19298109692676
0.8545,162.20911498268217
0.855,163.25309737274966
0.8555,164.3512616686765
0.856,165.52334352487992
0.8565,166.77400306840542
0.857,168.09071832870586
0.8575,169.4484178548846
0.858,171.17663570330177
0.8585,172.40130594042233
0.859,173.628488155618
0.8595,174.85330012963757
0.86,176.0611844586108
0.8605,177.23293505391166
0.861,178.35536706364647
0.8615,179.43110440997208
0.862,180.48175156990925
0.8625,181.54227866590224
0.863,182.64864889733184
0.8635,183.82401311901123
0.864,185.06969608050215
0.8645,186.36504737318194
0.865,187.67601052435506
0.8655,188.96796198470852
0.866,190.21624950698543
0.8665,191.40950688122632
0.867,192.54543098887058
0.8675,193.6230279860149
0.868,194.63647535078843
0.8685,195.57385356896427
0.869,196.42159318208724
0.8695,197.17383753867023
0.87,197.84375218893464
0.8705,198.47101423373195
0.871,199.11970073399414
0.8715,199.86581950803068
0.872,200.77988735410867
0.8725,201.91118654559196
0.873,203.27662012841702
0.8735,204.8541921470347
0.874,206.58216377560342
0.8745,210.66712521932521
0.875,212.4421392133595
0.8755000000000001,214.0554060671901
0.876,215.43839387741153
0.8765000000000001,216.56386468583406
0.877,217.44509389135203
0.8775000000000001,218.1283399596721
0.878,218.68428585303766
0.8785000000000001,219.200493158234
0.879,219.77326490585276
0.8795000000000001,220.49708220869738
0.88,221.45222784991995
0.8805000000000001,222.69348155312002
0.881,224.2432600644998
0.8815000000000001,226.09138392119078
0.882,228.2013688202241
0.8825000000000001,230.52067499647208
0.883,232.99108790880703
0.8835000000000001,235.55623159621484
0.884,238.16533891830028
0.8845000000000001,240.77396298609247
0.885,243.34263742817117
0.8855000000000001,245.8347507645561
0.886,248.21572510017663
0.8865000000000001,250.4554646189259
0.887,252.53368731561835
0.8875000000000001,254.44488868661105
0.888,256.1993198566183
0.8885000000000001,257.8189497933987
0.889,259.3305481517425
0.8895000000000001,260.75958434138204
0.89,262.1279044987215
0.8905000000000001,263.45562402300493
0.891,264.76518864902374
0.8915000000000001,266.0848486407041
0.892,267.44965214043543
0.8925000000000001,268.899344829632
0.893,270.4739683809805
0.8935000000000001,272.2095553265748
0.894,274.136828867279
0.8945000000000001,276.28344157111087
0.895,278.6762538073311
0.8955000000000001,281.33887834304596
0.896,284.2835746197267
0.8965,287.5019822647865
0.897,290.96031758525453
0.8975,294.60053218647914
0.898,298.34439361796757
0.8985,302.0973056497608
0.899,305.75244404224424
0.8995,309.1986162270569
0.9,312.33380673254544
0.9005,315.0822059623184
0.901,317.409437940974
0.9015,319.33068955426495
0.902,320.9089399619914
0.9025,322.24388986272356
0.903,323.4548889512449
0.9035,324.66178867041225
0.904,325.96621711752607
0.9045,327.43457291228566
0.905,329.08512229811373
0.9055,330.8835684600362
0.906,332.7507434758942
0.9065,334.5814072679598
0.907,336.2678123590858
0.9075,337.72002270953294
0.908,338.8775584887807
0.9085,339.7111687267142
0.909,340.2172259204535
0.9095,340.40950435215194
0.91,340.31315843755675
0.9105,339.96329579225903
0.911,339.40733292492115
0.9115,338.7087226569641
0.912,337.94954869113633
0.9125,337.2293477453078
0.913,336.6579896165097
0.9135,336.3428192539733
0.914,336.3734118165058
0.9145,336.8088906551486
0.915,337.67183982762725
0.9155,338.9506149368575
0.916,340.6098543097623
0.9165,342.60661500187143
0.917,344.9060409905452
0.9175,347.488681710418
0.918,350.34502449756644
0.9185,353.4594036191323
0.919,356.78962817123477
0.9195,360.2488316195881
0.92,363.69536456007506
0.9205,366.93666382609376
0.921,369.75089583958345
0.9215,371.92382808316376
0.922,373.2918304611757
0.9225,373.7793788154077
0.923,373.42038964013733
0.9235,372.3560895658969
0.924,370.8084634371538
0.9245,369.03649130265
0.925,367.28827556033286
0.9255,365.76190491524227
0.926,364.5822382366623
0.9265,363.7945233282173
0.927,363.37279041332806
0.9275,363.24067577293846
0.928,363.30064505534114
0.9285,363.4633226636204
0.929,363.66713429262575
0.9295,363.8835388721101
0.93,364.10997436389187
0.9305,364.3557192678666
0.931,364.6265409072343
0.9315,364.9143354397307
0.932,365.19587493608964
0.9325,365.4396369527443
0.933,365.61529665993027
0.9335,365.7005190294954
0.934,365.6837201618291
0.9345,365.5651010271938
0.935,365.3580412312188
0.9355,365.09027772472774
0.936,364.8024286479027
0.9365,364.5417548053529
0.937,364.3516483027266
0.9375,364.2602804970806
0.9380000000000001,364.27225079050044
0.9385,364.36616478489617
0.9390000000000001,364.87388343149416
0.9395,364.8703514857911
0.9400000000000001,364.86288808911263
0.9405,364.8397590327338
0.9410000000000001,364.79371459683017
0.9415,364.7187007755079
0.9420000000000001,364.60678397115333
0.9425,364.44740663696666
0.9430000000000001,364.23004975985083
0.9435,363.94967234165796
0.9440000000000001,363.6124804993068
0.9445,363.2385465856556
0.9450000000000001,362.8586881483546
0.9455,362.50603305983884
0.9460000000000001,362.20596822724065
0.9465,361.96898848666046
0.9470000000000001,361.788777595531
0.9475,361.64501050484273
0.9480000000000001,361.50918535898916
0.9485,361.3519323278615
0.9490000000000001,361.1500243515941
0.9495,360.8907626813576
0.9500000000000001,360.57223830664765
0.9505,360.2005175968133
0.9510000000000001,359.78682410194847
0.9515,359.3471037186764
0.9520000000000001,358.9034673216961
0.9525,358.4844151340609
0.9530000000000001,358.12068517717313
0.9535,357.8364524089097
0.9540000000000001,357.63954920295765
0.9545,357.5162259854861
0.9550000000000001,357.43400980786976
0.9555,357.3518985973836
0.9560000000000001,357.23354390679907
0.9565,357.05811962305273
0.9570000000000001,356.8250383112543
0.9575,356.5514169549151
0.9580000000000001,356.2641019956491
0.9585,355.9900096515176
0.9590000000000001,355.74857247632417
0.9595,355.5483106229027
0.96,355.3872788410652
0.9605,355.2557711215902
0.961,355.1395630458769
0.9615,355.02256218719714
0.962,354.88837760849947
0.9625,354.7208372241262
0.963,354.5039246732306
0.9635,354.2218762792721
0.964,353.8600964531605
0.9645,353.4070636712364
0.965,352.85666876130625
0.9655,352.2098680317776
0.966,351.4746137280065
0.9665,350.6638475336776
0.967,349.7924761700374
0.9675,348.8749708197627
0.968,347.92503112461554
0.9685,346.9576281944837
0.969,345.99208930155163
0.9695,345.0535046161949
0.97,344.1698407416632
0.9705,343.3644059966424
0.971,342.6465285667002
0.9715,342.00505013525554
0.972,341.4082563374531
0.9725,340.81114761929564
0.973,340.16816066728194
0.9735,339.4473011658002
0.974,338.6404904536124
0.9745,337.76580447550845
0.975,336.86077682486746
0.9755,335.9702879736082
0.976,335.1347197058273
0.9765,334.38280542821445
0.977,333.730473116692
0.9775,333.1841565188526
0.978,332.7456466580031
0.9785,332.4156800455645
0.979,332.19476149697215
0.9795,332.08138884687986
0.98,332.06895562073066
0.9805,332.1429372273788
0.981,332.2799215043274
0.9815,332.4496390434726
0.982,332.62000923518434
0.9825,332.7637023416125
0.983,332.8639117261606
0.9835,332.9174083312921
0.984,332.9339587499825
0.9845,332.93224901803114
0.985,332.9335022566893
0.9855,332.95486540459075
0.986,333.00485847789275
0.9865,333.08243959991836
0.987,333.17974486692066
0.9875,333.2868018262639
0.988,333.3954862998977
0.9885,333.50092940467806
0.989,333.60117639915376
0.9895,333.6975784348156
0.99,333.7970265492578
0.9905,333.9140333447081
0.991,334.069412691227
0.9915,334.2845147638366
0.992,334.573439901913
0.9925,334.9370969010746
0.993,335.36162720409055
0.9935,335.82141653167656
0.994,336.28534566776756
0.9945,336.7242141396075
0.995,337.1170353484092
0.9955,337.4542609758442
0.996,337.7370883923568
0.9965,337.9734763502337
0.997,338.1726791861348
0.9975,338.3404545301091
0.998,338.4764478316635
0.9985,338.5740143435365
0.999,338.62169891662097
0.9995,338.6053710201354
1.0,338.51053870873073
1.0005,338.32496039338815
1.0010000000000001,338.0416691928408
1.0015,337.6618815329081
1.002,337.1966109686165
1.0025,336.66588445766416
1.0030000000000001,336.0954355017877
1.0035,335.51205910752424
1.004,334.9395684573702
1.0045,334.396939440703
1.0050000000000001,333.8989694966376
1.0055,333.4584485253758
1.006,333.08827579245826
1.0065,332.8023390677587
1.0070000000000001,332.6148058039049
1.0075,332.53816734282015
1.008,332.5807035862092
1.0085,332.744096688834
1.0090000000000001,333.0218661138832
1.0095,333.3991771033504
1.01,333.8543492829297
1.0105,334.36200267057814
1.0110000000000001,334.8972607624335
1.0115,335.4399613447062
1.012,335.97764090111514
1.0125,336.5063202999034
1.0130000000000001,337.02881754909987
1.0135,337.55122316517577
1.014,338.07890850686437
1.0145,338.61361970069987
1.0150000000000001,339.15269281359605
1.0155,339.69043025140473
1.016,340.2207167017081
1.0165,340.7395257394247
1.0170000000000001,341.2462264154599
1.0175,341.74328076000256
1.018,342.23462278771876
1.0185,342.7234701335068
1.0190000000000001,343.2104631700821
1.0195,343.6928372658028
1.02,344.16485867679563
1.0205,344.6192024055443
1.0210000000000001,345.0486348486162
1.0215,345.4474492350272
1.022,345.81243763818895
1.0225,346.1434502015752
1.0230000000000001,346.44360121098975
1.0235,346.7190141460006
1.024,346.97789010352056
1.0245,347.22881880758337
1.025,347.4786264692732
1.0255,347.7304698361659
1.026,347.98303875402763
1.0265,348.23140894688663
1.027,348.46937004163414
1.0275,348.69232728251524
1.028,348.8995849218691
1.0285,349.0951355267601
1.029,349.28678080665037
1.0295,349.4840780162249
1.03,349.6959337580587
1.0305,349.9286134012409
1.031,350.1846519406765
1.0315,350.46281186621513
1.032,350.7589274489442
1.0325,351.06724029796885
1.033,351.38170892042996
1.0335,351.69682466781165
1.034,352.007724004528
1.0345,352.30978173417657
1.035,352.5981808432189
1.0355,352.8679332401556
1.036,353.1144467128744
1.0365,353.33430228861107
1.037,353.52581325285075
1.0375,353.68925627257505
1.038,353.82704554015277
1.0385,353.94413076785503
1.039,354.0484608625376
1.0395,354.1508268191668
1.04,354.26329588607484
1.0405,354.3960712271643
1.041,354.55374421723906
1.0415,354.7327953402825
1.042,354.92201292512027
1.0425,355.10609212973566
1.043,355.27088570774623
1.0435,355.4078120187942
1.044,355.51541163843586
1.0445,355.5976071522395
1.045,355.65985403921644
1.0455,355.70516913317897
1.046,355.73172086134076
1.0465,355.7326589827585
1.047,355.6978053315719
1.0475,355.6161862784962
1.048,355.4782805758793
1.0485,355.277178161044
1.049,355.0084329369433
1.0495,354.6690580350327
1.05,354.2565979856365
1.0505,353.7692318429714
1.051,353.2072934160456
1.0515,352.57567787228504
1.052,351.88587495958745
1.0525,351.1562927698667
1.053,350.4101483991606
1.0535,349.67115326037975
1.054,348.95812291213383
1.0545,348.2802302209133
1.055,347.63463282401597
1.0555,347.0074285066515
1.056,346.37753120068453
1.0565,345.72185593955396
1.057,345.0199102986185
1.0575,344.2566115442174
1.058,343.42323482832313
1.0585,342.51707952413886
1.059,341.5405112110786
1.0595,340.4998384265212
1.06,339.40431852058936
1.0605,338.2654144261138
1.061,337.09615711973976
1.0615,335.91024091766076
1.062,334.7204718543679
1.0625,333.53642555820755
1.063,332.3615815134925
1.0635000000000001,331.19068583434085
1.064,330.0084252733497
1.0645,328.79036184296126
1.065,327.5064015478722
1.0655000000000001,326.12617951411244
1.066,324.6251075624413
1.0665,322.9896474194159
1.067,321.22050990497576
1.0675000000000001,319.3328043960875
1.068,317.35276717742573
1.0685,315.31167657020757
1.069,313.2386371448865
1.0695000000000001,311.1544585680817
1.07,309.0684041261468
1.0705,306.9783280058331
1.071,304.87342847615236
1.0715000000000001,302.7382523568988
1.072,300.55681505211686
1.0725,298.31625629524916
1.073,296.00975979062895
1.0735000000000001,293.6383748570698
1.074,291.2111918635492
1.0745,288.74341878592486
1.075,286.252405657435
1.0755000000000001,283.75243442701066
1.076,281.24986880065984
1.0765,278.7405929979696
1.077,276.2110241443102
1.0775000000000001,273.64239275007554
1.078,271.0164847277715
1.0785,268.3207674716062
1.079,265.55168090737345
1.0795000000000001,262.71573182190235
1.08,259.82826718895194
1.0805,256.90992256630466
1.081,253.9813349964469
1.0815000000000001,251.05748472120067
1.082,248.1432934540197
1.0825,245.23178368811745
1.083,242.305620623647
1.0835000000000001,239.34220678231506
1.084,236.32126654896797
1.0845,233.23232676917837
1.085,230.0789227283668
1.0855000000000001,226.87767104356172
1.086,223.65291860936676
1.0865,220.4297077530568
1.087,217.22799795602506
1.0875000000000001,214.05971383867447
1.088,210.92851114376438
1.0885,207.83119699356044
1.089,204.7597176417003
1.0895,201.70313329003585
1.09,198.64947671787368
1.0905,195.5875287854853
1.091,192.50842487961316
1.0915,189.40689327409706
1.092,186.28194330567203
1.0925,183.13691759020716
1.093,179.97893204792575
1.0935,176.81783205489114
1.094,173.66487253795694
1.0945,170.53135473938985
1.095,167.42742550541826
1.0955,164.36120324504122
1.096,161.33835956732
1.0965,158.36222515284393
1.097,155.43435456894022
1.0975,152.55530353222267
1.098,149.7252654114709
1.0985,146.9442893485492
1.099,144.2120251959147
1.0995,141.52714365236108
1.1,138.88663388288748
1.1005,136.28514649980156
1.101,133.7145945327566
1.1015,134.06808654462571
1.102,131.48208438340114
1.1025,128.88544512524015
1.103,126.27034324842337
1.1035,123.63342676056051
1.104,120.97630116032933
1.1045,118.30466035504224
1.105,115.62640951604847
1.1055,112.94944648176217
1.106,110.27991137125188
1.1065,107.62162591824597
1.107,104.97703317219273
1.1075,102.3492771396227
1.108,99.74443113537438
1.1085,97.17267812205743
1.109,94.6476604559187
1.1095,92.18406659088706
1.11,89.79432639776232
1.1105,87.48559590666274
1.111,85.25793132233927
1.1115,83.10396777657455
1.112,81.00992654635611
1.1125,78.95758249685379
1.113,76.92687600775618
1.1135,74.8989586236742
1.114,72.85943909627919
1.1145,70.80138142676977
1.115,68.7273134164579
1.1155,66.64938820421428
1.116,64.58712473351629
1.1165,62.56284881956553
1.117,60.59583554695247
1.1175,58.69684790478889
1.118,56.86491373195368
1.1185,55.0875877577138
1.119,53.34473831305404
1.1195,51.614572175645016
1.12,49.87980468667937
1.1205,48.131990747775056
1.121,46.3729424453741
1.1215,44.61334442933833
1.122,42.86957038853311
1.1225,41.160016445275964
1.123,39.502044504211455
1.1235,37.91009420700251
1.124,36.39493420447536
1.1245,34.96361163852214
1.125,33.619575652596964
1.1255,32.36269982079746
1.1260000000000001,31.189330422250368
1.1265,30.09276095189478
1.127,29.064470695932826
1.1275,28.096083605343708
1.1280000000000001,27.181541753195585
1.1285,26.318744121028136
1.129,25.51004047623618
1.1295,24.761429352080572
1.1300000000000001,24.080847932875507
1.1305,23.47627723729804
1.131,22.954346856569444
1.1315,22.519751941597296
1.1320000000000001,22.175331747473813
1.1325,21.922392211643363
1.133,21.760925717758212
1.1335,21.689688267477283
1.1340000000000001,21.706373357220105
1.1345,21.80813872159164
1.135,21.99246323591649
1.1355,22.257933045726137
1.1360000000000001,22.60437239381099
1.1365,23.03193579496269
1.137,23.539313931239683
1.1375,24.121794294893185
1.1380000000000001,24.770195438284194
1.1385,25.471431193362303
1.139,26.21072561077527
1.1395,26.97464808784189
1.1400000000000001,27.753630854615796
1.1405,28.542773822231688
1.141,29.34051006280373
1.1415,30.14573511847368
1.1420000000000001,30.954769921835897
1.1425,31.759630011449083
1.143,32.54846331938478
1.1435,33.30801553793326
1.1440000000000001,34.02708618911678
1.1445,34.69956246746833
1.145,35.3258953199043
1.1455,35.912631925178246
1.1460000000000001,36.47045432828196
1.1465,37.01170024010239
1.147,37.54835083888284
1.1475,38.091034781317084
1.1480000000000001,38.64900829772067
1.1485,39.23065552139335
1.149,39.84398429165768
1.1495,40.496807434447575
1.1500000000000001,41.196581174979954
1.1505,41.95003155309059
1.151,42.7627012511437
1.1515,43.63848496736761
1.1520000000000001,44.57918078608644
1.1525,45.584067720323226
1.153,46.649480084339025
1.1535,47.76830943194202
1.154,48.92944095535181
1.1545,50.11740057711191
1.155,51.31281531868849
1.1555,52.49433620864556
1.156,53.64217483756092
1.1565,54.74248198519666
1.157,55.79099394938712
1.1575,56.79431605460172
1.158,57.76810987818132
1.1585,58.73283282452278
1.159,59.708687156659735
1.1595,60.71148152602236
1.16,61.75032430656985
1.1605,62.82712076192227
1.161,63.93732302640083
1.1615,65.07137989871377
1.162,66.2165657334725
1.1625,67.35903077905395
1.163,68.4859047380159
1.1635,69.58717291481521
1.164,70.65697192957307
1.1645,71.69402846361896
1.165,72.70117799398447
1.1655,73.68412086549611
1.166,74.6496842205377
1.1665,75.60388317914122
1.167,76.55012798709075
1.1675,77.48803608890002
1.168,78.41333138612919
1.1685,79.31904731246917
1.169,80.19769845164764
1.1695,81.04355868779221
1.17,81.85407275579004
1.1705,82.62983773586548
1.171,83.3732579196826
1.1715,84.0865323843943
1.172,84.76986051487158
1.1725,85.42060220007053
1.173,86.03368919014618
1.1735,86.60305924659176
1.174,87.1235325429476
1.1745,87.59250162926647
1.175,88.01098303671236
1.1755,88.38381045109371
1.176,88.71894677507888
1.1765,89.02607329556675
1.177,89.31480096697062
1.1775,89.59299216057745
1.178,89.86569104137544
1.1785,90.13498565429775
1.179,90.40079884756527
1.1795,90.66224276279654
1.18,90.91892634727525
1.1805,91.17160358597351
1.181,91.42181875876703
1.1815,91.67063707820013
1.182,91.91695205858245
1.1825,92.1560685610227
1.183,92.37921093612607
1.1835,92.57432257180675
1.184,92.72806764500089
1.1845,92.82844106378563
1.185,92.86706608254391
1.1855,92.84035098033458
1.186,92.74921625548338
1.1865,92.59779315595027
1.187,92.39188850126433
1.1875,92.13787662841717
1.188,91.84218122352807
1.1885000000000001,91.51105121179889
1.189,91.15022926236784
1.1895,90.76436896752038
1.19,90.35641379815154
1.1905000000000001,89.92728966256914
1.191,89.47606606288475
1.1915,89.00038464746585
1.192,88.49674751661638
1.1925000000000001,87.96037841467144
1.193,87.38474011605808
1.1935,86.76116651642886
1.194,86.0792126701349
1.1945000000000001,85.32813782659542
1.195,84.49947607309878
1.1955,83.59010132913929
1.196,82.60479732830596
1.1965000000000001,81.55730686199182
1.197,80.46923537726008
1.1975,79.36689565479203
1.198,78.27690181935515
1.1985000000000001,77.22172740295048
1.199,76.21636428370621
1.1995,75.26672735655356
1.2,74.36979482577209
1.2005000000000001,73.51494299503618
1.201,72.68572111591915
1.2015,71.86146452029011
1.202,71.01857089501773
1.2025000000000001,70.13175238502099
1.203,69.17584164816238
1.2035,68.12854948181452
1.204,66.97395838274008
1.2045000000000001,65.70581068700153
1.205,64.3292819130436
1.2055,62.860229083996465
1.206,61.32179117762864
1.2065000000000001,59.73926314308448
1.207,58.134847164860346
1.2075,56.52389585521971
1.208,54.91364716753575
1.2085000000000001,53.30453631949466
1.209,51.69334644381138
1.2095,50.07698756621802
1.21,48.45565180627203
1.2105000000000001,46.83443730831094
1.211,45.22314509546796
1.2115,43.634628690938705
1.212,42.082541169966916
1.2125000000000001,40.57934874779805
1.213,39.13505652628537
1.2135,37.75650669459025
1.214,36.446784086084534
1.2145000000000001,35.204441528006875
1.215,34.02278358769641
1.2155,32.88986617309318
1.216,31.789788949719586
1.2165,30.7052796530134
1.217,29.620889102686814
1.2175,28.525790596511
1.218,27.415369860132895
1.2185,26.291294709272666
1.219,25.16022489478847
1.2195,24.031574020653917
1.22,22.9148140824448
1.2205,21.81685425293025
1.221,20.74007117227179
1.2215,19.681532725984056
1.222,18.633737265342045
1.2225,17.586780482217456
1.223,16.531380887585623
1.2235,15.461827770211597
1.224,14.377839961329459
1.2245,13.284634695043241
1.225,12.191145405051069
1.2255,11.107058206137912
1.226,10.039823115012178
1.2265,8.992784842566097
1.227,7.965066876505595
1.2275,6.953094718025283
1.228,5.953027304080079
1.2285,4.963137593070935
1.229,3.9853734830398335
1.2295,3.0257700838894106
1.23,2.093831445094455
1.2305,1.2012682967332915
1.231,0.36051301292661386
1.2315,-0.41669500016680006
1.232,-1.1205205851576916
1.2325,-1.7439969684857892
1.233,-2.2836955107709787
1.2335,-2.7400156294994518
1.234,-3.1170204339533933
1.2345,-3.421847868199411
1.235,-3.663891771966067
1.2355,-3.8540774882323907
1.236,-4.004552369848521
1.2365,-4.128931184322813
1.237,-4.242935568831862
1.2375,-4.3649882319634
1.238,-4.5162281269790405
1.2385,-4.719580334670372
1.239,-4.997871419740701
1.2395,-5.371339284583033
1.24,-5.85506922043771
1.2405,-6.4568520009288255
1.241,-7.175807814417541
1.2415,-8.001989722190636
1.242,-8.917119515160847
1.2425,-9.896546169303704
1.243,-10.912347889848077
1.2435,-11.937195418439924
1.244,-12.948254731940633
1.2445,-13.930217207275977
1.245,-14.876673633275583
1.2455,-15.789518341453006
1.246,-16.676693883412636
1.2465,-17.54905468426997
1.247,-18.417217209563436
1.2475,-19.289005559817678
1.248,-20.16774330946386
1.2485,-21.05142952125015
1.249,-21.932806755489995
1.2495,-22.80032136549432
1.25,-23.639840999869925
1.2505,-24.4367713817494
1.2510000000000001,-25.178089500629543
1.2515,-25.85389648859044
1.252,-26.458305496235866
1.2525,-26.989652701952036
1.2530000000000001,-27.45010675240701
1.2535,-27.84483614286449
1.254,-28.18101049431005
1.2545,-28.466952512032176
1.2550000000000001,-28.711606519844285
1.2555,-28.92421143282974
1.256,-29.11389490169136
1.2565,-29.289023518565685
1.2570000000000001,-29.456480115561458
1.2575,-29.6212965623146
1.258,-29.786974999649424
1.2585,-29.95638162712768
1.2590000000000001,-30.132597979544666
1.2595,-30.318952282717657
1.26,-30.51780963643645
1.2605,-30.728408511155514
1.2610000000000001,-30.94468147294978
1.2615,-31.154207647857188
1.262,-31.339103570687808
1.2625,-31.47896232403887
1.2630000000000001,-31.555218648921084
1.2635,-31.55580026007166
1.264,-31.47874585611491
1.2645,-31.333660598158996
1.2650000000000001,-30.59680258452698
1.2655,-30.508493580290565
1.266,-30.411202874142127
1.2665,-30.32027524781872
1.2670000000000001,-30.243861278404413
1.2675,-30.18047809599986
1.268,-30.118990717950645
1.2685,-30.04096864663628
1.2690000000000001,-29.924722342933347
1.2695,-29.749992024558118
1.27,-29.502286232552073
1.2705,-29.176135740009475
1.2710000000000001,-28.776869260699605
1.2715,-28.32080482491237
1.272,-27.833946694126702
1.2725,-27.34940831019508
1.2730000000000001,-26.903884270123203
1.2735,-26.533584741806443
1.274,-26.27011825114859
1.2745,-26.136845966447815
1.2750000000000001,-26.146209177750144
1.2755,-26.29842783230527
1.276,-26.581771363807572
1.2765,-26.97433535291313
1.2770000000000001,-27.446980508028993
1.2775,-27.966889387495428
1.278,-28.501141777281262
1.2785,-29.01981771312189
1.2790000000000001,-29.498353858035614
1.2795,-29.91910308759371
1.28,-30.272182321633665
1.2805,-30.555701998647912
1.281,-30.775394408818098
1.2815,-30.94359129362546
1.282,-31.0775245907301
1.2825,-31.197048385432687
1.283,-31.32203770705564
1.2835,-31.469815522989
1.284,-31.652937844452286
1.2845,-31.8775460243727
1.285,-32.14234469144581
1.2855,-32.43815675218796
1.286,-32.74798597039683
1.2865,-33.04758522134914
1.287,-33.306648324146394
1.2875,-33.49084099133907
1.288,-33.564862876781504
1.2885,-33.49651154995959
1.289,-33.261318101271975
1.2895,-32.84689583312156
1.29,-32.25592720981272
1.2905,-31.506897195252073
1.291,-30.632258552980176
1.2915,-29.67446095373796
1.292,-28.680864938664403
1.2925,-27.69875568852288
1.293,-26.77143806808587
1.2935,-25.935886432484814
1.294,-25.221864545866524
1.2945,-24.652011839028763
1.295,-24.242219759237113
1.2955,-24.0017197178938
1.296,-23.93261744380363
1.2965,-24.02901358815896
1.297,-24.276187577534397
1.2975,-24.650458993338898
1.298,-25.120235497109928
1.2985,-25.648469390519775
1.299,-26.196393411892895
1.2995,-26.72809108618881
1.3,-27.215223111864468
1.3005,-27.641090726874403
1.301,-28.00319774707322
1.3015,-28.313631570392207
1.302,-28.596954728279375
1.3025,-28.88582965122274
1.303,-29.21514046503619
1.3035,-29.61574811860692
1.304,-30.109101932985148
1.3045,-30.703720337121407
1.305,-31.39412089086926
1.3055,-32.162241202994444
1.306,-32.98087463019418
1.3065,-33.81826560650386
1.307,-34.64285417639608
1.3075,-35.427251669557734
1.308,-36.15082225376054
1.3085,-36.80064124535742
1.309,-37.37099112702467
1.3095,-37.861849002964455
1.31,-38.276957381109554
1.3105,-38.62203750602386
1.311,-38.90352885003428
1.3115,-39.12798593781751
1.312,-39.30201924052278
1.3125,-39.43250467950248
1.313,-39.52674456815358
1.3135000000000001,-39.59233531409684
1.314,-39.6366438997069
1.3145,-39.665962594706684
1.315,-39.68454940950194
1.3155000000000001,-39.69383218173684
1.316,-39.69203599241895
1.3165,-39.67439156753982
1.317,-39.63393250282792
1.3175000000000001,-39.56274861528536
1.318,-39.45347914953177
1.3185,-39.3008098188671
1.319,-39.102746434486754
1.3195000000000001,-38.86143650340252
1.32,-38.58330399244338
1.3205,-38.2783080408499
1.321,-37.958294490550195
1.3215000000000001,-37.634681033178225
1.322,-37.31601632638488
1.3225,-37.006135370887776
1.323,-36.7035642408936
1.3235000000000001,-36.4024651536434
1.324,-36.09485667757712
1.3245,-35.77331480386733
1.325,-35.43311095192299
1.3255000000000001,-35.072930932453005
1.326,-34.6939135962771
1.3265,-34.29751718540445
1.327,-33.88331848508109
1.3275000000000001,-33.447971045707575
1.328,-32.98609157354281
1.3285,-32.49297891542244
1.329,-31.96817737302559
1.3295000000000001,-31.41838710602897
1.33,-30.858344507393653
1.3305,-30.309006242387966
1.331,-29.793372535271267
1.3315000000000001,-29.331162720407242
1.332,-28.933965843132853
1.3325,-28.60229998527829
1.333,-28.325341450208015
1.3335000000000001,-28.083218349989135
1.334,-27.851029980998234
1.3345,-27.603386583135787
1.335,-27.318326814538192
1.3355000000000001,-26.97985879216039
1.336,-26.578883205301643
1.3365,-26.11269426520391
1.337,-25.583501034204897
1.3375000000000001,-24.996462644576464
1.338,-24.357655986824508
1.3385,-23.672279112386505
1.339,-22.943294570887737
1.3395000000000001,-22.170650241593957
1.34,-21.351168378309293
1.3405,-20.479143640392895
1.341,-19.547617080306996
1.3415000000000001,-18.550183051771892
1.342,-17.48304221330227
1.3425,-16.34686400548114
1.343,-15.147927213579354
1.3435000000000001,-13.898050457757403
1.344,-12.613068411065477
1.3445,-11.310036646895272
1.345,-10.0038251242316
1.3455,-8.704074370693657
1.346,-7.413455311800164
1.3465,-6.12775870622208
1.347,-4.837703448709124
1.3475,-3.531777445142716
1.348,-2.1991633483694315
1.3485,-0.8319385550747452
1.349,0.5738461111921139
1.3495,2.0181483860840497
1.35,3.497620435326903
1.3505,5.006565005954527
1.351,6.537797126603383
1.3515,8.083154770259062
1.352,9.633504811235694
1.3525,11.1782169591175
1.353,12.704263599246408
1.3535,14.195318278345077
1.354,15.631366605581439
1.3545,16.989296084076518
1.355,18.244657421633274
1.3555,19.374373724092653
1.356,20.359793099983218
1.3565,21.189312781051072
1.357,21.859928729587644
1.3575,22.377419942646743
1.358,22.755290564675303
1.3585,23.01288550706117
1.359,23.17317385366041
1.3595,23.260588232830564
1.36,23.299127456359372
1.3605,23.310787234254747
1.361,23.314337220515824
1.3615,23.32449817813552
1.362,23.351626277274978
1.3625,23.402009630189134
1.363,23.478789392339884
1.3635,23.583359945579378
1.364,23.716952302933333
1.3645,23.882035819101628
1.365,24.083218308567258
1.3655,24.327463678880363
1.366,24.623625850690054
1.3665,24.981460989395273
1.367,25.41038561204702
1.3675,25.91827602817804
1.368,26.510555161027767
1.3685,27.189704720667354
1.369,27.955207664661362
1.3695,28.803808964874307
1.37,29.729917773900432
1.3705,30.72597875641821
1.371,31.78270740914632
1.3715,32.88918551966581
1.372,34.03291119874196
1.3725,35.19995969511678
1.373,36.375416229260466
1.3735,37.544187127991584
1.374,38.692192244737456
1.3745,39.80781106418993
1.375,40.88332482339163
1.3755,41.916004977144624
1.3760000000000001,42.90849119217647
1.3765,43.868217320678745
1.377,44.80587536712551
1.3775,45.733184285650744
1.3780000000000001,46.66043993440731
1.3785,47.59437376229362
1.379,48.536728646609944
1.3795,49.48374207532076
1.3800000000000001,50.42651437219411
1.3805,51.352106574731806
1.381,52.24516706895757
1.3815,53.08988323241415
1.3820000000000001,53.87204048591511
1.3825,54.58092885026209
1.383,55.2108000150219
1.3835,55.76160457812448
1.3840000000000001,56.23886473448738
1.3845,56.65274132824759
1.385,57.0165648878618
1.3855,57.34523449669369
1.3860000000000001,57.65389117948772
1.3865,57.95713988299457
1.387,58.26887097944012
1.3875,58.60249421433215
1.3880000000000001,58.97122814674243
1.3885,59.388052256629365
1.389,59.86505094965301
1.3895,60.41212275932349
1.3900000000000001,61.03530324000806
1.3905,61.73514622676389
1.391,62.50564681657897
1.3915,63.33405895125801
1.3920000000000001,64.2017157691476
1.3925,65.08569331956808
1.393,65.9609572130921
1.3935,66.80255659205784
1.3940000000000001,67.5874971817583
1.3945,68.29610768559441
1.395,68.91294396515332
1.3955,69.42745923220052
1.3960000000000001,69.83471597526996
1.3965,70.13628600149015
1.397,70.34122297542848
1.3975,70.46672001089141
1.3980000000000001,70.53792851043407
1.3985,70.58650501787756
1.399,70.64775983449007
1.3995,70.75669927209407
1.4000000000000001,70.94363332655682
1.4005,71.23022957619621
1.401,71.62686009597057
1.4015,72.13181664108853
1.4020000000000001,72.73253634948924
1.4025,73.40850894516186
1.403,74.1351645661572
1.4035,74.88788142610127
1.4040000000000001,75.6453495026452
1.4045,76.39182948615515
1.405,77.11822046902142
1.4055,77.82213767011828
1.4060000000000001,78.50730518112631
1.4065,79.1825018264509
1.407,79.8601676586282
1.4075,80.55470811972393
1.408,81.28058070822661
1.4085,82.0503751425362
1.409,82.8731995693378
1.4095,83.75367072459171
1.41,84.69165687573366
1.4105,85.68270513918276
1.411,86.71890688110115
1.4115,87.78989757406023
1.412,88.8837578916476
1.4125,89.98771662929204
1.413,91.08866649077893
1.4135,92.17354140408739
1.414,93.22958374552117
1.4145,94.24450800611173
1.415,95.20658981443631
1.4155,96.10477191975852
1.416,96.92893136971183
1.4165,97.67043843487939
1.417,98.32303979143968
1.4175,98.88395029038317
1.418,99.35490333605861
1.4185,99.74284604151491
1.419,100.05999672315427
1.4195,100.32310136021292
1.42,100.5519047968213
1.4205,100.76705236689055
1.421,100.98780773055492
1.4215,101.23005708843984
1.422,101.50502785806297
1.4225,101.81898006452508
1.423,102.17387591666751
1.4235,102.56877097975148
1.424,103.001474601807
1.4245,103.46995497436971
1.425,103.97304356807571
1.4255,104.5102167059246
1.426,105.08054812080938
1.4265,105.68124269066384
1.427,106.30636161004482
1.4275,106.94633533213577
1.428,107.58860994262507
1.4285,108.21937318504516
1.429,108.82593047823919
1.4295,109.39911069691418
1.43,109.93512543660339
1.4305,110.43650161137703
1.431,110.91192710921341
1.4315,111.37502391032781
1.432,111.84220747769649
1.4325,112.32994147303319
1.433,112.85184409074543
1.4335,113.41619117901203
1.434,114.02433925427229
1.4345,114.67044858570445
1.435,115.34265156657426
1.4355,116.02552318698818
1.436,116.70340380391339
1.4365,117.36385090047787
1.437,118.00034765357601
1.4375,118.61348441265122
1.438,119.21021167238251
1.4385000000000001,119.80135938104767
1.439,120.3982047229047
1.4395,121.0091877022647
1.44,121.63777174105641
1.4405000000000001,122.28197687869375
1.441,122.93549569149859
1.4415,123.58979916062327
1.442,124.23642630238916
1.4425000000000001,124.86875308420122
1.443,125.48285247003551
1.4435,126.07743365019829
1.444,126.65314665236765
1.4445000000000001,127.21167696172851
1.445,127.75501497817974
1.4455,128.2851034214236
1.446,128.80382504570727
1.4465000000000001,129.31310860613277
1.447,129.81490980145136
1.4475,130.3109940989417
1.448,130.80270611804673
1.4485000000000001,131.29105580197142
1.449,131.77733159794258
1.4495,132.2641071717419
1.45,132.7561795326826
1.4505000000000001,133.26091398995308
1.451,133.787725631305
1.4515,134.34681554492877
1.452,134.947561492105
1.4525000000000001,135.59702825599229
1.453,136.2989638650971
1.4535,137.05348265030204
1.454,137.85745227159916
1.4545000000000001,138.70540832501283
1.455,139.59065767222177
1.4555,140.50619263994093
1.456,141.44519226238089
1.4565000000000001,142.40118072148653
1.457,143.36816401976498
1.4575,144.3410865118848
1.458,145.31670619286226
1.4585000000000001,146.29464064353866
1.459,147.278112038414
1.4595,148.2739469830611
1.46,149.29162271151495
1.4605000000000001,150.34145063641776
1.461,151.43222991776432
1.4615,152.5688623889061
1.462,153.75052714427815
1.4625000000000001,154.97004375662632
1.463,157.41675431523336
1.4635,158.43526774367447
1.464,159.46504815455611
1.4645000000000001,160.50660566920462
1.465,161.561087512483
1.4655,162.62942067605223
1.466,163.71119041766562
1.4665000000000001,164.80360320538304
1.467,165.90087469561072
1.4675,166.99423766086392
1.468,168.07256566320103
1.4685000000000001,169.12345661780253
1.469,170.13456178614229
1.4695,171.09495409007582
1.47,171.99635377463323
1.4705000000000001,172.83404805666197
1.471,173.60737146863607
1.4715,174.31967490986563
1.472,174.97779555070002
1.4725,175.59111747206074
1.473,176.17036404540204
1.4735,176.72629043312102
1.474,177.26845928304172
1.4745,177.80428248256493
1.475,178.33847993373655
1.4755,178.87303132964405
1.476,179.40759200439868
1.4765,179.9402450607893
1.477,180.46840636012627
1.4775,180.98970199920845
1.478,181.50268659264512
1.4785,182.0073360203611
1.479,182.50530436552555
1.4795,182.99996985545417
1.48,183.49630985251608
1.4805,184.00064644818767
1.481,184.52029712677734
1.4815,185.06315249329816
1.482,185.6371886515417
1.4825,186.2499111065389
1.483,186.90772744667802
1.4835,187.6152636229387
1.484,188.37467384625387
1.4845,189.18503856102095
1.485,190.04198135881526
1.4855,190.93764260506697
1.486,191.86110850401386
1.4865,192.7993085540046
1.487,193.73828256547947
1.4875,194.66461786778353
1.488,195.56680632935002
1.4885,196.43629065386807
1.489,197.2680537330996
1.4895,198.06072190987524
1.49,198.81625963781298
1.4905,199.53939384940705
1.491,200.23690957757344
1.4915,200.91691917235474
1.492,201.58815612719715
1.4925,202.25930778673077
1.493,202.93839005182113
1.4935,203.6321775787645
1.494,204.3457227827132
1.4945,205.08201088371248
1.495,205.8417913136469
1.4955,206.6235915168705
1.496,207.4238693557673
1.4965,208.23722456747134
1.497,209.05659786726048
1.4975,209.87344502549098
1.498,210.67795637145724
1.4985,211.4594540551377
1.499,212.2071015032428
1.4995,212.91099064307275
1.5,213.56355038293245
1.5005,214.16107864861712
1.5010000000000001,214.70507847461565
1.5015,215.20301617351305
1.502,215.66815611984694
1.5025,216.11828711386093
1.5030000000000001,216.57342393831263
1.5035,217.05287316913314
1.504,217.57228528525116
1.5045,218.1413764505017
1.5050000000000001,218.76285369485467
1.5055,219.4327591823445
1.506,220.14207106151915
1.5065,220.87908936401845
1.5070000000000001,221.63199312191227
1.5075,222.39100666767234
1.508,223.1498106583859
1.5085,223.9060844674702
1.5090000000000001,224.66128469433693
1.5095,225.41990363315364
1.51,226.18850600987244
1.5105,226.9748234203228
1.5110000000000001,227.7871043529956
1.5115,228.63378789831242
1.512,229.52342341024115
1.5125,230.4646469629717
1.5130000000000001,231.4659966648027
1.5135,232.5354210346881
1.514,233.67948149187885
1.5145,234.90240951530166
1.5150000000000001,236.20528066512276
1.5155,237.5855647615898
1.516,239.03720364298061
1.5165,240.5512024045568
1.5170000000000001,242.11657039688083
1.5175,243.72137828797275
1.518,245.35372852597882
1.5185,247.0025372162892
1.5190000000000001,248.65813151479236
1.5195,250.31271999912778
1.52,251.96077539505816
1.5205,253.59930689594273
1.5210000000000001,255.22794497821482
1.5215,256.84875789939633
1.522,258.46577433655716
1.5225,260.0842696535906
1.5230000000000001,261.7099315081224
1.5235,263.3480153381675
1.524,265.0025394807144
1.5245,266.6755091269714
1.5250000000000001,268.3661618370302
1.5255,270.0703108314759
1.526,271.77997077196045
1.5265,273.48349403794157
1.5270000000000001,275.1663659280459
1.5275,276.81262351914324
1.528,278.4066577617203
1.5285,279.9350259215387
1.5290000000000001,281.3878971612392
1.5295,282.7598745107342
1.53,284.05012889505485
1.5305,285.26196883385563
1.5310000000000001,286.4020845573814
1.5315,287.4797159571653
1.532,288.50591738832867
1.5325,289.49298135959936
1.5330000000000001,290.45399152516893
1.5335,291.4024279659144
1.534,292.3517349743369
1.5345,293.3147622392521
1.5350000000000001,294.3030016022113
1.5355,295.32558681226834
1.536,296.3881261914438
1.5365,297.49158200180153
1.537,298.6315301624213
1.5375,299.79815186749573
1.538,300.97719013772473
1.5385,302.15188287500933
1.539,303.305635141747
1.5395,304.42498953872035
1.54,305.5023412305384
1.5405,306.53784959639717
1.541,307.5401327954635
1.5415,308.5255767882357
1.542,309.5163847238642
1.5425,310.53774531651754
1.543,311.6146348198249
1.5435,312.76876605888293
1.544,314.0160948787043
1.5445,315.3651469879922
1.545,316.8162813277744
1.5455,318.3618793134603
1.546,319.9873459845727
1.5465,321.6727295045827
1.547,323.3947115726923
1.5475,325.128695943502
1.548,326.85072939133767
1.5485,328.53903554178873
1.549,330.17503095220155
1.5495,331.7438136046015
1.55,333.2342324718453
1.5505,334.6387170189283
1.551,335.95303830842613
1.5515,337.17610029188194
1.552,338.3097677093934
1.5525,339.3586749897317
1.553,340.3299478336717
1.5535,341.2327908040705
1.554,342.0779245928653
1.5545,342.87688404217965
1.555,343.6412175393238
1.5555,344.3816654954711
1.556,345.10743199296655
1.5565,345.82568037472356
1.557,346.54136516219125
1.5575,347.2574579534051
1.558,347.9755466667501
1.5585,348.6967064822353
1.559,349.42247938058676
1.5595,350.1557741219213
1.56,350.9015141759897
1.5605,351.6669075971162
1.561,352.46127373052474
1.5615,353.2954257467375
1.562,354.18067327230193
1.5625,355.1275751240695
1.563,356.14462880477294
1.5635000000000001,357.23711214034034
1.564,358.40627632726466
1.5645,359.6490267729105
1.565,360.95813515194305
1.5655000000000001,362.3229300105995
1.566,363.73033763145753
1.5665,365.1661010859095
1.567,366.615993207649
1.5675000000000001,368.0668536583922
1.568,369.50731727383277
1.5685,370.9281572334152
1.569,372.3222360322266
1.5695000000000001,373.6841280361691
1.57,375.00953428962896
1.5705,376.2946395039425
1.571,377.5355560933246
1.5715000000000001,378.727964164693
1.572,379.86700216504124
1.5725,380.94740753636427
1.573,381.96386516886946
1.5735000000000001,382.91150117924906
1.574,383.78645850075515
1.5745,384.5864985969854
1.575,385.3115763018434
1.5755000000000001,385.9643225073497
1.576,386.550344750063
1.5765,387.07823624837226
1.577,387.5591939474246
1.5775000000000001,388.0062005492017
1.578,388.43281699873467
1.5785,388.85173220029503
1.579,389.2732919371963
1.5795000000000001,389.70425690223084
1.58,390.14701702167923
1.5805,390.5994255694115
1.581,391.0553243377841
1.5815000000000001,391.50572019727457
1.582,391.9404542944205
1.5825,392.3500967666023
1.583,392.7277322425103
1.5835000000000001,393.0703065283161
1.584,393.37929674769134
1.5845,393.6606246154264
1.585,393.92390146660773
1.5855000000000001,394.1812136649703
1.586,394.44569529119116
1.5865,394.73010269893297
1.587,395.0455433336262
1.5875000000000001,395.4004571449287
1.588,395.79991497940966
1.5885,396.2452729830385
1.589,396.7341911478819
1.5895000000000001,397.260987867713
1.59,397.81727286670275
1.5905,398.3927864247155
1.591,398.9763672528456
1.5915000000000001,399.5569604666626
1.592,400.1245554997033
1.5925,400.67092458139626
1.593,401.1900389975723
1.5935000000000001,401.6780874704943
1.594,402.13310132348096
1.5945,402.55427847852945
1.595,402.9411636049579
1.5955000000000001,403.2928678374549
1.596,403.6074975361094
1.5965,403.8819164362289
1.597,404.11189975598796
1.5975000000000001,404.2926624102564
1.598,404.41966894862435
1.5985,404.4895764001834
1.599,404.50113720044357
1.5995000000000001,404.4559014743076
1.6,404.3585960931693
1.6005,404.21710593338884
1.601,404.0420311366664
1.6015,403.8458458947573
1.602,403.64174670820444
1.6025,403.44234756479017
1.603,403.25843408240394
1.6035,403.09799800718287
1.604,402.96571968670287
1.6045,402.86295930774367
1.605,402.78819382925104
1.6055,402.73773988884375
1.606,402.7065642189441
1.6065,402.68900626996594
1.607,402.67930156338787
1.6075,402.67186642028037
1.608,402.6613599845305
1.6085,402.64257163010944
1.609,402.61020115586825
1.6095,402.55861803185326
1.61,402.48170425382966
1.6105,402.3728878561467
1.611,402.2254422325751
1.6115,402.0330546247007
1.612,401.7905718655805
1.6125,401.4947468108304
1.613,401.1447722532084
1.6135,400.74242346024334
1.614,400.29173131456116
1.6145,399.7982426336806
1.615,399.26804491196884
1.6155,398.70679730428265
1.616,398.1189980792892
1.6165,397.5076390480826
1.617,396.8742813341229
1.6175,396.219476674091
1.618,395.5433883606154
1.6185,394.8464453208635
1.619,394.12987530833976
1.6195,393.39598633005426
1.62,392.6480961594125
1.6205,391.89006958050516
1.621,391.1255316924515
1.6215,390.35696418495303
1.622,389.5849922679494
1.6225,388.80815370537493
1.623,388.02327969544103
1.6235,387.2263693287309
1.624,386.4136277291188
1.6245,385.58227559610395
1.625,384.73085705682746
1.6255,383.8590073671443
1.6260000000000001,382.9668714772524
1.6265,382.0544848483835
1.627,381.1214022067222
1.6275,380.1667221578628
1.6280000000000001,379.189477384076
1.6285,378.18920996668635
1.629,377.1664726018183
1.6295,376.1230089146722
1.6300000000000001,375.0614735011067
1.6305,373.984736433976
1.631,372.89502025989276
1.6315,371.79324361082183
1.6320000000000001,370.6789027083774
1.6325,369.55059461273777
1.633,368.40697542943843
1.6335,367.24772826026873
1.6340000000000001,366.0741247686778
1.6345,364.8889949941511
1.635,363.69622498713846
1.6355,362.5000977508934
1.6360000000000001,361.3047872015217
1.6365,360.11415226233197
1.637,358.9317849185325
1.6375,357.76115105875857
1.6380000000000001,356.60565770735866
1.6385,355.4685480836477
1.639,354.35261221278216
1.6395,353.2597737239245
1.6400000000000001,352.19066720989224
1.6405,351.144353024396
1.641,350.11831346087655
1.6415,349.1088188174765
1.6420000000000001,348.11164708961246
1.6425,347.12302071589653
1.643,346.1405364134944
1.6435,345.1638434140556
1.6440000000000001,344.19487224002467
1.6445,343.2375057439079
1.645,342.2966905885721
1.6455,341.3771029795728
1.6460000000000001,340.48161126674114
1.6465,339.60990458007336
1.647,338.75772088753536
1.6475,337.9170252913239
1.6480000000000001,338.3888788848324
1.6485,337.2795096041604
1.649,336.174621502764
1.6495,335.0753382615772
1.6500000000000001,333.98225707388826
1.6505,332.89544340168464
1.651,331.81452985707585
1.6515,330.7388775621534
1.6520000000000001,329.66774212079844
1.6525,328.60038869722035
1.653,327.5361187324539
1.6535,326.4741976483487
1.6540000000000001,325.41370047992854
1.6545,324.353314026433
1.655,323.2911457822077
1.6555,322.224590487269
1.6560000000000001,321.1502957882328
1.6565,320.0642516604042
1.657,318.9620068315529
1.6575,317.83899261169415
1.6580000000000001,316.6909137515898
1.6585,315.51415102024896
1.659,314.3061146145214
1.6595,313.06549336334587
1.6600000000000001,311.79236147478
1.6605,310.4881288950052
1.661,309.1553477073752
1.6615,307.79740951717423
1.6620000000000001,306.4181830079669
1.6625,305.0216449562624
1.663,303.6115527243168
1.6635,302.19119422560414
1.6640000000000001,300.76323590732113
1.6645,299.32967355470714
1.665,297.8918770983463
1.6655,296.45071056948456
1.666,295.00670240580774
1.6665,293.5602390988825
1.667,292.11175573070585
1.6675,290.6618991675258
1.668,289.2116428440148
1.6685,287.7623361662557
1.669,286.31567718917535
1.6695,284.873605095185
1.67,283.43811927669765
1.6705,282.0110436472977
1.671,280.59376626788276
1.6715,279.18699293750217
1.672,277.7905565799437
1.6725,276.40332033740265
1.673,275.023200867623
1.6735,273.64732065431593
1.674,272.2722769802022
1.6745,270.8944945069079
1.675,269.510612401876
1.6755,268.1178491707878
1.676,266.7142906402096
1.6765,265.29905853119163
1.677,263.87233632994366
1.6775,262.4352518901365
1.678,260.9896382441264
1.6785,259.53771188897844
1.679,258.08171889977916
1.6795,256.6236023873411
1.68,255.16473992332914
1.6805,253.70578738987476
1.681,252.24664795268188
1.6815,250.78656411504207
1.682,249.324310534829
1.6825,247.85844934352758
1.683,246.38760155101906
1.6835,244.91068971861824
1.684,243.4271179769248
1.6845,241.9368724724583
1.685,240.44054326192636
1.6855,238.93928206549907
1.686,237.434715536616
1.6865,235.92883067284214
1.687,234.42384115564118
1.6875,232.92203623128347
1.688,231.42561196484937
1.6885000000000001,229.93648987753528
1.689,228.45613768582126
1.6895,226.98541597263272
1.69,225.52447799091948
1.6905000000000001,224.0727448363727
1.691,222.6289659799003
1.6915,221.19135952566563
1.692,219.75781230970168
1.6925000000000001,218.32611068640767
1.693,216.89417000677207
1.6935,215.46023381397
1.694,214.02302099396596
1.6945000000000001,212.5818086295214
1.695,211.13644845875695
1.6955,209.6873242198856
1.696,208.23526446952786
1.6965000000000001,206.78142955823728
1.697,205.32719167426887
1.6975,203.87402341140992
1.698,202.42340434068475
1.6985000000000001,200.97674843134524
1.699,199.5353498277402
1.6995,198.10034181844134
1.7,196.67266418704978
1.7005000000000001,195.25303680591597
1.701,193.8419408849014
1.7015,192.43961206673393
1.702,191.04605025108
1.7025000000000001,189.6610490744012
1.703,188.28424380024762
1.7035,186.91517133502094
1.704,185.55333205474648
1.7045000000000001,184.19824183746593
1.705,182.8494649942901
1.7055,181.50662419453363
1.706,180.16939025183393
1.7065000000000001,178.8374604420757
1.707,177.51053686428355
1.7075,176.18831536429317
1.708,174.87049125778654
1.7085000000000001,173.55678213101814
1.709,172.24696233327865
1.7095,170.94089997260144
1.71,169.6385860113909
1.7105000000000001,168.34014631083537
1.711,167.04583055290323
1.7115,165.75597612005024
1.712,164.47094960183048
1.7125000000000001,163.19107309776356
1.713,161.9165463125141
1.7135,160.64737783238027
1.714,159.3833390954025
1.7145000000000001,158.12395183583018
1.715,156.86851426218632
1.7155,155.61616386499492
1.716,154.3659672625089
1.7165000000000001,153.11702188214306
1.717,151.86855213960757
1.7175,150.6199847078144
1.718,149.37099280569458
1.7185000000000001,148.12150652187458
1.719,146.87169298447003
1.7195,145.62191501118207
1.72,144.3726788763744
1.7205000000000001,143.12458107592533
1.721,141.8782611396839
1.7215,140.63436355009688
1.722,139.39350758167723
1.7225000000000001,138.15626027645908
1.723,136.92310577838782
1.7235,135.69440480020282
1.724,134.47034160726747
1.7245000000000001,133.25086214250646
1.725,132.03561410747406
1.7255,130.82390532798334
1.726,129.61469791932277
1.7265000000000001,128.40665115991064
1.727,127.19821616338419
1.7275,125.98777305845958
1.728,124.77379025838162
1.7285,123.55497906783498
1.729,122.33041728767877
1.7295,121.09962238894511
1.73,119.86256606234278
1.7305,118.61963433074752
1.731,117.3715478448816
1.7315,116.11926326289836
1.732,114.86387777914736
1.7325,113.60655515664573
1.733,112.34848424007882
1.7335,111.09087173921615
1.734,109.83496220280175
1.7345,108.58207149195897
1.735,107.33361701684773
1.7355,106.09112890229687
1.736,104.85623056026398
1.7365,103.63058370650951
1.737,102.41580028440319
1.7375,101.21333075367161
1.738,100.02434365694239
1.7385,98.84961436203567
1.739,97.6894407046282
1.7395,96.54359969900658
1.74,95.4113530583162
1.7405,94.29150131197092
1.741,93.1824787168106
1.7415,92.082475758136
1.742,90.98957392841855
1.7425,89.9018786455222
1.743,88.81763960390639
1.7435,87.73535200976212
1.744,86.65383564912077
1.7445,85.57229082631393
1.745,84.490330922932
1.7455,83.40799130104648
1.746,82.32571436877826
1.7465,81.2443115163095
1.747,80.16490449682777
1.7475,79.08885123896891
1.748,78.01766312184817
1.7485,76.9529213979977
1.749,75.89619908837545
1.7495,74.84899149210105
1.75,73.81265455276147
1.7505,72.78834733049759
1.7510000000000001,71.776974163439
1.7515,70.77912424147948
1.752,69.79501047649897
1.7525,68.82441401171054
1.7530000000000001,67.86664361925513
1.7535,66.92051948576677
1.754,65.98438855430452
1.7545,65.05617471049052
1.7550000000000001,64.13346297466974
1.7555,63.21361337554527
1.756,62.29389752123275
1.7565,61.371648781529366
1.7570000000000001,60.444415223802444
1.7575,59.51010317966986
1.758,58.56709909780505
1.7585,57.61435868466003
1.7590000000000001,56.651455354160895
1.7595,55.67858424641705
1.76,54.696522732369715
1.7605,53.706552627124836
1.7610000000000001,52.71035282315702
1.7615,51.709873557838776
1.762,50.70720495498493
1.7625,49.70445259673085
1.7630000000000001,48.70363132925287
1.7635,47.706585060675984
1.764,46.71493525083698
1.7645,45.730055095723394
1.7650000000000001,15.474663819003641
1.7655,14.901162140058068
1.766,14.334785715667639
1.7665,13.775817122762245
1.7670000000000001,13.224231842451289
1.7675,12.679690275262473
1.768,12.141543984151951
1.7685,11.608866486241418
1.7690000000000001,11.08051558182891
1.7695,10.555228194459731
1.77,10.031741456323887
1.7705,9.5089270802141
1.7710000000000001,8.98592153082568
1.7715,8.462233225259926
1.772,7.937810288500224
1.7725,7.413057834450144
1.7730000000000001,6.88880129193471
1.7735,6.366200530965543
1.774,5.846626960436992
1.7745,5.331521040793765
1.7750000000000001,4.822249887553496
1.7755,4.3199835373995175
1.776,3.8256043706265883
1.7765,3.3396580595652106
1.7770000000000001,2.862347497600319
1.7775,2.393564727950167
1.778,1.9329509364912592
1.7785,1.4799716633684445
1.7790000000000001,1.0339936376652112
1.7795,0.5943508178189519
1.78,0.16038991281789466
1.7805,-0.2685105954468601
1.7810000000000001,-0.6929495458343875
1.7815,-1.1135373550974708
1.782,-1.5309481362545276
1.7825,-1.9459787261515507
1.7830000000000001,-2.359601244803719
1.7835,-2.772995103991262
1.784,-3.1875457492637187
1.7845,-3.604800944889152
1.7850000000000001,-4.026380841551103
1.7855,-4.45384479920498
1.786,-4.888525089225831
1.7865,-5.33134412781505
1.7870000000000001,-5.782636749311448
1.7875,-6.242001324111473
1.788,-6.708202682255543
1.7885,-7.179145667388945
1.7890000000000001,-7.651931047506938
1.7895,-8.122996241550483
1.79,-8.58833303950016
1.7905,-9.043764552753954
1.7910000000000001,-9.485255396413217
1.7915,-9.909223761113385
1.792,-10.312822418600113
1.7925,-10.694158180981455
1.793,-11.05242569199178
1.7935,-11.387940887202099
1.794,-11.70207075056377
1.7945,-11.997067559905693
1.795,-12.275826083390495
1.7955,-12.541589867784474
1.796,-12.79763705354002
1.7965,-13.0469768661746
1.797,-13.29208542108186
1.7975,-13.534704465433029
1.798,-13.775720027013337
1.7985,-14.015130425184891
1.799,-14.252105293675703
1.7995,-14.485129528153351
1.8,-14.71221865838272
1.8005,-14.931185361028025
1.801,-15.1399311527673
1.8015,-15.336733409193725
1.802,-15.520496518968208
1.8025,-15.690937894376079
1.803,-15.848685098080658
1.8035,-15.995269385918862
1.804,-16.13301275939832
1.8045,-16.26481879723268
1.805,-16.39389023053102
1.8055,-16.52340637124278
1.806,-16.656199223227333
1.8065,-16.79446716895294
1.807,-16.939559312864503
1.8075,-17.091852820704666
1.808,-17.250731889810154
1.8085,-17.414662880669756
1.809,-17.58134819343308
1.8095,-17.74793364284942
1.81,-17.91124130179801
1.8105,-18.068001806579872
1.811,-18.215065704933306
1.8115,-18.349580758199124
1.812,-18.46912931648384
1.8125,-18.57182554262055
1.813,-18.65637566347061
1.8135000000000001,-18.722105615610463
1.814,-18.768960005077883
1.8145,-18.797475021156146
1.815,-18.80872658113796
1.8155000000000001,-18.804254077977255
1.816,-18.785959973544667
1.8165,-18.755986279257232
1.817,-18.716570728123756
1.8175000000000001,-18.66988807085531
1.818,-18.617885131238825
1.8185,-18.562121490327755
1.819,-18.503630167004133
1.8195000000000001,-18.44281356229207
1.82,-18.37938850161078
1.8205,-18.312390081671598
1.821,-18.240237414300278
1.8215000000000001,-18.16085610696389
1.822,-18.07184382579679
1.8225,-17.97065822866498
1.823,-17.854802503395128
1.8235000000000001,-17.721983758633606
1.824,-17.57022384936575
1.8245,-17.397910248896313
1.825,-17.203784929392278
1.8255000000000001,-16.986880050826585
1.826,-16.746418635409466
1.8265,-16.481704587858456
1.827,-16.19202818514666
1.8275000000000001,-15.876610033980292
1.828,-15.534598938562548
1.8285,-15.165128533828975
1.829,-14.767426042153184
1.8295000000000001,-14.3409564949166
1.83,-13.885579285711534
1.8305,-13.40169216194243
1.831,-12.890340676237903
1.8315000000000001,-12.353277502389794
1.832,-11.792963923556183
1.8325,-11.212513188328638
1.833,-10.615580835613452
1.8335000000000001,-10.006210017386929
1.834,-9.388640795351602
1.8345,-8.767092490562213
1.835,-8.14552864969749
1.8355000000000001,-7.52741584130249
1.836,-6.915490335715831
1.8365,-6.3115500092907375
1.837,-5.716291297959671
1.8375000000000001,-5.129211380718362
1.838,-4.548593039195936
1.8385,-3.971583541125568
1.839,-3.3943699622037307
1.8395000000000001,-2.81244281336757
1.84,-2.2209293009203397
1.8405,-1.6149686629789344
1.841,-0.9900961255525935
1.8415000000000001,-0.34259988818944254
1.842,0.330182646027223
1.8425,1.0296578055157364
1.843,1.7558779635278263
1.8435000000000001,2.5075633855197883
1.844,3.282242864887287
1.8445,4.0765016254537825
1.845,4.886315182299656
1.8455000000000001,5.7074397972113395
1.846,6.535824478629865
1.8465,7.368006711200762
1.847,8.201454712073934
1.8475000000000001,9.034823277717543
1.848,9.868098161046664
1.8485,10.702614878919828
1.849,11.540950809243292
1.8495000000000001,12.386702823330701
1.85,13.244174699873522
1.8505,14.11800748000818
1.851,15.012790510355428
1.8515000000000001,15.932690656041151
1.852,16.8811323245892
1.8525,17.8605525297845
1.853,18.872244774368507
1.8535000000000001,19.916294808714305
1.854,20.991602002361947
1.8545,22.09597341466498
1.855,23.22627430524752
1.8555000000000001,24.378618692242117
1.856,25.5485858922833
1.8565,26.731452558080075
1.857,27.922433221425244
1.8575,29.1169245886495
1.858,30.31074910676855
1.8585,31.500391509861362
1.859,32.683218673655304
1.8595,33.857669166015896
1.86,35.02339568552727
1.8605,36.181342439099794
1.861,37.333741433679684
1.8615,38.48401709158911
1.862,39.636597248497175
1.8625,40.79663939626007
1.863,41.969692309596724
1.8635,43.161322950889165
1.864,44.376744869096356
1.8645,45.620485769434474
1.865,46.89612789867363
1.8655,48.20614569076044
1.866,49.55185201141006
1.8665,50.93344935354925
1.867,52.35016794686941
1.8675,53.80046148080169
1.868,55.28222510452446
1.8685,56.793000774157576
1.869,58.33014183181968
1.8695,59.89092052629172
1.87,61.47257648279446
1.8705,63.072317777259904
1.871,64.68729631493045
1.8715,66.31458359518919
1.872,67.95117098100637
1.8725,69.59401107661982
1.873,71.24010574725125
1.8735,72.88663433002631
1.874,74.53110530266353
1.8745,76.17150809043397
1.875,77.80643980748656
1.8755,79.43518450852666
1.8760000000000001,81.05772913116147
1.8765,82.67470947527445
1.877,84.28728993971178
1.8775,85.89699101110358
1.8780000000000001,87.50548737739899
1.8785,89.1144056637751
1.879,90.72515284255819
1.8795,92.33880339368861
1.8800000000000001,93.9560651400624
1.8805,95.57733133905218
1.881,97.20281217673718
1.8815,98.8327250505268
1.8820000000000001,100.46751264952461
1.8825,102.10805278218467
1.883,103.75582486453071
1.8835,105.41300440750295
1.8840000000000001,107.08246720917018
1.8845,108.76769726701536
1.885,110.47260466207115
1.8855,112.20127013481354
1.8860000000000001,113.95764059739439
1.8865,115.74520384884559
1.887,117.5666713519772
1.8875,119.42369571340083
1.8880000000000001,121.3166454481452
1.8885,123.24445471964628
1.889,125.20456076186753
1.8895,127.19293686155657
1.8900000000000001,129.20422385181857
1.8905,131.23195750762275
1.891,133.26888258979693
1.8915,135.3073365699087
1.8920000000000001,137.339677978722
1.8925,139.35872718903428
1.893,141.35818292678283
1.8935,143.33297739937797
1.8940000000000001,145.279537482385
1.8945,147.19592878435293
1.895,149.08187245911438
1.8955,150.93863940520887
1.8960000000000001,152.7688406504372
1.8965,154.5761440059874
1.897,156.3649536780599
1.8975,158.14009034317317
1.8980000000000001,159.90650399870566
1.8985,161.66904146479195
1.899,163.43227657227234
1.8995,165.20039663097384
1.9000000000000001,166.9771271118788
1.9005,168.76567076567645
1.901,170.56863955558592
1.9015,172.38796752761962
1.9020000000000001,174.2248072512762
1.9025,176.07942695659483
1.903,177.95113475265174
1.9035,179.8382566407034
1.9040000000000001,181.738185847223
1.9045,183.64750528938325
1.905,185.56216831954342
1.9055,187.47771125528425
1.9060000000000001,189.38946850940596
1.9065,191.29276759324637
1.907,193.18309332995918
1.9075,195.05622265804462
1.9080000000000001,196.90833834172145
1.9085,198.736129457823
1.909,200.53688007961094
1.9095,202.30853921949972
1.9100000000000001,204.0497594812196
1.9105,205.75989200725292
1.911,207.43893134548398
1.9115,209.08741340475285
1.9120000000000001,210.7062792166977
1.9125,212.29672384618738
1.913,213.86005221294948
1.9135,215.39756217419708
1.9140000000000001,216.91047119135666
1.9145,218.39989734043417
1.915,219.86689871932649
1.9155,221.31256732737265
1.9160000000000001,222.73816425405542
1.9165,224.14527334254544
1.917,225.535942273352
1.9175,226.91277579303448
1.9180000000000001,228.2789479384589
1.9185,229.63810974081727
1.919,230.99418533342757
1.9195,232.35106996005845
1.92,233.71226396405058
1.9205,235.08049286331848
1.921,236.45737124497754
1.9215,237.8431653645341
1.922,239.23669625711443
1.9225,240.6354044061979
1.923,242.03557275622242
1.9235,243.43268184549572
1.924,244.82185317223266
1.9245,246.19832708971342
1.925,247.5579200632847
1.9255,248.89741178995214
1.926,250.21482328401476
1.9265,251.50956029753218
1.927,252.78241067208637
1.9275,254.03539844976845
1.928,255.27151129500132
1.9285,256.49433042324097
1.929,257.70760277306414
1.9295,258.9148020960511
1.93,260.1187274057698
1.9305,261.3211828520969
1.931,262.52277279500987
1.9315,263.7228312621352
1.932,264.9194887103458
1.9325,266.1098638305487
1.933,267.29035595976876
1.9335,268.45700504092036
1.934,269.6058803950164
1.9345,270.7334560338341
1.935,271.8369289459852
1.9355,272.9144392769652
1.936,273.965159980436
1.9365,274.9892399739715
1.937,275.9876081820114
1.9375,276.9616718140501
1.938,277.91296402243495
1.9385000000000001,278.84280682348174
1.939,279.75205073314214
1.9395,280.6409335553253
1.94,281.5090724828302
1.9405000000000001,282.3555742492411
1.941,283.17922547664875
1.9415,283.97871472850284
1.942,284.75284002317824
1.9425000000000001,285.5006677401161
1.943,286.2216257680712
1.9435,286.9155300619189
1.944,287.5825556533056
1.9445000000000001,288.2231689989314
1.945,288.8380387971538
1.9455,289.4279388293633
1.946,289.9936512631968
1.9465000000000001,290.53587435048865
1.947,291.055136228756
1.9475,291.5517175092717
1.948,292.0255894579958
1.9485000000000001,292.47638065595174
1.949,292.90339074722306
1.9495,293.30567219223923
1.95,293.6821968828476
1.9505000000000001,294.0321123378135
1.951,294.3550726662931
1.9515,294.651606259163
1.952,294.92346158228213
1.9525000000000001,295.1738619014257
1.953,295.40760519914943
1.9535,295.63096876789103
1.954,295.85141506681765
1.9545000000000001,296.07713715891276
1.955,296.31651643735
1.9555,296.57758180805354
1.956,296.86755272603557
1.9565000000000001,297.1925206751575
1.957,297.55728395044804
1.9575,297.9653118570103
1.958,298.41878881599183
1.9585000000000001,298.9186834506799
1.959,299.4648021623508
1.9595,300.05581363064056
1.96,300.6892587589578
1.9605000000000001,301.3615789837195
1.961,302.0681982403698
1.9615,302.8036804470936
1.962,303.561961269539
1.9625000000000001,304.3366293802367
1.963,305.1212169494188
1.9635,305.90945642503226
1.964,306.69547040352523
1.9645000000000001,307.47387891641245
1.965,308.239827233553
1.9655,308.9889516550612
1.966,309.7173078557643
1.9665000000000001,310.4212864539973
1.967,311.0975360270159
1.9675,311.74290764181103
1.968,312.354428978648
1.9685000000000001,312.92931070790246
1.969,313.46498244323664
1.9695,313.95914998519305
1.97,314.40986031077216
1.9705000000000001,314.8155575039876
1.971,315.17511345681345
1.9715,315.48782268705787
1.972,315.75336024150823
1.9725000000000001,315.9717128042531
1.973,316.143102301873
1.9735,316.2679253866529
1.974,316.3467296637544
1.9745000000000001,316.3802389490964
1.975,316.3694274686403
1.9755,316.31562984637696
1.976,316.2206629785882
1.9765000000000001,316.08692972087727
1.977,315.9174740593608
1.9775,315.7159635718382
1.978,315.4865871455004
1.9785000000000001,315.2338727247209
1.979,314.96244864752543
1.9795,314.6767889229568
1.98,314.38099293384477
1.9805000000000001,314.07864943229976
1.981,313.7728214222111
1.9815,313.4661641086418
1.982,313.1611576876916
1.9825000000000002,312.8604080327701
1.983,312.5669493533816
1.9835,312.2844795822057
1.984,312.0174734334631
1.9845,311.77114682398565
1.985,311.5512826245725
1.9855,311.36396222446405
1.986,311.215270943508
1.9865,311.1110510275043
1.987,311.0567609462568
1.9875,311.0574661373852
1.988,311.1179415430249
1.9885,311.2428218820349
1.989,311.43670518642824
1.9895,311.70411066137314
1.99,312.0492194540597
1.9905,312.47538322257765
1.991,312.98445728502384
1.9915,313.5760823475064
1.992,314.2470800336714
1.9925,314.99112725603715
1.993,315.7988287676397
1.9935,316.65822510409845
1.994,317.55567477357675
1.9945,318.47696089656347
1.995,319.40841795311826
1.9955,320.33786958398156
1.996,321.2552154951291
1.9965,322.1525916200743
1.997,323.0241289131625
1.9975,323.8654249840131
1.998,324.6728966615562
1.9985,325.4431892768054
1.999,326.1727823565715
1.9995,326.85786532923856
2.0,327.4944807921886
2.0005,328.0788669927133
2.001,328.6078903581766
2.0015,329.07944973357814
2.0020000000000002,329.49275405001146
2.0025,329.848415002897
2.003,330.1483430682679
2.0035,330.39547658037253
2.004,330.5934012568197
2.0045,330.7459284205796
2.005,330.8566959877569
2.0055,330.92884183838424
2.0060000000000002,330.9647800813149
2.0065,330.9660917193739
2.007,330.9335253744262
2.0075,330.86709237657664
2.008,330.7662337246937
2.0085,330.63003356703416
2.009,330.4574540749567
2.0095,330.24756903865574
2.0100000000000002,329.999777428827
2.0105,329.71398284298635
2.011,329.3907295622685
2.0115,329.0312903643399
2.012,328.6377049229674
2.0125,328.21277045081183
2.013,327.75998830412243
2.0135,327.28347180308884
2.0140000000000002,326.7878217784962
2.0145,326.27797746755476
2.015,325.759051303561
2.0155,325.2361566839741
2.016,324.71423773977426
2.0165,324.19790935875017
2.017,323.691314333578
2.0175,323.1980028049949
2.0180000000000002,322.7208375328036
2.0185,322.2619272717147
2.019,321.8225897848087
2.0195,321.403345692053
2.02,321.00394414354145
2.0205,320.62342088524866
2.021,320.2601883752882
2.0215,319.91215609325064
2.0220000000000002,319.57687712633845
2.0225,319.2517147251588
2.023,318.9340201011
2.0235,318.62131062173535
2.024,318.31143607904164
2.0245,318.0027201515323
2.025,317.6940647898976
2.0255,317.38500716616375
2.0260000000000002,317.07572204230786
2.0265,316.7669667670829
2.027,316.45997124631094
2.0275,316.1562806371917
2.028,315.85756357301284
2.0285,315.5654027926705
2.029,315.28108756232587
2.0295,315.0054278234642
2.0300000000000002,314.73860839568573
2.0305,314.48009788279387
2.031,314.2286215305781
2.0315,313.9822007598148
2.032,313.7382552127415
2.0325,313.4937567323936
2.033,313.24541951064197
2.0335,312.989907295675
2.0340000000000003,312.72403740381264
2.0345,312.44496241830126
2.035,312.1503136916245
2.0355,311.8382956708591
2.036,311.50772602184804
2.0365,311.1580227977386
2.037,310.7891456976083
2.0375,310.40150306251684
2.0380000000000003,309.9958390900386
2.0385,309.5731165013426
2.039,309.1344085726009
2.0395,308.6808113741178
2.04,308.2133828393543
2.0405,307.7331106539761
2.041,307.2409066587135
2.0415,306.737622112683
2.0420000000000003,306.22407614681333
2.0425,305.7010891579785
2.043,305.16951360776386
2.0435,304.63025636393263
2.044,304.0842889322809
2.0445,303.53264424481347
2.045,302.97640074222267
2.0455,302.4166560755573
2.0460000000000003,301.8544937435449
2.0465,301.29094638354235
2.047,300.72695933596526
2.0475,300.1633576419687
2.048,299.6008189606419
2.0485,299.03985413606915
2.049,298.48079640296476
2.0495,297.9237995503509
2.05,297.3688447913281
2.0505,296.8157556176931
2.051,296.26421954749736
2.0515,295.7138153993442
2.052,295.1640445532153
2.0525,294.614364591707
2.053,294.0642237641771
2.0535,293.5130948773123
2.054,292.9605074723726
2.0545,292.4060774682364
2.055,291.84953378145224
2.0555,291.2907417209192
2.056,290.72972313669686
2.0565,290.1666733322534
2.057,289.6019746044823
2.0575,289.03620596968386
2.058,288.4701482230633
2.0585,287.9047830625326
2.059,287.3412847117891
2.0595,286.7810024347502
2.06,286.22543264905715
2.0605,285.6761800679345
2.061,285.13490839371286
2.0615,284.6032824317545
2.062,284.0829048954619
2.0625,283.5752523951063
2.063,283.0816159112212
2.0635,282.60305126087974
2.064,282.1403445707957
2.0645000000000002,281.69399657970285
2.065,281.26422781764967
2.0655,280.8510045591147
2.066,280.45408319144207
2.0665,280.07306857585036
2.067,279.7074803824427
2.0675,279.356820469767
2.068,279.020634274447
2.0685000000000002,278.6985598809777
2.069,278.3903598391689
2.0695,278.0959326691848
2.07,277.81530306237215
2.0705,277.5485917635144
2.071,277.2959677685645
2.0715,277.0575866446708
2.072,276.83351944056795
2.0725000000000002,276.6236768692379
2.073,276.42773333905393
2.0735,276.2450551265912
2.074,276.0746366328652
2.0745,275.9150482905127
2.075,275.7643992690347
2.0755,275.62031758601694
2.076,275.4799494904268
2.0765000000000002,275.33997898862873
2.077,275.1966671548681
2.0775,275.04590951747576
2.078,274.88330853907723
2.0785,274.70425726851136
2.079,274.50402988989725
2.0795,274.2778753198552
2.08,274.02111126413155
2.0805000000000002,273.7292181143814
2.081,273.39793441835695
2.0815,273.0233578857058
2.082,272.6020573769688
2.0825,272.13120144129266
2.083,271.6087072362152
2.0835,271.03340989683494
2.084,270.40524687083604
2.0845000000000002,269.72544514288586
2.085,268.99669281433654
2.0855,268.2232715926389
2.086,267.41112470548734
2.0865,266.5678364746847
2.087,265.702505440835
2.0875,264.8255019057386
2.088,263.9481117991185
2.0885000000000002,263.0820803265909
2.089,262.2390794640485
2.0895,261.43013197676567
2.09,260.6650306927323
2.0905,259.95179503611723
2.091,259.2962072166499
2.0915,52.60010594424636
2.092,52.405549004204204
2.0925000000000002,52.333931803461695
2.093,52.37450870810738
2.0935,52.511987360983916
2.094,52.72766629523957
2.0945,53.000773107384184
2.095,53.30987938290169
2.0955,53.63426586788942
2.096,53.95512282520112
2.0965000000000003,54.25649382445158
2.097,54.52590276812293
2.0975,54.75463935558532
2.098,54.937712923609936
2.0985,55.07351470659991
2.099,55.16325112450945
2.0995,55.21022416644834
2.1,55.219039078221506
2.1005000000000003,55.194815307286675
2.101,55.14246574646661
2.1015,55.066093948931716
2.102,54.96854150037374
2.1025,54.85110032216766
2.103,54.713389142800054
2.1035,54.55338093882587
2.104,54.36755936692495
2.1045000000000003,54.151177003621775
2.105,53.89858602012777
2.1055,53.60361195927812
2.106,53.259942795257615
2.1065,52.861507911387065
2.107,52.40282477218933
2.1075,51.87929484178885
2.108,51.287434709381124
2.1085000000000003,50.62503332459392
2.109,49.891231460564306
2.1095,49.08652463108926
2.11,48.21269530640109
2.1105,47.272684124829276
2.111,46.27041276652136
2.1115,45.21057323753125
2.112,44.09839952611393
2.1125,42.93943789146693
2.113,41.739331303681446
2.1135,40.50363164233496
2.114,39.237650169722656
2.1145,37.94635273906615
2.115,36.63430163997601
2.1155,35.30564153801583
2.116,33.9641232273784
2.1165,32.61315628012598
2.117,31.25588023587291
2.1175,29.895243552266184
2.118,28.53407982455474
2.1185,27.17517155324772
2.119,25.821292989241563
2.1195,24.475225547534425
2.12,23.139742258886432
2.1205,21.817561830604472
2.121,20.511277773778374
2.1215,19.223272865525594
2.122,17.955632758022816
2.1225,16.71007370521199
2.123,15.487897585850142
2.1235,14.289982961696024
2.124,13.116814990342052
2.1245,11.968551266237355
2.125,10.845116584790775
2.1255,9.746317897310199
2.126,8.671970878174973
2.1265,7.62203013167985
2.1270000000000002,6.596714461534696
2.1275,5.596615854633768
2.128,4.622776316791102
2.1285,3.6767122929519185
2.129,2.7603647748596627
2.1295,1.8759568496709995
2.13,1.02575075425983
2.1305,0.21171306577414495
2.1310000000000002,-0.5648829565191295
2.1315,-1.303868873622549
2.132,-2.0065429972308326
2.1325,-2.675915310402683
2.133,-3.3167771681647853
2.1335,-3.9355596958105292
2.134,-4.539975984290813
2.1345,-5.13847602946426
2.1350000000000002,-5.73957283538192
2.1355,-6.351117536454318
2.136,-6.979607862366658
2.1365,-7.629607905764524
2.137,-8.303340567918111
2.1375,-9.000491278265693
2.138,-9.718236902680273
2.1385,-10.45149076287374
2.1390000000000002,-11.1933356534572
2.1395,-11.935602464625893
2.14,-12.669542199155073
2.1405,-13.38653315601581
2.141,-14.078762592922802
2.1415,-14.739823825319185
2.142,-15.365176555937374
2.1425,-15.952431062311325
2.1430000000000002,-16.50143527997706
2.1435,-17.014165667543498
2.144,-17.494444490903906
2.1445,-17.947523944371813
2.145,-18.37958840643193
2.1455,-18.79722900019382
2.146,-19.206940315911925
2.1465,-19.614679804371903
2.1470000000000002,-20.025518519503937
2.1475,-20.443399738344645
2.148,-20.871010884632152
2.1485,-21.309764720664635
2.149,-21.759878049928357
2.1495,-22.220530142996886
2.15,-22.690078810281264
2.1505,-23.166309704677857
2.1510000000000002,-23.64669430017979
2.1515,-24.128634154563166
2.152,-24.6096732692924
2.1525,-25.087665930560192
2.153,-25.56089336545942
2.1535,-26.02812785307829
2.154,-26.488646862815198
2.1545,-26.942202163972144
2.1550000000000002,-27.38895005817387
2.1555,-27.82934970466724
2.156,-28.26403771167458
2.1565,-28.693689125368525
2.157,-29.11887738874958
2.1575,-29.539947885894023
2.158,-29.956920162730384
2.1585,-30.369431836710994
2.1590000000000003,-30.77673221786747
2.1595,-31.177726283999547
2.16,-31.571061240559715
2.1605,-31.955240319926446
2.161,-32.32874360655791
2.1615,-32.69013484777041
2.162,-33.03813681883816
2.1625,-33.37166516860599
2.1630000000000003,-33.689820166540024
2.1635,-33.99184525450402
2.164,-34.27706857586313
2.1645,-34.54484692017771
2.165,-34.79452977046232
2.1655,-35.02545439178554
2.166,-35.23697234333561
2.1665,-35.428495747803446
2.1670000000000003,-35.59954124662229
2.1675,-35.74974410880712
2.168,-35.87881698246178
2.1685,-35.98643809934225
2.169,-36.07207087492826
2.1695,-36.13473711686426
2.17,-36.17278450967489
2.1705,-36.183700829900694
2.1710000000000003,-36.16402904303976
2.1715,-36.10942787629043
2.172,-36.014902876006765
2.1725,-35.87520655996108
2.173,-35.685377579956295
2.1735,-35.44136287714977
2.174,-35.14064843566763
2.1745,-34.782817105328355
2.1750000000000003,-34.36995782278045
2.1755,-33.90686864815819
2.176,-33.40102303003398
2.1765,-32.86229942025626
2.177,-32.30250302584361
2.1775,-31.734730317396885
2.178,-31.172639265688137
2.1785,-30.62969103559699
2.179,-30.11842396249691
2.1795,-29.64981099055945
2.18,-29.232740135466727
2.1805,-28.873645798593156
2.181,-28.576307643681314
2.1815,-28.3418231675481
2.182,-28.16874968452565
2.1825,-28.053401038054986
2.183,-27.990274261964984
2.1835,-27.97257240983673
2.184,-27.9927828692741
2.1845,-28.0432666416192
2.185,-28.11681394865973
2.1855,-28.207125319775663
2.186,-28.309184727219304
2.1865,-28.419501668573393
2.187,-28.536211328266333
2.1875,-28.65903486790937
2.188,-28.789114186712755
2.1885,-28.928745868733508
2.189,-29.081046371502932
2.1895000000000002,-29.249584027092617
2.19,-29.43801283567854
2.1905,-29.649738637579482
2.191,-29.887640928810125
2.1915,-30.15386463901656
2.192,-30.44968709928937
2.1925,-30.775457559113626
2.193,-31.130600959224967
2.1935000000000002,-31.513674669685624
2.194,-31.922466393045525
2.1945,-32.35412272045784
2.195,-32.80529990168617
2.1955,-33.27233019052722
2.196,-33.75139784141455
2.1965,-34.238718118119934
2.197,-34.73071076102914
2.1975000000000002,-35.22415698508766
2.198,-35.71632727651965
2.1985,-36.20506702510009
2.199,-36.68882902168409
2.1995,-37.166646146354076
2.2,-37.63804362920452
2.2005,-38.10289706236686
2.201,-38.561248652142034
2.2015000000000002,-39.01309890560101
2.202,-39.45819329006346
2.2025,-39.89582312776798
2.203,-40.324657339829976
2.2035,-40.742617295071355
2.204,-41.14680187030624
2.2045,-41.53346487898919
2.205,-41.898043134001966
2.2055000000000002,-42.23523111548476
2.206,-42.53909758642999
2.2065,-42.80324009012167
2.207,-43.02097420228319
2.2075,-43.1855546483615
2.208,-43.29042406805829
2.2085,-43.32948200151511
2.209,-43.29736205915002
2.2095000000000002,-43.18970046915571
2.21,-43.003375982409445
2.2105,-42.73670106838695
2.211,-42.38954834940281
2.2115,-41.96340399600321
2.212,-41.461349759876654
2.2125,-40.88798494977032
2.213,-40.24930628470024
2.2135000000000002,-39.55256521705252
2.214,-38.80611844561131
2.2145,-38.019279061896526
2.215,-37.20216565193545
2.2155,-36.365537984311445
2.216,-35.52060366929217
2.2165,-34.67878218282947
2.217,-33.851420894066955
2.2175000000000002,-33.0494702857086
2.218,-32.283139092957725
2.2185,-31.561560868957354
2.219,-30.89250844200998
2.2195,-30.282190290719843
2.22,-29.735153274010035
2.2205,-29.254301262570365
2.221,-28.841021906401412
2.2215000000000003,-28.495397270039334
2.222,-28.216461349872972
2.2225,-28.00246082293348
2.223,-27.85107599956122
2.2235,-27.75956688112314
2.224,-27.724823228702977
2.2245,-27.743315328755063
2.225,-27.810960714506166
2.2255000000000003,-27.92293833944226
2.226,-28.07349288541158
2.2265,-28.255776166155307
2.227,-28.461769218210065
2.2275,-28.682318094994304
2.228,-28.907300125369066
2.2285,-29.12591788712346
2.229,-29.327098401973657
2.2295000000000003,-29.49995829837443
2.23,-29.634284788800688
2.2305,-29.72097921379284
2.231,-29.75241513464832
2.2315,-29.722675407277436
2.232,-29.6276498548018
2.2325,-29.464993842834346
2.233,-29.233965094485264
2.2335000000000003,-28.93516909916072
2.234,-28.570251267109512
2.2345,-28.141576473622365
2.235,-27.65193451120173
2.2355,-27.10430425241421
2.236,-26.50170104181045
2.2365,-25.847121832482774
2.237,-25.143591548862045
2.2375000000000003,-24.39430272110942
2.238,-23.60282928653416
2.2385,-22.773385407231924
2.239,-21.911092156404433
2.2395,-21.02220998835925
2.24,-20.11429399248355
2.2405,-19.196232808933324
2.241,-18.27814114715695
2.2415,-17.37108990547042
2.242,-16.486675967326384
2.2425,-15.636453998413435
2.243,-14.831272379438369
2.2435,-14.08057180783514
2.244,-13.391715364156829
2.2445,-12.769421141458473
2.245,-12.215362370375763
2.2455,-11.727986146585103
2.246,-11.302582108972766
2.2465,-10.931608824991812
2.247,-10.6052603043836
2.2475,-10.312230056455807
2.248,-10.040607759403924
2.2485,-9.778826724169402
2.249,-9.51657194256782
2.2495,-9.245561045010971
2.25,-8.960124678903739
2.2505,-8.657536889769798
2.251,-8.338075924182071
2.2515,-8.00482613348245
2.2520000000000002,-7.6632573999273115
2.2525,-7.3206365388564105
2.253,-6.985334491375509
2.2535,-6.666094669976604
2.254,-6.371323331190466
2.2545,-6.108454180703794
2.255,-5.883428066258606
2.2555,-5.700315713136069
2.2560000000000002,-5.561097974859169
2.2565,-5.465604991385892
2.257,-5.411603977495988
2.2575,-5.395015997410583
2.258,-5.410235603183647
2.2585,-5.450523777385773
2.259,-5.508443942403319
2.2595,-5.576312269241822
2.2600000000000002,-5.646636376328928
2.2605,-5.712520031008972
2.261,-5.768015132976004
2.2615,-5.80840584932228
2.262,-5.830413364027632
2.2625,-5.832313566306798
2.263,-5.813964387670874
2.2635,-5.7767444435781945
2.2640000000000002,-5.723409840584172
2.2645,-5.657880873634903
2.265,-5.5849741568065285
2.2655,-5.510097959201911
2.266,-5.438928972059994
2.2665,-5.377087638754563
2.267,-5.329827054158375
2.2675,-5.3017478853125
2.2680000000000002,-5.296549271628423
2.2685,-5.3168235051831605
2.269,-5.363900532970491
2.2695,-5.43774688096893
2.27,-5.536922320117893
2.2705,-5.6585962912893635
2.271,-5.7986245764683115
2.2715,-5.9516847403341595
2.2720000000000002,-6.111466311600926
2.2725,-6.270908503472698
2.273,-6.422474691266709
2.2735,-6.558449344746818
2.274,-6.671240336332823
2.2745,-6.753668246779074
2.275,-6.799225026102024
2.2755,-6.802287321309713
2.2760000000000002,-6.758274657273341
2.2765,-6.663748720946026
2.277,-6.516456256322408
2.2775,-6.315323503605445
2.278,-6.060413876694568
2.2785,-5.752862168758181
2.279,-5.39479789298088
2.2795,-4.989267652977002
2.2800000000000002,-4.540162236062077
2.2805,-4.052149180473536
2.281,-3.5306067468342746
2.2815,-2.9815513988133513
2.282,-2.4115488350994947
2.2825,-1.8275988401767254
2.283,-1.2369868906240487
2.2835,-0.6471002684347459
2.2840000000000003,-0.0652126443658691
2.2845,0.5017523791340749
2.285,1.0474626323333514
2.2855,1.5664038118725734
2.286,2.054070071412717
2.2865,2.5070996291945757
2.287,2.923340625183166
2.2875,3.3018388397396716
2.2880000000000003,3.642746478603828
2.2885,3.9471591698409845
2.289,4.216895748953019
2.2895,4.454241523417797
2.29,4.661679798134205
2.2905,4.841637958181737
2.291,4.996273036958717
2.2915,5.127317460277891
2.2920000000000003,5.235998931595811
2.2925,5.323039944002549
2.293,5.388733177933535
2.2935,5.433080217742201
2.294,5.455973723354331
2.2945,5.457398371699697
2.295,5.437624165726361
2.2955,5.397367319473115
2.2960000000000003,5.33789865246856
2.2965,5.261086646195513
2.297,5.169371086526081
2.2975,5.06567239167981
2.298,4.953250094767274
2.2985,4.835530387900562
2.299,4.7159262460920655
2.2995,4.597673897235548
2.3000000000000003,4.483706205121556
2.3005,4.376577292390623
2.301,4.278444315210531
2.3015,4.191102928327684
2.302,4.116064045352735
2.3025,4.054652372736099
2.303,4.008103001975158
2.3035,3.9776317835709047
2.3040000000000003,3.964458435924845
2.3045,3.9697679467608875
2.305,3.99460487805867
2.3055,4.039705401892797
2.306,4.105281834545058
2.3065,4.190782730634958
2.307,4.294657147948467
2.3075,4.414153809009005
2.308,4.54518436039472
2.3085,4.682275035420299
2.309,4.818623436935238
2.3095,4.946267837018922
2.31,5.056366433402319
2.3105,5.139574472440191
2.311,5.186498936554059
2.3115,5.188204220878987
2.312,5.136738201255852
2.3125,5.025646347647869
2.313,4.850441864188245
2.3135,4.609001903546508
2.314,4.30186332616255
2.3145000000000002,3.9323959039685907
2.315,3.5068360516875665
2.3155,3.0341700000098473
2.316,2.5258618606554926
2.3165,1.9954294668893195
2.317,1.4578794436963611
2.3175,0.9290227917027087
2.318,0.4247031487382135
2.3185000000000002,-0.040018927526817724
2.319,-0.4516722326468104
2.3195,-0.7991112954853313
2.32,-1.0741205994202545
2.3205,-1.2718295430519229
2.321,-1.39089393316921
2.3215,-1.4334196856795187
2.322,-1.4046289844327522
2.3225000000000002,-1.3122949794941074
2.323,-1.1659944106931799
2.3235,-0.9762450591578189
2.324,-0.7536045847605328
2.3245,-0.5078084692740485
2.325,-0.24701811390751235
2.3255,0.02276282146427772
2.326,0.2980630425748619
2.3265000000000002,0.5780880306655491
2.327,0.8646331556548827
2.3275,1.1617833725747178
2.328,1.4754338360914037
2.3285,1.8126785796547231
2.329,2.1811227150510186
2.3295,2.588176906839986
2.33,3.040391087073463
2.3305000000000002,3.5428778925026227
2.331,4.098865958626164
2.3315,4.709410146219837
2.332,5.373271326160132
2.3325,6.086963834310844
2.333,6.844955338976242
2.3335,7.639992649168987
2.334,8.46351869277123
2.3345000000000002,9.306140985855201
2.335,10.158110571108372
2.3355,11.009772501861994
2.336,11.851954112834065
2.3365,12.676264989673665
2.337,13.475292053991668
2.3375,14.242683780611532
2.338,14.973128469470417
2.3385000000000002,15.662241861933115
2.339,16.30638833328429
2.3395,16.90246653105613
2.34,17.44769389105358
2.3405,17.939424411799976
2.341,18.375030223274273
2.3415,18.75187010674139
2.342,19.067357924807894
2.3425000000000002,19.319132013069623
2.343,19.505314329788934
2.3435,19.62483698095232
2.344,19.677804906460675
2.3445,19.66585796629949
2.345,19.592493899156278
2.3455,19.46331568507999
2.346,19.28617240180589
2.3465000000000003,19.071171142374965
2.347,18.830548229710953
2.3475,18.578399979134684
2.348,18.33028564537784
2.3485,18.102726801861543
2.349,17.91263695614291
2.3495,17.776721435441228
2.35,17.71088947561875
2.3505000000000003,17.72971756728894
2.351,17.84599577013889
2.3515,18.070378011228684
2.352,18.411145057570554
2.3525,18.874076887357106
2.353,19.46242143034133
2.3535,20.176940466193887
2.354,21.016011497730194
2.3545000000000003,21.97576649277193
2.355,23.05025362208372
2.3555,24.23161507804076
2.356,25.510281044250352
2.3565,26.875185278116792
2.357,28.314010351218936
2.3575,29.81346982422856
2.358,31.35963076051955
2.3585000000000003,32.938273963809756
2.359,34.53528255860401
2.3595,36.13704347372387
2.36,37.730842178401524
2.3605,39.305229244519666
2.361,40.85033797076557
2.3615,42.35813498391847
2.362,43.82258983608364
2.3625000000000003,45.23975461204785
2.363,46.607750090113484
2.3635,47.9266608561139
2.364,49.19834777480471
2.3645,50.42619208375267
2.365,51.614790606596834
2.3655,52.76962553344677
2.366,53.896734194113826
2.3665000000000003,55.00240370513296
2.367,56.092912063802736
2.3675,57.17433135579224
2.368,58.25240080054236
2.3685,59.332468249942
2.369,60.41948952057831
2.3695,61.51806666230571
2.37,62.632499991279595
2.3705,63.7668254063577
2.371,64.92480899980481
2.3715,66.10987587638117
2.372,67.32495961372709
2.3725,68.57227248613825
2.373,69.85301311734811
2.3735,71.16704534162099
2.374,72.51259661708379
2.3745,73.88603281064731
2.375,75.28176530438934
2.3755,76.69233411784658
2.376,78.1086872736127
2.3765,79.52064508998022
2.3770000000000002,80.91750460611637
2.3775,82.288712001221
2.378,83.6245174127075
2.3785,84.9165316236978
2.379,86.15812701780301
2.3795,87.34465968451906
2.38,88.47352557121332
2.3805,89.54409083790584
2.3810000000000002,90.55754807908103
2.3815,91.51674423764061
2.382,92.42600674156385
2.3825,93.29096936138602
2.383,94.11837749775454
2.3835,94.91584170216814
2.384,95.69151247401653
2.3845,96.4536685583909
2.3850000000000002,97.21024045421967
2.3855,97.9683226964609
2.386,98.73375340079546
2.3865,99.5108491334189
2.387,100.3023719055043
2.3875,101.1097720342503
2.388,101.93370029505462
2.3885,102.77472527919468
2.3890000000000002,103.6341413104474
2.3895,104.51472346650834
2.39,105.42128970242517
2.3905,106.36096729348024
2.391,107.34312246242214
2.3915,108.37898062550181
2.392,109.48102098947437
2.3925,110.66225954107267
2.3930000000000002,111.93553486794627
2.3935,113.31288737808147
2.394,114.80508570366138
2.3945,116.42131650345661
2.395,118.16902460487937
2.3955,120.0538739142472
2.396,122.07979591675874
2.3965,124.24909908417713
2.3970000000000002,126.56262494878757
2.3975,129.01995077006183
2.398,131.61965114143825
2.3985,134.35963912943407
2.399,137.23761013520118
2.3995,140.25160781466127
2.4,143.4007206610282
2.4005,146.6859001022133
2.4010000000000002,150.11086657324438
2.4015,153.68304040407477
2.402,157.41440255687968
2.4025,161.32216117549032
2.403,165.4290798802446
2.4035,169.76331904603057
2.404,174.35765632150049
2.4045,179.24798840037423
2.4050000000000002,184.47107026603825
2.4055,190.06151720590168
2.406,196.04817693870828
2.4065,202.45007595111375
2.407,209.2722593245684
2.4075,216.50197596351614
2.408,260.25064374292685
2.4085,265.01429325582825
2.4090000000000003,269.8192699771699
2.4095,274.662729023547
2.41,279.54157348171753
2.4105,284.4524476226688
2.411,289.39173115346296
2.4115,294.3555346791819
2.412,299.33969655419395
2.4125,304.33978130616964
2.4130000000000003,309.3510798179731
2.4135,314.3686114512217
2.414,319.38712829005163
2.4145,324.4011216747114
2.415,329.4048311809015
2.4155,334.39225618244285
2.416,339.3571701113691
2.4165,344.29313750109134
2.4170000000000003,349.19353386414235
2.4175,354.0515684177605
2.418,358.86030962666524
2.4185,363.6127134852922
2.419,368.30165441087325
2.4195,372.9199585657894
2.42,377.46043937346167
2.4205,381.91593493834847
2.4210000000000003,386.27934702818834
2.4215,390.54368122837735
2.422,394.70208783417297
2.4225,398.74790300964764
2.423,402.6746897132256
2.4235,406.47627787026056
2.424,410.14680326428294
2.4245,413.68074462135263
2.4250000000000003,417.0729583762786
2.4255,420.3187106364534
2.426,423.41370589688387
2.4265,426.3541121093617
2.427,429.13658176735254
2.4275,431.7582687351275
2.428,434.2168406228237
2.4285,436.51048658658465
2.4290000000000003,438.63792051223453
2.4295,440.59837962018173
2.43,442.3916186058518
2.4305,444.0178995020793
2.431,445.4779775156566
2.4315,446.77308314788854
2.432,447.904900957767
2.4325,448.87554536475744
2.433,449.6875339163863
2.4335,450.34375846323496
2.434,450.84745469111084
2.4345,451.2021704575607
2.435,451.41173336837136
2.4355,451.4802180102639
2.436,451.41191322993365
2.4365,451.21128981802417
2.437,450.88296892102454
2.4375,450.4316914656123
2.438,449.8622888399085
2.4385,449.17965503557826
2.439,448.3887204146694
2.4395000000000002,447.4944272264782
2.44,446.50170696309897
2.4405,445.415459608446
2.441,444.24053480458656
2.4415,442.98171493165466
2.442,441.6437000734581
2.4425,440.231094820224
2.443,438.7483968426481
2.4435000000000002,437.1999871574811
2.444,435.59012199394607
2.4445,433.9229261622562
2.445,432.2023878200468
2.4455,430.43235452929923
2.446,428.61653049529065
2.4465,426.7584748794807
2.447,424.8616010804136
2.4475000000000002,422.9291768797755
2.448,420.9643253549386
2.4485,418.9700264640974
2.449,416.9491192156223
2.4495,414.9043043387701
2.45,412.8381473791025
2.4505,410.75308214772144
2.451,408.6514144596516
2.4515000000000002,406.5353261024473
2.452,404.4068789818928
2.4525,402.26801939705604
2.453,400.12058240231084
2.4535,397.9662962186104
2.454,395.80678666116
2.4545,393.643581554604
2.455,391.47811511100105
2.4555000000000002,389.3117322493031
2.456,387.14569283841206
2.4565,384.9811758487682
2.457,382.81928340025064
2.4575,380.6610446963422
2.458,378.5074198368663
2.4585,376.35930350333655
2.459,374.2175285126977
2.4595000000000002,372.0828692366847
2.46,369.9560448852485
2.4605,367.8377226536782
2.461,365.72852073389936
2.4615,363.62901119127963
2.462,361.5397227089204
2.4625,359.4611432019968
2.463,357.3937223050944
2.4635000000000002,355.33787373600774
2.464,353.29397753954316
2.4645,351.26238221530076
2.465,349.2434067334277
2.4655,347.2373424425089
2.466,345.2444548738046
2.4665,343.26498544609353
2.467,341.2991530753052
2.4675000000000002,339.3471556932342
2.468,337.40917167936544
2.4685,335.48536120996937
2.469,333.57586752839114
2.4695,331.6808181404173
2.47,329.80032593847324
2.4705,327.93449025829625
2.471,326.08339787154426
2.4715000000000003,324.24712391780355
2.472,322.4257327791287
2.4725,320.6192789003131
2.473,318.8278075578135
2.4735,317.05135558018844
2.474,315.28995202276667
2.4745,313.54361879910215
2.475,311.8123712717103
2.4755000000000003,310.0962188043943
2.476,308.3951652783883
2.4765,306.709209574417
2.477,305.03834602267983
2.4775,303.38256482260186
2.478,301.7418524342157
2.4785,300.1161919427661
2.479,298.5055633982091
2.4795000000000003,296.9099441310664
2.48,295.32930904608094
2.4805,293.7636308949697
2.481,292.21288052961154
2.4815,290.67702713675703
2.482,289.15603845548753
2.4825,287.6498809783769
2.483,286.15852013742165
2.4835000000000003,284.68192047562735
2.484,283.2200458051547
2.4845,281.7728593528076
2.485,280.34032389370634
2.4855,278.9224018737784
2.486,277.5190555218496
2.4865,276.13024695188255
2.487,274.75593825603124
2.4875000000000003,273.3960915890373
2.488,272.0506692445192
2.4885,270.7196337236125
2.489,269.40294779649105
2.4895,268.1005745571255
2.49,266.81247747175144
2.4905,265.53862042139525
2.491,264.27896773882566
2.4915000000000003,263.03348424027314
2.492,261.8021352522112
2.4925,260.5848866335222
2.493,259.38170479330216
2.4935,258.19255670457255
2.494,257.0174099141386
2.4945,255.85623254882947
2.495,254.70899331830563
2.4955000000000003,253.57566151468643
2.496,252.4562070091187
2.4965,251.3506002455173
2.497,250.2588122316123
2.4975,249.18081452746728
2.498,248.11657923161218
2.4985,247.06607896493546
2.499,246.029286852438
2.4995,245.00617650302067
2.5,243.99672198735277
2.5005,243.00089781400152
2.501,242.0186789038592
2.5015,241.05004056301445
2.5020000000000002,240.09495845413153
2.5025,239.15340856644266
2.503,238.22536718441148
2.5035,237.3108108551913
2.504,236.40971635490178
2.5045,235.52206065384107
2.505,234.64782088068148
2.5055,233.78697428572232
2.5060000000000002,232.93949820327316
2.5065,232.10537001321512
2.507,231.28456710182547
2.5075,230.47706682190952
2.508,229.68284645230986
2.5085,228.90188315684637
2.509,228.13415394275654
2.5095,227.3796356186713
2.5100000000000002,226.63830475222352
2.5105,225.91013762730003
2.511,225.19511020103323
2.5115,224.49319806056874
2.512,223.80437637967427
2.5125,223.128619875245
2.513,222.465902763769
2.5135,221.81619871779588
2.5140000000000002,221.17948082249615
2.5145,220.55572153233572
2.515,219.9448926279541
2.5155,219.34696517329053
2.516,218.7619094730258
2.5165,218.1896950303969
2.517,217.63029050545313
2.5175,217.08366367379952
2.5180000000000002,216.54978138591935
2.5185,216.0286095271031
2.519,215.52011297807542
2.5195,215.02425557636843
2.52,214.54100007850877
2.5205,214.07030812308318
2.521,213.61214019473852
2.5215,213.16645558918913
2.5220000000000002,212.73321237928468
2.5225,212.312367382204
2.523,211.90387612783448
2.5235,211.50769282839832
2.524,211.1237703493757
2.5245,210.75206018179838
2.525,210.39251241594894
2.5255,210.04507571653383
2.5260000000000002,209.70969729937505
2.5265,209.38632290967365
2.527,209.07489680188198
2.5275,208.77536172124644
2.528,208.4876588870389
2.5285,208.21172797753798
2.529,207.94750711677443
2.5295,207.6949328630856
2.5300000000000002,207.45394019949788
2.5305,207.2244625259661
2.531,207.0064316534801
2.5315,206.79977780006593
2.532,206.60442958867506
2.5325,206.42031404698398
2.533,206.2473566090879
2.5335,206.08548111909678
2.5340000000000003,205.93460983661498
2.5345,205.79466344409443
2.535,205.66556105603584
2.5355,205.54722023001625
2.536,205.43955697950867
2.5365,205.34248578845745
2.537,205.25591962756593
2.5375,205.17976997225037
2.5380000000000003,205.11394682220515
2.5385,205.05835872251996
2.539,205.0129127862877
2.5395,204.97751471863202
2.54,204.95206884208142
2.5405,204.93647812321154
2.541,204.93064420047364
2.5415,204.9344674131192
2.5420000000000003,204.94784683113454
2.5425,204.97068028608555
2.543,205.00286440277839
2.5435,205.04429463163268
2.544,205.0948652816649
2.5445,205.15446955397556
2.545,205.22299957563197
2.5455,205.30034643383843
2.5460000000000003,205.386400210281
2.5465,205.4810500155404
2.547,205.58418402345643
2.5475,205.69568950533758
2.548,205.8154528639036
2.5485,205.94335966685256
2.549,206.07929467994524
2.5495,206.2231418995032
2.5500000000000003,206.3747845842143
2.5505,206.53410528615166
2.551,206.70098588090517
2.5515,206.875307596737
2.552,207.05695104267159
2.5525,207.2457962354366
2.553,207.4417226251801
2.5535,207.64460911988823
2.5540000000000003,207.85433410843768
2.5545,208.07077548222375
2.555,208.2938106553092
2.5555,208.52331658304496
2.556,208.759169779128
2.5565,209.00124633105412
2.557,209.24942191394967
2.5575,209.50357180275788
2.5580000000000003,209.76357088277135
2.5585,210.02929365850693
2.559,210.30061426093422
2.5595,210.577406453059
2.56,210.8595436338989
2.5605,211.14689884086437
2.561,211.43934475059717
2.5615,211.7367536783018
2.562,212.03899757562718
2.5625,212.34594802716077
2.563,212.65747624560137
2.5635,212.97345306568852
2.564,213.2937489369766
2.5645000000000002,213.61823391553395
2.565,213.94677765467904
2.5655,214.27924939484865
2.566,214.6155179527137
2.5665,214.95545170966219
2.567,215.2989185997684
2.5675,215.6457860973862
2.568,215.99592120449373
2.5685000000000002,216.34919043793573
2.569,216.7054598167066
2.5695,217.06459484942596
2.57,217.42646052215682
2.5705,217.79092128673477
2.571,218.15784104975236
2.5715,218.5270831623827
2.572,218.89851041119525
2.5725000000000002,219.27198501014
2.573,219.6473685938671
2.5735,220.02452221256385
2.574,220.4033063284648
2.5745,220.7835808142332
2.575,221.16520495336155
2.5755,221.54803744278908
2.576,221.9319363978903
2.5765000000000002,222.31675936001628
2.577,222.70236330675073
2.5775,223.08860466505766
2.578,223.47533932746578
2.5785,223.86242267147236
2.579,224.2497095822981
2.5795,224.63705447916342
2.58,225.02431134521686
2.5805000000000002,225.4113337612617
2.581,225.79797494340744
2.5815,226.18408778477857
2.582,226.56952490138596
2.5825,226.95413868227797
2.583,227.33778134406379
2.5835,227.72030498990006
2.584,228.101561673017
2.5845000000000002,228.48140346484806
2.585,228.85968252782305
2.5855,229.23625119285768
2.586,229.61096204157388
2.5865,229.98366799326078
2.587,230.3542223965782
2.5875,230.72247912598206
2.588,231.0882926828494
2.5885000000000002,231.4515183012383
2.589,231.8120120582372
2.5895,232.16963098880555
2.59,232.5242332050135
2.5905,232.87567801956052
2.591,233.2238260734373
2.5915,233.56853946757164
2.592,233.909681898295
2.5925000000000002,234.2471187964192
2.593,234.58071746973172
2.5935,234.91034724866282
2.594,235.2358796348836
2.5945,235.55718845256396
2.595,235.87415000200573
2.5955,236.1866432153437
2.596,236.4945498140013
2.5965000000000003,236.79775446754928
2.597,237.09614495362956
2.5975,237.38961231856211
2.598,237.67805103825893
2.5985,237.96135917904616
2.599,238.239438557985
2.5995,238.5121949022766
2.6,238.77953800731487
2.6005000000000003,239.0413818929577
2.601,239.29764495756814
2.6015,239.54825012938022
2.602,239.7931250147347
2.6025,240.03220204273816
2.603,240.26541860588065
2.6035,240.49271719617664
2.604,240.71404553636808
2.6045000000000003,240.92935670575895
2.605,241.13860926024125
2.6055,241.34176734609773
2.606,241.5388008071581
2.6065,241.72968528492564
2.607,241.91440231127774
2.6075,242.09293939338926
2.608,242.2652900905234
2.6085000000000003,242.43145408237234
2.609,242.5914372286432
2.6095,242.74525161961571
2.61,242.89291561741513
2.6105,243.0344538877839
2.611,243.16989742214864
2.6115,243.29928354982326
2.612,243.4226559402081
2.6125000000000003,243.5400645948832
2.613,243.65156582952127
2.6135,243.7572222455833
2.614,243.8571026917865
2.6145,243.95128221537172
2.615,244.0398420032287
2.6155,244.12286931296958
2.616,244.20045739407453
2.6165000000000003,244.27270539926403
2.617,244.3397182862843
2.6175,244.40160671032174
2.618,244.45848690729147
2.6185,244.51048056827443
2.619,244.55771470540066
2.6195,244.60032150950695
2.62,244.63843819991516
2.6205000000000003,244.67220686670316
2.621,244.7017743058597
2.6215,244.72729184773203
2.622,244.74891517919264
2.6225,244.76680415996628
2.623,244.78112263356877
2.6235,244.79203823332273
2.624,244.79972218392183
2.6245,244.80434909902087
2.625,244.80609677533573
2.6255,244.80514598373748
2.626,244.80168025782552
2.6265,244.79588568046432
2.6270000000000002,244.78795066876225
2.6275,244.7780657579686
2.628,244.76642338475565
2.6285,244.7532176703437
2.629,244.73864420391868
2.6295,244.7228998267784
2.63,244.70618241762963
2.6305,244.68869067944635
2.6310000000000002,244.67062392828132
2.6315,244.65218188440736
2.632,244.63356446614813
2.6325,244.61497158673822
2.633,244.59660295453364
2.6335,244.5786578768757
2.634,244.5613350678893
2.6345,244.54483246047675
2.6350000000000002,244.52934702274865
2.6355,244.5150745791112
2.636,244.50220963620873
2.6365,244.49094521390143
2.637,244.48147268143427
2.6375,244.473981598936
2.638,244.46865956436554
2.6385,244.46569206600375
2.6390000000000002,244.46526234056995
2.6395,244.46755123702283
2.64,244.47273708608955
2.6405,244.48099557554724
2.641,244.49249963126536
2.6415,244.50741930400252
2.642,244.52592166193423
2.6425,244.54817068887527
2.6430000000000002,244.5743271881458
2.6435,244.60454869201757
2.644,244.6389893766661
2.6445,244.67779998253988
2.645,244.72112774005322
2.6455,244.76911630049173
2.646,244.82190567201982
2.6465,244.87963216066342
2.6470000000000002,244.94242831613917
2.6475,245.01042288239276
2.648,245.08374075270396
2.6485,245.16250292920975
2.649,245.24682648669517
2.6495,245.3368245404939
2.65,245.43260621834213
2.6505,245.534276636022
2.6510000000000002,245.6419368766332
2.6515,245.75568397332646
2.652,245.87561089533546
2.6525,246.00180653713696
2.653,246.1343557105794
2.6535,246.27333913980652
2.654,246.41883345881823
2.6545,246.57091121149975
2.6550000000000002,246.7296408539584
2.6555,246.89508675900703
2.656,247.0673092226366
2.6565,247.24636447231575
2.657,247.4323046769718
2.6575,247.62517795848987
2.658,247.82502840459276
2.6585,248.03189608294431
2.6590000000000003,248.24581705634054
2.6595,248.46682339884129
2.66,248.69494321271122
2.6605,248.93020064602953
2.661,249.1726159108399
2.6615,249.42220530171272
2.662,249.6789812145916
2.6625,249.94295216580585
2.6630000000000003,250.21412281112464
2.6635,250.49249396474377
2.664,250.77806261808556
2.6645,251.0708219583058
2.665,251.3707613864006
2.6655,251.67786653480763
2.666,251.99211928440135
2.6665,252.3134977807893
2.6670000000000003,252.64197644980027
2.6675,252.97752601209115
2.668,253.32011349676546
2.6685,253.6697022539259
2.669,254.0262519660748
2.6695,254.3897186582779
2.67,254.76005470701392
2.6705,255.1372088476382
2.6710000000000003,255.5211261803719
2.6715,255.91174817476428
2.672,256.3090126725434
2.6725,256.7128538887956
2.673,257.12320241141026
2.6735,257.53998519872545
2.674,257.9631255753163
2.6745,258.392543225876
2.6750000000000003,258.8281541871252
2.6755,259.2698708377104
2.676,259.71760188603747
2.6765,260.17125235599866
2.677,260.6307235705518
2.6775,261.0959131331123
2.678,261.56671490672886
2.6785,262.04301899100585
2.6790000000000003,262.5247116967508
2.6795,263.01167551831963
2.68,263.50378910365396
2.6805,264.00092722197206
2.681,264.50296072913955
2.6815,265.0097565306781
2.682,265.52117754244864
2.6825,266.03708264899143
2.6830000000000003,266.5573266595499
2.6835,267.0817602617902
2.684,267.610229973257
2.6845,268.14257809057386
2.685,268.67864263646345
2.6855,269.21825730460085
2.686,269.76125140239236
2.6865,270.30744979171726
2.6870000000000003,270.85667282772846
2.6875,271.4087362957852
2.688,271.963451346629
2.6885,272.52062442988506
2.689,273.08005722603934
2.6895000000000002,273.6415465769939
2.69,274.2048844153595
2.6905,274.7698576926363
2.691,275.3362483064507
2.6915,275.90383302703736
2.692,276.47238342315524
2.6925,277.04166578766643
2.693,277.61144106299
2.6935000000000002,278.18146476669085
2.694,278.7514869174552
2.6945,279.32125196175065
2.695,279.89049870144055
2.6955,280.4589602227062
2.696,281.02636382657533
2.6965,281.592430961445
2.697,282.15687715795104
2.6975000000000002,282.7194119665898
2.698,283.2797388985025
2.6985,283.83755536987036
2.699,284.3925526503499
2.6995,284.9444158160653
2.7,285.49282370761256
2.7005,286.03744889363196
2.701,286.5779576404629
2.7015000000000002,287.1140098884517
2.702,287.64525923548393
2.7025,288.1713529283531
2.703,288.69193186255524
2.7035,289.20663059117703
2.704,289.71507734349046
2.7045,290.2168940539515
2.705,290.7116964022555
2.7055000000000002,291.19909386515496
2.706,291.6786897807295
2.7065,292.15008142582616
2.707,292.61286010737405
2.7075,293.0666112682968
2.708,293.510914608738
2.7085,293.94534422331594
2.709,294.36946875511643
2.7095000000000002,294.7828515671216
2.71,295.18505093176896
2.7105,295.5756202393013
2.711,295.95410822556227
2.7115,296.32005921985984
2.712,296.67301341348815
2.7125,297.01250714946406
2.713,297.33807323400123
2.7135000000000002,297.64924127017605
2.714,297.94553801422285
2.7145,298.2264877548016
2.715,298.4916127155471
2.7155,298.7404334811182
2.716,298.9724694469082
2.7165,299.1872392924775
2.717,299.3842614787043
2.7175000000000002,299.56305476852935
2.718,299.7231387711005
2.7185,299.86403450899286
2.719,299.98526500808805
2.7195,300.0863559095719
2.72,300.1668361033929
2.7205,300.22623838240025
2.721,300.26410011625524
2.7215000000000003,300.27996394406915
2.722,300.27337848460434
2.7225,300.2438990627229
2.723,300.19108845064414
2.7235,300.1145176224295
2.724,300.0137665199814
2.7245,299.88842482870734
2.725,299.73809276087206
2.7255000000000003,299.56238184453144
2.726,299.3609157158243
2.7265,299.1333309122756
2.727,298.8792776646674
2.7275,298.5984206849199
2.728,298.2904399473528
2.7285,297.95503146059656
2.729,297.59190802737714
2.7295000000000003,297.20079998932624
2.73,296.78145595394443
2.7305,296.33364350079495
2.731,295.8571498640362
2.7315,295.3517825883543
2.732,294.81737015544013
2.7325,294.2537625781412
2.733,293.6608319595229
2.7335000000000003,293.038473014124
2.734,292.38660354880597
2.7345,291.7051649006832
2.735,290.9941223298058
2.7355,290.25346536434444
2.736,289.4832080962659
2.7365,288.6833894256208
2.737,287.8540732517885
2.7375000000000003,286.99534861022715
2.738,286.1073297535105
2.7385,285.19015617565134
2.739,284.24399257898614
2.7395,283.2690287831236
2.74,282.2654795757306
2.7405,281.23358450520374
2.741,280.17360761550316
2.7415000000000003,279.0858371237696
2.742,277.97058504150215
2.7425,276.828186740444
2.743,275.6590004645048
2.7435,274.46340678933046
2.744,273.24180803135795
2.7445,271.99462760843494
2.745,270.722309354254
2.7455000000000003,269.42531678914105
2.746,268.1041323497931
2.7465,266.7592565808527
2.747,265.39120729126813
2.7475,264.00051867855484
2.748,262.58774042417133
2.7485,261.1534367633231
2.749,259.698185532531
2.7495000000000003,258.2225771984455
2.75,256.72721387126927
2.7505,255.21270830630107
2.751,253.67968289699732
2.7515,252.12876866296088
2.7520000000000002,250.56060423619672
2.7525,248.97583484891865
2.753,247.37511132606593
2.7535,245.75908908564628
2.754,244.1284271498446
2.7545,242.48378716973914
2.755,240.82583246631668
2.7555,239.15522709032354
2.7560000000000002,237.47263490334063
2.7565,235.77871868226558
2.757,234.0741392492748
2.7575,232.35955462909493
2.758,230.63561923527325
2.7585,228.90298308693542
2.759,227.1622910573595
2.7595,225.4141821554491
2.7600000000000002,223.65928884114263
2.7605,221.89823637543134
2.761,220.13164220567336
2.7615,218.3601153865966
2.762,216.58425603728233
2.7625,214.8046548342488
2.763,213.02189254062674
2.7635,211.23653957122085
2.7640000000000002,209.4491555932508
2.7645,207.66028916225608
2.765,205.8704773927246
2.7655,204.08024566277078
2.766,202.29010735215354
2.7665,200.50056361282248
2.767,198.71210317111755
2.7675,196.92520216063875
2.7680000000000002,195.14032398481416
2.7685,193.35791920807193
2.769,191.57842547452304
2.7695,189.80226745301127
2.77,188.02985680736106
2.7705,186.2615921906461
2.771,184.4978592622468
2.7715,182.73903072652732
2.7720000000000002,180.98546639188962
2.7725,179.23751324902227
2.773,177.49550556710233
2.7735,175.75976500684675
2.774,174.03060074913574
2.7745,172.30830963818354
2.775,170.59317633802377
2.7755,168.88547350130014
2.7760000000000002,167.1854619492516
2.7765,165.4933908618919
2.777,163.80949797733973
2.7775,162.1340097994221
2.778,160.46714181251633
2.7785,158.80909870286465
2.779,157.16007458540508
2.7795,155.52025323539075
2.7800000000000002,153.88980832398553
2.7805,152.26890365713237
2.781,150.65769341696176
2.7815,149.0563224051642
2.782,147.46492628762135
2.7825,145.88363183979502
2.783,144.31255719229466
2.7835,142.75181207613358
2.7840000000000003,141.20149806720153
2.7845,139.66170882953006
2.785,138.13253035692324
2.7855,136.61404121261944
2.786,135.10631276661795
2.7865,133.60940943037033
2.787,132.12338888856473
2.7875,130.6483023277101
2.7880000000000003,129.18419466136257
2.7885,127.73110475170212
2.789,126.2890656273484
2.7895,124.85810469721902
2.79,123.43824396030064
2.7905,122.0295002112132
2.791,120.63188524147371
2.7915,119.24540603634209
2.7920000000000003,117.87006496724628
2.7925,116.50585997965302
2.793,115.15278477641125
2.7935,113.81082899650609
2.794,112.47997838922268
2.7945,111.16021498371057
2.795,109.85151725397071
2.7955,108.55386027924507
2.7960000000000003,107.26721589989913
2.7965,105.99155286875366
2.797,104.72683699796931
2.7975,103.4730313014976
2.798,102.23009613316172
2.7985,100.99798932042354
2.799,99.77666629390725
2.7995,98.56608021272639
2.8000000000000003,97.36618208571333
2.8005,96.17692088860336
2.801,94.99824367725896
2.8015,93.83009569701913
2.802,92.67242048822737
2.8025,91.52515998807507
2.803,90.38825462877678
2.8035,89.2616434322187
2.8040000000000003,88.14526410113373
2.8045,87.03905310690786
2.805,85.9429457740755
2.8055,84.85687636164228
2.806,83.78077814124963
2.8065,82.71458347234449
2.807,81.65822387436822
2.8075,80.61163009610054
2.8080000000000003,79.57473218221409
2.8085,78.54745953713851
2.809,77.52974098628799
2.8095,76.52150483478269
2.81,75.522678923675
2.8105,74.5331906838313
2.811,73.55296718747866
2.8115,72.58193519754023
2.8120000000000003,71.62002121480543
2.8125,70.66715152302326
2.813,69.72325223196205
2.8135,68.78824931855083
2.814,67.86206866611333
2.8145000000000002,66.94463610180478
2.815,66.03587743229154
2.8155,65.13571847774354
2.816,64.24408510419723
2.8165,63.36090325434904
2.817,62.48609897684095
2.8175,61.619598454079
2.818,60.76132802865918
2.8185000000000002,59.91121422843694
2.819,59.06918379030374
2.8195,58.23516368269789
2.82,57.40908112693821
2.8205,56.590863617371646
2.821,55.78043894043961
2.8215,54.977735192651686
2.822,54.18268079754924
2.8225000000000002,53.39520452167744
2.823,52.61523548961831
2.8235,51.8427031981019
2.824,51.07753752927045
2.8245,50.31966876307987
2.825,49.56902758892792
2.8255,48.82554511649238
2.826,48.0891528858474
2.8265000000000002,47.359782876869566
2.827,46.6373675179751
2.8275,
2.828,
2.8285,
2.829,
2.8295,
2.83,
2.8305000000000002,
2.831,
2.8315,
2.832,
2.8325,
2.833,
2.8335,
2.834,
2.8345000000000002,
2.835,
2.8355,
2.836,
2.8365,
2.837,
2.8375,
2.838,
2.8385000000000002,
2.839,
2.8395,
2.84,
2.8405,
2.841,
2.8415,
2.842,
2.8425000000000002,
2.843,
2.8435,
2.844,
2.8445,
2.845,
2.8455,
2.846,
2.8465000000000003,
2.847,
2.8475,
2.848,
2.8485,
2.849,
2.8495,
2.85,
2.8505000000000003,
2.851,
2.8515,
2.852,
2.8525,
2.853,
2.8535,
2.854,
2.8545000000000003,
2.855,
2.8555,
2.856,
2.8565,
2.857,
2.8575,
2.858,
2.8585000000000003,
2.859,
2.8595,
2.86,
2.8605,
2.861,
2.8615,
2.862,
2.8625000000000003,
2.863,
2.8635,
2.864,
2.8645,
2.865,
2.8655,
2.866,
2.8665000000000003,
2.867,
2.8675,
2.868,
2.8685,
2.869,
2.8695,
2.87,
2.8705000000000003,
2.871,
2.8715,
2.872,
2.8725,
2.873,
2.8735,
2.874,
2.8745000000000003,
2.875,
2.8755,
2.876,
2.8765,
2.8770000000000002,
2.8775,
2.878,
2.8785000000000003,
2.879,
2.8795,
2.88,
2.8805,
2.8810000000000002,
2.8815,
2.882,
2.8825,
2.883,
2.8835,
2.884,
2.8845,
2.8850000000000002,
2.8855,
2.886,
2.8865,
2.887,
2.8875,
2.888,
2.8885,
2.8890000000000002,
2.8895,
2.89,
2.8905,
2.891,
2.8915,
2.892,
2.8925,
2.8930000000000002,
2.8935,
2.894,
2.8945,
2.895,
2.8955,
2.896,
2.8965,
2.8970000000000002,
2.8975,
2.898,
2.8985,
2.899,
2.8995,
2.9,
2.9005,
2.9010000000000002,
2.9015,
2.902,
2.9025,
2.903,
2.9035,
2.904,
2.9045,
2.9050000000000002,
2.9055,
2.906,
2.9065,
2.907,
2.9075,
2.908,
2.9085,
2.9090000000000003,
2.9095,
2.91,
2.9105,
2.911,
2.9115,
2.912,
2.9125,
2.9130000000000003,
2.9135,
2.914,
2.9145,
2.915,
2.9155,
2.916,
2.9165,
2.9170000000000003,
2.9175,
2.918,
2.9185,
2.919,
2.9195,
2.92,
2.9205,
2.9210000000000003,
2.9215,
2.922,
2.9225,
2.923,
2.9235,
2.924,
2.9245,
2.9250000000000003,
2.9255,
2.926,
2.9265,
2.927,
2.9275,
2.928,
2.9285,
2.9290000000000003,
2.9295,
2.93,
2.9305,
2.931,
2.9315,
2.932,
2.9325,
2.9330000000000003,
2.9335,
2.934,
2.9345,
2.935,
2.9355,
2.936,
2.9365,
2.9370000000000003,
2.9375,
2.938,
2.9385,
2.939,
2.9395000000000002,
2.94,
2.9405,
2.9410000000000003,
2.9415,
2.942,
2.9425,
2.943,
2.9435000000000002,
2.944,
2.9445,
2.945,
2.9455,
2.946,
2.9465,
2.947,
2.9475000000000002,
2.948,
2.9485,
2.949,
2.9495,
2.95,
2.9505,
2.951,
2.9515000000000002,
2.952,
2.9525,
2.953,
2.9535,
2.954,
2.9545,
2.955,
2.9555000000000002,
2.956,
2.9565,
2.957,
2.9575,
2.958,
2.9585,
2.959,
2.9595000000000002,
2.96,
2.9605,
2.961,
2.9615,
2.962,
2.9625,
2.963,
2.9635000000000002,
2.964,
2.9645,
2.965,
2.9655,
2.966,
2.9665,
2.967,
2.9675000000000002,
2.968,
2.9685,
2.969,
2.9695,
2.97,
2.9705,
2.971,
2.9715000000000003,
2.972,
2.9725,
2.973,
2.9735,
2.974,
2.9745,
2.975,
2.9755000000000003,
2.976,
2.9765,
2.977,
2.9775,
2.978,
2.9785,
2.979,
2.9795000000000003,
2.98,
2.9805,
2.981,
2.9815,
2.982,
2.9825,
2.983,
2.9835000000000003,
2.984,
2.9845,
2.985,
2.9855,
2.986,
2.9865,
2.987,
2.9875000000000003,
2.988,
2.9885,
2.989,
2.9895,
2.99,
2.9905,
2.991,
2.9915000000000003,
2.992,
2.9925,
2.993,
2.9935,
2.994,
2.9945,
2.995,
2.9955000000000003,
2.996,
2.9965,
2.997,
2.9975,
2.998,
2.9985,
2.999,
2.9995000000000003,
3.0,
