source_id,ra,dec,rmse,t_ds,gamma,M_G,snr3,snr4,gvar,ruwe,extra_ok,snr_ok,r_med_geo,w1mpro,w2mpro,w3mpro,w4mpro
3714808649869917056,204.28078383014304,5.304495266179832,0.05631246968972946,130.50847457627117,0.24823268762177775,10.963664904215827,3.705460750853243,6.3122093023255825,0.8494704851848083,1.0445807,True,True,278.74316,14.306,14.134,12.0,8.059
1103275603974752000,103.93188556768705,68.58098509793189,0.0621465031877623,140.67796610169492,0.1,13.029040737558336,9.047500000000001,7.385714285714287,1.055442782217308,1.0018572,True,True,73.40321,12.811,12.598,11.331,7.893
1150260106649066752,116.31371586721691,85.28225811932118,0.1388199047928159,120.33898305084746,0.1,8.73435399851941,10.644117647058826,10.644117647058826,0.7744536967891065,0.9947417,True,True,234.9589,12.279,12.221,11.093,7.501
1150288006756417792,116.36388198148278,85.4372040076356,0.1478562904413316,130.50847457627117,0.1,9.818479606195446,4.413414634146342,4.1125,0.8710213032226544,1.0624998,True,True,267.86667,13.511,13.332,12.035,8.58
6588511275520335872,328.3505355715452,-34.55513927096542,0.10781164969897618,120.33898305084746,0.1,8.322171258940099,7.755,7.755,0.7118726525532652,1.0358096,True,True,263.1352,12.359,12.299,11.052,7.303
2963935700951142528,85.83534424431315,-23.10765860656893,0.15294734667923596,161.01694915254237,0.11636163857357301,11.321477272446549,5.62538860103627,4.360240963855422,0.9895950538264041,1.0322512,True,True,205.90237,13.602,13.413,11.616,8.439
5088569744976851200,56.67009942736253,-21.216238526310487,0.16470993972954814,161.01694915254237,0.1,10.600619452185633,7.924817518248175,4.051119402985075,0.9366469402196956,0.96968645,True,True,227.08064,13.383,13.212,11.364,8.582
2977470860885662464,71.7205964186912,-20.28011208202892,0.1841814131025211,100.0,0.1,8.591877283049309,4.486363636363637,5.170000000000001,0.7072078524530719,1.0040405,True,True,242.99657,12.29,12.225,11.947,8.038
4897285130111847808,65.77915761650446,-23.385611177469865,0.11581175351755565,100.0,0.12552052364172658,10.509847700240485,4.395546558704454,9.123529411764707,0.8413726423084006,1.0001119,True,True,138.94402,12.651,12.432,11.969,7.601
2966861943769527680,85.92874878991987,-19.8604567277024,0.09562596207917438,161.01694915254237,0.1,11.207886664697696,7.385714285714287,3.9336956521739133,0.9110793476137178,1.0003827,True,True,169.10197,13.319,13.097,11.31,8.371
2568406557725395712,26.92295216405343,7.0666442368080205,0.12641446134433348,161.01694915254237,0.2888476227919195,12.420568024996907,5.2960975609756105,4.274409448818898,0.8942056327895704,1.0511642,True,True,230.01682,14.961,14.629,11.684,8.413
21485423574915456,40.21649295724785,8.999184344987995,0.18207798640140557,130.50847457627117,0.1,10.210905673266543,5.744444444444445,4.63974358974359,0.9903756560586731,0.96252644,True,True,195.61487,12.864,12.732,11.37,8.216
3445667887230884608,80.90654473417949,29.05911076792447,0.15946278766352018,161.01694915254237,0.21332862845930578,12.13836805042368,4.25764705882353,3.571381578947369,1.163544016609582,1.0371084,True,True,228.00732,14.244,14.113,11.58,8.263
111132759821159424,49.55821650132807,24.631530397419255,0.19620943362713597,150.84745762711864,0.1,10.709759008800422,7.983088235294118,3.809473684210527,1.3425351956664588,0.95588654,True,True,158.04858,12.702,12.508,10.892,8.099
731982617603542272,166.60715407287688,28.16413964309472,0.0805856596322121,130.50847457627117,0.2888476227919195,10.666755606986069,3.7437931034482763,8.10223880597015,0.743296315630583,1.028161,True,True,260.39886,14.145,13.993,11.687,7.431
4007971606982704384,179.76277130595707,28.649567057056007,0.17400744984301428,140.67796610169492,0.1,11.050899161512046,4.980275229357798,3.513592233009709,0.9688335864633241,1.0691088,True,True,165.02463,13.044,12.868,11.474,8.43
4284325333426683264,277.79215018660074,5.224151553605774,0.11947175866932284,171.18644067796612,0.11636163857357301,10.219640096563431,6.4625,4.377822580645161,0.823070020812813,1.0591265,True,True,297.0927,13.695,13.585,11.337,8.269
4285917357532106112,283.7751070033705,7.022623098901486,0.1878032632196464,181.35593220338984,0.1,9.866907469786229,5.4285000000000005,3.730927835051547,0.9135384402815704,1.0553397,True,True,249.74782,12.951,13.013,10.682,8.331
4283906518264482176,279.1356135487931,5.264281791134961,0.16121983921619895,161.01694915254237,0.1,11.873680720918436,10.340000000000002,3.559672131147541,0.947176981707866,0.89275247,True,True,127.975624,13.112,12.985,11.071,8.457
4307140195391540608,287.0199372615826,7.409472885843177,0.14583455476901916,191.52542372881356,0.1,8.806574676176798,7.755,6.349122807017544,0.7850211076177722,1.0563278,True,True,277.67288,12.549,12.853,9.843,7.228
1749828603342680960,313.3072737723841,8.27922716738148,0.1497266564168259,140.67796610169492,0.16995517726504228,10.342447628184669,4.846875000000001,4.7,1.0079689895632018,0.94555724,True,True,293.78125,13.763,13.565,11.646,7.986
5260353215452793984,96.01276424992233,-77.25761060075799,0.1688167281889625,120.33898305084746,0.1,11.150035006441676,5.775,5.09718309859155,0.8944326124261655,0.93212694,True,True,165.33302,13.354,13.155,12.108,8.713
5211883886745079808,90.51489827303652,-79.02177672792696,0.13550074498703898,110.16949152542372,0.1,10.848598466976261,3.8913978494623658,3.948,1.0078916295657945,0.9708713,True,True,209.09888,13.637,13.462,12.536,8.947
5282908184679640576,95.2971518543644,-68.06870504500156,0.0826464910772777,150.84745762711864,0.21332862845930578,10.238025927567005,25.85,19.387500000000003,0.9219169136913885,0.99684083,True,True,249.65129,13.407,13.211,10.67,7.273
5209996132656486784,119.07263545942502,-77.59213465947329,0.18801308555566676,110.16949152542372,0.1,11.101354877977094,3.948,3.7181506849315076,1.0108927410066253,1.0162227,True,True,199.84718,13.463,13.291,12.495,9.028
5271584447557601280,129.35828548235062,-68.27252398703548,0.14776100313543963,120.33898305084746,0.1,10.845245013171976,4.208139534883721,3.655555555555556,0.9032791716002551,0.97142637,True,True,254.15356,13.85,13.645,12.692,9.195
5265585413333080320,99.04985590058692,-72.55277050689828,0.10735226578024379,140.67796610169492,0.11636163857357301,10.629785255209356,8.287786259541985,8.616666666666667,0.9593342784885432,1.0581621,True,True,229.93387,13.486,13.291,11.799,8.086
2031056537863493376,300.6667425653996,31.90946615950792,0.19068803747674382,181.35593220338984,0.1,9.789951480762248,11.42842105263158,4.761842105263158,0.86763623286657,1.0250477,True,True,247.629,12.922,12.965,10.662,8.261
2035397439800855168,297.9208913022981,34.32009523129189,0.04610775334578523,181.35593220338984,0.14605773805564215,10.999124581617327,9.523684210526316,5.21971153846154,0.9404960963740943,0.9849054,True,True,246.1133,14.018,13.933,11.184,8.278
2034717980315384832,296.9676567120235,32.633743035402624,0.17529499828040543,140.67796610169492,0.1,9.479735406977834,7.238000000000001,4.5810126582278485,0.9079291946918651,0.9827951,True,True,281.69836,13.225,13.223,11.55,8.451
2035198879202636800,298.2610921601059,34.04013071708987,0.045938409787779765,191.52542372881356,0.24823268762177775,11.24886407036436,8.287786259541985,4.377822580645161,0.8787994855401503,1.0026323,True,True,268.04517,14.396,14.315,10.719,8.1
2034898089747242112,296.16198658656543,33.03756004346548,0.1304950912830363,181.35593220338984,0.15755401855293244,11.52596899031518,6.239655172413794,4.449590163934427,0.9765635956479054,1.0694574,True,True,235.4197,14.097,13.989,11.375,8.406
2034295011942918528,298.439125875778,32.59928664114262,0.14535128788402077,171.18644067796612,0.1,10.281975494595965,9.27948717948718,4.051119402985075,0.9630666628790097,1.0614018,True,True,199.45857,13.037,13.065,10.774,8.127
2035349542334861056,297.5329593535868,33.732308977913235,0.06168921082536481,211.864406779661,0.10787105198966634,10.88065308107095,8.548818897637796,3.667905405405406,0.9285071776743451,1.0048945,True,True,245.87444,13.903,13.866,11.048,8.708
2046347342974141056,292.3125449175557,33.17113553428695,0.11722581079587223,130.50847457627117,0.1,11.963050958133786,3.6311036789297666,3.796153846153847,0.9705041528231985,1.0249786,True,True,129.1098,13.38,13.234,11.925,8.58
2045749925898741760,293.79526715918325,33.96691985027038,0.09841763279587977,211.864406779661,0.21332862845930578,10.22225827511122,23.60217391304348,9.35948275862069,1.3771171162789186,1.1131704,True,True,266.42535,13.545,13.429,9.84,7.343
2048033027427125120,293.77691172154186,34.59009591203699,0.09052555728824759,181.35593220338984,0.1,11.431606571243767,9.781081081081082,4.274409448818898,1.0815223700400785,0.9870018,True,True,168.74802,13.41,13.286,11.104,8.499
2054069178768156032,303.63365695513085,31.539029775987075,0.13719997115978,161.01694915254237,0.1,8.072707703838898,10.966666666666667,11.80108695652174,0.746545366373906,1.065996,True,True,274.88672,12.143,12.165,9.806,7.039
2046372837900640384,292.8697576669106,33.49650296337011,0.09247727479160138,130.50847457627117,0.1,11.769673464650332,4.679741379310345,3.809473684210527,0.9838897150395318,1.0037599,True,True,137.10753,13.314,13.139,11.954,8.498
2054697476641218816,304.80172730283016,33.23811713599741,0.0711630130966473,211.864406779661,0.12552052364172658,9.734693751167516,5.744444444444445,4.208139534883721,0.8533504853002204,1.0807654,True,True,255.19705,13.192,13.255,9.968,7.638
1861951920066371456,307.31636948711764,31.94062073223564,0.14397960311660146,181.35593220338984,0.1,12.872076760513217,11.674193548387098,4.679741379310345,1.1338796046875763,0.9905253,True,True,97.99345,13.499,13.411,10.963,8.375
1863504430478230784,307.9341533237057,32.73955572808984,0.18399448512275077,140.67796610169492,0.12552052364172658,11.318054073720715,3.548039215686275,3.7567474048442913,0.889369199443934,1.0293276,True,True,218.42834,14.221,14.31,12.229,8.67
2055831833355383040,303.60845070762605,34.809546070842885,0.07077206133536297,191.52542372881356,0.11636163857357301,11.458257798323237,18.71896551724138,13.91923076923077,1.4113763634535887,1.047809,True,True,75.78498,11.575,11.495,8.995,6.395
2055917075553627008,306.3120479160073,33.20070138801511,0.10064638496776179,191.52542372881356,0.12552052364172658,10.245029712280553,9.693750000000001,5.374752475247525,0.8043539261968635,1.0068148,True,True,252.84901,13.753,13.658,10.711,8.117
2057331150588685824,304.5234782589468,35.54419124153217,0.17148042372101388,211.864406779661,0.2888476227919195,11.578131512454682,9.781081081081082,4.679741379310345,0.807086613068353,1.0494435,True,True,242.53549,14.523,14.862,10.381,8.051
2058647648278524928,300.73578335617265,34.85629309064998,0.11318999061647834,140.67796610169492,0.1,11.887585132359114,3.705460750853243,6.239655172413794,0.902133852696784,0.9561804,True,True,112.83566,12.841,12.785,11.286,8.132
1870169846074649600,311.21130822141515,34.97893330947618,0.09297646808986088,171.18644067796612,0.1,9.686871000182471,10.966666666666667,6.349122807017544,0.8664353272176396,1.0044745,True,True,294.86023,13.361,13.274,11.139,8.306
2055391062323305600,303.86353502825165,33.596201897206655,0.121531942513558,161.01694915254237,0.1,9.44307569809561,5.270388349514564,4.1438931297709924,0.8910778537293689,1.0523726,True,True,274.72467,13.038,13.063,11.048,8.052
2056782769164028928,307.7592686798051,35.578502157823074,0.12700714282320505,211.864406779661,0.21332862845930578,13.837604267409407,16.45,6.3122093023255825,1.0614689709535072,1.0453305,True,True,84.47639,13.385,13.203,10.041,7.628
2059605563411760640,298.9858521767453,35.55646810336373,0.10040131797302762,150.84745762711864,0.16995517726504228,12.770448869867128,4.486363636363637,3.809473684210527,0.9391222873325947,0.9922194,True,True,147.10161,14.166,14.261,11.857,8.537
2056019609324243584,306.50788686540017,33.884472252350186,0.18122490718601733,150.84745762711864,0.1,10.611784615756527,7.592307692307694,6.50119760479042,0.8281512443193393,1.0036883,True,True,140.65445,12.558,12.459,10.708,7.854
2054601376759954304,304.57215206271206,33.042178128082824,0.11183447083390055,161.01694915254237,0.1,9.044050247265222,14.87260273972603,12.063333333333334,0.7755294241621423,1.0097723,True,True,214.77966,12.26,12.222,10.165,7.191
2054619548756352384,304.4532134276069,33.28009629239135,0.09213460008473395,232.20338983050846,0.1833324376267034,10.938475443840929,10.966666666666667,7.592307692307694,0.8738566823127639,1.0448345,True,True,193.43636,13.545,13.582,9.801,7.658
2058580956024009984,301.0242820112389,34.57466068871753,0.07338155568103186,181.35593220338984,0.2888476227919195,10.42186267680328,8.225,7.983088235294118,0.9044449508982444,0.98019904,True,True,280.10913,13.94,14.02,10.079,7.305
3048057991266260224,109.0305622596257,-9.523671268047464,0.08161743565300363,181.35593220338984,0.1,10.449271028854653,6.959615384615385,4.431428571428572,0.8570745550136154,1.0380931,True,True,213.79532,13.226,13.088,10.803,8.189
3020026973104994560,92.07582266815751,-5.993368929235032,0.1069831989492577,150.84745762711864,0.2888476227919195,11.210557508623886,3.730927835051547,4.912669683257919,0.9377164456015138,1.0633388,True,True,282.50003,14.703,14.593,11.476,8.044
4271999086512821248,277.9695888034424,-1.2924736623611637,0.14464580256162823,232.20338983050846,0.16995517726504228,9.518550435476236,20.48490566037736,7.142763157894738,0.9532780909126577,1.0537924,True,True,295.5908,13.156,13.192,9.632,7.485
4270197738572658432,277.6717498049506,-2.414407447263246,0.1571538907657437,161.01694915254237,0.24823268762177775,12.072186154178352,4.761842105263158,5.073364485981309,1.0307516443855311,1.0277075,True,True,186.7843,13.954,14.1,11.095,7.62
4271669061224534400,278.34563175266345,-2.2690401044776958,0.1856898562289862,181.35593220338984,0.1,12.44189761131901,12.198876404494383,4.1125,0.9560564362841517,0.97640103,True,True,77.32289,12.618,12.52,10.288,7.82
4272358691238304768,279.66772907317335,-0.194643153794001,0.06889794611092089,150.84745762711864,0.13540030931526834,7.878057338320894,6.915286624203822,17.511290322580646,0.6302082677479368,1.0029507,True,True,284.26614,12.093,12.232,9.679,6.236
2493020364033460224,34.370211409657735,-3.138134904354565,0.11963791120349533,150.84745762711864,0.23011983571417985,11.072581106355765,5.805882352941177,5.59639175257732,0.9196609974441371,1.0886956,True,True,270.95825,14.426,14.118,11.586,8.075
2508748293752817664,25.52134385344348,-1.0360641718147316,0.1238697705386684,150.84745762711864,0.1,11.09331231328026,3.809473684210527,3.809473684210527,0.8927833998106596,1.0037788,True,True,176.72742,13.486,13.211,11.587,8.273
2542964034753750656,9.901535060537991,-0.3289471750854573,0.18652241433767117,100.0,0.1,9.249451085726113,5.348275862068966,4.208139534883721,0.9612171940791769,1.0323331,True,True,190.8566,12.196,12.093,11.365,7.848
6463967634938091136,318.26825298918163,-54.67232959167704,0.09722488799216387,100.0,0.1,11.944803841818324,3.667905405405406,3.809473684210527,1.050753176773588,0.98344904,True,True,105.86842,12.846,12.648,12.079,8.514
3131177874869441792,97.48268293006564,4.226374205207004,0.11843719568847212,161.01694915254237,0.3361078268614909,11.139004903016998,4.291304347826087,5.049767441860466,1.0476091554656344,0.99402404,True,True,288.8636,14.506,14.451,10.951,7.749
3125797041055907840,100.70242504996467,1.012610245329654,0.10668157003171407,171.18644067796612,0.21332862845930578,12.707023958921068,8.042222222222222,4.308333333333334,0.9540675764830384,0.9769701,True,True,139.37119,14.198,13.997,11.033,8.074
3119861907356312576,99.84464164157887,1.0239102329338463,0.1566878978931145,232.20338983050846,0.42188430427737117,11.803634297369186,15.07916666666667,6.099438202247192,1.035327563380189,1.0331113,True,True,281.7879,14.639,14.631,10.055,7.734
3130488794610780544,98.9271432130782,4.358877605329457,0.11587141024350503,201.6949152542373,0.3361078268614909,12.493982050296275,5.837096774193549,5.12122641509434,0.9136480527472702,0.9403357,True,True,109.737785,13.141,12.959,9.103,6.567
3090946886144665472,121.96284046056616,2.645026584818328,0.07397779862923076,130.50847457627117,0.10787105198966634,9.508439722852204,5.270388349514564,7.004516129032258,0.9541246023018805,1.0056678,True,True,239.73865,12.777,12.695,11.406,7.584
3119860777779629824,99.870152695,0.9839747607469032,0.0701907706262921,181.35593220338984,0.11636163857357301,10.47838657395043,8.6856,3.8228873239436627,0.8869247222390749,1.0253186,True,True,258.37,13.722,13.57,10.999,8.205
3126937440775374848,99.01916273186188,2.2194605201604967,0.09598372513605621,150.84745762711864,0.16995517726504228,11.060676038486942,3.991544117647059,3.513592233009709,0.8828738015997362,0.89309883,True,True,201.33292,13.801,13.661,11.202,7.819
3086509252918615680,113.26226463514844,0.4874146542969331,0.11175766567424796,181.35593220338984,0.1,10.20326066138089,6.660736196319019,3.571381578947369,0.9229438598241504,1.0554168,True,True,277.87845,13.505,13.301,11.124,8.386
3131291884778000256,97.43458788812777,4.4904461566593366,0.05710324178639954,211.864406779661,0.16995517726504228,10.071884005886165,6.58,3.7437931034482763,1.0241015620085272,0.99343574,True,True,285.24182,13.66,13.488,10.175,7.703
3120702518351612160,98.97559013107886,1.555301428399447,0.196288123710991,150.84745762711864,0.1,8.66863916713229,12.624418604651165,6.828301886792453,0.9220393458340472,1.1128309,True,True,216.08766,12.005,11.962,9.974,7.23
3127099756180129920,100.0940389374483,2.9061382606064847,0.07360862107282294,191.52542372881356,0.15755401855293244,10.493253686329641,9.781081081081082,4.449590163934427,1.0594734374568908,0.97370875,True,True,251.44955,13.81,13.687,10.661,7.964
3316406418343218560,90.33390377956653,3.1524947169718667,0.13886604519259144,181.35593220338984,0.1,10.827858612427026,6.133898305084747,3.606976744186047,0.9740287840218788,1.0453211,True,True,213.2292,13.32,13.188,11.062,8.321
3119828410906246144,99.5534060384591,0.7641817370977428,0.04434991197137548,201.6949152542373,0.1,9.039932791606045,16.2044776119403,10.74950495049505,0.7299667926731471,1.0738977,True,True,179.8365,11.877,11.819,9.135,6.618
3315211038748540928,90.05015383913504,2.32503602537164,0.060946056829651075,171.18644067796612,0.1,10.202933418170856,6.660736196319019,4.021111111111111,1.1038583649086162,1.0848962,True,True,179.33073,12.722,12.597,10.466,7.581
2152693481986456960,270.5714591960265,59.96109672794047,0.04852098172661219,150.84745762711864,0.1,11.593802036100275,3.9624087591240875,3.513592233009709,0.9914709363783026,1.0080962,True,True,222.39386,14.182,13.979,12.416,9.084
2142453146082727168,292.18497629129075,57.634927880884455,0.08761267990127863,140.67796610169492,0.1,10.716044505374365,4.9350000000000005,3.559672131147541,0.8700059398655428,0.9403966,True,True,287.46442,14.165,13.955,12.433,9.184
2160651261816204160,274.46574886790404,62.71385770064538,0.16534434699299458,140.67796610169492,0.1,12.102820001376722,7.924817518248175,4.006273062730627,0.9679252048652436,1.0547734,True,True,157.97705,13.716,13.507,12.028,9.134
2189269762780504832,314.40976979262007,56.72058613075918,0.1082530395838633,140.67796610169492,0.1833324376267034,10.973481539982224,5.837096774193549,4.679741379310345,0.9977557752201427,1.0512835,True,True,274.69534,14.413,14.33,12.062,8.415
2193718872162705792,311.1753369042753,59.63579961108036,0.09843780239905799,150.84745762711864,0.1,11.450736750580127,4.5810126582278485,4.980275229357798,1.075408782390839,0.9643837,True,True,197.61188,13.702,13.541,12.026,8.533
2194290480770398720,313.537236221594,61.30437815080183,0.054152502957037975,171.18644067796612,0.12552052364172658,11.326800109298777,5.59639175257732,3.6928571428571435,0.998741245430748,0.97307205,True,True,284.74426,14.584,14.461,11.934,9.009
2194344288120405760,312.7532730022086,61.25103038237404,0.08087533455651388,181.35593220338984,0.1,11.439674382144258,8.48203125,4.0662921348314605,1.1598332696243483,1.0836424,True,True,210.9329,14.139,13.958,11.622,8.924
2197111960746746880,312.61612469627903,64.24836239556855,0.134034503361149,110.16949152542372,0.1,11.085999342722051,3.7181506849315076,3.8637010676156582,0.981927843485184,0.9713721,True,True,198.56474,13.704,13.52,12.661,9.103
2239915368596916224,289.0893266264567,61.10084318331547,0.053837153644072766,100.0,0.1,8.221710214194928,7.050000000000001,13.571250000000001,0.7072446562637342,0.9769049,True,True,296.92896,12.527,12.515,12.167,7.637
2237926420784195072,302.28595420397505,61.9988585507244,0.056661423906295784,130.50847457627117,0.1,10.184716067230895,4.191891891891892,5.1947368421052635,0.8518053256237521,1.0047133,True,True,297.55057,13.972,13.794,12.498,8.738
2196031896730008448,314.31786993991847,62.98932629397586,0.098940865742293,161.01694915254237,0.1,13.474715041768304,5.965384615384616,3.705460750853243,1.0499603386028515,0.9485351,True,True,105.59462,13.939,13.799,11.802,8.881
5273071850570314240,127.28477014622226,-65.57952365766896,0.1566539176951138,100.0,0.1,10.617378953107426,4.224513618677043,4.036059479553903,1.0031143385872754,0.9893031,True,True,198.1111,13.405,13.162,12.623,9.06
5301374684319121536,131.95975118781482,-61.42392269934879,0.046339130612718084,181.35593220338984,0.13540030931526834,11.972735548410228,8.10223880597015,3.606976744186047,1.0810505347292385,1.053707,True,True,207.52379,14.353,14.21,11.667,8.888
5292651094640712704,112.9907041811108,-60.57866239595579,0.12001217013465511,100.0,0.1,11.572984590888597,3.796153846153847,4.360240963855422,1.2159061291775541,1.0208279,True,True,131.79025,12.972,12.8,12.508,8.769
5477281808731975680,96.74273139662802,-63.361718308458734,0.1928782278284362,100.0,0.1,10.889244644641629,6.828301886792453,5.744444444444445,0.9812087532271548,0.9591378,True,True,144.9854,12.863,12.685,12.248,8.779
5292961083903829888,109.61613876493011,-61.16282107698806,0.055190084265834195,150.84745762711864,0.16995517726504228,10.88807348287818,8.6856,7.190066225165564,0.9103628207187232,1.0595138,True,True,285.86047,14.285,14.037,11.853,8.344
5480920573744676608,91.36289786499968,-62.91830293798893,0.14113070404911773,100.0,0.1,10.678733211299901,5.6546875000000005,7.539583333333335,0.8638552083909429,0.98243076,True,True,162.75793,13.113,12.939,12.442,8.531
5476628557091779840,94.242180903983,-64.7590525026817,0.09811301216674774,150.84745762711864,0.12552052364172658,11.576457358099697,4.486363636363637,3.850000000000001,0.9239675694969781,1.028331,True,True,296.77173,14.773,14.549,12.76,9.313
5496034628081146112,92.33684282586287,-56.57593080108605,0.06373056116180775,120.33898305084746,0.14605773805564215,13.187380864300295,4.096981132075472,4.761842105263158,1.0466808885213794,1.12273,True,True,121.62096,14.059,13.85,12.722,8.731
2209145050360354432,351.17031039792965,64.64033046475664,0.19182608130936296,161.01694915254237,0.1,10.860524746551597,5.9327868852459025,3.9624087591240875,0.9705489607897899,1.0264792,True,True,261.39667,13.839,13.578,11.814,8.903
2206430119932071936,336.48485612987554,64.81883032574869,0.10337246166136882,211.864406779661,0.10787105198966634,11.399914195392025,23.1,17.798360655737707,0.951262369149755,1.0776652,True,True,98.23023,12.419,12.252,9.446,7.118
2015504564339161472,353.6051439315006,61.397345269550485,0.19724265097612498,201.6949152542373,0.42188430427737117,12.85752750844688,12.337500000000002,5.244927536231885,0.8375920648545465,1.0309999,True,True,218.74065,15.247,15.371,10.585,8.171
2010446394230267776,350.26020688170894,58.508378419746535,0.19103459051412058,181.35593220338984,0.26777121151983396,12.812174917843235,7.335810810810812,12.337500000000002,1.2087624369187595,1.200098,True,True,135.80852,13.685,13.533,10.416,7.386
2010423613722855296,348.54507277304583,58.565137838159785,0.10398022021833372,242.3728813559322,0.1833324376267034,10.986958646147443,13.91923076923077,5.170000000000001,0.9195347577454099,0.9643857,True,True,245.78064,13.81,13.724,10.218,8.195
2207617936089454720,346.0426664102844,62.97711414223459,0.1697671368607885,100.0,0.1,10.639562116032,3.6928571428571435,4.980275229357798,1.0985932932427573,1.0087166,True,True,151.60432,12.638,12.526,12.233,8.545
2013226994725430784,344.9614303380091,58.54036263903588,0.18564782108178118,161.01694915254237,0.15755401855293244,10.152255395289828,8.48203125,7.700000000000002,0.9602074215687071,1.0165758,True,True,288.97623,13.474,13.39,10.943,7.747
2178042860012214656,322.8391876332547,57.099258111603305,0.15875222257294583,232.20338983050846,0.3625630486550966,12.810904527595733,8.10223880597015,3.796153846153847,0.9696183999304473,1.0533814,True,True,217.49591,14.878,14.987,10.399,8.282
2221164155560328576,322.9880259914977,66.33511272393055,0.18986739328861846,201.6949152542373,0.2888476227919195,11.948175052034408,12.772941176470589,3.948,0.7146935083384736,0.9438337,True,True,296.63855,15.339,15.232,11.224,8.754
2013416827975945984,343.4578571055055,58.71047937127767,0.07303175883432546,171.18644067796612,0.12552052364172658,12.22028635248193,7.286577181208055,4.486363636363637,0.8862989427231921,1.0232491,True,True,151.29582,13.825,13.818,11.333,8.352
2007444319479312000,341.9917758052646,58.5252407204192,0.19552134471305493,161.01694915254237,0.1,9.649842692008502,11.674193548387098,4.720434782608696,0.9717987718712008,1.0137085,True,True,225.50546,12.697,12.561,10.583,7.962
2218920194067121920,333.5904918661002,66.31018457262894,0.11298059849263956,161.01694915254237,0.1,10.642953615316355,14.476000000000003,5.9327868852459025,0.9978611266485896,0.94028014,True,True,224.6432,13.426,13.317,11.299,8.294
2010421345981573760,348.75292090160247,58.55937542522943,0.042919585180436454,181.35593220338984,0.3625630486550966,12.47155390326406,15.29154929577465,11.80108695652174,0.9446001581634352,1.0551589,True,True,149.37758,13.973,13.896,9.999,7.135
2196189676654624128,317.8808970418238,63.1783329966712,0.05886231154659435,171.18644067796612,0.1,10.913265102141036,11.309375000000001,6.7856250000000005,0.9636191726807027,1.015946,True,True,215.59882,13.741,13.599,11.368,8.436
2220395459496329216,320.42005053423725,64.6493271279551,0.17296910571403845,211.864406779661,0.21332862845930578,12.114672603921164,9.870000000000001,5.145497630331755,0.8739742697312555,1.0082133,True,True,237.8217,14.5,14.282,10.983,8.581
2009703502328201600,350.98460292085645,58.44883427087888,0.13532366707082777,201.6949152542373,0.21332862845930578,10.914761812392085,16.703076923076924,10.052777777777779,0.8855295228240638,0.967457,True,True,219.68097,13.956,13.753,10.178,7.694
2010426396863149696,348.9812086349186,58.58958740430558,0.1092832652736499,171.18644067796612,0.1,10.613379865179933,6.915286624203822,5.868648648648649,1.8057796638304793,0.99974287,True,True,160.42514,12.665,12.507,10.358,7.503
2205052844185558528,335.25053697097724,63.131680792517,0.06887898871908364,191.52542372881356,0.21332862845930578,10.514149636234016,5.539285714285715,5.805882352941177,0.8326661632646206,1.006561,True,True,180.55074,13.004,12.866,9.452,6.806
2010610122684361344,347.9978458570666,58.80940105984918,0.05994330804581725,222.03389830508473,0.3361078268614909,10.608815120016487,14.100000000000001,5.374752475247525,0.8298067580495898,0.9882988,True,True,270.59027,13.984,13.934,9.574,7.265
2014721329799061248,345.8728605498042,61.34411756503569,0.039736839738313615,181.35593220338984,0.26777121151983396,11.309513433114601,9.523684210526316,15.966176470588236,1.0482068423946302,1.0007068,True,True,170.98189,13.524,13.393,9.845,6.981
2208841829969581824,345.63511615149935,65.11572362201987,0.1393146814005081,181.35593220338984,0.23011983571417985,11.604876217623296,30.15833333333334,17.233333333333334,1.2539747126063596,1.0213245,True,True,146.19885,13.053,12.959,9.865,6.899
2010626821517966464,349.06935702510606,58.98769803052148,0.12411516251539427,140.67796610169492,0.1,10.872344259532575,4.761842105263158,4.449590163934427,1.0239271716388014,0.99947965,True,True,173.1442,13.065,12.937,11.489,8.23
2207504785172561152,349.11338297398635,63.2348684948523,0.07002457403130957,171.18644067796612,0.3361078268614909,12.451087372850697,9.781081081081082,10.340000000000002,1.0277906739340847,1.053003,True,True,170.35329,14.311,14.23,10.593,7.587
2218228803113259776,333.0628735429014,65.14524845104093,0.14587061535544477,191.52542372881356,0.26777121151983396,10.469907059690097,22.15714285714286,13.571250000000001,1.026815904461482,0.95903885,True,True,293.6957,13.878,13.696,10.115,7.464
2013295263219643904,346.7148605796173,58.8379458814138,0.07435232105778498,191.52542372881356,0.13540030931526834,10.65188591205288,5.62538860103627,5.483333333333333,0.8891035932880298,1.0193133,True,True,236.18658,13.628,13.541,10.65,8.08
2191173743265775488,320.26752289293336,58.75479026287352,0.07531213204156857,171.18644067796612,0.1,12.877386703178857,6.275722543352602,4.825333333333334,0.8964548655876005,0.96492356,True,True,102.73515,13.433,13.245,11.241,8.444
2206532374515511168,335.7081871661949,64.96200666583314,0.19606980686152217,120.33898305084746,0.1,10.102670787167817,5.71421052631579,4.60042372881356,0.9969796825443615,1.05517,True,True,246.6779,13.311,13.141,12.01,8.754
2178863233129791616,322.2164597187687,57.47034480336704,0.07467428329617536,171.18644067796612,0.1,8.275031513096417,12.624418604651165,16.2044776119403,0.8856449515480841,1.0244794,True,True,248.70476,12.071,12.073,9.56,6.777
2015539542553523072,354.6328348656892,61.73678263414964,0.18202763208839925,150.84745762711864,0.1,10.131921081164148,11.674193548387098,6.58,0.9239836093934725,1.0309179,True,True,196.65083,12.904,12.783,11.009,8.203
2206340711594598784,336.03842444525026,64.85901601613956,0.19454433257172196,171.18644067796612,0.1,10.289417791915008,11.309375000000001,6.915286624203822,1.0089104422019086,1.0109576,True,True,227.22151,13.053,12.957,10.921,8.24
2202439266384157824,329.5514968170055,58.747834248363695,0.12107741902306879,201.6949152542373,0.1,11.866209176041009,9.960550458715597,3.8363957597173153,1.9938354104418616,1.3615352,True,True,207.16127,14.053,13.96,11.463,8.974
2009986802674006528,347.17092570021293,57.64492348646552,0.1398926892110827,150.84745762711864,0.12552052364172658,11.737584613256242,5.59639175257732,4.1438931297709924,1.0915340215596514,1.0441887,True,True,181.81013,13.674,13.566,11.654,8.307
2208210396761663232,341.9443065889108,63.31064070583088,0.046458542699230464,191.52542372881356,0.21332862845930578,12.90238079539931,16.703076923076924,11.309375000000001,1.0750496528453457,0.98493123,True,True,126.626686,13.819,13.701,10.523,7.832
2209320770364325248,349.7652460983659,64.58914886961814,0.178262064446399,140.67796610169492,0.1,10.565858197719148,6.540361445783133,4.8686098654708525,0.9488509120461669,1.0893338,True,True,198.22214,13.205,13.048,11.524,8.561
2015025830100621824,349.020875189356,62.03953826433347,0.1952900067398452,323.728813559322,0.1,9.683842178386108,7.810791366906475,4.60042372881356,1.054155240076939,0.948705,True,True,251.92262,12.767,12.713,10.013,8.287
2207438883192832640,346.78005578109014,62.96409085889173,0.10107190935385527,211.864406779661,0.31158296935278684,12.0271248313644,11.19278350515464,4.449590163934427,0.8761200558073973,1.0321339,True,True,261.51285,14.987,15.016,10.767,8.426
1998793529483860608,352.958312933428,57.14876162952947,0.07483950709573631,140.67796610169492,0.1,11.082182370348903,5.744444444444445,4.825333333333334,0.9226126637694411,0.9892208,True,True,204.38185,13.683,13.574,12.045,8.537
2208857498010223360,345.39245710708013,65.17755991957434,0.09800660621303389,171.18644067796612,0.1,10.04481971576368,20.48490566037736,11.674193548387098,1.002971311986825,0.962035,True,True,216.26222,12.925,12.796,10.652,7.701
2204708933262222208,335.4909593019975,61.93237195925354,0.1264741273195826,171.18644067796612,0.12552052364172658,10.83206313151239,5.837096774193549,4.377822580645161,1.0270770610590467,1.0148231,True,True,256.87366,14.184,14.172,11.5,8.594
2206589446040277248,334.87568076465845,65.06593375438092,0.0550271359420132,171.18644067796612,0.16995517726504228,11.225405611638285,10.540776699029127,6.871518987341773,0.9825228979068955,0.9530989,True,True,256.15408,14.326,14.2,11.386,8.351
2201934045089266432,338.9515800015235,62.050697986408544,0.05197443693057887,161.01694915254237,0.14605773805564215,10.509265421691175,5.684293193717278,5.775,0.9004253863535777,1.0466337,True,True,287.7268,13.982,13.785,11.483,8.272
2012371883913105920,352.26744790130715,60.55868696184337,0.04460183506229391,222.03389830508473,0.14605773805564215,10.693532139801608,8.899180327868853,6.204000000000001,0.9819170851070442,0.99450916,True,True,186.05107,13.184,13.085,9.798,7.536
2196304850492144896,317.86829748144334,63.58063150602841,0.18039974261350863,181.35593220338984,0.19776262910622383,13.636510070149399,7.592307692307694,4.096981132075472,0.8697574473442986,1.0396252,True,True,154.81213,14.869,14.685,11.696,8.869
2014998376670265216,349.67034143037466,62.000473746976176,0.10214762803902817,201.6949152542373,0.1,9.918341905542508,20.105555555555558,9.960550458715597,1.0831110928660124,1.0171704,True,True,188.53432,12.526,12.341,9.912,7.492
2007922813194430336,337.5983980199014,57.778467329317536,0.16461435820733197,161.01694915254237,0.1,10.85272960766014,6.349122807017544,3.5831683168316837,0.90707785850474,1.0172923,True,True,227.88098,13.922,13.805,11.629,8.732
2201442597754134528,333.9326277065366,60.111702897925,0.08968442798034515,161.01694915254237,0.1833324376267034,11.064164986417829,6.828301886792453,3.5831683168316837,0.87488110193563,1.0087504,True,True,233.52028,14.114,14.0,11.174,8.044
2209169278276544384,353.34259822893927,64.61431572667931,0.18979980124071086,130.50847457627117,0.1,9.996455585148656,5.348275862068966,4.413414634146342,0.8955275131217356,1.0299572,True,True,265.81708,13.362,13.317,11.96,8.781
2178048288856459008,323.20447969546694,57.22993788900683,0.04916707715969309,181.35593220338984,0.10787105198966634,9.61762108155184,7.700000000000002,7.755,1.0392756591593684,0.99588907,True,True,171.1952,12.178,12.052,9.565,6.717
2205319677608959872,338.4042600458106,63.70698693285624,0.19922744830246822,181.35593220338984,0.1,11.20040226525221,11.55,3.705460750853243,0.8915131601360584,1.0062245,True,True,201.4274,13.54,13.369,11.326,8.906
2202281181531708800,327.1896166533834,57.75192554091022,0.10040394333289862,171.18644067796612,0.1,9.319691840862497,27.142500000000002,17.511290322580646,1.1297083169800848,0.9941302,True,True,171.43095,11.846,11.803,9.5,6.619
2016189285210084992,358.86728844567835,63.76607250273961,0.12332969834101683,201.6949152542373,0.10787105198966634,10.007733316044064,10.340000000000002,6.701851851851853,0.857811829413882,1.0091349,True,True,295.19727,13.486,13.459,10.775,8.281
2192479443380480896,315.5391697779805,60.13527709016546,0.07490474674216244,211.864406779661,0.23011983571417985,11.041070680762665,6.743478260869566,5.455778894472362,0.9091255541425606,1.0178221,True,True,286.45728,14.3,14.083,10.544,8.127
2207329756662275968,346.25830411450187,62.14266998297581,0.0683055844354016,181.35593220338984,0.23011983571417985,11.642091955793251,6.660736196319019,4.25764705882353,1.0091772505209113,0.9646927,True,True,273.53494,14.705,14.764,11.34,8.585
2011263846765077760,352.57642906964725,59.249727530145016,0.1436633413046426,222.03389830508473,0.1,9.56182888062077,10.24245283018868,7.645774647887325,0.9388853178073031,1.0856416,True,True,219.0974,12.482,12.365,9.654,7.443
2014006033066693888,348.5688340966057,60.56820439799177,0.074242120482767,191.52542372881356,0.13540030931526834,10.29199585220067,4.360240963855422,6.239655172413794,0.9418915837402279,0.987652,True,True,237.74513,13.354,13.25,10.456,7.834
2179050455037155712,321.6234565861012,57.79230073148347,0.10901052363772673,201.6949152542373,0.3361078268614909,12.464724266074647,14.87260273972603,5.71421052631579,0.9128542296436645,1.0243133,True,True,199.23863,14.628,14.685,10.548,8.065
2203154331204997760,330.27436276555846,60.432163644709625,0.09163910466388872,161.01694915254237,0.1833324376267034,11.241036654175609,6.168750000000001,4.523750000000001,0.9334398342934388,0.97603756,True,True,287.02298,14.439,14.302,11.637,8.385
2205350429578111616,339.47432473534576,63.98716703877701,0.04215343192280878,130.50847457627117,0.10787105198966634,10.603650373534268,3.948,7.539583333333335,0.9380922423918886,0.9516289,True,True,215.23898,13.475,13.382,12.086,8.197
2208458130470368512,345.1562790000017,63.66968337463535,0.17958794075887966,211.864406779661,0.12552052364172658,12.691026821696246,14.100000000000001,4.679741379310345,0.9317703551015436,0.9628181,True,True,114.68342,13.823,13.661,10.778,8.436
2009598808203234176,350.0341854163097,57.71238593980344,0.12706450538052638,140.67796610169492,0.3361078268614909,11.106017732415573,10.052777777777779,11.55,1.0635308057563462,1.1041123,True,True,244.27963,14.035,13.857,11.192,7.284
2206035910659939584,331.78307950629846,63.804868805121885,0.09783475663300578,191.52542372881356,0.1,10.086821766089336,12.925,5.62538860103627,0.7828637864789278,0.9974195,True,True,266.1897,13.364,13.298,10.913,8.337
1998327409574369280,357.4898329018911,57.92562323583152,0.11056387135686421,191.52542372881356,0.1833324376267034,12.238800538479486,16.9640625,5.455778894472362,0.8963655644031558,1.033685,True,True,160.55894,14.069,13.959,10.862,8.225
2209627461087999744,356.73754701734686,65.68742716134095,0.0524857276205348,211.864406779661,0.16995517726504228,12.760957974276678,15.966176470588236,6.204000000000001,1.0219769957954967,1.144661,True,True,134.24107,13.867,13.747,10.645,8.213
2015240574164797184,348.5536872835679,62.31097777836165,0.047106154281514594,161.01694915254237,0.14605773805564215,11.641889189947564,6.660736196319019,6.743478260869566,1.1493579480169198,1.0735412,True,True,170.30028,13.696,13.609,11.296,7.97
2218657612647052288,333.0863068223224,65.43556461562865,0.09339263938895137,171.18644067796612,0.2888476227919195,10.5331657886792,8.416279069767443,13.240243902439024,0.8243713712636425,1.016493,True,True,244.11375,13.692,13.558,10.025,6.941
2009670723136043520,350.3025263200993,58.08514660850789,0.14587405552684102,201.6949152542373,0.1,11.670962094355325,8.755645161290323,4.912669683257919,0.997235151671484,0.99952674,True,True,142.32303,13.401,13.233,10.752,8.507
2206239938781305088,336.27422777555,64.03851202068768,0.05630844209816252,171.18644067796612,0.10787105198966634,11.668457459787476,6.168750000000001,14.87260273972603,1.0750952177338313,1.0346236,True,True,88.30606,12.191,12.005,9.904,6.942
2192163716046296576,317.6286552952544,59.39875479694057,0.1964769539349595,211.864406779661,0.1,10.756181236424053,10.540776699029127,4.0662921348314605,1.0075988323160714,0.99531233,True,True,263.45276,13.628,13.481,11.146,8.816
2008476520372191616,341.45179246770994,59.28601277984168,0.12888314821410804,201.6949152542373,0.1,10.673027111219106,14.285526315789475,5.71421052631579,0.9069151436893045,1.0880802,True,True,179.00377,13.143,12.995,10.52,8.26
2206669469870585344,337.9910754660446,65.6446897085553,0.1589835360642202,394.91525423728814,0.1,12.28342119896335,11.309375000000001,6.275722543352602,1.1963832525036324,1.0372704,True,True,60.71972,11.94,11.766,9.087,7.956
2206783917859993088,342.1270511538405,60.76007045832048,0.08830805689456117,150.84745762711864,0.39110057471005855,11.271067707647385,4.4679012345679014,7.8673913043478265,0.8839284690933772,0.95586616,True,True,282.37683,14.635,14.717,11.05,7.635
2010223884868418304,347.2907106391512,58.52866842961679,0.101294017083524,222.03389830508473,0.19776262910622383,10.566491349737472,11.80108695652174,7.700000000000002,0.9129238966952936,1.0080242,True,True,240.2836,13.509,13.388,9.886,7.588
2220318807217121536,321.0963159437364,64.06231643768405,0.16361676607993506,161.01694915254237,0.1,10.512040899850867,10.24245283018868,5.0263888888888895,1.5082948288706282,1.0641606,True,True,205.98264,13.172,13.033,11.147,8.403
2205446739920665856,335.45967098411745,63.387694411254905,0.17808836766056085,181.35593220338984,0.1,7.950652105866774,8.755645161290323,12.624418604651165,0.7367032862769717,0.98422617,True,True,270.8214,11.897,11.955,9.37,6.76
1999210484906013312,358.7101009004033,58.83766481414705,0.18418326772983215,191.52542372881356,0.24823268762177775,10.681247519945025,16.9640625,11.80108695652174,0.911032224717827,1.0686046,True,True,275.03787,13.769,13.646,10.253,7.535
2218248083226332416,331.8126185262734,64.9591474878248,0.103965552990179,161.01694915254237,0.1,10.095451184649527,8.616666666666667,3.8913978494623658,0.9364523914130323,0.95674855,True,True,291.81873,13.804,13.667,11.637,8.781
2179201225570208384,323.1716631010307,57.86363624846618,0.07197711079320007,191.52542372881356,0.26777121151983396,11.939160444707746,11.19278350515464,10.74950495049505,1.0054706962828854,1.0163667,True,True,157.03755,13.661,13.611,10.063,7.331
2204979898453944960,335.3310603306217,62.62963455194562,0.1352422727684572,161.01694915254237,0.3361078268614909,13.501485892891584,7.755,7.335810810810812,0.9300233477419092,1.1026489,True,True,143.59596,14.871,14.698,11.214,8.063
2009595273449670656,349.73477579761726,57.52878028789405,0.03770772127111525,130.50847457627117,0.12552052364172658,9.947834298280188,9.870000000000001,9.781081081081082,0.948862269765424,0.9634226,True,True,187.33794,12.69,12.514,11.046,7.263
2211310263633864192,341.37796924526447,64.13624527008477,0.058555462897877705,171.18644067796612,0.13540030931526834,10.786801778196184,14.671621621621624,8.6856,0.8685709797338713,1.0003968,True,True,257.937,13.977,13.854,11.29,8.324
2008508096972217216,341.77105399836506,59.61357668205787,0.18509677390051274,161.01694915254237,0.1,10.1581095962278,9.693750000000001,4.504979253112034,0.8571937995856141,1.0129771,True,True,227.00848,13.372,13.255,11.192,8.556
2202133430350032000,339.2486194828539,62.3274403077922,0.047951355993186486,181.35593220338984,0.21332862845930578,10.678778932638995,17.233333333333334,10.24245283018868,0.8821298877592807,1.0571656,True,True,239.23946,13.718,13.568,10.361,7.445
2006247668565315584,335.00782670929675,56.58349913680885,0.1432231241356073,252.54237288135593,0.2888476227919195,12.297736840705916,10.43942307692308,4.720434782608696,0.9624519586070328,1.1980469,True,True,231.51921,14.592,14.501,10.439,8.448
2212431391835358208,340.3361797450728,65.49583189329188,0.1206181769891641,140.67796610169492,0.1,9.579461655127929,5.837096774193549,6.540361445783133,0.9754956618771072,1.0054431,True,True,276.14658,13.163,13.093,11.383,8.248
2202270839250725376,327.7065093715376,57.73251505026052,0.16458217688708626,171.18644067796612,0.1,9.745710986627223,7.335810810810812,7.592307692307694,0.9300416384002476,1.3552697,True,True,222.01443,12.615,12.553,10.389,7.413
2178600243693388160,325.2263097021234,58.451740871162606,0.17573893687308778,100.0,0.1,9.996311850228206,5.145497630331755,4.542677824267783,1.0464539017711292,1.0483402,True,True,177.98288,12.537,12.418,11.646,8.146
2192370351211120640,317.65790423629943,60.63325208206758,0.04886893538289664,201.6949152542373,0.26777121151983396,12.985044247528283,12.479310344827589,7.142763157894738,0.9848896826727959,0.9726709,True,True,149.14282,14.293,14.092,10.576,8.05
1999263433265353728,358.8200592376181,59.02605333886656,0.11020255978254813,171.18644067796612,0.15755401855293244,12.227051791841488,4.782819383259913,4.1438931297709924,1.0010169527606383,0.9595659,True,True,174.36473,14.324,14.189,11.481,8.529
2178861858739878912,321.60044907331127,57.68527651705296,0.10594794370739262,222.03389830508473,0.16995517726504228,10.615468365891793,22.15714285714286,6.239655172413794,0.9756953164099761,0.99388534,True,True,242.58298,13.495,13.396,10.121,7.844
2012074770951735936,351.5536189681752,59.6901156697318,0.1110858516841122,150.84745762711864,0.13540030931526834,10.738910439512402,4.1125,3.991544117647059,0.8392090324864871,1.0094076,True,True,293.87207,14.376,14.272,12.128,8.65
2191455115162421632,319.2433442550354,59.4828232504187,0.1903824154391064,191.52542372881356,0.1,9.174638085813163,7.592307692307694,8.042222222222222,1.0498919501293937,1.0437464,True,True,288.5607,12.788,12.693,10.251,7.703
2206245779937794560,336.50504419680186,64.10939949400438,0.11927232465394534,181.35593220338984,0.21332862845930578,10.963062872510955,9.693750000000001,8.163157894736843,1.0350564977949002,0.9725539,True,True,256.08163,13.885,13.712,10.611,7.799
2218252511331739904,331.2608680696845,64.87030697603096,0.09658761395339419,232.20338983050846,0.23011983571417985,11.689074393823484,7.983088235294118,4.741048034934498,0.8476051851435515,1.0431168,True,True,258.9159,14.549,14.522,10.67,8.506
2208559633438846208,345.8830581734664,64.29755356448263,0.06799100662755499,211.864406779661,0.11636163857357301,11.705142299453286,13.080722891566266,3.571381578947369,0.9839351998024387,0.947453,True,True,185.3248,13.799,13.613,10.943,8.61
2208964975265955840,346.6427224586656,65.66785123806308,0.06400452843126773,181.35593220338984,0.31158296935278684,13.441451483934468,11.42842105263158,7.592307692307694,0.9382104785617846,1.002422,True,True,123.64134,14.283,14.185,10.632,7.696
2015452745550269952,351.24859102127243,61.22420117282756,0.02997872196011301,171.18644067796612,0.14605773805564215,10.88559251083839,10.857000000000001,8.972727272727274,0.8759127351762179,1.016665,True,True,179.65392,13.229,13.089,10.545,7.451
2218887548017377664,332.8101805047386,66.04877763091757,0.08690300108137888,161.01694915254237,0.3361078268614909,11.805813502932468,7.539583333333335,6.424260355029586,0.899179813544818,0.9845767,True,True,276.8853,14.937,14.846,11.334,8.133
2206268182486056960,336.1833707979248,64.39846570640509,0.1243148564041242,181.35593220338984,0.1833324376267034,10.3271124264113,14.671621621621624,14.100000000000001,0.8036077664107856,0.9337968,True,True,198.28612,12.915,12.824,9.767,6.954
2209300876078477696,350.06358540745254,64.41753758177575,0.1871749531187575,161.01694915254237,0.1,9.419715819750893,11.42842105263158,5.455778894472362,0.934180802804257,1.0067607,True,True,296.85614,13.27,13.274,11.187,8.517
2007170399349654144,342.8956816651696,57.70229373129364,0.09885372300640693,181.35593220338984,0.3625630486550966,12.62434504135378,5.2960975609756105,5.567692307692308,1.0169195130996824,1.0523288,True,True,213.23122,14.999,15.024,11.004,8.148
2012222792706289280,354.0380689690428,60.6060129915586,0.14490121198129974,211.864406779661,0.19776262910622383,11.497461809726548,12.479310344827589,4.561764705882354,1.8298038075408796,1.2799038,True,True,281.11307,14.379,14.211,10.977,8.464
2179290874433065088,323.28587241331206,58.36110314908292,0.12488513175333445,211.864406779661,0.24823268762177775,11.291427133674762,19.387500000000003,10.146728971962618,0.9708757261297482,0.97211397,True,True,180.3736,13.665,13.716,9.778,7.42
2009686013220254720,349.94413346453507,58.25500915312159,0.0838315790474275,222.03389830508473,0.31158296935278684,12.203367756879208,11.80108695652174,3.6432885906040275,0.6809087693472878,0.99817514,True,True,266.3339,15.024,14.978,10.76,8.535
2212676819149303296,338.2709657429993,65.84235333532753,0.056374989703847404,232.20338983050846,0.1,10.08798467071492,10.644117647058826,3.595033112582782,0.7378325338094432,1.0087212,True,True,277.9514,13.682,13.541,10.707,8.653
2010331396486734336,348.73422799102167,57.91694805105849,0.08491026539294624,171.18644067796612,0.3625630486550966,11.060587417556668,7.924817518248175,9.20084745762712,0.8819488992994471,1.0117505,True,True,286.76102,14.352,14.286,10.494,7.251
2014082891501495936,347.7249282352161,60.88038237001015,0.07637240739175384,191.52542372881356,0.19776262910622383,10.40110968230352,13.571250000000001,7.755,0.9790331426337173,1.0185429,True,True,260.84665,13.766,13.799,10.391,7.681
2218004438320950400,326.3670966089029,66.16833919388907,0.11248706446015737,181.35593220338984,0.10787105198966634,11.525879134949534,21.714000000000002,10.052777777777779,1.0674948782649345,1.0103292,True,True,109.42828,12.451,12.247,9.984,7.273
2191407728781331840,318.01395275206096,59.274345199354606,0.08267746625287586,201.6949152542373,0.1,11.540840037584719,8.972727272727274,3.502258064516129,0.9776455477488887,1.2271578,True,True,177.37434,13.582,13.455,10.944,8.646
2218227707900631808,333.10571820199124,65.1090018472296,0.050931110187087,181.35593220338984,0.11636163857357301,11.071396378728199,18.71896551724138,9.123529411764707,0.9486163056656334,0.94607556,True,True,184.70401,13.475,13.296,10.83,8.01
2006246916957216128,335.0120756742496,56.57542173560404,0.11732042042595252,344.06779661016947,0.1,12.189903808200576,7.983088235294118,6.239655172413794,0.9494959419376231,0.982771,True,True,84.84066,12.588,12.47,9.706,8.242
1998871526087430144,353.55342301135965,57.76096651971425,0.18988850925096148,161.01694915254237,0.1,11.24450253110339,5.4285000000000005,3.8228873239436627,0.9671117940614762,0.99895227,True,True,251.33102,14.509,14.381,12.201,9.125
1997884065863339392,355.6825321658779,56.9592911409816,0.06998352419370873,181.35593220338984,0.1833324376267034,12.951473525729421,9.960550458715597,4.890540540540541,0.9032350678306169,1.0435892,True,True,184.05037,14.588,14.538,11.659,8.741
2212464957001361920,338.5665410704589,65.4055774386138,0.11838620900533854,232.20338983050846,0.3625630486550966,11.832261633871784,14.285526315789475,7.142763157894738,1.038211017811857,0.9620354,True,True,258.8118,14.559,14.37,10.099,7.843
2014357223951605888,344.2375130427267,60.15795686320692,0.18939574286230818,161.01694915254237,0.1,9.33475500307321,10.43942307692308,6.133898305084747,1.3360694073533483,1.0941687,True,True,238.65965,12.85,12.774,10.572,8.014
2179080489750901376,321.8340011514109,58.0192407132671,0.1688020272408347,232.20338983050846,0.15755401855293244,12.867794588069955,5.62538860103627,4.360240963855422,1.0168200006855819,0.9772197,True,True,109.36896,13.4,13.286,10.132,7.999
2192193535999968256,317.65108698542343,59.84524974966906,0.09665420637092963,171.18644067796612,0.19776262910622383,11.037299788670179,11.19278350515464,6.031666666666667,1.0307428919117287,0.9578031,True,True,291.6581,14.269,14.125,11.297,8.226
2212517527401414784,339.59783958819344,66.00662328457506,0.16288275431275406,171.18644067796612,0.1,11.373079665599166,9.35948275862069,5.401492537313433,0.9563678912164293,1.050013,True,True,182.24141,13.854,13.705,11.37,8.495
2205783469659065216,333.1951441363861,62.85554919745096,0.055287344738251115,171.18644067796612,0.1,10.201121319092813,4.8686098654708525,3.7437931034482763,0.9222493134208058,1.0291792,True,True,291.9854,13.874,13.787,11.582,8.555
2179151094711770752,321.3355001514448,58.41519876738737,0.037069202060930506,211.864406779661,0.21332862845930578,11.716666571696635,13.91923076923077,4.825333333333334,0.9900110286227185,1.020888,True,True,197.17429,14.126,13.953,10.392,8.066
2178535028908628608,325.7306101283845,58.18571322682787,0.08111793757692541,161.01694915254237,0.31158296935278684,10.809178228662581,8.755645161290323,12.624418604651165,0.8872000821204523,1.091642,True,True,261.05328,14.001,13.896,10.56,7.187
2206755571085161472,337.2944446338389,66.1280299331482,0.09757023005201171,222.03389830508473,0.3625630486550966,12.3660379755633,17.798360655737707,9.123529411764707,0.8907095773728647,1.0223216,True,True,186.73383,14.316,14.087,9.967,7.658
1997873036393836544,354.9161174888848,56.95433719255037,0.13994758141624217,222.03389830508473,0.1,11.46665721189121,13.743037974683546,3.606976744186047,0.8916435206374577,1.0090542,True,True,215.86377,13.771,13.588,11.191,8.991
2206106172021339392,333.9529322144157,64.16658557585073,0.05121433243669304,262.7118644067797,0.10787105198966634,11.15395903377265,10.644117647058826,3.8637010676156582,0.9503263013101265,1.017553,True,True,221.20462,13.912,13.648,10.707,8.86
2211984539138565504,347.0307385391746,66.03981839865864,0.12568094977115546,161.01694915254237,0.13540030931526834,11.041947069558848,8.6856,5.965384615384616,0.8179297808713372,0.9755528,True,True,246.63902,14.213,14.049,11.727,8.462
2016460516677876096,359.488166931644,64.43021337923292,0.07864252983600073,222.03389830508473,0.3361078268614909,12.81435338212665,8.287786259541985,5.868648648648649,0.9150647797332407,1.0578518,True,True,179.9797,14.485,14.336,10.305,7.964
2210493910611453056,349.0799079401176,66.11988849870941,0.18793789952888942,161.01694915254237,0.1,10.544757786614971,5.049767441860466,4.096981132075472,0.8364846694148139,1.0460669,True,True,297.94592,13.829,13.719,11.973,8.83
2179060835979743872,320.8012046056218,57.73078099402687,0.17655906961803927,201.6949152542373,0.1,10.1626097438662,15.966176470588236,5.145497630331755,0.8914592358733869,0.9618313,True,True,276.67432,13.34,13.257,10.695,8.266
2208945939979289344,346.80619645041946,65.41382597452144,0.11193741825716384,171.18644067796612,0.1,10.876028971178828,8.548818897637796,4.60042372881356,0.7875192608393725,1.0038813,True,True,214.98433,13.812,13.672,11.455,8.629
2179240189511531520,323.6219989575371,58.28263030651992,0.1017139602686094,211.864406779661,0.26777121151983396,11.89198110117786,4.720434782608696,4.486363636363637,0.9485320388195426,1.0086917,True,True,219.19305,14.542,14.476,10.568,8.139
2179141821884581504,320.65869251609155,58.41717427482468,0.11975156950384397,171.18644067796612,0.3361078268614909,13.973827472638542,5.775,6.031666666666667,0.8452463380091478,0.97156006,True,True,136.2276,14.747,14.527,11.056,8.022
2206089065171242112,332.9334607714993,63.95472968316098,0.03325714195599604,201.6949152542373,0.1,7.858356343108548,19.04736842105263,10.966666666666667,0.8199619588908956,1.0388999,True,True,267.03226,12.003,12.037,9.026,6.532
2015771195911625344,351.7445581307207,62.334466813985465,0.059437072023246516,161.01694915254237,0.10787105198966634,9.815181594427084,7.755,6.168750000000001,0.7757519539600388,1.0034446,True,True,299.2516,13.601,13.511,11.303,8.21
2205567102086692864,339.064060038462,64.51021569601079,0.08772395668081397,191.52542372881356,0.1833324376267034,13.233747006774735,15.966176470588236,7.539583333333335,1.0026208665066458,0.9338191,True,True,124.051094,14.146,13.984,10.902,8.329
2204772498775241344,335.66602872910266,62.34653410212405,0.15470875976703322,222.03389830508473,0.2888476227919195,11.802984590820554,4.782819383259913,3.655555555555556,1.0107091240039632,1.0784025,True,True,280.11185,14.824,14.564,10.591,8.294
2208483389179530624,345.86421455223115,64.08436423896012,0.16529497692689366,171.18644067796612,0.1,10.492357358515177,7.487586206896553,4.957534246575343,0.9756866599527193,1.0597867,True,True,234.60806,13.327,13.183,11.155,8.479
2209467825744323456,352.9646436126152,65.5066774188773,0.05958200245434243,191.52542372881356,0.1,11.790833136893605,7.8673913043478265,3.8637010676156582,0.9265240555068132,0.97720164,True,True,193.11116,14.122,13.972,11.54,9.017
2013761323002939008,346.8981788888293,59.57790677447839,0.040045326101379064,232.20338983050846,0.1833324376267034,11.018986418074093,11.309375000000001,5.567692307692308,0.8472606454862823,1.0553008,True,True,245.17722,14.016,13.952,10.402,8.236
2207422768474538624,345.6651613657901,62.78382635283385,0.18360715180127338,161.01694915254237,0.26777121151983396,11.338540568159699,4.224513618677043,8.548818897637796,0.988130035420135,1.0505143,True,True,231.55176,13.975,13.873,10.897,7.466
2205096824646630912,336.4812040342139,62.378157603847264,0.07789383059515927,150.84745762711864,0.11636163857357301,10.69997775012757,3.5831683168316837,3.548039215686275,0.8959274449160903,1.0418758,True,True,298.92432,14.309,14.313,12.238,8.835
2017523297743494144,359.84986943103206,65.77246981591462,0.08665147261539134,171.18644067796612,0.1,13.110299491021658,8.287786259541985,3.655555555555556,0.9841111423970061,0.93475723,True,True,122.544014,13.937,13.843,11.757,9.011
2191485416150476032,319.96178472699137,59.73983784595999,0.10656710675083121,171.18644067796612,0.13540030931526834,10.662606107849076,9.693750000000001,5.170000000000001,0.8507551022166336,0.96967906,True,True,255.967,14.066,13.989,11.238,8.331
2201042787838246016,341.1339537892011,61.18316054126143,0.17894034294552327,181.35593220338984,0.1,9.736856251390812,10.74950495049505,5.244927536231885,0.8150468563242433,0.98526496,True,True,256.31177,13.407,13.248,10.761,8.368
2220827052168884864,320.19437330409147,66.13717363267929,0.06271317330314684,171.18644067796612,0.16995517726504228,11.872667206376748,7.810791366906475,5.455778894472362,0.8823348984915053,0.9948927,True,True,221.66614,14.368,14.15,11.511,8.579
2209009707354312576,348.7795442299516,66.24615363107289,0.14519685736375887,201.6949152542373,0.24823268762177775,12.362403012498888,8.755645161290323,4.25764705882353,0.8901294120753998,1.1266186,True,True,280.7071,15.202,15.003,11.416,8.832
2192512604827132288,315.63394907168964,60.70836026116963,0.10345360347517285,171.18644067796612,0.1,10.217369857199662,12.772941176470589,5.6546875000000005,1.000949761725167,1.042126,True,True,249.98021,13.474,13.329,11.233,8.432
2016453472931015296,358.87367677436544,64.3230950951556,0.0748617198478944,191.52542372881356,0.24823268762177775,11.766506946494271,8.416279069767443,5.62538860103627,0.8493145666670366,0.9979115,True,True,251.07034,14.521,14.459,10.957,8.338
2009671788287992960,350.2612461212406,58.13240200115288,0.06715388078321903,211.864406779661,0.3625630486550966,11.248515931755279,20.48490566037736,10.24245283018868,1.0309675420726712,0.9769394,True,True,275.32333,14.493,14.431,9.967,7.637
2014275924509846656,343.6806152819541,59.49078261329596,0.09568747112218903,181.35593220338984,0.42188430427737117,11.858857414628375,5.805882352941177,7.335810810810812,0.8297056599724253,1.1334822,True,True,287.0784,15.005,14.975,10.721,7.749
2012025297228302976,352.6752713716552,59.55167348161923,0.15735250308261114,191.52542372881356,0.1,9.551975645902996,14.671621621621624,7.004516129032258,0.8840361935619535,1.0111809,True,True,273.67194,12.983,12.931,10.446,7.92
2985135723943831040,78.81716584329062,-14.488986494352956,0.1151504863884327,181.35593220338984,0.10787105198966634,11.386213970804683,7.592307692307694,3.976923076923077,1.0022806344177961,0.98372614,True,True,193.9526,13.874,13.645,11.312,8.465
3879236284476714240,147.15713468311318,10.134590739270356,0.10889323208563814,130.50847457627117,0.1,10.327394293317298,4.395546558704454,3.948,0.8980079358155161,1.0753347,True,True,209.26372,13.327,13.112,11.861,8.361
589125481283408000,142.77947185308287,10.101996415021617,0.0990462042876215,171.18644067796612,0.24823268762177775,13.06403100914226,6.275722543352602,4.274409448818898,0.9264741106148626,1.0446193,True,True,150.59349,14.43,14.034,11.154,8.17
615981808706309248,147.8429378007189,14.058883257069166,0.11720574612364444,120.33898305084746,0.42188430427737117,12.354871278971093,3.9053956834532375,7.8673913043478265,0.9523826986878845,1.0237519,True,True,161.36292,14.071,13.808,11.679,7.178
4847054559871837952,49.859880189732266,-45.809399134329766,0.15497990744864204,140.67796610169492,0.1,10.607908286940276,11.19278350515464,6.620121951219512,0.896296570086759,1.0029638,True,True,163.9317,12.817,12.625,11.148,8.098
4836426263864553856,56.56050126611954,-43.98219957787528,0.12202396023895894,130.50847457627117,0.1,11.39226166856665,5.998342541436465,4.208139534883721,0.9943793251397023,1.0623128,True,True,179.59592,13.54,13.333,12.074,8.72
4848071505048399744,50.45470104711388,-42.48658003679056,0.16570451263668556,140.67796610169492,0.3361078268614909,12.936528581545138,3.571381578947369,4.377822580645161,0.7918088083994149,1.0272003,True,True,251.99312,15.396,15.134,12.55,8.727
896328166796274560,109.61644724981224,33.744051379229525,0.13723296481170652,161.01694915254237,0.3625630486550966,13.19347795204447,4.036059479553903,3.705460750853243,0.8040735441131257,1.0060544,True,True,203.16992,15.194,15.085,11.664,8.271
880438613162040448,115.20347079654844,32.39610004779883,0.18146546218557916,130.50847457627117,0.1,9.673855339966233,4.8686098654708525,4.8686098654708525,0.8273346484509428,1.0156293,True,True,229.56503,12.782,12.642,11.485,8.151
4796902359900056832,82.97819126655641,-49.50725418162301,0.08040435860706316,150.84745762711864,0.10787105198966634,10.859147827119342,6.099438202247192,5.09718309859155,1.0654924120258251,1.0004662,True,True,249.5821,14.001,13.751,11.94,8.581
4782677325135474560,63.99161505433528,-49.069613230692255,0.18573438045879978,161.01694915254237,0.1,10.987661297120795,10.966666666666667,4.395546558704454,1.0869614091457138,1.0733868,True,True,229.12134,13.651,13.46,11.623,8.987
4782229931278586880,63.53084426444385,-50.28976503492117,0.10398546090734329,110.16949152542372,0.1,10.275206208898979,4.1125,4.431428571428572,0.8309431990915224,1.0196798,True,True,277.19434,13.807,13.636,12.775,9.058
4779795062778837632,61.29187144118482,-54.110021789773945,0.09568489672473433,130.50847457627117,0.10787105198966634,11.616255640295332,4.021111111111111,4.431428571428572,0.8798707094114161,1.0700257,True,True,203.48166,14.137,13.971,12.668,8.854
3116778223912998528,94.77215102315604,-4.035387865341286,0.036922108153957696,150.84745762711864,0.26777121151983396,11.067584692754007,6.7856250000000005,6.660736196319019,1.072209689977743,0.9908819,True,True,278.1231,14.385,14.255,11.29,7.848
3101692550722877568,104.88575638680176,-4.461738037839846,0.05520887733524052,211.864406779661,0.1,9.295403615358474,15.51,6.3122093023255825,1.1544436974181236,1.0402143,True,True,258.0796,12.83,12.764,10.006,7.652
3108643972474790272,105.44533051913318,-3.04792227496158,0.19748544869302653,140.67796610169492,0.1,10.770304442930518,6.50119760479042,4.60042372881356,1.101773319996474,0.95731354,True,True,151.73491,13.027,12.855,11.261,8.163
3108637753362265344,105.46019222511964,-3.1871043476784493,0.14035822434793313,191.52542372881356,0.1833324376267034,10.686551481599658,6.239655172413794,4.957534246575343,0.8559436306975353,1.0207589,True,True,244.6069,13.917,13.838,10.547,7.948
3116698822857668736,96.53350754719712,-3.45409627177724,0.17827369278872238,222.03389830508473,0.1,10.675974007939386,15.07916666666667,5.145497630331755,1.439419662100243,1.0783472,True,True,196.47586,13.041,12.778,10.432,8.283
6571724378664214656,329.5436956216303,-41.45123018831874,0.11704467581576171,161.01694915254237,0.3625630486550966,12.04578868481165,7.592307692307694,4.957534246575343,0.8725659265892645,1.0109503,True,True,268.02374,14.838,14.669,11.271,8.007
1966840484626886528,324.9276661257656,42.47364232992727,0.08429929260300614,181.35593220338984,0.24823268762177775,11.469169829290053,8.351538461538462,5.9327868852459025,0.8643780884734198,0.99634975,True,True,220.71794,14.172,14.198,10.698,7.863
1967775554851509504,324.2546959624983,43.72753372394334,0.12029301315618729,171.18644067796612,0.12552052364172658,10.780365320027347,5.71421052631579,3.5831683168316837,0.8811027928767219,0.9406714,True,True,298.51196,14.131,13.991,11.691,8.66
1970808111003662720,321.10698999326274,44.32665348309656,0.15948039346804227,150.84745762711864,0.1,9.95119764462697,5.868648648648649,3.5831683168316837,0.7934520917581788,1.0107527,True,True,279.52295,13.456,13.338,11.589,8.646
1972919581341116800,326.12370950768576,43.577482304073854,0.041956274423601406,171.18644067796612,0.23011983571417985,11.850975684702913,5.868648648648649,3.655555555555556,0.9510921468204889,1.1506902,True,True,286.72784,14.966,14.812,11.754,8.579
1940311369290981376,354.31710854837394,48.45936875089529,0.13463240986302435,161.01694915254237,0.15755401855293244,10.249268003639731,6.743478260869566,5.483333333333333,0.8471073514602359,0.9875601,True,True,272.6134,13.857,13.739,11.142,8.027
1974176980273662208,326.27938922980445,45.896195367271815,0.10691972470945427,161.01694915254237,0.1,10.069397394007733,5.90054347826087,4.081578947368421,0.9096054281463598,1.0011683,True,True,259.23517,13.547,13.484,11.422,8.48
2161888422860486400,315.62287780584006,42.93161748714541,0.03938899370362742,150.84745762711864,0.10787105198966634,9.796369981187237,7.286577181208055,6.349122807017544,1.0142913231796988,0.9881405,True,True,278.65472,13.398,13.328,11.401,7.935
1971476850283205120,319.1921874296946,43.93441083805555,0.06021838978498663,181.35593220338984,0.11636163857357301,10.919488998579666,9.960550458715597,5.1947368421052635,1.0780361961481675,0.97691166,True,True,246.68242,14.081,13.956,11.388,8.56
1933722679003739648,339.3938998034829,43.08428695958627,0.0981254639447915,150.84745762711864,0.12552052364172658,13.030577010869592,4.60042372881356,3.8228873239436627,1.0741350850692548,0.99349993,True,True,132.33417,13.893,13.634,11.961,8.594
1971505063938040320,319.576262322217,44.12869095760341,0.11322998536792378,140.67796610169492,0.1,10.238614100820886,5.775,4.912669683257919,0.8766280249113091,0.97470194,True,True,280.05774,13.549,13.478,11.98,8.461
1976049998326978944,328.581396284591,47.41802071515205,0.047403214170141234,191.52542372881356,0.1833324376267034,10.472473738355035,8.416279069767443,3.8363957597173153,1.0430923438493618,0.9632612,True,True,271.09534,13.821,13.714,10.488,7.811
1967614403379881984,323.31151731400206,42.93230073762048,0.07067691964390295,130.50847457627117,0.1,11.322583027398606,3.948,3.7697916666666673,1.0308313877294628,1.007938,True,True,178.3787,13.522,13.346,12.146,8.619
4823360079996664064,75.84421467619786,-38.51577523205839,0.048067393966293524,130.50847457627117,0.14605773805564215,10.954165726911857,3.8363957597173153,5.539285714285715,0.8800348073499985,1.0127276,True,True,253.23344,14.033,13.889,12.431,8.417
5044820658343265536,46.88068703855455,-38.64397889391429,0.12345183543192442,100.0,0.1,10.190674108976276,3.705460750853243,4.051119402985075,1.0155811462833342,0.98788697,True,True,215.89102,13.253,13.09,12.452,8.796
4844359313274922368,63.95851167829912,-38.79166001813839,0.08216507554125124,171.18644067796612,0.1,11.524154832793164,8.6856,4.63974358974359,0.9928275067747192,1.1048249,True,True,169.04216,13.63,13.369,11.291,8.553
4843191593270342656,59.01587563718896,-40.5301454610433,0.18547024186163621,211.864406779661,0.1,11.085591692411263,13.91923076923077,3.809473684210527,0.8845015646467213,1.0639758,True,True,211.61754,14.017,13.636,11.14,9.03
5044288078102521344,45.81826100458593,-39.93812301276195,0.13237493317892585,150.84745762711864,0.14605773805564215,12.988252922680322,4.191891891891892,3.7567474048442913,0.9782949083195445,1.0601944,True,True,161.44969,14.489,14.24,12.313,8.854
4845103407768963200,59.500869516110455,-38.8190066206984,0.1929173320548552,110.16949152542372,0.1,9.671380942072128,4.679741379310345,3.850000000000001,0.9610422362492388,1.0753953,True,True,276.08945,13.246,13.066,12.226,8.823
2250874578947677440,300.9963576688141,69.48164877045765,0.10663614774352945,140.67796610169492,0.1,12.527194226636288,14.671621621621624,9.960550458715597,0.8646394108666907,1.0597637,True,True,90.250404,13.007,12.769,11.338,8.148
2257124409200338304,279.928402133614,66.82243026648572,0.19882316134015846,100.0,0.1,13.2213693895144,11.80108695652174,6.828301886792453,1.4417774088201747,1.0035743,True,True,66.98558,12.79,12.577,11.622,8.58
2271217330769945984,313.197612382567,69.91598378265606,0.08864618389088279,150.84745762711864,0.14605773805564215,11.756798615507652,4.7,3.9194945848375453,0.892697153014986,1.0077088,True,True,293.25598,14.767,14.586,12.634,9.173
2275272119196499712,309.50105459845184,72.65109611294932,0.10303262385507352,110.16949152542372,0.12552052364172658,11.428388374541486,3.5250000000000004,5.71421052631579,0.9632408999428471,1.1155272,True,True,205.86453,14.143,13.926,13.15,8.867
2278540176991575424,312.6933847386838,76.12501213742159,0.1626240398117203,201.6949152542373,0.16995517726504228,11.503888704224739,9.440869565217392,3.7697916666666673,0.8990610440632101,0.9526304,True,True,287.5343,14.62,14.289,11.365,8.831
4652200380574451712,77.90756560684461,-69.66568989880642,0.18602583590492092,232.20338983050846,0.10787105198966634,13.648323552926033,5.244927536231885,3.991544117647059,0.968080329801034,1.0504786,True,True,104.42856,14.096,13.917,11.055,8.993
4659179496223480832,89.02080279216217,-67.77934383727451,0.0973565401130972,100.0,0.1,10.549290272795634,5.0263888888888895,5.12122641509434,1.4667397876138712,1.2699518,True,True,180.13734,12.998,12.843,12.515,8.634
4660178505646521344,82.17247764959673,-67.24080718356255,0.15734082268112673,232.20338983050846,0.1,10.502874114664444,19.740000000000002,4.679741379310345,0.8043196628088393,0.99287206,True,True,219.43605,13.56,13.473,10.611,8.571
4659185745382182016,88.3800227174553,-68.23528603960713,0.09279225745111376,211.864406779661,0.19776262910622383,10.943103068463987,20.105555555555558,8.6856,0.9100027065835357,1.0516859,True,True,280.52023,14.116,13.961,10.619,8.217
4649396037451459712,74.012691975186,-74.1705989811048,0.06075555303802628,181.35593220338984,0.16995517726504228,11.686351800259418,10.540776699029127,5.0032258064516135,0.9427809975939992,0.9092931,True,True,219.42052,14.434,14.193,11.26,8.457
4657786238882990080,84.62068735076193,-68.70239233555324,0.14687787308669506,211.864406779661,0.21332862845930578,11.44735980985647,15.29154929577465,7.238000000000001,1.0914898154000454,1.0093627,True,True,267.80707,14.284,14.045,10.739,8.317
4662104811317942528,74.63125346393167,-66.49660812163107,0.09504372748057069,201.6949152542373,0.24823268762177775,12.221476518889283,9.440869565217392,6.133898305084747,0.9409241322131429,0.9713171,True,True,168.7502,13.865,13.687,10.261,7.714
4660209051456979200,82.47115669377166,-66.97725369014096,0.08582850763813066,150.84745762711864,0.23011983571417985,12.702188178026956,13.403703703703705,10.74950495049505,1.0042552585439486,1.034147,True,True,136.86877,13.839,13.751,11.315,7.824
4661749226710292864,72.9821427858105,-67.04375978735605,0.0900840315053336,211.864406779661,0.13540030931526834,11.666184744937478,12.925,5.837096774193549,1.0245054650610053,1.115914,True,True,171.96547,13.777,13.549,10.609,8.297
4658867677285653888,79.85387552432717,-67.25526052263757,0.1088987412101671,191.52542372881356,0.1,10.984327148788145,10.24245283018868,3.502258064516129,1.017257856102198,0.9791532,True,True,286.20062,14.315,14.124,11.825,9.272
4658193058184872448,79.29501547924006,-69.26015468585226,0.10855015441434858,283.0508474576271,0.1,9.65359675326601,5.145497630331755,3.655555555555556,1.0302897844730157,1.0166122,True,True,189.32338,12.282,12.173,9.198,7.481
4667227504707875712,52.14469905770185,-69.42379596941096,0.15286723691394666,150.84745762711864,0.1,12.170854427715998,12.479310344827589,7.238000000000001,1.0757551352040136,1.0635493,True,True,101.57095,13.154,12.925,11.231,7.984
4662108904454413824,75.50823766806504,-66.6200580975419,0.08269070531480661,201.6949152542373,0.14605773805564215,11.609780661687235,10.74950495049505,3.667905405405406,0.9412151248475091,1.0607941,True,True,265.1499,14.555,14.421,11.497,9.011
462521832652528000,50.75649886040952,60.43984345780439,0.1315337422362154,140.67796610169492,0.1,8.585264214510866,9.440869565217392,10.74950495049505,0.7857022615414525,0.99677217,True,True,264.28247,12.223,12.236,10.716,6.904
462552417119024000,49.8411579213804,60.38219859757361,0.1282674552412382,161.01694915254237,0.1,9.63042259556734,6.743478260869566,6.50119760479042,1.1159641580633937,1.0445927,True,True,235.25566,12.761,12.664,10.637,7.589
463494526785200000,51.75205768776945,61.899097360304125,0.14348441548602037,161.01694915254237,0.1,10.48389484657614,4.890540540540541,3.7181506849315076,0.8947762251296433,0.98891073,True,True,281.09067,13.756,13.611,11.68,8.603
462856603883606912,47.09679080985576,59.90047920203283,0.08008470795056673,161.01694915254237,0.1,10.99432197471387,7.924817518248175,3.7437931034482763,0.9526659432156727,0.9904136,True,True,176.44632,13.268,13.1,11.131,8.243
449103122168914816,55.65032766588969,57.71084780520336,0.15181810158366266,150.84745762711864,0.1,11.109457903213702,4.7,3.6311036789297666,1.171599051303771,0.9431222,True,True,207.48773,13.452,13.264,11.713,8.573
475420688892338944,62.82219393006775,61.458436830073786,0.08412160714316962,150.84745762711864,0.31158296935278684,12.058942412788424,4.846875000000001,4.360240963855422,0.9107564872885866,1.02242,True,True,264.19617,14.965,14.895,11.707,8.275
460469598497982848,47.63486693592459,58.54152683194288,0.10338143738434295,201.6949152542373,0.14605773805564215,12.3346130794315,9.35948275862069,4.720434782608696,1.0501717731198705,0.8844663,True,True,125.47771,13.269,13.068,10.374,7.782
462675008365799936,51.295579491021165,60.89886381953443,0.06487802615804451,161.01694915254237,0.12552052364172658,11.15659819289139,4.761842105263158,4.308333333333334,1.005740533317427,1.015258,True,True,218.77171,13.982,13.862,11.598,8.422
459980826920492544,47.78010785255736,56.66819414257991,0.14853793851071861,181.35593220338984,0.1833324376267034,11.339739562237144,4.561764705882354,4.8686098654708525,1.1425552463021116,1.0328829,True,True,233.03915,13.936,13.924,10.958,8.14
459972619242227584,47.60254793347112,56.53758199246641,0.16270061437628977,161.01694915254237,0.1,10.954264954404941,11.19278350515464,7.385714285714287,1.0423452214393252,0.95819277,True,True,116.24573,12.266,12.002,10.283,7.536
461901884191864832,48.04025126768402,58.25270734638372,0.16166019931063086,181.35593220338984,0.21332862845930578,10.07625313800234,17.511290322580646,11.80108695652174,0.9537503798574355,1.0469944,True,True,247.83656,13.087,12.95,9.773,6.938
460053807005410688,46.82669572755887,56.88774985699916,0.15210375463187592,171.18644067796612,0.3361078268614909,11.203266330781894,7.004516129032258,3.6190000000000007,0.8429551276562292,1.1091332,True,True,269.90985,14.145,14.054,10.612,7.357
462987166587681664,47.68616752701782,60.59876187826127,0.0997133904389252,171.18644067796612,0.23011983571417985,11.589804243163039,4.980275229357798,4.63974358974359,0.936434623504124,1.0605446,True,True,266.0862,14.485,14.242,11.336,8.272
462963359591192576,47.91134564135082,60.34325363019241,0.09263675168918371,181.35593220338984,0.23011983571417985,11.58730244981393,6.743478260869566,3.9053956834532375,0.7808837683747657,0.9007862,True,True,266.7772,14.434,14.313,11.213,8.304
463346157134545408,50.38893601136631,61.01581390092212,0.06626701356641145,171.18644067796612,0.24823268762177775,12.641577571087925,6.620121951219512,5.0263888888888895,1.025998560969009,0.9768664,True,True,172.47124,14.359,14.119,11.164,8.03
463331970862727552,49.14740029514773,60.89105010729284,0.047425883426650384,191.52542372881356,0.11636163857357301,11.715446461701898,7.385714285714287,3.5831683168316837,0.9389855230605353,1.0486941,True,True,189.66173,13.916,13.78,11.233,8.531
463336162751360768,49.5566373111013,60.95232894869098,0.055200134771015805,191.52542372881356,0.1,10.312410936459937,8.416279069767443,5.09718309859155,0.8760968955188493,0.94641036,True,True,225.65617,13.247,13.119,10.641,8.075
460407471791326336,47.529115134707936,58.103840965814086,0.05380967441211754,191.52542372881356,0.19776262910622383,10.839961917466443,16.703076923076924,13.240243902439024,0.901932796463309,1.0401344,True,True,122.85358,12.39,12.23,9.076,6.352
450216034091974912,52.428212990875295,59.47400608956448,0.05911522595506597,211.864406779661,0.23011983571417985,11.687495516749228,20.105555555555558,7.09607843137255,1.0518855748535796,1.0296811,True,True,170.49023,13.637,13.409,9.922,7.53
462173012589099776,49.19997213979799,60.2160824794621,0.10805471260797388,201.6949152542373,0.13540030931526834,10.210087595201099,10.857000000000001,6.031666666666667,0.9147505645248715,1.0175588,True,True,230.09145,13.133,13.003,10.133,7.603
462951501179483136,49.095147428724246,60.68969011023746,0.06342535867290326,171.18644067796612,0.21332862845930578,11.222274523521499,6.349122807017544,5.374752475247525,1.0712760619485473,1.0182294,True,True,283.9372,14.515,14.372,11.315,8.179
463148313762333696,46.481135144384176,60.92580951589511,0.18136770544134553,211.864406779661,0.16995517726504228,10.559204038188945,11.07857142857143,5.0032258064516135,0.9312616626754637,0.91030514,True,True,294.60736,13.887,13.711,10.577,8.107
463605474381125888,48.93462288052894,61.67352699843748,0.16286068116146615,171.18644067796612,0.1,10.541730646414342,9.870000000000001,4.0662921348314605,0.989721465732395,1.0668254,True,True,201.03972,13.27,13.143,10.96,8.503
463178451551923328,47.67850738121604,60.77657616718978,0.1720558021261441,161.01694915254237,0.1,11.215565844797336,8.899180327868853,4.051119402985075,1.2945383176350647,1.0026592,True,True,154.57791,13.023,12.875,11.007,8.354
450216034091976320,52.41942087256757,59.47378214592761,0.1176797134451944,242.3728813559322,0.13540030931526834,11.547031105411575,21.28823529411765,6.3122093023255825,1.025737300824246,1.0033411,True,True,129.5729,12.8,12.643,9.639,7.564
463021530620770816,48.62203040639564,61.032134746367866,0.1541613372922083,181.35593220338984,0.3625630486550966,12.159261210927403,5.9327868852459025,5.62538860103627,0.8257438842491336,0.93547714,True,True,281.12454,15.156,15.049,10.971,7.923
461720907150863360,48.65160468999512,58.36456691277287,0.08631589208843284,211.864406779661,0.3361078268614909,12.63112584444135,12.624418604651165,4.980275229357798,1.0338295217474318,1.0341961,True,True,187.45103,14.541,14.332,10.34,7.89
450187820450393088,52.6003042036541,59.141696402904856,0.108606314561164,252.54237288135593,0.3361078268614909,10.962166067170385,5.744444444444445,6.7856250000000005,0.8045956793626269,1.0071932,True,True,251.75783,13.832,13.771,9.353,7.323
460053394688513664,46.78515326549123,56.866316794517786,0.13830851748634146,201.6949152542373,0.21332862845930578,11.387538414188077,6.620121951219512,5.0032258064516135,1.0523707443702193,1.0149293,True,True,191.24968,13.529,13.3,10.072,7.428
310640179768135936,19.59903516219142,31.95232136376459,0.12262274717352813,150.84745762711864,0.11636163857357301,10.778425506461215,4.9350000000000005,4.542677824267783,0.8623942462749199,0.9686757,True,True,274.63248,13.966,13.753,11.978,8.486
216549472221300992,55.06156889265733,31.456800668588453,0.07430572781653122,171.18644067796612,0.1833324376267034,11.446897765642364,5.511167512690355,5.0263888888888895,0.9023814815720088,1.0227807,True,True,178.77132,13.514,13.338,10.698,7.629
121176287440183936,54.10247468694697,30.77814877730277,0.05763052281474495,181.35593220338984,0.1,10.030621328575672,8.755645161290323,4.291304347826087,0.8306959508982237,0.98915404,True,True,249.58641,13.27,13.098,10.766,8.039
217414650433979136,54.975840252762815,32.39457383806936,0.053282926693578606,130.50847457627117,0.14605773805564215,11.046940539919643,3.667905405405406,4.3428,0.9218032162373508,1.082054,True,True,192.84567,13.511,13.362,11.739,7.949
216701544127953536,56.30025725042049,32.19474335152563,0.15160952631688157,171.18644067796612,0.1833324376267034,8.704422407558244,25.85,12.198876404494383,0.8111186333513257,0.9117882,True,True,288.41412,12.476,12.47,9.476,6.402
123825182750715264,48.05566303476134,32.413360327216786,0.07709820334593281,140.67796610169492,0.1,11.291923689602463,3.6190000000000007,3.502258064516129,0.9276965060688932,1.0155245,True,True,168.48268,13.263,13.074,11.8,8.254
217188112383909120,57.67981286909673,33.35391545709071,0.1229574136332795,161.01694915254237,0.26777121151983396,12.48119084118144,3.7567474048442913,3.680338983050848,0.7768755389551905,0.96153295,True,True,232.4858,14.763,14.539,11.773,8.441
183248288677757568,82.19645850972407,35.24268460280131,0.055020910247027426,181.35593220338984,0.1,9.860218160094679,6.031666666666667,4.081578947368421,0.8713057580518776,1.0631729,True,True,298.4904,13.498,13.423,11.094,8.215
182943788377290368,81.48435011815769,35.297070675689675,0.07902420287916533,191.52542372881356,0.24823268762177775,11.25146391262829,16.45,7.983088235294118,1.0922499554354617,1.0874714,True,True,166.38701,13.471,13.362,9.782,7.092
3448725805158617088,82.32592260070847,32.14654636391697,0.10306169413044372,171.18644067796612,0.1,10.072419695160185,5.998342541436465,3.536482084690554,1.0153691093778008,0.9505195,True,True,268.82748,13.363,13.218,11.211,8.171
182041162347363840,79.67078610444726,34.43539310340615,0.176995891387238,171.18644067796612,0.14605773805564215,9.38717428818811,13.743037974683546,12.479310344827589,0.8820963668354193,0.9605033,True,True,243.24826,12.57,12.504,9.831,6.853
182604421539916672,82.5084875024135,34.43829787973463,0.13412811078725803,161.01694915254237,0.1,9.753898449109743,9.693750000000001,5.998342541436465,0.8543999360320961,1.039954,True,True,165.39825,12.344,12.217,10.164,7.312
124559312920519040,52.74276039645791,32.284910032929965,0.1285498850540455,181.35593220338984,0.15755401855293244,11.81845977469885,7.004516129032258,3.6432885906040275,0.9994980462384719,0.9361026,True,True,194.44485,13.895,13.724,11.135,8.254
217459588675462656,55.43127838289131,32.412056865050545,0.14626462342694396,211.864406779661,0.23011983571417985,12.115751418834813,11.80108695652174,4.9350000000000005,0.8628318260151461,1.1005893,True,True,191.19922,13.946,13.795,10.348,7.978
183700595974425472,81.36573568597252,35.50289956127712,0.16689361662064292,171.18644067796612,0.11636163857357301,10.313989984714501,3.9336956521739133,3.7567474048442913,1.1927909691192744,0.90431494,True,True,272.7391,13.527,13.403,11.227,8.12
217420147990826752,55.01932079460268,32.528622128181325,0.08444301390438977,181.35593220338984,0.42188430427737117,11.986194834683946,5.567692307692308,4.957534246575343,0.8611819105416032,1.0256977,True,True,252.27199,14.859,14.769,10.66,7.715
182292400754039552,79.100955548714,34.75864022928033,0.15558127251475548,201.6949152542373,0.39110057471005855,11.012116541275407,5.9327868852459025,5.348275862068966,1.1066913065236057,0.9703933,True,True,164.6766,13.044,12.833,8.659,5.923
182099226008267904,79.35377633724482,34.53472285047545,0.1897942196648046,150.84745762711864,0.31158296935278684,10.950701588960673,5.539285714285715,5.62538860103627,1.0684489020030987,1.0079067,True,True,288.27905,14.139,14.041,11.015,7.36
182686399575787136,80.994826017462,33.73449159102127,0.05579900289924596,181.35593220338984,0.3625630486550966,10.703467769766938,14.87260273972603,9.523684210526316,0.8167874204347699,1.0131625,True,True,274.6986,14.041,13.947,9.99,7.114
182053836792653952,79.2388065503622,34.10946585933449,0.07979445202710825,140.67796610169492,0.26777121151983396,11.322389786827914,3.809473684210527,5.374752475247525,0.9053263616456383,0.96919787,True,True,253.92534,14.428,14.308,11.789,7.879
181186253400855680,80.40642885723793,33.58283533090806,0.0686868835548557,150.84745762711864,0.24823268762177775,10.142702836362282,5.483333333333333,4.5810126582278485,0.9342898348988286,0.96448165,True,True,275.5325,13.588,13.472,10.687,7.151
183606862606935168,79.84685643221084,34.996631556899224,0.12408449779903563,191.52542372881356,0.24823268762177775,10.922412405708963,10.644117647058826,4.912669683257919,1.0482592620420514,1.1198452,True,True,282.48105,14.026,13.982,10.509,7.821
182657679134337152,82.45134963189886,34.63810471645652,0.12828230066346108,171.18644067796612,0.1,8.890170402889794,9.27948717948718,5.71421052631579,0.8123851164802749,1.0346476,True,True,260.02908,12.726,12.61,10.221,7.62
182594933955444608,82.32639386978524,34.21323376221695,0.10078545604201124,191.52542372881356,0.3625630486550966,11.299836257546742,8.351538461538462,6.660736196319019,0.9312149467909242,0.9605802,True,True,271.27536,14.359,14.221,10.239,7.428
170010787154922112,63.289306562288,34.203648373164576,0.08170677141844278,150.84745762711864,0.11636163857357301,10.202574166701236,4.486363636363637,3.6190000000000007,0.9070057871814898,0.96686906,True,True,295.43243,13.705,13.548,11.683,8.235
182905683426824064,81.37176795233228,35.076467804401986,0.12412636640144604,201.6949152542373,0.2888476227919195,11.303352040606333,9.960550458715597,4.890540540540541,0.7954252277155148,0.9676455,True,True,291.1917,14.464,14.296,10.538,7.989
180964362507643136,81.14441408051816,33.090032762708525,0.0851000597628154,181.35593220338984,0.3361078268614909,11.851202851634989,8.042222222222222,7.539583333333335,0.9601511229652309,1.0130928,True,True,204.54112,14.186,14.01,10.325,7.484
181953648093076352,78.83742887555677,33.93509681970746,0.046993050189149815,161.01694915254237,0.1,8.906917477223626,11.07857142857143,9.123529411764707,0.7508029681738283,0.9452406,True,True,245.15102,12.609,12.513,10.262,7.102
182610911233404160,82.03602413982226,34.085029920018584,0.08676268405478989,181.35593220338984,0.31158296935278684,11.226108762468051,9.123529411764707,5.170000000000001,0.9319123931692972,1.0733176,True,True,298.7179,14.722,14.717,10.725,7.898
3455669702123348096,85.02600051142947,35.04116457502846,0.18630725769659115,110.16949152542372,0.1,8.96081112653472,4.890540540540541,5.483333333333333,0.6445969476314186,1.2134893,True,True,208.83485,12.282,12.326,11.278,7.712
182289956917284224,78.72389266247355,34.89436931455615,0.07526750926977124,181.35593220338984,0.15755401855293244,10.282761485163165,8.616666666666667,5.145497630331755,0.8398631569120631,0.974701,True,True,246.137,13.607,13.504,10.558,7.683
1265371002616796928,227.83361007913928,26.00427138172379,0.183067121346152,191.52542372881356,0.1,10.00533884693418,11.55,3.6432885906040275,0.8455552475329886,1.1537486,True,True,275.3293,13.504,13.341,11.033,8.837
1272193884586439552,230.8844137540445,29.51777737012923,0.18125319612531574,130.50847457627117,0.1,10.242637147815294,4.63974358974359,4.8686098654708525,1.3792969566574713,1.181223,True,True,297.3607,13.395,13.233,12.173,8.402
5218023284797191168,147.76186792989603,-73.33720000650482,0.18638530122451194,100.0,0.1,9.613758256220036,5.145497630331755,5.401492537313433,0.9318607475919211,0.96784854,True,True,244.67317,12.848,12.717,12.486,8.722
3810623803966049280,170.35986953651505,1.5271308046590353,0.1688079409077714,120.33898305084746,0.1,10.006117030211547,4.782819383259913,4.7,0.7346234054897695,0.98236907,True,True,183.18318,12.656,12.564,11.452,8.087
528386603543133312,1.5878690533361215,66.45078113050836,0.16067202957078447,120.33898305084746,0.1,8.635249672096034,6.7856250000000005,7.050000000000001,0.7804320739633582,1.0521115,True,True,295.1665,12.474,12.415,11.413,7.474
527912091257041408,7.870745987781606,66.61593682854567,0.16359457659632493,161.01694915254237,0.1,11.69010445355832,7.539583333333335,3.9336956521739133,0.9119048268334403,1.031233,True,True,112.31359,12.721,12.581,10.713,8.1
527689444453492480,10.51994162795456,66.61688767843846,0.19520340887701534,171.18644067796612,0.1,11.802882043327983,8.287786259541985,3.5250000000000004,1.009247683202732,1.0140132,True,True,122.19178,13.011,12.865,10.854,8.466
528423913919782656,0.2595974124794861,66.5231240279092,0.08149473321406328,120.33898305084746,0.26777121151983396,10.580479460832313,3.667905405405406,7.539583333333335,0.8415466903312053,1.0454694,True,True,287.19608,14.091,13.892,12.089,7.782
528876431674345088,3.661689326491616,68.25777148955102,0.03775320473238446,191.52542372881356,0.24823268762177775,11.38492224647948,16.9640625,11.309375000000001,1.002226791254041,1.0155725,True,True,178.00252,13.619,13.422,10.015,7.254
519646585614050944,28.279285778919903,67.14825314440573,0.031190709594139113,222.03389830508473,0.11636163857357301,10.873707708895076,13.080722891566266,4.4679012345679014,0.8626789038068174,0.97049683,True,True,173.8897,13.146,12.971,10.068,7.829
527924499422587904,7.8016847694148606,66.70487655430881,0.16715913935714002,161.01694915254237,0.1,11.276162634901077,8.351538461538462,5.09718309859155,1.1644852574809548,1.2846571,True,True,130.02165,12.812,12.607,10.801,8.131
530448325281461248,5.527351887651045,69.03488122429296,0.1676035342201251,181.35593220338984,0.26777121151983396,13.411142236471369,5.90054347826087,3.991544117647059,0.8773942176410614,1.0144205,True,True,141.67961,14.512,14.355,10.922,8.223
522403022606645376,30.180713525190143,72.01518793755304,0.13647222404076942,171.18644067796612,0.31158296935278684,12.138483034287345,6.099438202247192,3.502258064516129,0.7155233754394755,1.0407728,True,True,279.6174,15.237,15.318,11.561,8.597
528576166219929600,1.2034620084893684,67.29020142867074,0.19592789395517213,181.35593220338984,0.39110057471005855,11.03120116566445,3.8637010676156582,8.972727272727274,0.9864370056259364,1.0183883,True,True,235.65202,13.718,13.515,9.745,6.581
528952130477487232,1.6485854971622274,68.03412055893324,0.1876609379571201,140.67796610169492,0.1,9.805312190921313,9.781081081081082,4.890540540540541,0.782283923180749,1.0518951,True,True,196.628,12.835,12.721,11.003,7.97
521297841621450496,29.713608213843838,68.15692001151051,0.17683633951325198,161.01694915254237,0.3625630486550966,12.804767804472222,5.0032258064516135,4.523750000000001,0.8700687022758563,1.0111749,True,True,235.17548,15.127,14.988,11.627,8.317
528965835716001024,1.2678480303837074,67.78267295608552,0.1631736836807348,232.20338983050846,0.3361078268614909,12.18937284394996,10.857000000000001,3.548039215686275,0.8275425660869109,0.9569491,True,True,280.85233,14.749,14.651,10.581,8.339
528825789719502080,3.955085294430544,67.68975069691226,0.13884005022701726,232.20338983050846,0.31158296935278684,10.909780127880893,15.734782608695653,6.239655172413794,0.9775686403625264,1.045439,True,True,284.2951,14.042,13.879,9.874,7.663
528921619029916416,1.92969475504331,67.76648556115387,0.12065823195631173,181.35593220338984,0.1,11.764335990339365,19.387500000000003,5.2960975609756105,1.0269339569132478,1.0204724,True,True,61.97324,11.705,11.48,9.26,6.641
2213947992030110592,351.23926490447883,68.20585964808947,0.12810641664782677,181.35593220338984,0.16995517726504228,11.836672887194462,10.74950495049505,6.168750000000001,0.9239241095971044,0.9584447,True,True,244.20459,14.372,14.187,11.522,8.586
2224203102620877824,324.65141840635346,70.56075771753426,0.08372922165515587,161.01694915254237,0.11636163857357301,11.928267533913672,5.567692307692308,3.680338983050848,0.9983736240064569,1.0674465,True,True,223.61395,14.568,14.326,12.276,9.155
2273605538743096192,316.95704905399487,72.80416912149376,0.11359194359015339,130.50847457627117,0.24823268762177775,12.843420387805068,5.71421052631579,7.487586206896553,0.9894785731073283,1.0677088,True,True,165.0652,14.557,14.38,12.32,8.431
2224352189525904640,328.61526753396055,70.69446955071874,0.15220189838655437,171.18644067796612,0.16995517726504228,11.870904415376215,7.8673913043478265,4.325498007968128,0.8256539685713777,0.9568828,True,True,262.30823,15.094,14.855,11.955,9.061
2226460674872425088,339.18283949960755,70.66801786432299,0.1992708751711802,191.52542372881356,0.2888476227919195,12.846895408414124,8.899180327868853,3.7181506849315076,0.8336663388831518,1.0076598,True,True,278.02466,15.61,15.355,11.788,9.112
2271779009411275776,317.12873858243097,71.49248915183672,0.06774819114181356,150.84745762711864,0.1,12.962889156694136,5.483333333333333,3.9336956521739133,0.9870716164366471,0.96214384,True,True,145.29597,14.171,13.955,12.492,9.288
2209807166818813568,358.5764589023445,66.61176198950542,0.057417357476764984,171.18644067796612,0.15755401855293244,12.866839045271165,5.483333333333333,4.679741379310345,0.8762713072254692,1.0831091,True,True,157.30582,14.315,14.057,11.692,8.613
2209834173573188992,359.4419080185352,66.71246580846902,0.0750374691656282,171.18644067796612,0.1,9.21509373389155,23.60217391304348,14.87260273972603,1.0672296027771333,1.0059226,True,True,167.74634,11.806,11.793,9.413,6.662
2219608140451632640,330.0580685623447,66.97485444878913,0.057277841702263056,181.35593220338984,0.13540030931526834,12.581736046470045,7.645774647887325,4.486363636363637,1.0455964217325509,0.8958919,True,True,173.93204,14.252,14.087,11.674,8.846
2222228139219539328,322.34639188647367,68.22765038280946,0.04713739919026211,161.01694915254237,0.12552052364172658,10.82191172028178,8.826829268292684,5.483333333333333,1.0022364267228094,1.0023063,True,True,276.7165,14.207,14.1,11.796,8.618
2229814567590099200,336.7029324062481,71.81449870355515,0.16583122105101983,171.18644067796612,0.1,10.822891284078127,8.972727272727274,3.571381578947369,0.933966684506683,1.0327781,True,True,235.27032,13.854,13.663,11.587,9.046
2274105021963209600,322.2746210451498,74.13778530645203,0.12960756592868775,150.84745762711864,0.1,12.315010407969346,6.275722543352602,4.0662921348314605,0.9477879191675043,1.1890098,True,True,141.00182,13.592,13.328,11.911,8.753
2223706299461209472,324.5530211165951,68.58005635721847,0.1116005623008272,222.03389830508473,0.24823268762177775,11.662752234603836,14.285526315789475,6.239655172413794,0.9192675482573803,0.986944,True,True,249.17023,14.569,14.613,10.592,8.396
2210034211670872576,358.3597384646579,67.07004811203089,0.17369731964794097,242.3728813559322,0.1,11.978688840032035,8.972727272727274,3.7829268292682934,0.977774996616882,1.0324174,True,True,153.21484,13.391,13.153,10.759,8.722
2223078718841394176,327.20528336239107,69.0948314395706,0.051073219398966654,161.01694915254237,0.10787105198966634,10.833746807882584,6.959615384615385,4.9350000000000005,0.8918911469369737,1.0384984,True,True,292.36652,14.233,13.981,12.099,8.865
2210561118260938240,350.90992956796083,67.03456544131673,0.1419914224199017,150.84745762711864,0.12552052364172658,11.152136336368972,5.837096774193549,4.4679012345679014,0.8955351192685487,0.9936541,True,True,270.74493,14.024,13.911,12.146,8.77
2215059705663304576,349.35413304631953,69.86008426918849,0.02978390030803674,181.35593220338984,0.16995517726504228,11.135770397818622,16.9640625,10.857000000000001,0.9402585269422443,1.0131543,True,True,126.15426,12.712,12.535,9.576,6.76
2229703272100820480,334.50642282735527,71.55616886916489,0.18698572057162738,150.84745762711864,0.21332862845930578,12.464242551589884,3.730927835051547,3.536482084690554,0.9581210988714491,1.0524908,True,True,299.55646,15.558,15.262,12.785,9.266
2273427658377008384,319.2479027732249,72.45580065764432,0.10210842873045677,140.67796610169492,0.11636163857357301,12.353009958572658,3.8228873239436627,3.6311036789297666,0.8427457661650907,0.97526616,True,True,219.95306,14.543,14.386,12.916,9.377
2229695678597978368,334.504725137541,71.35146421521058,0.09351796588752694,171.18644067796612,0.1,10.875961134456544,6.828301886792453,4.021111111111111,1.0857023279972067,0.9592749,True,True,277.4568,14.213,14.002,11.966,9.135
2222473368969201024,320.8093037234112,68.81467241208495,0.06329184958805678,181.35593220338984,0.10787105198966634,11.472119611416623,7.286577181208055,3.7567474048442913,0.9190522414329088,0.988685,True,True,268.12177,14.451,14.259,12.008,9.203
2224242685040299008,328.23252363896194,69.91471122331316,0.13655503749177006,181.35593220338984,0.15755401855293244,11.754990903596322,9.27948717948718,4.308333333333334,1.0235097075956707,0.9532383,True,True,285.20453,14.685,14.58,11.736,8.84
2210121867661807616,359.7429866344668,67.59722971790282,0.06778928715263434,191.52542372881356,0.1,7.832638656990089,8.225,6.660736196319019,0.7175226412846047,0.99383605,True,True,289.46234,12.094,12.154,9.237,6.689
2210883069008231680,358.990465561453,67.71872937599649,0.1947525490278379,150.84745762711864,0.1833324376267034,12.625725949500405,5.837096774193549,5.483333333333333,0.9506066580387782,0.9731368,True,True,142.17067,13.702,13.506,11.561,7.942
2287280714613454208,347.0276306682848,81.63410380619092,0.09856326504371216,100.0,0.1,10.01291490677262,4.413414634146342,7.436301369863015,1.0128836861294428,1.0212761,True,True,203.78275,12.748,12.612,12.434,8.157
2213491282388423680,346.52056721417244,68.94472960908263,0.09451025923130003,201.6949152542373,0.24823268762177775,12.005190150954324,10.340000000000002,4.486363636363637,0.6978755670034725,0.94649553,True,True,295.53653,14.94,14.89,11.276,8.82
2230705653043990528,332.24072414096264,72.15112172144242,0.16739390275135976,130.50847457627117,0.1,10.52954025549376,6.743478260869566,4.325498007968128,0.9184738522537885,0.99684066,True,True,221.30333,13.491,13.298,11.986,8.818
2225434658725488128,341.48242431623584,68.66088475537931,0.09334034117111699,140.67796610169492,0.19776262910622383,11.729369652491929,4.021111111111111,4.377822580645161,0.8671287453662391,1.0398992,True,True,287.85294,14.924,14.674,12.656,9.053
2213580823864611200,350.6309397633349,67.21491620831561,0.09682565960425182,201.6949152542373,0.1833324376267034,11.878193481407683,8.416279069767443,4.241015625,1.0174263929532203,1.1551008,True,True,293.61572,14.782,14.643,11.574,8.972
2210129800464415232,358.60195235963124,67.57096635311275,0.05002968171195566,140.67796610169492,0.26777121151983396,10.652392887524151,4.659656652360515,7.645774647887325,0.7842853418754893,0.9672768,True,True,221.79044,13.592,13.455,10.882,6.99
2219129715455420800,336.2691838109603,67.6715853434802,0.14374828612487106,191.52542372881356,0.2888476227919195,12.689577879541588,10.74950495049505,5.049767441860466,0.8768554797396574,1.0732864,True,True,261.3041,15.119,14.87,11.411,8.617
2270570371255538560,321.13754327976835,69.57203894150673,0.13169996816007554,130.50847457627117,0.1,11.592002334788715,7.335810810810812,5.9327868852459025,0.8770210214424735,1.022533,True,True,153.28665,13.558,13.323,12.032,8.675
2226875469931192960,341.13481838255603,71.29102123092451,0.1639790837808227,130.50847457627117,0.1,11.511502394806497,6.7856250000000005,4.7,1.120299454599608,0.978387,True,True,152.9148,13.303,13.116,11.835,8.729
2287315039992360704,350.65669340258097,81.97190470179139,0.18130860873549137,100.0,0.1,10.664222359078375,8.042222222222222,8.548818897637796,0.939138990965397,1.0212135,True,True,112.7285,12.151,11.987,11.731,8.007
2224767839280652416,329.37999242171685,72.09546234458881,0.0506545143089086,120.33898305084746,0.10787105198966634,10.59323069284845,4.0662921348314605,5.998342541436465,0.8959466820421227,1.0317572,True,True,252.87498,13.922,13.702,12.779,8.652
2223655447048500864,324.33506971449884,68.13392872382138,0.0908813599445112,211.864406779661,0.15755401855293244,10.168329915233205,14.285526315789475,9.607964601769913,0.8583077291778933,1.1223177,True,True,268.38684,13.493,13.32,10.126,7.763
6487999729305751296,359.7773164020284,-61.840984657702215,0.08092904258457131,140.67796610169492,0.1,8.881042261001506,9.523684210526316,7.09607843137255,0.870189508431452,0.9810209,True,True,291.35156,12.839,12.746,11.135,7.682
1362050883953093376,263.5452840061871,47.0952740425591,0.07631732794310898,130.50847457627117,0.13540030931526834,11.667140493000177,5.348275862068966,6.4625,0.9240680355433123,0.9433388,True,True,166.47089,13.78,13.552,12.18,8.239
1381439573213902464,246.2761003746906,42.88831157093814,0.1836367669866356,140.67796610169492,0.1,9.465571195115235,8.899180327868853,5.744444444444445,0.8412228347897567,0.992655,True,True,276.1076,13.428,13.23,11.51,8.224
1362835492874828928,265.65515684627803,47.212653832796576,0.06422008211595262,130.50847457627117,0.1,10.00061446860188,4.63974358974359,4.8039823008849565,0.8191213753998164,1.108127,True,True,269.4945,13.528,13.379,12.13,8.497
1396732504350284928,238.447927006627,44.10271194635005,0.13472608979547598,130.50847457627117,0.21332862845930578,11.906651749683737,4.395546558704454,6.50119760479042,0.9772065975975716,0.95093125,True,True,211.86365,14.209,13.997,12.429,8.127
1394343815338758016,230.9457394597864,44.154957794861375,0.07250484254987678,130.50847457627117,0.1,10.663034466624836,4.1125,5.170000000000001,0.9834369152204773,0.9734289,True,True,246.22305,13.81,13.663,12.499,8.578
1396628394342768768,236.34975286531733,44.13748335278773,0.07588625427875337,161.01694915254237,0.1,11.50206081446525,9.20084745762712,4.720434782608696,0.909481272888934,1.0131518,True,True,179.10464,13.695,13.462,11.59,8.678
1586970285360406784,225.0413193713204,45.36971975135616,0.12067548631292473,211.864406779661,0.1,10.770206483650941,14.100000000000001,5.401492537313433,1.6040879560697885,1.2628316,True,True,237.90091,13.522,13.345,10.859,8.544
3864859242230682240,165.4464414115593,7.300372347245989,0.156008264886979,171.18644067796612,0.10787105198966634,10.144990896167112,6.4625,4.846875000000001,0.8604388665749421,1.049521,True,True,264.5889,13.332,13.195,11.015,7.983
1836817393486591104,302.8842087562337,28.074916466530947,0.06540111271994131,222.03389830508473,0.1,10.81641368111763,7.487586206896553,3.559672131147541,0.9126626901407517,1.033933,True,True,258.474,13.859,13.86,11.058,8.779
2021892692580340480,294.74583551636186,25.946595648674837,0.15341362465554578,161.01694915254237,0.1,9.816620583380129,11.55,4.8039823008849565,0.8328046432048183,1.0127738,True,True,219.66855,12.98,13.06,10.675,7.931
2021763293782822400,296.3209186519679,26.162485717281974,0.043619711372128736,161.01694915254237,0.19776262910622383,10.53769218297853,7.050000000000001,6.168750000000001,0.8287012433686662,0.91565377,True,True,250.2187,13.817,13.694,10.891,7.672
2026629560439421568,298.3275437565902,24.884698655350437,0.05753658549152428,140.67796610169492,0.10787105198966634,9.208851373005569,6.959615384615385,6.168750000000001,0.7521034299269663,1.0012852,True,True,275.5016,12.831,12.901,11.195,7.496
2028466462097073280,299.0096679478318,28.38737422695479,0.11517393138865688,201.6949152542373,0.31158296935278684,11.391430526866177,17.511290322580646,9.123529411764707,0.9200017963865348,0.9459775,True,True,185.57578,13.73,13.955,9.631,7.064
5858064813145960320,192.5501873069744,-67.62814091960898,0.11466502680093892,181.35593220338984,0.10787105198966634,10.602585862038378,14.285526315789475,4.912669683257919,0.8249318822528914,1.0526893,True,True,203.32549,13.478,13.449,10.77,8.038
2809560759418357376,9.736440364115715,27.52560805608908,0.10792924633905704,120.33898305084746,0.1,11.40462192263028,3.8363957597173153,3.6928571428571435,1.0921380804039227,0.89801687,True,True,153.89525,13.204,12.984,12.094,8.516
6142027327493847424,195.656743217668,-38.50033051737784,0.04717793027354345,161.01694915254237,0.1,10.759141947716111,8.225,4.5810126582278485,0.9651309860638483,1.0371195,True,True,235.84073,13.773,13.588,11.538,8.499
5329973772031494784,131.65085887897175,-45.46081479499435,0.04786358857187962,201.6949152542373,0.12552052364172658,9.241958965288479,17.233333333333334,7.238000000000001,0.7432952287775454,1.0262852,True,True,284.25336,13.082,13.013,9.947,7.441
5556209765598688512,100.93449280083426,-44.289801837482194,0.137173412792739,130.50847457627117,0.1,10.896578262332895,4.5810126582278485,3.976923076923077,0.8530844726372131,1.0288701,True,True,196.49321,13.71,13.558,12.244,8.769
5328549427740375168,133.95347299834597,-48.001622875843005,0.1698405942575256,211.864406779661,0.42188430427737117,12.123065960887939,14.476000000000003,9.123529411764707,0.9533922154865273,1.0085993,True,True,220.75381,14.5,14.539,9.894,7.217
5328766954940588416,133.02079830967364,-47.75449078569995,0.10946117679453851,150.84745762711864,0.1,11.365971541738643,5.455778894472362,6.031666666666667,0.9757354305187322,1.0093284,True,True,143.6229,13.26,13.127,11.234,8.06
5331635202821029248,133.05866529117935,-44.3127106197062,0.11623711929782686,161.01694915254237,0.1,12.724293025478753,3.991544117647059,3.948,1.003801336554566,0.9700602,True,True,87.70101,13.094,12.965,10.978,8.078
5328474003813769984,134.5449599100653,-48.50913139546329,0.07420412036227238,150.84745762711864,0.2888476227919195,13.883414155114512,6.386470588235294,5.62538860103627,0.9050852651279054,1.0709839,True,True,114.09977,14.241,14.091,11.364,7.914
5329286478498302336,129.49489371927223,-47.69099986708508,0.11378887478218892,191.52542372881356,0.1,10.0419156460635,13.403703703703705,4.308333333333334,0.8698796712890642,1.021678,True,True,263.65625,13.279,13.257,10.756,8.231
5332145170056650112,134.7187546231887,-42.96773743072979,0.18487725617758566,211.864406779661,0.26777121151983396,11.025617952196246,7.645774647887325,5.998342541436465,1.0071260198992102,0.99854773,True,True,298.22003,14.228,14.315,10.359,7.838
5522427824894177920,130.6793974454455,-44.38836911989576,0.1426926726796729,181.35593220338984,0.16995517726504228,11.221495944336452,7.190066225165564,4.291304347826087,0.937722781862751,0.91348827,True,True,285.7688,14.34,14.273,11.389,8.434
5332193690306440960,134.6554329165383,-42.82616461946907,0.0910089311838949,161.01694915254237,0.1833324376267034,9.790099289061281,8.416279069767443,6.540361445783133,0.9606409094733028,1.1644179,True,True,276.62036,13.391,13.265,10.477,7.25
5332120332263081984,134.25651141005252,-42.71164290158962,0.17916395407157937,201.6949152542373,0.1,12.139854148581673,3.850000000000001,4.291304347826087,1.0804595340747463,1.0632317,True,True,90.04292,12.884,12.705,10.21,7.894
5522268739313352704,130.0282340424602,-45.43485074950564,0.19046384082004708,191.52542372881356,0.15755401855293244,11.162865292588961,10.43942307692308,4.5810126582278485,0.8914625180825365,0.95703673,True,True,259.99377,14.681,14.589,11.274,8.616
5332224957667877760,134.6200292432898,-42.34209168938403,0.04279903052698303,191.52542372881356,0.12552052364172658,9.87757839314253,11.55,4.5810126582278485,0.8790230619569553,1.0173769,True,True,274.73483,13.322,13.265,10.391,7.79
5331614483899043328,133.77205465312576,-44.219528629286685,0.13169667732240975,181.35593220338984,0.3361078268614909,12.351667859995008,3.948,4.8039823008849565,0.8776380686880445,0.9925177,True,True,274.81082,15.133,15.255,11.267,8.329
5521911806042935040,128.4023904877222,-45.95953352951369,0.18676076583876922,150.84745762711864,0.1,10.014048925672512,5.455778894472362,4.679741379310345,0.8540623046337775,1.0196168,True,True,293.61255,13.406,13.324,11.568,8.419
5331417018481410304,134.2754407365998,-44.273586304509735,0.10875470036823273,181.35593220338984,0.15755401855293244,11.791796489717365,9.047500000000001,5.71421052631579,0.8318424800916051,1.0167125,True,True,154.27626,13.304,13.182,10.512,7.751
5332233341444003456,134.91316618250946,-42.32229390695149,0.11155682157833906,161.01694915254237,0.1,10.241983797859788,7.286577181208055,4.980275229357798,0.9586576007347567,0.98897964,True,True,204.90872,13.043,12.942,10.893,8.104
5332245642230349440,134.80808700918195,-42.30379194019965,0.17685895884166067,130.50847457627117,0.1,9.646738276100065,4.980275229357798,8.10223880597015,0.9050460185744265,1.0300386,True,True,144.49777,11.868,11.756,10.451,7.2
5524338187685848448,133.44475435010844,-42.46016271279527,0.0492347673583102,171.18644067796612,0.39110057471005855,11.779382594848013,7.487586206896553,4.8686098654708525,0.9161758473743703,0.9967131,True,True,218.4805,14.376,14.246,10.368,7.174
5526414104298410624,125.92328944319011,-42.84701747653565,0.09948892804068526,110.16949152542372,0.1,7.271816552486215,9.607964601769913,10.644117647058826,0.5836961482471466,0.93914044,True,True,228.95076,11.279,11.346,10.515,6.038
5523857254427847040,133.42602343738727,-43.27895590026305,0.18230061446717777,222.03389830508473,0.39110057471005855,11.505622847945782,9.20084745762712,5.998342541436465,1.0349364208081073,1.0268676,True,True,242.90219,14.275,14.134,9.542,7.199
5507628462802274048,112.3345264593414,-47.03121104902641,0.04793829886605481,171.18644067796612,0.12552052364172658,10.276583549619748,9.960550458715597,5.965384615384616,0.9111871004456396,0.95227855,True,True,275.67456,13.762,13.59,11.185,8.136
5524536615173915520,132.90964005455967,-42.10881944066681,0.04791703912266685,181.35593220338984,0.16995517726504228,10.888968304892456,4.274409448818898,5.837096774193549,0.8381980444115501,0.9942476,True,True,259.4682,14.122,14.016,10.959,8.096
5524822733012994944,130.55884006443475,-42.85138270692502,0.15436505256630978,171.18644067796612,0.1,9.8136580044335,10.43942307692308,5.567692307692308,0.8861310211858254,1.0180155,True,True,230.02,12.913,12.836,10.606,8.084
5532300580315435520,118.85010912345014,-43.377372954400045,0.08481397461385239,140.67796610169492,0.26777121151983396,11.766383280822748,4.006273062730627,4.377822580645161,0.9372143767586312,1.0537888,True,True,261.9104,14.706,14.521,12.188,8.335
5523726206386537472,132.26889980071792,-44.04664590423353,0.05970633538964321,191.52542372881356,0.12552052364172658,11.874509220349253,6.540361445783133,3.548039215686275,0.937689040869321,0.9964706,True,True,145.64687,13.598,13.356,10.682,8.035
5526655202281060736,128.68657563588775,-41.87764426715068,0.09987874784554815,191.52542372881356,0.1833324376267034,11.584657284433298,11.42842105263158,4.191891891891892,0.9650482927876015,0.9835512,True,True,216.87143,14.007,13.803,10.836,8.215
5507110940719484800,110.24668813075328,-48.272171830525394,0.18305920709092743,120.33898305084746,0.1,9.972424989868387,11.930769230769233,7.8673913043478265,1.1122070345087642,1.1253381,True,True,167.23709,12.431,12.293,11.11,7.848
5507470373644346112,112.90135671875456,-46.88306326789554,0.13293759950398873,140.67796610169492,0.1,11.099073154031629,6.204000000000001,3.9624087591240875,0.9514480883554968,0.9542724,True,True,162.74924,13.134,12.982,11.509,8.38
5523925840763544320,132.86519294036304,-43.00717724749131,0.06999491827708898,191.52542372881356,0.26777121151983396,10.422496270595216,6.424260355029586,7.436301369863015,0.8141350229938057,0.9769171,True,True,268.04675,13.852,13.699,10.068,7.313
5524303626087474176,133.16686292640046,-42.799418346980175,0.058220569393427096,181.35593220338984,0.11636163857357301,8.007256278402949,16.2044776119403,11.674193548387098,0.7247933171146649,1.0020821,True,True,295.64868,12.273,12.295,9.428,6.538
5524047779176980608,130.9455369587232,-43.26069901910983,0.0366604925643159,242.3728813559322,0.16995517726504228,10.891556046229303,8.548818897637796,3.536482084690554,0.9605464925193401,0.91702384,True,True,281.31662,14.273,14.048,10.642,8.588
5507624373993297408,112.2682161077086,-47.16386741493958,0.17197687953421514,150.84745762711864,0.1,11.354917312280728,9.440869565217392,5.0263888888888895,0.8582887371883243,0.9040489,True,True,144.73859,13.216,13.02,11.332,8.457
5530513118004579968,115.35325312755766,-47.39071980624744,0.1690852122361299,161.01694915254237,0.1,10.475679689274253,7.385714285714287,3.6432885906040275,0.9321945228240872,0.970616,True,True,241.05995,13.488,13.291,11.463,8.73
5518492462319638400,117.6437055194837,-47.403241372147335,0.16081095987732522,140.67796610169492,0.1,10.967858331852726,5.868648648648649,4.504979253112034,0.9969595150470576,0.9797064,True,True,192.58122,13.709,13.5,11.864,8.575
5535470880358088192,114.89214297799226,-42.28533197283557,0.08358283441697531,181.35593220338984,0.3361078268614909,11.878981043446304,8.10223880597015,4.523750000000001,0.8695739201327645,1.0734651,True,True,297.03525,15.028,15.073,11.179,8.398
4328095413845148416,244.7514840210549,-15.816149102655794,0.17392763932650881,100.0,0.1,8.455160720623459,3.7181506849315076,5.539285714285715,0.741399014387664,0.99168813,True,True,275.52008,12.217,12.197,11.808,7.862
6250028441983739136,241.3225066599477,-17.167010132662543,0.10509241507042882,161.01694915254237,0.15755401855293244,11.067705096204921,8.616666666666667,6.701851851851853,0.9786600509802484,0.9690169,True,True,174.38968,13.112,12.913,10.605,7.38
6254880896033640832,231.7384618850369,-18.863038534119163,0.17984905095575524,120.33898305084746,0.19776262910622383,12.94028899754528,3.7829268292682934,5.244927536231885,0.8985719530694459,0.9775528,True,True,98.98008,13.731,13.445,11.894,7.93
6250032973165734912,241.0776889287121,-17.225593651610456,0.14832354346738935,140.67796610169492,0.42188430427737117,11.768850104207473,3.9194945848375453,3.9624087591240875,0.9215166403992335,1.0003294,True,True,275.36008,14.988,14.921,11.687,7.895
4120049809456929280,264.775761649516,-19.278478148701296,0.17441662768740437,171.18644067796612,0.14605773805564215,11.65035543058878,9.123529411764707,6.239655172413794,1.0620454701941608,0.9966741,True,True,152.91522,13.213,13.151,10.68,7.582
5723021901625596800,124.89867177595134,-15.29395796509923,0.03386984811832476,140.67796610169492,0.1,9.500471358694833,5.073364485981309,6.168750000000001,0.8595089769433314,0.94961363,True,True,267.13373,13.191,13.029,11.397,7.851
5716611989362077952,113.08686965997175,-19.03544644222417,0.14361737546344286,201.6949152542373,0.24823268762177775,10.013757167194319,14.671621621621624,11.80108695652174,0.8813045842616112,1.0084101,True,True,283.943,13.386,13.222,9.604,6.965
3026446334305611520,112.55407789594848,-19.057127958279853,0.09483673726088614,181.35593220338984,0.26777121151983396,11.242981793357826,5.374752475247525,5.2960975609756105,1.005558982964277,0.96646494,True,True,246.652,14.137,13.942,10.498,7.664
5716630509257264128,113.9894450036339,-19.157277497438496,0.1634055987324751,232.20338983050846,0.1833324376267034,10.88829422916787,14.671621621621624,4.8686098654708525,0.9367350532650387,1.0186455,True,True,275.0412,13.986,13.74,10.377,8.185
5716789693627338368,115.218178837489,-18.93954431482531,0.11370234840938008,171.18644067796612,0.39110057471005855,13.03339442620561,7.755,5.744444444444445,0.8445704664539996,1.017199,True,True,207.7664,15.08,14.763,11.122,7.969
2991223552327065984,91.84422419556545,-16.583266303742565,0.15183090584943496,120.33898305084746,0.1,9.950406599701548,5.049767441860466,3.8913978494623658,0.9535132321160633,1.0089997,True,True,232.24356,13.086,12.915,11.902,8.446
5716704829373115776,113.40045905222372,-18.920098148195127,0.11135323004792409,171.18644067796612,0.42188430427737117,11.16599278803142,6.239655172413794,7.436301369863015,0.9810591463071076,0.96039593,True,True,265.622,14.301,14.141,10.157,6.851
5716708677663846656,113.26553751245818,-18.891953328360707,0.1562060175591072,201.6949152542373,0.10787105198966634,9.66314488984439,8.10223880597015,6.386470588235294,0.8620120953350929,1.0492133,True,True,243.35654,12.808,12.729,10.06,7.534
3026653283011991808,112.56789107311282,-18.22738481151224,0.14756725186552722,150.84745762711864,0.26777121151983396,11.627089221063802,3.9194945848375453,3.7437931034482763,0.856121379981096,0.9570374,True,True,266.82318,14.474,14.328,11.741,8.022
3026478052647318912,112.56437626028368,-18.811260813677364,0.11739633219860891,171.18644067796612,0.3361078268614909,11.199870018489726,7.924817518248175,7.286577181208055,0.9479504654147115,1.039987,True,True,199.05734,13.886,13.788,10.01,7.02
5716741521272786176,113.84557711939416,-18.57500016803481,0.05785013023421013,161.01694915254237,0.11636163857357301,12.910277835458299,4.7,3.705460750853243,0.8970944027259856,0.9803136,True,True,131.41406,13.855,13.651,11.724,8.617
5340688448458930304,164.74223278541078,-56.09765865595948,0.08438520175097296,191.52542372881356,0.12552052364172658,10.24934086248808,18.71896551724138,7.645774647887325,1.0533859622704478,0.96057624,True,True,241.28928,13.334,13.239,10.466,7.877
5347674122535453184,168.03071229408792,-53.09097765629601,0.09827516520291901,181.35593220338984,0.13540030931526834,10.778313533768813,7.810791366906475,4.051119402985075,0.9247147693017079,1.0019928,True,True,295.2194,14.338,14.36,11.488,8.728
5343063526686022656,174.0646417374893,-56.26785300418166,0.15162477136026875,161.01694915254237,0.21332862845930578,12.364460248267926,8.225,6.660736196319019,0.922849556788377,1.0381453,True,True,170.81018,14.283,14.218,11.256,8.184
5347263489299488768,165.7270990237079,-54.29046959886093,0.13816236596819648,161.01694915254237,0.21332862845930578,12.204409805318644,5.837096774193549,4.175769230769231,0.8341918893038106,1.0613382,True,True,243.76056,14.621,14.468,11.913,8.627
5346909618358940032,168.15843484564297,-55.49693496197697,0.15427359393077913,201.6949152542373,0.26777121151983396,12.137223083975737,14.476000000000003,4.782819383259913,0.8173329285403353,0.9546071,True,True,250.72566,15.125,15.112,11.144,8.693
5347636807860303232,168.28910685055885,-52.88887411711155,0.15501325433009056,161.01694915254237,0.1,11.527623750585654,6.959615384615385,4.274409448818898,1.0230449089704365,0.9837353,True,True,189.56024,13.558,13.402,11.686,8.769
5353356226829825664,163.58637115682177,-54.0666019255655,0.07598608334448183,201.6949152542373,0.21332862845930578,11.659900625186879,7.700000000000002,4.081578947368421,0.9986668820589655,1.0110406,True,True,247.89255,14.526,14.39,11.007,8.429
5353789026405929472,159.66298418340375,-54.54529612920784,0.15514596422236138,150.84745762711864,0.19776262910622383,13.679225519852865,5.401492537313433,4.4679012345679014,0.8166719532027802,1.1210647,True,True,137.67177,14.702,14.644,12.148,8.755
5352598083529288064,163.2292508776841,-56.31580359372524,0.05926720323303573,201.6949152542373,0.13540030931526834,9.89795644401756,18.71896551724138,8.287786259541985,0.8844867929826087,1.006194,True,True,239.0742,13.174,13.07,10.085,7.531
5353677597752857728,159.74016184487655,-55.47255623483348,0.10527942143423029,201.6949152542373,0.11636163857357301,11.362503026233975,5.775,3.595033112582782,0.8594658686072203,1.0699296,True,True,246.51196,14.024,13.966,11.392,8.932
5352151887959420288,160.20325508638038,-55.91764704966227,0.1267603395744207,161.01694915254237,0.1,9.189500635092923,11.55,9.607964601769913,0.8850139627883636,1.0520015,True,True,254.97516,12.678,12.646,10.6,7.579
5353329155670902528,163.6123293630307,-54.2833505111029,0.08911234487007051,181.35593220338984,0.11636163857357301,10.36569541008919,8.10223880597015,3.991544117647059,0.8412777800103517,1.0955408,True,True,298.7661,14.19,14.111,11.341,8.613
5372998727179366656,172.7735650428617,-49.54880338515871,0.18120582374262062,211.864406779661,0.1,10.148713915475378,20.48490566037736,5.374752475247525,1.0837390626058712,0.987455,True,True,240.31242,13.119,12.804,10.451,8.187
5313446359920583040,139.68539445521267,-51.35576440004824,0.033865499281398814,181.35593220338984,0.23011983571417985,10.898129158302226,6.204000000000001,5.62538860103627,0.8271406582571124,0.9665694,True,True,278.14917,14.202,14.134,10.798,7.909
5312691549499490048,143.7296004369352,-51.53575893302124,0.1050585992353815,181.35593220338984,0.13540030931526834,11.862704768462606,5.90054347826087,3.7829268292682934,0.8557466770442224,0.9759267,True,True,181.16356,14.171,14.056,11.235,8.475
5313767829634115200,141.68693396696355,-50.42568270878497,0.08329952900814566,201.6949152542373,0.21332862845930578,11.399010215158034,10.540776699029127,3.513592233009709,0.9925551203243361,1.0149549,True,True,256.53555,14.55,14.472,10.829,8.336
5310582858001113344,141.62383652795074,-53.719788021743625,0.12345114939115352,201.6949152542373,0.1833324376267034,12.057743625460617,8.042222222222222,4.761842105263158,0.9573381388671156,0.9737411,True,True,202.39346,14.008,14.064,10.833,8.301
5308762440386530688,145.4867604866228,-54.921930405721966,0.04324155573660872,171.18644067796612,0.11636163857357301,10.700193993868266,6.349122807017544,4.620000000000001,0.8121737436936395,1.0531614,True,True,275.24054,14.035,13.968,11.597,8.6
5324056204754923776,137.21453681894755,-51.13752346961815,0.13002535674795623,191.52542372881356,0.1,9.664612054656057,8.548818897637796,5.073364485981309,0.7799026239781935,0.97540987,True,True,281.77768,13.461,13.473,10.731,8.125
5352266920043660672,157.66342576128903,-56.28155305777138,0.11765320149309673,211.864406779661,0.14605773805564215,11.409584833399215,7.755,3.655555555555556,1.013211290767399,1.0282924,True,True,244.22394,14.439,14.513,11.11,8.736
5325192756176458240,135.9925478150911,-49.51902162148031,0.1262157352765651,181.35593220338984,0.3361078268614909,10.619502137838579,6.099438202247192,9.047500000000001,0.90299882048993,1.0539722,True,True,283.2366,13.905,13.9,10.008,7.083
5323374713719289728,135.05016118267295,-53.19950244951522,0.1362467458562217,201.6949152542373,0.16995517726504228,12.025679174476863,7.487586206896553,3.9624087591240875,1.420963872159155,1.1258662,True,True,223.66713,14.135,14.103,11.057,8.469
5324017034651199488,137.629824935503,-51.25407330063428,0.05475910545449542,150.84745762711864,0.16995517726504228,10.262844161050054,5.455778894472362,5.244927536231885,0.9387090598364449,1.0039635,True,True,287.2358,13.893,13.853,11.367,7.878
5358158550019234176,154.77094743829466,-52.70541616811137,0.12011313930854776,181.35593220338984,0.2888476227919195,11.953594765634143,12.337500000000002,6.239655172413794,1.1184853271460207,1.0810516,True,True,220.8725,14.373,14.298,10.72,7.903
5404997470483169152,151.02569648720169,-51.76344523330586,0.18973801761361303,150.84745762711864,0.11636163857357301,11.644266416928716,5.21971153846154,3.7829268292682934,0.9141670074806687,1.0264119,True,True,190.88716,14.114,14.116,11.924,8.716
5326743303788898688,136.5448134713993,-48.732269077262046,0.1281316464247069,171.18644067796612,0.3361078268614909,11.099531919455469,11.19278350515464,8.616666666666667,0.8399968514147593,1.0213226,True,True,257.44687,14.124,14.045,10.348,7.144
5406738237912785536,152.38026131867466,-49.945426167568606,0.08093842182942071,130.50847457627117,0.21332862845930578,11.681407552227704,3.502258064516129,5.71421052631579,0.9285359775519088,1.0203795,True,True,235.83165,14.492,14.418,12.548,8.379
2852394365182884096,356.03332709032986,25.464456486271427,0.09005617222260844,150.84745762711864,0.1833324376267034,11.561681397121099,4.846875000000001,4.191891891891892,0.9663393122278653,1.0099089,True,True,233.01631,14.192,13.973,11.729,8.291
1877307738109329664,339.0216295843981,24.88697689888738,0.08901727878085955,171.18644067796612,0.1833324376267034,12.05906898828676,5.71421052631579,4.128136882129278,0.8246222382277246,1.0191522,True,True,198.44904,14.505,14.252,11.523,8.517
2865057273096898560,356.9336451529773,27.4213594989978,0.14636746072984416,100.0,0.1,10.119499227032067,6.204000000000001,6.204000000000001,0.8897431581661156,1.0181,True,True,144.32812,12.279,12.125,11.442,7.887
4275784425873616640,273.89849997421805,1.050086166502325,0.09422132005890219,161.01694915254237,0.1833324376267034,11.49659026506686,3.680338983050848,3.559672131147541,0.9060378160717429,1.0061496,True,True,265.3515,14.516,14.498,11.804,8.439
4279130622006188160,283.4301992122474,2.003086166772024,0.12518420430737895,161.01694915254237,0.1,8.456586152918177,3.7567474048442913,5.483333333333333,0.6785282155615038,0.9811184,True,True,243.04482,12.03,12.023,9.808,6.856
3012153610856540800,84.52702343134835,-9.633918387644524,0.07848593337125723,191.52542372881356,0.26777121151983396,11.746061889064947,11.309375000000001,6.540361445783133,0.984893030910087,1.0702438,True,True,203.96912,14.018,13.873,10.339,7.697
3183093549755729664,75.30413166648493,-9.665230946664751,0.058889867947664425,181.35593220338984,0.39110057471005855,12.15291556008144,14.100000000000001,7.190066225165564,0.8294033202787864,1.0282339,True,True,207.57263,14.494,14.355,10.361,7.566
3173840235993071104,72.11030685006178,-13.621801514500694,0.05660594382141666,140.67796610169492,0.13540030931526834,12.325304236961989,3.595033112582782,3.6311036789297666,0.9415738885144069,1.0260016,True,True,168.3504,14.142,13.958,12.196,8.736
3013500723056634240,83.09031995699812,-10.332053327972806,0.10518472518965236,181.35593220338984,0.15755401855293244,11.479621798906699,12.198876404494383,9.27948717948718,1.1897533735219525,1.0604806,True,True,137.6663,12.919,12.732,10.057,7.172
3012156290916130816,84.4759346774574,-9.63867146999493,0.048432228884725204,191.52542372881356,0.10787105198966634,11.408964545626704,9.870000000000001,7.924817518248175,0.9984409069784781,0.9856709,True,True,115.284386,12.701,12.516,9.993,7.347
3190232820489766656,60.53248762856517,-10.911312899256664,0.1448206461965441,181.35593220338984,0.1,9.813342671292906,10.340000000000002,3.6311036789297666,0.9002854088415205,1.0560565,True,True,274.7539,13.427,13.175,10.892,8.393
1029198241433680512,131.29305542972415,52.37915330021965,0.18602417493677242,100.0,0.1,8.509799792143543,5.270388349514564,5.9327868852459025,0.7141357587580431,1.0357492,True,True,252.16322,12.352,12.306,11.541,7.941
1081358179701867520,118.64732385893876,56.374667417898536,0.1791561053044365,161.01694915254237,0.1,11.374408435937099,9.523684210526316,4.191891891891892,0.9533520452469408,1.1262202,True,True,126.60076,12.947,12.719,10.857,8.196
1030096778655069312,133.68105341927532,54.93501160685444,0.06259950058243789,171.18644067796612,0.21332862845930578,11.812281784405062,10.966666666666667,5.539285714285715,0.9519956331383933,1.0209242,True,True,194.76138,14.237,14.024,10.96,8.04
5140105504235761024,22.831806227264718,-19.45605883040168,0.10282208087485797,150.84745762711864,0.21332862845930578,12.366070603098734,5.684293193717278,4.9350000000000005,1.076857580775782,0.95968837,True,True,182.26735,14.554,14.243,11.779,8.357
5144088274654153472,34.42054612556275,-16.588602808734517,0.05962855702727231,120.33898305084746,0.1,9.785565362758781,6.275722543352602,8.972727272727274,0.9331863894311219,0.957785,True,True,195.22801,12.696,12.551,11.537,7.612
3341369519885801856,85.16613619497421,13.603951857623256,0.05187553075560126,161.01694915254237,0.19776262910622383,10.68659905481595,6.168750000000001,4.325498007968128,0.8502699447754918,1.0129931,True,True,281.63342,14.066,13.962,11.181,8.004
3341063821293905408,82.42047150106471,12.754212334767525,0.14838704046046072,161.01694915254237,0.1,9.436887910782541,6.031666666666667,4.191891891891892,0.7738328037371467,1.0022172,True,True,283.89178,13.384,13.243,11.044,8.158
3341390895938694272,83.59030612228959,12.716018899803942,0.0884734106258162,161.01694915254237,0.23011983571417985,11.206366271374186,10.146728971962618,10.340000000000002,0.9981536250862757,1.0128345,True,True,161.93195,13.148,12.955,10.165,6.908
3336850183496851840,87.52360134390995,11.05550237281592,0.13512750407384908,171.18644067796612,0.23011983571417985,12.255728166801461,4.0662921348314605,3.8363957597173153,0.9787894419277638,1.0486481,True,True,202.74538,14.215,14.1,11.205,8.154
3336850527095136000,87.54560522685374,11.079506430754265,0.0676288511209227,181.35593220338984,0.2888476227919195,11.304650335307358,8.287786259541985,6.7856250000000005,0.9178064639795651,0.98321277,True,True,271.73447,14.355,14.277,10.709,7.75
3335958586943283840,88.76481025691115,10.198347138545603,0.1321470616362095,140.67796610169492,0.21332862845930578,10.50219939730951,9.047500000000001,9.607964601769913,1.0872492175541508,1.036988,True,True,205.25168,13.141,12.978,10.817,6.962
3339175650589602560,81.33808203855577,10.637549920587734,0.05438276548294767,150.84745762711864,0.2888476227919195,11.541424277211288,4.128136882129278,3.5250000000000004,0.9273529360045376,0.91869867,True,True,279.80814,14.632,14.478,11.522,8.033
3339415928240218240,81.43433393135498,11.866542448895322,0.08942666992979878,171.18644067796612,0.1833324376267034,12.258557502892458,7.755,4.3428,1.0410143795483302,1.0275813,True,True,145.37566,13.871,13.691,10.887,7.906
3388998061497380864,81.9881735509195,12.52280772318852,0.07316947116976535,171.18644067796612,0.24823268762177775,11.032006967637733,8.616666666666667,10.966666666666667,1.0304003214318858,0.9492064,True,True,158.25783,13.007,12.859,9.764,6.574
3341017847962732544,83.51024283337712,12.655354303465314,0.12534110313723876,181.35593220338984,0.31158296935278684,11.932484528472916,10.146728971962618,4.241015625,0.877335497518736,1.0499043,True,True,210.6505,14.12,14.043,10.487,7.476
3341052589953793920,82.72213139733957,12.665895018626818,0.07553699382826108,140.67796610169492,0.13540030931526834,11.517215497244813,4.825333333333334,7.385714285714287,0.9507647085964919,1.1339351,True,True,133.78564,13.145,12.977,11.249,7.501
3387071721421297024,77.95244651637894,10.840915020782392,0.08591036632027435,150.84745762711864,0.3361078268614909,12.295681103063744,4.431428571428572,4.241015625,0.9196457598783483,1.0917097,True,True,238.6259,14.725,14.594,11.622,8.032
3340768568060586880,83.5143235507797,12.024388240962583,0.1590954362768476,140.67796610169492,0.31158296935278684,11.692502539904694,4.825333333333334,3.502258064516129,0.9989746885656742,0.95173556,True,True,242.5012,14.735,14.528,11.646,8.009
3339320579966830208,81.9128913445365,11.318438094907563,0.12222830111677063,171.18644067796612,0.14605773805564215,10.691390186543325,4.8039823008849565,4.561764705882354,0.8027161510381229,0.96985143,True,True,240.64418,13.539,13.466,10.953,7.841
3341370280096135424,85.28877157269427,13.61120169165826,0.06633425428843226,161.01694915254237,0.1,10.115381266419949,6.424260355029586,4.081578947368421,0.891992956065837,0.9972129,True,True,218.03346,13.137,12.984,10.982,8.022
3341570971030802560,84.59129318822562,13.70458919811451,0.038049953611888565,161.01694915254237,0.12552052364172658,10.383081807823242,5.90054347826087,4.761842105263158,0.9673107267097001,1.0008692,True,True,240.16739,13.536,13.388,11.19,7.966
3391437053166457856,76.47845860382971,13.262187529411296,0.12546409494855534,201.6949152542373,0.1,10.76990217103629,7.700000000000002,3.502258064516129,0.8782018636195387,1.0086197,True,True,248.29591,13.592,13.392,10.998,8.503
3338850165084100480,80.30285574561366,10.63815137245644,0.10125656486580004,161.01694915254237,0.21332862845930578,10.694062569562718,5.59639175257732,4.291304347826087,0.9223449141696257,1.0156521,True,True,293.5742,14.092,13.946,11.221,7.872
3341046881941488256,82.78121688615742,12.538331099266925,0.09745793494727056,181.35593220338984,0.42188430427737117,11.453506094353077,5.145497630331755,8.287786259541985,0.8239438474589684,0.9741193,True,True,234.89706,14.291,14.071,10.01,6.981
3336767032931900288,87.79048850567173,10.562362403096648,0.07709544096257291,171.18644067796612,0.26777121151983396,12.180788634272762,6.275722543352602,4.890540540540541,0.95338998174034,0.96204954,True,True,202.24364,14.372,14.144,10.992,7.955
3339309791008894976,81.50714633982312,11.248637132522418,0.09790119583393818,171.18644067796612,0.2888476227919195,10.861728670551681,7.286577181208055,5.59639175257732,0.838507669611406,1.0301768,True,True,281.0164,14.103,13.932,10.608,7.52
3335893505303723520,87.83953291922963,10.0024123004202,0.08582326390362505,181.35593220338984,0.31158296935278684,11.27633891503726,6.168750000000001,4.980275229357798,0.9576155776603739,1.0058401,True,True,273.30792,14.324,14.221,10.678,7.71
3339383428223655168,81.21663008912783,11.660667388269786,0.14061906082122963,191.52542372881356,0.1,11.140446488149282,6.168750000000001,3.559672131147541,0.9273149016451229,0.95880574,True,True,152.22371,13.092,12.951,10.65,8.293
3340953526532553472,82.17995766087144,12.348883764301386,0.06018170370760219,161.01694915254237,0.23011983571417985,11.535397860241915,5.348275862068966,4.5810126582278485,0.9696392804367314,1.0350415,True,True,240.34906,14.291,14.094,11.327,8.013
3340844090764931328,82.09664451745608,11.57820421533514,0.1911078486398857,161.01694915254237,0.21332862845930578,10.763398613587137,5.684293193717278,7.050000000000001,0.8955147141026089,1.0747901,True,True,251.90656,13.663,13.477,10.863,7.47
3340839520919925888,82.50267138037658,11.765192090464009,0.07858440988764831,161.01694915254237,0.23011983571417985,11.377305735486795,4.60042372881356,4.308333333333334,1.0555191889561282,1.0277276,True,True,259.5132,14.238,14.058,11.358,8.01
570398320066235776,75.41044225226373,83.81655840642749,0.07156663212235458,140.67796610169492,0.21332862845930578,10.871283670386664,7.050000000000001,8.10223880597015,0.9453022288911964,1.0437222,True,True,231.86162,14.001,13.777,11.485,7.78
5546554988355545088,122.61213822583004,-34.26691294270682,0.1565201445656106,191.52542372881356,0.42188430427737117,11.275504083223257,12.479310344827589,12.063333333333334,0.8901710734471742,0.99893224,True,True,283.69376,14.382,14.455,9.98,7.104
5587609996622037248,116.47052582005828,-35.640874730104095,0.15850827407805512,140.67796610169492,0.1,9.418015821376503,6.031666666666667,4.413414634146342,0.7695335707412981,1.0139167,True,True,289.7967,13.326,13.257,11.438,8.423
5587701702762700928,116.66963966559172,-35.603450925553524,0.029116326638747882,181.35593220338984,0.12552052364172658,10.57915462548886,7.8673913043478265,4.360240963855422,0.9593208986292704,1.0022236,True,True,250.77248,13.768,13.618,11.054,8.254
5588852616560677888,115.1166775553766,-33.714332070185726,0.10253115803916509,130.50847457627117,0.1,11.188977051464859,3.5250000000000004,3.7567474048442913,0.8922906840986656,1.0049945,True,True,206.511,13.714,13.574,12.408,8.929
1231501539059734272,210.6972920716196,15.657616223496415,0.06583145772123254,140.67796610169492,0.13540030931526834,10.690948234527827,4.224513618677043,4.1125,0.9356459867082279,1.000711,True,True,272.05252,14.08,13.892,12.057,8.524
2734097329329883904,333.78259386869235,13.61304320507348,0.12707775534839896,140.67796610169492,0.1,10.665346161195094,5.90054347826087,4.036059479553903,0.8939150341481136,1.0559539,True,True,168.45355,12.943,12.721,11.379,8.121
1402023873994665600,233.78691702233797,48.72803789548356,0.13282048291607232,150.84745762711864,0.1,10.634663678979017,7.700000000000002,3.8228873239436627,0.9049751923612409,1.0301108,True,True,253.2233,13.701,13.473,11.829,8.836
1424177207932416384,248.14568664289857,51.96813972009338,0.17972421320652887,150.84745762711864,0.1,10.33102736982049,14.87260273972603,8.10223880597015,0.8625493036230107,1.0605465,True,True,198.25362,13.012,12.818,11.118,8.33
1595136800601456256,232.4813087663023,50.76834576150383,0.1358751136721038,150.84745762711864,0.1,10.156817803933125,8.351538461538462,5.90054347826087,0.9187768486364253,0.9890617,True,True,293.25717,13.636,13.445,11.777,8.582
1597694887419073792,234.56848294206347,53.447855054948576,0.18077665178051477,140.67796610169492,0.1,11.338604744868153,4.980275229357798,3.809473684210527,0.9649560119153474,1.1201072,True,True,212.58159,13.809,13.631,12.246,9.151
5452437445851546624,167.99709446492898,-29.62625082212778,0.1927426341790595,120.33898305084746,0.39110057471005855,13.369297649299945,3.9624087591240875,11.42842105263158,0.8962145103643514,1.075945,True,True,128.51318,14.156,13.861,12.056,7.328
5472033771012233344,155.24166654009852,-26.30908255599181,0.19070937338108876,130.50847457627117,0.1,9.847319882192826,4.679741379310345,3.680338983050848,0.9470022063157417,1.0417912,True,True,240.85664,13.068,12.91,11.748,8.508
5468305769463118592,157.74983150898598,-27.289441202694245,0.04647594204434977,150.84745762711864,0.16995517726504228,11.799421748316334,6.660736196319019,6.3122093023255825,0.9833794407519011,0.9438846,True,True,166.94632,13.834,13.625,11.402,7.918
3611246366909505152,201.3956857130067,-11.322574326552992,0.1679184331051473,100.0,0.1,10.29897752774801,4.980275229357798,4.63974358974359,0.8724506680321419,0.96631426,True,True,150.97495,12.378,12.22,11.681,8.148
3610982209240790272,201.5874598898079,-12.10168630385822,0.11692634828872357,130.50847457627117,0.11636163857357301,10.251611931426378,4.413414634146342,5.4285000000000005,0.961626233200329,1.0096551,True,True,229.37845,13.562,13.348,11.867,8.071
3609133689676051456,199.86304172300632,-13.721769357258053,0.10278748925196259,150.84745762711864,0.11636163857357301,12.032693584705108,4.720434782608696,4.036059479553903,0.979960623017676,1.0235623,True,True,158.35934,13.992,13.755,11.878,8.573
1295372620489889536,226.28947334821825,37.61243253583682,0.10316000260083914,130.50847457627117,0.12552052364172658,10.807707797657496,3.559672131147541,3.850000000000001,0.8891385647151016,1.0234764,True,True,279.04474,14.315,14.137,12.585,8.855
1348054414465651840,259.0791721702489,41.46546442200282,0.18286836868124084,130.50847457627117,0.1,9.85418928369469,5.0263888888888895,3.7437931034482763,0.9535620054775897,0.9781655,True,True,299.10312,13.472,13.365,12.123,8.889
1331774220670538240,248.3705201852389,39.0029000469853,0.1841228795105437,150.84745762711864,0.11636163857357301,10.668089779525383,6.204000000000001,4.957534246575343,0.8836552114393773,0.94560415,True,True,232.30173,13.966,13.738,11.727,8.305
3045680061151680000,105.56129881142697,-12.280603350729418,0.12163646723300518,211.864406779661,0.10787105198966634,10.944328467908768,10.052777777777779,5.401492537313433,0.7679687261450722,1.0360823,True,True,163.21088,13.235,13.121,10.266,7.93
3046063790708620672,105.42845197568998,-11.408110128163331,0.1612316896853965,252.54237288135593,0.21332862845930578,7.610497933254612,9.123529411764707,5.868648648648649,0.684109292800182,1.119368,True,True,271.35724,11.654,11.672,7.578,5.49
3049673762261493248,106.2022292573325,-9.719257387503587,0.032999639579868394,181.35593220338984,0.13540030931526834,9.877703465007126,9.870000000000001,5.998342541436465,1.0276639215016667,0.9760723,True,True,261.2559,13.279,13.172,10.418,7.569
3002145207483603328,98.16386967565036,-10.344021966765304,0.09732754357418003,150.84745762711864,0.1,10.770782891435964,5.744444444444445,4.504979253112034,0.8188024857569314,1.0703003,True,True,180.26683,13.295,13.147,11.294,8.064
3045780975704191232,106.03762676342878,-12.063505390978422,0.16036779100934567,161.01694915254237,0.24823268762177775,10.184638607891706,8.416279069767443,10.340000000000002,1.3146256733166024,1.1945294,True,True,245.7098,13.174,13.083,10.151,6.704
3045621099840773376,105.79791066854835,-12.614931108998498,0.18260393721516058,181.35593220338984,0.39110057471005855,12.092218688969208,7.238000000000001,3.7829268292682934,0.7447591862371669,1.141843,True,True,289.0454,15.376,15.466,11.024,8.261
3046609423354178944,107.28996331836434,-10.063838204877143,0.03764446509855243,120.33898305084746,0.1,9.199621089997189,3.513592233009709,4.325498007968128,0.7334015468820734,0.9772641,True,True,290.55997,13.107,13.047,12.088,7.863
3046478817687763712,105.717017079402,-10.98670454953302,0.14259494339258535,201.6949152542373,0.15755401855293244,10.74119660360401,10.74950495049505,4.7,1.0134390307959187,1.1140894,True,True,238.83275,13.565,13.417,10.402,7.929
3046429580182647424,105.98261283656772,-11.010672134233548,0.12880957722866587,232.20338983050846,0.3361078268614909,10.860937666607345,10.644117647058826,5.775,1.0639826710873135,1.0359129,True,True,246.62714,13.728,13.567,9.362,7.108
3017130107859781888,85.06093529613833,-5.409428095687052,0.06793502533760767,161.01694915254237,0.3361078268614909,10.191280471371652,5.998342541436465,8.826829268292684,0.8542499474475451,1.0533781,True,True,163.46565,12.481,12.343,8.824,5.587
3016972323645213056,84.17107864936867,-6.38480754401897,0.17219047049382322,171.18644067796612,0.4550910372032852,12.521641282726847,5.0263888888888895,7.004516129032258,0.8634216893347813,1.0787112,True,True,243.96883,15.29,15.118,11.107,7.508
3015369480505427200,85.45940338486317,-8.183823836063485,0.0775085260015477,150.84745762711864,0.19776262910622383,11.414301311839985,4.980275229357798,4.679741379310345,0.9390253519961895,0.98821276,True,True,257.9999,14.389,14.181,11.72,8.298
3022320691799825024,86.38436271639831,-5.753376947398959,0.11277881191275448,161.01694915254237,0.10787105198966634,11.722883765076737,6.168750000000001,3.9053956834532375,1.119003058803308,1.0138327,True,True,154.54738,13.72,13.518,11.417,8.341
3016968582729286912,84.49312242551585,-6.260581907394545,0.06922315874292784,201.6949152542373,0.24823268762177775,11.833579677738387,8.042222222222222,3.976923076923077,0.9780663546651682,1.0048083,True,True,225.5415,14.289,14.162,10.652,8.099
3015586530972783360,84.46376343264406,-8.165721571930888,0.14431783570128887,161.01694915254237,0.1,11.299593287645973,5.6546875000000005,3.6190000000000007,0.8902741610791939,1.0616437,True,True,162.64471,13.263,13.047,11.259,8.482
3016442810013433600,83.87200175891618,-7.413832410513629,0.09202305383353017,201.6949152542373,0.1,11.358119620571998,11.674193548387098,4.224513618677043,0.8950783165655803,1.0122571,True,True,144.98213,13.084,12.907,10.486,8.22
3209594460046834560,83.22621087516515,-4.93490223496194,0.0362781516773789,191.52542372881356,0.1833324376267034,11.555768560275423,11.19278350515464,6.743478260869566,0.7941172019590317,1.0117084,True,True,155.19077,13.392,13.22,10.166,7.499
3016471908415090560,84.17891950180653,-7.252478035991634,0.057357513950592125,171.18644067796612,0.3625630486550966,11.76561100632937,6.871518987341773,5.59639175257732,0.9485060505750403,0.9761526,True,True,288.07608,14.903,14.793,11.011,7.991
3017311424211830656,84.66956775391242,-5.5380370647464,0.17014265360301778,333.89830508474574,0.1,8.653364603702197,13.080722891566266,4.523750000000001,0.698241836921008,1.023725,True,True,287.50333,12.67,12.706,9.879,8.083
3016255338983967104,85.68121684071802,-6.475714543037473,0.11833260455970541,201.6949152542373,0.24823268762177775,10.489530892607911,10.540776699029127,7.142763157894738,0.8750588213650845,1.0500525,True,True,277.04596,13.756,13.646,10.054,7.441
3022196932318534912,86.48306580689258,-6.545114228784881,0.06245041754519579,161.01694915254237,0.31158296935278684,9.99162331519644,11.309375000000001,12.198876404494383,0.7437046495371968,0.94904006,True,True,289.43466,13.614,13.47,10.081,6.781
3183815276060183936,75.7403627037415,-8.310821876779064,0.15252770263608004,171.18644067796612,0.19776262910622383,10.67869242720908,8.826829268292684,5.868648648648649,0.9118676141051841,0.9978841,True,True,271.8749,13.775,13.642,10.861,7.695
3016229848355467776,85.46641181249653,-6.599200728586012,0.038910248332157366,201.6949152542373,0.23011983571417985,11.645507131072382,8.225,3.8363957597173153,1.462675475838417,1.1474531,True,True,208.4174,14.088,13.915,10.436,7.888
3019197906977812224,89.68842707696992,-6.533140307050817,0.1531363443532797,222.03389830508473,0.31158296935278684,12.217855040726725,9.693750000000001,3.8775,0.9269276591847752,0.98087245,True,True,284.45593,15.021,14.843,10.753,8.476
3016481258560648320,83.86555522304852,-7.213887015192284,0.07129170578465262,171.18644067796612,0.1,9.272171863234256,6.540361445783133,4.325498007968128,0.79967361375548,1.0028783,True,True,297.30145,13.29,13.206,10.813,7.964
3022427481866367488,86.64821866318229,-5.41612546596329,0.03542456013693923,181.35593220338984,0.1,10.478731828089424,9.35948275862069,4.241015625,0.9694138224352966,0.9946344,True,True,222.65253,13.433,13.274,10.956,8.121
3023076472901203968,86.14048728219889,-5.662424396080308,0.18730793053117448,140.67796610169492,0.1,9.23187701513968,5.71421052631579,3.976923076923077,0.7990398029260549,0.9779892,True,True,261.52728,12.804,12.692,11.135,8.07
3017017373558413824,85.00044898527378,-6.212202687362567,0.11546468272107908,150.84745762711864,0.1,10.072853181250753,7.286577181208055,4.8039823008849565,0.8599107032360545,1.0120716,True,True,194.14185,12.694,12.545,10.836,7.654
3017056161406310784,85.38589311039173,-5.844501430638418,0.06559222901461273,181.35593220338984,0.2888476227919195,11.447834455569136,6.031666666666667,3.559672131147541,0.8852854533650577,1.030847,True,True,299.08643,14.718,14.505,10.964,8.185
3016441916660250752,83.74012672986012,-7.426331400222079,0.14312656080268316,181.35593220338984,0.15755401855293244,11.630220361792551,11.55,6.58,1.0399042822126772,0.9877145,True,True,143.61147,13.06,12.901,10.254,7.424
3023113856296490880,85.53363321991462,-5.586276795255883,0.07843325662775272,181.35593220338984,0.1833324376267034,11.85384321524362,9.870000000000001,6.871518987341773,0.8464403306500471,1.0252862,True,True,165.74268,13.584,13.423,10.619,7.765
3017100794706470272,84.96232947253877,-5.827856424582824,0.05564169540081396,171.18644067796612,0.1833324376267034,10.978951806707022,4.036059479553903,4.308333333333334,0.9084011699794051,0.9877124,True,True,261.19595,14.167,14.013,11.15,8.113
3016253728373564032,85.9034858785437,-6.427374519935297,0.08545950848334517,150.84745762711864,0.19776262910622383,10.410329609917023,4.957534246575343,5.12122641509434,1.0876471451370981,0.9684715,True,True,258.52484,13.624,13.539,11.094,7.514
3023178620107706368,85.7264887990677,-4.907360696888251,0.039144975095383484,191.52542372881356,0.24823268762177775,10.58401131950247,8.042222222222222,8.042222222222222,0.8387389740067093,0.9847334,True,True,264.44803,13.89,13.768,10.232,7.434
3016308154199021696,82.69101502052793,-8.117416226490063,0.19754763330010994,140.67796610169492,0.1,10.475977842399843,6.424260355029586,3.571381578947369,0.8253723754125173,1.014628,True,True,195.4958,13.016,12.838,11.471,8.451
3022284064318556288,86.23854133296383,-5.892983503301657,0.11536051588218582,161.01694915254237,0.1,9.489157479082873,7.700000000000002,3.548039215686275,0.830948808354197,1.0025182,True,True,269.6015,13.132,13.039,10.935,8.097
3016249600907710464,85.39096684114449,-6.373342874115794,0.06581668633503364,171.18644067796612,0.1833324376267034,11.953456881831503,5.965384615384616,4.431428571428572,0.9512680012634998,0.999596,True,True,161.81226,13.673,13.601,10.806,7.804
3209963900248682752,79.88082878839151,-5.67565168212373,0.11400989876301937,171.18644067796612,0.26777121151983396,12.05105463770899,7.810791366906475,4.761842105263158,0.806643714504586,1.0703083,True,True,237.40599,14.446,14.347,11.132,8.097
3210025472899632640,79.88444525389707,-5.382945798132179,0.10389371115922796,191.52542372881356,0.11636163857357301,9.891037686166834,9.693750000000001,5.12122641509434,0.7926712820478133,1.000847,True,True,232.86867,13.242,13.091,10.304,7.678
3015365013739438720,85.56151883585417,-8.255021465096602,0.05608595537118693,252.54237288135593,0.14605773805564215,10.782299463312096,18.095000000000002,4.980275229357798,0.8488576147394759,0.99059415,True,True,161.73578,12.965,12.822,9.438,7.504
3209962285340952192,80.07969064504516,-5.647119549338686,0.0710391397980279,181.35593220338984,0.1,8.864428494372632,6.065363128491621,7.539583333333335,0.7548309333394497,1.0531787,True,True,234.37285,12.307,12.241,9.834,7.017
3022326464236444032,86.23551603237708,-5.621760052959364,0.06882321953245872,161.01694915254237,0.12552052364172658,10.30321962785208,5.0032258064516135,4.561764705882354,0.8695927292334344,0.9817424,True,True,270.3914,13.692,13.529,11.389,8.077
3015912639251716736,86.96378840598422,-7.202085384647375,0.15730852694215355,171.18644067796612,0.1833324376267034,11.227289039063145,5.744444444444445,4.191891891891892,0.9114433258737762,0.9545787,True,True,262.93887,14.032,13.891,11.289,8.225
3022310899274422272,86.46561107131171,-5.721689749189122,0.08483664329757871,191.52542372881356,0.11636163857357301,13.277546018273142,8.163157894736843,4.25764705882353,0.9519107948758165,0.9831917,True,True,92.23845,13.502,13.297,10.8,8.263
3208057136630690944,76.51145478908292,-7.078775344564252,0.050945707019397185,222.03389830508473,0.24823268762177775,11.050101292179031,11.55,5.21971153846154,0.9551046943179964,0.98816276,True,True,267.9606,14.269,14.111,10.316,8.02
3208058373583072896,76.11720692320488,-7.304980292161447,0.0648907167896511,191.52542372881356,0.3361078268614909,13.254188106353315,7.436301369863015,5.0263888888888895,0.8585060034178957,0.97355354,True,True,149.14125,14.398,14.237,10.526,7.893
3016005474966721792,85.03892154303156,-7.73425576130683,0.08394506218358448,171.18644067796612,0.42188430427737117,11.139386280213023,12.479310344827589,9.693750000000001,0.9182459887270682,0.9945666,True,True,291.9327,14.537,14.537,10.485,7.406
3017174878600154240,84.23231271161595,-6.074591638819766,0.05909336428689435,201.6949152542373,0.13540030931526834,8.9787111951556,11.80108695652174,9.781081081081082,0.8335854274434416,1.029886,True,True,236.897,12.408,12.333,9.281,6.783
3015690155647441152,84.48243916975926,-7.667140216360507,0.1095864172090946,171.18644067796612,0.21332862845930578,10.884532802953947,6.275722543352602,3.6432885906040275,0.9343071915878777,1.0057063,True,True,291.70847,14.184,14.083,11.152,7.968
3209378509090892160,82.99202490020899,-5.907589237085091,0.11995070269139683,181.35593220338984,0.39110057471005855,10.824469539870261,10.052777777777779,9.35948275862069,0.9065367091889779,1.0059736,True,True,284.62726,14.183,14.02,9.944,6.974
3022566157771570048,88.43638468743319,-5.246267989313463,0.06206795981308609,171.18644067796612,0.14605773805564215,10.74319687570417,11.19278350515464,8.042222222222222,0.8100954400109369,1.0129058,True,True,192.37163,13.377,13.205,10.547,7.636
3022281727856230912,86.19755500849922,-5.9714697003625705,0.150784630037066,191.52542372881356,0.1,10.011553110726421,12.624418604651165,4.0662921348314605,1.066388776325021,1.0581219,True,True,234.81778,13.052,12.876,10.573,8.111
3183802154936361600,75.63354923098584,-8.538380481418242,0.1951853519974815,150.84745762711864,0.1,10.293756978251892,11.55,5.9327868852459025,1.0007744300042418,1.0412248,True,True,162.21313,12.582,12.424,10.72,7.947
3198038872012308480,67.64710066746365,-7.692342024898346,0.04287745626421785,130.50847457627117,0.10787105198966634,10.347590781714816,3.705460750853243,4.4679012345679014,1.7803594316028448,1.3740519,True,True,226.80501,13.339,13.155,11.973,8.102
3183175497731911168,75.34362220908744,-9.38220057956946,0.06867809336857571,161.01694915254237,0.24823268762177775,12.841574557062328,6.065363128491621,7.286577181208055,1.038925254407757,1.0065123,True,True,140.93793,13.981,13.79,11.054,7.699
3015649817314609280,84.6469835175775,-7.613955679738948,0.09574241592305407,191.52542372881356,0.2888476227919195,11.826273209657172,7.645774647887325,3.548039215686275,0.9779379041433919,1.0391097,True,True,276.41586,14.753,14.518,11.074,8.293
3207034315940600320,79.25300264065308,-7.771772951326134,0.06831665338825303,201.6949152542373,0.24823268762177775,12.107061608735082,7.539583333333335,4.006273062730627,0.9111583139770588,1.0907004,True,True,260.8278,14.833,14.591,11.162,8.517
3022294685773949312,86.08891541219253,-5.939696496180698,0.17082345832215903,161.01694915254237,0.1,9.842476882531427,11.19278350515464,4.0662921348314605,1.133926963117209,1.0077016,True,True,209.4508,12.779,12.645,10.633,8.021
2089403565471075072,299.88408880746255,52.45251555103979,0.14231860491771686,171.18644067796612,0.12552052364172658,10.254312347856859,11.930769230769233,6.349122807017544,0.8502188423498139,0.9274872,True,True,286.43015,13.595,13.392,11.159,8.214
2125637077807966208,270.5501762164173,53.53353497080531,0.03820311370774623,130.50847457627117,0.1833324376267034,11.063643467127953,4.523750000000001,5.401492537313433,0.974419396501089,0.97808284,True,True,253.69792,14.178,14.038,12.356,8.263
2084903741115108992,304.14525957373,49.23117584629203,0.17739532046106735,181.35593220338984,0.3361078268614909,13.084634644102962,11.19278350515464,4.504979253112034,0.8340029184494367,0.9994966,True,True,192.55379,15.218,15.222,11.297,8.489
2139396228880465408,291.4324686902039,52.72742874598213,0.12070195262267885,120.33898305084746,0.1,12.211745493695064,3.9053956834532375,3.655555555555556,0.9235411974760318,0.99883914,True,True,137.5475,13.576,13.355,12.387,8.988
2146092735729226112,282.7380116633441,52.50478256135816,0.1798341668589701,171.18644067796612,0.1,11.678474864454525,11.80108695652174,3.8913978494623658,0.9106017195821982,0.9680901,True,True,160.7666,13.626,13.343,11.397,8.935
2147215268381159040,279.6581735926913,53.88477368119833,0.19093736726511482,130.50847457627117,0.1,10.345309494962446,5.6546875000000005,4.486363636363637,0.8969645617434137,0.9907874,True,True,261.818,13.511,13.335,12.125,8.777
2180252534788595712,307.62248190310595,50.320655228643545,0.0835532119044674,222.03389830508473,0.11636163857357301,11.020890661057562,9.123529411764707,3.5250000000000004,1.147900297705846,1.0445232,True,True,266.51022,14.289,14.258,11.184,8.943
2180248171100729856,307.93407610417864,50.44148073471532,0.11315043657217481,140.67796610169492,0.1,9.904803794866503,6.349122807017544,5.805882352941177,0.7915216704402254,0.99689895,True,True,250.6996,13.25,13.152,11.552,8.32
2168474665008931584,311.590049896102,50.927323754010494,0.08544678113982632,161.01694915254237,0.13540030931526834,11.138800941582517,5.805882352941177,5.59639175257732,0.8166395952982105,0.9897929,True,True,260.3258,14.125,14.031,11.735,8.549
2170069682722206720,313.85597150624363,51.84803711340261,0.19560560775050181,171.18644067796612,0.1,10.798410734601559,8.826829268292684,3.9194945848375453,1.043593858081123,0.9780294,True,True,202.67578,13.481,13.389,11.188,8.807
2180587675369661440,309.07854407820975,50.604361101462686,0.0718184413680873,211.864406779661,0.24823268762177775,11.06282576756724,11.55,5.775,0.9490442066620708,1.0177764,True,True,291.69934,14.397,14.337,10.511,8.112
2168312147750574976,310.72650697370995,49.86990988579335,0.1531364231826423,181.35593220338984,0.24823268762177775,11.699818482414075,12.624418604651165,4.957534246575343,0.9409514547306809,0.9947707,True,True,242.17154,14.665,14.77,10.986,8.243
2180233980528403584,308.5016367204293,50.7622946309716,0.12086042287202953,171.18644067796612,0.1,9.859622712571278,9.523684210526316,5.9327868852459025,0.964794590124632,0.9894057,True,True,248.5045,13.015,12.937,10.735,8.064
2180480305494283520,310.61688065467155,51.149978117511246,0.10887757024359783,191.52542372881356,0.1,11.854486090820565,7.004516129032258,4.486363636363637,1.0372855528631297,0.9660201,True,True,138.07555,13.418,13.224,10.87,8.566
2167808223521030400,310.2167291990711,48.67000305781784,0.15058989771016246,211.864406779661,0.15755401855293244,10.947928172381589,10.24245283018868,4.360240963855422,0.8137467854833483,0.9960184,True,True,234.04446,14.198,14.097,10.637,8.332
2180825071110478208,309.2770305983529,52.14596455472229,0.07105102978213126,171.18644067796612,0.1,9.829741509788935,18.71896551724138,7.755,0.9344155032190168,0.9932441,True,True,222.4187,12.988,12.867,10.62,7.83
2180115611231467520,306.9675338423824,49.74034097988837,0.0847912986805856,150.84745762711864,0.1,9.415482675412381,7.983088235294118,6.099438202247192,0.800343799926638,1.1048684,True,True,297.59845,13.462,13.394,11.493,8.034
2180664851651225472,308.4984628773728,51.15460018166012,0.16431466677638626,161.01694915254237,0.1,10.625927505783505,10.052777777777779,3.655555555555556,0.9902259896710459,1.0588064,True,True,206.62787,13.363,13.239,11.308,8.626
2182973551190527872,312.31753652189195,54.93496039287431,0.09209596878011793,161.01694915254237,0.1833324376267034,11.813260756696604,6.50119760479042,5.12122641509434,1.0580834391372766,0.9845975,True,True,215.68396,14.155,13.984,11.572,8.354
2179949546309068416,309.49634695673655,49.869163064592286,0.06193024511810211,191.52542372881356,0.1,9.808458712005434,8.416279069767443,5.2960975609756105,0.915080662523778,0.9632099,True,True,296.09308,13.463,13.407,10.861,8.252
2179993148818989568,309.06580995765404,49.86130851141416,0.0736642917340863,191.52542372881356,0.10787105198966634,10.928473612911056,12.063333333333334,5.049767441860466,0.8147337946366296,1.0194482,True,True,205.01483,13.63,13.499,10.859,8.289
2186236759957723136,302.32943717145343,55.49067035675944,0.09277655387672035,150.84745762711864,0.13540030931526834,12.96682366137933,4.7,3.7829268292682934,0.9022450385198935,1.0439405,True,True,146.05165,14.205,13.967,12.18,8.829
1713205451573388544,207.90149121561785,76.34807188785375,0.0469300976784409,140.67796610169492,0.15755401855293244,11.44523785457034,4.449590163934427,5.073364485981309,0.9173015441078958,1.0196514,True,True,259.29947,14.409,14.158,12.383,8.686
2736678188062952576,340.0142956636197,16.76578512098066,0.14107289109451723,120.33898305084746,0.1,9.50732336876151,3.6311036789297666,3.655555555555556,0.8302250185940055,0.9773968,True,True,286.9535,13.195,13.086,12.048,8.493
2737578756804756096,335.4372531211198,17.58973854644889,0.10768551409404643,181.35593220338984,0.1,11.043936367521294,6.133898305084747,3.9194945848375453,1.0507870182224701,1.0217972,True,True,230.2017,13.721,13.522,11.42,8.592
1668485569183395456,214.87394488163744,65.60643707087307,0.15509491043142806,201.6949152542373,0.1,11.25562217534957,17.233333333333334,5.322058823529413,1.0681003018014137,1.0419745,True,True,173.19365,13.256,13.013,10.781,8.544
1660610415933587968,214.181477998446,61.154052748959934,0.10839498273467597,171.18644067796612,0.23011983571417985,12.739594938723492,4.741048034934498,3.559672131147541,0.7328052071838715,1.0637605,True,True,254.34723,15.295,14.816,12.094,8.943
3129138315157392896,103.60372692752402,5.1711409278369365,0.11156379689097126,161.01694915254237,0.15755401855293244,11.891152177101043,5.170000000000001,3.5250000000000004,1.0562561488927389,1.145926,True,True,192.41422,13.998,13.736,11.514,8.25
3324411511533265792,98.33138473670154,7.256745966154037,0.10463877990900702,150.84745762711864,0.1,9.383806725448974,5.775,6.168750000000001,0.7993573289630027,0.9885401,True,True,227.43173,12.664,12.641,10.747,7.636
3324452743216714496,97.14540768643693,7.144760358901435,0.1382758973539221,201.6949152542373,0.3625630486550966,12.622478278863989,8.10223880597015,4.159770114942529,0.7970859438069301,1.0559039,True,True,254.40834,15.281,15.002,10.916,8.256
3131589852429524864,97.3035105852034,5.199789527476099,0.06543854533995838,110.16949152542372,0.11636163857357301,7.561746620817338,3.548039215686275,7.09607843137255,0.6882925940633448,1.0039673,True,True,269.636,11.801,11.859,10.946,6.457
3324408522237318400,98.34268023883,7.233874742958535,0.09975540364985322,171.18644067796612,0.23011983571417985,11.777938563564593,4.782819383259913,4.741048034934498,1.0038392762539536,1.0072381,True,True,239.79752,14.433,14.329,11.221,8.17
3130955090622430592,99.17045068239328,4.91119039280521,0.1673626382715148,181.35593220338984,0.19776262910622383,9.30386731401187,11.309375000000001,7.700000000000002,1.9223242582790174,1.0804504,True,True,236.33516,12.487,12.359,9.303,6.382
3132109710973083008,97.62186617688504,6.430563498861685,0.1277111929199874,242.3728813559322,0.16995517726504228,10.598388607012359,9.781081081081082,3.571381578947369,0.8979526818492978,1.0367174,True,True,294.12848,13.99,13.81,10.422,8.377
3096229897778570880,123.71969750294711,4.930899982781171,0.031157268689228856,120.33898305084746,0.13540030931526834,9.543669031567976,3.948,7.004516129032258,0.8648716618771541,1.091459,True,True,260.7408,13.184,13.037,11.839,7.552
3131632694724412800,96.86973627199262,5.389881957881509,0.19292949328205106,161.01694915254237,0.13540030931526834,10.54400982171914,3.8637010676156582,3.705460750853243,1.0066454064773407,0.9085528,True,True,277.63284,13.653,13.517,11.381,8.173
4322729968913080576,290.4766156159143,17.19386701284137,0.11618195098733164,130.50847457627117,0.1,10.503912487002838,5.868648648648649,4.659656652360515,0.9689718778548615,0.94083023,True,True,156.7759,12.675,12.638,11.278,7.877
4515455631218944256,291.13423653056407,18.790180234681987,0.15425934085288895,181.35593220338984,0.1,10.30811159579897,12.925,7.645774647887325,1.055808304439883,0.98506063,True,True,149.02313,12.326,12.296,9.998,7.453
3377226969186489088,95.20269094412976,22.61143041308563,0.08671441416570136,161.01694915254237,0.1,10.864884102552512,8.225,6.204000000000001,1.0770159162344826,0.97281176,True,True,147.15302,12.755,12.552,10.604,7.718
3377461886718012032,95.28793257056748,23.27304577925693,0.13455439107436895,232.20338983050846,0.13540030931526834,10.533441631978885,13.743037974683546,5.744444444444445,1.067206524396151,1.0939444,True,True,202.2252,13.044,12.878,9.865,7.666
865939387688314112,111.2177676888225,21.789280378835574,0.11994110772192124,130.50847457627117,0.1,11.17547880109256,4.679741379310345,4.413414634146342,0.8543826437753846,1.1405294,True,True,144.49687,12.938,12.725,11.544,8.167
3377473878266962944,95.2380913481345,23.309730308818143,0.027165637014696625,171.18644067796612,0.10787105198966634,8.1951072982566,13.240243902439024,9.35948275862069,0.6487614856401105,1.3621224,True,True,286.0907,12.383,12.339,9.747,6.717
3377450818584305920,94.8652481245242,23.185544073481186,0.04644738466993013,181.35593220338984,0.14605773805564215,12.381869223739036,7.755,5.0263888888888895,0.9541192134271875,0.9852453,True,True,118.24766,13.437,13.286,10.65,7.761
3377566129865179392,95.66537296332032,23.534423840663287,0.16943367181909433,222.03389830508473,0.39110057471005855,11.21840257755927,19.740000000000002,7.810791366906475,1.0272232681479863,0.879247,True,True,263.17685,14.109,13.922,9.555,7.112
3377372306581159296,95.8227503153556,23.37257670044841,0.06970255046234354,211.864406779661,0.1,10.875679453967052,7.004516129032258,6.424260355029586,0.9296215123847971,1.0689406,True,True,134.376,12.457,12.342,9.772,7.459
3377264588802197504,95.3469604245681,22.942650139167647,0.043054750597128426,191.52542372881356,0.1833324376267034,10.834962887799549,7.385714285714287,3.6311036789297666,0.9531900962616969,0.9877462,True,True,238.54308,13.845,13.646,10.539,7.802
3377380003162696832,95.86602974688668,23.486283273010017,0.17922712059758178,201.6949152542373,0.24823268762177775,11.357112935540066,18.71896551724138,10.644117647058826,1.0389295162150611,0.9514919,True,True,155.80673,12.948,12.838,9.371,6.81
3377233016500422656,95.11198990540902,22.766252476918357,0.18265130830623486,181.35593220338984,0.1,9.319821248914275,7.385714285714287,4.720434782608696,0.781877917179653,0.98449326,True,True,240.50026,12.537,12.513,10.157,7.73
3375302647742539904,92.19181154562465,21.267725546794704,0.06892925560922791,130.50847457627117,0.39110057471005855,10.894116266408718,4.659656652360515,6.099438202247192,0.9130143832279287,1.00328,True,True,289.41574,14.378,14.143,11.442,7.394
3377239196957153280,95.18272753737736,22.83376466417896,0.18223789551512598,150.84745762711864,0.1,9.996421264171286,4.957534246575343,3.5831683168316837,0.9218445611028995,1.0477091,True,True,226.40997,12.794,12.658,11.071,7.905
3374283988875458048,93.746747807811,20.286374443099188,0.17682206279927215,161.01694915254237,0.1,9.504137687618071,5.998342541436465,3.8228873239436627,1.0287842474954028,1.0126544,True,True,296.48837,13.068,13.006,11.218,8.214
3377233080923698688,95.09689490381976,22.775228818657567,0.1422329354636792,171.18644067796612,0.1,8.234121676595503,13.91923076923077,12.337500000000002,0.5870124943489133,1.0046611,True,True,209.45844,11.605,11.617,9.137,6.565
3375171947593252608,91.9786734624066,20.230033178138516,0.13476455743626856,150.84745762711864,0.1,10.558094093248096,4.980275229357798,4.241015625,0.9348748309042524,1.0697479,True,True,181.80942,13.175,13.016,11.291,8.144
5675789764016957568,139.0242428138971,-22.337419733178034,0.1544042828807838,120.33898305084746,0.1,9.164795834364732,5.0263888888888895,5.073364485981309,0.9577046983250865,1.0814859,True,True,289.84488,12.958,12.838,11.938,8.185
2066491834791925632,311.0259390494178,42.521982327871626,0.06506852061507705,232.20338983050846,0.31158296935278684,10.19761156983359,9.047500000000001,3.7437931034482763,0.833542887634853,0.99871904,True,True,281.27756,13.749,13.708,9.31,7.159
2069872558169384448,309.7682685344405,44.13586906349104,0.14250717145721703,191.52542372881356,0.42188430427737117,11.200185549363672,17.511290322580646,10.052777777777779,0.8249522000557157,0.9490972,True,True,276.0806,14.421,14.76,9.887,7.113
2067918524146410496,309.04117870021656,41.93639336512432,0.10552661329658282,171.18644067796612,0.31158296935278684,9.069706337483325,6.620121951219512,8.351538461538462,0.9619058900755095,0.8930779,True,True,270.05084,12.758,12.741,9.012,5.908
2069401211280608128,305.8771528383086,44.82294740306028,0.14661456591442545,171.18644067796612,0.19776262910622383,11.762618101301342,3.667905405405406,3.9053956834532375,1.0064123414044417,1.0344592,True,True,260.5731,14.636,14.835,11.716,8.646
2068880184508929664,306.8975352881205,42.43841023659903,0.13971403210032696,161.01694915254237,0.1833324376267034,9.97293334308524,4.7,7.487586206896553,0.9105672869950168,0.9390933,True,True,257.77698,13.653,13.722,10.659,7.429
2068558886590157184,305.6622125821349,42.52152944414212,0.1377443721657213,150.84745762711864,0.1833324376267034,9.397553674124996,3.730927835051547,10.74950495049505,0.8773869865895759,1.1974231,True,True,232.47554,12.604,12.562,10.092,6.545
2066813618042598912,312.5570910546121,43.33450280497253,0.1614165471058364,140.67796610169492,0.1,8.864156879993487,13.403703703703705,9.693750000000001,0.8005158277908956,1.0308739,True,True,201.96254,12.176,12.122,10.472,7.234
2068753912469082496,305.26285183522623,42.52384419797206,0.1030740220315219,191.52542372881356,0.12552052364172658,8.81446914951422,5.244927536231885,4.036059479553903,1.9644964878260087,1.0094407,True,True,168.45262,11.531,11.388,8.592,5.904
2069355409747830272,305.67064129097736,44.25299152865204,0.1537958847234027,150.84745762711864,0.1,11.552012632276599,6.4625,4.449590163934427,0.8853102783419496,0.95224744,True,True,132.63785,13.072,13.023,11.164,8.336
2069357750513484928,305.4932745961674,44.28141418120393,0.15916847106494206,201.6949152542373,0.1,10.740781076692425,6.349122807017544,7.983088235294118,0.8323729574323145,1.0501591,True,True,142.57336,12.897,12.697,9.973,7.585
2069512953442876672,309.3019085780386,42.79132815875422,0.049023609859779375,252.54237288135593,0.15755401855293244,10.1259728592999,9.693750000000001,4.523750000000001,1.2357580303297853,1.3364133,True,True,180.3164,12.708,12.511,9.106,7.13
2069611703334400640,310.2185139774175,43.61358950825964,0.13996281279472536,171.18644067796612,0.24823268762177775,12.588945787972383,3.6432885906040275,5.21971153846154,0.9497039511335532,0.9487792,True,True,151.64561,14.278,14.334,10.991,7.995
2070723790632158336,308.41811155157336,44.84248450577834,0.17447868327839475,201.6949152542373,0.1,10.989686448569408,11.42842105263158,4.25764705882353,0.7517578079182223,1.0151849,True,True,167.32973,13.305,13.19,10.679,8.499
2065875631542484224,312.72114920383177,42.34302497098289,0.03181366431351451,201.6949152542373,0.10787105198966634,11.895065065045987,8.899180327868853,6.349122807017544,1.1160444794468756,1.0137432,True,True,91.350975,12.422,12.283,9.736,7.294
2065920814601580928,313.9433092086012,42.23176027059506,0.07619100635632896,150.84745762711864,0.1,10.588502919265052,3.7567474048442913,3.667905405405406,0.9062007806563429,1.0659015,True,True,208.55779,13.453,13.381,11.489,8.248
2068808093477222528,305.0695938214774,42.71989730719695,0.07539157980284569,313.5593220338983,0.23011983571417985,10.991277049700468,3.976923076923077,3.513592233009709,0.8011211094423502,0.99178624,True,True,253.52605,13.937,13.751,9.776,8.446
2069485774891441152,309.1804988807171,42.57940809957606,0.15635395150278864,242.3728813559322,0.24823268762177775,10.00881175286463,7.286577181208055,3.8363957597173153,0.8612503511029386,0.9274286,True,True,266.2781,13.192,12.971,9.237,7.074
2069690009177235584,308.47181927735323,42.74284073324244,0.08302306570429696,232.20338983050846,0.1,7.5533103463008295,6.828301886792453,9.523684210526316,0.7176423204653881,1.0037034,True,True,234.96292,11.526,11.521,8.412,6.295
2065700014622949248,313.7447113452603,41.92432341600329,0.1806557199029482,222.03389830508473,0.24823268762177775,12.015531220235346,10.43942307692308,6.386470588235294,0.8619741128194869,0.94429976,True,True,137.08589,13.736,13.538,9.758,7.512
2067036990701312128,311.8472908238157,43.902755466107735,0.18824901419537093,303.3898305084746,0.1,12.065445155335691,12.063333333333334,4.0662921348314605,1.030549070969358,0.9956889,True,True,100.892334,12.838,12.732,10.335,8.388
2069309406361310208,306.6958615690026,44.16504079149593,0.11519052510089589,191.52542372881356,0.1,9.444413013326187,8.042222222222222,4.825333333333334,0.8281802511263517,1.0870253,True,True,287.8232,13.488,13.4,10.552,8.03
2069377022024117504,306.0305664719376,44.528486529512406,0.09041085155195,201.6949152542373,0.23011983571417985,11.359931051716863,12.479310344827589,5.868648648648649,0.9442450872741509,1.0011467,True,True,242.97858,14.163,14.344,10.606,8.112
2069838340167961472,309.37486557253226,43.77156543020659,0.1193819574742392,201.6949152542373,0.21332862845930578,13.910434094729778,5.684293193717278,8.826829268292684,1.5837987010093821,0.89079976,True,True,39.076817,11.732,11.565,8.543,5.939
2068767892583575808,305.1634634105933,42.83477649512616,0.13812522318251538,201.6949152542373,0.1,9.211039045837204,12.772941176470589,7.436301369863015,0.7461640141771596,1.018036,True,True,265.67078,12.678,12.638,9.967,7.491
2070834257194486656,306.5724044614527,44.59857964968156,0.11984755395295017,232.20338983050846,0.12552052364172658,9.910261949638908,12.198876404494383,5.348275862068966,0.8334404405409732,1.0104933,True,True,289.08823,13.362,13.226,10.194,8.087
2069429248824888960,309.1763943834691,42.33182372675592,0.07469754129581711,181.35593220338984,0.26777121151983396,10.25755832055912,4.360240963855422,3.502258064516129,0.9031226423005733,1.0128207,True,True,194.95543,13.076,12.895,9.363,6.39
2071195996520175744,308.3800062411992,46.0296293108734,0.15077047100631827,171.18644067796612,0.1,10.263226732351523,9.693750000000001,8.351538461538462,0.9994304085900275,0.98460543,True,True,187.00424,12.718,12.596,10.599,7.902
2074835066467357568,301.5483122812425,41.82720257448759,0.07889932535438919,222.03389830508473,0.1833324376267034,10.710131986907594,5.145497630331755,4.449590163934427,0.8886648683467553,0.9889838,True,True,289.08716,14.265,14.146,10.568,8.403
2068108842737772672,307.23669776372907,42.03865389924713,0.059045135214887114,283.0508474576271,0.1,9.967188858166256,8.972727272727274,4.486363636363637,0.8887795790193189,1.0186901,True,True,215.3834,12.865,12.813,9.802,8.087
2070248904689353472,309.8367581412785,44.279823902409504,0.12995203639199396,293.22033898305085,0.1,9.181674848075142,14.285526315789475,4.523750000000001,0.9282395724322489,0.9748162,True,True,292.56302,12.942,12.867,9.906,8.173
2070603527243610752,307.4104895073936,44.03509177085263,0.16479687978438745,191.52542372881356,0.4550910372032852,11.15245687261449,5.567692307692308,7.004516129032258,0.9618726378041794,1.0194328,True,True,292.9401,14.559,14.678,9.903,6.947
2068682478574329984,304.49363970293524,42.3485789067207,0.05510796269135582,201.6949152542373,0.21332862845930578,10.886102596350579,7.238000000000001,8.6856,0.9238719333452298,1.076419,True,True,157.27275,13.007,12.94,9.312,6.819
2075795970910363520,301.239787602087,43.42347418174713,0.08718554188451919,191.52542372881356,0.21332862845930578,10.992139059471391,5.483333333333333,4.9350000000000005,0.9236111450915039,0.96282315,True,True,286.2788,14.246,14.308,10.913,8.158
2066872025297263872,311.40797038305533,42.701806197089816,0.08147929031827832,181.35593220338984,0.31158296935278684,11.563234052211527,9.440869565217392,4.679741379310345,0.9414374695045165,1.0520512,True,True,203.9105,14.233,14.131,10.27,7.436
2069796764881731840,308.3194800328914,43.609011372245405,0.06199504155640389,201.6949152542373,0.3361078268614909,11.038544818727171,15.966176470588236,4.006273062730627,0.922200474232448,1.0006466,True,True,225.4174,13.791,13.775,9.606,7.07
2071531450642911616,308.9622330806275,47.07455911188396,0.04629532907851944,161.01694915254237,0.24823268762177775,12.671541867211449,11.930769230769233,9.960550458715597,1.0594531960255849,0.9639966,True,True,105.67728,13.422,13.303,10.376,7.079
2078792758569791360,296.4751884955685,43.56258903603441,0.14111221128531126,161.01694915254237,0.19776262910622383,11.357371422574642,7.592307692307694,5.348275862068966,0.9297619501167121,1.0604925,True,True,266.27765,14.623,14.459,11.701,8.543
2075824528157088640,300.9647751424843,43.53553404163706,0.16456011355752104,211.864406779661,0.24823268762177775,10.90824122080437,7.238000000000001,10.74950495049505,1.5408046604859877,0.91079545,True,True,185.44783,13.119,12.93,9.382,6.866
2078533514344936704,297.8347498207402,43.120458253715896,0.13051900284411558,161.01694915254237,0.24823268762177775,13.14405730029624,4.980275229357798,3.571381578947369,0.7887370899431485,1.009922,True,True,193.58885,14.738,14.518,11.786,8.545
2080790403700248448,303.345686294612,43.072545365330726,0.038962824736721406,201.6949152542373,0.1,8.511704326571238,9.870000000000001,9.523684210526316,0.7747816548254247,0.99060977,True,True,217.21156,11.996,11.926,9.159,6.668
2075835553325780864,300.7475121741465,43.52869085801245,0.126217665832155,181.35593220338984,0.39110057471005855,11.85127021988353,8.755645161290323,5.567692307692308,0.9701323446378255,1.083233,True,True,273.0012,14.735,15.073,10.703,7.901
2074905400849300992,302.4511480269041,42.24451644816449,0.05140902230115921,191.52542372881356,0.2888476227919195,10.311694334856742,5.348275862068966,7.190066225165564,0.9383163157509531,1.042457,True,True,295.23547,14.112,13.927,10.081,7.392
2081257691839946752,304.6478082264557,44.00814985369015,0.1672845365023753,191.52542372881356,0.14605773805564215,10.504674791115255,7.539583333333335,3.6311036789297666,0.8606469983722308,0.98516,True,True,286.90244,14.307,14.264,10.989,8.443
2081153551778402176,303.5396841549605,44.43573296994808,0.10238052974616746,201.6949152542373,0.14605773805564215,11.795748892870428,5.21971153846154,4.890540540540541,0.9344063031752914,1.0601553,True,True,167.22878,13.883,13.724,10.715,8.202
2081139120686041856,303.36760968476324,44.05681686426249,0.08840955742826499,191.52542372881356,0.24823268762177775,10.6462691415052,10.966666666666667,9.870000000000001,1.1025293226207205,0.9979478,True,True,256.68954,13.838,13.803,10.18,7.464
2074914987215500160,301.99789182968743,42.16916628445282,0.17738055460054283,211.864406779661,0.4550910372032852,12.561055356338482,19.04736842105263,11.07857142857143,0.9500577460072122,0.9193949,True,True,220.5218,14.854,14.776,10.063,7.464
2075842292141866752,300.7435631428866,43.731567317864624,0.12718740796840164,181.35593220338984,0.14605773805564215,10.580357070368354,15.734782608695653,11.930769230769233,0.8241696960395157,1.0268431,True,True,196.87682,12.968,12.938,10.22,7.387
2075759377784919168,301.0939830012382,42.967721960841175,0.09447420012015321,161.01694915254237,0.1,9.790488296544925,6.959615384615385,4.486363636363637,0.8435221225756606,1.015549,True,True,298.2719,13.5,13.407,11.353,8.47
2082957919080121088,306.2023818100736,45.68454804300838,0.10614374329235292,161.01694915254237,0.1,10.690240712028459,11.674193548387098,12.337500000000002,1.0007957389035462,1.0315216,True,True,130.83124,12.474,12.335,10.293,7.486
2083636519610327296,307.6533123398453,47.62666308067424,0.07242015723175596,181.35593220338984,0.12552052364172658,10.344094561689303,7.004516129032258,4.980275229357798,0.8924300598317573,1.028123,True,True,298.98685,13.944,13.843,11.207,8.384
2081669871263058176,304.3166472730483,45.451978823777,0.1791506099094695,140.67796610169492,0.1,9.30988347501437,6.239655172413794,5.4285000000000005,0.808727856385354,0.9303008,True,True,277.6871,12.938,12.884,11.322,8.222
2075662311523744384,301.0840494400448,42.86494886171029,0.036462940811721495,171.18644067796612,0.3361078268614909,12.014004369031245,11.55,9.781081081081082,0.8435989771695461,0.99277884,True,True,187.69743,14.257,14.072,10.459,7.428
2075857096882321280,301.16594220941613,43.7751114708981,0.16828476192735345,191.52542372881356,0.10787105198966634,9.98103689666031,5.511167512690355,7.09607843137255,1.1453221663740378,0.9928894,True,True,257.48517,13.094,12.902,10.474,7.828
2080743090339782912,303.4226473895087,42.50973888231951,0.030279211522699686,191.52542372881356,0.14605773805564215,9.400580279776255,5.71421052631579,4.159770114942529,0.77779263915084,0.99197406,True,True,294.75864,13.361,13.217,10.192,7.543
2081820538713360640,301.71333794319463,43.98706297552728,0.09128348714240497,211.864406779661,0.14605773805564215,10.652573868641454,12.772941176470589,9.870000000000001,0.9051403685764169,1.0140668,True,True,191.00891,13.342,13.163,9.992,7.679
2083362333197888512,305.35151249326407,47.01731451368279,0.05531302305042889,252.54237288135593,0.11636163857357301,9.747055662046192,18.40169491525424,7.004516129032258,0.7698838287519015,1.0121865,True,True,251.38321,13.181,13.03,9.802,7.933
2082423831306119424,302.42797736129137,45.52264139187241,0.11068822858043217,232.20338983050846,0.24823268762177775,10.497548838916657,15.966176470588236,10.146728971962618,0.8522375596268394,0.94981205,True,True,282.95126,13.819,13.652,9.874,7.649
2083053366129369344,305.7215702181949,46.38725758584263,0.11656754084050192,201.6949152542373,0.1,10.935090399228077,9.781081081081082,4.241015625,1.0307836032619369,1.0095428,True,True,218.70863,13.65,13.46,11.039,8.77
2081301539168668288,304.32348606805795,44.01397496534823,0.1555561730701647,272.8813559322034,0.16995517726504228,10.330965232046639,13.080722891566266,3.991544117647059,0.8861639263070924,1.0613867,True,True,241.80482,13.2,13.051,9.691,7.781
2083055118476161024,305.69130459582067,46.50901547323303,0.0914574010572249,211.864406779661,0.3625630486550966,11.77848995816382,24.675000000000004,15.07916666666667,0.8667933090935325,1.1109364,True,True,187.95566,13.868,13.743,9.598,7.115
2083107658819837056,306.98096817135024,46.675865870216754,0.07097078408978942,171.18644067796612,0.16995517726504228,10.553107975873766,7.436301369863015,8.163157894736843,1.0301675757158495,1.0612282,True,True,274.6285,14.054,14.017,11.066,8.132
2083619958216137472,307.7923903446097,47.45766729465738,0.08390545937757438,191.52542372881356,0.13540030931526834,10.491995354911326,8.826829268292684,6.58,0.9361291849056512,1.040635,True,True,270.28275,14.018,13.951,10.856,8.267
2082179877162963456,300.7604659901835,45.21944162316053,0.08120978420804216,171.18644067796612,0.1,10.915413440501572,8.48203125,7.286577181208055,0.932360879346523,0.925745,True,True,206.5219,13.651,13.57,11.291,8.276
2082402596987199744,303.3809270501828,45.82205385255223,0.10788263063715109,191.52542372881356,0.1,9.423554135759714,12.198876404494383,7.190066225165564,0.8763027574499007,0.96382535,True,True,280.7897,13.148,13.043,10.551,8.159
2083047323121955712,305.79946991702093,46.23886033007742,0.19896277620108274,140.67796610169492,0.1,10.348756423637269,10.146728971962618,11.19278350515464,1.2334220051704614,1.0294932,True,True,120.82581,11.931,11.798,10.26,7.324
2083510286233869312,307.0247969376305,47.18009441083284,0.10863104364756529,181.35593220338984,0.21332862845930578,10.366833728442106,8.826829268292684,14.100000000000001,1.0421631790588404,1.0164646,True,True,219.17613,13.224,13.101,9.936,6.998
2084146005810400000,303.4417809114154,47.69885416411466,0.06430606093386805,211.864406779661,0.23011983571417985,11.726419563062944,9.523684210526316,4.096981132075472,0.8713792628723509,1.0023391,True,True,298.7969,14.902,14.777,11.184,8.789
2081949044135965056,302.2024319612346,44.5425757356939,0.07871663455754177,181.35593220338984,0.19776262910622383,11.664878102377575,3.6432885906040275,4.980275229357798,1.0202035068759516,0.99870616,True,True,204.31506,13.933,13.755,10.783,7.946
2083576222573218176,306.69918995972404,47.48132132671643,0.1871253588654694,150.84745762711864,0.3625630486550966,11.857958821142573,4.890540540540541,6.959615384615385,0.8006428104320666,0.964437,True,True,283.471,15.292,15.349,11.581,8.18
2081906541144601344,301.93496754858387,44.63076511136793,0.18591362806170314,181.35593220338984,0.1,9.622066590266373,8.351538461538462,5.0032258064516135,1.0058258201673815,0.9795419,True,True,270.83456,12.961,12.909,10.649,8.104
2126022864654074496,291.52361643981976,43.29283871157792,0.16252318122880105,120.33898305084746,0.1,9.950253362431594,3.8637010676156582,3.8913978494623658,0.8355915623888232,0.954719,True,True,258.9964,13.56,13.42,12.302,8.74
2081165676460478208,303.0238314577562,44.11119968676671,0.07398723229254299,171.18644067796612,0.13540030931526834,9.61740246915294,4.60042372881356,10.540776699029127,0.8625181704111438,1.0125442,True,True,215.20438,12.795,12.778,9.959,7.057
2162019024220616320,314.4838287866054,42.92478891851236,0.1629191749808483,150.84745762711864,0.1,9.69087297055627,7.238000000000001,3.7437931034482763,0.7545511788036711,0.9911901,True,True,251.5036,13.322,13.238,11.179,8.182
2162061522920035328,314.81971068384263,43.527576044476014,0.1608479230050346,150.84745762711864,0.11636163857357301,9.555568760338987,8.826829268292684,5.868648648648649,1.0492707490195459,0.9979932,True,True,239.1377,12.754,12.671,10.762,7.202
2126069151523069184,290.63384935745984,43.29806817832531,0.05141909100403865,120.33898305084746,0.1,12.0272613411197,3.796153846153847,3.6928571428571435,1.0312722160109329,1.0343535,True,True,133.21132,13.487,13.288,12.317,8.544
2126260427884221696,291.0981178733,44.88398659775653,0.13886681212833413,150.84745762711864,0.1,10.384684384440819,6.275722543352602,4.208139534883721,0.9679152720131597,1.0857272,True,True,241.71529,13.627,13.458,11.665,8.709
2162052456246806528,314.56455366306534,43.29546257144168,0.17263095107016385,435.59322033898303,0.1,9.412722817033911,13.571250000000001,3.7437931034482763,0.772014836688905,1.0132248,True,True,184.26126,12.102,12.104,9.516,8.232
2167767236659531008,309.026971838555,48.52796472290062,0.19165668528964547,171.18644067796612,0.1,10.310192174137537,10.24245283018868,5.073364485981309,1.0867353346749935,1.0548484,True,True,236.92766,13.284,13.17,11.133,8.574
2167721332048577152,309.21928510290235,48.11481922283888,0.0423578817091133,272.8813559322034,0.14605773805564215,10.392940298070148,11.930769230769233,3.8913978494623658,0.9096897643188244,1.0216247,True,True,240.26048,13.598,13.421,10.008,8.222
2167465077124585216,310.3537173224245,47.47157637604237,0.05550149366610103,181.35593220338984,0.10787105198966634,9.74121295943781,13.403703703703705,8.225,1.1034438977177836,1.0291309,True,True,234.41792,12.941,12.908,10.41,7.519
2111470003632731648,275.96331981805287,42.21125568016184,0.10271396978824714,120.33898305084746,0.19776262910622383,10.944482856201507,4.846875000000001,10.43942307692308,1.0756543941872092,1.0401744,True,True,217.8707,13.538,13.407,12.148,7.651
2162228790435245824,314.65529229098115,44.15069943892586,0.031837612781936024,161.01694915254237,0.23011983571417985,10.45704043784281,5.483333333333333,12.063333333333334,0.8207503659672126,1.0266609,True,True,164.01868,12.879,12.753,9.724,6.476
2166323607946468352,311.44226395435624,45.83992049046725,0.0768285259270733,201.6949152542373,0.1833324376267034,12.260422816514305,9.523684210526316,4.659656652360515,0.886071547318165,1.0724086,True,True,177.14938,14.17,14.165,10.832,8.374
2166307183989813120,311.54604327014977,45.60351213985558,0.1794823962802894,201.6949152542373,0.3361078268614909,13.924435154412677,5.567692307692308,6.065363128491621,0.8348535448848386,1.0652001,True,True,138.38696,14.539,14.668,10.622,8.05
2167708000469464192,309.78004877003,48.46257664130433,0.1987676500412836,181.35593220338984,0.1,9.67111907642386,10.540776699029127,6.031666666666667,1.4457047161996281,1.093059,True,True,263.33694,12.972,12.833,10.634,7.958
2167472911145004544,310.40532841150844,47.63439870341903,0.15617285074030926,191.52542372881356,0.15755401855293244,11.638169654283448,17.233333333333334,7.286577181208055,0.8398333607744908,1.0228345,True,True,150.95332,13.605,13.541,10.373,7.833
2166986476021702144,314.8741851664085,48.24171338398363,0.19093281931495792,150.84745762711864,0.19776262910622383,11.347169584122671,5.1947368421052635,5.2960975609756105,0.980526686664336,0.9934518,True,True,278.02643,14.624,14.937,11.961,8.601
2162098012960580864,313.7867903296819,43.30492234355159,0.19419448978336107,171.18644067796612,0.4550910372032852,12.796545494885798,7.924817518248175,8.48203125,1.0566050205781676,1.0196853,True,True,185.98996,14.652,15.094,10.677,7.526
2163100286531226112,314.2260015539024,45.03922600438744,0.15157010700723875,150.84745762711864,0.3361078268614909,11.584307619197563,11.07857142857143,7.436301369863015,1.0981836815326957,1.0214964,True,True,208.98296,13.932,13.897,10.773,7.204
2163799335404786176,313.7497402477471,46.68656623643968,0.14237684505840129,222.03389830508473,0.12552052364172658,11.127878869228805,12.063333333333334,3.730927835051547,1.0191543627708866,1.1352062,True,True,239.48495,14.102,14.135,10.908,8.678
2162136603245897344,314.16254900844723,43.84630084011379,0.10740825663561318,150.84745762711864,0.1,8.911241338683684,8.899180327868853,7.238000000000001,0.8341138075068811,1.0450801,True,True,200.25443,12.069,11.977,9.972,6.964
2163277655808662528,313.4933192798778,45.116247615823205,0.05305640542333057,140.67796610169492,0.19776262910622383,10.845084335112801,5.511167512690355,8.6856,0.9122685160591684,1.039108,True,True,165.12694,13.074,13.059,10.753,7.042
2167752973060456960,309.3038057909177,48.50574649671972,0.10184942939185945,181.35593220338984,0.4550910372032852,10.932158893525141,5.62538860103627,10.340000000000002,0.8495209746325932,1.0076964,True,True,261.5874,14.399,14.331,9.829,6.866
4536429395310439424,278.21854742209894,24.43872075268686,0.058627990104602144,140.67796610169492,0.42188430427737117,11.80561150134393,6.133898305084747,7.924817518248175,0.9871656608494632,1.023994,True,True,282.55832,14.993,14.923,11.709,7.867
1817192627064651136,306.33409619182413,21.76915116989024,0.19214371496083313,100.0,0.1,10.541474343469716,6.065363128491621,5.511167512690355,0.7882715966102484,1.0886334,True,True,145.8411,12.591,12.401,11.592,8.283
5058632414174491264,48.8249641881189,-29.05418444803857,0.07325921547972752,161.01694915254237,0.10787105198966634,11.202284020427575,10.24245283018868,6.540361445783133,1.0000806193397895,1.0439684,True,True,192.77122,13.524,13.305,11.438,8.252
5056380438264908544,54.472900023906575,-29.04984063313751,0.16438877630035925,120.33898305084746,0.2888476227919195,10.967949476412873,4.25764705882353,5.805882352941177,0.9466243572124452,1.0310435,True,True,281.1091,14.643,14.477,12.345,8.208
5897570948789968896,217.6862546065246,-53.45239413638276,0.12250325187703046,161.01694915254237,0.19776262910622383,12.748883422696514,5.170000000000001,4.081578947368421,1.0416117783920007,1.0508076,True,True,173.82343,14.144,14.239,11.589,8.329
5897707258187015296,218.18356557380372,-52.59652731507284,0.11580435068509205,120.33898305084746,0.1,10.81179479848418,3.667905405405406,3.6432885906040275,1.092916848951077,1.0457582,True,True,198.63503,13.392,13.275,12.162,8.582
5901279670228148864,223.54860079078557,-50.78281681579829,0.04747285158598758,171.18644067796612,0.10787105198966634,10.714300249632757,4.449590163934427,3.513592233009709,0.8928151264063329,1.0106752,True,True,275.8919,14.115,13.974,11.758,8.688
5897942416231487616,218.22421765813849,-52.01647576921985,0.09153591570121394,110.16949152542372,0.1,10.716846356833173,4.036059479553903,5.145497630331755,1.0838659761826284,0.9828077,True,True,153.03407,12.726,12.588,11.954,8.086
5894075704409179264,223.03661261857712,-53.10710789191285,0.1756177314908963,191.52542372881356,0.31158296935278684,13.051669090359137,7.335810810810812,3.7697916666666673,0.9858997712884746,1.0301192,True,True,212.70651,15.107,15.387,11.317,8.526
5342809917458430080,172.21027575676746,-56.93103780314596,0.14970935328613003,201.6949152542373,0.19776262910622383,11.155195378250369,14.671621621621624,6.099438202247192,0.9225368536500197,1.0410446,True,True,224.82848,14.244,14.168,10.565,8.018
5335447484516589568,175.85326035920286,-60.51351075320139,0.1547153616765848,181.35593220338984,0.14605773805564215,11.681594284050092,4.957534246575343,4.679741379310345,0.9910039896618523,0.9768266,True,True,233.26498,13.93,13.902,11.412,8.535
5340753628876221952,167.84213308802063,-56.64898070953657,0.1291787979848655,181.35593220338984,0.1,10.387693577692264,12.063333333333334,5.145497630331755,0.8108931368126008,1.0885843,True,True,275.02887,13.672,13.587,11.394,8.801
5342905029533423232,172.55459761417117,-56.50155676110695,0.04445082188421819,171.18644067796612,0.13540030931526834,10.78302891423097,6.275722543352602,4.741048034934498,0.8869390370564696,0.9924487,True,True,296.1491,14.211,14.185,11.644,8.581
5340727717306892928,167.18738611103475,-56.98704386837748,0.04940138563749935,201.6949152542373,0.1833324376267034,12.426665215663881,24.675000000000004,11.19278350515464,0.9392844513863696,0.9842481,True,True,133.07478,13.738,13.585,10.45,7.848
5239927961609543040,160.03943415992634,-63.71681587541442,0.19316263482562712,191.52542372881356,0.1,11.001452024206895,16.703076923076924,4.274409448818898,1.1419297256779868,1.0579585,True,True,209.7532,13.47,13.273,11.106,8.742
5335532043832707840,176.96247683029435,-59.83463358276333,0.17450291749985491,201.6949152542373,0.21332862845930578,10.608538462580842,8.416279069767443,9.047500000000001,1.0602414453926392,1.062426,True,True,236.68117,13.471,13.354,9.86,7.302
5241317160188991232,163.531623546514,-63.217133884718194,0.1890597130370921,242.3728813559322,0.24823268762177775,11.157247868710805,15.29154929577465,6.099438202247192,1.0010006338195097,1.0517426,True,True,283.9671,14.371,14.266,10.256,8.179
5254098609258803328,160.04823575406013,-61.08650603843872,0.0860780515642674,201.6949152542373,0.1,9.657844984096037,17.798360655737707,9.047500000000001,0.8801007906237027,0.98571,True,True,231.73253,12.842,12.855,10.06,7.694
5255125450010541696,154.14629573666724,-59.30254853001819,0.17052403096888105,181.35593220338984,0.24823268762177775,10.689375766518452,6.7856250000000005,6.4625,0.8956367623039924,1.1004668,True,True,287.76346,14.186,14.355,10.537,7.743
5259667738678079232,150.84196636473075,-56.85367876441662,0.1340442470424123,171.18644067796612,0.13540030931526834,10.042295238888444,3.559672131147541,5.483333333333333,1.1326070731472047,0.94718236,True,True,227.15555,12.924,12.844,10.435,7.343
5254535184075088256,158.5511187717625,-59.42014289565081,0.12733977650208386,242.3728813559322,0.1,9.995604411580594,8.616666666666667,6.660736196319019,1.0472122819936363,0.9938992,True,True,198.53648,12.638,12.587,9.654,7.62
5299632508149238400,137.1948317904086,-61.51713039329298,0.16742767182705978,181.35593220338984,0.21332862845930578,12.840356733278323,6.065363128491621,3.730927835051547,1.4062371109421714,1.2929974,True,True,224.71841,14.73,14.679,11.754,8.774
5257860656974998528,148.24575646185338,-58.181886999000525,0.1677375628981492,150.84745762711864,0.1,10.55344836490309,5.59639175257732,5.71421052631579,0.8162781613856099,1.1559136,True,True,161.7197,12.812,12.683,10.973,8.047
5258182916961300864,152.44578505024666,-58.99704006988613,0.11527998532854272,150.84745762711864,0.1,9.09908201211582,9.27948717948718,6.58,0.8492280319988457,0.9768035,True,True,298.84225,13.059,13.033,11.087,8.03
5259923684376541568,150.0544128959643,-56.52545972498138,0.15403342414979512,211.864406779661,0.11636163857357301,10.781288382923975,8.899180327868853,6.3122093023255825,1.118844575082977,1.0869802,True,True,175.16185,12.83,12.782,10.064,7.672
5333703388502241280,171.41597233433225,-63.51195057415729,0.13322103856450618,242.3728813559322,0.13540030931526834,10.546952744643821,12.063333333333334,3.5250000000000004,0.9446598204100262,1.0822204,True,True,189.70477,12.918,12.871,9.633,7.642
5334091928438245760,175.02363108791545,-62.646789041667,0.1504274351816718,191.52542372881356,0.1,9.59674743413953,5.71421052631579,4.308333333333334,0.9754416107852487,0.998963,True,True,229.33826,12.657,12.585,10.132,7.711
5333880341153115904,171.64520139248577,-62.34873195778481,0.14799239959301874,211.864406779661,0.16995517726504228,9.871059798154478,8.48203125,12.772941176470589,0.9135004174541129,1.0414468,True,True,210.97269,12.594,12.564,9.316,6.869
5338334428429169664,163.8025854019894,-60.037976905565536,0.13777910425911397,161.01694915254237,0.1,9.548965929678518,9.20084745762712,8.755645161290323,0.8715792172907645,1.2306957,True,True,201.26257,12.602,12.54,10.294,7.594
5351880858331178624,157.30605436583355,-56.63821535163826,0.05687108312365474,171.18644067796612,0.19776262910622383,11.638228008143203,3.5831683168316837,7.385714285714287,1.001193863850829,0.9908302,True,True,159.00032,13.47,13.518,10.462,7.497
5350796430639733120,159.4852524383227,-58.10116421718724,0.11245302383101384,232.20338983050846,0.31158296935278684,10.962177525570793,7.700000000000002,4.761842105263158,1.076963831861916,1.0699774,True,True,138.99843,12.6,12.472,8.341,6.139
5339576498604171648,167.8762169428122,-57.60788155520252,0.12099919043244903,161.01694915254237,0.1,10.911650611681782,15.51,7.238000000000001,0.8277748450211745,1.1067544,True,True,178.19876,13.241,13.154,11.126,8.339
5338952590144040448,163.76160047723914,-58.36588480394174,0.08166832581372425,232.20338983050846,0.1,13.213890594269238,11.55,5.684293193717278,0.9285397564213883,1.0695803,True,True,82.61412,12.992,12.947,10.298,8.256
5350821135292898816,159.92234236183583,-57.6550591541482,0.15397786591972107,171.18644067796612,0.1,11.34589555776612,9.27948717948718,10.052777777777779,1.1431998892680695,1.1140016,True,True,83.200874,11.937,11.84,9.705,7.162
5340552933649782144,164.03147890165656,-57.03269847964913,0.19854649840817817,161.01694915254237,0.1,8.880513830005798,13.91923076923077,7.142763157894738,1.0442785514017916,0.98161983,True,True,297.83795,12.766,12.759,10.616,7.988
5340475727313600512,165.38295393193476,-57.338710738382574,0.04644556461839404,201.6949152542373,0.11636163857357301,10.48440036455729,15.966176470588236,7.436301369863015,0.953339171393397,0.9166342,True,True,248.82243,13.704,13.58,10.782,8.323
3374434926909104000,91.45972376564046,19.074810028253932,0.0622775214845679,171.18644067796612,0.16995517726504228,12.972541838235406,6.204000000000001,4.679741379310345,0.9604702739764176,0.92738146,True,True,114.47626,13.663,13.522,10.95,7.985
3373370290416125952,93.52293609166898,18.1073545008203,0.09109946029709923,201.6949152542373,0.23011983571417985,12.212931798582282,8.826829268292684,4.486363636363637,1.0839241545518934,1.069897,True,True,171.08646,13.858,13.723,10.467,7.843
3364603098229892352,103.4190794283458,18.606090401378964,0.02865575488702733,161.01694915254237,0.1,10.59811940012308,7.335810810810812,5.244927536231885,0.948394031897032,1.0948479,True,True,189.2379,13.198,13.0,11.073,7.845
3373273400250067200,92.44668158552982,17.464815535496225,0.1590381079201902,222.03389830508473,0.1,9.586306559294618,10.540776699029127,3.7829268292682934,0.8624932662646723,1.1274942,True,True,248.24373,13.175,13.186,10.161,7.999
661274918904769536,129.6556031016689,19.411270805419985,0.1538672782746057,130.50847457627117,0.10787105198966634,11.009329264165586,4.208139534883721,5.170000000000001,0.9262341858663391,1.0468928,True,True,114.931625,12.584,12.436,10.958,7.265
3346013169806920320,92.13206856541264,16.01841618436641,0.1423490740628209,232.20338983050846,0.19776262910622383,11.23239931082567,10.540776699029127,3.796153846153847,0.8164181884564351,1.0650672,True,True,238.76526,14.271,13.984,10.47,8.309
3373237661824669568,93.06553244932633,17.456166351976837,0.1541786244030205,222.03389830508473,0.15755401855293244,10.892724465163445,14.100000000000001,4.782819383259913,0.8760646713629964,1.0128238,True,True,204.3841,13.683,13.478,10.208,8.007
258443098626568576,68.49061692076287,48.91817476531371,0.15420380579056364,201.6949152542373,0.1833324376267034,12.44663564951223,8.163157894736843,4.128136882129278,0.944347694424732,0.945808,True,True,168.78804,13.861,13.732,10.775,8.264
251272599185908224,58.25279931032211,51.24240687987413,0.09363680722712037,181.35593220338984,0.10787105198966634,10.616298086139157,9.607964601769913,7.286577181208055,0.8302839881657014,1.0248778,True,True,200.0853,13.124,12.984,10.725,7.836
271495091923795072,64.96807323798787,50.88327448720268,0.11828336803669312,120.33898305084746,0.1,7.962968189216739,6.959615384615385,10.052777777777779,0.6384696428107305,1.0263761,True,True,268.5949,11.918,11.977,11.018,6.804
275542836603642496,66.9361929206012,54.71587547184795,0.19651537609450148,161.01694915254237,0.39110057471005855,12.538401211906697,4.561764705882354,3.9624087591240875,0.8079943722552125,1.0391371,True,True,252.4808,15.475,15.323,11.598,8.29
444276025602172544,58.11909162286613,53.76825279228393,0.13568784306791845,161.01694915254237,0.12552052364172658,10.502485303630966,4.561764705882354,3.6432885906040275,0.9585502863807013,1.0067602,True,True,279.35583,13.708,13.588,11.55,8.281
251638800979951872,58.90785265261293,51.31508313402543,0.09451778981333259,191.52542372881356,0.24823268762177775,11.74661186369395,8.042222222222222,4.890540540540541,0.8808044564596647,1.0503246,True,True,271.82214,14.591,14.502,11.067,8.288
272101811883235584,67.81480448547187,52.79389099605829,0.16734567201973466,191.52542372881356,0.19776262910622383,11.162733351371632,9.047500000000001,4.191891891891892,1.0463691951740706,0.94673187,True,True,284.11838,14.145,13.984,10.89,8.194
247685133264868352,61.76677985180502,50.82483872762428,0.18245185886304024,150.84745762711864,0.1,11.293085828889048,4.7,3.6311036789297666,1.0297611354102478,1.0400612,True,True,155.90593,13.041,12.913,11.316,8.379
275445774638815872,65.98360896750063,53.949273226940406,0.04279259213353491,161.01694915254237,0.1833324376267034,12.187029268908347,6.239655172413794,5.049767441860466,0.9520421844028745,1.0182189,True,True,163.57237,13.945,13.832,11.286,8.044
252058853079711872,58.74197081781245,53.433363811671526,0.048105316300206175,191.52542372881356,0.24823268762177775,11.631719983273008,12.624418604651165,7.592307692307694,1.0170022173733009,1.017147,True,True,158.4378,13.616,13.417,9.971,7.271
271889438640757248,64.4433262113923,52.3310187294836,0.11862349457983115,171.18644067796612,0.12552052364172658,10.216557006914169,8.163157894736843,4.413414634146342,0.9408364219288253,1.0113236,True,True,279.5959,13.545,13.396,11.029,8.096
444233934922667008,58.27536070087198,53.738925973192174,0.1942437483327925,171.18644067796612,0.2888476227919195,12.228037090509233,5.9327868852459025,3.559672131147541,0.9307709737670898,1.0610659,True,True,203.2663,14.589,14.592,11.147,8.222
5173607619239332736,40.49048715742437,-10.11151612006881,0.06567639010126715,130.50847457627117,0.39110057471005855,11.259493297568651,6.660736196319019,10.146728971962618,0.8864258150618707,0.94444335,True,True,285.52145,14.57,14.385,11.729,7.594
1179110845084033280,217.4756749770569,11.69462311697722,0.15135930165786507,150.84745762711864,0.1,11.002918841848107,5.455778894472362,3.6928571428571435,1.0245285822044319,1.0905827,True,True,216.18663,13.913,13.673,11.932,8.737
1184666505540509056,222.5558837946336,13.22964597980106,0.13281567498590288,150.84745762711864,0.1,10.978133529014904,3.9336956521739133,3.655555555555556,0.9979686065641303,0.89628285,True,True,263.80966,13.939,13.751,12.195,8.728
3732612938579591680,198.99838466815947,9.856298742170129,0.06612733514529397,130.50847457627117,0.14605773805564215,11.38513098587843,4.8686098654708525,5.170000000000001,0.832987617428907,1.020196,True,True,173.66792,13.619,13.404,11.839,8.045
4105702316550814848,282.7922783347016,-12.515015138203813,0.14611960173535696,130.50847457627117,0.1,11.475012064806702,4.890540540540541,3.680338983050848,1.1719046559700224,1.0408425,True,True,132.8193,12.923,12.871,11.482,8.254
4153797527776344960,273.18226575086464,-12.25013390799798,0.04674982658265129,252.54237288135593,0.14605773805564215,11.105216210924393,10.966666666666667,4.9350000000000005,0.9269585344935871,0.99491376,True,True,149.176,12.928,12.792,9.432,7.543
6901426168753269248,310.04583195945065,-10.821424132966754,0.06351750005629142,181.35593220338984,0.10787105198966634,11.824315327404733,10.857000000000001,6.620121951219512,1.0973310823019626,1.0373942,True,True,115.62521,12.842,12.658,10.449,7.673
1288599560144625152,226.41273063223508,31.641398872173934,0.10312973237262232,181.35593220338984,0.1,10.814177406410078,13.571250000000001,5.244927536231885,0.8879846917766029,1.0027175,True,True,211.45537,13.647,13.275,11.098,8.49
1371107973547799168,235.84896102174895,34.15905952430994,0.0994217074607109,150.84745762711864,0.12552052364172658,10.782064086040572,5.6546875000000005,4.1438931297709924,0.9922520211276638,1.2104805,True,True,280.1203,14.109,13.929,12.016,8.686
3953639579197683456,185.95822019260063,22.53761628287234,0.05111709538481164,140.67796610169492,0.24823268762177775,12.310042474257514,5.2960975609756105,6.50119760479042,0.9531904806862919,1.0407728,True,True,162.62732,14.046,13.794,11.593,7.797
1251430569566084352,206.66933350390207,23.1011639057852,0.09948372097004003,100.0,0.1,9.53713862757241,4.486363636363637,8.042222222222222,1.0999745247490125,0.980635,True,True,179.6669,12.292,12.16,12.034,7.74
