source_id,ra,dec,rmse,t_ds,gamma,M_G,snr3,snr4,gvar,ruwe,extra_ok,snr_ok,r_med_geo,w1mpro,w2mpro,w3mpro,w4mpro,prov
1345188052692608,43.88991754467799,2.3242530116702502,0.11089031588467115,130.50847457627117,0.1,10.018556572678362,8.826829268292684,8.10223880597015,1.0119098603598862,0.9660015,True,True,177.56325,12.693,12.562,11.093,7.711,AIP-exact
21485423574915456,40.21649295724785,8.999184344987995,0.18207798640140557,130.50847457627117,0.1,10.210905673266543,5.744444444444445,4.63974358974359,0.9397148656446656,0.96252644,True,True,195.61487,12.864,12.732,11.37,8.216,AIP-exact
65225469302220800,56.71438897122719,24.10432284781211,0.14698119821714825,201.6949152542373,0.1833324376267034,11.817556340055852,8.548818897637796,7.983088235294118,1.2243963806907023,1.0897739,True,True,133.44974,13.038,12.752,9.887,7.284,AIP-exact
65236739295987200,55.80826538420033,23.795884149961378,0.1394016588902938,150.84745762711864,0.24823268762177775,12.713736218817001,3.502258064516129,4.175769230769231,0.8566148862591081,0.9449834,True,True,171.219,14.436,14.219,11.554,8.217,AIP-exact
65294364873918080,56.29278594931714,24.392156067592783,0.12255979141612706,181.35593220338984,0.15755401855293244,11.097190657938425,10.857000000000001,6.424260355029586,0.979597215911269,0.86675483,True,True,184.34097,13.212,13.003,10.311,7.514,AIP-exact
66522377627294336,57.01249962488416,24.0012898055372,0.09716155867178343,252.54237288135593,0.21332862845930578,10.861901145324252,14.476000000000003,3.8228873239436627,0.8373987615771908,1.1295671,True,True,230.14671,13.695,13.41,9.762,7.735,AIP-exact
66783099321711360,56.728728157066,24.466451174674035,0.12373410631257797,171.18644067796612,0.19776262910622383,12.72759700655989,4.5810126582278485,4.25764705882353,1.0778357633333495,0.86404675,True,True,141.64394,13.76,13.505,10.905,7.838,AIP-exact
72265337311743744,34.74738303164307,10.982086713404204,0.025270249672093993,110.16949152542372,0.1,8.951141907126754,3.8775,7.050000000000001,0.8386737145357912,0.97003806,True,True,270.93594,12.806,12.721,12.06,7.792,AIP-exact
97338291233869952,27.6836800932037,21.301733752501164,0.10205742897757308,181.35593220338984,0.1,11.061906761139667,9.960550458715597,3.9053956834532375,1.4626112992993403,1.0726156,True,True,193.93681,13.473,13.212,11.093,8.487,AIP-exact
111132759821159424,49.55821650132807,24.631530397419255,0.19620943362713597,150.84745762711864,0.1,10.709759008800422,7.983088235294118,3.809473684210527,1.354102382691454,0.95588654,True,True,158.04858,12.702,12.508,10.892,8.099,AIP-exact
121176287440183936,54.10247468694697,30.77814877730277,0.05763052281474495,181.35593220338984,0.1,10.030621328575672,8.755645161290323,4.291304347826087,0.828962350484895,0.98915404,True,True,249.58641,13.27,13.098,10.766,8.039,AIP-exact
123825182750715264,48.05566303476134,32.413360327216786,0.07709820334593281,140.67796610169492,0.1,11.291923689602463,3.6190000000000007,3.502258064516129,0.9410510112442966,1.0155245,True,True,168.48268,13.263,13.074,11.8,8.254,AIP-exact
124559312920519040,52.74276039645791,32.284910032929965,0.1285498850540455,181.35593220338984,0.15755401855293244,11.81845977469885,7.004516129032258,3.6432885906040275,0.9158814608105598,0.9361026,True,True,194.44485,13.895,13.724,11.135,8.254,AIP-exact
170010787154922112,63.289306562288,34.203648373164576,0.08170677141844278,150.84745762711864,0.11636163857357301,10.202574166701236,4.486363636363637,3.6190000000000007,0.9173579769183933,0.96686906,True,True,295.43243,13.705,13.548,11.683,8.235,AIP-exact
178409814740773120,67.01019660181763,38.02279485878217,0.14897160260115003,161.01694915254237,0.23011983571417985,10.35880308486449,11.19278350515464,9.607964601769913,0.911158303268567,0.9435419,True,True,249.30006,13.419,13.306,10.528,7.127,AIP-exact
180964362507643136,81.14441408051816,33.090032762708525,0.0851000597628154,181.35593220338984,0.3361078268614909,11.851202851634989,8.042222222222222,7.539583333333335,0.9794374717768948,1.0130928,True,True,204.54112,14.186,14.01,10.325,7.484,AIP-exact
181186253400855680,80.40642885723793,33.58283533090806,0.0686868835548557,150.84745762711864,0.24823268762177775,10.142702836362282,5.483333333333333,4.5810126582278485,0.9477392532741917,0.96448165,True,True,275.5325,13.588,13.472,10.687,7.151,AIP-exact
181953648093076352,78.83742887555677,33.93509681970746,0.046993050189149815,161.01694915254237,0.1,8.906917477223626,11.07857142857143,9.123529411764707,0.6992783379363067,0.9452406,True,True,245.15102,12.609,12.513,10.262,7.102,AIP-exact
182041162347363840,79.67078610444726,34.43539310340615,0.176995891387238,171.18644067796612,0.14605773805564215,9.38717428818811,13.743037974683546,12.479310344827589,0.8922122613282876,0.9605033,True,True,243.24826,12.57,12.504,9.831,6.853,AIP-exact
182053836792653952,79.2388065503622,34.10946585933449,0.07979445202710825,140.67796610169492,0.26777121151983396,11.322389786827914,3.809473684210527,5.374752475247525,0.9235114572847175,0.96919787,True,True,253.92534,14.428,14.308,11.789,7.879,AIP-exact
182099226008267904,79.35377633724482,34.53472285047545,0.1897942196648046,150.84745762711864,0.31158296935278684,10.950701588960673,5.539285714285715,5.62538860103627,0.9790639860185951,1.0079067,True,True,288.27905,14.139,14.041,11.015,7.36,AIP-exact
182289956917284224,78.72389266247355,34.89436931455615,0.07526750926977124,181.35593220338984,0.15755401855293244,10.282761485163165,8.616666666666667,5.145497630331755,0.8548874852814183,0.974701,True,True,246.137,13.607,13.504,10.558,7.683,AIP-exact
182292400754039552,79.100955548714,34.75864022928033,0.15558127251475548,201.6949152542373,0.39110057471005855,11.012116541275407,5.9327868852459025,5.348275862068966,1.020576038194919,0.9703933,True,True,164.6766,13.044,12.833,8.659,5.923,AIP-exact
182594933955444608,82.32639386978524,34.21323376221695,0.10078545604201124,191.52542372881356,0.3625630486550966,11.299836257546742,8.351538461538462,6.660736196319019,0.8361315301921883,0.9605802,True,True,271.27536,14.359,14.221,10.239,7.428,AIP-exact
182604421539916672,82.5084875024135,34.43829787973463,0.13412811078725803,161.01694915254237,0.1,9.753898449109743,9.693750000000001,5.998342541436465,0.7957658567261874,1.039954,True,True,165.39825,12.344,12.217,10.164,7.312,AIP-exact
182610911233404160,82.03602413982226,34.085029920018584,0.08676268405478989,181.35593220338984,0.31158296935278684,11.226108762468051,9.123529411764707,5.170000000000001,0.9256951534125427,1.0733176,True,True,298.7179,14.722,14.717,10.725,7.898,AIP-exact
182657679134337152,82.45134963189886,34.63810471645652,0.12828230066346108,171.18644067796612,0.1,8.890170402889794,9.27948717948718,5.71421052631579,0.8234738354052382,1.0346476,True,True,260.02908,12.726,12.61,10.221,7.62,AIP-exact
182686399575787136,80.994826017462,33.73449159102127,0.05579900289924596,181.35593220338984,0.3625630486550966,10.703467769766938,14.87260273972603,9.523684210526316,0.83028585233181,1.0131625,True,True,274.6986,14.041,13.947,9.99,7.114,AIP-exact
182905683426824064,81.37176795233228,35.076467804401986,0.12412636640144604,201.6949152542373,0.2888476227919195,11.303352040606333,9.960550458715597,4.890540540540541,0.7901185600657158,0.9676455,True,True,291.1917,14.464,14.296,10.538,7.989,AIP-exact
182943788377290368,81.48435011815769,35.297070675689675,0.07902420287916533,191.52542372881356,0.24823268762177775,11.25146391262829,16.45,7.983088235294118,1.1079732632061323,1.0874714,True,True,166.38701,13.471,13.362,9.782,7.092,AIP-exact
183248288677757568,82.19645850972407,35.24268460280131,0.055020910247027426,181.35593220338984,0.1,9.860218160094679,6.031666666666667,4.081578947368421,0.8868925637253311,1.0631729,True,True,298.4904,13.498,13.423,11.094,8.215,AIP-exact
183606862606935168,79.84685643221084,34.996631556899224,0.12408449779903563,191.52542372881356,0.24823268762177775,10.922412405708963,10.644117647058826,4.912669683257919,1.046073619703767,1.1198452,True,True,282.48105,14.026,13.982,10.509,7.821,AIP-exact
183700595974425472,81.36573568597252,35.50289956127712,0.16689361662064292,171.18644067796612,0.11636163857357301,10.313989984714501,3.9336956521739133,3.7567474048442913,1.0866515904256417,0.90431494,True,True,272.7391,13.527,13.403,11.227,8.12,AIP-exact
187807340624016640,79.79755277929068,38.82827563472552,0.14084554524360496,171.18644067796612,0.2888476227919195,13.531998556775008,4.980275229357798,4.1125,0.9128946456609167,1.074378,True,True,159.883,14.52,14.316,11.357,8.156,AIP-exact
189189117500843008,84.85793810189968,36.20961089925528,0.16034644977892887,181.35593220338984,0.3361078268614909,10.381294257589456,11.309375000000001,7.983088235294118,0.9521439933868949,1.070003,True,True,256.60632,13.477,13.318,9.526,6.638,AIP-exact
189241516103470336,83.97258716869405,36.37660729992287,0.09370406361968968,201.6949152542373,0.21332862845930578,10.485203652968,4.782819383259913,4.4679012345679014,0.7937272823227599,0.97941875,True,True,204.9731,13.201,12.968,9.562,6.968,AIP-exact
189252305061677824,84.11234038681502,36.69753600297269,0.13217236956825976,181.35593220338984,0.3361078268614909,11.697994786998818,8.616666666666667,9.35948275862069,0.8741389951349884,1.0010155,True,True,154.24832,13.709,13.513,9.673,6.803,AIP-exact
189260517037944704,84.41187145254206,36.638970859805575,0.103454306146978,150.84745762711864,0.1,10.064222646664152,4.523750000000001,3.5831683168316837,1.0212700490721045,0.9872561,True,True,286.21558,13.517,13.414,11.618,8.319,AIP-exact
189486952011914496,83.8136576073405,37.0868748128164,0.18984228257047242,140.67796610169492,0.1,10.310637328306058,5.62538860103627,4.395546558704454,1.0206931258457541,0.96534663,True,True,192.47713,12.877,12.711,11.283,8.184,AIP-exact
205800337313384448,76.00293575546853,44.85034499230452,0.1506471546223872,191.52542372881356,0.10787105198966634,10.13335457496853,14.476000000000003,7.755,0.7877754419406978,0.9931283,True,True,162.60245,12.777,12.616,9.894,7.209,AIP-exact
216549472221300992,55.06156889265733,31.456800668588453,0.07430572781653122,171.18644067796612,0.1833324376267034,11.446897765642364,5.511167512690355,5.0263888888888895,0.9214054680444375,1.0227807,True,True,178.77132,13.514,13.338,10.698,7.629,AIP-exact
216701544127953536,56.30025725042049,32.19474335152563,0.15160952631688157,171.18644067796612,0.1833324376267034,8.704422407558244,25.85,12.198876404494383,0.8221900653083779,0.9117882,True,True,288.41412,12.476,12.47,9.476,6.402,AIP-exact
217188112383909120,57.67981286909673,33.35391545709071,0.1229574136332795,161.01694915254237,0.26777121151983396,12.48119084118144,3.7567474048442913,3.680338983050848,0.8082651328994257,0.96153295,True,True,232.4858,14.763,14.539,11.773,8.441,AIP-exact
217414650433979136,54.975840252762815,32.39457383806936,0.053282926693578606,130.50847457627117,0.14605773805564215,11.046940539919643,3.667905405405406,4.3428,0.839777426989913,1.082054,True,True,192.84567,13.511,13.362,11.739,7.949,AIP-exact
217420147990826752,55.01932079460268,32.528622128181325,0.08444301390438977,181.35593220338984,0.42188430427737117,11.986194834683946,5.567692307692308,4.957534246575343,0.836332052620616,1.0256977,True,True,252.27199,14.859,14.769,10.66,7.715,AIP-exact
217459588675462656,55.43127838289131,32.412056865050545,0.14626462342694396,211.864406779661,0.23011983571417985,12.115751418834813,11.80108695652174,4.9350000000000005,0.8570754562411046,1.1005893,True,True,191.19922,13.946,13.795,10.348,7.978,AIP-exact
219245818333825664,61.48821708098444,36.06890982611251,0.18606349557497065,181.35593220338984,0.1,10.053248715795107,15.966176470588236,7.335810810810812,0.9945941227110051,1.0011864,True,True,149.15941,12.034,11.912,9.766,7.313,AIP-exact
219268220880783360,61.11463340120041,36.33159151750867,0.057769738783617956,150.84745762711864,0.3625630486550966,12.231974178664444,6.58,6.7856250000000005,0.8194542111288531,0.9650081,True,True,192.92307,14.399,14.241,11.034,7.555,AIP-exact
219535982027057408,60.38913268072776,36.79798485467513,0.1933280196529283,181.35593220338984,0.42188430427737117,11.497497761242204,3.976923076923077,7.810791366906475,0.880813694955185,0.99195707,True,True,298.49884,14.652,14.598,10.554,7.222,AIP-exact
220182293002579456,59.48835953315277,36.69305078198953,0.14647984397972713,181.35593220338984,0.2888476227919195,10.781586808092069,7.286577181208055,8.616666666666667,0.9713818487577682,1.0463734,True,True,257.39413,13.759,13.575,10.126,7.272,AIP-exact
220335674873600000,59.704797942004674,37.108447343947326,0.10174230387904787,150.84745762711864,0.1,7.481509093883351,12.925,5.684293193717278,0.5175856781377959,1.0589637,True,True,275.5397,11.802,11.858,9.737,6.507,AIP-exact
220446240215342336,58.94983896568532,37.26404182199781,0.11885288753197201,140.67796610169492,0.13540030931526834,12.562323141164814,4.021111111111111,3.559672131147541,0.8790296445246891,1.0530868,True,True,115.73235,13.629,13.408,11.593,8.141,AIP-exact
225198295109397248,61.77558612315251,35.95660780223829,0.05608672507994797,161.01694915254237,0.14605773805564215,11.133341166221953,4.957534246575343,4.175769230769231,0.8992057856881837,1.0404453,True,True,218.50922,13.778,13.59,11.349,8.056,AIP-exact
240152890198411904,45.86513674653379,41.76921452377392,0.17024419829315038,140.67796610169492,0.1,10.106174371204457,4.782819383259913,3.559672131147541,1.0200062040902387,1.0732663,True,True,250.0695,13.223,13.084,11.684,8.441,AIP-exact
247685133264868352,61.76677985180502,50.82483872762428,0.18245185886304024,150.84745762711864,0.1,11.293085828889048,4.7,3.6311036789297666,0.9610003468685241,1.0400612,True,True,155.90593,13.041,12.913,11.316,8.379,AIP-exact
251272599185908224,58.25279931032211,51.24240687987413,0.09363680722712037,181.35593220338984,0.10787105198966634,10.616298086139157,9.607964601769913,7.286577181208055,0.8451369545988098,1.0248778,True,True,200.0853,13.124,12.984,10.725,7.836,AIP-exact
251638800979951872,58.90785265261293,51.31508313402543,0.09451778981333259,191.52542372881356,0.24823268762177775,11.74661186369395,8.042222222222222,4.890540540540541,0.8553883796340033,1.0503246,True,True,271.82214,14.591,14.502,11.067,8.288,AIP-exact
252058853079711872,58.74197081781245,53.433363811671526,0.048105316300206175,191.52542372881356,0.24823268762177775,11.631719983273008,12.624418604651165,7.592307692307694,1.028609860969287,1.017147,True,True,158.4378,13.616,13.417,9.971,7.271,AIP-exact
254922634193672448,74.14656395029108,47.357038353494026,0.06749028421212888,181.35593220338984,0.2888476227919195,13.44837912451662,12.772941176470589,6.065363128491621,0.9114662741017475,0.970593,True,True,90.890015,13.423,13.266,10.027,7.149,AIP-exact
258443098626568576,68.49061692076287,48.91817476531371,0.15420380579056364,201.6949152542373,0.1833324376267034,12.44663564951223,8.163157894736843,4.128136882129278,0.9380474927394541,0.945808,True,True,168.78804,13.861,13.732,10.775,8.264,AIP-exact
271495091923795072,64.96807323798787,50.88327448720268,0.11828336803669312,120.33898305084746,0.1,7.962968189216739,6.959615384615385,10.052777777777779,0.6390452940165852,1.0263761,True,True,268.5949,11.918,11.977,11.018,6.804,AIP-exact
271889438640757248,64.4433262113923,52.3310187294836,0.11862349457983115,171.18644067796612,0.12552052364172658,10.216557006914169,8.163157894736843,4.413414634146342,0.8571169808354709,1.0113236,True,True,279.5959,13.545,13.396,11.029,8.096,AIP-exact
272101811883235584,67.81480448547187,52.79389099605829,0.16734567201973466,191.52542372881356,0.19776262910622383,11.162733351371632,9.047500000000001,4.191891891891892,1.0673873878327251,0.94673187,True,True,284.11838,14.145,13.984,10.89,8.194,AIP-exact
275445774638815872,65.98360896750063,53.949273226940406,0.04279259213353491,161.01694915254237,0.1833324376267034,12.187029268908347,6.239655172413794,5.049767441860466,0.8723956889017661,1.0182189,True,True,163.57237,13.945,13.832,11.286,8.044,AIP-exact
275542836603642496,66.9361929206012,54.71587547184795,0.19651537609450148,161.01694915254237,0.39110057471005855,12.538401211906697,4.561764705882354,3.9624087591240875,0.7770313554641516,1.0391371,True,True,252.4808,15.475,15.323,11.598,8.29,AIP-exact
310640179768135936,19.59903516219142,31.95232136376459,0.12262274717352813,150.84745762711864,0.11636163857357301,10.778425506461215,4.9350000000000005,4.542677824267783,0.8766463879099426,0.9686757,True,True,274.63248,13.966,13.753,11.978,8.486,AIP-exact
321869453367182080,19.81049423598867,37.32872805215158,0.09393088846559744,130.50847457627117,0.21332862845930578,10.862043559406683,3.7437931034482763,6.065363128491621,1.0160513163727636,1.0648838,True,True,291.72946,14.131,14.073,12.196,8.163,AIP-exact
349126552778518144,27.498660386449178,42.689033055414136,0.16895716497811816,150.84745762711864,0.15755401855293244,11.298829140453654,4.761842105263158,4.308333333333334,1.0422536661630015,1.0194963,True,True,288.02393,14.323,14.093,12.168,8.713,AIP-exact
354428986259904640,36.6860854124105,48.24382033277042,0.1109454672813256,130.50847457627117,0.1,9.808391656307753,3.8228873239436627,3.513592233009709,0.8005221787183747,0.9756321,True,True,275.73257,13.222,13.147,11.797,8.342,AIP-exact
380829080780995456,9.239164694453542,40.74624723334097,0.16046654801279975,150.84745762711864,0.1,10.67139964001576,4.761842105263158,3.7181506849315076,1.1136068276486062,1.0374575,True,True,269.36395,13.791,13.573,11.973,8.63,AIP-exact
381119493583484672,9.965223285399942,40.38037925360926,0.04968895608940825,130.50847457627117,0.13540030931526834,10.620905413684472,3.667905405405406,4.890540540540541,0.8369477929091186,1.0378253,True,True,258.51022,13.899,13.857,12.217,8.369,AIP-exact
408225234052092288,28.2714498759682,53.67129975357648,0.07124562846255163,181.35593220338984,0.1,10.178480998160786,5.6546875000000005,3.850000000000001,0.8247068823755376,0.9591072,True,True,285.92847,13.619,13.514,11.286,8.505,AIP-exact
410183017584971904,18.61787466501292,52.61588101613702,0.08557141946171813,201.6949152542373,0.1833324376267034,12.67000301807732,10.24245283018868,4.021111111111111,0.9107313245625518,1.0175587,True,True,154.93759,14.242,14.05,10.934,8.422,AIP-exact
412260716605216896,23.01533661113396,55.70739238122126,0.09755198117174739,181.35593220338984,0.1,9.815991561530643,8.287786259541985,4.620000000000001,0.7265559518665562,0.9981096,True,True,289.2642,13.36,13.264,11.0,8.291,AIP-exact
414663218229795584,11.452371138832412,49.7117249981686,0.07657827580093142,161.01694915254237,0.10787105198966634,11.421213822293936,4.8686098654708525,3.680338983050848,1.0425552915799117,0.9891162,True,True,230.90686,14.078,13.838,12.046,8.783,AIP-exact
416959312041689984,10.981547294468193,52.84803404934455,0.12249450806689853,171.18644067796612,0.24823268762177775,12.90328935734132,5.744444444444445,3.5831683168316837,0.8902213420546471,1.0446559,True,True,242.07399,15.113,14.806,11.839,8.844,AIP-exact
417703062949315072,12.132069776103624,55.69048115232031,0.06913960764317527,161.01694915254237,0.2888476227919195,12.12946888340777,5.684293193717278,4.846875000000001,0.7605754147686117,1.0014014,True,True,293.42575,15.234,15.163,11.887,8.619,AIP-exact
417742641063196928,10.262259969917656,53.4837515666956,0.07605171780130611,120.33898305084746,0.1,9.971063646476349,3.976923076923077,3.9336956521739133,0.7800797721579346,0.97652084,True,True,261.78772,13.454,13.289,12.346,8.552,AIP-exact
418683208844394880,8.16392559083448,56.305712643655205,0.060382137760317395,171.18644067796612,0.19776262910622383,11.59386623965157,5.744444444444445,4.7,0.8735342154773551,1.0365238,True,True,261.0754,14.656,14.506,11.564,8.473,AIP-exact
418711688764811904,9.303505626817806,56.093139321679296,0.12976350580305324,191.52542372881356,0.1,11.092602510778969,8.163157894736843,3.7697916666666673,0.9802695455186392,1.0623277,True,True,266.68826,14.062,13.91,11.623,8.901,AIP-exact
421554029404145408,5.849537849824253,56.54346502731133,0.06703259752622401,191.52542372881356,0.12552052364172658,11.31477213683727,7.487586206896553,3.9194945848375453,0.9695001480762605,0.9787286,True,True,237.58038,14.145,14.066,11.306,8.733,AIP-exact
422065714626840064,4.676150808073603,57.9408886275243,0.11698555526561501,171.18644067796612,0.11636163857357301,11.120453801863555,7.385714285714287,3.8775,0.9838724529085041,1.0375117,True,True,245.33078,13.896,13.795,11.57,8.634,AIP-exact
423322529440275968,0.3644523337655464,59.99180429860119,0.08819802075711705,191.52542372881356,0.13540030931526834,10.878591824042148,22.15714285714286,10.146728971962618,0.8308756765670253,0.97985965,True,True,172.45335,13.277,13.13,10.203,7.643,AIP-exact
423618469869598336,14.122845725870794,56.53268043521353,0.09185548344383136,211.864406779661,0.39110057471005855,12.605074920702757,7.645774647887325,7.592307692307694,0.791283541224702,1.0353131,True,True,219.6584,15.018,14.731,10.332,7.864,AIP-exact
423691273846258944,12.531141574234654,55.61488259647595,0.034580662292420385,161.01694915254237,0.14605773805564215,10.989237721280777,5.90054347826087,4.912669683257919,0.9006751227262032,1.0043314,True,True,285.46933,14.302,14.142,11.811,8.526,AIP-exact
423696363393261824,12.25978118965549,55.71858433060456,0.11816580194012351,171.18644067796612,0.11636163857357301,11.011000680232687,8.755645161290323,4.60042372881356,0.9459292933943415,1.0259843,True,True,238.01639,13.741,13.607,11.338,8.419,AIP-exact
423828850239308928,13.2870030615043,56.86893121613174,0.07232767114803505,191.52542372881356,0.26777121151983396,11.81573162980691,12.198876404494383,8.548818897637796,0.9140345646894403,0.9904735,True,True,183.48851,13.89,13.748,10.206,7.434,AIP-exact
423849401666835840,12.401050596730975,56.54000854384962,0.07528976093118353,140.67796610169492,0.1,10.11534267275553,9.781081081081082,8.899180327868853,0.8260992193293466,1.0132213,True,True,187.88974,12.728,12.612,11.096,7.69,AIP-exact
423849573460173824,12.370376093537487,56.56699854988817,0.08709691088347693,140.67796610169492,0.1,11.015275895514534,4.1438931297709924,3.9053956834532375,1.0170442001728326,1.0198754,True,True,235.93155,13.83,13.717,12.29,8.803,AIP-exact
424095206931206656,15.689023706995108,57.25889038187631,0.1512435050462743,171.18644067796612,0.31158296935278684,12.168681670302297,8.972727272727274,6.386470588235294,0.7927788010144635,1.0835714,True,True,288.01935,14.959,14.908,11.42,8.291,AIP-exact
424205024956963712,13.348766787660828,56.97933636138509,0.11226849707958707,171.18644067796612,0.1,10.626112498400088,9.523684210526316,3.730927835051547,0.8150099346999042,1.0143858,True,True,234.27217,13.801,13.634,11.311,8.556,AIP-exact
425209257032248576,12.3455661368293,58.74641553097721,0.1423332777938689,181.35593220338984,0.1,10.334727411879516,11.309375000000001,4.3428,0.9042836185065773,1.0011344,True,True,278.83502,13.619,13.512,11.294,8.677,AIP-exact
425565842397684352,9.746550096568557,60.02327186947585,0.13448083816127507,161.01694915254237,0.1,10.020600525760756,8.548818897637796,4.846875000000001,0.9169687264124301,0.90818554,True,True,262.5943,13.411,13.298,11.265,8.551,AIP-exact
425729871483530240,15.032406275013406,58.793196410136346,0.13914240394099325,191.52542372881356,0.11636163857357301,10.805120920525933,9.20084745762712,5.0263888888888895,0.8428602366045683,1.0280393,True,True,246.26541,13.577,13.497,10.981,8.378,AIP-exact
425775810455685632,16.986466589944175,58.83893862860583,0.08988084373476353,171.18644067796612,0.15755401855293244,11.061605680361584,8.48203125,5.511167512690355,0.9361135935380628,0.9738826,True,True,197.33243,13.678,13.503,10.879,7.817,AIP-exact
426167618852849920,16.898818796774385,59.28957556916667,0.043685262463218515,181.35593220338984,0.15755401855293244,10.770062402635567,7.8673913043478265,4.325498007968128,0.8273536181703756,0.9678242,True,True,289.35855,14.253,14.12,11.252,8.403,AIP-exact
426207025170131456,16.783663626894132,59.5698141139828,0.05335976704884368,211.864406779661,0.3625630486550966,12.000257362940289,7.539583333333335,6.915286624203822,1.0923557776521784,0.9402762,True,True,159.37791,13.828,13.692,9.44,7.002,AIP-exact
426617280451156352,15.786642066820267,61.043254047488674,0.03795966363551158,211.864406779661,0.1833324376267034,11.050642792497559,8.225,4.006273062730627,0.8383771900228272,1.0531471,True,True,250.58983,14.057,13.835,10.566,8.195,AIP-exact
426617353471477248,15.737311974338194,61.06847178921184,0.18964538286040367,222.03389830508473,0.1,10.373497558145155,8.755645161290323,3.667905405405406,1.1184105273588278,0.9841424,True,True,263.58694,13.375,13.272,10.687,8.377,AIP-exact
426737303316086528,12.209055834086987,59.30464163898562,0.1471513081259137,181.35593220338984,0.1,12.545894157002149,16.9640625,6.540361445783133,1.093300108530025,1.0309892,True,True,92.88166,13.105,12.903,10.671,8.211,AIP-exact
426749290564433024,12.238925691709744,59.55533037876324,0.1650247526462185,211.864406779661,0.4550910372032852,11.462979252327026,20.48490566037736,13.743037974683546,0.9020894902516648,1.047435,True,True,296.25586,14.667,14.699,9.935,7.264,AIP-exact
426757506843340416,12.645089668283616,59.54271234920474,0.1149061701982865,211.864406779661,0.26777121151983396,12.8247376265817,7.700000000000002,4.081578947368421,0.8954192248599206,1.0684419,True,True,185.9789,14.823,14.84,10.877,8.592,AIP-exact
427673125151565696,10.311419652156223,62.21308155452304,0.053710379995881255,171.18644067796612,0.11636163857357301,10.832159960059062,7.487586206896553,5.998342541436465,0.7452330751663295,1.083434,True,True,192.91154,13.392,13.228,10.853,7.925,AIP-exact
427700333763047936,9.795714693412744,62.59510469859707,0.05071771739266135,161.01694915254237,0.10787105198966634,11.069925102165794,4.274409448818898,3.595033112582782,0.9778520323753027,1.0634111,True,True,228.43486,13.856,13.707,11.656,8.508,AIP-exact
428366745188850304,4.456251038831253,59.87734774434652,0.1266943217713513,161.01694915254237,0.12552052364172658,12.095694554070134,7.142763157894738,8.351538461538462,0.8881382499407497,0.9597406,True,True,128.84106,13.602,13.386,11.181,8.047,AIP-exact
428417043541865728,8.516675265770585,59.2750312965384,0.07867607846655275,201.6949152542373,0.14605773805564215,12.284398169488657,13.91923076923077,5.6546875000000005,0.9750524139145561,0.97879946,True,True,146.76678,13.936,13.727,10.813,8.381,AIP-exact
428614680758224384,8.149963786496121,60.71135492546365,0.11248562428768932,181.35593220338984,0.1,10.83975539314146,15.734782608695653,8.755645161290323,0.9229850400624444,1.0202245,True,True,171.90643,13.233,13.082,10.675,8.159,AIP-exact
428664575404376320,7.676316758443188,60.7621507107103,0.09131122037099096,201.6949152542373,0.1,10.882496228235702,15.07916666666667,5.4285000000000005,1.0086819241648168,1.0551722,True,True,199.85313,13.494,13.386,10.835,8.494,AIP-exact
428764184283676544,5.248746396543078,60.32556217782317,0.07261441724737527,140.67796610169492,0.1,12.526777432623486,5.244927536231885,4.761842105263158,1.1095646752608344,1.0083581,True,True,110.6219,13.38,13.21,11.818,8.457,AIP-exact
428900622501544192,5.614167195412685,61.0155277006124,0.19389352095064696,211.864406779661,0.2888476227919195,12.430233747726815,7.924817518248175,3.680338983050848,0.773561814114337,1.0451185,True,True,292.72098,15.042,14.883,11.145,8.586,AIP-exact
428952578731027200,5.20598991772248,61.500126458240366,0.09543232565048639,201.6949152542373,0.1,10.369600958303378,6.959615384615385,3.5831683168316837,0.9019322927847441,0.9741573,True,True,244.71501,13.565,13.444,10.923,8.58,AIP-exact
428969719934784768,4.134582504675356,59.058835062434326,0.09434710214456049,171.18644067796612,0.1,10.64553513062587,5.0032258064516135,3.730927835051547,0.9548171850527815,1.0653712,True,True,268.45752,13.983,13.884,11.606,8.962,AIP-exact
429111252000753408,4.3146059605835605,59.84756800353061,0.13051272291469318,201.6949152542373,0.1,10.240406107853568,15.07916666666667,6.275722543352602,0.9691228923441533,0.9916849,True,True,247.52814,13.288,13.177,10.683,8.302,AIP-exact
429138086956185088,3.803135598199849,60.24229047720511,0.1376841684141248,181.35593220338984,0.1,10.653590792658862,12.624418604651165,7.190066225165564,0.8571488378626542,1.1017075,True,True,152.51236,12.777,12.641,10.332,7.907,AIP-exact
429140079811143296,3.6266093851243046,60.22615493133274,0.10316416482428166,181.35593220338984,0.1,10.34954420281787,17.233333333333334,7.645774647887325,0.889936309126193,1.2341839,True,True,188.92697,12.977,12.811,10.547,7.997,AIP-exact
429240680832402048,2.835172268077007,60.84550976032415,0.10317705225483079,211.864406779661,0.23011983571417985,11.326858539842192,13.403703703703705,7.286577181208055,0.8424635601051024,1.026001,True,True,221.40636,13.823,13.645,10.216,7.786,AIP-exact
429453986087983744,1.7155849528613656,61.3228967421686,0.18475281615047556,181.35593220338984,0.2888476227919195,12.192862574592532,4.957534246575343,4.3428,0.8038189720694532,1.0193557,True,True,270.2475,14.795,14.637,11.415,8.533,AIP-exact
429460381304268544,1.1825120883927762,61.548035344882656,0.19368689353246757,161.01694915254237,0.1,9.997118308064168,10.052777777777779,4.224513618677043,0.7956440954449445,0.93756515,True,True,263.46634,13.249,13.097,11.249,8.544,AIP-exact
429590604711470720,3.666429838646567,61.25502097251566,0.07022381528547308,211.864406779661,0.1,10.100442155825313,15.07916666666667,3.6190000000000007,0.8359815622537072,0.9913859,True,True,254.29778,13.374,13.282,10.598,8.211,AIP-exact
429652933278508544,3.0097851268213898,61.63582575894414,0.16601544263577972,181.35593220338984,0.1,10.693579492163575,6.4625,4.486363636363637,0.9407950295258555,0.9965511,True,True,226.93083,13.414,13.324,11.163,8.646,AIP-exact
430348851116412288,8.324950414006913,62.14526723671595,0.17014615796503285,201.6949152542373,0.21332862845930578,11.90358640884957,9.960550458715597,3.9624087591240875,0.9827268519539734,0.972508,True,True,243.96567,14.868,15.033,11.244,8.752,AIP-exact
430484370229326464,5.699557246601833,62.12127262088305,0.1519408714726355,150.84745762711864,0.1,9.59326083374214,10.644117647058826,6.660736196319019,0.8750943614351978,1.0230947,True,True,269.62753,13.263,13.123,11.322,8.348,AIP-exact
430512613933810432,4.993348076611,62.53696633194484,0.10209757697445354,171.18644067796612,0.1,10.20720254815534,9.960550458715597,8.416279069767443,1.0808357191378246,1.0132345,True,True,246.79178,13.356,13.204,11.087,8.073,AIP-exact
430546045945198208,6.347638800250447,62.52616562022966,0.1609570760138681,232.20338983050846,0.1833324376267034,12.892530059101666,12.337500000000002,4.5810126582278485,0.7699649106522191,1.0712242,True,True,188.26552,14.294,14.148,10.907,8.769,AIP-exact
430575938929550336,6.381349673170243,62.76414286636874,0.1564251890247419,171.18644067796612,0.1,8.687435854229788,10.540776699029127,9.607964601769913,0.8622644665586682,0.99019545,True,True,267.78018,12.472,12.442,10.126,7.555,AIP-exact
430576587459764864,6.222825460733561,62.77645761717793,0.09341323538346076,232.20338983050846,0.13540030931526834,10.777984221722752,10.644117647058826,5.322058823529413,1.002595320068863,0.96618575,True,True,264.72122,13.952,13.806,10.678,8.546,AIP-exact
430680731825890432,8.434984330035128,62.37812766540642,0.08207074779881882,171.18644067796612,0.16995517726504228,12.023080184451103,6.58,4.325498007968128,0.9018412799781232,0.9731232,True,True,221.56786,14.693,14.545,11.766,8.684,AIP-exact
431369270928566656,4.8353312235941335,62.91211553950128,0.09051661703923641,211.864406779661,0.12552052364172658,10.126088391180947,19.04736842105263,7.592307692307694,0.8287117644922051,1.0324,True,True,293.2552,13.554,13.442,10.587,8.18,AIP-exact
431821956175511040,4.847174705401954,64.05744560215244,0.0631814152515273,201.6949152542373,0.2888476227919195,11.495697897142875,20.87884615384616,8.225,0.8566916145076444,1.0057945,True,True,273.3156,14.599,14.582,10.63,8.06,AIP-exact
431998393432343552,3.5204366461977075,64.69456019881919,0.05857658278961921,222.03389830508473,0.31158296935278684,10.868798246964849,24.12666666666667,6.871518987341773,0.8159876621056363,0.97718585,True,True,288.844,14.222,14.188,9.992,7.725,AIP-exact
432253243911039488,2.3524860918282133,65.62704585250633,0.05737927872545165,232.20338983050846,0.1,11.151088173361272,11.42842105263158,3.6432885906040275,0.9389953449875871,0.9148585,True,True,214.77037,13.766,13.629,10.835,8.765,AIP-exact
432325365001480960,0.8657392062280553,66.09445924891727,0.12016364688638308,191.52542372881356,0.10787105198966634,11.021563750449536,16.45,8.899180327868853,0.9999363178355763,0.9925762,True,True,174.67697,12.993,12.84,10.456,7.863,AIP-exact
438193110662183680,40.55390725828988,47.995680700383765,0.17122883167225902,161.01694915254237,0.10787105198966634,10.287784957828759,6.620121951219512,4.7,0.7695296394712122,1.0344915,True,True,249.52876,13.324,13.161,11.264,8.025,AIP-exact
444233934922667008,58.27536070087198,53.738925973192174,0.1942437483327925,171.18644067796612,0.2888476227919195,12.228037090509233,5.9327868852459025,3.559672131147541,0.9300654024343485,1.0610659,True,True,203.2663,14.589,14.592,11.147,8.222,AIP-exact
444276025602172544,58.11909162286613,53.76825279228393,0.13568784306791845,161.01694915254237,0.12552052364172658,10.502485303630966,4.561764705882354,3.6432885906040275,0.9787584223560559,1.0067602,True,True,279.35583,13.708,13.588,11.55,8.281,AIP-exact
449103122168914816,55.65032766588969,57.71084780520336,0.15181810158366266,150.84745762711864,0.1,11.109457903213702,4.7,3.6311036789297666,1.068405472687469,0.9431222,True,True,207.48773,13.452,13.264,11.713,8.573,AIP-exact
450187820450393088,52.6003042036541,59.141696402904856,0.108606314561164,252.54237288135593,0.3361078268614909,10.962166067170385,5.744444444444445,6.7856250000000005,0.8178926275168332,1.0071932,True,True,251.75783,13.832,13.771,9.353,7.323,AIP-exact
450216034091974912,52.428212990875295,59.47400608956448,0.05911522595506597,211.864406779661,0.23011983571417985,11.687495516749228,20.105555555555558,7.09607843137255,0.9701874206893247,1.0296811,True,True,170.49023,13.637,13.409,9.922,7.53,AIP-exact
450216034091976320,52.41942087256757,59.47378214592761,0.1176797134451944,242.3728813559322,0.13540030931526834,11.547031105411575,21.28823529411765,6.3122093023255825,1.0440867353737284,1.0033411,True,True,129.5729,12.8,12.643,9.639,7.564,AIP-exact
454557661915136256,42.26131700312325,56.213489753980376,0.18835495693987842,181.35593220338984,0.1,9.849246603318882,10.74950495049505,3.809473684210527,0.9949374291455716,1.0393707,True,True,243.30637,12.922,12.815,10.649,8.172,AIP-exact
454863429227709696,40.91432222140468,57.35684041447704,0.03400430452007155,161.01694915254237,0.11636163857357301,12.854619788572704,4.431428571428572,3.6928571428571435,0.9261011882514867,1.3828502,True,True,119.92216,13.625,13.447,11.456,8.397,AIP-exact
459972619242227584,47.60254793347112,56.53758199246641,0.16270061437628977,161.01694915254237,0.1,10.954264954404941,11.19278350515464,7.385714285714287,0.9845489839960392,0.95819277,True,True,116.24573,12.266,12.002,10.283,7.536,AIP-exact
459980826920492544,47.78010785255736,56.66819414257991,0.14853793851071861,181.35593220338984,0.1833324376267034,11.339739562237144,4.561764705882354,4.8686098654708525,1.1401729948777048,1.0328829,True,True,233.03915,13.936,13.924,10.958,8.14,AIP-exact
460053394688513664,46.78515326549123,56.866316794517786,0.13830851748634146,201.6949152542373,0.21332862845930578,11.387538414188077,6.620121951219512,5.0032258064516135,1.074556801169614,1.0149293,True,True,191.24968,13.529,13.3,10.072,7.428,AIP-exact
460053807005410688,46.82669572755887,56.88774985699916,0.15210375463187592,171.18644067796612,0.3361078268614909,11.203266330781894,7.004516129032258,3.6190000000000007,0.8598873857515487,1.1091332,True,True,269.90985,14.145,14.054,10.612,7.357,AIP-exact
460407471791326336,47.529115134707936,58.103840965814086,0.05380967441211754,191.52542372881356,0.19776262910622383,10.839961917466443,16.703076923076924,13.240243902439024,0.8519221848251621,1.0401344,True,True,122.85358,12.39,12.23,9.076,6.352,AIP-exact
460469598497982848,47.63486693592459,58.54152683194288,0.10338143738434295,201.6949152542373,0.14605773805564215,12.3346130794315,9.35948275862069,4.720434782608696,1.0723114712559128,0.8844663,True,True,125.47771,13.269,13.068,10.374,7.782,AIP-exact
461720907150863360,48.65160468999512,58.36456691277287,0.08631589208843284,211.864406779661,0.3361078268614909,12.63112584444135,12.624418604651165,4.980275229357798,1.0039978260098972,1.0341961,True,True,187.45103,14.541,14.332,10.34,7.89,AIP-exact
461901884191864832,48.04025126768402,58.25270734638372,0.16166019931063086,181.35593220338984,0.21332862845930578,10.07625313800234,17.511290322580646,11.80108695652174,0.8795359449957321,1.0469944,True,True,247.83656,13.087,12.95,9.773,6.938,AIP-exact
462173012589099776,49.19997213979799,60.2160824794621,0.10805471260797388,201.6949152542373,0.13540030931526834,10.210087595201099,10.857000000000001,6.031666666666667,0.9128415484100845,1.0175588,True,True,230.09145,13.133,13.003,10.133,7.603,AIP-exact
462521832652528000,50.75649886040952,60.43984345780439,0.1315337422362154,140.67796610169492,0.1,8.585264214510866,9.440869565217392,10.74950495049505,0.732202676167931,0.99677217,True,True,264.28247,12.223,12.236,10.716,6.904,AIP-exact
462552417119024000,49.8411579213804,60.38219859757361,0.1282674552412382,161.01694915254237,0.1,9.63042259556734,6.743478260869566,6.50119760479042,1.0346447479370036,1.0445927,True,True,235.25566,12.761,12.664,10.637,7.589,AIP-exact
462675008365799936,51.295579491021165,60.89886381953443,0.06487802615804451,161.01694915254237,0.12552052364172658,11.15659819289139,4.761842105263158,4.308333333333334,0.9276263856339736,1.015258,True,True,218.77171,13.982,13.862,11.598,8.422,AIP-exact
462856603883606912,47.09679080985576,59.90047920203283,0.08008470795056673,161.01694915254237,0.1,10.99432197471387,7.924817518248175,3.7437931034482763,0.9697082028259157,0.9904136,True,True,176.44632,13.268,13.1,11.131,8.243,AIP-exact
462951501179483136,49.095147428724246,60.68969011023746,0.06342535867290326,171.18644067796612,0.21332862845930578,11.222274523521499,6.349122807017544,5.374752475247525,0.9618914473206029,1.0182294,True,True,283.9372,14.515,14.372,11.315,8.179,AIP-exact
462963359591192576,47.91134564135082,60.34325363019241,0.09263675168918371,181.35593220338984,0.23011983571417985,11.58730244981393,6.743478260869566,3.9053956834532375,0.7802918191018545,0.9007862,True,True,266.7772,14.434,14.313,11.213,8.304,AIP-exact
462987166587681664,47.68616752701782,60.59876187826127,0.0997133904389252,171.18644067796612,0.23011983571417985,11.589804243163039,4.980275229357798,4.63974358974359,0.9357247588392893,1.0605446,True,True,266.0862,14.485,14.242,11.336,8.272,AIP-exact
463021530620770816,48.62203040639564,61.032134746367866,0.1541613372922083,181.35593220338984,0.3625630486550966,12.159261210927403,5.9327868852459025,5.62538860103627,0.8591079997719046,0.93547714,True,True,281.12454,15.156,15.049,10.971,7.923,AIP-exact
463148313762333696,46.481135144384176,60.92580951589511,0.18136770544134553,211.864406779661,0.16995517726504228,10.559204038188945,11.07857142857143,5.0032258064516135,0.9466519243487614,0.91030514,True,True,294.60736,13.887,13.711,10.577,8.107,AIP-exact
463178451551923328,47.67850738121604,60.77657616718978,0.1720558021261441,161.01694915254237,0.1,11.215565844797336,8.899180327868853,4.051119402985075,1.3176963388088623,1.0026592,True,True,154.57791,13.023,12.875,11.007,8.354,AIP-exact
463331970862727552,49.14740029514773,60.89105010729284,0.047425883426650384,191.52542372881356,0.11636163857357301,11.715446461701898,7.385714285714287,3.5831683168316837,0.9370277187381205,1.0486941,True,True,189.66173,13.916,13.78,11.233,8.531,AIP-exact
463336162751360768,49.5566373111013,60.95232894869098,0.055200134771015805,191.52542372881356,0.1,10.312410936459937,8.416279069767443,5.09718309859155,0.8079249321223649,0.94641036,True,True,225.65617,13.247,13.119,10.641,8.075,AIP-exact
463346157134545408,50.38893601136631,61.01581390092212,0.06626701356641145,171.18644067796612,0.24823268762177775,12.641577571087925,6.620121951219512,5.0263888888888895,1.0252208023232663,0.9768664,True,True,172.47124,14.359,14.119,11.164,8.03,AIP-exact
463494526785200000,51.75205768776945,61.899097360304125,0.14348441548602037,161.01694915254237,0.1,10.48389484657614,4.890540540540541,3.7181506849315076,0.9136398777536568,0.98891073,True,True,281.09067,13.756,13.611,11.68,8.603,AIP-exact
463605474381125888,48.93462288052894,61.67352699843748,0.16286068116146615,171.18644067796612,0.1,10.541730646414342,9.870000000000001,4.0662921348314605,0.9127080030894699,1.0668254,True,True,201.03972,13.27,13.143,10.96,8.503,AIP-exact
463981881015990272,40.58923846069389,58.33010054980591,0.10100018434602205,191.52542372881356,0.23011983571417985,12.794632053192315,6.349122807017544,4.208139534883721,0.9424958325699779,1.0335791,True,True,191.44128,14.452,14.39,11.203,8.451,AIP-exact
464581634553945088,43.96862256830541,59.94002369344975,0.11999991067653046,191.52542372881356,0.13540030931526834,10.777693346303856,6.743478260869566,6.349122807017544,1.1194644001022453,1.0395418,True,True,93.57153,11.911,11.741,8.897,6.249,AIP-exact
464656637557276160,43.77888812376152,60.42085417677568,0.17299705435946072,201.6949152542373,0.21332862845930578,10.783668863757338,6.58,5.455778894472362,0.8839141463791091,0.97817224,True,True,295.86407,13.99,13.952,10.572,7.929,AIP-exact
464677429502082176,43.2121039252075,60.66925715674424,0.05368447372259244,150.84745762711864,0.23011983571417985,10.027544558613661,4.63974358974359,5.965384615384616,0.7890946547568788,0.9935707,True,True,284.68533,13.52,13.475,10.657,7.244,AIP-exact
464794729345154560,41.34149806170346,60.30406638149276,0.06366891108988526,161.01694915254237,0.23011983571417985,11.370209239092251,10.644117647058826,6.031666666666667,0.9848355918666523,0.9363759,True,True,207.60373,13.831,13.635,10.85,7.674,AIP-exact
464794836725622912,41.34729812189477,60.31453176385776,0.1679871026330503,140.67796610169492,0.1,10.323402649410772,13.080722891566266,10.540776699029127,1.0536854174645869,1.088558,True,True,126.44279,12.006,11.878,10.412,7.355,AIP-exact
464904100692996992,43.638261000631815,61.23904812845576,0.09416535203760497,181.35593220338984,0.1,9.120172531799241,5.90054347826087,6.50119760479042,0.8336748841308186,0.99522007,True,True,277.61664,12.783,12.758,10.272,7.538,AIP-exact
464928526167864704,42.30543851971796,60.92432494043649,0.12425281475715674,232.20338983050846,0.3625630486550966,13.323245979764852,9.440869565217392,6.099438202247192,0.9053754766229393,1.021469,True,True,151.09149,14.402,14.185,9.925,7.738,AIP-exact
464939731742407040,42.30091853631919,61.15732249211042,0.165539320849998,242.3728813559322,0.24823268762177775,10.40199218595635,10.24245283018868,3.796153846153847,0.8328654722107554,0.9734783,True,True,292.57025,13.6,13.53,9.689,7.551,AIP-exact
465250343777961344,39.43141842313501,60.735817522026025,0.04616928819128895,191.52542372881356,0.21332862845930578,12.362857618846352,17.798360655737707,9.35948275862069,0.9255535343332504,1.0206933,True,True,84.401405,12.579,12.424,9.241,6.554,AIP-exact
465791642793258752,40.65804832643508,61.92914825865929,0.05338483807401401,191.52542372881356,0.1,10.820957255288103,8.826829268292684,3.9624087591240875,0.8641946070519385,1.0234065,True,True,220.37897,13.59,13.415,10.968,8.383,AIP-exact
465833256742360192,41.45581262082175,62.430263582828864,0.07850248759311128,171.18644067796612,0.16995517726504228,11.064715028610884,5.744444444444445,4.081578947368421,0.8900862088441734,0.99098533,True,True,280.31168,14.357,14.268,11.548,8.465,AIP-exact
465865378792359936,38.86179522005962,61.60329381525421,0.08750998692007661,150.84745762711864,0.26777121151983396,10.644494748593932,6.540361445783133,7.487586206896553,0.8206719317994712,0.9618915,True,True,285.15714,14.095,14.152,11.152,7.445,AIP-exact
465954714114649728,38.91006250423887,62.23814132263361,0.060361354641388476,150.84745762711864,0.1,11.950223142373822,6.50119760479042,6.275722543352602,1.0647150018174316,0.96201926,True,True,111.8072,12.943,12.785,11.184,7.98,AIP-exact
465967156641199744,38.975394146675306,62.31925552631933,0.09502831105799683,201.6949152542373,0.14605773805564215,9.893709275917871,6.743478260869566,6.386470588235294,0.8425445091814157,0.9809655,True,True,289.4304,13.367,13.257,10.25,7.744,AIP-exact
466019104262118144,40.78701391523881,62.48316578858037,0.10909169950447421,161.01694915254237,0.14605773805564215,11.380542205898676,4.1438931297709924,3.7829268292682934,0.9715594230924137,1.0044279,True,True,234.95482,14.112,14.05,11.748,8.431,AIP-exact
467313298168998656,43.38074834365662,62.92458887224605,0.17112778756539432,211.864406779661,0.21332862845930578,11.262490200782928,12.624418604651165,4.620000000000001,0.8598880617440188,0.9308705,True,True,286.95154,14.288,14.179,10.751,8.271,AIP-exact
475420688892338944,62.82219393006775,61.458436830073786,0.08412160714316962,150.84745762711864,0.31158296935278684,12.058942412788424,4.846875000000001,4.360240963855422,0.9083843336114127,1.02242,True,True,264.19617,14.965,14.895,11.707,8.275,AIP-exact
505860702670259200,26.226809598343728,57.43324332874806,0.18611428628793084,150.84745762711864,0.1,10.574934702911664,14.476000000000003,7.645774647887325,0.8869355015727695,0.9987954,True,True,139.70555,12.277,12.146,10.411,7.586,AIP-exact
506003669239901312,26.9057262318298,58.30377738474749,0.0510813846428819,211.864406779661,0.15755401855293244,11.91578155531774,12.479310344827589,3.5831683168316837,0.999775014846143,0.9426384,True,True,178.50159,13.863,13.684,10.68,8.269,AIP-exact
507498283500385152,34.587103150143975,61.05809458397897,0.18486492224485543,181.35593220338984,0.42188430427737117,11.890239291051268,9.607964601769913,7.487586206896553,1.0005764956737169,0.9910784,True,True,221.55836,14.311,14.124,10.153,6.906,AIP-exact
507650222262021632,33.87115121119559,60.7253599156613,0.14542740787605196,201.6949152542373,0.26777121151983396,11.722766133585592,10.540776699029127,3.502258064516129,0.8287895062995005,0.9807973,True,True,294.7778,14.744,14.381,10.947,8.347,AIP-exact
507650432721273856,33.86282801125577,60.72486234877474,0.14557898659709487,191.52542372881356,0.31158296935278684,11.75353188532606,13.743037974683546,8.48203125,1.023769055366945,0.89633435,True,True,213.10931,14.074,13.856,10.268,7.425,AIP-exact
507671868897630592,33.452352788682084,61.00875384439459,0.0672883906541013,181.35593220338984,0.19776262910622383,11.501284585715048,10.857000000000001,5.170000000000001,0.9052296526110641,0.96791804,True,True,192.19969,13.923,13.836,10.602,7.866,AIP-exact
508219082089367552,29.363107928533683,60.885819170645824,0.12090791778264053,201.6949152542373,0.3361078268614909,11.67855153046272,9.870000000000001,6.701851851851853,0.878516815764793,1.0207678,True,True,243.00404,14.634,14.653,10.339,7.833,AIP-exact
508244851893322752,29.50324663606451,61.01762977916152,0.1168115299544974,232.20338983050846,0.42188430427737117,11.297636840765692,9.607964601769913,7.286577181208055,0.8481600088646238,0.99403334,True,True,282.3027,14.47,14.37,9.596,7.344,AIP-exact
512608195071398016,21.94617022174547,63.33171398941265,0.07902094193680677,211.864406779661,0.12552052364172658,11.646913331653593,10.857000000000001,4.0662921348314605,0.9546034918076042,0.979319,True,True,176.16196,13.607,13.62,10.651,8.355,AIP-exact
514058931944983680,37.2346118465824,62.752363056109445,0.06457302982230735,191.52542372881356,0.1833324376267034,12.690531018789123,7.09607843137255,3.7181506849315076,0.8581633905733241,0.98860615,True,True,161.3272,14.312,14.256,11.092,8.444,AIP-exact
515013174901996928,32.4425295815529,64.14123169102078,0.058259586377790454,150.84745762711864,0.14605773805564215,11.170718330004863,4.191891891891892,3.976923076923077,0.8576367532503758,0.96584225,True,True,244.0993,14.048,14.045,11.907,8.388,AIP-exact
519646585614050944,28.279285778919903,67.14825314440573,0.031190709594139113,222.03389830508473,0.11636163857357301,10.873707708895076,13.080722891566266,4.4679012345679014,0.7955510382087909,0.97049683,True,True,173.8897,13.146,12.971,10.068,7.829,AIP-exact
521297841621450496,29.713608213843838,68.15692001151051,0.17683633951325198,161.01694915254237,0.3625630486550966,12.804767804472222,5.0032258064516135,4.523750000000001,0.7483940039919198,1.0111749,True,True,235.17548,15.127,14.988,11.627,8.317,AIP-exact
522403022606645376,30.180713525190143,72.01518793755304,0.13647222404076942,171.18644067796612,0.31158296935278684,12.138483034287345,6.099438202247192,3.502258064516129,0.7444340401295492,1.0407728,True,True,279.6174,15.237,15.318,11.561,8.597,AIP-exact
522579150626921856,18.006444559601302,61.60402853276566,0.14616000030782875,161.01694915254237,0.21332862845930578,11.41114334852562,4.7,4.504979253112034,1.2076421725202486,1.0386102,True,True,297.2187,14.437,14.489,11.646,8.27,AIP-exact
523553421006086656,14.136302721690557,62.19829340505704,0.14644125155702095,211.864406779661,0.31158296935278684,11.610015588965052,13.743037974683546,4.5810126582278485,0.8727971783479952,0.9472844,True,True,264.94424,14.338,14.181,10.297,7.845,AIP-exact
524550407476452224,12.484829513816212,65.36778327091736,0.15794690189192057,130.50847457627117,0.13540030931526834,10.73579960241649,3.850000000000001,3.8913978494623658,0.7942502227789987,1.2598479,True,True,167.28218,13.265,13.132,11.423,7.646,AIP-exact
527689444453492480,10.51994162795456,66.61688767843846,0.19520340887701534,171.18644067796612,0.1,11.802882043327983,8.287786259541985,3.5250000000000004,1.027302134661467,1.0140132,True,True,122.19178,13.011,12.865,10.854,8.466,AIP-exact
527771181970639360,7.673285116772967,65.86166522501665,0.09691227244559934,161.01694915254237,0.3361078268614909,11.81797221881222,5.270388349514564,4.504979253112034,0.8583822985138744,1.0053797,True,True,289.56946,15.122,15.095,11.453,8.287,AIP-exact
527912091257041408,7.870745987781606,66.61593682854567,0.16359457659632493,161.01694915254237,0.1,11.69010445355832,7.539583333333335,3.9336956521739133,0.9100017495606966,1.031233,True,True,112.31359,12.721,12.581,10.713,8.1,AIP-exact
527924499422587904,7.8016847694148606,66.70487655430881,0.16715913935714002,161.01694915254237,0.1,11.276162634901077,8.351538461538462,5.09718309859155,1.0774529740395373,1.2846571,True,True,130.02165,12.812,12.607,10.801,8.131,AIP-exact
528197620685321728,5.384823298389096,65.99891687412607,0.1965328203770506,191.52542372881356,0.3361078268614909,12.895562098081948,6.915286624203822,4.325498007968128,0.7034834622955105,1.1255472,True,True,250.9523,15.045,14.91,11.221,8.406,AIP-exact
528224627439572352,5.365612484705528,66.17742510484945,0.04916233113651798,191.52542372881356,0.12552052364172658,10.69131463867814,7.238000000000001,3.7181506849315076,0.8247983190713154,1.0189532,True,True,254.8438,13.816,13.684,11.002,8.363,AIP-exact
528386603543133312,1.5878690533361215,66.45078113050836,0.16067202957078447,120.33898305084746,0.1,8.635249672096034,6.7856250000000005,7.050000000000001,0.7910846471489674,1.0521115,True,True,295.1665,12.474,12.415,11.413,7.474,AIP-exact
528423913919782656,0.2595974124794861,66.5231240279092,0.08149473321406328,120.33898305084746,0.26777121151983396,10.580479460832313,3.667905405405406,7.539583333333335,0.7761851977062426,1.0454694,True,True,287.19608,14.091,13.892,12.089,7.782,AIP-exact
528576166219929600,1.2034620084893684,67.29020142867074,0.19592789395517213,181.35593220338984,0.39110057471005855,11.03120116566445,3.8637010676156582,8.972727272727274,0.9098221299345653,1.0183883,True,True,235.65202,13.718,13.515,9.745,6.581,AIP-exact
528825789719502080,3.955085294430544,67.68975069691226,0.13884005022701726,232.20338983050846,0.31158296935278684,10.909780127880893,15.734782608695653,6.239655172413794,0.9755303894389968,1.045439,True,True,284.2951,14.042,13.879,9.874,7.663,AIP-exact
528876431674345088,3.661689326491616,68.25777148955102,0.03775320473238446,191.52542372881356,0.24823268762177775,11.38492224647948,16.9640625,11.309375000000001,1.0136657942340668,1.0155725,True,True,178.00252,13.619,13.422,10.015,7.254,AIP-exact
528921619029916416,1.92969475504331,67.76648556115387,0.12065823195631173,181.35593220338984,0.1,11.764335990339365,19.387500000000003,5.2960975609756105,1.0308747971625765,1.0204724,True,True,61.97324,11.705,11.48,9.26,6.641,AIP-exact
528952130477487232,1.6485854971622274,68.03412055893324,0.1876609379571201,140.67796610169492,0.1,9.805312190921313,9.781081081081082,4.890540540540541,0.738907634363703,1.0518951,True,True,196.628,12.835,12.721,11.003,7.97,AIP-exact
528965835716001024,1.2678480303837074,67.78267295608552,0.1631736836807348,232.20338983050846,0.3361078268614909,12.18937284394996,10.857000000000001,3.548039215686275,0.8609793572053102,0.9569491,True,True,280.85233,14.749,14.651,10.581,8.339,AIP-exact
530448325281461248,5.527351887651045,69.03488122429296,0.1676035342201251,181.35593220338984,0.26777121151983396,13.411142236471369,5.90054347826087,3.991544117647059,0.8751089592336199,1.0144205,True,True,141.67961,14.512,14.355,10.922,8.223,AIP-exact
570398320066235776,75.41044225226373,83.81655840642749,0.07156663212235458,140.67796610169492,0.21332862845930578,10.871283670386664,7.050000000000001,8.10223880597015,0.8620407071575495,1.0437222,True,True,231.86162,14.001,13.777,11.485,7.78,AIP-exact
589125481283408000,142.77947185308287,10.101996415021617,0.0990462042876215,171.18644067796612,0.24823268762177775,13.06403100914226,6.275722543352602,4.274409448818898,0.8997402118480236,1.0446193,True,True,150.59349,14.43,14.034,11.154,8.17,AIP-exact
600927772240104064,127.42517332334982,11.104788185682215,0.10625620254765898,161.01694915254237,0.24823268762177775,11.617598066391377,6.204000000000001,4.208139534883721,0.9382098547385772,1.0478166,True,True,204.01288,14.266,13.871,11.083,7.789,AIP-exact
601382626456625664,130.31599503378317,10.463496172975375,0.0746740968027806,150.84745762711864,0.10787105198966634,10.474966003860299,6.031666666666667,4.957534246575343,0.9888388503208092,1.0089034,True,True,214.98898,13.428,13.23,11.415,7.992,AIP-exact
615981808706309248,147.8429378007189,14.058883257069166,0.11720574612364444,120.33898305084746,0.42188430427737117,12.354871278971093,3.9053956834532375,7.8673913043478265,0.9715130048342362,1.0237519,True,True,161.36292,14.071,13.808,11.679,7.178,AIP-exact
661274918904769536,129.6556031016689,19.411270805419985,0.1538672782746057,130.50847457627117,0.10787105198966634,11.009329264165586,4.208139534883721,5.170000000000001,0.9368562535362536,1.0468928,True,True,114.931625,12.584,12.436,10.958,7.265,AIP-exact
714714207670830336,138.9882372468347,35.675834685136486,0.08229531574803922,130.50847457627117,0.10787105198966634,9.455691962191743,4.241015625,5.744444444444445,0.8136221015960088,1.1898935,True,True,283.1276,13.356,13.201,11.686,7.941,AIP-exact
731982617603542272,166.60715407287688,28.16413964309472,0.0805856596322121,130.50847457627117,0.2888476227919195,10.666755606986069,3.7437931034482763,8.10223880597015,0.7589664721467924,1.028161,True,True,260.39886,14.145,13.993,11.687,7.431,AIP-exact
763681404688064512,168.3185692165154,36.93531803644305,0.07980552975481064,140.67796610169492,0.1,9.83526420914727,8.616666666666667,8.826829268292684,0.8737670401641601,1.0217204,True,True,210.92738,12.706,12.538,11.027,7.634,AIP-exact
779253439980170112,160.18564198809827,39.94700288951984,0.11527621256717788,100.0,0.1,10.570402907783354,8.225,10.74950495049505,1.2566400026602085,0.9797159,True,True,89.46773,11.446,11.265,11.024,7.127,AIP-exact
801210485325007232,146.30518138246785,39.93577305480541,0.13288451686681027,120.33898305084746,0.1,9.761089162838203,4.1438931297709924,4.175769230769231,0.8415912098410367,1.0273448,True,True,241.85472,12.961,12.786,11.824,8.208,AIP-exact
856731076587435392,171.17093001606,58.213570683526,0.06467862437124224,140.67796610169492,0.24823268762177775,11.606025917230497,4.620000000000001,4.741048034934498,0.9325386528396349,1.0093125,True,True,251.7233,14.6,14.374,12.061,8.25,AIP-exact
865939387688314112,111.2177676888225,21.789280378835574,0.11994110772192124,130.50847457627117,0.1,11.17547880109256,4.679741379310345,4.413414634146342,0.8525996110029386,1.1405294,True,True,144.49687,12.938,12.725,11.544,8.167,AIP-exact
872683792012315520,110.95722071126292,26.77347015822624,0.05002551877211884,140.67796610169492,0.10787105198966634,9.913583438073324,4.274409448818898,4.60042372881356,1.0669072000170665,1.1021297,True,True,266.1488,13.394,13.241,11.605,7.987,AIP-exact
880438613162040448,115.20347079654844,32.39610004779883,0.18146546218557916,130.50847457627117,0.1,9.673855339966233,4.8686098654708525,4.8686098654708525,0.767047438415535,1.0156293,True,True,229.56503,12.782,12.642,11.485,8.151,AIP-exact
896328166796274560,109.61644724981224,33.744051379229525,0.13723296481170652,161.01694915254237,0.3625630486550966,13.19347795204447,4.036059479553903,3.705460750853243,0.78950678028026,1.0060544,True,True,203.16992,15.194,15.085,11.664,8.271,AIP-exact
915114598561845376,127.70638171670863,41.68240872934568,0.1795485465988706,150.84745762711864,0.1,9.569430639603294,10.43942307692308,6.58,1.2794549728593347,1.0135103,True,True,224.0933,12.546,12.382,10.753,7.583,AIP-exact
916773138837599232,128.68196858821682,42.85460011037982,0.09728132719291181,161.01694915254237,0.2888476227919195,11.792665945973559,5.684293193717278,4.291304347826087,0.9342806837230656,1.1409806,True,True,254.65594,14.579,14.276,11.275,8.001,AIP-exact
956053848871779456,94.66794927996484,38.36934824195559,0.06648492615323949,161.01694915254237,0.13540030931526834,11.644134994604089,9.960550458715597,6.099438202247192,1.1838259539470435,0.9869158,True,True,143.14171,13.207,12.985,10.815,7.706,AIP-exact
961874044953646336,93.4367060469318,43.22140326934238,0.18301218483612255,140.67796610169492,0.1,9.473964208103133,9.440869565217392,5.539285714285715,0.9241194313334217,1.0216886,True,True,235.84787,12.689,12.572,10.96,7.953,AIP-exact
1022359210388771328,138.9397019584892,51.890384601429936,0.13771663978692145,100.0,0.1,12.637469085781994,5.539285714285715,4.128136882129278,1.3158243509159715,1.0652184,True,True,58.97696,12.066,11.858,11.669,7.968,AIP-exact
1029198241433680512,131.29305542972415,52.37915330021965,0.18602417493677242,100.0,0.1,8.509799792143543,5.270388349514564,5.9327868852459025,0.7171019132564398,1.0357492,True,True,252.16322,12.352,12.306,11.541,7.941,AIP-exact
1030096778655069312,133.68105341927532,54.93501160685444,0.06259950058243789,171.18644067796612,0.21332862845930578,11.812281784405062,10.966666666666667,5.539285714285715,0.8723530320498831,1.0209242,True,True,194.76138,14.237,14.024,10.96,8.04,AIP-exact
1080477539607113216,177.94673658824345,76.51971466844527,0.11044371790889888,150.84745762711864,0.10787105198966634,10.852458083191182,9.523684210526316,7.983088235294118,1.033541758035273,1.0075914,True,True,183.8598,13.119,12.904,11.25,7.809,AIP-exact
1081358179701867520,118.64732385893876,56.374667417898536,0.1791561053044365,161.01694915254237,0.1,11.374408435937099,9.523684210526316,4.191891891891892,0.8820996142793952,1.1262202,True,True,126.60076,12.947,12.719,10.857,8.196,AIP-exact
1103275603974752000,103.93188556768705,68.58098509793189,0.0621465031877623,140.67796610169492,0.1,13.029040737558336,9.047500000000001,7.385714285714287,1.0706362382724466,1.0018572,True,True,73.40321,12.811,12.598,11.331,7.893,AIP-exact
1150260106649066752,116.31371586721691,85.28225811932118,0.1388199047928159,120.33898305084746,0.1,8.73435399851941,10.644117647058826,10.644117647058826,0.777670381135688,0.9947417,True,True,234.9589,12.279,12.221,11.093,7.501,AIP-exact
1150288006756417792,116.36388198148278,85.4372040076356,0.1478562904413316,130.50847457627117,0.1,9.818479606195446,4.413414634146342,4.1125,0.8692035468105132,1.0624998,True,True,267.86667,13.511,13.332,12.035,8.58,AIP-exact
1154795003701462272,226.0371016431695,3.5660688881304803,0.07066988925128846,120.33898305084746,0.10787105198966634,11.046403456533461,3.595033112582782,5.0032258064516135,1.0413398674121983,1.1869693,True,True,177.42079,13.321,13.102,12.192,8.256,AIP-exact
1179110845084033280,217.4756749770569,11.69462311697722,0.15135930165786507,150.84745762711864,0.1,11.002918841848107,5.455778894472362,3.6928571428571435,0.934288861819963,1.0905827,True,True,216.18663,13.913,13.673,11.932,8.737,AIP-exact
1184666505540509056,222.5558837946336,13.22964597980106,0.13281567498590288,150.84745762711864,0.1,10.978133529014904,3.9336956521739133,3.655555555555556,0.9103341845591444,0.89628285,True,True,263.80966,13.939,13.751,12.195,8.728,AIP-exact
1208571468876585984,229.2461151132856,17.59716161288425,0.03830006605506953,150.84745762711864,0.1,10.278140562693462,5.775,5.049767441860466,0.9721582202127529,0.97301567,True,True,258.39963,13.67,13.479,11.806,8.36,AIP-exact
1213582939796616192,227.83028140488724,20.889649147293596,0.11204246809772124,130.50847457627117,0.1,10.006489708432468,4.846875000000001,5.21971153846154,0.9401204607430824,0.9511965,True,True,250.09618,13.462,13.311,12.079,8.454,AIP-exact
1215825943517637632,229.94429337182683,23.79642558994757,0.17566872637341716,130.50847457627117,0.1,9.039124974017241,9.523684210526316,7.592307692307694,0.8048884008106826,0.94212055,True,True,271.91803,12.702,12.618,11.21,7.927,AIP-exact
1231501539059734272,210.6972920716196,15.657616223496415,0.06583145772123254,140.67796610169492,0.13540030931526834,10.690948234527827,4.224513618677043,4.1125,0.8629759626175415,1.000711,True,True,272.05252,14.08,13.892,12.057,8.524,AIP-exact
1251430569566084352,206.66933350390207,23.1011639057852,0.09948372097004003,100.0,0.1,9.53713862757241,4.486363636363637,8.042222222222222,1.1041956568395284,0.980635,True,True,179.6669,12.292,12.16,12.034,7.74,AIP-exact
1261659498038120064,225.93518685289476,21.29163961861616,0.07978105291349306,161.01694915254237,0.15755401855293244,11.159985826113044,6.3122093023255825,4.159770114942529,0.8699099928291784,0.9777893,True,True,263.2664,14.401,14.182,11.739,8.557,AIP-exact
1265371002616796928,227.83361007913928,26.00427138172379,0.183067121346152,191.52542372881356,0.1,10.00533884693418,11.55,3.6432885906040275,0.8606814018223082,1.1537486,True,True,275.3293,13.504,13.341,11.033,8.837,AIP-exact
1272193884586439552,230.8844137540445,29.51777737012923,0.18125319612531574,130.50847457627117,0.1,10.242637147815294,4.63974358974359,4.8686098654708525,1.3950396828899272,1.181223,True,True,297.3607,13.395,13.233,12.173,8.402,AIP-exact
1288599560144625152,226.41273063223508,31.641398872173934,0.10312973237262232,181.35593220338984,0.1,10.814177406410078,13.571250000000001,5.244927536231885,0.9007675319451621,1.0027175,True,True,211.45537,13.647,13.275,11.098,8.49,AIP-exact
1295372620489889536,226.28947334821825,37.61243253583682,0.10316000260083914,130.50847457627117,0.12552052364172658,10.807707797657496,3.559672131147541,3.850000000000001,0.9038326896031295,1.0234764,True,True,279.04474,14.315,14.137,12.585,8.855,AIP-exact
1331774220670538240,248.3705201852389,39.0029000469853,0.1841228795105437,150.84745762711864,0.11636163857357301,10.668089779525383,6.204000000000001,4.957534246575343,0.8937408873414578,0.94560415,True,True,232.30173,13.966,13.738,11.727,8.305,AIP-exact
1348054414465651840,259.0791721702489,41.46546442200282,0.18286836868124084,130.50847457627117,0.1,9.85418928369469,5.0263888888888895,3.7437931034482763,0.9706202947630862,0.9781655,True,True,299.10312,13.472,13.365,12.123,8.889,AIP-exact
1362050883953093376,263.5452840061871,47.0952740425591,0.07631732794310898,130.50847457627117,0.13540030931526834,11.667140493000177,5.348275862068966,6.4625,0.9435492174677853,0.9433388,True,True,166.47089,13.78,13.552,12.18,8.239,AIP-exact
1362835492874828928,265.65515684627803,47.212653832796576,0.06422008211595262,130.50847457627117,0.1,10.00061446860188,4.63974358974359,4.8039823008849565,0.8337746536357771,1.108127,True,True,269.4945,13.528,13.379,12.13,8.497,AIP-exact
1371107973547799168,235.84896102174895,34.15905952430994,0.0994217074607109,150.84745762711864,0.12552052364172658,10.782064086040572,5.6546875000000005,4.1438931297709924,1.0086502246219866,1.2104805,True,True,280.1203,14.109,13.929,12.016,8.686,AIP-exact
1381439573213902464,246.2761003746906,42.88831157093814,0.1836367669866356,140.67796610169492,0.1,9.465571195115235,8.899180327868853,5.744444444444445,0.7981916743769889,0.992655,True,True,276.1076,13.428,13.23,11.51,8.224,AIP-exact
1394343815338758016,230.9457394597864,44.154957794861375,0.07250484254987678,130.50847457627117,0.1,10.663034466624836,4.1125,5.170000000000001,0.9946614583099693,0.9734289,True,True,246.22305,13.81,13.663,12.499,8.578,AIP-exact
1396628394342768768,236.34975286531733,44.13748335278773,0.07588625427875337,161.01694915254237,0.1,11.50206081446525,9.20084745762712,4.720434782608696,0.9286549370051624,1.0131518,True,True,179.10464,13.695,13.462,11.59,8.678,AIP-exact
1396732504350284928,238.447927006627,44.10271194635005,0.13472608979547598,130.50847457627117,0.21332862845930578,11.906651749683737,4.395546558704454,6.50119760479042,0.9706871782254518,0.95093125,True,True,211.86365,14.209,13.997,12.429,8.127,AIP-exact
1402023873994665600,233.78691702233797,48.72803789548356,0.13282048291607232,150.84745762711864,0.1,10.634663678979017,7.700000000000002,3.8228873239436627,0.8252656462030994,1.0301108,True,True,253.2233,13.701,13.473,11.829,8.836,AIP-exact
1424177207932416384,248.14568664289857,51.96813972009338,0.17972421320652887,150.84745762711864,0.1,10.33102736982049,14.87260273972603,8.10223880597015,0.8699809666032381,1.0605465,True,True,198.25362,13.012,12.818,11.118,8.33,AIP-exact
1431539194194704256,247.435522150529,58.25402754686626,0.03467934728325113,150.84745762711864,0.1,11.5660632299914,6.424260355029586,4.957534246575343,1.002435272963705,1.0562629,True,True,218.8239,14.127,13.932,12.304,8.963,AIP-exact
1431609528579630720,249.80912691349977,57.874341673090754,0.15709856728032706,100.0,0.1,10.19959129564715,3.705460750853243,3.6928571428571435,0.7546227177450177,1.0296408,True,True,297.68088,13.838,13.691,12.99,9.469,AIP-exact
1433390874855769984,255.44653451706665,57.04122795126317,0.10724335897711045,130.50847457627117,0.31158296935278684,12.435644870488199,6.031666666666667,8.548818897637796,0.8315984638189386,1.0255734,True,True,228.14157,15.077,14.867,12.542,8.486,AIP-exact
1440396413192011904,260.33317182027736,63.38362280236322,0.13330196451077783,100.0,0.1,10.559061896437624,4.208139534883721,4.1438931297709924,0.8142395083997486,0.966899,True,True,253.47762,13.831,13.656,13.107,9.456,AIP-exact
1440621778715462400,265.77682069290745,64.0686895353045,0.14903909240111413,130.50847457627117,0.10787105198966634,11.051796471308611,6.065363128491621,6.915286624203822,0.8457918090013902,0.9835019,True,True,229.3804,13.676,13.497,12.442,8.527,AIP-exact
1440744206758891264,268.1732985939013,64.57918153539435,0.14249386241630535,120.33898305084746,0.1,9.789017177044379,6.4625,6.424260355029586,0.9257187665694067,0.99381244,True,True,262.97385,13.181,13.058,12.167,8.532,AIP-exact
1454377876065287936,211.59587754999436,31.94680952316996,0.1844943053607847,110.16949152542372,0.1,12.646380575731914,4.377822580645161,3.536482084690554,0.9288152441538209,1.0048468,True,True,93.01018,13.174,12.947,12.007,8.728,AIP-exact
1473407875425581312,201.8679069829165,35.41249165670389,0.11924804528149184,120.33898305084746,0.1,12.267625481660602,4.741048034934498,4.021111111111111,1.0491849223255165,1.0133767,True,True,120.44082,13.283,13.048,12.065,8.688,AIP-exact
1477380273498107264,214.55603436313493,31.406988325292065,0.022114587098605837,150.84745762711864,0.1,10.965226928882108,5.21971153846154,3.548039215686275,0.9214375333246264,0.97897506,True,True,226.4708,13.838,13.646,11.902,8.523,AIP-exact
1480875865777271296,214.8206977854192,35.39851708408915,0.10067749906928657,130.50847457627117,0.1,10.195164745586878,4.224513618677043,3.948,1.0191767597904666,0.994992,True,True,254.27148,13.551,13.356,12.063,8.635,AIP-exact
1487185310172421120,221.0375092281053,39.06233627128504,0.13127814771776683,150.84745762711864,0.16995517726504228,12.316506125330337,6.099438202247192,4.8039823008849565,0.927699007522719,1.0362831,True,True,189.667,14.15,13.942,11.907,8.516,AIP-exact
1505521075316358656,212.7216737221765,45.11744603298632,0.19559324483976387,120.33898305084746,0.1,9.666155333321951,5.62538860103627,4.8686098654708525,0.8422367704379492,0.9908872,True,True,244.12999,13.219,13.081,11.785,8.405,AIP-exact
1526641731613608064,198.8043666866656,44.27613583488345,0.06664297892742456,130.50847457627117,0.12552052364172658,11.461313293919776,6.743478260869566,8.042222222222222,0.9411505694624215,1.0090035,True,True,128.71043,13.04,12.85,11.433,7.667,AIP-exact
1572246759514111104,184.8148124370805,53.7942300790372,0.16276398924589208,100.0,0.1,12.47252833264815,6.099438202247192,4.7,1.1368965475644135,0.9246179,True,True,84.57113,12.794,12.586,11.974,8.678,AIP-exact
1586970285360406784,225.0413193713204,45.36971975135616,0.12067548631292473,211.864406779661,0.1,10.770206483650941,14.100000000000001,5.401492537313433,1.4628010743349964,1.2628316,True,True,237.90091,13.522,13.345,10.859,8.544,AIP-exact
1589814545848457984,222.3488816761612,45.75987954192815,0.08347140718540377,161.01694915254237,0.15755401855293244,11.70355920487222,4.1125,3.991544117647059,0.9413366998573093,1.0501726,True,True,267.64255,14.777,14.541,12.185,8.846,AIP-exact
1595136800601456256,232.4813087663023,50.76834576150383,0.1358751136721038,150.84745762711864,0.1,10.156817803933125,8.351538461538462,5.90054347826087,0.8370203578538289,0.9890617,True,True,293.25717,13.636,13.445,11.777,8.582,AIP-exact
1597694887419073792,234.56848294206347,53.447855054948576,0.18077665178051477,140.67796610169492,0.1,11.338604744868153,4.980275229357798,3.809473684210527,0.9809031147778589,1.1201072,True,True,212.58159,13.809,13.631,12.246,9.151,AIP-exact
1623533135793883392,242.6992866063325,60.05530574347624,0.07173851912032583,150.84745762711864,0.1,10.35555774009827,8.826829268292684,5.868648648648649,0.8403305202763232,0.9802069,True,True,270.66846,13.841,13.652,11.878,8.627,AIP-exact
1628175514404937472,243.255035016934,61.44567359286662,0.19319594523778338,100.0,0.1,10.29697027147145,4.504979253112034,3.5250000000000004,0.8502985330226185,1.0410548,True,True,223.35164,13.343,13.189,12.477,9.141,AIP-exact
1629173252487554304,248.4539870659833,64.74594512419414,0.1671207587707063,100.0,0.1,11.212669474668518,5.09718309859155,4.191891891891892,1.014290904018755,0.97213864,True,True,150.78471,13.168,12.976,12.317,8.915,AIP-exact
1635527158387254528,257.2012748743059,66.16756895851964,0.11758315591857313,120.33898305084746,0.13540030931526834,11.425866084572096,4.720434782608696,6.959615384615385,1.0194528607732538,0.92862284,True,True,221.21959,13.966,13.814,12.826,8.701,AIP-exact
1638984740202462080,267.2973878277252,71.07124620200217,0.03087296080258736,140.67796610169492,0.11636163857357301,10.719331488236378,7.142763157894738,7.050000000000001,1.1326110201592985,1.1251012,True,True,262.4253,14.011,13.861,12.207,8.595,AIP-exact
1640781823238064384,232.07918439121065,63.5952566185294,0.16336401321339195,120.33898305084746,0.1,11.760764668689344,4.5810126582278485,3.6311036789297666,0.8577436028167802,1.0925273,True,True,156.90727,13.641,13.451,12.401,9.072,AIP-exact
1647484411760976384,233.43401771106412,69.01481728355527,0.11032941013011709,110.16949152542372,0.3361078268614909,12.261677568329747,5.401492537313433,11.42842105263158,0.8599201829996862,1.081242,True,True,172.77205,14.199,13.964,12.376,7.795,AIP-exact
1652478604029928832,267.3095195601945,73.7559250349395,0.13613454735902392,140.67796610169492,0.1,10.482804970997641,5.511167512690355,3.9624087591240875,0.9554871195678046,0.9983141,True,True,288.54065,13.874,13.712,12.353,9.028,AIP-exact
1655384475821985280,255.55783708324805,73.70784456878067,0.17778530025233638,120.33898305084746,0.1,8.156728224053342,11.930769230769233,10.052777777777779,0.7216245025194233,1.049164,True,True,293.18082,12.441,12.395,11.294,7.674,AIP-exact
1656095168354700672,268.0544014281183,75.85039576387076,0.1267206831362107,150.84745762711864,0.1833324376267034,13.565728492766766,4.63974358974359,4.128136882129278,0.8304270699059505,1.0191799,True,True,147.60773,14.382,14.106,12.156,8.705,AIP-exact
1660610415933587968,214.181477998446,61.154052748959934,0.10839498273467597,171.18644067796612,0.23011983571417985,12.739594938723492,4.741048034934498,3.559672131147541,0.7195295553897119,1.0637605,True,True,254.34723,15.295,14.816,12.094,8.943,AIP-exact
1668485569183395456,214.87394488163744,65.60643707087307,0.15509491043142806,201.6949152542373,0.1,11.25562217534957,17.233333333333334,5.322058823529413,0.9730564044625605,1.0419745,True,True,173.19365,13.256,13.013,10.781,8.544,AIP-exact
1705096798128940032,258.37861891525654,77.60273786623797,0.14629343670292683,120.33898305084746,0.1,10.541293368606102,5.0263888888888895,4.504979253112034,0.7797341150068748,1.0185372,True,True,223.60161,13.528,13.38,12.398,8.897,AIP-exact
1710254641533585152,246.32720753285477,80.14327687170835,0.1078275579833218,130.50847457627117,0.1,9.581762236244128,7.385714285714287,6.540361445783133,0.7991478557491805,1.0140043,True,True,290.40317,13.357,13.218,11.943,8.446,AIP-exact
1713205451573388544,207.90149121561785,76.34807188785375,0.0469300976784409,140.67796610169492,0.15755401855293244,11.44523785457034,4.449590163934427,5.073364485981309,0.9111817804146968,1.0196514,True,True,259.29947,14.409,14.158,12.383,8.686,AIP-exact
1729065253964773760,239.6878032538939,88.8489338998444,0.078800198625013,150.84745762711864,0.1,10.39705462812371,5.374752475247525,3.9624087591240875,0.8212568954442253,0.91287214,True,True,269.93716,13.797,13.637,11.966,8.737,AIP-exact
1749828603342680960,313.3072737723841,8.27922716738148,0.1497266564168259,140.67796610169492,0.16995517726504228,10.342447628184669,4.846875000000001,4.7,0.9191878258608802,0.94555724,True,True,293.78125,13.763,13.565,11.646,7.986,AIP-exact
1817192627064651136,306.33409619182413,21.76915116989024,0.19214371496083313,100.0,0.1,10.541474343469716,6.065363128491621,5.511167512690355,0.7973115072173419,1.0886334,True,True,145.8411,12.591,12.401,11.592,8.283,AIP-exact
1836817393486591104,302.8842087562337,28.074916466530947,0.06540111271994131,222.03389830508473,0.1,10.81641368111763,7.487586206896553,3.559672131147541,0.8417777393993543,1.033933,True,True,258.474,13.859,13.86,11.058,8.779,AIP-exact
1861951920066371456,307.31636948711764,31.94062073223564,0.14397960311660146,181.35593220338984,0.1,12.872076760513217,11.674193548387098,4.679741379310345,1.1577840294806927,0.9905253,True,True,97.99345,13.499,13.411,10.963,8.375,AIP-exact
1863504430478230784,307.9341533237057,32.73955572808984,0.18399448512275077,140.67796610169492,0.12552052364172658,11.318054073720715,3.548039215686275,3.7567474048442913,0.9040671358588076,1.0293276,True,True,218.42834,14.221,14.31,12.229,8.67,AIP-exact
1870169846074649600,311.21130822141515,34.97893330947618,0.09297646808986088,171.18644067796612,0.1,9.686871000182471,10.966666666666667,6.349122807017544,0.8646271413949413,1.0044745,True,True,294.86023,13.361,13.274,11.139,8.306,AIP-exact
1872880928204935680,313.35868159766727,39.55211284731939,0.13543977341223992,130.50847457627117,0.1,10.116280895649897,3.595033112582782,3.991544117647059,0.8599105356020618,1.0336334,True,True,268.81,13.542,13.457,12.189,8.802,AIP-exact
1872936354767136384,315.0166263272627,38.82421118566818,0.06691329212902526,201.6949152542373,0.1,11.161841834640088,9.607964601769913,3.948,0.974655721148877,1.0014724,True,True,228.16637,14.091,13.981,11.281,8.776,AIP-exact
1873005619695027200,314.69604431294647,39.16495817994488,0.19796622529248525,191.52542372881356,0.23011983571417985,10.512086161598894,20.48490566037736,10.340000000000002,0.9569083768301064,1.001253,True,True,290.80145,13.803,13.638,10.288,7.557,AIP-exact
1877307738109329664,339.0216295843981,24.88697689888738,0.08901727878085955,171.18644067796612,0.1833324376267034,12.05906898828676,5.71421052631579,4.128136882129278,0.8191207831538444,1.0191522,True,True,198.44904,14.505,14.252,11.523,8.517,AIP-exact
1900284468816836608,331.8662533351338,34.222819206451135,0.0897041632172893,140.67796610169492,0.13540030931526834,13.043692646974026,3.8228873239436627,3.809473684210527,0.8993121764552895,0.9501903,True,True,124.14907,13.91,13.638,12.11,8.561,AIP-exact
1904806283403983616,340.0258752162203,37.37555912609322,0.09116271176587117,171.18644067796612,0.10787105198966634,10.906183038993072,8.225,4.542677824267783,0.8497890796550538,1.0404359,True,True,206.03528,13.747,13.558,11.195,8.271,AIP-exact
1909405982921027584,337.47940372710184,40.61290861283632,0.0766205391060024,191.52542372881356,0.11636163857357301,10.77283065439157,7.700000000000002,3.7437931034482763,0.8961276708183392,1.0659102,True,True,262.55692,13.901,13.758,11.116,8.519,AIP-exact
1909420723248820352,337.8603723184381,40.643341350217845,0.1472820829286162,181.35593220338984,0.3625630486550966,11.260823600758634,12.925,9.440869565217392,1.04253475508222,1.0106076,True,True,246.38603,14.05,13.845,10.073,7.04,AIP-exact
1909420727547973248,337.8618292676391,40.64994753329649,0.11227324186778159,181.35593220338984,0.24823268762177775,10.416541265458847,11.309375000000001,8.351538461538462,0.8519712068201906,1.0422,True,True,261.5022,13.664,13.536,10.219,7.233,AIP-exact
1911293092768289280,348.43098491907546,33.441841769683826,0.12582803689085584,140.67796610169492,0.1,9.95407572422365,4.360240963855422,3.6432885906040275,0.8658592913077295,1.0585017,True,True,267.60428,13.557,13.399,11.847,8.575,AIP-exact
1933722679003739648,339.3938998034829,43.08428695958627,0.0981254639447915,150.84745762711864,0.12552052364172658,13.030577010869592,4.60042372881356,3.8228873239436627,1.066969008725634,0.99349993,True,True,132.33417,13.893,13.634,11.961,8.594,AIP-exact
1940311369290981376,354.31710854837394,48.45936875089529,0.13463240986302435,161.01694915254237,0.15755401855293244,10.249268003639731,6.743478260869566,5.483333333333333,0.8593017484803729,0.9875601,True,True,272.6134,13.857,13.739,11.142,8.027,AIP-exact
1947466578650198912,326.9151568439455,34.20150785327545,0.16008288094240686,140.67796610169492,0.1,10.90686216890006,3.606976744186047,3.7181506849315076,1.0058624826922888,1.0449036,True,True,258.745,13.858,13.612,12.35,8.747,AIP-exact
1952931112781008128,327.7893407187258,37.89220654798755,0.07743603849542738,150.84745762711864,0.2888476227919195,11.735830101842469,3.991544117647059,4.1438931297709924,0.8418161265505398,1.0119114,True,True,296.3544,15.132,14.881,11.954,8.513,AIP-exact
1959477025196872320,328.09313829625904,40.70069701993851,0.18865873316105672,120.33898305084746,0.1,9.550348393334218,3.9194945848375453,5.483333333333333,0.8506237838927799,0.9865469,True,True,255.9751,12.835,12.777,12.069,7.97,AIP-exact
1965070167828672640,317.95226020290147,38.7013733057251,0.0879789836818169,171.18644067796612,0.19776262910622383,11.486878611565102,7.436301369863015,3.667905405405406,0.8892468304865957,1.0008619,True,True,276.81134,14.528,14.401,11.619,8.45,AIP-exact
1966840484626886528,324.9276661257656,42.47364232992727,0.08429929260300614,181.35593220338984,0.24823268762177775,11.469169829290053,8.351538461538462,5.9327868852459025,0.8625758422020418,0.99634975,True,True,220.71794,14.172,14.198,10.698,7.863,AIP-exact
1967614403379881984,323.31151731400206,42.93230073762048,0.07067691964390295,130.50847457627117,0.1,11.322583027398606,3.948,3.7697916666666673,1.042596871768646,1.007938,True,True,178.3787,13.522,13.346,12.146,8.619,AIP-exact
1967775554851509504,324.2546959624983,43.72753372394334,0.12029301315618729,171.18644067796612,0.12552052364172658,10.780365320027347,5.71421052631579,3.5831683168316837,0.8792656752492174,0.9406714,True,True,298.51196,14.131,13.991,11.691,8.66,AIP-exact
1970808111003662720,321.10698999326274,44.32665348309656,0.15948039346804227,150.84745762711864,0.1,9.95119764462697,5.868648648648649,3.5831683168316837,0.8076461716791948,1.0107527,True,True,279.52295,13.456,13.338,11.589,8.646,AIP-exact
1971476850283205120,319.1921874296946,43.93441083805555,0.06021838978498663,181.35593220338984,0.11636163857357301,10.919488998579666,9.960550458715597,5.1947368421052635,0.9943069679383222,0.97691166,True,True,246.68242,14.081,13.956,11.388,8.56,AIP-exact
1971505063938040320,319.576262322217,44.12869095760341,0.11322998536792378,140.67796610169492,0.1,10.238614100820886,5.775,4.912669683257919,0.7986221074300468,0.97470194,True,True,280.05774,13.549,13.478,11.98,8.461,AIP-exact
1972919581341116800,326.12370950768576,43.577482304073854,0.041956274423601406,171.18644067796612,0.23011983571417985,11.850975684702913,5.868648648648649,3.655555555555556,0.9486149350027308,1.1506902,True,True,286.72784,14.966,14.812,11.754,8.579,AIP-exact
1974176980273662208,326.27938922980445,45.896195367271815,0.10691972470945427,161.01694915254237,0.1,10.069397394007733,5.90054347826087,4.081578947368421,0.9258773773639748,1.0011683,True,True,259.23517,13.547,13.484,11.422,8.48,AIP-exact
1976049998326978944,328.581396284591,47.41802071515205,0.047403214170141234,191.52542372881356,0.1833324376267034,10.472473738355035,8.416279069767443,3.8363957597173153,1.0549977693816457,0.9632612,True,True,271.09534,13.821,13.714,10.488,7.811,AIP-exact
1988037075947296640,339.4510194024743,50.08225624366804,0.0865490999295603,161.01694915254237,0.24823268762177775,12.445083865836532,10.540776699029127,7.700000000000002,0.9307005808532334,1.0157977,True,True,149.38742,14.065,13.992,11.049,7.758,AIP-exact
1994405206777823104,354.9953908360148,54.75123671499452,0.15524688880829043,140.67796610169492,0.1,10.50030532341354,7.645774647887325,3.8228873239436627,0.8868377424690279,1.0099031,True,True,236.37086,13.77,13.691,11.867,8.691,AIP-exact
1997539162815187200,355.86487915233045,55.96374009475191,0.09241369915000303,150.84745762711864,0.10787105198966634,10.861919447646962,5.6546875000000005,3.7437931034482763,1.8415985486558637,1.0329217,True,True,293.3746,14.21,14.052,12.214,8.909,AIP-exact
1997566096551243136,354.5365608293889,55.824658670148885,0.056175430558395106,171.18644067796612,0.15755401855293244,11.73382517997507,9.047500000000001,3.705460750853243,0.8110484304989167,1.0098702,True,True,242.17715,14.412,14.398,11.693,8.735,AIP-exact
1997790877959364992,354.1758801548736,56.21207830547317,0.10404611665673227,171.18644067796612,0.13540030931526834,11.267269125952785,12.479310344827589,6.133898305084747,0.9464119891554983,0.90201104,True,True,192.59534,13.772,13.705,11.16,8.181,AIP-exact
1997873036393836544,354.9161174888848,56.95433719255037,0.13994758141624217,222.03389830508473,0.1,11.46665721189121,13.743037974683546,3.606976744186047,0.889784425373595,1.0090542,True,True,215.86377,13.771,13.588,11.191,8.991,AIP-exact
1997884065863339392,355.6825321658779,56.9592911409816,0.06998352419370873,181.35593220338984,0.1833324376267034,12.951473525729421,9.960550458715597,4.890540540540541,0.7450905086107525,1.0435892,True,True,184.05037,14.588,14.538,11.659,8.741,AIP-exact
1998327409574369280,357.4898329018911,57.92562323583152,0.11056387135686421,191.52542372881356,0.1833324376267034,12.238800538479486,16.9640625,5.455778894472362,0.8213768957683073,1.033685,True,True,160.55894,14.069,13.959,10.862,8.225,AIP-exact
1998793529483860608,352.958312933428,57.14876162952947,0.07483950709573631,140.67796610169492,0.1,11.082182370348903,5.744444444444445,4.825333333333334,0.9331429839548182,0.9892208,True,True,204.38185,13.683,13.574,12.045,8.537,AIP-exact
1998871526087430144,353.55342301135965,57.76096651971425,0.18988850925096148,161.01694915254237,0.1,11.24450253110339,5.4285000000000005,3.8228873239436627,0.8862045964428139,0.99895227,True,True,251.33102,14.509,14.381,12.201,9.125,AIP-exact
1999210484906013312,358.7101009004033,58.83766481414705,0.18418326772983215,191.52542372881356,0.24823268762177775,10.681247519945025,16.9640625,11.80108695652174,0.8402739094381815,1.0686046,True,True,275.03787,13.769,13.646,10.253,7.535,AIP-exact
1999263433265353728,358.8200592376181,59.02605333886656,0.11020255978254813,171.18644067796612,0.15755401855293244,12.227051791841488,4.782819383259913,4.1438931297709924,1.0211241646938056,0.9595659,True,True,174.36473,14.324,14.189,11.481,8.529,AIP-exact
2001273031294810752,334.4617235118236,52.42760662518916,0.05549340897323035,150.84745762711864,0.1,11.509216766762638,6.915286624203822,5.744444444444445,1.0629199556277975,1.0582743,True,True,136.8855,12.963,12.855,11.144,7.895,AIP-exact
2003797235104671488,344.15028163641705,56.28745679918114,0.1861306358126883,211.864406779661,0.23011983571417985,11.632016034831548,12.337500000000002,5.1947368421052635,0.9561342568966972,1.1099949,True,True,296.67093,14.566,14.408,11.026,8.49,AIP-exact
2003902861244718464,341.2241029450136,55.84249389052464,0.131504888277051,181.35593220338984,0.1,11.10592359215384,9.35948275862069,4.159770114942529,0.989520986822932,1.0051222,True,True,181.94406,13.452,13.286,11.053,8.61,AIP-exact
2005822604241027328,333.8618389983781,54.88860195522622,0.08721794231241009,150.84745762711864,0.26777121151983396,13.282428330673271,4.395546558704454,4.360240963855422,0.7947227037058322,1.0425014,True,True,175.79533,14.819,14.801,12.016,8.519,AIP-exact
2006101880195979520,333.5469174665523,55.6534965345912,0.14590291659325952,232.20338983050846,0.31158296935278684,12.41864095437645,8.48203125,4.659656652360515,0.7738064910173208,1.0547601,True,True,240.71625,14.659,14.57,10.562,8.336,AIP-exact
2006178747239848064,333.6970811749955,55.989202431338256,0.12630072079291307,181.35593220338984,0.1,10.565817176039243,9.35948275862069,4.741048034934498,0.9239831938265229,0.9866223,True,True,235.43475,13.782,13.691,11.216,8.635,AIP-exact
2006246916957216128,335.0120756742496,56.57542173560404,0.11732042042595252,344.06779661016947,0.1,12.189903808200576,7.983088235294118,6.239655172413794,0.957676730922015,0.982771,True,True,84.84066,12.588,12.47,9.706,8.242,AIP-exact
2006247668565315584,335.00782670929675,56.58349913680885,0.1432231241356073,252.54237288135593,0.2888476227919195,12.297736840705916,10.43942307692308,4.720434782608696,0.9599451590567932,1.1980469,True,True,231.51921,14.592,14.501,10.439,8.448,AIP-exact
2006641744710407040,337.1594619857887,55.316233308602335,0.06196457098710703,211.864406779661,0.15755401855293244,11.175291392354257,7.335810810810812,3.8637010676156582,0.9141027091770294,1.0067049,True,True,244.75035,14.027,13.98,10.704,8.396,AIP-exact
2006707985976678912,336.9680724937722,55.63611386449292,0.16424750878831273,191.52542372881356,0.1,10.325128268121633,10.052777777777779,3.680338983050848,0.8381376366929569,0.9699862,True,True,228.21046,13.492,13.386,10.905,8.66,AIP-exact
2007170399349654144,342.8956816651696,57.70229373129364,0.09885372300640693,181.35593220338984,0.3625630486550966,12.62434504135378,5.2960975609756105,5.567692307692308,0.8388703054360723,1.0523288,True,True,213.23122,14.999,15.024,11.004,8.148,AIP-exact
2007444319479312000,341.9917758052646,58.5252407204192,0.19552134471305493,161.01694915254237,0.1,9.649842692008502,11.674193548387098,4.720434782608696,0.9829433749034253,1.0137085,True,True,225.50546,12.697,12.561,10.583,7.962,AIP-exact
2007922813194430336,337.5983980199014,57.778467329317536,0.16461435820733197,161.01694915254237,0.1,10.85272960766014,6.349122807017544,3.5831683168316837,0.917430870833983,1.0172923,True,True,227.88098,13.922,13.805,11.629,8.732,AIP-exact
2008476520372191616,341.45179246770994,59.28601277984168,0.12888314821410804,201.6949152542373,0.1,10.673027111219106,14.285526315789475,5.71421052631579,0.9050224795126537,1.0880802,True,True,179.00377,13.143,12.995,10.52,8.26,AIP-exact
2008508096972217216,341.77105399836506,59.61357668205787,0.18509677390051274,161.01694915254237,0.1,10.1581095962278,9.693750000000001,4.504979253112034,0.8554049001409285,1.0129771,True,True,227.00848,13.372,13.255,11.192,8.556,AIP-exact
2009595273449670656,349.73477579761726,57.52878028789405,0.03770772127111525,130.50847457627117,0.12552052364172658,9.947834298280188,9.870000000000001,9.781081081081082,0.9597438366441609,0.9634226,True,True,187.33794,12.69,12.514,11.046,7.263,AIP-exact
2009598808203234176,350.0341854163097,57.71238593980344,0.12706450538052638,140.67796610169492,0.3361078268614909,11.106017732415573,10.052777777777779,11.55,0.9701391831803254,1.1041123,True,True,244.27963,14.035,13.857,11.192,7.284,AIP-exact
2009670723136043520,350.3025263200993,58.08514660850789,0.14587405552684102,201.6949152542373,0.1,11.670962094355325,8.755645161290323,4.912669683257919,1.0115906891850661,0.99952674,True,True,142.32303,13.401,13.233,10.752,8.507,AIP-exact
2009671788287992960,350.2612461212406,58.13240200115288,0.06715388078321903,211.864406779661,0.3625630486550966,11.248515931755279,20.48490566037736,10.24245283018868,0.925698703078531,0.9769394,True,True,275.32333,14.493,14.431,9.967,7.637,AIP-exact
2009686013220254720,349.94413346453507,58.25500915312159,0.0838315790474275,222.03389830508473,0.31158296935278684,12.203367756879208,11.80108695652174,3.6432885906040275,0.7084208336499238,0.99817514,True,True,266.3339,15.024,14.978,10.76,8.535,AIP-exact
2009703502328201600,350.98460292085645,58.44883427087888,0.13532366707082777,201.6949152542373,0.21332862845930578,10.914761812392085,16.703076923076924,10.052777777777779,0.8956365913427674,0.967457,True,True,219.68097,13.956,13.753,10.178,7.694,AIP-exact
2009986802674006528,347.17092570021293,57.64492348646552,0.1398926892110827,150.84745762711864,0.12552052364172658,11.737584613256242,5.59639175257732,4.1438931297709924,1.109572984066545,1.0441887,True,True,181.81013,13.674,13.566,11.654,8.307,AIP-exact
2010223884868418304,347.2907106391512,58.52866842961679,0.101294017083524,222.03389830508473,0.19776262910622383,10.566491349737472,11.80108695652174,7.700000000000002,0.8316882253174704,1.0080242,True,True,240.2836,13.509,13.388,9.886,7.588,AIP-exact
2010331396486734336,348.73422799102167,57.91694805105849,0.08491026539294624,171.18644067796612,0.3625630486550966,11.060587417556668,7.924817518248175,9.20084745762712,0.8996644168873675,1.0117505,True,True,286.76102,14.352,14.286,10.494,7.251,AIP-exact
2010421345981573760,348.75292090160247,58.55937542522943,0.042919585180436454,181.35593220338984,0.3625630486550966,12.47155390326406,15.29154929577465,11.80108695652174,0.9635741380944596,1.0551589,True,True,149.37758,13.973,13.896,9.999,7.135,AIP-exact
2010423613722855296,348.54507277304583,58.565137838159785,0.10398022021833372,242.3728813559322,0.1833324376267034,10.986958646147443,13.91923076923077,5.170000000000001,0.9347312176734789,0.9643857,True,True,245.78064,13.81,13.724,10.218,8.195,AIP-exact
2010426396863149696,348.9812086349186,58.58958740430558,0.1092832652736499,171.18644067796612,0.1,10.613379865179933,6.915286624203822,5.868648648648649,1.817546460863232,0.99974287,True,True,160.42514,12.665,12.507,10.358,7.503,AIP-exact
2010446394230267776,350.26020688170894,58.508378419746535,0.19103459051412058,181.35593220338984,0.26777121151983396,12.812174917843235,7.335810810810812,12.337500000000002,1.0853395228487879,1.200098,True,True,135.80852,13.685,13.533,10.416,7.386,AIP-exact
2010610122684361344,347.9978458570666,58.80940105984918,0.05994330804581725,222.03389830508473,0.3361078268614909,10.608815120016487,14.100000000000001,5.374752475247525,0.8473007258029669,0.9882988,True,True,270.59027,13.984,13.934,9.574,7.265,AIP-exact
2010626821517966464,349.06935702510606,58.98769803052148,0.12411516251539427,140.67796610169492,0.1,10.872344259532575,4.761842105263158,4.449590163934427,0.9442520512010253,0.99947965,True,True,173.1442,13.065,12.937,11.489,8.23,AIP-exact
2011263846765077760,352.57642906964725,59.249727530145016,0.1436633413046426,222.03389830508473,0.1,9.56182888062077,10.24245283018868,7.645774647887325,0.8868257528533089,1.0856416,True,True,219.0974,12.482,12.365,9.654,7.443,AIP-exact
2012025297228302976,352.6752713716552,59.55167348161923,0.15735250308261114,191.52542372881356,0.1,9.551975645902996,14.671621621621624,7.004516129032258,0.8916529860459075,1.0111809,True,True,273.67194,12.983,12.931,10.446,7.92,AIP-exact
2012074770951735936,351.5536189681752,59.6901156697318,0.1110858516841122,150.84745762711864,0.13540030931526834,10.738910439512402,4.1125,3.991544117647059,0.7655157339001547,1.0094076,True,True,293.87207,14.376,14.272,12.128,8.65,AIP-exact
2012222792706289280,354.0380689690428,60.6060129915586,0.14490121198129974,211.864406779661,0.19776262910622383,11.497461809726548,12.479310344827589,4.561764705882354,1.8284167239859244,1.2799038,True,True,281.11307,14.379,14.211,10.977,8.464,AIP-exact
2012371883913105920,352.26744790130715,60.55868696184337,0.04460183506229391,222.03389830508473,0.14605773805564215,10.693532139801608,8.899180327868853,6.204000000000001,0.9798678974797839,0.99450916,True,True,186.05107,13.184,13.085,9.798,7.536,AIP-exact
2013226994725430784,344.9614303380091,58.54036263903588,0.18564782108178118,161.01694915254237,0.15755401855293244,10.152255395289828,8.48203125,7.700000000000002,0.8747642703537297,1.0165758,True,True,288.97623,13.474,13.39,10.943,7.747,AIP-exact
2013295263219643904,346.7148605796173,58.8379458814138,0.07435232105778498,191.52542372881356,0.13540030931526834,10.65188591205288,5.62538860103627,5.483333333333333,0.8992514547720033,1.0193133,True,True,236.18658,13.628,13.541,10.65,8.08,AIP-exact
2013416827975945984,343.4578571055055,58.71047937127767,0.07303175883432546,171.18644067796612,0.12552052364172658,12.22028635248193,7.286577181208055,4.486363636363637,0.8844509910153112,1.0232491,True,True,151.29582,13.825,13.818,11.333,8.352,AIP-exact
2013761323002939008,346.8981788888293,59.57790677447839,0.040045326101379064,232.20338983050846,0.1833324376267034,11.018986418074093,11.309375000000001,5.567692307692308,0.8612626854736894,1.0553008,True,True,245.17722,14.016,13.952,10.402,8.236,AIP-exact
2014006033066693888,348.5688340966057,60.56820439799177,0.074242120482767,191.52542372881356,0.13540030931526834,10.29199585220067,4.360240963855422,6.239655172413794,0.9587411006239968,0.987652,True,True,237.74513,13.354,13.25,10.456,7.834,AIP-exact
2014082891501495936,347.7249282352161,60.88038237001015,0.07637240739175384,191.52542372881356,0.19776262910622383,10.40110968230352,13.571250000000001,7.755,0.8919148023964965,1.0185429,True,True,260.84665,13.766,13.799,10.391,7.681,AIP-exact
2014275924509846656,343.6806152819541,59.49078261329596,0.09568747112218903,181.35593220338984,0.42188430427737117,11.858857414628375,5.805882352941177,7.335810810810812,0.8275446110425022,1.1334822,True,True,287.0784,15.005,14.975,10.721,7.749,AIP-exact
2014357223951605888,344.2375130427267,60.15795686320692,0.18939574286230818,161.01694915254237,0.1,9.33475500307321,10.43942307692308,6.133898305084747,1.3418684686671605,1.0941687,True,True,238.65965,12.85,12.774,10.572,8.014,AIP-exact
2014721329799061248,345.8728605498042,61.34411756503569,0.039736839738313615,181.35593220338984,0.26777121151983396,11.309513433114601,9.523684210526316,15.966176470588236,0.9549331457666879,1.0007068,True,True,170.98189,13.524,13.393,9.845,6.981,AIP-exact
2014998376670265216,349.67034143037466,62.000473746976176,0.10214762803902817,201.6949152542373,0.1,9.918341905542508,20.105555555555558,9.960550458715597,1.0230544584485783,1.0171704,True,True,188.53432,12.526,12.341,9.912,7.492,AIP-exact
2015025830100621824,349.020875189356,62.03953826433347,0.1952900067398452,323.728813559322,0.1,9.683842178386108,7.810791366906475,4.60042372881356,1.0002319258732209,0.948705,True,True,251.92262,12.767,12.713,10.013,8.287,AIP-exact
2015240574164797184,348.5536872835679,62.31097777836165,0.047106154281514594,161.01694915254237,0.14605773805564215,11.641889189947564,6.660736196319019,6.743478260869566,1.1735886869023868,1.0735412,True,True,170.30028,13.696,13.609,11.296,7.97,AIP-exact
2015452745550269952,351.24859102127243,61.22420117282756,0.02997872196011301,171.18644067796612,0.14605773805564215,10.88559251083839,10.857000000000001,8.972727272727274,0.8915819551531639,1.016665,True,True,179.65392,13.229,13.089,10.545,7.451,AIP-exact
2015504564339161472,353.6051439315006,61.397345269550485,0.19724265097612498,201.6949152542373,0.42188430427737117,12.85752750844688,12.337500000000002,5.244927536231885,0.8054948398506588,1.0309999,True,True,218.74065,15.247,15.371,10.585,8.171,AIP-exact
2015539542553523072,354.6328348656892,61.73678263414964,0.18202763208839925,150.84745762711864,0.1,10.131921081164148,11.674193548387098,6.58,0.9300044588974816,1.0309179,True,True,196.65083,12.904,12.783,11.009,8.203,AIP-exact
2015771195911625344,351.7445581307207,62.334466813985465,0.059437072023246516,161.01694915254237,0.10787105198966634,9.815181594427084,7.755,6.168750000000001,0.7896293957712944,1.0034446,True,True,299.2516,13.601,13.511,11.303,8.21,AIP-exact
2016189285210084992,358.86728844567835,63.76607250273961,0.12332969834101683,201.6949152542373,0.10787105198966634,10.007733316044064,10.340000000000002,6.701851851851853,0.8701603210169963,1.0091349,True,True,295.19727,13.486,13.459,10.775,8.281,AIP-exact
2016453472931015296,358.87367677436544,64.3230950951556,0.0748617198478944,191.52542372881356,0.24823268762177775,11.766506946494271,8.416279069767443,5.62538860103627,0.84867074339836,0.9979115,True,True,251.07034,14.521,14.459,10.957,8.338,AIP-exact
2016460516677876096,359.488166931644,64.43021337923292,0.07864252983600073,222.03389830508473,0.3361078268614909,12.81435338212665,8.287786259541985,5.868648648648649,0.7810333038947722,1.0578518,True,True,179.9797,14.485,14.336,10.305,7.964,AIP-exact
2017523297743494144,359.84986943103206,65.77246981591462,0.08665147261539134,171.18644067796612,0.1,13.110299491021658,8.287786259541985,3.655555555555556,0.9775456594563107,0.93475723,True,True,122.544014,13.937,13.843,11.757,9.011,AIP-exact
2021763293782822400,296.3209186519679,26.162485717281974,0.043619711372128736,161.01694915254237,0.19776262910622383,10.53769218297853,7.050000000000001,6.168750000000001,0.83815969735849,0.91565377,True,True,250.2187,13.817,13.694,10.891,7.672,AIP-exact
2021892692580340480,294.74583551636186,25.946595648674837,0.15341362465554578,161.01694915254237,0.1,9.816620583380129,11.55,4.8039823008849565,0.8382313535620155,1.0127738,True,True,219.66855,12.98,13.06,10.675,7.931,AIP-exact
2026629560439421568,298.3275437565902,24.884698655350437,0.05753658549152428,140.67796610169492,0.10787105198966634,9.208851373005569,6.959615384615385,6.168750000000001,0.7607285634508244,1.0012852,True,True,275.5016,12.831,12.901,11.195,7.496,AIP-exact
2028466462097073280,299.0096679478318,28.38737422695479,0.11517393138865688,201.6949152542373,0.31158296935278684,11.391430526866177,17.511290322580646,9.123529411764707,0.9393972539468757,0.9459775,True,True,185.57578,13.73,13.955,9.631,7.064,AIP-exact
2031056537863493376,300.6667425653996,31.90946615950792,0.19068803747674382,181.35593220338984,0.1,9.789951480762248,11.42842105263158,4.761842105263158,0.8751117244645745,1.0250477,True,True,247.629,12.922,12.965,10.662,8.261,AIP-exact
2034295011942918528,298.439125875778,32.59928664114262,0.14535128788402077,171.18644067796612,0.1,10.281975494595965,9.27948717948718,4.051119402985075,0.9713643762224052,1.0614018,True,True,199.45857,13.037,13.065,10.774,8.127,AIP-exact
2034717980315384832,296.9676567120235,32.633743035402624,0.17529499828040543,140.67796610169492,0.1,9.479735406977834,7.238000000000001,4.5810126582278485,0.9157518475611187,0.9827951,True,True,281.69836,13.225,13.223,11.55,8.451,AIP-exact
2034898089747242112,296.16198658656543,33.03756004346548,0.1304950912830363,181.35593220338984,0.15755401855293244,11.52596899031518,6.239655172413794,4.449590163934427,0.9961796182634618,1.0694574,True,True,235.4197,14.097,13.989,11.375,8.406,AIP-exact
2035198879202636800,298.2610921601059,34.04013071708987,0.045938409787779765,191.52542372881356,0.24823268762177775,11.24886407036436,8.287786259541985,4.377822580645161,0.8964517415322018,1.0026323,True,True,268.04517,14.396,14.315,10.719,8.1,AIP-exact
2035349542334861056,297.5329593535868,33.732308977913235,0.06168921082536481,211.864406779661,0.10787105198966634,10.88065308107095,8.548818897637796,3.667905405405406,0.9480819454952206,1.0048945,True,True,245.87444,13.903,13.866,11.048,8.708,AIP-exact
2035397439800855168,297.9208913022981,34.32009523129189,0.04610775334578523,181.35593220338984,0.14605773805564215,10.999124581617327,9.523684210526316,5.21971153846154,0.9560389685936249,0.9849054,True,True,246.1133,14.018,13.933,11.184,8.278,AIP-exact
2045749925898741760,293.79526715918325,33.96691985027038,0.09841763279587977,211.864406779661,0.21332862845930578,10.22225827511122,23.60217391304348,9.35948275862069,1.3969411832406604,1.1131704,True,True,266.42535,13.545,13.429,9.84,7.343,AIP-exact
2046347342974141056,292.3125449175557,33.17113553428695,0.11722581079587223,130.50847457627117,0.1,11.963050958133786,3.6311036789297666,3.796153846153847,0.9815810866999917,1.0249786,True,True,129.1098,13.38,13.234,11.925,8.58,AIP-exact
2046372837900640384,292.8697576669106,33.49650296337011,0.09247727479160138,130.50847457627117,0.1,11.769673464650332,4.679741379310345,3.809473684210527,0.8963392172901575,1.0037599,True,True,137.10753,13.314,13.139,11.954,8.498,AIP-exact
2048033027427125120,293.77691172154186,34.59009591203699,0.09052555728824759,181.35593220338984,0.1,11.431606571243767,9.781081081081082,4.274409448818898,1.0938664200313712,0.9870018,True,True,168.74802,13.41,13.286,11.104,8.499,AIP-exact
2050821251479912960,288.3102821044604,36.95157764110704,0.11107200893643901,140.67796610169492,0.39110057471005855,12.685811098924145,4.036059479553903,4.308333333333334,0.8074664024790712,1.0963129,True,True,233.00368,15.235,15.32,12.058,8.331,AIP-exact
2054069178768156032,303.63365695513085,31.539029775987075,0.13719997115978,161.01694915254237,0.1,8.072707703838898,10.966666666666667,11.80108695652174,0.7006105641124667,1.065996,True,True,274.88672,12.143,12.165,9.806,7.039,AIP-exact
2054601376759954304,304.57215206271206,33.042178128082824,0.11183447083390055,161.01694915254237,0.1,9.044050247265222,14.87260273972603,12.063333333333334,0.7785055041220097,1.0097723,True,True,214.77966,12.26,12.222,10.165,7.191,AIP-exact
2054619548756352384,304.4532134276069,33.28009629239135,0.09213460008473395,232.20338983050846,0.1833324376267034,10.938475443840929,10.966666666666667,7.592307692307694,0.8864361450035936,1.0448345,True,True,193.43636,13.545,13.582,9.801,7.658,AIP-exact
2054697476641218816,304.80172730283016,33.23811713599741,0.0711630130966473,211.864406779661,0.12552052364172658,9.734693751167516,5.744444444444445,4.208139534883721,0.8607028919210675,1.0807654,True,True,255.19705,13.192,13.255,9.968,7.638,AIP-exact
2055391062323305600,303.86353502825165,33.596201897206655,0.121531942513558,161.01694915254237,0.1,9.44307569809561,5.270388349514564,4.1438931297709924,0.8968842831931789,1.0523726,True,True,274.72467,13.038,13.063,11.048,8.052,AIP-exact
2055831833355383040,303.60845070762605,34.809546070842885,0.07077206133536297,191.52542372881356,0.11636163857357301,11.458257798323237,18.71896551724138,13.91923076923077,1.314519200741776,1.047809,True,True,75.78498,11.575,11.495,8.995,6.395,AIP-exact
2055917075553627008,306.3120479160073,33.20070138801511,0.10064638496776179,191.52542372881356,0.12552052364172658,10.245029712280553,9.693750000000001,5.374752475247525,0.7506443732432133,1.0068148,True,True,252.84901,13.753,13.658,10.711,8.117,AIP-exact
2056019609324243584,306.50788686540017,33.884472252350186,0.18122490718601733,150.84745762711864,0.1,10.611784615756527,7.592307692307694,6.50119760479042,0.8376484953302766,1.0036883,True,True,140.65445,12.558,12.459,10.708,7.854,AIP-exact
2056679144501212032,308.61367928201173,35.69087250555048,0.1512719911341451,181.35593220338984,0.1,10.168879040634305,11.309375000000001,8.416279069767443,1.1042852156632466,1.0295564,True,True,136.12384,12.057,11.95,9.74,7.226,AIP-exact
2056732230299398272,308.7100177700638,36.21648222756377,0.053757908412497835,252.54237288135593,0.15755401855293244,10.872397680715514,8.351538461538462,5.401492537313433,0.891071071209307,1.055465,True,True,226.04654,13.653,13.616,10.166,8.248,AIP-exact
2056782769164028928,307.7592686798051,35.578502157823074,0.12700714282320505,211.864406779661,0.21332862845930578,13.837604267409407,16.45,6.3122093023255825,0.9530857274074132,1.0453305,True,True,84.47639,13.385,13.203,10.041,7.628,AIP-exact
2056929347807268096,308.4682737748335,36.48276437869808,0.15375121220366092,181.35593220338984,0.23011983571417985,12.185918241358959,3.850000000000001,6.424260355029586,0.9183322314069599,0.9755549,True,True,201.18257,14.506,14.563,11.061,8.157,AIP-exact
2057331150588685824,304.5234782589468,35.54419124153217,0.17148042372101388,211.864406779661,0.2888476227919195,11.578131512454682,9.781081081081082,4.679741379310345,0.8017021466585355,1.0494435,True,True,242.53549,14.523,14.862,10.381,8.051,AIP-exact
2057609846726907520,306.5006541828668,36.12866230861544,0.03914135379856435,211.864406779661,0.10787105198966634,9.627028535094617,11.674193548387098,7.436301369863015,0.9044574471645617,0.9479498,True,True,236.38673,12.943,12.911,9.934,7.616,AIP-exact
2058054251279944960,306.95324944972486,37.94970147626178,0.19929060530482723,150.84745762711864,0.1,10.545852765419856,5.744444444444445,3.850000000000001,0.7873124875605998,0.9817752,True,True,192.78305,12.952,12.914,11.256,8.345,AIP-exact
2058580956024009984,301.0242820112389,34.57466068871753,0.07338155568103186,181.35593220338984,0.2888476227919195,10.42186267680328,8.225,7.983088235294118,0.8247821080163102,0.98019904,True,True,280.10913,13.94,14.02,10.079,7.305,AIP-exact
2058647648278524928,300.73578335617265,34.85629309064998,0.11318999061647834,140.67796610169492,0.1,11.887585132359114,3.705460750853243,6.239655172413794,0.9182721427556814,0.9561804,True,True,112.83566,12.841,12.785,11.286,8.132,AIP-exact
2059037459520163328,302.27969333392167,35.732567180421384,0.16931511659897436,191.52542372881356,0.1,9.457232449787801,10.540776699029127,5.455778894472362,0.9382826052626291,1.1590364,True,True,279.46454,12.937,12.979,10.362,7.719,AIP-exact
2059605563411760640,298.9858521767453,35.55646810336373,0.10040131797302762,150.84745762711864,0.16995517726504228,12.770448869867128,4.486363636363637,3.809473684210527,0.9328569468734967,0.9922194,True,True,147.10161,14.166,14.261,11.857,8.537,AIP-exact
2060000906585141888,301.4857838289828,36.95844058946676,0.09765815949569771,171.18644067796612,0.1,9.327622311345053,5.539285714285715,6.660736196319019,0.7899495749772906,1.0460755,True,True,295.2144,13.357,13.385,10.869,8.093,AIP-exact
2060161259157052928,300.7345727416251,37.116053504368274,0.14239463813058792,222.03389830508473,0.21332862845930578,11.758274192240657,13.240243902439024,3.7437931034482763,1.132224784894148,1.2861246,True,True,279.37823,14.866,14.838,11.009,8.813,AIP-exact
2060162466090597632,300.8742884654046,37.18186553934528,0.0508286769696197,191.52542372881356,0.2888476227919195,10.40558731719387,8.548818897637796,13.240243902439024,0.8169287953774921,0.98237365,True,True,238.02202,13.449,13.411,9.624,6.879,AIP-exact
2060238465488491648,300.40884723418645,37.71598059764324,0.15866858449636484,191.52542372881356,0.21332862845930578,10.447254973496294,11.07857142857143,9.781081081081082,1.0565441482952938,0.96676177,True,True,270.00674,13.637,13.62,10.261,7.512,AIP-exact
2060285680066381184,301.0784864428365,37.75692999221673,0.1477975430813681,211.864406779661,0.4909114893418676,12.655052114070902,16.2044776119403,5.0032258064516135,0.8845697247023686,0.97298646,True,True,187.77777,14.739,14.973,9.786,7.539,AIP-exact
2060297259333176448,301.13676733355754,37.75793575741376,0.10087563991826105,171.18644067796612,0.1,10.819292507959709,15.966176470588236,13.080722891566266,0.9749707323379164,1.0068749,True,True,130.91364,12.356,12.285,10.171,7.214,AIP-exact
2061152846848753536,306.384760248428,38.81208492766764,0.07112340829810078,161.01694915254237,0.3361078268614909,12.052209871522729,9.870000000000001,10.857000000000001,0.9037722605747526,0.9947534,True,True,147.05264,13.808,13.743,10.306,6.978,AIP-exact
2061753455073401088,302.4951394746586,38.64879757543101,0.16081428430572314,232.20338983050846,0.19776262910622383,10.851938351135084,12.624418604651165,4.4679012345679014,0.8976808916868392,1.0252699,True,True,268.36145,13.837,13.757,10.2,8.03,AIP-exact
2061907764666397312,301.3060343148127,38.926471065199806,0.13815328797827414,161.01694915254237,0.1,12.467491366314485,6.7856250000000005,3.850000000000001,0.9376899495149004,0.99820673,True,True,117.72311,13.563,13.494,11.516,8.607,AIP-exact
2062436221745472128,303.4064513795931,40.51914160161866,0.0202944484305309,242.3728813559322,0.1,11.429433444022049,12.198876404494383,5.0263888888888895,1.0268401990069231,0.98835504,True,True,118.35312,12.704,12.546,9.735,7.744,AIP-exact
2062443501702022656,302.5521031935224,40.06145740058856,0.13019101372727662,211.864406779661,0.12552052364172658,10.120629641174318,7.09607843137255,5.1947368421052635,0.834418976691883,1.0074438,True,True,295.09515,13.483,13.448,10.601,8.221,AIP-exact
2062900937200509056,309.945520251246,37.38611296760583,0.1195317901121242,211.864406779661,0.13540030931526834,9.958741370632517,13.080722891566266,5.965384615384616,1.7235039485925314,0.9316121,True,True,274.70953,13.314,13.245,10.16,7.852,AIP-exact
2062960688781930624,308.72434346258524,37.036194085898174,0.18829416137393315,171.18644067796612,0.1,10.428123728289002,9.047500000000001,6.3122093023255825,1.193292461815852,0.99637437,True,True,183.05258,12.719,12.591,10.56,7.958,AIP-exact
2063147949353261056,309.0469591822352,37.75810620857414,0.04273730510889041,191.52542372881356,0.1,9.83386610555511,8.416279069767443,5.511167512690355,0.9495829153942044,1.0454581,True,True,181.93036,12.427,12.388,9.749,7.146,AIP-exact
2063308405037638528,310.4220766275367,37.95117601975308,0.08646261081233733,191.52542372881356,0.1833324376267034,12.475612733634119,5.684293193717278,5.2960975609756105,0.9714155394674127,0.9895527,True,True,126.387596,13.685,13.644,10.449,7.801,AIP-exact
2063557483072548864,310.5663673348961,38.86268234693931,0.19175164091429425,211.864406779661,0.4550910372032852,11.973361632657731,5.09718309859155,3.7829268292682934,0.8658345265122358,1.0299394,True,True,241.34576,14.947,15.162,9.851,7.645,AIP-exact
2063559471641620224,310.3526797303211,38.85028144655907,0.10720000091370632,262.7118644067797,0.13540030931526834,11.382515051249584,7.924817518248175,4.60042372881356,0.8973726191151038,1.0284711,True,True,145.24005,13.273,13.105,9.785,8.014,AIP-exact
2063559613378742400,310.3992671883613,38.85875128803841,0.0481651318170691,272.8813559322034,0.24823268762177775,12.091100157270208,11.07857142857143,5.270388349514564,0.9002566249111877,1.0103276,True,True,144.13318,13.589,13.446,9.434,7.759,AIP-exact
2063586139096620928,309.53811433643733,38.677552222940754,0.11310615281447403,211.864406779661,0.15755401855293244,11.324834785657405,11.80108695652174,12.198876404494383,1.252087443314561,1.017212,True,True,97.2505,12.024,11.882,8.829,6.443,AIP-exact
2063655545771841024,310.6838909988903,39.10538195621348,0.03937049686151474,201.6949152542373,0.1,8.82878038124137,10.43942307692308,10.340000000000002,0.8002992918098134,1.0361592,True,True,138.93745,11.174,11.114,8.326,5.822,AIP-exact
2063663929548125440,310.8414196712134,39.2789843806834,0.09208741955593477,242.3728813559322,0.1,9.650049558896933,18.40169491525424,6.828301886792453,0.9651091560182853,0.96727455,True,True,177.7583,12.253,12.124,9.383,7.336,AIP-exact
2063747973469873408,310.7661318107947,39.805807792691205,0.11855237874043309,303.3898305084746,0.1,8.998454348148652,10.052777777777779,4.191891891891892,0.7315425331960047,0.98668283,True,True,265.73486,12.498,12.387,9.448,7.779,AIP-exact
2063842939485254528,308.34265151804993,38.17416155550474,0.11698972842233778,242.3728813559322,0.39110057471005855,12.608936623318069,8.899180327868853,3.8913978494623658,0.9342713860805948,1.067407,True,True,206.56459,14.804,14.639,10.007,7.928,AIP-exact
2064476296836472576,309.3552287695409,40.06564332898552,0.06899866047922906,191.52542372881356,0.1,8.184868945909994,8.351538461538462,10.340000000000002,0.716942006628593,0.94111186,True,True,284.20755,12.334,12.358,9.533,6.998,AIP-exact
2064563330053898496,309.7810236829604,40.25191020422385,0.14134413558858155,201.6949152542373,0.21332862845930578,10.125795816734957,10.74950495049505,8.163157894736843,1.294958207834048,0.96986413,True,True,273.12436,13.479,13.403,9.865,7.254,AIP-exact
2064774122751263488,309.4451478846438,40.608415032884224,0.1346937502865184,140.67796610169492,0.4909114893418676,11.05924984239913,4.561764705882354,7.755,0.843654029628095,0.97080755,True,True,111.12568,12.697,12.436,9.03,4.997,AIP-exact
2065007670199457792,312.1966435942501,39.56321636808074,0.06540503330905666,161.01694915254237,0.12552052364172658,9.022837312386716,7.645774647887325,11.07857142857143,0.8287095013089296,1.0166806,True,True,283.7277,12.836,12.814,10.352,7.193,AIP-exact
2065085426286948864,313.3966648988582,40.07278936398357,0.11561115924812218,191.52542372881356,0.1,11.91516156583992,8.042222222222222,5.21971153846154,1.1116919891664006,0.97530776,True,True,126.38423,13.411,13.29,10.806,8.249,AIP-exact
2065132396050482816,312.5001356528498,40.26509941325271,0.12744209605062892,262.7118644067797,0.1,9.415309405673105,14.285526315789475,3.6432885906040275,0.8583778438833143,1.0294051,True,True,280.10852,12.969,12.937,10.156,8.226,AIP-exact
2065370573449961600,312.8052492967733,41.05479686570567,0.10291371217469059,181.35593220338984,0.12552052364172658,10.779283650567972,5.775,4.720434782608696,0.8922156069530928,1.0061535,True,True,224.63461,13.814,13.803,11.016,8.173,AIP-exact
2065388616613489408,312.4567361312168,41.12243630698532,0.0648798103662934,171.18644067796612,0.10787105198966634,10.423437333533485,5.567692307692308,5.1947368421052635,1.1456518111127305,1.0945876,True,True,209.50063,13.247,13.161,10.84,7.847,AIP-exact
2065621060243402880,314.4371234370049,41.53754772083581,0.12486752390249037,181.35593220338984,0.12552052364172658,10.848615840283681,4.761842105263158,3.606976744186047,0.8715129317699513,1.0270373,True,True,270.55878,14.129,14.237,11.451,8.619,AIP-exact
2065626592161354880,314.0176480042718,41.38558273924137,0.14885163668826332,181.35593220338984,0.1,9.8003517256216,15.966176470588236,13.403703703703705,1.0935312434584987,1.0140561,True,True,159.36981,11.9,11.835,9.627,6.822,AIP-exact
2065700014622949248,313.7447113452603,41.92432341600329,0.1806557199029482,222.03389830508473,0.24823268762177775,12.015531220235346,10.43942307692308,6.386470588235294,0.8801462320359573,0.94429976,True,True,137.08589,13.736,13.538,9.758,7.512,AIP-exact
2065744922799253504,312.8761513676414,41.04121194129471,0.07691969180245434,272.8813559322034,0.1833324376267034,11.069083310021039,11.674193548387098,3.9336956521739133,0.893906013633065,1.0963539,True,True,228.74275,13.73,13.745,9.947,8.307,AIP-exact
2065762175686506112,313.04447386544336,41.548416023936106,0.08059258129445063,293.22033898305085,0.24823268762177775,9.880687436180388,8.042222222222222,5.62538860103627,0.8813881831880518,1.0112443,True,True,288.45795,13.348,13.195,9.174,7.499,AIP-exact
2065875631542484224,312.72114920383177,42.34302497098289,0.03181366431351451,201.6949152542373,0.10787105198966634,11.895065065045987,8.899180327868853,6.349122807017544,1.1256602386937435,1.0137432,True,True,91.350975,12.422,12.283,9.736,7.294,AIP-exact
2065920814601580928,313.9433092086012,42.23176027059506,0.07619100635632896,150.84745762711864,0.1,10.588502919265052,3.7567474048442913,3.667905405405406,0.9224118240687074,1.0659015,True,True,208.55779,13.453,13.381,11.489,8.248,AIP-exact
2066181914250510208,311.5709086417572,41.42735915966962,0.04152924650931042,130.50847457627117,0.12552052364172658,10.155070371498478,4.486363636363637,3.606976744186047,0.8665261856831272,1.074165,True,True,197.19029,12.995,12.884,11.292,7.497,AIP-exact
2066389309629148544,310.0119965771548,41.75204993581744,0.10304250236996315,171.18644067796612,0.3361078268614909,10.319349035605711,14.671621621621624,11.42842105263158,0.7988522685464817,1.0493765,True,True,178.49481,12.712,12.544,8.933,5.831,AIP-exact
2066491834791925632,311.0259390494178,42.521982327871626,0.06506852061507705,232.20338983050846,0.31158296935278684,10.19761156983359,9.047500000000001,3.7437931034482763,0.7593708604326476,0.99871904,True,True,281.27756,13.749,13.708,9.31,7.159,AIP-exact
2066813618042598912,312.5570910546121,43.33450280497253,0.1614165471058364,140.67796610169492,0.1,8.864156879993487,13.403703703703705,9.693750000000001,0.8103237497331124,1.0308739,True,True,201.96254,12.176,12.122,10.472,7.234,AIP-exact
2066872025297263872,311.40797038305533,42.701806197089816,0.08147929031827832,181.35593220338984,0.31158296935278684,11.563234052211527,9.440869565217392,4.679741379310345,0.9394745528228283,1.0520512,True,True,203.9105,14.233,14.131,10.27,7.436,AIP-exact
2067036990701312128,311.8472908238157,43.902755466107735,0.18824901419537093,303.3898305084746,0.1,12.065445155335691,12.063333333333334,4.0662921348314605,0.9503586788977171,0.9956889,True,True,100.892334,12.838,12.732,10.335,8.388,AIP-exact
2067447585277487488,306.0154539501236,39.83571210565104,0.17065112410481492,181.35593220338984,0.24823268762177775,10.25955027664187,6.828301886792453,4.761842105263158,0.9617015926317936,1.0585191,True,True,292.0084,13.794,14.065,10.262,7.419,AIP-exact
2067556475586155520,306.0655544429242,40.768108234259984,0.1503026095151028,130.50847457627117,0.1,7.631970970133118,4.912669683257919,6.386470588235294,0.6991775019411804,1.0007126,True,True,278.52463,11.956,12.039,10.31,6.919,AIP-exact
2067918524146410496,309.04117870021656,41.93639336512432,0.10552661329658282,171.18644067796612,0.31158296935278684,9.069706337483325,6.620121951219512,8.351538461538462,0.9660809360753387,0.8930779,True,True,270.05084,12.758,12.741,9.012,5.908,AIP-exact
2068073692724944768,306.90199558467924,41.633664767753686,0.08173778713883324,171.18644067796612,0.14605773805564215,9.72472621068749,5.348275862068966,4.825333333333334,0.8972840101105521,1.0344709,True,True,235.54482,13.116,13.126,10.276,7.186,AIP-exact
2068108842737772672,307.23669776372907,42.03865389924713,0.059045135214887114,283.0508474576271,0.1,9.967188858166256,8.972727272727274,4.486363636363637,0.8945710324965341,1.0186901,True,True,215.3834,12.865,12.813,9.802,8.087,AIP-exact
2068558886590157184,305.6622125821349,42.52152944414212,0.1377443721657213,150.84745762711864,0.1833324376267034,9.397553674124996,3.730927835051547,10.74950495049505,0.8811951876479721,1.1974231,True,True,232.47554,12.604,12.562,10.092,6.545,AIP-exact
2068572149454557312,304.68309713593555,41.44080352793056,0.15510903902123838,161.01694915254237,0.2888476227919195,11.430314175646622,5.374752475247525,9.440869565217392,0.8083616919539669,1.030918,True,True,160.95244,13.61,13.54,10.136,6.974,AIP-exact
2068579983474988544,304.4181626028025,41.3763024290939,0.06863001854835829,140.67796610169492,0.24823268762177775,11.247773154613556,8.548818897637796,9.607964601769913,0.8970572762078398,1.0327365,True,True,174.20811,13.452,13.3,10.922,6.957,AIP-exact
2068594242766511744,304.45050385574154,41.7138520128883,0.15454743242395746,110.16949152542372,0.1,8.034542704924391,5.244927536231885,5.0032258064516135,0.7001022680810475,0.98917264,True,True,297.21564,12.27,12.295,11.33,7.521,AIP-exact
2068682478574329984,304.49363970293524,42.3485789067207,0.05510796269135582,201.6949152542373,0.21332862845930578,10.886102596350579,7.238000000000001,8.6856,0.8548228118987202,1.076419,True,True,157.27275,13.007,12.94,9.312,6.819,AIP-exact
2068753912469082496,305.26285183522623,42.52384419797206,0.1030740220315219,191.52542372881356,0.12552052364172658,8.81446914951422,5.244927536231885,4.036059479553903,1.9644052369468423,1.0094407,True,True,168.45262,11.531,11.388,8.592,5.904,AIP-exact
2068767892583575808,305.1634634105933,42.83477649512616,0.13812522318251538,201.6949152542373,0.1,9.211039045837204,12.772941176470589,7.436301369863015,0.7547210343912554,1.018036,True,True,265.67078,12.678,12.638,9.967,7.491,AIP-exact
2068808093477222528,305.0695938214774,42.71989730719695,0.07539157980284569,313.5593220338983,0.23011983571417985,10.991277049700468,3.976923076923077,3.513592233009709,0.8143606359905585,0.99178624,True,True,253.52605,13.937,13.751,9.776,8.446,AIP-exact
2068880184508929664,306.8975352881205,42.43841023659903,0.13971403210032696,161.01694915254237,0.1833324376267034,9.97293334308524,4.7,7.487586206896553,0.9086670010680284,0.9390933,True,True,257.77698,13.653,13.722,10.659,7.429,AIP-exact
2069309406361310208,306.6958615690026,44.16504079149593,0.11519052510089589,191.52542372881356,0.1,9.444413013326187,8.042222222222222,4.825333333333334,0.8353157928135329,1.0870253,True,True,287.8232,13.488,13.4,10.552,8.03,AIP-exact
2069355409747830272,305.67064129097736,44.25299152865204,0.1537958847234027,150.84745762711864,0.1,11.552012632276599,6.4625,4.449590163934427,0.9011476111515937,0.95224744,True,True,132.63785,13.072,13.023,11.164,8.336,AIP-exact
2069357750513484928,305.4932745961674,44.28141418120393,0.15916847106494206,201.6949152542373,0.1,10.740781076692425,6.349122807017544,7.983088235294118,0.837796854844517,1.0501591,True,True,142.57336,12.897,12.697,9.973,7.585,AIP-exact
2069377022024117504,306.0305664719376,44.528486529512406,0.09041085155195,201.6949152542373,0.23011983571417985,11.359931051716863,12.479310344827589,5.868648648648649,0.8652508858326531,1.0011467,True,True,242.97858,14.163,14.344,10.606,8.112,AIP-exact
2069401211280608128,305.8771528383086,44.82294740306028,0.14661456591442545,171.18644067796612,0.19776262910622383,11.762618101301342,3.667905405405406,3.9053956834532375,1.0056494301007748,1.0344592,True,True,260.5731,14.636,14.835,11.716,8.646,AIP-exact
2069429248824888960,309.1763943834691,42.33182372675592,0.07469754129581711,181.35593220338984,0.26777121151983396,10.25755832055912,4.360240963855422,3.502258064516129,0.910903882258914,1.0128207,True,True,194.95543,13.076,12.895,9.363,6.39,AIP-exact
2069485774891441152,309.1804988807171,42.57940809957606,0.15635395150278864,242.3728813559322,0.24823268762177775,10.00881175286463,7.286577181208055,3.8363957597173153,0.8766572754056651,0.9274286,True,True,266.2781,13.192,12.971,9.237,7.074,AIP-exact
2069512953442876672,309.3019085780386,42.79132815875422,0.049023609859779375,252.54237288135593,0.15755401855293244,10.1259728592999,9.693750000000001,4.523750000000001,1.2499297221352716,1.3364133,True,True,180.3164,12.708,12.511,9.106,7.13,AIP-exact
2069611703334400640,310.2185139774175,43.61358950825964,0.13996281279472536,171.18644067796612,0.24823268762177775,12.588945787972383,3.6432885906040275,5.21971153846154,0.8527326807063706,0.9487792,True,True,151.64561,14.278,14.334,10.991,7.995,AIP-exact
2069690009177235584,308.47181927735323,42.74284073324244,0.08302306570429696,232.20338983050846,0.1,7.5533103463008295,6.828301886792453,9.523684210526316,0.7152607603977325,1.0037034,True,True,234.96292,11.526,11.521,8.412,6.295,AIP-exact
2069796764881731840,308.3194800328914,43.609011372245405,0.06199504155640389,201.6949152542373,0.3361078268614909,11.038544818727171,15.966176470588236,4.006273062730627,0.9416422842705956,1.0006466,True,True,225.4174,13.791,13.775,9.606,7.07,AIP-exact
2069838340167961472,309.37486557253226,43.77156543020659,0.1193819574742392,201.6949152542373,0.21332862845930578,13.910434094729778,5.684293193717278,8.826829268292684,1.465427415005659,0.89079976,True,True,39.076817,11.732,11.565,8.543,5.939,AIP-exact
2069872558169384448,309.7682685344405,44.13586906349104,0.14250717145721703,191.52542372881356,0.42188430427737117,11.200185549363672,17.511290322580646,10.052777777777779,0.8415228372217569,0.9490972,True,True,276.0806,14.421,14.76,9.887,7.113,AIP-exact
2070248904689353472,309.8367581412785,44.279823902409504,0.12995203639199396,293.22033898305085,0.1,9.181674848075142,14.285526315789475,4.523750000000001,0.9342881545850736,0.9748162,True,True,292.56302,12.942,12.867,9.906,8.173,AIP-exact
2070603527243610752,307.4104895073936,44.03509177085263,0.16479687978438745,191.52542372881356,0.4550910372032852,11.15245687261449,5.567692307692308,7.004516129032258,0.8636588612207653,1.0194328,True,True,292.9401,14.559,14.678,9.903,6.947,AIP-exact
2070723790632158336,308.41811155157336,44.84248450577834,0.17447868327839475,201.6949152542373,0.1,10.989686448569408,11.42842105263158,4.25764705882353,0.765206017983678,1.0151849,True,True,167.32973,13.305,13.19,10.679,8.499,AIP-exact
2070834257194486656,306.5724044614527,44.59857964968156,0.11984755395295017,232.20338983050846,0.12552052364172658,9.910261949638908,12.198876404494383,5.348275862068966,0.848349872812091,1.0104933,True,True,289.08823,13.362,13.226,10.194,8.087,AIP-exact
2071195996520175744,308.3800062411992,46.0296293108734,0.15077047100631827,171.18644067796612,0.1,10.263226732351523,9.693750000000001,8.351538461538462,1.0059428835069806,0.98460543,True,True,187.00424,12.718,12.596,10.599,7.902,AIP-exact
2071531450642911616,308.9622330806275,47.07455911188396,0.04629532907851944,161.01694915254237,0.24823268762177775,12.671541867211449,11.930769230769233,9.960550458715597,1.0817885649144174,0.9639966,True,True,105.67728,13.422,13.303,10.376,7.079,AIP-exact
2071935345064553344,298.8422511680922,37.78838489065637,0.04193593396531843,161.01694915254237,0.15755401855293244,10.460355420765438,9.781081081081082,7.385714285714287,0.943995734183256,1.0363908,True,True,296.0409,13.985,14.006,11.391,8.195,AIP-exact
2072566670896067200,299.1020232283749,38.850749184990654,0.08899140275055747,181.35593220338984,0.11636163857357301,11.292511772888783,9.693750000000001,5.483333333333333,0.8959888016860854,1.0092349,True,True,196.76382,13.718,13.621,11.099,8.384,AIP-exact
2072567774729151360,299.0617838517923,38.896029062445386,0.19795553299744723,150.84745762711864,0.19776262910622383,11.724170827409115,8.042222222222222,6.275722543352602,0.8343724753975987,0.9943492,True,True,223.11452,14.487,14.539,11.808,8.392,AIP-exact
2073113235566778880,296.4472758476413,38.69184177841777,0.08549422201151119,181.35593220338984,0.1,11.192637991305048,8.826829268292684,4.7,0.8979714762063459,1.0295941,True,True,194.40633,13.78,13.665,11.285,8.494,AIP-exact
2073441710352986496,297.75749281407417,39.48523735760952,0.07088623520794325,211.864406779661,0.1833324376267034,10.925311045240935,7.645774647887325,4.208139534883721,1.02454515326567,0.9888641,True,True,261.37268,14.215,14.138,10.541,8.235,AIP-exact
2073474558269887360,297.9694052735788,39.8735610214186,0.10323173159129985,252.54237288135593,0.13540030931526834,10.628048251258226,7.190066225165564,3.571381578947369,0.9215119834873373,0.91594243,True,True,271.6155,14.1,14.06,10.597,8.691,AIP-exact
2073699477110836992,297.21504570875544,40.03182887780131,0.08411744203206568,181.35593220338984,0.15755401855293244,11.740690369310684,6.620121951219512,4.3428,0.9553817229630737,1.0137417,True,True,217.61996,14.138,14.051,11.234,8.448,AIP-exact
2073706456447534592,297.20666376093993,40.10547082849788,0.042859062333106296,181.35593220338984,0.24823268762177775,12.417480738713039,10.43942307692308,13.743037974683546,0.9066836852389062,0.9978793,True,True,86.22362,12.833,12.653,9.385,6.496,AIP-exact
2074086814441810432,302.13202516159976,40.06813071027422,0.12020997490518306,191.52542372881356,0.42188430427737117,11.208024872216395,7.190066225165564,9.440869565217392,0.86441203674958,1.082865,True,True,292.33945,14.553,14.661,10.107,7.208,AIP-exact
2074835066467357568,301.5483122812425,41.82720257448759,0.07889932535438919,222.03389830508473,0.1833324376267034,10.710131986907594,5.145497630331755,4.449590163934427,0.9033511648108775,0.9889838,True,True,289.08716,14.265,14.146,10.568,8.403,AIP-exact
2074905400849300992,302.4511480269041,42.24451644816449,0.05140902230115921,191.52542372881356,0.2888476227919195,10.311694334856742,5.348275862068966,7.190066225165564,0.8556701080840443,1.042457,True,True,295.23547,14.112,13.927,10.081,7.392,AIP-exact
2074914987215500160,301.99789182968743,42.16916628445282,0.17738055460054283,211.864406779661,0.4550910372032852,12.561055356338482,19.04736842105263,11.07857142857143,0.7837151527810773,0.9193949,True,True,220.5218,14.854,14.776,10.063,7.464,AIP-exact
2075662311523744384,301.0840494400448,42.86494886171029,0.036462940811721495,171.18644067796612,0.3361078268614909,12.014004369031245,11.55,9.781081081081082,0.8605441681313689,0.99277884,True,True,187.69743,14.257,14.072,10.459,7.428,AIP-exact
2075759377784919168,301.0939830012382,42.967721960841175,0.09447420012015321,161.01694915254237,0.1,9.790488296544925,6.959615384615385,4.486363636363637,0.858611906253026,1.015549,True,True,298.2719,13.5,13.407,11.353,8.47,AIP-exact
2075795970910363520,301.239787602087,43.42347418174713,0.08718554188451919,191.52542372881356,0.21332862845930578,10.992139059471391,5.483333333333333,4.9350000000000005,0.8463431499149636,0.96282315,True,True,286.2788,14.246,14.308,10.913,8.158,AIP-exact
2075824528157088640,300.9647751424843,43.53553404163706,0.16456011355752104,211.864406779661,0.24823268762177775,10.90824122080437,7.238000000000001,10.74950495049505,1.4379196905637435,0.91079545,True,True,185.44783,13.119,12.93,9.382,6.866,AIP-exact
2075835553325780864,300.7475121741465,43.52869085801245,0.126217665832155,181.35593220338984,0.39110057471005855,11.85127021988353,8.755645161290323,5.567692307692308,0.9421386645178579,1.083233,True,True,273.0012,14.735,15.073,10.703,7.901,AIP-exact
2075842292141866752,300.7435631428866,43.731567317864624,0.12718740796840164,181.35593220338984,0.14605773805564215,10.580357070368354,15.734782608695653,11.930769230769233,0.7600383577842614,1.0268431,True,True,196.87682,12.968,12.938,10.22,7.387,AIP-exact
2075857096882321280,301.16594220941613,43.7751114708981,0.16828476192735345,191.52542372881356,0.10787105198966634,9.98103689666031,5.511167512690355,7.09607843137255,1.1429319645452296,0.9928894,True,True,257.48517,13.094,12.902,10.474,7.828,AIP-exact
2076242372630247424,295.16627041179817,39.46766114731066,0.13488921482157173,130.50847457627117,0.31158296935278684,12.845111382110755,3.536482084690554,4.431428571428572,0.8062933744175004,1.0622633,True,True,199.95346,14.946,14.778,12.426,8.586,AIP-exact
2078533514344936704,297.8347498207402,43.120458253715896,0.13051900284411558,161.01694915254237,0.24823268762177775,13.14405730029624,4.980275229357798,3.571381578947369,0.7585120282369905,1.009922,True,True,193.58885,14.738,14.518,11.786,8.545,AIP-exact
2078792758569791360,296.4751884955685,43.56258903603441,0.14111221128531126,161.01694915254237,0.19776262910622383,11.357371422574642,7.592307692307694,5.348275862068966,0.8348268944185039,1.0604925,True,True,266.27765,14.623,14.459,11.701,8.543,AIP-exact
2080743090339782912,303.4226473895087,42.50973888231951,0.030279211522699686,191.52542372881356,0.14605773805564215,9.400580279776255,5.71421052631579,4.159770114942529,0.784494044784572,0.99197406,True,True,294.75864,13.361,13.217,10.192,7.543,AIP-exact
2080790403700248448,303.345686294612,43.072545365330726,0.038962824736721406,201.6949152542373,0.1,8.511704326571238,9.870000000000001,9.523684210526316,0.775480206430652,0.99060977,True,True,217.21156,11.996,11.926,9.159,6.668,AIP-exact
2081139120686041856,303.36760968476324,44.05681686426249,0.08840955742826499,191.52542372881356,0.24823268762177775,10.6462691415052,10.966666666666667,9.870000000000001,1.0054193546636532,0.9979478,True,True,256.68954,13.838,13.803,10.18,7.464,AIP-exact
2081153551778402176,303.5396841549605,44.43573296994808,0.10238052974616746,201.6949152542373,0.14605773805564215,11.795748892870428,5.21971153846154,4.890540540540541,0.9498485339589914,1.0601553,True,True,167.22878,13.883,13.724,10.715,8.202,AIP-exact
2081165676460478208,303.0238314577562,44.11119968676671,0.07398723229254299,171.18644067796612,0.13540030931526834,9.61740246915294,4.60042372881356,10.540776699029127,0.8146930315311522,1.0125442,True,True,215.20438,12.795,12.778,9.959,7.057,AIP-exact
2081257691839946752,304.6478082264557,44.00814985369015,0.1672845365023753,191.52542372881356,0.14605773805564215,10.504674791115255,7.539583333333335,3.6311036789297666,0.878791139391223,0.98516,True,True,286.90244,14.307,14.264,10.989,8.443,AIP-exact
2081301539168668288,304.32348606805795,44.01397496534823,0.1555561730701647,272.8813559322034,0.16995517726504228,10.330965232046639,13.080722891566266,3.991544117647059,0.8269916306602673,1.0613867,True,True,241.80482,13.2,13.051,9.691,7.781,AIP-exact
2081669871263058176,304.3166472730483,45.451978823777,0.1791506099094695,140.67796610169492,0.1,9.30988347501437,6.239655172413794,5.4285000000000005,0.8139976779097774,0.9303008,True,True,277.6871,12.938,12.884,11.322,8.222,AIP-exact
2081820538713360640,301.71333794319463,43.98706297552728,0.09128348714240497,211.864406779661,0.14605773805564215,10.652573868641454,12.772941176470589,9.870000000000001,0.834708437598362,1.0140668,True,True,191.00891,13.342,13.163,9.992,7.679,AIP-exact
2081906541144601344,301.93496754858387,44.63076511136793,0.18591362806170314,181.35593220338984,0.1,9.622066590266373,8.351538461538462,5.0032258064516135,1.014491943345381,0.9795419,True,True,270.83456,12.961,12.909,10.649,8.104,AIP-exact
2081949044135965056,302.2024319612346,44.5425757356939,0.07871663455754177,181.35593220338984,0.19776262910622383,11.664878102377575,3.6432885906040275,4.980275229357798,1.018076361370029,0.99870616,True,True,204.31506,13.933,13.755,10.783,7.946,AIP-exact
2082179877162963456,300.7604659901835,45.21944162316053,0.08120978420804216,171.18644067796612,0.1,10.915413440501572,8.48203125,7.286577181208055,0.8493956264110833,0.925745,True,True,206.5219,13.651,13.57,11.291,8.276,AIP-exact
2082402596987199744,303.3809270501828,45.82205385255223,0.10788263063715109,191.52542372881356,0.1,9.423554135759714,12.198876404494383,7.190066225165564,0.8314771500525435,0.96382535,True,True,280.7897,13.148,13.043,10.551,8.159,AIP-exact
2082423831306119424,302.42797736129137,45.52264139187241,0.11068822858043217,232.20338983050846,0.24823268762177775,10.497548838916657,15.966176470588236,10.146728971962618,0.8702044130438585,0.94981205,True,True,282.95126,13.819,13.652,9.874,7.649,AIP-exact
2082957919080121088,306.2023818100736,45.68454804300838,0.10614374329235292,161.01694915254237,0.1,10.690240712028459,11.674193548387098,12.337500000000002,0.9453033483133859,1.0315216,True,True,130.83124,12.474,12.335,10.293,7.486,AIP-exact
2083047323121955712,305.79946991702093,46.23886033007742,0.19896277620108274,140.67796610169492,0.1,10.348756423637269,10.146728971962618,11.19278350515464,1.23815523952274,1.0294932,True,True,120.82581,11.931,11.798,10.26,7.324,AIP-exact
2083053366129369344,305.7215702181949,46.38725758584263,0.11656754084050192,201.6949152542373,0.1,10.935090399228077,9.781081081081082,4.241015625,1.0425485419089282,1.0095428,True,True,218.70863,13.65,13.46,11.039,8.77,AIP-exact
2083055118476161024,305.69130459582067,46.50901547323303,0.0914574010572249,211.864406779661,0.3625630486550966,11.77848995816382,24.675000000000004,15.07916666666667,0.8649860270369866,1.1109364,True,True,187.95566,13.868,13.743,9.598,7.115,AIP-exact
2083107658819837056,306.98096817135024,46.675865870216754,0.07097078408978942,171.18644067796612,0.16995517726504228,10.553107975873766,7.436301369863015,8.163157894736843,1.0518855458038572,1.0612282,True,True,274.6285,14.054,14.017,11.066,8.132,AIP-exact
2083362333197888512,305.35151249326407,47.01731451368279,0.05531302305042889,252.54237288135593,0.11636163857357301,9.747055662046192,18.40169491525424,7.004516129032258,0.7765170926420685,1.0121865,True,True,251.38321,13.181,13.03,9.802,7.933,AIP-exact
2083510286233869312,307.0247969376305,47.18009441083284,0.10863104364756529,181.35593220338984,0.21332862845930578,10.366833728442106,8.826829268292684,14.100000000000001,0.9610690552702984,1.0164646,True,True,219.17613,13.224,13.101,9.936,6.998,AIP-exact
2083576222573218176,306.69918995972404,47.48132132671643,0.1871253588654694,150.84745762711864,0.3625630486550966,11.857958821142573,4.890540540540541,6.959615384615385,0.798557458514867,0.964437,True,True,283.471,15.292,15.349,11.581,8.18,AIP-exact
2083619958216137472,307.7923903446097,47.45766729465738,0.08390545937757438,191.52542372881356,0.13540030931526834,10.491995354911326,8.826829268292684,6.58,0.8536756181072865,1.040635,True,True,270.28275,14.018,13.951,10.856,8.267,AIP-exact
2083636519610327296,307.6533123398453,47.62666308067424,0.07242015723175596,181.35593220338984,0.12552052364172658,10.344094561689303,7.004516129032258,4.980275229357798,0.9112442506507574,1.028123,True,True,298.98685,13.944,13.843,11.207,8.384,AIP-exact
2084146005810400000,303.4417809114154,47.69885416411466,0.06430606093386805,211.864406779661,0.23011983571417985,11.726419563062944,9.523684210526316,4.096981132075472,0.8691096709984687,1.0023391,True,True,298.7969,14.902,14.777,11.184,8.789,AIP-exact
2084903741115108992,304.14525957373,49.23117584629203,0.17739532046106735,181.35593220338984,0.3361078268614909,13.084634644102962,11.19278350515464,4.504979253112034,0.8020432325228285,0.9994966,True,True,192.55379,15.218,15.222,11.297,8.489,AIP-exact
2089403565471075072,299.88408880746255,52.45251555103979,0.14231860491771686,171.18644067796612,0.12552052364172658,10.254312347856859,11.930769230769233,6.349122807017544,0.8599228893341738,0.9274872,True,True,286.43015,13.595,13.392,11.159,8.214,AIP-exact
2109854649247004544,275.72993864364247,41.04748616938055,0.03454179698842452,161.01694915254237,0.11636163857357301,11.600090952337002,6.349122807017544,4.486363636363637,0.9052693105207098,1.006054,True,True,197.71017,13.974,13.8,11.736,8.576,AIP-exact
2110829606823690240,279.5649029282993,41.77412217003555,0.0687905067154022,161.01694915254237,0.13540030931526834,11.090564289271672,6.275722543352602,4.504979253112034,0.9659659793907927,0.9807323,True,True,291.88995,14.475,14.276,12.003,8.794,AIP-exact
2111470003632731648,275.96331981805287,42.21125568016184,0.10271396978824714,120.33898305084746,0.19776262910622383,10.944482856201507,4.846875000000001,10.43942307692308,1.0879314695238096,1.0401744,True,True,217.8707,13.538,13.407,12.148,7.651,AIP-exact
2125637077807966208,270.5501762164173,53.53353497080531,0.03820311370774623,130.50847457627117,0.1833324376267034,11.063643467127953,4.523750000000001,5.401492537313433,0.888852896672186,0.97808284,True,True,253.69792,14.178,14.038,12.356,8.263,AIP-exact
2126022864654074496,291.52361643981976,43.29283871157792,0.16252318122880105,120.33898305084746,0.1,9.950253362431594,3.8637010676156582,3.8913978494623658,0.8338477451999169,0.954719,True,True,258.9964,13.56,13.42,12.302,8.74,AIP-exact
2126069151523069184,290.63384935745984,43.29806817832531,0.05141909100403865,120.33898305084746,0.1,12.0272613411197,3.796153846153847,3.6928571428571435,0.940438521344395,1.0343535,True,True,133.21132,13.487,13.288,12.317,8.544,AIP-exact
2126260427884221696,291.0981178733,44.88398659775653,0.13886681212833413,150.84745762711864,0.1,10.384684384440819,6.275722543352602,4.208139534883721,0.9818487399360109,1.0857272,True,True,241.71529,13.627,13.458,11.665,8.709,AIP-exact
2139396228880465408,291.4324686902039,52.72742874598213,0.12070195262267885,120.33898305084746,0.1,12.211745493695064,3.9053956834532375,3.655555555555556,0.9388038688227638,0.99883914,True,True,137.5475,13.576,13.355,12.387,8.988,AIP-exact
2142453146082727168,292.18497629129075,57.634927880884455,0.08761267990127863,140.67796610169492,0.1,10.716044505374365,4.9350000000000005,3.559672131147541,0.8843838742404924,0.9403966,True,True,287.46442,14.165,13.955,12.433,9.184,AIP-exact
2146092735729226112,282.7380116633441,52.50478256135816,0.1798341668589701,171.18644067796612,0.1,11.678474864454525,11.80108695652174,3.8913978494623658,0.9297990049308776,0.9680901,True,True,160.7666,13.626,13.343,11.397,8.935,AIP-exact
2147215268381159040,279.6581735926913,53.88477368119833,0.19093736726511482,130.50847457627117,0.1,10.345309494962446,5.6546875000000005,4.486363636363637,0.9098766701793014,0.9907874,True,True,261.818,13.511,13.335,12.125,8.777,AIP-exact
2152693481986456960,270.5714591960265,59.96109672794047,0.04852098172661219,150.84745762711864,0.1,11.593802036100275,3.9624087591240875,3.513592233009709,1.0113863995363988,1.0080962,True,True,222.39386,14.182,13.979,12.416,9.084,AIP-exact
2160651261816204160,274.46574886790404,62.71385770064538,0.16534434699299458,140.67796610169492,0.1,12.102820001376722,7.924817518248175,4.006273062730627,0.8829289782159313,1.0547734,True,True,157.97705,13.716,13.507,12.028,9.134,AIP-exact
2161888422860486400,315.62287780584006,42.93161748714541,0.03938899370362742,150.84745762711864,0.10787105198966634,9.796369981187237,7.286577181208055,6.349122807017544,1.012174572935282,0.9881405,True,True,278.65472,13.398,13.328,11.401,7.935,AIP-exact
2162019024220616320,314.4838287866054,42.92478891851236,0.1629191749808483,150.84745762711864,0.1,9.69087297055627,7.238000000000001,3.7437931034482763,0.7159535427529822,0.9911901,True,True,251.5036,13.322,13.238,11.179,8.182,AIP-exact
2162052456246806528,314.56455366306534,43.29546257144168,0.17263095107016385,435.59322033898303,0.1,9.412722817033911,13.571250000000001,3.7437931034482763,0.7749774294837205,1.0132248,True,True,184.26126,12.102,12.104,9.516,8.232,AIP-exact
2162061522920035328,314.81971068384263,43.527576044476014,0.1608479230050346,150.84745762711864,0.11636163857357301,9.555568760338987,8.826829268292684,5.868648648648649,0.9728112339386881,0.9979932,True,True,239.1377,12.754,12.671,10.762,7.202,AIP-exact
2162098012960580864,313.7867903296819,43.30492234355159,0.19419448978336107,171.18644067796612,0.4550910372032852,12.796545494885798,7.924817518248175,8.48203125,1.0538529902387006,1.0196853,True,True,185.98996,14.652,15.094,10.677,7.526,AIP-exact
2162136603245897344,314.16254900844723,43.84630084011379,0.10740825663561318,150.84745762711864,0.1,8.911241338683684,8.899180327868853,7.238000000000001,0.8443333719813637,1.0450801,True,True,200.25443,12.069,11.977,9.972,6.964,AIP-exact
2162228790435245824,314.65529229098115,44.15069943892586,0.031837612781936024,161.01694915254237,0.23011983571417985,10.45704043784281,5.483333333333333,12.063333333333334,0.8260985284060385,1.0266609,True,True,164.01868,12.879,12.753,9.724,6.476,AIP-exact
2163100286531226112,314.2260015539024,45.03922600438744,0.15157010700723875,150.84745762711864,0.3361078268614909,11.584307619197563,11.07857142857143,7.436301369863015,1.0958939457426249,1.0214964,True,True,208.98296,13.932,13.897,10.773,7.204,AIP-exact
2163277655808662528,313.4933192798778,45.116247615823205,0.05305640542333057,140.67796610169492,0.19776262910622383,10.845084335112801,5.511167512690355,8.6856,0.9103646797941707,1.039108,True,True,165.12694,13.074,13.059,10.753,7.042,AIP-exact
2163799335404786176,313.7497402477471,46.68656623643968,0.14237684505840129,222.03389830508473,0.12552052364172658,11.127878869228805,12.063333333333334,3.730927835051547,1.0359971610489396,1.1352062,True,True,239.48495,14.102,14.135,10.908,8.678,AIP-exact
2165952316614097024,317.60341243812053,49.065159886243976,0.13733665053903038,181.35593220338984,0.1,12.62330048224614,8.10223880597015,3.7829268292682934,0.8856525595193178,1.0331523,True,True,118.11039,13.431,13.203,11.26,8.767,AIP-exact
2166100686264467072,318.50704964598515,49.98662731943974,0.15991008104846133,201.6949152542373,0.26777121151983396,11.775942465576367,22.15714285714286,14.285526315789475,1.0421773576377258,1.0594847,True,True,148.70128,13.263,13.265,9.491,6.956,AIP-exact
2166307183989813120,311.54604327014977,45.60351213985558,0.1794823962802894,201.6949152542373,0.3361078268614909,13.924435154412677,5.567692307692308,6.065363128491621,0.8028612622452992,1.0652001,True,True,138.38696,14.539,14.668,10.622,8.05,AIP-exact
2166323607946468352,311.44226395435624,45.83992049046725,0.0768285259270733,201.6949152542373,0.1833324376267034,12.260422816514305,9.523684210526316,4.659656652360515,0.8801601340869488,1.0724086,True,True,177.14938,14.17,14.165,10.832,8.374,AIP-exact
2166986476021702144,314.8741851664085,48.24171338398363,0.19093281931495792,150.84745762711864,0.19776262910622383,11.347169584122671,5.1947368421052635,5.2960975609756105,0.9739851173670804,0.9934518,True,True,278.02643,14.624,14.937,11.961,8.601,AIP-exact
2167465077124585216,310.3537173224245,47.47157637604237,0.05550149366610103,181.35593220338984,0.10787105198966634,9.74121295943781,13.403703703703705,8.225,1.1106341439264114,1.0291309,True,True,234.41792,12.941,12.908,10.41,7.519,AIP-exact
2167472911145004544,310.40532841150844,47.63439870341903,0.15617285074030926,191.52542372881356,0.15755401855293244,11.638169654283448,17.233333333333334,7.286577181208055,0.8494188721582003,1.0228345,True,True,150.95332,13.605,13.541,10.373,7.833,AIP-exact
2167708000469464192,309.78004877003,48.46257664130433,0.1987676500412836,181.35593220338984,0.1,9.67111907642386,10.540776699029127,6.031666666666667,1.4581608044192722,1.093059,True,True,263.33694,12.972,12.833,10.634,7.958,AIP-exact
2167721332048577152,309.21928510290235,48.11481922283888,0.0423578817091133,272.8813559322034,0.14605773805564215,10.392940298070148,11.930769230769233,3.8913978494623658,0.8489465653652365,1.0216247,True,True,240.26048,13.598,13.421,10.008,8.222,AIP-exact
2167752973060456960,309.3038057909177,48.50574649671972,0.10184942939185945,181.35593220338984,0.4550910372032852,10.932158893525141,5.62538860103627,10.340000000000002,0.8635603693812062,1.0076964,True,True,261.5874,14.399,14.331,9.829,6.866,AIP-exact
2167767236659531008,309.026971838555,48.52796472290062,0.19165668528964547,171.18644067796612,0.1,10.310192174137537,10.24245283018868,5.073364485981309,1.1061759642398976,1.0548484,True,True,236.92766,13.284,13.17,11.133,8.574,AIP-exact
2167808223521030400,310.2167291990711,48.67000305781784,0.15058989771016246,211.864406779661,0.15755401855293244,10.947928172381589,10.24245283018868,4.360240963855422,0.8309021772496433,0.9960184,True,True,234.04446,14.198,14.097,10.637,8.332,AIP-exact
2168312147750574976,310.72650697370995,49.86990988579335,0.1531364231826423,181.35593220338984,0.24823268762177775,11.699818482414075,12.624418604651165,4.957534246575343,0.9346739110083229,0.9947707,True,True,242.17154,14.665,14.77,10.986,8.243,AIP-exact
2168474665008931584,311.590049896102,50.927323754010494,0.08544678113982632,161.01694915254237,0.13540030931526834,11.138800941582517,5.805882352941177,5.59639175257732,0.8149368847768398,0.9897929,True,True,260.3258,14.125,14.031,11.735,8.549,AIP-exact
2169161962851760640,316.84116090548304,50.77083173301954,0.1276655229621338,181.35593220338984,0.12552052364172658,11.002194412476392,6.349122807017544,3.9624087591240875,0.8515536454819091,1.0159719,True,True,248.83205,14.088,14.109,11.367,8.613,AIP-exact
2169522744401580800,316.90271275188513,51.95535506000046,0.07766590167268744,191.52542372881356,0.1,10.287974034126604,6.58,7.190066225165564,0.9404578956017338,1.0705767,True,True,198.80614,12.964,12.838,10.368,7.861,AIP-exact
2170069682722206720,313.85597150624363,51.84803711340261,0.19560560775050181,171.18644067796612,0.1,10.798410734601559,8.826829268292684,3.9194945848375453,1.0586167448631592,0.9780294,True,True,202.67578,13.481,13.389,11.188,8.807,AIP-exact
2170345900654777472,315.8946606939887,52.6494409826203,0.0556594920495175,191.52542372881356,0.1,11.09572875462959,3.9194945848375453,4.208139534883721,0.9460658446354296,0.98924154,True,True,213.61269,13.758,13.706,11.17,8.574,AIP-exact
2171647718127671296,323.261104817393,51.48474919029277,0.1657163635645465,232.20338983050846,0.16995517726504228,11.425089725975688,9.693750000000001,3.5831683168316837,1.0807095237751811,1.0077626,True,True,230.7199,13.953,13.865,10.536,8.329,AIP-exact
2172406041853322112,320.5689172196116,52.55648291671943,0.08294685056551862,201.6949152542373,0.11636163857357301,10.287787450360778,5.2960975609756105,4.741048034934498,0.8560454585312883,0.96529907,True,True,279.4675,13.919,13.816,10.909,8.403,AIP-exact
2172914596037717504,322.8067044762792,53.813241567793206,0.06368270455786122,181.35593220338984,0.10787105198966634,11.798972330576511,5.1947368421052635,4.620000000000001,1.0908645016997975,0.97967327,True,True,166.35794,13.662,13.646,11.269,8.473,AIP-exact
2173857740790869888,327.06760451794514,53.98843228944178,0.19526961737355802,181.35593220338984,0.21332862845930578,13.289856082130852,8.163157894736843,3.7697916666666673,0.8652178885553923,1.0080618,True,True,143.34785,14.6,14.796,11.335,8.508,AIP-exact
2174247719531895168,324.4798307013419,54.14706649628411,0.12883495939831843,191.52542372881356,0.1,11.005733107060417,10.540776699029127,4.3428,0.993048024915125,1.0008515,True,True,175.678,13.316,13.248,10.816,8.422,AIP-exact
2174975012111372288,325.32835343542286,55.33869494620584,0.10122292223438185,201.6949152542373,0.23011983571417985,11.028209816705772,16.9640625,7.385714285714287,0.861249692303904,1.043267,True,True,219.60622,13.799,13.757,10.041,7.524,AIP-exact
2175369191325502464,318.373032774525,52.49987228775731,0.15720083381426317,171.18644067796612,0.1,11.170555383260409,5.1947368421052635,3.5250000000000004,1.217467977552739,1.0213223,True,True,83.92399,11.788,11.626,9.574,7.042,AIP-exact
2175456052744574848,318.8995177881555,52.644760020057454,0.06984557353390132,181.35593220338984,0.19776262910622383,11.12221550894623,9.20084745762712,7.09607843137255,1.0203642700921487,0.97265077,True,True,144.87962,13.002,12.917,9.689,6.973,AIP-exact
2175914102419527168,320.52031987847937,53.82944033865655,0.1012335421185137,161.01694915254237,0.1,9.67002448400332,7.09607843137255,5.12122641509434,1.032989134260232,1.1095493,True,True,297.72308,13.411,13.379,11.324,8.361,AIP-exact
2177926208703590784,323.0048592564559,56.22489612381558,0.040068948339419916,150.84745762711864,0.13540030931526834,10.908771648741729,19.04736842105263,13.571250000000001,1.0518493837542924,0.95904887,True,True,139.60696,12.723,12.628,10.522,7.181,AIP-exact
2178042860012214656,322.8391876332547,57.099258111603305,0.15875222257294583,232.20338983050846,0.3625630486550966,12.810904527595733,8.10223880597015,3.796153846153847,0.9324618158886897,1.0533814,True,True,217.49591,14.878,14.987,10.399,8.282,AIP-exact
2178048288856459008,323.20447969546694,57.22993788900683,0.04916707715969309,181.35593220338984,0.10787105198966634,9.61762108155184,7.700000000000002,7.755,1.0432638604650037,0.99588907,True,True,171.1952,12.178,12.052,9.565,6.717,AIP-exact
2178535028908628608,325.7306101283845,58.18571322682787,0.08111793757692541,161.01694915254237,0.31158296935278684,10.809178228662581,8.755645161290323,12.624418604651165,0.8182927686099448,1.091642,True,True,261.05328,14.001,13.896,10.56,7.187,AIP-exact
2178600243693388160,325.2263097021234,58.451740871162606,0.17573893687308778,100.0,0.1,9.996311850228206,5.145497630331755,4.542677824267783,0.9884298451186683,1.0483402,True,True,177.98288,12.537,12.418,11.646,8.146,AIP-exact
2178861858739878912,321.60044907331127,57.68527651705296,0.10594794370739262,222.03389830508473,0.16995517726504228,10.615468365891793,22.15714285714286,6.239655172413794,0.9868315000855745,0.99388534,True,True,242.58298,13.495,13.396,10.121,7.844,AIP-exact
2178863233129791616,322.2164597187687,57.47034480336704,0.07467428329617536,171.18644067796612,0.1,8.275031513096417,12.624418604651165,16.2044776119403,0.8311513768028519,1.0244794,True,True,248.70476,12.071,12.073,9.56,6.777,AIP-exact
2179050455037155712,321.6234565861012,57.79230073148347,0.10901052363772673,201.6949152542373,0.3361078268614909,12.464724266074647,14.87260273972603,5.71421052631579,0.8865133397207084,1.0243133,True,True,199.23863,14.628,14.685,10.548,8.065,AIP-exact
2179060835979743872,320.8012046056218,57.73078099402687,0.17655906961803927,201.6949152542373,0.1,10.1626097438662,15.966176470588236,5.145497630331755,0.9042920932801475,0.9618313,True,True,276.67432,13.34,13.257,10.695,8.266,AIP-exact
2179080489750901376,321.8340011514109,58.0192407132671,0.1688020272408347,232.20338983050846,0.15755401855293244,12.867794588069955,5.62538860103627,4.360240963855422,0.9275301848967079,0.9772197,True,True,109.36896,13.4,13.286,10.132,7.999,AIP-exact
2179141821884581504,320.65869251609155,58.41717427482468,0.11975156950384397,171.18644067796612,0.3361078268614909,13.973827472638542,5.775,6.031666666666667,0.727042921561859,0.97156006,True,True,136.2276,14.747,14.527,11.056,8.022,AIP-exact
2179151094711770752,321.3355001514448,58.41519876738737,0.037069202060930506,211.864406779661,0.21332862845930578,11.716666571696635,13.91923076923077,4.825333333333334,0.9879468350611839,1.020888,True,True,197.17429,14.126,13.953,10.392,8.066,AIP-exact
2179201225570208384,323.1716631010307,57.86363624846618,0.07197711079320007,191.52542372881356,0.26777121151983396,11.939160444707746,11.19278350515464,10.74950495049505,1.0220873548879112,1.0163667,True,True,157.03755,13.661,13.611,10.063,7.331,AIP-exact
2179240189511531520,323.6219989575371,58.28263030651992,0.1017139602686094,211.864406779661,0.26777121151983396,11.89198110117786,4.720434782608696,4.486363636363637,0.9422039213424819,1.0086917,True,True,219.19305,14.542,14.476,10.568,8.139,AIP-exact
2179290874433065088,323.28587241331206,58.36110314908292,0.12488513175333445,211.864406779661,0.24823268762177775,11.291427133674762,19.387500000000003,10.146728971962618,0.9819569009909156,0.97211397,True,True,180.3736,13.665,13.716,9.778,7.42,AIP-exact
2179949546309068416,309.49634695673655,49.869163064592286,0.06193024511810211,191.52542372881356,0.1,9.808458712005434,8.416279069767443,5.2960975609756105,0.9314505583157944,0.9632099,True,True,296.09308,13.463,13.407,10.861,8.252,AIP-exact
2179993148818989568,309.06580995765404,49.86130851141416,0.0736642917340863,191.52542372881356,0.10787105198966634,10.928473612911056,12.063333333333334,5.049767441860466,0.7422354768238374,1.0194482,True,True,205.01483,13.63,13.499,10.859,8.289,AIP-exact
2180115611231467520,306.9675338423824,49.74034097988837,0.0847912986805856,150.84745762711864,0.1,9.415482675412381,7.983088235294118,6.099438202247192,0.8072395047453494,1.1048684,True,True,297.59845,13.462,13.394,11.493,8.034,AIP-exact
2180233980528403584,308.5016367204293,50.7622946309716,0.12086042287202953,171.18644067796612,0.1,9.859622712571278,9.523684210526316,5.9327868852459025,0.9731071911653333,0.9894057,True,True,248.5045,13.015,12.937,10.735,8.064,AIP-exact
2180248171100729856,307.93407610417864,50.44148073471532,0.11315043657217481,140.67796610169492,0.1,9.904803794866503,6.349122807017544,5.805882352941177,0.7898698238246857,0.99689895,True,True,250.6996,13.25,13.152,11.552,8.32,AIP-exact
2180252534788595712,307.62248190310595,50.320655228643545,0.0835532119044674,222.03389830508473,0.11636163857357301,11.020890661057562,9.123529411764707,3.5250000000000004,1.1455069017382224,1.0445232,True,True,266.51022,14.289,14.258,11.184,8.943,AIP-exact
2180480305494283520,310.61688065467155,51.149978117511246,0.10887757024359783,191.52542372881356,0.1,11.854486090820565,7.004516129032258,4.486363636363637,1.0491247020795385,0.9660201,True,True,138.07555,13.418,13.224,10.87,8.566,AIP-exact
2180587675369661440,309.07854407820975,50.604361101462686,0.0718184413680873,211.864406779661,0.24823268762177775,11.06282576756724,11.55,5.775,0.968107453238137,1.0177764,True,True,291.69934,14.397,14.337,10.511,8.112,AIP-exact
2180664851651225472,308.4984628773728,51.15460018166012,0.16431466677638626,161.01694915254237,0.1,10.625927505783505,10.052777777777779,3.655555555555556,1.0079401616837673,1.0588064,True,True,206.62787,13.363,13.239,11.308,8.626,AIP-exact
2180825071110478208,309.2770305983529,52.14596455472229,0.07105102978213126,171.18644067796612,0.1,9.829741509788935,18.71896551724138,7.755,0.9405043288885406,0.9932441,True,True,222.4187,12.988,12.867,10.62,7.83,AIP-exact
2182973551190527872,312.31753652189195,54.93496039287431,0.09209596878011793,161.01694915254237,0.1833324376267034,11.813260756696604,6.50119760479042,5.12122641509434,0.9500458815503701,0.9845975,True,True,215.68396,14.155,13.984,11.572,8.354,AIP-exact
2186236759957723136,302.32943717145343,55.49067035675944,0.09277655387672035,150.84745762711864,0.13540030931526834,12.96682366137933,4.7,3.7829268292682934,0.9015610912845051,1.0439405,True,True,146.05165,14.205,13.967,12.18,8.829,AIP-exact
2189269762780504832,314.40976979262007,56.72058613075918,0.1082530395838633,140.67796610169492,0.1833324376267034,10.973481539982224,5.837096774193549,4.679741379310345,0.9956754337010602,1.0512835,True,True,274.69534,14.413,14.33,12.062,8.415,AIP-exact
2191173743265775488,320.26752289293336,58.75479026287352,0.07531213204156857,171.18644067796612,0.1,12.877386703178857,6.275722543352602,4.825333333333334,0.9112699014820851,0.96492356,True,True,102.73515,13.433,13.245,11.241,8.444,AIP-exact
2191407728781331840,318.01395275206096,59.274345199354606,0.08267746625287586,201.6949152542373,0.1,11.540840037584719,8.972727272727274,3.502258064516129,0.9982562496028372,1.2271578,True,True,177.37434,13.582,13.455,10.944,8.646,AIP-exact
2191455115162421632,319.2433442550354,59.4828232504187,0.1903824154391064,191.52542372881356,0.1,9.174638085813163,7.592307692307694,8.042222222222222,0.9733871686235723,1.0437464,True,True,288.5607,12.788,12.693,10.251,7.703,AIP-exact
2191485416150476032,319.96178472699137,59.73983784595999,0.10656710675083121,171.18644067796612,0.13540030931526834,10.662606107849076,9.693750000000001,5.170000000000001,0.868690702499259,0.96967906,True,True,255.967,14.066,13.989,11.238,8.331,AIP-exact
2192163716046296576,317.6286552952544,59.39875479694057,0.1964769539349595,211.864406779661,0.1,10.756181236424053,10.540776699029127,4.0662921348314605,0.9293403537265725,0.99531233,True,True,263.45276,13.628,13.481,11.146,8.816,AIP-exact
2192193535999968256,317.65108698542343,59.84524974966906,0.09665420637092963,171.18644067796612,0.19776262910622383,11.037299788670179,11.19278350515464,6.031666666666667,1.0514472023823132,0.9578031,True,True,291.6581,14.269,14.125,11.297,8.226,AIP-exact
2192370351211120640,317.65790423629943,60.63325208206758,0.04886893538289664,201.6949152542373,0.26777121151983396,12.985044247528283,12.479310344827589,7.142763157894738,0.8532811300435046,0.9726709,True,True,149.14282,14.293,14.092,10.576,8.05,AIP-exact
2192479443380480896,315.5391697779805,60.13527709016546,0.07490474674216244,211.864406779661,0.23011983571417985,11.041070680762665,6.743478260869566,5.455778894472362,0.9273869633430635,1.0178221,True,True,286.45728,14.3,14.083,10.544,8.127,AIP-exact
2192512604827132288,315.63394907168964,60.70836026116963,0.10345360347517285,171.18644067796612,0.1,10.217369857199662,12.772941176470589,5.6546875000000005,1.0188557715049975,1.042126,True,True,249.98021,13.474,13.329,11.233,8.432,AIP-exact
2193718872162705792,311.1753369042753,59.63579961108036,0.09843780239905799,150.84745762711864,0.1,11.450736750580127,4.5810126582278485,4.980275229357798,1.0931812551878055,0.9643837,True,True,197.61188,13.702,13.541,12.026,8.533,AIP-exact
2194290480770398720,313.537236221594,61.30437815080183,0.054152502957037975,171.18644067796612,0.12552052364172658,11.326800109298777,5.59639175257732,3.6928571428571435,0.9920781579739055,0.97307205,True,True,284.74426,14.584,14.461,11.934,9.009,AIP-exact
2194344288120405760,312.7532730022086,61.25103038237404,0.08087533455651388,181.35593220338984,0.1,11.439674382144258,8.48203125,4.0662921348314605,1.057985057629364,1.0836424,True,True,210.9329,14.139,13.958,11.622,8.924,AIP-exact
2196031896730008448,314.31786993991847,62.98932629397586,0.098940865742293,161.01694915254237,0.1,13.474715041768304,5.965384615384616,3.705460750853243,1.042955543722963,0.9485351,True,True,105.59462,13.939,13.799,11.802,8.881,AIP-exact
2196189676654624128,317.8808970418238,63.1783329966712,0.05886231154659435,171.18644067796612,0.1,10.913265102141036,11.309375000000001,6.7856250000000005,0.9746175242355558,1.015946,True,True,215.59882,13.741,13.599,11.368,8.436,AIP-exact
2196304850492144896,317.86829748144334,63.58063150602841,0.18039974261350863,181.35593220338984,0.19776262910622383,13.636510070149399,7.592307692307694,4.096981132075472,0.8364276181140454,1.0396252,True,True,154.81213,14.869,14.685,11.696,8.869,AIP-exact
2197111960746746880,312.61612469627903,64.24836239556855,0.134034503361149,110.16949152542372,0.1,11.085999342722051,3.7181506849315076,3.8637010676156582,0.9931351626526776,0.9713721,True,True,198.56474,13.704,13.52,12.661,9.103,AIP-exact
2201042787838246016,341.1339537892011,61.18316054126143,0.17894034294552327,181.35593220338984,0.1,9.736856251390812,10.74950495049505,5.244927536231885,0.8220692416230931,0.98526496,True,True,256.31177,13.407,13.248,10.761,8.368,AIP-exact
2201442597754134528,333.9326277065366,60.111702897925,0.08968442798034515,161.01694915254237,0.1833324376267034,11.064164986417829,6.828301886792453,3.5831683168316837,0.8893396044505184,1.0087504,True,True,233.52028,14.114,14.0,11.174,8.044,AIP-exact
2201934045089266432,338.9515800015235,62.050697986408544,0.05197443693057887,161.01694915254237,0.14605773805564215,10.509265421691175,5.684293193717278,5.775,0.9194081344697964,1.0466337,True,True,287.7268,13.982,13.785,11.483,8.272,AIP-exact
2202133430350032000,339.2486194828539,62.3274403077922,0.047951355993186486,181.35593220338984,0.21332862845930578,10.678778932638995,17.233333333333334,10.24245283018868,0.8921981542463719,1.0571656,True,True,239.23946,13.718,13.568,10.361,7.445,AIP-exact
2202270839250725376,327.7065093715376,57.73251505026052,0.16458217688708626,171.18644067796612,0.1,9.745710986627223,7.335810810810812,7.592307692307694,0.8622702526606412,1.3552697,True,True,222.01443,12.615,12.553,10.389,7.413,AIP-exact
2202281181531708800,327.1896166533834,57.75192554091022,0.10040394333289862,171.18644067796612,0.1,9.319691840862497,27.142500000000002,17.511290322580646,1.0761080101137634,0.9941302,True,True,171.43095,11.846,11.803,9.5,6.619,AIP-exact
2202439266384157824,329.5514968170055,58.747834248363695,0.12107741902306879,201.6949152542373,0.1,11.866209176041009,9.960550458715597,3.8363957597173153,1.7902511750151517,1.3615352,True,True,207.16127,14.053,13.96,11.463,8.974,AIP-exact
2203154331204997760,330.27436276555846,60.432163644709625,0.09163910466388872,161.01694915254237,0.1833324376267034,11.241036654175609,6.168750000000001,4.523750000000001,0.9272124042358013,0.97603756,True,True,287.02298,14.439,14.302,11.637,8.385,AIP-exact
2204708933262222208,335.4909593019975,61.93237195925354,0.1264741273195826,171.18644067796612,0.12552052364172658,10.83206313151239,5.837096774193549,4.377822580645161,0.9473057417454874,1.0148231,True,True,256.87366,14.184,14.172,11.5,8.594,AIP-exact
2204772498775241344,335.66602872910266,62.34653410212405,0.15470875976703322,222.03389830508473,0.2888476227919195,11.802984590820554,4.782819383259913,3.655555555555556,0.9815445795290936,1.0784025,True,True,280.11185,14.824,14.564,10.591,8.294,AIP-exact
2204979898453944960,335.3310603306217,62.62963455194562,0.1352422727684572,161.01694915254237,0.3361078268614909,13.501485892891584,7.755,7.335810810810812,0.7671885136758692,1.1026489,True,True,143.59596,14.871,14.698,11.214,8.063,AIP-exact
2205052844185558528,335.25053697097724,63.131680792517,0.06887898871908364,191.52542372881356,0.21332862845930578,10.514149636234016,5.539285714285715,5.805882352941177,0.8398403552492754,1.006561,True,True,180.55074,13.004,12.866,9.452,6.806,AIP-exact
2205096824646630912,336.4812040342139,62.378157603847264,0.07789383059515927,150.84745762711864,0.11636163857357301,10.69997775012757,3.5831683168316837,3.548039215686275,0.8172535434755043,1.0418758,True,True,298.92432,14.309,14.313,12.238,8.835,AIP-exact
2205319677608959872,338.4042600458106,63.70698693285624,0.19922744830246822,181.35593220338984,0.1,11.20040226525221,11.55,3.705460750853243,0.9103080208959168,1.0062245,True,True,201.4274,13.54,13.369,11.326,8.906,AIP-exact
2205350429578111616,339.47432473534576,63.98716703877701,0.04215343192280878,130.50847457627117,0.10787105198966634,10.603650373534268,3.948,7.539583333333335,0.8754525096483895,0.9516289,True,True,215.23898,13.475,13.382,12.086,8.197,AIP-exact
2205446739920665856,335.45967098411745,63.387694411254905,0.17808836766056085,181.35593220338984,0.1,7.950652105866774,8.755645161290323,12.624418604651165,0.7373675060090729,0.98422617,True,True,270.8214,11.897,11.955,9.37,6.76,AIP-exact
2205567102086692864,339.064060038462,64.51021569601079,0.08772395668081397,191.52542372881356,0.1833324376267034,13.233747006774735,15.966176470588236,7.539583333333335,1.0018608293321385,0.9338191,True,True,124.051094,14.146,13.984,10.902,8.329,AIP-exact
2205783469659065216,333.1951441363861,62.85554919745096,0.055287344738251115,171.18644067796612,0.1,10.201121319092813,4.8686098654708525,3.7437931034482763,0.9327754864752571,1.0291792,True,True,291.9854,13.874,13.787,11.582,8.555,AIP-exact
2206035910659939584,331.78307950629846,63.804868805121885,0.09783475663300578,191.52542372881356,0.1,10.086821766089336,12.925,5.62538860103627,0.7968684520006084,0.9974195,True,True,266.1897,13.364,13.298,10.913,8.337,AIP-exact
2206089065171242112,332.9334607714993,63.95472968316098,0.03325714195599604,201.6949152542373,0.1,7.858356343108548,19.04736842105263,10.966666666666667,0.8199238716506815,1.0388999,True,True,267.03226,12.003,12.037,9.026,6.532,AIP-exact
2206106172021339392,333.9529322144157,64.16658557585073,0.05121433243669304,262.7118644067797,0.10787105198966634,11.15395903377265,10.644117647058826,3.8637010676156582,0.8765160822836056,1.017553,True,True,221.20462,13.912,13.648,10.707,8.86,AIP-exact
2206239938781305088,336.27422777555,64.03851202068768,0.05630844209816252,171.18644067796612,0.10787105198966634,11.668457459787476,6.168750000000001,14.87260273972603,1.087424425971475,1.0346236,True,True,88.30606,12.191,12.005,9.904,6.942,AIP-exact
2206245779937794560,336.50504419680186,64.10939949400438,0.11927232465394534,181.35593220338984,0.21332862845930578,10.963062872510955,9.693750000000001,8.163157894736843,1.0521620987083375,0.9725539,True,True,256.08163,13.885,13.712,10.611,7.799,AIP-exact
2206268182486056960,336.1833707979248,64.39846570640509,0.1243148564041242,181.35593220338984,0.1833324376267034,10.3271124264113,14.671621621621624,14.100000000000001,0.8105315933307925,0.9337968,True,True,198.28612,12.915,12.824,9.767,6.954,AIP-exact
2206340711594598784,336.03842444525026,64.85901601613956,0.19454433257172196,171.18644067796612,0.1,10.289417791915008,11.309375000000001,6.915286624203822,0.9304038225712274,1.0109576,True,True,227.22151,13.053,12.957,10.921,8.24,AIP-exact
2206430119932071936,336.48485612987554,64.81883032574869,0.10337246166136882,211.864406779661,0.10787105198966634,11.399914195392025,23.1,17.798360655737707,0.9621714604045774,1.0776652,True,True,98.23023,12.419,12.252,9.446,7.118,AIP-exact
2206532374515511168,335.7081871661949,64.96200666583314,0.19606980686152217,120.33898305084746,0.1,10.102670787167817,5.71421052631579,4.60042372881356,0.9194014343242244,1.05517,True,True,246.6779,13.311,13.141,12.01,8.754,AIP-exact
2206589446040277248,334.87568076465845,65.06593375438092,0.0550271359420132,171.18644067796612,0.16995517726504228,11.225405611638285,10.540776699029127,6.871518987341773,0.9003264292525581,0.9530989,True,True,256.15408,14.326,14.2,11.386,8.351,AIP-exact
2206669469870585344,337.9910754660446,65.6446897085553,0.1589835360642202,394.91525423728814,0.1,12.28342119896335,11.309375000000001,6.275722543352602,1.2015760215303777,1.0372704,True,True,60.71972,11.94,11.766,9.087,7.956,AIP-exact
2206755571085161472,337.2944446338389,66.1280299331482,0.09757023005201171,222.03389830508473,0.3625630486550966,12.3660379755633,17.798360655737707,9.123529411764707,0.8900343745987074,1.0223216,True,True,186.73383,14.316,14.087,9.967,7.658,AIP-exact
2206783917859993088,342.1270511538405,60.76007045832048,0.08830805689456117,150.84745762711864,0.39110057471005855,11.271067707647385,4.4679012345679014,7.8673913043478265,0.8780313533768614,0.95586616,True,True,282.37683,14.635,14.717,11.05,7.635,AIP-exact
2207329756662275968,346.25830411450187,62.14266998297581,0.0683055844354016,181.35593220338984,0.23011983571417985,11.642091955793251,6.660736196319019,4.25764705882353,1.008412243276712,0.9646927,True,True,273.53494,14.705,14.764,11.34,8.585,AIP-exact
2207422768474538624,345.6651613657901,62.78382635283385,0.18360715180127338,161.01694915254237,0.26777121151983396,11.338540568159699,4.224513618677043,8.548818897637796,0.986069763768504,1.0505143,True,True,231.55176,13.975,13.873,10.897,7.466,AIP-exact
2207438883192832640,346.78005578109014,62.96409085889173,0.10107190935385527,211.864406779661,0.31158296935278684,12.0271248313644,11.19278350515464,4.449590163934427,0.8738381160781328,1.0321339,True,True,261.51285,14.987,15.016,10.767,8.426,AIP-exact
2207504785172561152,349.11338297398635,63.2348684948523,0.07002457403130957,171.18644067796612,0.3361078268614909,12.451087372850697,9.781081081081082,10.340000000000002,1.020933783644352,1.053003,True,True,170.35329,14.311,14.23,10.593,7.587,AIP-exact
2207617936089454720,346.0426664102844,62.97711414223459,0.1697671368607885,100.0,0.1,10.639562116032,3.6928571428571435,4.980275229357798,1.1057519320080813,1.0087166,True,True,151.60432,12.638,12.526,12.233,8.545,AIP-exact
2208210396761663232,341.9443065889108,63.31064070583088,0.046458542699230464,191.52542372881356,0.21332862845930578,12.90238079539931,16.703076923076924,11.309375000000001,1.096643943680106,0.98493123,True,True,126.626686,13.819,13.701,10.523,7.832,AIP-exact
2208458130470368512,345.1562790000017,63.66968337463535,0.17958794075887966,211.864406779661,0.12552052364172658,12.691026821696246,14.100000000000001,4.679741379310345,0.9471690235522942,0.9628181,True,True,114.68342,13.823,13.661,10.778,8.436,AIP-exact
2208483389179530624,345.86421455223115,64.08436423896012,0.16529497692689366,171.18644067796612,0.1,10.492357358515177,7.487586206896553,4.957534246575343,0.9897319996351165,1.0597867,True,True,234.60806,13.327,13.183,11.155,8.479,AIP-exact
2208559633438846208,345.8830581734664,64.29755356448263,0.06799100662755499,211.864406779661,0.11636163857357301,11.705142299453286,13.080722891566266,3.571381578947369,0.8975330905999123,0.947453,True,True,185.3248,13.799,13.613,10.943,8.61,AIP-exact
2208841829969581824,345.63511615149935,65.11572362201987,0.1393146814005081,181.35593220338984,0.23011983571417985,11.604876217623296,30.15833333333334,17.233333333333334,1.2720261029907958,1.0213245,True,True,146.19885,13.053,12.959,9.865,6.899,AIP-exact
2208857498010223360,345.39245710708013,65.17755991957434,0.09800660621303389,171.18644067796612,0.1,10.04481971576368,20.48490566037736,11.674193548387098,1.0116128409269265,0.962035,True,True,216.26222,12.925,12.796,10.652,7.701,AIP-exact
2208945939979289344,346.80619645041946,65.41382597452144,0.11193741825716384,171.18644067796612,0.1,10.876028971178828,8.548818897637796,4.60042372881356,0.7965076806762611,1.0038813,True,True,214.98433,13.812,13.672,11.455,8.629,AIP-exact
2208964975265955840,346.6427224586656,65.66785123806308,0.06400452843126773,181.35593220338984,0.31158296935278684,13.441451483934468,11.42842105263158,7.592307692307694,0.9111379207120972,1.002422,True,True,123.64134,14.283,14.185,10.632,7.696,AIP-exact
2209009707354312576,348.7795442299516,66.24615363107289,0.14519685736375887,201.6949152542373,0.24823268762177775,12.362403012498888,8.755645161290323,4.25764705882353,0.8560189122022617,1.1266186,True,True,280.7071,15.202,15.003,11.416,8.832,AIP-exact
2209145050360354432,351.17031039792965,64.64033046475664,0.19182608130936296,161.01694915254237,0.1,10.860524746551597,5.9327868852459025,3.9624087591240875,0.9865884941153527,1.0264792,True,True,261.39667,13.839,13.578,11.814,8.903,AIP-exact
2209169278276544384,353.34259822893927,64.61431572667931,0.18979980124071086,130.50847457627117,0.1,9.996455585148656,5.348275862068966,4.413414634146342,0.9115476222433241,1.0299572,True,True,265.81708,13.362,13.317,11.96,8.781,AIP-exact
2209300876078477696,350.06358540745254,64.41753758177575,0.1871749531187575,161.01694915254237,0.1,9.419715819750893,11.42842105263158,5.455778894472362,0.9422296376475275,1.0067607,True,True,296.85614,13.27,13.274,11.187,8.517,AIP-exact
2209320770364325248,349.7652460983659,64.58914886961814,0.178262064446399,140.67796610169492,0.1,10.565858197719148,6.540361445783133,4.8686098654708525,0.8750177207911933,1.0893338,True,True,198.22214,13.205,13.048,11.524,8.561,AIP-exact
2209467825744323456,352.9646436126152,65.5066774188773,0.05958200245434243,191.52542372881356,0.1,11.790833136893605,7.8673913043478265,3.8637010676156582,0.924592233603127,0.97720164,True,True,193.11116,14.122,13.972,11.54,9.017,AIP-exact
2209627461087999744,356.73754701734686,65.68742716134095,0.0524857276205348,211.864406779661,0.16995517726504228,12.760957974276678,15.966176470588236,6.204000000000001,1.0425052275987747,1.144661,True,True,134.24107,13.867,13.747,10.645,8.213,AIP-exact
2209807166818813568,358.5764589023445,66.61176198950542,0.057417357476764984,171.18644067796612,0.15755401855293244,12.866839045271165,5.483333333333333,4.679741379310345,0.7591771793414687,1.0831091,True,True,157.30582,14.315,14.057,11.692,8.613,AIP-exact
2209834173573188992,359.4419080185352,66.71246580846902,0.0750374691656282,171.18644067796612,0.1,9.21509373389155,23.60217391304348,14.87260273972603,1.0803053025635407,1.0059226,True,True,167.74634,11.806,11.793,9.413,6.662,AIP-exact
2210034211670872576,358.3597384646579,67.07004811203089,0.17369731964794097,242.3728813559322,0.1,11.978688840032035,8.972727272727274,3.7829268292682934,0.9939339492063284,1.0324174,True,True,153.21484,13.391,13.153,10.759,8.722,AIP-exact
2210121867661807616,359.7429866344668,67.59722971790282,0.06778928715263434,191.52542372881356,0.1,7.832638656990089,8.225,6.660736196319019,0.7181695675376135,0.99383605,True,True,289.46234,12.094,12.154,9.237,6.689,AIP-exact
2210129800464415232,358.60195235963124,67.57096635311275,0.05002968171195566,140.67796610169492,0.26777121151983396,10.652392887524151,4.659656652360515,7.645774647887325,0.7955753948061094,0.9672768,True,True,221.79044,13.592,13.455,10.882,6.99,AIP-exact
2210493910611453056,349.0799079401176,66.11988849870941,0.18793789952888942,161.01694915254237,0.1,10.544757786614971,5.049767441860466,4.096981132075472,0.8503086229436324,1.0460669,True,True,297.94592,13.829,13.719,11.973,8.83,AIP-exact
2210561118260938240,350.90992956796083,67.03456544131673,0.1419914224199017,150.84745762711864,0.12552052364172658,11.152136336368972,5.837096774193549,4.4679012345679014,0.9135235403308166,0.9936541,True,True,270.74493,14.024,13.911,12.146,8.77,AIP-exact
2210883069008231680,358.990465561453,67.71872937599649,0.1947525490278379,150.84745762711864,0.1833324376267034,12.625725949500405,5.837096774193549,5.483333333333333,0.9697012892391309,0.9731368,True,True,142.17067,13.702,13.506,11.561,7.942,AIP-exact
2211310263633864192,341.37796924526447,64.13624527008477,0.058555462897877705,171.18644067796612,0.13540030931526834,10.786801778196184,14.671621621621624,8.6856,0.8011105567550953,1.0003968,True,True,257.937,13.977,13.854,11.29,8.324,AIP-exact
2211984539138565504,347.0307385391746,66.03981839865864,0.12568094977115546,161.01694915254237,0.13540030931526834,11.041947069558848,8.6856,5.965384615384616,0.8314470917008497,0.9755528,True,True,246.63902,14.213,14.049,11.727,8.462,AIP-exact
2212431391835358208,340.3361797450728,65.49583189329188,0.1206181769891641,140.67796610169492,0.1,9.579461655127929,5.837096774193549,6.540361445783133,0.9839004625850712,1.0054431,True,True,276.14658,13.163,13.093,11.383,8.248,AIP-exact
2212464957001361920,338.5665410704589,65.4055774386138,0.11838620900533854,232.20338983050846,0.3625630486550966,11.832261633871784,14.285526315789475,7.142763157894738,0.8994772572883487,0.9620354,True,True,258.8118,14.559,14.37,10.099,7.843,AIP-exact
2212517527401414784,339.59783958819344,66.00662328457506,0.16288275431275406,171.18644067796612,0.1,11.373079665599166,9.35948275862069,5.401492537313433,0.8721317141228025,1.050013,True,True,182.24141,13.854,13.705,11.37,8.495,AIP-exact
2212676819149303296,338.2709657429993,65.84235333532753,0.056374989703847404,232.20338983050846,0.1,10.08798467071492,10.644117647058826,3.595033112582782,0.7484538828464177,1.0087212,True,True,277.9514,13.682,13.541,10.707,8.653,AIP-exact
2213491282388423680,346.52056721417244,68.94472960908263,0.09451025923130003,201.6949152542373,0.24823268762177775,12.005190150954324,10.340000000000002,4.486363636363637,0.7260731734068137,0.94649553,True,True,295.53653,14.94,14.89,11.276,8.82,AIP-exact
2213580823864611200,350.6309397633349,67.21491620831561,0.09682565960425182,201.6949152542373,0.1833324376267034,11.878193481407683,8.416279069767443,4.241015625,1.0147764071524246,1.1551008,True,True,293.61572,14.782,14.643,11.574,8.972,AIP-exact
2213947992030110592,351.23926490447883,68.20585964808947,0.12810641664782677,181.35593220338984,0.16995517726504228,11.836672887194462,10.74950495049505,6.168750000000001,0.9232237285326605,0.9584447,True,True,244.20459,14.372,14.187,11.522,8.586,AIP-exact
2215059705663304576,349.35413304631953,69.86008426918849,0.02978390030803674,181.35593220338984,0.16995517726504228,11.135770397818622,16.9640625,10.857000000000001,0.9463854268439609,1.0131543,True,True,126.15426,12.712,12.535,9.576,6.76,AIP-exact
2218004438320950400,326.3670966089029,66.16833919388907,0.11248706446015737,181.35593220338984,0.10787105198966634,11.525879134949534,21.714000000000002,10.052777777777779,1.0766923376276183,1.0103292,True,True,109.42828,12.451,12.247,9.984,7.273,AIP-exact
2218227707900631808,333.10571820199124,65.1090018472296,0.050931110187087,181.35593220338984,0.11636163857357301,11.071396378728199,18.71896551724138,9.123529411764707,0.96227195843635,0.94607556,True,True,184.70401,13.475,13.296,10.83,8.01,AIP-exact
2218228803113259776,333.0628735429014,65.14524845104093,0.14587061535544477,191.52542372881356,0.26777121151983396,10.469907059690097,22.15714285714286,13.571250000000001,1.0484632146901007,0.95903885,True,True,293.6957,13.878,13.696,10.115,7.464,AIP-exact
2218248083226332416,331.8126185262734,64.9591474878248,0.103965552990179,161.01694915254237,0.1,10.095451184649527,8.616666666666667,3.8913978494623658,0.9499329405213154,0.95674855,True,True,291.81873,13.804,13.667,11.637,8.781,AIP-exact
2218252511331739904,331.2608680696845,64.87030697603096,0.09658761395339419,232.20338983050846,0.23011983571417985,11.689074393823484,7.983088235294118,4.741048034934498,0.8469626576722662,1.0431168,True,True,258.9159,14.549,14.522,10.67,8.506,AIP-exact
2218657612647052288,333.0863068223224,65.43556461562865,0.09339263938895137,171.18644067796612,0.2888476227919195,10.5331657886792,8.416279069767443,13.240243902439024,0.7510154627901339,1.016493,True,True,244.11375,13.692,13.558,10.025,6.941,AIP-exact
2218887548017377664,332.8101805047386,66.04877763091757,0.08690300108137888,161.01694915254237,0.3361078268614909,11.805813502932468,7.539583333333335,6.424260355029586,0.8732335061055966,0.9845767,True,True,276.8853,14.937,14.846,11.334,8.133,AIP-exact
2218920194067121920,333.5904918661002,66.31018457262894,0.11298059849263956,161.01694915254237,0.1,10.642953615316355,14.476000000000003,5.9327868852459025,1.0122256752838228,0.94028014,True,True,224.6432,13.426,13.317,11.299,8.294,AIP-exact
2219129715455420800,336.2691838109603,67.6715853434802,0.14374828612487106,191.52542372881356,0.2888476227919195,12.689577879541588,10.74950495049505,5.049767441860466,0.860970183198767,1.0732864,True,True,261.3041,15.119,14.87,11.411,8.617,AIP-exact
2219608140451632640,330.0580685623447,66.97485444878913,0.057277841702263056,181.35593220338984,0.13540030931526834,12.581736046470045,7.645774647887325,4.486363636363637,1.0448038069201167,0.8958919,True,True,173.93204,14.252,14.087,11.674,8.846,AIP-exact
2220318807217121536,321.0963159437364,64.06231643768405,0.16361676607993506,161.01694915254237,0.1,10.512040899850867,10.24245283018868,5.0263888888888895,1.3909294776283094,1.0641606,True,True,205.98264,13.172,13.033,11.147,8.403,AIP-exact
2220395459496329216,320.42005053423725,64.6493271279551,0.17296910571403845,211.864406779661,0.21332862845930578,12.114672603921164,9.870000000000001,5.145497630331755,0.8487552815435431,1.0082133,True,True,237.8217,14.5,14.282,10.983,8.581,AIP-exact
2220827052168884864,320.19437330409147,66.13717363267929,0.06271317330314684,171.18644067796612,0.16995517726504228,11.872667206376748,7.810791366906475,5.455778894472362,0.876448414257706,0.9948927,True,True,221.66614,14.368,14.15,11.511,8.579,AIP-exact
2221164155560328576,322.9880259914977,66.33511272393055,0.18986739328861846,201.6949152542373,0.2888476227919195,11.948175052034408,12.772941176470589,3.948,0.7435706423147816,0.9438337,True,True,296.63855,15.339,15.232,11.224,8.754,AIP-exact
2222228139219539328,322.34639188647367,68.22765038280946,0.04713739919026211,161.01694915254237,0.12552052364172658,10.82191172028178,8.826829268292684,5.483333333333333,1.0187996349853083,1.0023063,True,True,276.7165,14.207,14.1,11.796,8.618,AIP-exact
2222473368969201024,320.8093037234112,68.81467241208495,0.06329184958805678,181.35593220338984,0.10787105198966634,11.472119611416623,7.286577181208055,3.7567474048442913,0.9129207979883823,0.988685,True,True,268.12177,14.451,14.259,12.008,9.203,AIP-exact
2223078718841394176,327.20528336239107,69.0948314395706,0.051073219398966654,161.01694915254237,0.10787105198966634,10.833746807882584,6.959615384615385,4.9350000000000005,0.8900315353671326,1.0384984,True,True,292.36652,14.233,13.981,12.099,8.865,AIP-exact
2223655447048500864,324.33506971449884,68.13392872382138,0.0908813599445112,211.864406779661,0.15755401855293244,10.168329915233205,14.285526315789475,9.607964601769913,0.8706633594259431,1.1223177,True,True,268.38684,13.493,13.32,10.126,7.763,AIP-exact
2223706299461209472,324.5530211165951,68.58005635721847,0.1116005623008272,222.03389830508473,0.24823268762177775,11.662752234603836,14.285526315789475,6.239655172413794,0.808119303293737,0.986944,True,True,249.17023,14.569,14.613,10.592,8.396,AIP-exact
2224203102620877824,324.65141840635346,70.56075771753426,0.08372922165515587,161.01694915254237,0.11636163857357301,11.928267533913672,5.567692307692308,3.680338983050848,0.8776606973545079,1.0674465,True,True,223.61395,14.568,14.326,12.276,9.155,AIP-exact
2224242685040299008,328.23252363896194,69.91471122331316,0.13655503749177006,181.35593220338984,0.15755401855293244,11.754990903596322,9.27948717948718,4.308333333333334,0.9939757955346197,0.9532383,True,True,285.20453,14.685,14.58,11.736,8.84,AIP-exact
2224352189525904640,328.61526753396055,70.69446955071874,0.15220189838655437,171.18644067796612,0.16995517726504228,11.870904415376215,7.8673913043478265,4.325498007968128,0.8018292881412064,0.9568828,True,True,262.30823,15.094,14.855,11.955,9.061,AIP-exact
2224767839280652416,329.37999242171685,72.09546234458881,0.0506545143089086,120.33898305084746,0.10787105198966634,10.59323069284845,4.0662921348314605,5.998342541436465,0.9061726477170177,1.0317572,True,True,252.87498,13.922,13.702,12.779,8.652,AIP-exact
2225434658725488128,341.48242431623584,68.66088475537931,0.09334034117111699,140.67796610169492,0.19776262910622383,11.729369652491929,4.021111111111111,4.377822580645161,0.8421072883920636,1.0398992,True,True,287.85294,14.924,14.674,12.656,9.053,AIP-exact
2226460674872425088,339.18283949960755,70.66801786432299,0.1992708751711802,191.52542372881356,0.2888476227919195,12.846895408414124,8.899180327868853,3.7181506849315076,0.6859517262404958,1.0076598,True,True,278.02466,15.61,15.355,11.788,9.112,AIP-exact
2226875469931192960,341.13481838255603,71.29102123092451,0.1639790837808227,130.50847457627117,0.1,11.511502394806497,6.7856250000000005,4.7,1.1364265444038477,0.978387,True,True,152.9148,13.303,13.116,11.835,8.729,AIP-exact
2229695678597978368,334.504725137541,71.35146421521058,0.09351796588752694,171.18644067796612,0.1,10.875961134456544,6.828301886792453,4.021111111111111,0.9903637618763008,0.9592749,True,True,277.4568,14.213,14.002,11.966,9.135,AIP-exact
2229703272100820480,334.50642282735527,71.55616886916489,0.18698572057162738,150.84745762711864,0.21332862845930578,12.464242551589884,3.730927835051547,3.536482084690554,0.7756980406514411,1.0524908,True,True,299.55646,15.558,15.262,12.785,9.266,AIP-exact
2229814567590099200,336.7029324062481,71.81449870355515,0.16583122105101983,171.18644067796612,0.1,10.822891284078127,8.972727272727274,3.571381578947369,0.8517035891453515,1.0327781,True,True,235.27032,13.854,13.663,11.587,9.046,AIP-exact
2230705653043990528,332.24072414096264,72.15112172144242,0.16739390275135976,130.50847457627117,0.1,10.52954025549376,6.743478260869566,4.325498007968128,0.8571441087198528,0.99684066,True,True,221.30333,13.491,13.298,11.986,8.818,AIP-exact
2237926420784195072,302.28595420397505,61.9988585507244,0.056661423906295784,130.50847457627117,0.1,10.184716067230895,4.191891891891892,5.1947368421052635,0.8615274800734647,1.0047133,True,True,297.55057,13.972,13.794,12.498,8.738,AIP-exact
2239915368596916224,289.0893266264567,61.10084318331547,0.053837153644072766,100.0,0.1,8.221710214194928,7.050000000000001,13.571250000000001,0.7101821886487418,0.9769049,True,True,296.92896,12.527,12.515,12.167,7.637,AIP-exact
2250874578947677440,300.9963576688141,69.48164877045765,0.10663614774352945,140.67796610169492,0.1,12.527194226636288,14.671621621621624,9.960550458715597,0.8770861878155514,1.0597637,True,True,90.250404,13.007,12.769,11.338,8.148,AIP-exact
2257124409200338304,279.928402133614,66.82243026648572,0.19882316134015846,100.0,0.1,13.2213693895144,11.80108695652174,6.828301886792453,1.4625322825767422,1.0035743,True,True,66.98558,12.79,12.577,11.622,8.58,AIP-exact
2270570371255538560,321.13754327976835,69.57203894150673,0.13169996816007554,130.50847457627117,0.1,11.592002334788715,7.335810810810812,5.9327868852459025,0.8870309774378354,1.022533,True,True,153.28665,13.558,13.323,12.032,8.675,AIP-exact
2271217330769945984,313.197612382567,69.91598378265606,0.08864618389088279,150.84745762711864,0.14605773805564215,11.756798615507652,4.7,3.9194945848375453,0.7619419108229764,1.0077088,True,True,293.25598,14.767,14.586,12.634,9.173,AIP-exact
2271779009411275776,317.12873858243097,71.49248915183672,0.06774819114181356,150.84745762711864,0.1,12.962889156694136,5.483333333333333,3.9336956521739133,0.9863233663777721,0.96214384,True,True,145.29597,14.171,13.955,12.492,9.288,AIP-exact
2273427658377008384,319.2479027732249,72.45580065764432,0.10210842873045677,140.67796610169492,0.11636163857357301,12.353009958572658,3.8228873239436627,3.6311036789297666,0.7193070093716574,0.97526616,True,True,219.95306,14.543,14.386,12.916,9.377,AIP-exact
2273605538743096192,316.95704905399487,72.80416912149376,0.11359194359015339,130.50847457627117,0.24823268762177775,12.843420387805068,5.71421052631579,7.487586206896553,0.9609266473683002,1.0677088,True,True,165.0652,14.557,14.38,12.32,8.431,AIP-exact
2274105021963209600,322.2746210451498,74.13778530645203,0.12960756592868775,150.84745762711864,0.1,12.315010407969346,6.275722543352602,4.0662921348314605,0.8645600040474957,1.1890098,True,True,141.00182,13.592,13.328,11.911,8.753,AIP-exact
2275272119196499712,309.50105459845184,72.65109611294932,0.10303262385507352,110.16949152542372,0.12552052364172658,11.428388374541486,3.5250000000000004,5.71421052631579,0.9791596584386639,1.1155272,True,True,205.86453,14.143,13.926,13.15,8.867,AIP-exact
2278540176991575424,312.6933847386838,76.12501213742159,0.1626240398117203,201.6949152542373,0.16995517726504228,11.503888704224739,9.440869565217392,3.7697916666666673,0.8983795104561744,0.9526304,True,True,287.5343,14.62,14.289,11.365,8.831,AIP-exact
2287280714613454208,347.0276306682848,81.63410380619092,0.09856326504371216,100.0,0.1,10.01291490677262,4.413414634146342,7.436301369863015,1.019483825111621,1.0212761,True,True,203.78275,12.748,12.612,12.434,8.157,AIP-exact
2287315039992360704,350.65669340258097,81.97190470179139,0.18130860873549137,100.0,0.1,10.664222359078375,8.042222222222222,8.548818897637796,0.9519578475532774,1.0212135,True,True,112.7285,12.151,11.987,11.731,8.007,AIP-exact
2327490709538068480,356.66598434819633,-29.75606639344903,0.1625543099262697,150.84745762711864,0.19776262910622383,11.648347616251417,5.62538860103627,5.12122641509434,0.9466857006339113,1.0801877,True,True,243.18774,14.31,13.967,11.797,8.302,AIP-exact
2399960384213077376,345.51513120824563,-18.612680089249608,0.04158388023437057,161.01694915254237,0.11636163857357301,9.593892029338463,9.27948717948718,5.71421052631579,0.8273091569102659,0.9412431,True,True,279.72855,13.225,13.137,10.878,7.778,AIP-exact
2438616464266702720,351.67053910991774,-7.792869397068146,0.1724943787686035,110.16949152542372,0.1,11.451044099705769,5.965384615384616,5.0263888888888895,0.9845376240933775,1.0385675,True,True,104.781975,12.296,12.137,11.377,7.925,AIP-exact
2478471596110203008,20.16087855427781,-7.177066219911776,0.12161896172239502,140.67796610169492,0.1,9.88805039335762,3.796153846153847,4.413414634146342,1.0896951943469981,1.022463,True,True,281.6623,13.299,13.177,11.659,8.142,AIP-exact
2493020364033460224,34.370211409657735,-3.138134904354565,0.11963791120349533,150.84745762711864,0.23011983571417985,11.072581106355765,5.805882352941177,5.59639175257732,0.9177434851590873,1.0886956,True,True,270.95825,14.426,14.118,11.586,8.075,AIP-exact
2507922427376853376,29.740352551283145,0.9402088818217716,0.18992893069660483,140.67796610169492,0.1,10.099688165038136,7.810791366906475,5.322058823529413,1.2450540637932876,1.0633485,True,True,193.60384,12.705,12.577,11.213,8.056,AIP-exact
2508748293752817664,25.52134385344348,-1.0360641718147316,0.1238697705386684,150.84745762711864,0.1,11.09331231328026,3.809473684210527,3.809473684210527,0.905635319005449,1.0037788,True,True,176.72742,13.486,13.211,11.587,8.273,AIP-exact
2510223430335944832,25.455242495203517,0.4713193558998357,0.0875607084762754,161.01694915254237,0.1,10.788774352458415,8.163157894736843,4.782819383259913,0.8278640516111848,1.0347025,True,True,183.7505,13.156,12.909,11.109,8.127,AIP-exact
2542964034753750656,9.901535060537991,-0.3289471750854573,0.18652241433767117,100.0,0.1,9.249451085726113,5.348275862068966,4.208139534883721,0.8957665471175066,1.0323331,True,True,190.8566,12.196,12.093,11.365,7.848,AIP-exact
2568406557725395712,26.92295216405343,7.0666442368080205,0.12641446134433348,161.01694915254237,0.2888476227919195,12.420568024996907,5.2960975609756105,4.274409448818898,0.8918765874195108,1.0511642,True,True,230.01682,14.961,14.629,11.684,8.413,AIP-exact
2570120387115938304,33.09113650012859,9.82433094200483,0.1589142796366077,140.67796610169492,0.21332862845930578,11.618212223189403,3.9194945848375453,3.7181506849315076,0.8508207354299916,0.8998914,True,True,237.19414,14.532,14.348,12.051,8.499,AIP-exact
2596554673872317056,340.5587490005895,-15.78647069269721,0.15327518689176473,181.35593220338984,0.21332862845930578,10.214184096171191,8.225,3.571381578947369,1.1311776779819256,0.99462694,True,True,285.51648,13.733,13.499,10.382,7.458,AIP-exact
2631872774062629120,348.6446191838777,-6.6125339959047,0.09434929584232984,120.33898305084746,0.1,9.770355079694099,3.680338983050848,3.595033112582782,0.8346633873301692,0.9857554,True,True,248.87025,13.049,12.902,11.892,8.198,AIP-exact
2644370304260053376,353.88516033694015,-0.0736118099135933,0.17598557397279593,130.50847457627117,0.1,9.492726115594655,4.980275229357798,3.502258064516129,0.9326368398478495,1.0121305,True,True,249.95474,12.954,12.835,11.508,8.273,AIP-exact
2660349163149053824,351.9637283640838,5.107261950673839,0.13501237438110472,181.35593220338984,0.1833324376267034,11.034542059434647,10.43942307692308,4.782819383259913,0.8253422354164197,0.97507733,True,True,211.54053,13.805,13.523,10.663,7.821,AIP-exact
2734097329329883904,333.78259386869235,13.61304320507348,0.12707775534839896,140.67796610169492,0.1,10.665346161195094,5.90054347826087,4.036059479553903,0.9016169420145312,1.0559539,True,True,168.45355,12.943,12.721,11.379,8.121,AIP-exact
2736678188062952576,340.0142956636197,16.76578512098066,0.14107289109451723,120.33898305084746,0.1,9.50732336876151,3.6311036789297666,3.655555555555556,0.8373781778511373,0.9773968,True,True,286.9535,13.195,13.086,12.048,8.493,AIP-exact
2737578756804756096,335.4372531211198,17.58973854644889,0.10768551409404643,181.35593220338984,0.1,11.043936367521294,6.133898305084747,3.9194945848375453,0.9691741870735243,1.0217972,True,True,230.2017,13.721,13.522,11.42,8.592,AIP-exact
2809560759418357376,9.736440364115715,27.52560805608908,0.10792924633905704,120.33898305084746,0.1,11.40462192263028,3.8363957597173153,3.6928571428571435,1.1078597776956511,0.89801687,True,True,153.89525,13.204,12.984,12.094,8.516,AIP-exact
2852394365182884096,356.03332709032986,25.464456486271427,0.09005617222260844,150.84745762711864,0.1833324376267034,11.561681397121099,4.846875000000001,4.191891891891892,0.9857499618644482,1.0099089,True,True,233.01631,14.192,13.973,11.729,8.291,AIP-exact
2865057273096898560,356.9336451529773,27.4213594989978,0.14636746072984416,100.0,0.1,10.119499227032067,6.204000000000001,6.204000000000001,0.901887782182689,1.0181,True,True,144.32812,12.279,12.125,11.442,7.887,AIP-exact
2916683565972940672,91.65700322231528,-22.88138083496941,0.047480017906047584,150.84745762711864,0.13540030931526834,12.361885202078604,4.620000000000001,3.8637010676156582,0.9688557939957075,1.0441178,True,True,159.23589,13.963,13.784,11.943,8.448,AIP-exact
2919692899237376256,99.91050130940604,-27.264235037731677,0.17671090282507373,120.33898305084746,0.1,8.759456344012712,4.60042372881356,4.782819383259913,0.8760384269081143,1.0005392,True,True,276.13403,12.687,12.64,11.515,8.012,AIP-exact
2926329482705699072,100.01047515040544,-22.42892526793689,0.06040913501894822,130.50847457627117,0.1,10.29028333597076,3.9336956521739133,4.4679012345679014,0.806287133245953,1.0436689,True,True,246.8799,13.563,13.345,12.06,8.445,AIP-exact
2963935700951142528,85.83534424431315,-23.10765860656893,0.15294734667923596,161.01694915254237,0.11636163857357301,11.321477272446549,5.62538860103627,4.360240963855422,0.9127348979306951,1.0322512,True,True,205.90237,13.602,13.413,11.616,8.439,AIP-exact
2966861943769527680,85.92874878991987,-19.8604567277024,0.09562596207917438,161.01694915254237,0.1,11.207886664697696,7.385714285714287,3.9336956521739133,0.924194643169231,1.0003827,True,True,169.10197,13.319,13.097,11.31,8.371,AIP-exact
2977470860885662464,71.7205964186912,-20.28011208202892,0.1841814131025211,100.0,0.1,8.591877283049309,4.486363636363637,5.170000000000001,0.7101452319738835,1.0040405,True,True,242.99657,12.29,12.225,11.947,8.038,AIP-exact
2985135723943831040,78.81716584329062,-14.488986494352956,0.1151504863884327,181.35593220338984,0.10787105198966634,11.386213970804683,7.592307692307694,3.976923076923077,1.0234106926250244,0.98372614,True,True,193.9526,13.874,13.645,11.312,8.465,AIP-exact
2991223552327065984,91.84422419556545,-16.583266303742565,0.15183090584943496,120.33898305084746,0.1,9.950406599701548,5.049767441860466,3.8913978494623658,0.9617286337847094,1.0089997,True,True,232.24356,13.086,12.915,11.902,8.446,AIP-exact
3002145207483603328,98.16386967565036,-10.344021966765304,0.09732754357418003,150.84745762711864,0.1,10.770782891435964,5.744444444444445,4.504979253112034,0.7550887876791473,1.0703003,True,True,180.26683,13.295,13.147,11.294,8.064,AIP-exact
3012153610856540800,84.52702343134835,-9.633918387644524,0.07848593337125723,191.52542372881356,0.26777121151983396,11.746061889064947,11.309375000000001,6.540361445783133,0.9024982802986389,1.0702438,True,True,203.96912,14.018,13.873,10.339,7.697,AIP-exact
3012156290916130816,84.4759346774574,-9.63867146999493,0.048432228884725204,191.52542372881356,0.10787105198966634,11.408964545626704,9.870000000000001,7.924817518248175,1.0070434022737265,0.9856709,True,True,115.284386,12.701,12.516,9.993,7.347,AIP-exact
3013500723056634240,83.09031995699812,-10.332053327972806,0.10518472518965236,181.35593220338984,0.15755401855293244,11.479621798906699,12.198876404494383,9.27948717948718,1.211036894789946,1.0604806,True,True,137.6663,12.919,12.732,10.057,7.172,AIP-exact
3015365013739438720,85.56151883585417,-8.255021465096602,0.05608595537118693,252.54237288135593,0.14605773805564215,10.782299463312096,18.095000000000002,4.980275229357798,0.8561713111095799,0.99059415,True,True,161.73578,12.965,12.822,9.438,7.504,AIP-exact
3015369480505427200,85.45940338486317,-8.183823836063485,0.0775085260015477,150.84745762711864,0.19776262910622383,11.414301311839985,4.980275229357798,4.679741379310345,0.8431444395942597,0.98821276,True,True,257.9999,14.389,14.181,11.72,8.298,AIP-exact
3015586530972783360,84.46376343264406,-8.165721571930888,0.14431783570128887,161.01694915254237,0.1,11.299593287645973,5.6546875000000005,3.6190000000000007,0.9030899589332144,1.0616437,True,True,162.64471,13.263,13.047,11.259,8.482,AIP-exact
3015649817314609280,84.6469835175775,-7.613955679738948,0.09574241592305407,191.52542372881356,0.2888476227919195,11.826273209657172,7.645774647887325,3.548039215686275,0.9497189904899132,1.0391097,True,True,276.41586,14.753,14.518,11.074,8.293,AIP-exact
3015690155647441152,84.48243916975926,-7.667140216360507,0.1095864172090946,171.18644067796612,0.21332862845930578,10.884532802953947,6.275722543352602,3.6432885906040275,0.9323591416837729,1.0057063,True,True,291.70847,14.184,14.083,11.152,7.968,AIP-exact
3015912639251716736,86.96378840598422,-7.202085384647375,0.15730852694215355,171.18644067796612,0.1833324376267034,11.227289039063145,5.744444444444445,4.191891891891892,0.929751291655847,0.9545787,True,True,262.93887,14.032,13.891,11.289,8.225,AIP-exact
3016005474966721792,85.03892154303156,-7.73425576130683,0.08394506218358448,171.18644067796612,0.42188430427737117,11.139386280213023,12.479310344827589,9.693750000000001,0.8244867914685468,0.9945666,True,True,291.9327,14.537,14.537,10.485,7.406,AIP-exact
3016229848355467776,85.46641181249653,-6.599200728586012,0.038910248332157366,201.6949152542373,0.23011983571417985,11.645507131072382,8.225,3.8363957597173153,1.4596257670851307,1.1474531,True,True,208.4174,14.088,13.915,10.436,7.888,AIP-exact
3016249600907710464,85.39096684114449,-6.373342874115794,0.06581668633503364,171.18644067796612,0.1833324376267034,11.953456881831503,5.965384615384616,4.431428571428572,0.9669888926602522,0.999596,True,True,161.81226,13.673,13.601,10.806,7.804,AIP-exact
3016253728373564032,85.9034858785437,-6.427374519935297,0.08545950848334517,150.84745762711864,0.19776262910622383,10.410329609917023,4.957534246575343,5.12122641509434,0.9908638903913026,0.9684715,True,True,258.52484,13.624,13.539,11.094,7.514,AIP-exact
3016255338983967104,85.68121684071802,-6.475714543037473,0.11833260455970541,201.6949152542373,0.24823268762177775,10.489530892607911,10.540776699029127,7.142763157894738,0.893506792118239,1.0500525,True,True,277.04596,13.756,13.646,10.054,7.441,AIP-exact
3016308154199021696,82.69101502052793,-8.117416226490063,0.19754763330010994,140.67796610169492,0.1,10.475977842399843,6.424260355029586,3.571381578947369,0.8236498849036639,1.014628,True,True,195.4958,13.016,12.838,11.471,8.451,AIP-exact
3016441916660250752,83.74012672986012,-7.426331400222079,0.14312656080268316,181.35593220338984,0.15755401855293244,11.630220361792551,11.55,6.58,1.0548740563013834,0.9877145,True,True,143.61147,13.06,12.901,10.254,7.424,AIP-exact
3016442810013433600,83.87200175891618,-7.413832410513629,0.09202305383353017,201.6949152542373,0.1,11.358119620571998,11.674193548387098,4.224513618677043,0.9110903900012284,1.0122571,True,True,144.98213,13.084,12.907,10.486,8.22,AIP-exact
3016471908415090560,84.17891950180653,-7.252478035991634,0.057357513950592125,171.18644067796612,0.3625630486550966,11.76561100632937,6.871518987341773,5.59639175257732,0.8095763609880906,0.9761526,True,True,288.07608,14.903,14.793,11.011,7.991,AIP-exact
3016481258560648320,83.86555522304852,-7.213887015192284,0.07129170578465262,171.18644067796612,0.1,9.272171863234256,6.540361445783133,4.325498007968128,0.8048844361464845,1.0028783,True,True,297.30145,13.29,13.206,10.813,7.964,AIP-exact
3016968582729286912,84.49312242551585,-6.260581907394545,0.06922315874292784,201.6949152542373,0.24823268762177775,11.833579677738387,8.042222222222222,3.976923076923077,0.9715411994364799,1.0048083,True,True,225.5415,14.289,14.162,10.652,8.099,AIP-exact
3016972323645213056,84.17107864936867,-6.38480754401897,0.17219047049382322,171.18644067796612,0.4550910372032852,12.521641282726847,5.0263888888888895,7.004516129032258,0.7860271745735692,1.0787112,True,True,243.96883,15.29,15.118,11.107,7.508,AIP-exact
3017017373558413824,85.00044898527378,-6.212202687362567,0.11546468272107908,150.84745762711864,0.1,10.072853181250753,7.286577181208055,4.8039823008849565,0.865514041735175,1.0120716,True,True,194.14185,12.694,12.545,10.836,7.654,AIP-exact
3017056161406310784,85.38589311039173,-5.844501430638418,0.06559222901461273,181.35593220338984,0.2888476227919195,11.447834455569136,6.031666666666667,3.559672131147541,0.8846143623504129,1.030847,True,True,299.08643,14.718,14.505,10.964,8.185,AIP-exact
3017100794706470272,84.96232947253877,-5.827856424582824,0.05564169540081396,171.18644067796612,0.1833324376267034,10.978951806707022,4.036059479553903,4.308333333333334,0.8286319157602018,0.9877124,True,True,261.19595,14.167,14.013,11.15,8.113,AIP-exact
3017130107859781888,85.06093529613833,-5.409428095687052,0.06793502533760767,161.01694915254237,0.3361078268614909,10.191280471371652,5.998342541436465,8.826829268292684,0.8068832672123568,1.0533781,True,True,163.46565,12.481,12.343,8.824,5.587,AIP-exact
3017174878600154240,84.23231271161595,-6.074591638819766,0.05909336428689435,201.6949152542373,0.13540030931526834,8.9787111951556,11.80108695652174,9.781081081081082,0.776379765317628,1.029886,True,True,236.897,12.408,12.333,9.281,6.783,AIP-exact
3017311424211830656,84.66956775391242,-5.5380370647464,0.17014265360301778,333.89830508474574,0.1,8.653364603702197,13.080722891566266,4.523750000000001,0.7077725475583627,1.023725,True,True,287.50333,12.67,12.706,9.879,8.083,AIP-exact
3019197906977812224,89.68842707696992,-6.533140307050817,0.1531363443532797,222.03389830508473,0.31158296935278684,12.217855040726725,9.693750000000001,3.8775,0.8438406609225204,0.98087245,True,True,284.45593,15.021,14.843,10.753,8.476,AIP-exact
3020026973104994560,92.07582266815751,-5.993368929235032,0.1069831989492577,150.84745762711864,0.2888476227919195,11.210557508623886,3.730927835051547,4.912669683257919,0.8419691814968358,1.0633388,True,True,282.50003,14.703,14.593,11.476,8.044,AIP-exact
3022196932318534912,86.48306580689258,-6.545114228784881,0.06245041754519579,161.01694915254237,0.31158296935278684,9.99162331519644,11.309375000000001,12.198876404494383,0.7544105296674366,0.94904006,True,True,289.43466,13.614,13.47,10.081,6.781,AIP-exact
3022281727856230912,86.19755500849922,-5.9714697003625705,0.150784630037066,191.52542372881356,0.1,10.011553110726421,12.624418604651165,4.0662921348314605,0.9866881106071613,1.0581219,True,True,234.81778,13.052,12.876,10.573,8.111,AIP-exact
3022284064318556288,86.23854133296383,-5.892983503301657,0.11536051588218582,161.01694915254237,0.1,9.489157479082873,7.700000000000002,3.548039215686275,0.7884431962995455,1.0025182,True,True,269.6015,13.132,13.039,10.935,8.097,AIP-exact
3022294685773949312,86.08891541219253,-5.939696496180698,0.17082345832215903,161.01694915254237,0.1,9.842476882531427,11.19278350515464,4.0662921348314605,1.0512986178421073,1.0077016,True,True,209.4508,12.779,12.645,10.633,8.021,AIP-exact
3022310899274422272,86.46561107131171,-5.721689749189122,0.08483664329757871,191.52542372881356,0.11636163857357301,13.277546018273142,8.163157894736843,4.25764705882353,0.9499260410931524,0.9831917,True,True,92.23845,13.502,13.297,10.8,8.263,AIP-exact
3022320691799825024,86.38436271639831,-5.753376947398959,0.11277881191275448,161.01694915254237,0.10787105198966634,11.722883765076737,6.168750000000001,3.9053956834532375,1.0204420963375218,1.0138327,True,True,154.54738,13.72,13.518,11.417,8.341,AIP-exact
3022326464236444032,86.23551603237708,-5.621760052959364,0.06882321953245872,161.01694915254237,0.12552052364172658,10.30321962785208,5.0032258064516135,4.561764705882354,0.7922128408985257,0.9817424,True,True,270.3914,13.692,13.529,11.389,8.077,AIP-exact
3022427481866367488,86.64821866318229,-5.41612546596329,0.03542456013693923,181.35593220338984,0.1,10.478731828089424,9.35948275862069,4.241015625,0.9867556851830451,0.9946344,True,True,222.65253,13.433,13.274,10.956,8.121,AIP-exact
3022566157771570048,88.43638468743319,-5.246267989313463,0.06206795981308609,171.18644067796612,0.14605773805564215,10.74319687570417,11.19278350515464,8.042222222222222,0.8245872531129563,1.0129058,True,True,192.37163,13.377,13.205,10.547,7.636,AIP-exact
3022869764713668736,87.81475076284438,-4.687008701640044,0.05465027566470813,171.18644067796612,0.3361078268614909,11.870180120995723,6.58,5.170000000000001,0.8059833907960814,1.080375,True,True,259.48758,14.696,14.683,11.004,7.88,AIP-exact
3022979402345226624,88.21942839828216,-4.232154774402201,0.10306665578514522,150.84745762711864,0.24823268762177775,11.343113542366696,5.837096774193549,5.9327868852459025,0.8651189451058255,1.0435034,True,True,235.03952,14.334,14.126,11.472,7.873,AIP-exact
3022991119015485696,88.16504962229364,-4.201852136578805,0.19064879444324917,161.01694915254237,0.1,9.167003225526038,15.29154929577465,11.930769230769233,0.8833417302505624,1.1137938,True,True,184.54843,11.804,11.701,9.869,6.927,AIP-exact
3023017236712149888,88.8957923704698,-3.9219175171861074,0.18577408983685445,110.16949152542372,0.1,8.71121804666838,3.8775,4.021111111111111,0.7591128736760134,0.98645544,True,True,285.06808,12.83,12.757,11.726,8.182,AIP-exact
3023076472901203968,86.14048728219889,-5.662424396080308,0.18730793053117448,140.67796610169492,0.1,9.23187701513968,5.71421052631579,3.976923076923077,0.8082032034862462,0.9779892,True,True,261.52728,12.804,12.692,11.135,8.07,AIP-exact
3023113856296490880,85.53363321991462,-5.586276795255883,0.07843325662775272,181.35593220338984,0.1833324376267034,11.85384321524362,9.870000000000001,6.871518987341773,0.860428813910607,1.0252862,True,True,165.74268,13.584,13.423,10.619,7.765,AIP-exact
3023178620107706368,85.7264887990677,-4.907360696888251,0.039144975095383484,191.52542372881356,0.24823268762177775,10.58401131950247,8.042222222222222,8.042222222222222,0.764863465012057,0.9847334,True,True,264.44803,13.89,13.768,10.232,7.434,AIP-exact
3023382515091140352,85.2594091518084,-4.736772126765388,0.17297587404964346,181.35593220338984,0.14605773805564215,10.2806871539165,4.542677824267783,4.7,0.8518400760046401,1.0195546,True,True,292.76056,13.564,13.453,10.807,7.937,AIP-exact
3023475488246677248,86.0752565385466,-4.462995980955141,0.1370308027737755,222.03389830508473,0.24823268762177775,12.066050996045455,11.309375000000001,4.208139534883721,0.9265541314248938,1.0861375,True,True,212.60516,14.295,14.006,10.45,8.176,AIP-exact
3023491126223947392,85.7631373443822,-4.403408965040394,0.0704300609588334,201.6949152542373,0.19776262910622383,10.710139847797436,11.19278350515464,4.308333333333334,0.8908334161044814,1.0607743,True,True,288.69458,14.104,13.904,10.595,7.975,AIP-exact
3023533659284267904,86.11247445689101,-3.902447416304097,0.07040667377866443,171.18644067796612,0.3361078268614909,13.389942430359323,3.8637010676156582,3.8775,1.009148489277938,1.1028987,True,True,134.18214,14.366,14.188,10.759,7.753,AIP-exact
3023683192865836032,86.82098373035144,-4.208323602313676,0.14079130548281418,161.01694915254237,0.1,9.360831955962245,12.198876404494383,6.660736196319019,0.7181359528329617,1.0998154,True,True,197.86433,12.52,12.436,10.297,7.383,AIP-exact
3023699445022151808,86.72397827686729,-4.116469977311596,0.1059790346673812,181.35593220338984,0.13540030931526834,10.290501980475131,8.287786259541985,6.828301886792453,0.8060302127780407,1.00086,True,True,218.78362,13.12,12.946,10.327,7.554,AIP-exact
3023827813004521600,87.75480849206832,-3.578422706374306,0.14690821689802208,191.52542372881356,0.19776262910622383,12.201138644669332,9.20084745762712,4.620000000000001,0.9238279129210902,1.0248581,True,True,152.65192,13.602,13.416,10.436,7.789,AIP-exact
3023915258538205952,86.61977299272695,-3.7128654264283054,0.06597529135774123,150.84745762711864,0.12552052364172658,10.852078013870951,4.504979253112034,4.7,1.068885888151613,1.074561,True,True,216.55898,13.554,13.354,11.439,8.057,AIP-exact
3023966905521028352,86.30338645747098,-3.608644045795895,0.15856734811587997,191.52542372881356,0.2888476227919195,10.887608259733078,7.238000000000001,5.868648648648649,0.8646152977639642,0.9333829,True,True,273.70312,13.949,13.799,10.194,7.391,AIP-exact
3024024973478784000,86.54329598329177,-3.0612415640259045,0.07589130345828415,171.18644067796612,0.1,10.019204512879451,6.386470588235294,4.431428571428572,0.8102690492768237,0.9959905,True,True,250.24217,13.451,13.344,10.987,8.123,AIP-exact
3024115678892633728,86.62038587971307,-3.060586648428026,0.16981563669411456,222.03389830508473,0.39110057471005855,12.771920010121939,10.966666666666667,3.991544117647059,0.7661655164467757,1.0261865,True,True,224.00752,14.933,14.755,10.359,7.814,AIP-exact
3025651284318795520,87.41315460120693,-2.498160581501664,0.05523988056852357,161.01694915254237,0.19776262910622383,12.958311697585632,5.09718309859155,3.9194945848375453,0.9600466186521531,0.9853469,True,True,131.81604,14.044,13.882,11.332,8.13,AIP-exact
3026446334305611520,112.55407789594848,-19.057127958279853,0.09483673726088614,181.35593220338984,0.26777121151983396,11.242981793357826,5.374752475247525,5.2960975609756105,1.0034623715949413,0.96646494,True,True,246.652,14.137,13.942,10.498,7.664,AIP-exact
3026478052647318912,112.56437626028368,-18.811260813677364,0.11739633219860891,171.18644067796612,0.3361078268614909,11.199870018489726,7.924817518248175,7.286577181208055,0.8644556889651446,1.039987,True,True,199.05734,13.886,13.788,10.01,7.02,AIP-exact
3026653283011991808,112.56789107311282,-18.22738481151224,0.14756725186552722,150.84745762711864,0.26777121151983396,11.627089221063802,3.9194945848375453,3.7437931034482763,0.8554723968046903,0.9570374,True,True,266.82318,14.474,14.328,11.741,8.022,AIP-exact
3045621099840773376,105.79791066854835,-12.614931108998498,0.18260393721516058,181.35593220338984,0.39110057471005855,12.092218688969208,7.238000000000001,3.7829268292682934,0.7748511215215035,1.141843,True,True,289.0454,15.376,15.466,11.024,8.261,AIP-exact
3045680061151680000,105.56129881142697,-12.280603350729418,0.12163646723300518,211.864406779661,0.10787105198966634,10.944328467908768,10.052777777777779,5.401492537313433,0.7663660327653474,1.0360823,True,True,163.21088,13.235,13.121,10.266,7.93,AIP-exact
3045780975704191232,106.03762676342878,-12.063505390978422,0.16036779100934567,161.01694915254237,0.24823268762177775,10.184638607891706,8.416279069767443,10.340000000000002,1.3381430375873649,1.1945294,True,True,245.7098,13.174,13.083,10.151,6.704,AIP-exact
3046063790708620672,105.42845197568998,-11.408110128163331,0.1612316896853965,252.54237288135593,0.21332862845930578,7.610497933254612,9.123529411764707,5.868648648648649,0.6868847984314138,1.119368,True,True,271.35724,11.654,11.672,7.578,5.49,AIP-exact
3046429580182647424,105.98261283656772,-11.010672134233548,0.12880957722866587,232.20338983050846,0.3361078268614909,10.860937666607345,10.644117647058826,5.775,1.0864135302693994,1.0359129,True,True,246.62714,13.728,13.567,9.362,7.108,AIP-exact
3046478817687763712,105.717017079402,-10.98670454953302,0.14259494339258535,201.6949152542373,0.15755401855293244,10.74119660360401,10.74950495049505,4.7,1.025006005650825,1.1140894,True,True,238.83275,13.565,13.417,10.402,7.929,AIP-exact
3046609423354178944,107.28996331836434,-10.063838204877143,0.03764446509855243,120.33898305084746,0.1,9.199621089997189,3.513592233009709,4.325498007968128,0.7381805281268627,0.9772641,True,True,290.55997,13.107,13.047,12.088,7.863,AIP-exact
3048057991266260224,109.0305622596257,-9.523671268047464,0.08161743565300363,181.35593220338984,0.1,10.449271028854653,6.959615384615385,4.431428571428572,0.8724067784187812,1.0380931,True,True,213.79532,13.226,13.088,10.803,8.189,AIP-exact
3049673762261493248,106.2022292573325,-9.719257387503587,0.032999639579868394,181.35593220338984,0.13540030931526834,9.877703465007126,9.870000000000001,5.998342541436465,1.0255192636432147,0.9760723,True,True,261.2559,13.279,13.172,10.418,7.569,AIP-exact
3086509252918615680,113.26226463514844,0.4874146542969331,0.11175766567424796,181.35593220338984,0.1,10.20326066138089,6.660736196319019,3.571381578947369,0.9362299490483704,1.0554168,True,True,277.87845,13.505,13.301,11.124,8.386,AIP-exact
3090946886144665472,121.96284046056616,2.645026584818328,0.07397779862923076,130.50847457627117,0.10787105198966634,9.508439722852204,5.270388349514564,7.004516129032258,0.9650665176898353,1.0056678,True,True,239.73865,12.777,12.695,11.406,7.584,AIP-exact
3096229897778570880,123.71969750294711,4.930899982781171,0.031157268689228856,120.33898305084746,0.13540030931526834,9.543669031567976,3.948,7.004516129032258,0.8705073269079037,1.091459,True,True,260.7408,13.184,13.037,11.839,7.552,AIP-exact
3101692550722877568,104.88575638680176,-4.461738037839846,0.05520887733524052,211.864406779661,0.1,9.295403615358474,15.51,6.3122093023255825,1.1676828752223978,1.0402143,True,True,258.0796,12.83,12.764,10.006,7.652,AIP-exact
3108637753362265344,105.46019222511964,-3.1871043476784493,0.14035822434793313,191.52542372881356,0.1833324376267034,10.686551481599658,6.239655172413794,4.957534246575343,0.8657130180534969,1.0207589,True,True,244.6069,13.917,13.838,10.547,7.948,AIP-exact
3108643972474790272,105.44533051913318,-3.04792227496158,0.19748544869302653,140.67796610169492,0.1,10.770304442930518,6.50119760479042,4.60042372881356,1.0454141931271645,0.95731354,True,True,151.73491,13.027,12.855,11.261,8.163,AIP-exact
3116698822857668736,96.53350754719712,-3.45409627177724,0.17827369278872238,222.03389830508473,0.1,10.675974007939386,15.07916666666667,5.145497630331755,1.4651694684665735,1.0783472,True,True,196.47586,13.041,12.778,10.432,8.283,AIP-exact
3116778223912998528,94.77215102315604,-4.035387865341286,0.036922108153957696,150.84745762711864,0.26777121151983396,11.067584692754007,6.7856250000000005,6.660736196319019,0.9825101518184971,0.9908819,True,True,278.1231,14.385,14.255,11.29,7.848,AIP-exact
3119828410906246144,99.5534060384591,0.7641817370977428,0.04434991197137548,201.6949152542373,0.1,9.039932791606045,16.2044776119403,10.74950495049505,0.7389103476590692,1.0738977,True,True,179.8365,11.877,11.819,9.135,6.618,AIP-exact
3119860777779629824,99.870152695,0.9839747607469032,0.0701907706262921,181.35593220338984,0.11636163857357301,10.47838657395043,8.6856,3.8228873239436627,0.8970477149881076,1.0253186,True,True,258.37,13.722,13.57,10.999,8.205,AIP-exact
3119861907356312576,99.84464164157887,1.0239102329338463,0.1566878978931145,232.20338983050846,0.42188430427737117,11.803634297369186,15.07916666666667,6.099438202247192,0.8836809429774832,1.0331113,True,True,281.7879,14.639,14.631,10.055,7.734,AIP-exact
3120702518351612160,98.97559013107886,1.555301428399447,0.196288123710991,150.84745762711864,0.1,8.66863916713229,12.624418604651165,6.828301886792453,0.9333361742259964,1.1128309,True,True,216.08766,12.005,11.962,9.974,7.23,AIP-exact
3125797041055907840,100.70242504996467,1.012610245329654,0.10668157003171407,171.18644067796612,0.21332862845930578,12.707023958921068,8.042222222222222,4.308333333333334,0.9732317264067758,0.9769701,True,True,139.37119,14.198,13.997,11.033,8.074,AIP-exact
3126937440775374848,99.01916273186188,2.2194605201604967,0.09598372513605621,150.84745762711864,0.16995517726504228,11.060676038486942,3.991544117647059,3.513592233009709,0.8929505588123918,0.89309883,True,True,201.33292,13.801,13.661,11.202,7.819,AIP-exact
3127099756180129920,100.0940389374483,2.9061382606064847,0.07360862107282294,191.52542372881356,0.15755401855293244,10.493253686329641,9.781081081081082,4.449590163934427,0.9651971935001535,0.97370875,True,True,251.44955,13.81,13.687,10.661,7.964,AIP-exact
3129138315157392896,103.60372692752402,5.1711409278369365,0.11156379689097126,161.01694915254237,0.15755401855293244,11.891152177101043,5.170000000000001,3.5250000000000004,1.0774729386613089,1.145926,True,True,192.41422,13.998,13.736,11.514,8.25,AIP-exact
3130488794610780544,98.9271432130782,4.358877605329457,0.11587141024350503,201.6949152542373,0.3361078268614909,12.493982050296275,5.837096774193549,5.12122641509434,0.8331746074556514,0.9403357,True,True,109.737785,13.141,12.959,9.103,6.567,AIP-exact
3130955090622430592,99.17045068239328,4.91119039280521,0.1673626382715148,181.35593220338984,0.19776262910622383,9.30386731401187,11.309375000000001,7.700000000000002,1.9306678938547102,1.0804504,True,True,236.33516,12.487,12.359,9.303,6.382,AIP-exact
3131177874869441792,97.48268293006564,4.226374205207004,0.11843719568847212,161.01694915254237,0.3361078268614909,11.139004903016998,4.291304347826087,5.049767441860466,1.0686522549396058,0.99402404,True,True,288.8636,14.506,14.451,10.951,7.749,AIP-exact
3131291884778000256,97.43458788812777,4.4904461566593366,0.05710324178639954,211.864406779661,0.16995517726504228,10.071884005886165,6.58,3.7437931034482763,1.038843850591606,0.99343574,True,True,285.24182,13.66,13.488,10.175,7.703,AIP-exact
3131589852429524864,97.3035105852034,5.199789527476099,0.06543854533995838,110.16949152542372,0.11636163857357301,7.561746620817338,3.548039215686275,7.09607843137255,0.6910850718017169,1.0039673,True,True,269.636,11.801,11.859,10.946,6.457,AIP-exact
3131632694724412800,96.86973627199262,5.389881957881509,0.19292949328205106,161.01694915254237,0.13540030931526834,10.54400982171914,3.8637010676156582,3.705460750853243,1.0278674827127663,0.9085528,True,True,277.63284,13.653,13.517,11.381,8.173,AIP-exact
3132109710973083008,97.62186617688504,6.430563498861685,0.1277111929199874,242.3728813559322,0.16995517726504228,10.598388607012359,9.781081081081082,3.571381578947369,0.9127924710275582,1.0367174,True,True,294.12848,13.99,13.81,10.422,8.377,AIP-exact
3163911783431357312,115.27742243866555,12.989029572867752,0.19451231434306618,100.0,0.1,8.514605575163364,4.912669683257919,6.701851851851853,1.1667286393052554,0.97582096,True,True,208.90868,11.786,11.778,11.424,7.602,AIP-exact
3173840235993071104,72.11030685006178,-13.621801514500694,0.05660594382141666,140.67796610169492,0.13540030931526834,12.325304236961989,3.595033112582782,3.6311036789297666,0.8454327530991829,1.0260016,True,True,168.3504,14.142,13.958,12.196,8.736,AIP-exact
3183093549755729664,75.30413166648493,-9.665230946664751,0.058889867947664425,181.35593220338984,0.39110057471005855,12.15291556008144,14.100000000000001,7.190066225165564,0.8287745907389075,1.0282339,True,True,207.57263,14.494,14.355,10.361,7.566,AIP-exact
3183175497731911168,75.34362220908744,-9.38220057956946,0.06867809336857571,161.01694915254237,0.24823268762177775,12.841574557062328,6.065363128491621,7.286577181208055,1.0319940799289702,1.0065123,True,True,140.93793,13.981,13.79,11.054,7.699,AIP-exact
3183802154936361600,75.63354923098584,-8.538380481418242,0.1951853519974815,150.84745762711864,0.1,10.293756978251892,11.55,5.9327868852459025,1.0122513263227275,1.0412248,True,True,162.21313,12.582,12.424,10.72,7.947,AIP-exact
3183815276060183936,75.7403627037415,-8.310821876779064,0.15252770263608004,171.18644067796612,0.19776262910622383,10.67869242720908,8.826829268292684,5.868648648648649,0.8410444155601081,0.9978841,True,True,271.8749,13.775,13.642,10.861,7.695,AIP-exact
3190232820489766656,60.53248762856517,-10.911312899256664,0.1448206461965441,181.35593220338984,0.1,9.813342671292906,10.340000000000002,3.6311036789297666,0.89840658042639,1.0560565,True,True,274.7539,13.427,13.175,10.892,8.393,AIP-exact
3198038872012308480,67.64710066746365,-7.692342024898346,0.04287745626421785,130.50847457627117,0.10787105198966634,10.347590781714816,3.705460750853243,4.4679012345679014,1.8122083161452114,1.3740519,True,True,226.80501,13.339,13.155,11.973,8.102,AIP-exact
3207034315940600320,79.25300264065308,-7.771772951326134,0.06831665338825303,201.6949152542373,0.24823268762177775,12.107061608735082,7.539583333333335,4.006273062730627,0.9087851137032702,1.0907004,True,True,260.8278,14.833,14.591,11.162,8.517,AIP-exact
3208057136630690944,76.51145478908292,-7.078775344564252,0.050945707019397185,222.03389830508473,0.24823268762177775,11.050101292179031,11.55,5.21971153846154,0.953113281188644,0.98816276,True,True,267.9606,14.269,14.111,10.316,8.02,AIP-exact
3208058373583072896,76.11720692320488,-7.304980292161447,0.0648907167896511,191.52542372881356,0.3361078268614909,13.254188106353315,7.436301369863015,5.0263888888888895,0.8562699411978545,0.97355354,True,True,149.14125,14.398,14.237,10.526,7.893,AIP-exact
3209378509090892160,82.99202490020899,-5.907589237085091,0.11995070269139683,181.35593220338984,0.39110057471005855,10.824469539870261,10.052777777777779,9.35948275862069,0.8269311785004002,1.0059736,True,True,284.62726,14.183,14.02,9.944,6.974,AIP-exact
3209594460046834560,83.22621087516515,-4.93490223496194,0.0362781516773789,191.52542372881356,0.1833324376267034,11.555768560275423,11.19278350515464,6.743478260869566,0.8031809279729138,1.0117084,True,True,155.19077,13.392,13.22,10.166,7.499,AIP-exact
3209808628590805120,82.96097112407506,-4.501158362032007,0.03213884513237588,171.18644067796612,0.2888476227919195,10.902655315891861,11.80108695652174,13.403703703703705,0.9008705098314289,1.0559077,True,True,181.55664,13.31,13.162,9.715,6.646,AIP-exact
3209809899901122688,83.09662077218466,-4.56715202296282,0.18233373608935843,171.18644067796612,0.24823268762177775,10.022116298071513,4.036059479553903,7.755,0.9049538752070502,0.9475751,True,True,289.16754,13.344,13.262,10.193,6.948,AIP-exact
3209962285340952192,80.07969064504516,-5.647119549338686,0.0710391397980279,181.35593220338984,0.1,8.864428494372632,6.065363128491621,7.539583333333335,0.7577275832199187,1.0531787,True,True,234.37285,12.307,12.241,9.834,7.017,AIP-exact
3209963900248682752,79.88082878839151,-5.67565168212373,0.11400989876301937,171.18644067796612,0.26777121151983396,12.05105463770899,7.810791366906475,4.761842105263158,0.7833675849750074,1.0703083,True,True,237.40599,14.446,14.347,11.132,8.097,AIP-exact
3210025472899632640,79.88444525389707,-5.382945798132179,0.10389371115922796,191.52542372881356,0.11636163857357301,9.891037686166834,9.693750000000001,5.12122641509434,0.7995008810023779,1.000847,True,True,232.86867,13.242,13.091,10.304,7.678,AIP-exact
3210366802539907968,80.24882860616884,-4.606116367447445,0.07186850324404401,161.01694915254237,0.19776262910622383,10.77573879089626,5.6546875000000005,6.204000000000001,0.7950703977022521,0.9581006,True,True,245.23985,13.925,13.719,10.983,7.845,AIP-exact
3210577938836390400,81.31547544083243,-4.302837323987029,0.09020027883829343,171.18644067796612,0.3625630486550966,11.80357411023565,11.55,8.899180327868853,1.026196458406886,1.0262084,True,True,232.01036,14.372,14.182,10.645,7.363,AIP-exact
3210813852800094848,80.95401997441488,-3.7661148650869687,0.09575327686958154,161.01694915254237,0.21332862845930578,10.58776326630546,6.915286624203822,6.133898305084747,0.9825210243032341,0.99477655,True,True,276.0036,13.906,13.792,11.056,7.62,AIP-exact
3215614939042840960,84.91776235752613,-4.263535777390926,0.08483658156907703,191.52542372881356,0.3361078268614909,11.96204578419547,7.385714285714287,4.4679012345679014,0.770381600534737,1.012175,True,True,289.43713,14.947,14.793,10.933,8.178,AIP-exact
3215625697936774400,84.69712922150394,-4.205183689925812,0.17550124193985228,161.01694915254237,0.2888476227919195,11.009456774661878,4.8686098654708525,6.4625,1.135550791102306,1.1278222,True,True,278.784,14.068,13.848,10.884,7.437,AIP-exact
3215669644042021376,84.15279576100211,-4.052894159145873,0.028968922923332092,161.01694915254237,0.11636163857357301,10.539281962768547,6.099438202247192,4.486363636363637,0.8349361228535265,0.99188423,True,True,188.12764,13.067,12.95,10.777,7.644,AIP-exact
3215729941085754880,84.83256696879842,-3.948891940997003,0.069596382718783,191.52542372881356,0.13540030931526834,10.200298284703008,10.052777777777779,3.9053956834532375,0.8833358902393549,1.0105519,True,True,261.60458,13.522,13.613,10.593,7.989,AIP-exact
3215774613042239488,85.4390074143687,-3.444401897413761,0.17896211758026528,181.35593220338984,0.1,8.941260139859045,9.960550458715597,7.238000000000001,0.8253235142889019,1.0495819,True,True,290.42953,12.62,12.521,10.155,7.406,AIP-exact
3215776021791510912,85.45769913011114,-3.4430721953259176,0.17005693177294726,161.01694915254237,0.42188430427737117,13.294741011566005,6.424260355029586,5.145497630331755,0.9051606710324287,1.0303459,True,True,119.24528,14.297,14.045,10.471,7.238,AIP-exact
3215813297811482752,84.63567096312852,-3.434438578531803,0.1520476750819498,150.84745762711864,0.24823268762177775,11.218034174203504,5.170000000000001,4.413414634146342,0.9222699315442627,1.1192251,True,True,287.87143,14.398,14.245,11.655,8.178,AIP-exact
3215832096884375424,85.2341280485652,-3.258250408680915,0.14178667095021133,161.01694915254237,0.15755401855293244,11.488928145685744,4.1125,4.741048034934498,0.9760169849423272,1.0597895,True,True,152.29813,13.515,13.357,10.794,7.689,AIP-exact
3216194450389117696,85.9187760144578,-2.874993702180305,0.03175231040273781,181.35593220338984,0.14605773805564215,10.931456795340406,4.542677824267783,3.705460750853243,0.8597787804961808,1.0512664,True,True,212.18889,13.625,13.463,10.778,7.894,AIP-exact
3216243417312232704,85.67857542643736,-2.8628352865520785,0.12854947119720703,201.6949152542373,0.42188430427737117,11.480420854479238,4.096981132075472,4.720434782608696,0.99502779052923,1.0688142,True,True,291.78827,14.676,14.539,10.199,7.419,AIP-exact
3216303924811404032,86.53146013328028,-2.522261615661744,0.17027240597912327,181.35593220338984,0.11636163857357301,9.615053462823612,11.309375000000001,5.9327868852459025,1.5707662405844351,1.234799,True,True,250.28989,12.793,12.643,10.24,7.432,AIP-exact
3216306398712574592,86.41481269588226,-2.5126928601583858,0.1983924546798335,201.6949152542373,0.16995517726504228,9.61215713325128,13.240243902439024,8.163157894736843,0.9300680466063092,1.0364939,True,True,298.2461,13.183,12.998,9.953,7.272,AIP-exact
3216370406612708352,85.93460776996785,-2.270008997396621,0.17114942671444153,191.52542372881356,0.4550910372032852,11.663407883842408,12.925,6.701851851851853,0.9147592954402324,0.9499095,True,True,263.45438,14.719,14.502,10.081,7.188,AIP-exact
3216379340141619328,86.13537889334312,-2.104858622173612,0.17119814812350095,181.35593220338984,0.42188430427737117,11.797672527132788,11.80108695652174,8.042222222222222,0.8294487564576678,1.0474262,True,True,272.36713,14.707,14.626,10.446,7.271,AIP-exact
3216392641656190208,86.55261299975524,-2.1449129338507493,0.04556007272127732,150.84745762711864,0.16995517726504228,11.443853638530612,7.238000000000001,6.828301886792453,0.966654950568672,1.0054554,True,True,173.52293,13.615,13.429,11.163,7.732,AIP-exact
3216408030522595072,86.5692810216263,-1.997963496161874,0.11617706826831345,171.18644067796612,0.3361078268614909,12.55168531504512,6.871518987341773,4.274409448818898,0.8497900128927247,1.0050302,True,True,233.68118,15.031,14.898,11.297,8.201,AIP-exact
3216453866416677376,85.4875403574968,-2.5111539369479763,0.14214688132779685,222.03389830508473,0.26777121151983396,10.12257616324759,7.436301369863015,4.274409448818898,0.7097066611524111,1.0113178,True,True,245.60136,13.612,13.444,9.355,7.06,AIP-exact
3216462421991566976,85.70484358572664,-2.3746238653610714,0.11486171132457473,181.35593220338984,0.39110057471005855,11.293210198612474,5.455778894472362,6.540361445783133,0.9081795780440962,1.0144889,True,True,265.39697,14.34,14.065,10.247,7.188,AIP-exact
3216689230621295872,85.74018018622054,-1.3812062722766034,0.12000804739224408,171.18644067796612,0.12552052364172658,10.473308131191889,4.8039823008849565,3.7567474048442913,0.8885840375923715,1.0254239,True,True,265.8366,13.629,13.478,11.161,8.178,AIP-exact
3216759736804572416,83.3111124736859,-2.8542444137513745,0.09348492789142189,140.67796610169492,0.31158296935278684,11.228675975429002,6.168750000000001,6.424260355029586,1.004834012602494,1.0395249,True,True,244.72887,14.083,13.944,11.298,7.458,AIP-exact
3216818942931134976,83.1333460914461,-2.5713648945110177,0.1677987783100131,191.52542372881356,0.23011983571417985,9.733033424552616,14.100000000000001,10.857000000000001,1.0883068314469515,1.0371118,True,True,252.8905,12.928,12.83,9.35,6.606,AIP-exact
3216826742591805440,82.82948626361122,-2.6021450609984136,0.050428737913785215,150.84745762711864,0.11636163857357301,10.187554092984175,4.761842105263158,5.244927536231885,0.7577289766692622,1.047312,True,True,235.78229,13.458,13.329,11.306,7.997,AIP-exact
3216833339661538176,82.92216114666199,-2.531776581550744,0.1253769148721467,181.35593220338984,0.42188430427737117,12.045758797598804,10.146728971962618,7.286577181208055,0.9064270225737792,1.0346125,True,True,225.6034,14.501,14.321,10.318,7.225,AIP-exact
3216983075103723008,82.12661099440639,-2.854790212333437,0.05144205853039264,181.35593220338984,0.12552052364172658,11.084698850742221,4.7,3.513592233009709,0.8313760737216132,0.9464621,True,True,243.03008,13.956,13.842,11.288,8.54,AIP-exact
3217124332285616640,82.89148340691261,-2.22491755724319,0.1209098221821291,201.6949152542373,0.10787105198966634,8.607631825292671,16.9640625,6.386470588235294,0.6971949960007768,1.0223267,True,True,280.9249,12.387,12.374,9.591,7.025,AIP-exact
3217424121002334720,84.90795638852207,-1.4579027443302153,0.05235855428958053,171.18644067796612,0.26777121151983396,10.053785570603019,9.781081081081082,10.24245283018868,0.9361016282589157,1.0383023,True,True,225.00848,13.091,12.973,9.522,6.509,AIP-exact
3217525890251584256,85.02016968515008,-0.9028313022283584,0.17111794438722755,191.52542372881356,0.4550910372032852,12.913860252368622,8.48203125,8.225,0.7126174515006936,1.1147431,True,True,188.39178,14.706,14.564,10.341,7.321,AIP-exact
3217534862438862080,85.2242321419381,-0.730956679467618,0.03906169223239238,161.01694915254237,0.23011983571417985,11.276575537424879,6.424260355029586,5.401492537313433,1.0102149863964636,0.96357626,True,True,239.00781,14.244,14.081,11.111,7.955,AIP-exact
3217582210159153664,83.93732703175458,-1.2794806784522348,0.09468263360013399,201.6949152542373,0.1,10.729190014276334,10.43942307692308,3.976923076923077,0.9158462310109183,1.0156687,True,True,222.50204,13.465,13.268,10.828,8.391,AIP-exact
3217611415936658688,83.37732693491469,-1.4340332446256343,0.03976022252630677,181.35593220338984,0.13540030931526834,10.083180633223861,9.27948717948718,10.052777777777779,0.9255733692424162,1.0901041,True,True,186.69551,12.697,12.58,9.897,7.109,AIP-exact
3217711089241765376,84.43551358098156,-0.7477878987793852,0.08939973485302793,191.52542372881356,0.13540030931526834,10.507426051729674,12.624418604651165,4.308333333333334,0.8148310305416171,1.0534991,True,True,256.07642,13.605,13.46,10.752,8.12,AIP-exact
3217749679523525504,84.7140289867836,-0.4081813059412398,0.1974846690681507,161.01694915254237,0.14605773805564215,10.573908301376768,6.7856250000000005,5.62538860103627,0.9223021600019329,1.0241358,True,True,256.79132,13.521,13.325,11.118,7.814,AIP-exact
3217787990631911168,84.35682990628057,-0.5352714839431166,0.16126927057838214,242.3728813559322,0.12552052364172658,9.973860897879675,20.105555555555558,6.065363128491621,0.8373241392997975,1.0439755,True,True,255.02034,13.067,12.896,9.837,7.781,AIP-exact
3217827229452641152,87.105994333324,-2.2414890513631422,0.03674407369634992,171.18644067796612,0.11636163857357301,9.835232278994855,7.004516129032258,5.270388349514564,0.7968162990018859,1.023018,True,True,276.78882,13.433,13.291,10.886,7.933,AIP-exact
3217943257993784448,87.34593405680138,-1.4437753894970142,0.0260923671326054,181.35593220338984,0.1833324376267034,12.41777032451185,10.146728971962618,6.424260355029586,1.2117052287808368,0.98147327,True,True,115.43421,13.365,13.178,10.369,7.501,AIP-exact
3217955112102457984,87.16541806216695,-1.4229973295871765,0.12005398638666105,181.35593220338984,0.12552052364172658,11.120257917333946,7.385714285714287,4.523750000000001,0.9009237946865641,1.0369207,True,True,171.04265,13.398,13.197,10.57,7.875,AIP-exact
3217957727738684288,87.27229867738761,-1.3336496747402449,0.13559275730525563,211.864406779661,0.1,9.744076067051626,12.624418604651165,3.5831683168316837,0.8743677579308916,1.0341722,True,True,284.1001,13.237,13.149,10.553,8.356,AIP-exact
3218060944392981760,87.49055970828526,-1.1049020479482294,0.10349666122368148,171.18644067796612,0.26777121151983396,9.830306530927267,15.966176470588236,8.6856,0.8517226288247812,1.0112331,True,True,299.48984,13.723,13.58,10.103,7.169,AIP-exact
3218101488884701440,87.86360327257789,-0.7176854277012986,0.1491379321925985,140.67796610169492,0.1,9.74284898610838,5.805882352941177,4.679741379310345,0.7787152183860159,1.0627092,True,True,205.4716,12.57,12.456,10.933,7.814,AIP-exact
3218121245733067392,86.3238828125553,-1.5942464505937357,0.18790489788840797,161.01694915254237,0.19776262910622383,10.515066199166554,4.175769230769231,5.744444444444445,0.9629255443862007,0.9594538,True,True,231.59467,13.296,13.114,10.631,7.203,AIP-exact
3218141346179966976,86.96532690786586,-1.3732695506694823,0.05796192506967179,150.84745762711864,0.13540030931526834,13.596635471030368,5.9327868852459025,6.540361445783133,0.9800689217102122,1.0533503,True,True,65.126495,12.943,12.747,10.922,7.489,AIP-exact
3218141517978655360,87.00438316927944,-1.3483436559772874,0.18628589187606676,161.01694915254237,0.1,11.290758534703995,5.21971153846154,3.730927835051547,0.8751316390205032,0.947721,True,True,152.08714,13.36,13.197,11.241,8.384,AIP-exact
3218143476483214464,86.73421751345339,-1.3662407515154158,0.15861308817179803,161.01694915254237,0.1833324376267034,11.212573196204588,5.21971153846154,4.4679012345679014,0.8371690250078087,1.0680863,True,True,240.99718,13.678,13.578,11.247,7.871,AIP-exact
3218173816132705408,86.13514946139853,-1.473086046457484,0.11223236763371229,150.84745762711864,0.1,10.695051187338034,4.504979253112034,3.809473684210527,0.8627920953754826,1.0206357,True,True,192.82945,13.244,13.062,11.251,8.321,AIP-exact
3218350837505092480,87.15522586929306,-0.5323457700300233,0.05608574003128156,161.01694915254237,0.2888476227919195,12.095270249662404,4.659656652360515,4.523750000000001,0.920077817515224,1.0331192,True,True,199.40762,14.463,14.292,11.143,7.817,AIP-exact
3218463808029071104,88.2332409509317,-0.6417567107772351,0.18279066837046834,161.01694915254237,0.10787105198966634,10.599478379024431,4.8039823008849565,4.377822580645161,0.8615863165330266,1.063892,True,True,250.62854,13.49,13.37,11.499,8.2,AIP-exact
3218609012284121088,89.18082354083805,0.0429545830622099,0.181827950886895,171.18644067796612,0.26777121151983396,11.6894243193137,5.775,5.12122641509434,1.111405874436408,0.9935885,True,True,279.331,14.498,14.343,11.225,8.053,AIP-exact
3219111424673723776,86.25100411024168,-0.3024192777907226,0.1957966291983664,140.67796610169492,0.1,9.163093971100192,7.335810810810812,3.680338983050848,1.07526528575261,1.0705798,True,True,298.0318,13.054,12.98,11.282,8.321,AIP-exact
3219212334930059136,86.34896912756538,0.2048227499522993,0.08558505062436096,171.18644067796612,0.16995517726504228,10.661118268554763,5.21971153846154,4.523750000000001,0.8262948023675646,1.0626881,True,True,285.35977,14.055,13.858,11.145,8.163,AIP-exact
3219215878278188800,86.38552774969247,0.3403850940506568,0.0407839775356327,140.67796610169492,0.12552052364172658,10.331881563896196,4.175769230769231,5.145497630331755,0.8671646499544275,1.0852207,True,True,242.99956,13.619,13.4,11.743,8.006,AIP-exact
3219258480058039296,85.2174895013806,-0.1704732930195367,0.15777146159487646,150.84745762711864,0.1,8.9585673642337,9.440869565217392,5.744444444444445,0.81357671512893,0.9595594,True,True,291.76724,12.895,12.792,10.825,7.973,AIP-exact
3219306618051638272,84.69089483714927,-0.1087477033104872,0.1589255725475566,181.35593220338984,0.3625630486550966,11.532677415620142,14.671621621621624,11.674193548387098,0.9550818528352906,0.976011,True,True,216.31773,13.91,13.725,10.046,6.979,AIP-exact
3219321289660684288,84.66956009139233,0.0399538991584509,0.050529366860681525,181.35593220338984,0.14605773805564215,11.391816446021146,7.286577181208055,3.595033112582782,0.926255882700157,0.99353176,True,True,225.97787,14.068,13.877,11.238,8.425,AIP-exact
3219322320452289664,84.50913003400174,-0.0125755356960173,0.09456346030053421,161.01694915254237,0.42188430427737117,11.946375488437372,3.976923076923077,6.204000000000001,0.8566657403323865,1.0165403,True,True,272.95767,14.941,15.065,11.224,7.777,AIP-exact
3219373039722654720,85.93136545032398,0.1636394075593183,0.1462205523140797,130.50847457627117,0.1,9.13774607523209,6.099438202247192,4.096981132075472,0.884774472183388,1.0203042,True,True,293.0661,13.04,12.954,11.52,8.197,AIP-exact
3219471476076258048,85.31802551118085,0.7042577444002475,0.07260210598102068,191.52542372881356,0.24823268762177775,12.020872991361767,19.04736842105263,8.972727272727274,0.9431105775521594,1.0094708,True,True,147.42638,13.54,13.314,10.018,7.304,AIP-exact
3219569852302910720,87.29578771557578,0.6457414778490547,0.13259453268240298,140.67796610169492,0.1,9.828362316063007,4.9350000000000005,4.542677824267783,0.7318796671453278,0.98700106,True,True,236.02931,13.191,13.03,11.35,8.115,AIP-exact
3219660287135062400,87.89505283511383,0.8852347702816962,0.11821292217155077,171.18644067796612,0.10787105198966634,9.872852512366318,6.168750000000001,4.036059479553903,0.7964926529760283,0.95746183,True,True,274.44827,13.576,13.473,11.105,8.065,AIP-exact
3219793224963010176,86.53497238318236,0.6783244058020255,0.06292388047834252,171.18644067796612,0.12552052364172658,10.569631726642054,6.065363128491621,4.191891891891892,0.9588548120814169,0.9723272,True,True,215.05862,13.319,13.177,10.804,7.864,AIP-exact
3220109192820723072,81.88723342795723,-2.058625699884519,0.07607159004140354,181.35593220338984,0.31158296935278684,12.158534752280818,5.374752475247525,3.8228873239436627,0.7645581808258702,0.9518221,True,True,267.62646,14.907,14.864,11.292,8.297,AIP-exact
3220692762912690816,83.18927352008872,-0.6263391242494781,0.10408201669751499,171.18644067796612,0.1,8.018646143444794,7.142763157894738,4.036059479553903,0.6883970021181982,1.0477717,True,True,295.4889,12.229,12.275,9.83,7.049,AIP-exact
3220800991792436352,83.35145914861272,-0.2825193779513748,0.04178921246625234,232.20338983050846,0.21332862845930578,10.989036020862278,10.24245283018868,4.291304347826087,0.9180630660034702,1.0229188,True,True,289.73996,14.362,14.119,10.392,8.29,AIP-exact
3220810818677884672,83.66495938857457,-0.1008043985556779,0.03550738896423524,171.18644067796612,0.19776262910622383,10.612371559192868,8.416279069767443,7.190066225165564,0.9726906112509068,1.0701463,True,True,256.41232,13.843,13.66,10.717,7.698,AIP-exact
3220849439023619456,83.31959912353516,-0.2219844083968618,0.029626357397200303,181.35593220338984,0.1,10.057631220063126,17.798360655737707,12.925,0.8567725596918832,0.9374901,True,True,151.131,12.315,12.191,9.812,6.994,AIP-exact
3222330515545773824,84.33823184788687,0.1304111066667591,0.12282101052474051,191.52542372881356,0.14605773805564215,10.525045670111012,13.571250000000001,6.701851851851853,1.0625091384085399,0.95694155,True,True,236.72693,13.406,13.293,10.44,7.775,AIP-exact
3222398994504478720,84.1154009044314,0.4485395441099762,0.17898100782893844,140.67796610169492,0.1,10.188594455095963,7.8673913043478265,4.542677824267783,1.008425792697812,0.98687845,True,True,197.75447,12.815,12.648,11.195,8.064,AIP-exact
3222485241743572736,84.84364745742779,0.8084043725224016,0.07520440448110478,201.6949152542373,0.11636163857357301,10.620416923278277,12.772941176470589,5.567692307692308,0.875217840699535,0.98332405,True,True,196.00864,13.134,12.986,10.289,7.83,AIP-exact
3222716650286981888,83.77490713218019,1.3879587994487317,0.039691916037076044,181.35593220338984,0.1,10.638151631330986,6.915286624203822,3.7829268292682934,0.9321181411307364,1.0359282,True,True,243.1715,13.742,13.575,11.231,8.464,AIP-exact
3223135358058680448,86.54059794074368,2.4500088764518093,0.13006132583993718,191.52542372881356,0.4550910372032852,12.596334244819673,5.744444444444445,4.291304347826087,0.771099865792597,1.0185194,True,True,228.78732,15.128,15.076,10.628,7.898,AIP-exact
3236082451073452288,81.88848875698221,3.8588519588095687,0.13100029454639242,161.01694915254237,0.2888476227919195,12.231867006414767,6.828301886792453,4.449590163934427,0.7818317032384214,1.0067755,True,True,235.4107,14.699,14.448,11.436,8.199,AIP-exact
3237792260373377280,82.23135495962188,6.300401652042263,0.08023296843444035,181.35593220338984,0.14605773805564215,10.41536406692955,7.335810810810812,4.006273062730627,0.8244233834365072,1.0137037,True,True,280.10263,13.801,13.682,10.941,8.016,AIP-exact
3237984640548126080,81.92173863033027,6.399033792534803,0.11641864573992075,171.18644067796612,0.2888476227919195,12.851056835121076,4.9350000000000005,3.571381578947369,0.8952542565309317,1.0460864,True,True,180.20782,14.706,14.59,11.189,8.199,AIP-exact
3238174890419706240,75.8177461789305,3.0720895642249912,0.13002826621681313,161.01694915254237,0.31158296935278684,11.920998892253493,5.12122641509434,3.502258064516129,0.8104333770079202,0.9509274,True,True,265.82047,14.896,14.701,11.52,8.376,AIP-exact
3241460677839771520,80.16579527217931,8.229202425515703,0.17226209917406576,222.03389830508473,0.19776262910622383,10.801333840430825,9.607964601769913,5.483333333333333,0.918778728870308,1.0228467,True,True,255.46172,13.647,13.515,10.135,7.799,AIP-exact
3249122319675731072,53.00401416463475,-3.562808063524225,0.190249550585149,100.0,0.1,9.661077867191253,3.8775,3.6190000000000007,0.9810634631272045,1.0176085,True,True,203.24161,12.492,12.361,11.85,8.32,AIP-exact
3265154638022282496,48.36766596957218,-1.8529722469286116,0.1460998022230443,181.35593220338984,0.21332862845930578,10.928015769202212,8.042222222222222,4.241015625,0.8480854159841056,1.0652022,True,True,296.54175,14.218,13.822,10.895,8.049,AIP-exact
3286923593862154752,65.39237015136612,7.729440680741962,0.12172167472732812,120.33898305084746,0.1,11.200436265506001,3.7181506849315076,3.976923076923077,0.8408449807232421,0.97154385,True,True,142.6561,13.108,12.909,12.005,8.041,AIP-exact
3315211038748540928,90.05015383913504,2.32503602537164,0.060946056829651075,171.18644067796612,0.1,10.202933418170856,6.660736196319019,4.021111111111111,1.023421094187283,1.0848962,True,True,179.33073,12.722,12.597,10.466,7.581,AIP-exact
3315824497516521216,89.03921112337281,1.7889496109853589,0.08315343561882631,171.18644067796612,0.31158296935278684,11.596789278735793,4.825333333333334,4.7,0.9801336594221974,1.0248517,True,True,299.1264,14.888,14.799,11.217,8.19,AIP-exact
3315986920296462464,89.00233943322314,2.1508662126495888,0.06767298030488124,161.01694915254237,0.1,10.4932677786169,8.972727272727274,5.455778894472362,0.8154921789255697,1.0196885,True,True,176.44983,12.909,12.757,10.91,7.814,AIP-exact
3315992074257054336,88.82893580624017,2.247825668907904,0.1314018151426478,161.01694915254237,0.12552052364172658,9.424331328694644,4.912669683257919,7.983088235294118,1.2515687104644961,0.9926723,True,True,255.66103,12.802,12.726,10.486,7.21,AIP-exact
3316070448820607744,88.02639900320588,2.0586043192646226,0.1417297945634149,150.84745762711864,0.1,10.5758985276276,7.592307692307694,5.12122641509434,0.982756770214797,1.0247669,True,True,171.35031,13.007,12.822,11.033,8.117,AIP-exact
3316182117969812992,87.78815830057147,2.631125275294232,0.17897487966252246,140.67796610169492,0.1,9.14901981451139,5.0032258064516135,3.976923076923077,0.9114642133359712,0.9800896,True,True,286.53748,12.885,12.818,11.243,8.102,AIP-exact
3316241246783713792,88.92823419182778,2.9556684834347453,0.12626830477833742,150.84745762711864,0.31158296935278684,12.031953041696841,4.504979253112034,3.536482084690554,0.8520527102957968,1.0344799,True,True,261.99258,14.669,14.605,11.674,8.2,AIP-exact
3316406418343218560,90.33390377956653,3.1524947169718667,0.13886604519259144,181.35593220338984,0.1,10.827858612427026,6.133898305084747,3.606976744186047,0.8873557519128816,1.0453211,True,True,213.2292,13.32,13.188,11.062,8.321,AIP-exact
3319258066173331072,86.85906056162729,3.240640136511459,0.16273927000598398,161.01694915254237,0.11636163857357301,12.839347998563946,8.042222222222222,5.244927536231885,1.177962640200454,1.0573351,True,True,98.431114,13.051,12.819,11.064,7.982,AIP-exact
3319685260799886464,87.13838985696239,4.2964440956346905,0.042958889952845095,161.01694915254237,0.16995517726504228,11.388200779552756,3.9624087591240875,5.744444444444445,0.9557575022334568,1.0236655,True,True,170.1422,13.439,13.299,10.824,7.591,AIP-exact
3320160318542873088,88.3567717429446,5.049432922384005,0.05571980049542107,181.35593220338984,0.2888476227919195,12.152000648025243,10.146728971962618,5.59639175257732,0.9000515565020333,1.0216794,True,True,184.64403,14.254,14.061,10.572,7.788,AIP-exact
3320531575514646656,86.40118032334948,4.977905755145843,0.0517870360736266,171.18644067796612,0.12552052364172658,10.339119845396866,7.810791366906475,3.850000000000001,0.8514848213480418,1.0453064,True,True,265.4717,13.796,13.649,11.152,8.227,AIP-exact
3320896647735543680,87.3728376706979,5.355313867334148,0.09364573777132627,161.01694915254237,0.19776262910622383,10.891486926235443,5.567692307692308,3.6190000000000007,0.9094629656019801,1.0060916,True,True,277.69382,14.387,14.229,11.383,8.226,AIP-exact
3320976469703975040,87.32127114591857,5.79751934044058,0.1902204330463651,130.50847457627117,0.1,11.156631492288781,5.270388349514564,3.8363957597173153,1.0725798101103288,0.99065024,True,True,133.95018,12.813,12.655,11.425,8.292,AIP-exact
3321027837513577984,88.40397613003643,5.911402934055108,0.04624071138198875,171.18644067796612,0.21332862845930578,11.549393037748839,6.959615384615385,5.71421052631579,1.0533111060773015,1.0006701,True,True,205.32744,14.027,13.85,10.928,7.832,AIP-exact
3322563820897912320,88.59539748103367,6.467001054927315,0.1633146435240657,140.67796610169492,0.1,9.617893850250102,5.0263888888888895,3.948,1.076955112965926,1.0391992,True,True,272.84326,13.059,12.917,11.41,8.055,AIP-exact
3322581752385111808,89.15982942475061,6.624519899248049,0.03139819185388917,161.01694915254237,0.10787105198966634,10.32275155681668,4.308333333333334,3.595033112582782,1.1429814394567632,1.0340048,True,True,273.79965,13.802,13.668,11.557,8.447,AIP-exact
3324408522237318400,98.34268023883,7.233874742958535,0.09975540364985322,171.18644067796612,0.23011983571417985,11.777938563564593,4.782819383259913,4.741048034934498,0.8824654999331107,1.0072381,True,True,239.79752,14.433,14.329,11.221,8.17,AIP-exact
3324411511533265792,98.33138473670154,7.256745966154037,0.10463877990900702,150.84745762711864,0.1,9.383806725448974,5.775,6.168750000000001,0.8028268509330356,0.9885401,True,True,227.43173,12.664,12.641,10.747,7.636,AIP-exact
3324452743216714496,97.14540768643693,7.144760358901435,0.1382758973539221,201.6949152542373,0.3625630486550966,12.622478278863989,8.10223880597015,4.159770114942529,0.685617514399702,1.0559039,True,True,254.40834,15.281,15.002,10.916,8.256,AIP-exact
3326933417545181440,100.0709014711747,10.016048622532852,0.10943682405115361,171.18644067796612,0.11636163857357301,13.289061255085457,6.386470588235294,4.8686098654708525,0.8652646619612726,1.0263914,True,True,77.40039,13.233,13.097,10.744,7.898,AIP-exact
3327813366149499136,98.76417435157884,10.643814158450027,0.1904986290368308,181.35593220338984,0.39110057471005855,11.928320902137333,6.915286624203822,4.741048034934498,0.9258447748883971,0.9801737,True,True,276.7737,14.742,14.535,10.671,7.581,AIP-exact
3330755624904036608,95.30740745170678,10.872864635385042,0.15417923720221235,222.03389830508473,0.1833324376267034,10.276810028270763,15.966176470588236,6.959615384615385,1.032964288645043,1.0671395,True,True,264.53552,13.327,13.244,9.913,7.59,AIP-exact
3331159592349149824,98.26323315842718,11.88691687205146,0.18059231923184665,211.864406779661,0.39110057471005855,11.970143685338183,9.047500000000001,4.561764705882354,0.9264954317830939,0.96955174,True,True,283.10495,14.855,14.778,10.31,7.683,AIP-exact
3332851332722262656,85.76074353136465,5.968645243133905,0.16507752953250732,150.84745762711864,0.1,10.179492611612941,6.701851851851853,3.850000000000001,0.9570141649283463,1.0219275,True,True,213.56195,12.978,12.827,11.035,8.154,AIP-exact
3334050453232059008,83.73679390155208,7.482527967645776,0.11242238031864028,161.01694915254237,0.19776262910622383,12.021981862852497,8.225,7.190066225165564,1.0277771697108848,1.0025448,True,True,165.15443,13.695,13.568,11.06,7.657,AIP-exact
3334426619352031104,84.04571305194897,7.635075060283954,0.11343432302973629,150.84745762711864,0.23011983571417985,11.696326733402605,4.360240963855422,4.021111111111111,0.9131111622499875,1.0847626,True,True,211.22205,14.422,14.181,11.513,8.107,AIP-exact
3335185458469451648,87.62426185318267,8.692519665992327,0.09215801044299683,191.52542372881356,0.2888476227919195,10.804187733697288,13.080722891566266,5.1947368421052635,1.3143453471782496,1.1496936,True,True,276.52567,14.001,13.959,10.224,7.53,AIP-exact
3335389551018724992,87.69593269575093,9.051751008527736,0.17745525287462133,181.35593220338984,0.26777121151983396,10.915123483982564,8.548818897637796,6.50119760479042,0.7987397497070641,0.9422325,True,True,283.45068,13.989,13.896,10.575,7.599,AIP-exact
3335893505303723520,87.83953291922963,10.0024123004202,0.08582326390362505,181.35593220338984,0.31158296935278684,11.27633891503726,6.168750000000001,4.980275229357798,0.859836476040602,1.0058401,True,True,273.30792,14.324,14.221,10.678,7.71,AIP-exact
3335958586943283840,88.76481025691115,10.198347138545603,0.1321470616362095,140.67796610169492,0.21332862845930578,10.50219939730951,9.047500000000001,9.607964601769913,1.0026468017242647,1.036988,True,True,205.25168,13.141,12.978,10.817,6.962,AIP-exact
3336767032931900288,87.79048850567173,10.562362403096648,0.07709544096257291,171.18644067796612,0.26777121151983396,12.180788634272762,6.275722543352602,4.890540540540541,0.9526672640589791,0.96204954,True,True,202.24364,14.372,14.144,10.992,7.955,AIP-exact
3336850183496851840,87.52360134390995,11.05550237281592,0.13512750407384908,171.18644067796612,0.23011983571417985,12.255728166801461,4.0662921348314605,3.8363957597173153,0.9780474701747995,1.0486481,True,True,202.74538,14.215,14.1,11.205,8.154,AIP-exact
3336850527095136000,87.54560522685374,11.079506430754265,0.0676288511209227,181.35593220338984,0.2888476227919195,11.304650335307358,8.287786259541985,6.7856250000000005,0.824092145204595,0.98321277,True,True,271.73447,14.355,14.277,10.709,7.75,AIP-exact
3337276042390607872,81.69981642138153,7.945653154149364,0.09505137525435478,171.18644067796612,0.4550910372032852,11.957045997153925,16.2044776119403,12.063333333333334,0.7897320688638358,1.0107597,True,True,200.61038,14.292,14.259,10.092,6.936,AIP-exact
3337446737273981568,82.28483229033263,8.863232844245596,0.1278153813672464,181.35593220338984,0.13540030931526834,12.10396076831789,4.395546558704454,3.8913978494623658,0.9978110667791559,1.0745099,True,True,153.11807,13.962,13.805,11.063,8.338,AIP-exact
3337468658787053440,80.7614608094021,8.023006226787293,0.07844239559530601,181.35593220338984,0.15755401855293244,11.23697331968212,6.133898305084747,3.7181506849315076,0.7784370054600716,0.9761493,True,True,234.5372,14.183,13.96,11.113,8.327,AIP-exact
3337637060161918080,82.15291017249785,8.993632963743964,0.1360929231332259,140.67796610169492,0.1,9.31571568533899,5.744444444444445,5.837096774193549,1.0852861703178864,1.0202527,True,True,257.50903,12.711,12.625,11.05,7.616,AIP-exact
3337704130371331456,81.76383284537233,9.187283716696266,0.19394050408116803,150.84745762711864,0.1,9.366438271146519,7.436301369863015,5.12122641509434,0.7992487487158592,1.0571063,True,True,259.23996,12.707,12.573,10.959,7.719,AIP-exact
3338296762841457024,80.22077145054635,8.553816766993057,0.0785452067682831,161.01694915254237,0.23011983571417985,11.867073569484823,4.1125,3.7181506849315076,0.9961880044819794,1.0681124,True,True,242.37671,14.478,14.298,11.527,8.15,AIP-exact
3338303020610388352,80.38878820161867,8.63408137214293,0.15532147422073503,181.35593220338984,0.1,9.74422459004454,8.899180327868853,7.385714285714287,0.9894904357011686,1.0164394,True,True,181.80402,12.219,12.096,9.89,7.335,AIP-exact
3338515020196410240,80.70709076525341,9.5711242817021,0.07301922363091097,191.52542372881356,0.1,12.31754505157648,5.348275862068966,3.5250000000000004,0.9604231189468495,1.0070279,True,True,92.16461,12.866,12.659,10.364,7.731,AIP-exact
3338850165084100480,80.30285574561366,10.63815137245644,0.10125656486580004,161.01694915254237,0.21332862845930578,10.694062569562718,5.59639175257732,4.291304347826087,0.9375878154411376,1.0156521,True,True,293.5742,14.092,13.946,11.221,7.872,AIP-exact
3339175650589602560,81.33808203855577,10.637549920587734,0.05438276548294767,150.84745762711864,0.2888476227919195,11.541424277211288,4.128136882129278,3.5250000000000004,0.9266499557167764,0.91869867,True,True,279.80814,14.632,14.478,11.522,8.033,AIP-exact
3339309791008894976,81.50714633982312,11.248637132522418,0.09790119583393818,171.18644067796612,0.2888476227919195,10.861728670551681,7.286577181208055,5.59639175257732,0.8367593637007967,1.0301768,True,True,281.0164,14.103,13.932,10.608,7.52,AIP-exact
3339320579966830208,81.9128913445365,11.318438094907563,0.12222830111677063,171.18644067796612,0.14605773805564215,10.691390186543325,4.8039823008849565,4.561764705882354,0.8118780219080388,0.96985143,True,True,240.64418,13.539,13.466,10.953,7.841,AIP-exact
3339383428223655168,81.21663008912783,11.660667388269786,0.14061906082122963,191.52542372881356,0.1,11.140446488149282,6.168750000000001,3.559672131147541,0.8551574977605593,0.95880574,True,True,152.22371,13.092,12.951,10.65,8.293,AIP-exact
3339415928240218240,81.43433393135498,11.866542448895322,0.08942666992979878,171.18644067796612,0.1833324376267034,12.258557502892458,7.755,4.3428,0.9495999875017859,1.0275813,True,True,145.37566,13.871,13.691,10.887,7.906,AIP-exact
3340768568060586880,83.5143235507797,12.024388240962583,0.1590954362768476,140.67796610169492,0.31158296935278684,11.692502539904694,4.825333333333334,3.502258064516129,0.9923100436964074,0.95173556,True,True,242.5012,14.735,14.528,11.646,8.009,AIP-exact
3340839520919925888,82.50267138037658,11.765192090464009,0.07858440988764831,161.01694915254237,0.23011983571417985,11.377305735486795,4.60042372881356,4.308333333333334,0.9477434588549999,1.0277276,True,True,259.5132,14.238,14.058,11.358,8.01,AIP-exact
3340844090764931328,82.09664451745608,11.57820421533514,0.1911078486398857,161.01694915254237,0.21332862845930578,10.763398613587137,5.684293193717278,7.050000000000001,0.9143939355348469,1.0747901,True,True,251.90656,13.663,13.477,10.863,7.47,AIP-exact
3340953526532553472,82.17995766087144,12.348883764301386,0.06018170370760219,161.01694915254237,0.23011983571417985,11.535397860241915,5.348275862068966,4.5810126582278485,0.9891162158239857,1.0350415,True,True,240.34906,14.291,14.094,11.327,8.013,AIP-exact
3341017847962732544,83.51024283337712,12.655354303465314,0.12534110313723876,181.35593220338984,0.31158296935278684,11.932484528472916,10.146728971962618,4.241015625,0.8714823667146321,1.0499043,True,True,210.6505,14.12,14.043,10.487,7.476,AIP-exact
3341046881941488256,82.78121688615742,12.538331099266925,0.09745793494727056,181.35593220338984,0.42188430427737117,11.453506094353077,5.145497630331755,8.287786259541985,0.8404942300635757,0.9741193,True,True,234.89706,14.291,14.071,10.01,6.981,AIP-exact
3341052589953793920,82.72213139733957,12.665895018626818,0.07553699382826108,140.67796610169492,0.13540030931526834,11.517215497244813,4.825333333333334,7.385714285714287,0.9677729569836083,1.1339351,True,True,133.78564,13.145,12.977,11.249,7.501,AIP-exact
3341063821293905408,82.42047150106471,12.754212334767525,0.14838704046046072,161.01694915254237,0.1,9.436887910782541,6.031666666666667,4.191891891891892,0.7805000917127596,1.0022172,True,True,283.89178,13.384,13.243,11.044,8.158,AIP-exact
3341369519885801856,85.16613619497421,13.603951857623256,0.05187553075560126,161.01694915254237,0.19776262910622383,10.68659905481595,6.168750000000001,4.325498007968128,0.8643217171908196,1.0129931,True,True,281.63342,14.066,13.962,11.181,8.004,AIP-exact
3341370280096135424,85.28877157269427,13.61120169165826,0.06633425428843226,161.01694915254237,0.1,10.115381266419949,6.424260355029586,4.081578947368421,0.8996783034452552,0.9972129,True,True,218.03346,13.137,12.984,10.982,8.022,AIP-exact
3341390895938694272,83.59030612228959,12.716018899803942,0.0884734106258162,161.01694915254237,0.23011983571417985,11.206366271374186,10.146728971962618,10.340000000000002,0.931503381659319,1.0128345,True,True,161.93195,13.148,12.955,10.165,6.908,AIP-exact
3341570971030802560,84.59129318822562,13.70458919811451,0.038049953611888565,161.01694915254237,0.12552052364172658,10.383081807823242,5.90054347826087,4.761842105263158,0.9027199725568658,1.0008692,True,True,240.16739,13.536,13.388,11.19,7.966,AIP-exact
3346013169806920320,92.13206856541264,16.01841618436641,0.1423490740628209,232.20338983050846,0.19776262910622383,11.23239931082567,10.540776699029127,3.796153846153847,0.8147159395729292,1.0650672,True,True,238.76526,14.271,13.984,10.47,8.309,AIP-exact
3364603098229892352,103.4190794283458,18.606090401378964,0.02865575488702733,161.01694915254237,0.1,10.59811940012308,7.335810810810812,5.244927536231885,0.9464148043783261,1.0948479,True,True,189.2379,13.198,13.0,11.073,7.845,AIP-exact
3373237661824669568,93.06553244932633,17.456166351976837,0.1541786244030205,222.03389830508473,0.15755401855293244,10.892724465163445,14.100000000000001,4.782819383259913,0.7981088833655675,1.0128238,True,True,204.3841,13.683,13.478,10.208,8.007,AIP-exact
3373273400250067200,92.44668158552982,17.464815535496225,0.1590381079201902,222.03389830508473,0.1,9.586306559294618,10.540776699029127,3.7829268292682934,0.8681134332260858,1.1274942,True,True,248.24373,13.175,13.186,10.161,7.999,AIP-exact
3373370290416125952,93.52293609166898,18.1073545008203,0.09109946029709923,201.6949152542373,0.23011983571417985,12.212931798582282,8.826829268292684,4.486363636363637,1.1056967055910616,1.069897,True,True,171.08646,13.858,13.723,10.467,7.843,AIP-exact
3374283988875458048,93.746747807811,20.286374443099188,0.17682206279927215,161.01694915254237,0.1,9.504137687618071,5.998342541436465,3.8228873239436627,0.9518941008380077,1.0126544,True,True,296.48837,13.068,13.006,11.218,8.214,AIP-exact
3374434926909104000,91.45972376564046,19.074810028253932,0.0622775214845679,171.18644067796612,0.16995517726504228,12.972541838235406,6.204000000000001,4.679741379310345,0.8801186964849315,0.92738146,True,True,114.47626,13.663,13.522,10.95,7.985,AIP-exact
3375171947593252608,91.9786734624066,20.230033178138516,0.13476455743626856,150.84745762711864,0.1,10.558094093248096,4.980275229357798,4.241015625,0.865003365599904,1.0697479,True,True,181.80942,13.175,13.016,11.291,8.144,AIP-exact
3375302647742539904,92.19181154562465,21.267725546794704,0.06892925560922791,130.50847457627117,0.39110057471005855,10.894116266408718,4.659656652360515,6.099438202247192,0.911110729271599,1.00328,True,True,289.41574,14.378,14.143,11.442,7.394,AIP-exact
3377226969186489088,95.20269094412976,22.61143041308563,0.08671441416570136,161.01694915254237,0.1,10.864884102552512,8.225,6.204000000000001,1.0862954081779295,0.97281176,True,True,147.15302,12.755,12.552,10.604,7.718,AIP-exact
3377233016500422656,95.11198990540902,22.766252476918357,0.18265130830623486,181.35593220338984,0.1,9.319821248914275,7.385714285714287,4.720434782608696,0.7852715716984123,0.98449326,True,True,240.50026,12.537,12.513,10.157,7.73,AIP-exact
3377233080923698688,95.09689490381976,22.775228818657567,0.1422329354636792,171.18644067796612,0.1,8.234121676595503,13.91923076923077,12.337500000000002,0.5893940677331895,1.0046611,True,True,209.45844,11.605,11.617,9.137,6.565,AIP-exact
3377239196957153280,95.18272753737736,22.83376466417896,0.18223789551512598,150.84745762711864,0.1,9.996421264171286,4.957534246575343,3.5831683168316837,0.929787107771822,1.0477091,True,True,226.40997,12.794,12.658,11.071,7.905,AIP-exact
3377264588802197504,95.3469604245681,22.942650139167647,0.043054750597128426,191.52542372881356,0.1833324376267034,10.834962887799549,7.385714285714287,3.6311036789297666,0.973285228827301,0.9877462,True,True,238.54308,13.845,13.646,10.539,7.802,AIP-exact
3377372306581159296,95.8227503153556,23.37257670044841,0.06970255046234354,211.864406779661,0.1,10.875679453967052,7.004516129032258,6.424260355029586,0.935679099516058,1.0689406,True,True,134.376,12.457,12.342,9.772,7.459,AIP-exact
3377380003162696832,95.86602974688668,23.486283273010017,0.17922712059758178,201.6949152542373,0.24823268762177775,11.357112935540066,18.71896551724138,10.644117647058826,1.053885258217331,0.9514919,True,True,155.80673,12.948,12.838,9.371,6.81,AIP-exact
3377450818584305920,94.8652481245242,23.185544073481186,0.04644738466993013,181.35593220338984,0.14605773805564215,12.381869223739036,7.755,5.0263888888888895,0.9742339336203619,0.9852453,True,True,118.24766,13.437,13.286,10.65,7.761,AIP-exact
3377461886718012032,95.28793257056748,23.27304577925693,0.13455439107436895,232.20338983050846,0.13540030931526834,10.533441631978885,13.743037974683546,5.744444444444445,0.9841636960403483,1.0939444,True,True,202.2252,13.044,12.878,9.865,7.666,AIP-exact
3377473878266962944,95.2380913481345,23.309730308818143,0.027165637014696625,171.18644067796612,0.10787105198966634,8.1951072982566,13.240243902439024,9.35948275862069,0.6179802528292223,1.3621224,True,True,286.0907,12.383,12.339,9.747,6.717,AIP-exact
3377566129865179392,95.66537296332032,23.534423840663287,0.16943367181909433,222.03389830508473,0.39110057471005855,11.21840257755927,19.740000000000002,7.810791366906475,1.0478568806940778,0.879247,True,True,263.17685,14.109,13.922,9.555,7.112,AIP-exact
3383749302225681536,96.32527362165725,25.136379084835607,0.10696353034420245,191.52542372881356,0.1,9.949418267040013,13.403703703703705,5.0263888888888895,0.7784151171887622,0.9891464,True,True,203.7449,12.919,12.786,10.259,7.902,AIP-exact
3387071721421297024,77.95244651637894,10.840915020782392,0.08591036632027435,150.84745762711864,0.3361078268614909,12.295681103063744,4.431428571428572,4.241015625,0.9172504532278437,1.0917097,True,True,238.6259,14.725,14.594,11.622,8.032,AIP-exact
3388998061497380864,81.9881735509195,12.52280772318852,0.07316947116976535,171.18644067796612,0.24823268762177775,11.032006967637733,8.616666666666667,10.966666666666667,1.0282499529111329,0.9492064,True,True,158.25783,13.007,12.859,9.764,6.574,AIP-exact
3391437053166457856,76.47845860382971,13.262187529411296,0.12546409494855534,201.6949152542373,0.1,10.76990217103629,7.700000000000002,3.502258064516129,0.8967160959201123,1.0086197,True,True,248.29591,13.592,13.392,10.998,8.503,AIP-exact
3409948602729741312,72.34806642767606,19.117308909472214,0.1687446259096381,100.0,0.1,9.902213543798647,3.9053956834532375,3.595033112582782,0.9439037532503726,1.0840743,True,True,182.98677,12.374,12.256,11.656,8.058,AIP-exact
3422863053994039680,89.87871605622185,20.455015930718574,0.05002845875100298,150.84745762711864,0.1,9.527172580816604,4.620000000000001,5.244927536231885,0.8233671113112258,0.9772355,True,True,247.0821,12.91,12.81,11.077,7.656,AIP-exact
3445667887230884608,80.90654473417949,29.05911076792447,0.15946278766352018,161.01694915254237,0.21332862845930578,12.13836805042368,4.25764705882353,3.571381578947369,1.129969340755814,1.0371084,True,True,228.00732,14.244,14.113,11.58,8.263,AIP-exact
3448725805158617088,82.32592260070847,32.14654636391697,0.10306169413044372,171.18644067796612,0.1,10.072419695160185,5.998342541436465,3.536482084690554,1.0335330671485894,0.9505195,True,True,268.82748,13.363,13.218,11.211,8.171,AIP-exact
3455669702123348096,85.02600051142947,35.04116457502846,0.18630725769659115,110.16949152542372,0.1,8.96081112653472,4.890540540540541,5.483333333333333,0.6472742734933736,1.2134893,True,True,208.83485,12.282,12.326,11.278,7.712,AIP-exact
3455895651763505408,85.63342933047657,36.51701002552579,0.12993271009371726,191.52542372881356,0.12552052364172658,9.283942810703964,3.595033112582782,6.099438202247192,0.8663213821004782,0.969179,True,True,291.617,12.946,12.907,10.136,7.44,AIP-exact
3489903885710438528,183.8275133972085,-23.56651881838373,0.12519929360186055,150.84745762711864,0.13540030931526834,12.365509199418653,4.542677824267783,4.081578947368421,1.1317942233750469,1.0735946,True,True,156.21465,13.732,13.475,11.739,8.398,AIP-exact
3496509309189181184,191.30392370869112,-26.86757675063225,0.18319052965038865,161.01694915254237,0.1,10.220293976328923,22.618750000000002,16.45,1.02863619265767,1.0318,True,True,142.94646,11.993,11.807,10.023,6.811,AIP-exact
3510721115452412032,197.3762073536065,-18.497050900691715,0.06193293352407512,161.01694915254237,0.1,12.600271651765405,7.700000000000002,4.8686098654708525,1.1372264445365228,1.0632365,True,True,101.60467,13.243,13.01,11.275,8.223,AIP-exact
3511149474016439808,198.34004680580463,-17.690984302862535,0.18235975537950988,171.18644067796612,0.24823268762177775,13.37928589679694,7.487586206896553,4.308333333333334,0.7627714176976169,1.066067,True,True,164.42355,14.711,14.479,11.422,8.474,AIP-exact
3511832820492304256,196.28540081401064,-17.336227871204557,0.16285826088891434,130.50847457627117,0.1,10.197751499598247,4.846875000000001,6.386470588235294,0.9285870372203106,0.9530291,True,True,227.42924,13.065,12.83,11.802,7.933,AIP-exact
3524696419343214848,195.80197001114595,-14.936255822351924,0.09320433796158781,120.33898305084746,0.10787105198966634,10.934666966304485,3.6190000000000007,5.2960975609756105,0.9323704111390587,1.059005,True,True,173.24097,13.387,13.173,12.075,8.256,AIP-exact
3552735104018752896,164.15504162322367,-18.725042671592146,0.10887537395837632,140.67796610169492,0.1,8.577875084065884,16.45,13.743037974683546,0.7818875722303998,1.0755588,True,True,211.52913,12.045,12.008,10.131,6.897,AIP-exact
3609133689676051456,199.86304172300632,-13.721769357258053,0.10278748925196259,150.84745762711864,0.11636163857357301,12.032693584705108,4.720434782608696,4.036059479553903,0.9961556958121905,1.0235623,True,True,158.35934,13.992,13.755,11.878,8.573,AIP-exact
3610982209240790272,201.5874598898079,-12.10168630385822,0.11692634828872357,130.50847457627117,0.11636163857357301,10.251611931426378,4.413414634146342,5.4285000000000005,0.8867989524438918,1.0096551,True,True,229.37845,13.562,13.348,11.867,8.071,AIP-exact
3611246366909505152,201.3956857130067,-11.322574326552992,0.1679184331051473,100.0,0.1,10.29897752774801,4.980275229357798,4.63974358974359,0.8762374435464596,0.96631426,True,True,150.97495,12.378,12.22,11.681,8.148,AIP-exact
3647887561840108928,213.7574131052701,-0.3907275657561998,0.16274949072614614,120.33898305084746,0.1,12.162269548277262,6.743478260869566,4.006273062730627,0.9820328641707083,0.98880523,True,True,95.97738,12.804,12.595,11.518,8.32,AIP-exact
3680796219737747200,187.28507836013117,-4.858231014929234,0.0983899731549995,171.18644067796612,0.13540030931526834,9.927857529363578,12.198876404494383,6.349122807017544,0.983804243129154,1.0555439,True,True,257.35742,13.115,12.889,10.502,7.519,AIP-exact
3711294365893988096,202.44180488947893,1.181308020419213,0.06382430958889439,150.84745762711864,0.10787105198966634,11.167919253953638,5.2960975609756105,5.12122641509434,0.9604892686580261,1.0046306,True,True,198.96622,13.587,13.381,11.728,8.287,AIP-exact
3714808649869917056,204.28078383014304,5.304495266179832,0.05631246968972946,130.50847457627117,0.24823268762177775,10.963664904215827,3.705460750853243,6.3122093023255825,0.8476993215759832,1.0445807,True,True,278.74316,14.306,14.134,12.0,8.059,AIP-exact
3732612938579591680,198.99838466815947,9.856298742170129,0.06612733514529397,130.50847457627117,0.14605773805564215,11.38513098587843,4.8686098654708525,5.170000000000001,0.8424949943232835,1.020196,True,True,173.66792,13.619,13.404,11.839,8.045,AIP-exact
3747107246317150336,157.50643577981646,-18.638777518042104,0.15256266923479658,140.67796610169492,0.24823268762177775,11.405769016332318,3.667905405405406,3.8228873239436627,0.8770590770596635,0.8779863,True,True,262.3914,14.615,14.517,11.908,8.315,AIP-exact
3761467967687193216,161.2394638141516,-9.288931112469,0.10785687850724052,140.67796610169492,0.1,10.315730887690659,5.1947368421052635,4.360240963855422,1.0143115013190227,1.0070351,True,True,216.73299,13.161,12.963,11.586,8.147,AIP-exact
3771001596789143808,146.7832602957269,-9.607498550540802,0.08006405493365878,110.16949152542372,0.1,9.281802198911034,4.208139534883721,6.424260355029586,0.9186668078043577,1.0491986,True,True,220.80208,12.626,12.541,11.616,7.665,AIP-exact
3810623803966049280,170.35986953651505,1.5271308046590353,0.1688079409077714,120.33898305084746,0.1,10.006117030211547,4.782819383259913,4.7,0.7430480778286734,0.98236907,True,True,183.18318,12.656,12.564,11.452,8.087,AIP-exact
3839298551822333568,140.71984820020634,-0.2606914310267596,0.18833044818018846,150.84745762711864,0.1,9.846088280996437,12.925,6.58,0.8196279201516261,1.084852,True,True,174.34534,12.594,12.296,10.436,7.662,AIP-exact
3842760462966350080,136.83533498469228,-0.4837342333769098,0.09045501992902216,140.67796610169492,0.24823268762177775,12.055185154503564,5.401492537313433,5.0032258064516135,0.9695559195666331,0.91592956,True,True,182.15092,13.955,13.749,11.532,7.813,AIP-exact
3864859242230682240,165.4464414115593,7.300372347245989,0.156008264886979,171.18644067796612,0.10787105198966634,10.144990896167112,6.4625,4.846875000000001,0.802984324037687,1.049521,True,True,264.5889,13.332,13.195,11.015,7.983,AIP-exact
3879236284476714240,147.15713468311318,10.134590739270356,0.10889323208563814,130.50847457627117,0.1,10.327394293317298,4.395546558704454,3.948,0.8961338603165098,1.0753347,True,True,209.26372,13.327,13.112,11.861,8.361,AIP-exact
3953639579197683456,185.95822019260063,22.53761628287234,0.05111709538481164,140.67796610169492,0.24823268762177775,12.310042474257514,5.2960975609756105,6.50119760479042,0.9723370125756667,1.0407728,True,True,162.62732,14.046,13.794,11.593,7.797,AIP-exact
4007971606982704384,179.76277130595707,28.649567057056007,0.17400744984301428,140.67796610169492,0.1,11.050899161512046,4.980275229357798,3.513592233009709,0.9861650693584705,1.0691088,True,True,165.02463,13.044,12.868,11.474,8.43,AIP-exact
4044860183444348032,277.51830731950594,-33.30898882818727,0.1696146543506508,130.50847457627117,0.1,10.749992118988313,4.036059479553903,3.991544117647059,0.8494860219600517,0.8855849,True,True,155.19316,12.983,12.929,11.424,8.133,AIP-exact
4044995943114146048,277.9057734235165,-32.73984534139923,0.17014417092990003,100.0,0.1,12.787276422013445,4.659656652360515,4.274409448818898,1.2450770371922157,0.9648625,True,True,66.76049,12.475,12.254,11.425,8.239,AIP-exact
4099787558122258176,278.7330436884762,-16.750424700772086,0.1913700017178102,211.864406779661,0.21332862845930578,11.748194388826182,9.35948275862069,6.239655172413794,1.0457802179999027,1.0333374,True,True,174.02391,13.444,13.604,10.07,7.623,AIP-exact
4103270501722696064,278.816675873968,-14.860836490659205,0.17074771847894818,161.01694915254237,0.1,9.751689685700857,3.7181506849315076,4.60042372881356,0.9492607847313845,1.0301259,True,True,264.83066,13.163,13.216,11.067,8.135,AIP-exact
4105702316550814848,282.7922783347016,-12.515015138203813,0.14611960173535696,130.50847457627117,0.1,11.475012064806702,4.890540540540541,3.680338983050848,1.0807149237388125,1.0408425,True,True,132.8193,12.923,12.871,11.482,8.254,AIP-exact
4120049809456929280,264.775761649516,-19.278478148701296,0.17441662768740437,171.18644067796612,0.14605773805564215,11.65035543058878,9.123529411764707,6.239655172413794,1.0741672188886582,0.9966741,True,True,152.91522,13.213,13.151,10.68,7.582,AIP-exact
4153797527776344960,273.18226575086464,-12.25013390799798,0.04674982658265129,252.54237288135593,0.14605773805564215,11.105216210924393,10.966666666666667,4.9350000000000005,0.9250240412571641,0.99491376,True,True,149.176,12.928,12.792,9.432,7.543,AIP-exact
4161242870764730368,275.685406278619,-5.410673308504999,0.14944479320890416,171.18644067796612,0.26777121151983396,11.396177208092336,8.548818897637796,5.998342541436465,0.7957631001135075,1.1015012,True,True,268.8918,14.43,14.463,10.997,7.954,AIP-exact
4173341763585427840,275.113305905625,-4.885509589841986,0.10606296746296796,161.01694915254237,0.12552052364172658,12.638821394755755,5.6546875000000005,3.8363957597173153,1.003810315199115,1.1040604,True,True,112.17155,13.657,13.512,11.225,8.146,AIP-exact
4176555391248190848,267.2273116605018,-4.361180679691079,0.06210250433237447,150.84745762711864,0.1,10.83496993769704,6.168750000000001,4.159770114942529,0.8609775962305215,1.026205,True,True,190.00508,13.316,13.128,11.35,8.168,AIP-exact
4203930795629162624,282.94928157111144,-8.235340059831731,0.14652088498565552,222.03389830508473,0.11636163857357301,10.346705309285408,11.309375000000001,3.8913978494623658,1.0308464064471303,0.9070935,True,True,251.06787,13.697,13.832,10.52,8.275,AIP-exact
4218477128211079296,307.5804377765891,-5.088038412149989,0.1726462038518593,100.0,0.1,10.376583203216903,4.912669683257919,4.395546558704454,0.8427493877119987,0.9366476,True,True,140.71123,12.385,12.234,11.523,8.111,AIP-exact
4256281292952353024,277.32271344800614,-5.901588021706355,0.11798456152701293,161.01694915254237,0.1,10.587559100601927,6.58,3.7829268292682934,0.8130574703795763,0.99174106,True,True,195.60204,13.065,13.288,11.103,8.128,AIP-exact
4270197738572658432,277.6717498049506,-2.414407447263246,0.1571538907657437,161.01694915254237,0.24823268762177775,12.072186154178352,4.761842105263158,5.073364485981309,1.0514561306651715,1.0277075,True,True,186.7843,13.954,14.1,11.095,7.62,AIP-exact
4271669061224534400,278.34563175266345,-2.2690401044776958,0.1856898562289862,181.35593220338984,0.1,12.44189761131901,12.198876404494383,4.1125,0.8846018822534113,0.97640103,True,True,77.32289,12.618,12.52,10.288,7.82,AIP-exact
4271999086512821248,277.9695888034424,-1.2924736623611637,0.14464580256162823,232.20338983050846,0.16995517726504228,9.518550435476236,20.48490566037736,7.142763157894738,0.8820311872066564,1.0537924,True,True,295.5908,13.156,13.192,9.632,7.485,AIP-exact
4272358691238304768,279.66772907317335,-0.194643153794001,0.06889794611092089,150.84745762711864,0.13540030931526834,7.878057338320894,6.915286624203822,17.511290322580646,0.6307764704077712,1.0029507,True,True,284.26614,12.093,12.232,9.679,6.236,AIP-exact
4275784425873616640,273.89849997421805,1.050086166502325,0.09422132005890219,161.01694915254237,0.1833324376267034,11.49659026506686,3.680338983050848,3.559672131147541,0.8999931981736519,1.0061496,True,True,265.3515,14.516,14.498,11.804,8.439,AIP-exact
4279130622006188160,283.4301992122474,2.003086166772024,0.12518420430737895,161.01694915254237,0.1,8.456586152918177,3.7567474048442913,5.483333333333333,0.6868415449708472,0.9811184,True,True,243.04482,12.03,12.023,9.808,6.856,AIP-exact
4283906518264482176,279.1356135487931,5.264281791134961,0.16121983921619895,161.01694915254237,0.1,11.873680720918436,10.340000000000002,3.559672131147541,0.9608119149230843,0.89275247,True,True,127.975624,13.112,12.985,11.071,8.457,AIP-exact
4284325333426683264,277.79215018660074,5.224151553605774,0.11947175866932284,171.18644067796612,0.11636163857357301,10.219640096563431,6.4625,4.377822580645161,0.8324642023523694,1.0591265,True,True,297.0927,13.695,13.585,11.337,8.269,AIP-exact
4285917357532106112,283.7751070033705,7.022623098901486,0.1878032632196464,181.35593220338984,0.1,9.866907469786229,5.4285000000000005,3.730927835051547,0.8452616321739193,1.0553397,True,True,249.74782,12.951,13.013,10.682,8.331,AIP-exact
4307140195391540608,287.0199372615826,7.409472885843177,0.14583455476901916,191.52542372881356,0.1,8.806574676176798,7.755,6.349122807017544,0.7957363192039366,1.0563278,True,True,277.67288,12.549,12.853,9.843,7.228,AIP-exact
4315897981614026496,290.71016475200435,11.920063828500895,0.12099417369317737,201.6949152542373,0.10787105198966634,9.62061100010504,11.930769230769233,6.424260355029586,0.8110031486595771,0.99760276,True,True,259.31223,13.197,13.38,10.277,7.75,AIP-exact
4319053064587680640,289.42154196033493,12.831807275483616,0.05588922619416348,191.52542372881356,0.1,9.717991010970904,10.966666666666667,10.857000000000001,0.9670381413566311,0.96899974,True,True,158.603,12.074,12.083,9.485,6.927,AIP-exact
4322729968913080576,290.4766156159143,17.19386701284137,0.11618195098733164,130.50847457627117,0.1,10.503912487002838,5.868648648648649,4.659656652360515,0.8983636768952913,0.94083023,True,True,156.7759,12.675,12.638,11.278,7.877,AIP-exact
4328095413845148416,244.7514840210549,-15.816149102655794,0.17392763932650881,100.0,0.1,8.455160720623459,3.7181506849315076,5.539285714285715,0.6909161001750199,0.99168813,True,True,275.52008,12.217,12.197,11.808,7.862,AIP-exact
4332092894524631424,248.73569079834417,-10.709697222810272,0.14153990034623143,140.67796610169492,0.11636163857357301,10.382196871831434,3.6311036789297666,4.761842105263158,0.8764539566732795,1.0276507,True,True,205.0963,13.004,12.72,11.337,7.677,AIP-exact
4359368612618324736,247.4056550918465,-0.8247759181869491,0.04644914298543122,150.84745762711864,0.19776262910622383,11.530096182742458,4.096981132075472,3.9194945848375453,0.9724730465921788,0.9713621,True,True,234.78955,14.37,14.103,11.68,8.254,AIP-exact
4374099152149304704,263.0536451697717,0.8234254039737195,0.1687217007991418,161.01694915254237,0.15755401855293244,11.763250918763834,6.828301886792453,4.431428571428572,1.4130348790763023,1.3748168,True,True,177.58203,13.494,13.241,11.166,7.909,AIP-exact
4385513766472524416,251.73518310805267,2.179185067408434,0.10201082647183903,120.33898305084746,0.1,10.173641521023047,4.486363636363637,5.170000000000001,0.8869861851540012,0.99377984,True,True,195.45523,13.008,12.811,11.724,8.087,AIP-exact
4399521613331215872,239.3333411661096,-4.003985411100877,0.13186277323666631,130.50847457627117,0.1,10.699530375764988,4.8686098654708525,3.8913978494623658,0.9616388738590125,1.0324607,True,True,181.96025,12.945,12.76,11.581,8.063,AIP-exact
4400845665847062272,235.34349484121304,-4.51477355075991,0.11185968657112118,140.67796610169492,0.1,9.886810101735058,4.890540540540541,4.395546558704454,0.8382872245137473,1.1307417,True,True,272.57397,13.197,13.031,11.547,8.113,AIP-exact
4403656842201250048,235.76137944141252,-2.035170649703148,0.17808561574765508,130.50847457627117,0.1,9.296671001011054,4.360240963855422,4.25764705882353,0.841983791782523,0.9833521,True,True,295.50974,13.054,12.984,11.734,8.404,AIP-exact
4426899659020024192,239.05209361516896,6.096343176100266,0.11861314407871204,110.16949152542372,0.1,9.655109423137189,6.915286624203822,7.050000000000001,0.8146558746634803,1.0400339,True,True,185.48471,12.409,12.288,11.404,7.693,AIP-exact
4447485158093915904,254.1032548105631,10.62189074022436,0.06316091211851468,150.84745762711864,0.1,12.3861076836472,5.270388349514564,3.559672131147541,0.8958157026142687,1.0234346,True,True,125.18355,13.509,13.277,11.601,8.49,AIP-exact
4455296539674330752,237.61350278405985,9.135986230849566,0.07816109878683225,120.33898305084746,0.1,8.636734598601624,4.659656652360515,6.386470588235294,0.7351222931786547,0.9246689,True,True,292.9655,12.794,12.678,11.527,7.697,AIP-exact
4486288027249919872,265.754463109566,7.108075625264681,0.19466070408274883,100.0,0.1,7.468392565299352,6.349122807017544,9.047500000000001,0.6943601233299549,0.97221327,True,True,254.80344,11.745,11.756,11.256,7.336,AIP-exact
4497493489547876608,274.086842205816,13.918329004015115,0.16014964961003322,150.84745762711864,0.16995517726504228,11.262845798012734,4.980275229357798,4.761842105263158,0.9252464953477799,0.9840607,True,True,243.74507,14.015,13.822,11.715,8.196,AIP-exact
4515455631218944256,291.13423653056407,18.790180234681987,0.15425934085288895,181.35593220338984,0.1,10.30811159579897,12.925,7.645774647887325,1.060390923471036,0.98506063,True,True,149.02313,12.326,12.296,9.998,7.453,AIP-exact
4536429395310439424,278.21854742209894,24.43872075268686,0.058627990104602144,140.67796610169492,0.42188430427737117,11.80561150134393,6.133898305084747,7.924817518248175,0.8425734162880648,1.023994,True,True,282.55832,14.993,14.923,11.709,7.867,AIP-exact
4544474938502752896,255.41272941952695,13.378893508523069,0.16795779274065895,140.67796610169492,0.10787105198966634,11.103427240363947,4.0662921348314605,4.128136882129278,1.8382533536068995,1.2218547,True,True,213.40675,13.572,13.301,11.959,8.285,AIP-exact
4561089521273318272,254.90780309887737,19.06577755821877,0.05243464435717345,100.0,0.1,10.894598182295898,4.3428,7.238000000000001,1.1622609807128113,1.0244348,True,True,120.868286,12.406,12.233,11.918,7.895,AIP-exact
4575745461516967168,269.4547685319663,19.977208860639003,0.07360319966578464,161.01694915254237,0.13540030931526834,10.804935764564922,7.592307692307694,5.455778894472362,1.0272429127155145,0.98109865,True,True,230.73169,13.775,13.565,11.278,8.162,AIP-exact
4630985578527718912,8.639844911804477,-81.66517415609913,0.05965576422750404,110.16949152542372,0.1,10.735289611554963,7.335810810810812,8.899180327868853,0.7764366890665877,0.9901891,True,True,126.36799,12.472,12.3,11.618,7.629,AIP-exact
4649396037451459712,74.012691975186,-74.1705989811048,0.06075555303802628,181.35593220338984,0.16995517726504228,11.686351800259418,10.540776699029127,5.0032258064516135,0.9617184364384722,0.9092931,True,True,219.42052,14.434,14.193,11.26,8.457,AIP-exact
4652200380574451712,77.90756560684461,-69.66568989880642,0.18602583590492092,232.20338983050846,0.10787105198966634,13.648323552926033,5.244927536231885,3.991544117647059,0.9673464760950744,1.0504786,True,True,104.42856,14.096,13.917,11.055,8.993,AIP-exact
4657786238882990080,84.62068735076193,-68.70239233555324,0.14687787308669506,211.864406779661,0.21332862845930578,11.44735980985647,15.29154929577465,7.238000000000001,1.0842079572295371,1.0093627,True,True,267.80707,14.284,14.045,10.739,8.317,AIP-exact
4658193058184872448,79.29501547924006,-69.26015468585226,0.10855015441434858,283.0508474576271,0.1,9.65359675326601,5.145497630331755,3.655555555555556,1.0443528114777205,1.0166122,True,True,189.32338,12.282,12.173,9.198,7.481,AIP-exact
4658867677285653888,79.85387552432717,-67.25526052263757,0.1088987412101671,191.52542372881356,0.1,10.984327148788145,10.24245283018868,3.502258064516129,0.9321555102325898,0.9791532,True,True,286.20062,14.315,14.124,11.825,9.272,AIP-exact
4659179496223480832,89.02080279216217,-67.77934383727451,0.0973565401130972,100.0,0.1,10.549290272795634,5.0263888888888895,5.12122641509434,1.4793771125012154,1.2699518,True,True,180.13734,12.998,12.843,12.515,8.634,AIP-exact
4659185745382182016,88.3800227174553,-68.23528603960713,0.09279225745111376,211.864406779661,0.19776262910622383,10.943103068463987,20.105555555555558,8.6856,0.908105332035575,1.0516859,True,True,280.52023,14.116,13.961,10.619,8.217,AIP-exact
4660178505646521344,82.17247764959673,-67.24080718356255,0.15734082268112673,232.20338983050846,0.1,10.502874114664444,19.740000000000002,4.679741379310345,0.8187081529200139,0.99287206,True,True,219.43605,13.56,13.473,10.611,8.571,AIP-exact
4660209051456979200,82.47115669377166,-66.97725369014096,0.08582850763813066,150.84745762711864,0.23011983571417985,12.702188178026956,13.403703703703705,10.74950495049505,1.0244275176279256,1.034147,True,True,136.86877,13.839,13.751,11.315,7.824,AIP-exact
4660508634009774464,79.38181441985209,-66.00774684338121,0.10730530106533895,191.52542372881356,0.15755401855293244,12.10028154578417,9.123529411764707,4.523750000000001,0.8583346795382151,1.017654,True,True,246.46014,14.609,14.467,11.758,9.003,AIP-exact
4660605592871209728,80.03303717546468,-65.76212492304573,0.17063294051707817,181.35593220338984,0.1,11.186133012514095,12.063333333333334,4.241015625,0.9203411555032406,0.99041986,True,True,222.87225,13.921,13.795,11.617,9.245,AIP-exact
4660679264451868032,83.91005946069181,-65.98567930448348,0.14372168275750158,110.16949152542372,0.1,7.523013083750088,12.063333333333334,11.930769230769233,0.5831405767912102,0.926626,True,True,269.06833,11.958,11.967,10.843,6.977,AIP-exact
4661749226710292864,72.9821427858105,-67.04375978735605,0.0900840315053336,211.864406779661,0.13540030931526834,11.666184744937478,12.925,5.837096774193549,0.9449338772118929,1.115914,True,True,171.96547,13.777,13.549,10.609,8.297,AIP-exact
4662104811317942528,74.63125346393167,-66.49660812163107,0.09504372748057069,201.6949152542373,0.24823268762177775,12.221476518889283,9.440869565217392,6.133898305084747,0.9598242726026381,0.9713171,True,True,168.7502,13.865,13.687,10.261,7.714,AIP-exact
4662108904454413824,75.50823766806504,-66.6200580975419,0.08269070531480661,201.6949152542373,0.14605773805564215,11.609780661687235,10.74950495049505,3.667905405405406,0.9405016363215968,1.0607941,True,True,265.1499,14.555,14.421,11.497,9.011,AIP-exact
4662140034379148800,74.89585619965439,-66.11299952267555,0.1580663553492831,150.84745762711864,0.1,10.162302116092029,5.374752475247525,3.7567474048442913,0.8238057510447608,1.0580214,True,True,290.58325,13.78,13.617,11.866,8.986,AIP-exact
4667227504707875712,52.14469905770185,-69.42379596941096,0.15286723691394666,150.84745762711864,0.1,12.170854427715998,12.479310344827589,7.238000000000001,1.0949993397667546,1.0635493,True,True,101.57095,13.154,12.925,11.231,7.984,AIP-exact
4679576192813441280,58.31232073307117,-61.99672591932158,0.14981072631089112,140.67796610169492,0.3625630486550966,13.232352478908437,5.145497630331755,5.073364485981309,0.8628331556582417,1.021431,True,True,206.08781,15.3,15.085,12.195,8.56,AIP-exact
4682420934337515008,61.9608323307828,-57.417464593884446,0.1496648414286013,120.33898305084746,0.1,10.606036086472779,4.504979253112034,3.850000000000001,0.8903447064829252,1.0156801,True,True,241.38528,13.684,13.541,12.548,9.098,AIP-exact
4714834812001755648,31.501048543518984,-59.28943402421597,0.09432724137929929,150.84745762711864,0.1,10.877602861420634,4.8686098654708525,3.9336956521739133,0.9651076517981707,1.0970795,True,True,247.99129,13.785,13.645,12.022,8.58,AIP-exact
4717088364162269312,23.17319371493068,-59.19420766829262,0.05086305607510309,130.50847457627117,0.1833324376267034,11.436438693005595,4.0662921348314605,4.561764705882354,0.9851929600817282,0.99604475,True,True,226.9306,14.124,13.932,12.151,8.269,AIP-exact
4718904246271596800,28.189392902233102,-57.03662839907768,0.09356263840822711,120.33898305084746,0.1,10.202558964276607,3.8775,4.741048034934498,0.9054494848849293,1.0040011,True,True,224.42757,13.289,13.126,12.111,8.463,AIP-exact
4727877047133922176,43.813887090109525,-57.41067545262258,0.057678157606235236,191.52542372881356,0.10787105198966634,10.778718062894846,8.10223880597015,3.9194945848375453,0.8638507606224942,0.98240286,True,True,268.03616,14.075,13.807,11.359,8.747,AIP-exact
4742268279950577920,41.8338156296706,-51.59038020094051,0.06490569674205268,161.01694915254237,0.10787105198966634,13.129477117929886,5.90054347826087,3.7437931034482763,1.0492698517663657,1.0308862,True,True,114.506615,13.714,13.47,11.823,8.598,AIP-exact
4746825618208068992,44.92035032866681,-53.77686771689493,0.03849618047802836,130.50847457627117,0.13540030931526834,10.692527851583506,3.7829268292682934,4.7,0.8812473355549476,1.0557306,True,True,251.88368,13.905,13.72,12.223,8.386,AIP-exact
4762388380665957504,73.64419124033816,-58.67624061554508,0.16134023718071513,130.50847457627117,0.11636163857357301,12.20979301732193,3.705460750853243,3.850000000000001,0.957494388151362,0.9419551,True,True,210.49646,14.833,14.572,13.117,9.481,AIP-exact
4774834684789233408,71.10360667241133,-56.72961986618907,0.07452489347980304,130.50847457627117,0.13540030931526834,12.467906292288319,3.5831683168316837,3.6311036789297666,0.7647299627946766,1.025692,True,True,211.81082,14.782,14.572,13.178,9.397,AIP-exact
4779795062778837632,61.29187144118482,-54.110021789773945,0.09568489672473433,130.50847457627117,0.10787105198966634,11.616255640295332,4.021111111111111,4.431428571428572,0.8780361607035325,1.0700257,True,True,203.48166,14.137,13.971,12.668,8.854,AIP-exact
4782229931278586880,63.53084426444385,-50.28976503492117,0.10398546090734329,110.16949152542372,0.1,10.275206208898979,4.1125,4.431428571428572,0.757002502720896,1.0196798,True,True,277.19434,13.807,13.636,12.775,9.058,AIP-exact
4782677325135474560,63.99161505433528,-49.069613230692255,0.18573438045879978,161.01694915254237,0.1,10.987661297120795,10.966666666666667,4.395546558704454,1.1098767055762402,1.0733868,True,True,229.12134,13.651,13.46,11.623,8.987,AIP-exact
4796902359900056832,82.97819126655641,-49.50725418162301,0.08040435860706316,150.84745762711864,0.10787105198966634,10.859147827119342,6.099438202247192,5.09718309859155,0.9827374380823459,1.0004662,True,True,249.5821,14.001,13.751,11.94,8.581,AIP-exact
4823360079996664064,75.84421467619786,-38.51577523205839,0.048067393966293524,130.50847457627117,0.14605773805564215,10.954165726911857,3.8363957597173153,5.539285714285715,0.8945784812813569,1.0127276,True,True,253.23344,14.033,13.889,12.431,8.417,AIP-exact
4836426263864553856,56.56050126611954,-43.98219957787528,0.12202396023895894,130.50847457627117,0.1,11.39226166856665,5.998342541436465,4.208139534883721,0.9067951290369147,1.0623128,True,True,179.59592,13.54,13.333,12.074,8.72,AIP-exact
4843191593270342656,59.01587563718896,-40.5301454610433,0.18547024186163621,211.864406779661,0.1,11.085591692411263,13.91923076923077,3.809473684210527,0.9031486071052697,1.0639758,True,True,211.61754,14.017,13.636,11.14,9.03,AIP-exact
4844359313274922368,63.95851167829912,-38.79166001813839,0.08216507554125124,171.18644067796612,0.1,11.524154832793164,8.6856,4.63974358974359,0.9053799936867113,1.1048249,True,True,169.04216,13.63,13.369,11.291,8.553,AIP-exact
4845103407768963200,59.500869516110455,-38.8190066206984,0.1929173320548552,110.16949152542372,0.1,9.671380942072128,4.679741379310345,3.850000000000001,0.8892150492865172,1.0753953,True,True,276.08945,13.246,13.066,12.226,8.823,AIP-exact
4847054559871837952,49.859880189732266,-45.809399134329766,0.15497990744864204,140.67796610169492,0.1,10.607908286940276,11.19278350515464,6.620121951219512,0.8504482170823421,1.0029638,True,True,163.9317,12.817,12.625,11.148,8.098,AIP-exact
4848071505048399744,50.45470104711388,-42.48658003679056,0.16570451263668556,140.67796610169492,0.3361078268614909,12.936528581545138,3.571381578947369,4.377822580645161,0.7757342159034569,1.0272003,True,True,251.99312,15.396,15.134,12.55,8.727,AIP-exact
4897285130111847808,65.77915761650446,-23.385611177469865,0.11581175351755565,100.0,0.12552052364172658,10.509847700240485,4.395546558704454,9.123529411764707,0.8450245270934702,1.0001119,True,True,138.94402,12.651,12.432,11.969,7.601,AIP-exact
4913245091144649472,25.842540837171715,-52.65182063943349,0.04985358538093595,110.16949152542372,0.1,9.174931507744477,4.720434782608696,6.386470588235294,0.8261906752504385,0.975499,True,True,241.88431,12.747,12.646,11.999,7.826,AIP-exact
4928201228124578944,15.415565802101272,-51.4247042787766,0.09713952940941882,171.18644067796612,0.16995517726504228,11.414534267948804,6.349122807017544,3.595033112582782,0.9258173565429739,0.97109014,True,True,284.41608,14.505,14.253,11.789,8.692,AIP-exact
4935300744641711232,20.043137189217028,-44.13253595633032,0.19371698818262778,100.0,0.1,8.795145108555921,4.5810126582278485,5.073364485981309,0.7335474066490535,1.0119408,True,True,261.8541,12.781,12.692,11.881,8.229,AIP-exact
4936588410196981888,32.327794936750905,-52.17009944643328,0.14710010617060598,130.50847457627117,0.1,10.539764865020555,5.073364485981309,3.705460750853243,1.0589041850835277,0.9984008,True,True,220.95113,13.369,13.227,11.973,8.651,AIP-exact
4945674357675614592,41.09683310431935,-45.50438558217423,0.11414974778721079,150.84745762711864,0.3361078268614909,11.48024164815244,7.335810810810812,5.348275862068966,0.9287908375147077,0.9508616,True,True,285.7541,14.871,14.704,11.437,8.007,AIP-exact
4972739420509432704,6.56769269806653,-51.21166466090394,0.07770913426410347,130.50847457627117,0.39110057471005855,11.393657974902029,4.291304347826087,7.810791366906475,0.9672451300829309,1.0444738,True,True,273.85483,14.717,14.579,11.947,7.596,AIP-exact
4983466638204034944,18.995230050149797,-43.43666935703621,0.06287036806303753,150.84745762711864,0.12552052364172658,12.670352808107097,4.360240963855422,3.9624087591240875,1.047828318984243,0.9620228,True,True,132.46814,13.926,13.649,11.737,8.464,AIP-exact
4992617181989701760,6.127806718912796,-43.28818431196088,0.16508038457940388,171.18644067796612,0.13540030931526834,11.447820810529908,8.616666666666667,4.291304347826087,0.8480989262927447,1.0141133,True,True,197.66876,14.05,13.835,11.366,8.437,AIP-exact
4996271516259377536,2.377498288390589,-41.02623446451053,0.17109629249969602,150.84745762711864,0.1,9.57659411407461,6.239655172413794,3.7567474048442913,0.8335632230113237,0.99283475,True,True,288.41562,13.211,13.1,11.394,8.445,AIP-exact
5044288078102521344,45.81826100458593,-39.93812301276195,0.13237493317892585,150.84745762711864,0.14605773805564215,12.988252922680322,4.191891891891892,3.7567474048442913,0.950065693122401,1.0601944,True,True,161.44969,14.489,14.24,12.313,8.854,AIP-exact
5044820658343265536,46.88068703855455,-38.64397889391429,0.12345183543192442,100.0,0.1,10.190674108976276,3.705460750853243,4.051119402985075,0.9396777841640966,0.98788697,True,True,215.89102,13.253,13.09,12.452,8.796,AIP-exact
5056380438264908544,54.472900023906575,-29.04984063313751,0.16438877630035925,120.33898305084746,0.2888476227919195,10.967949476412873,4.25764705882353,5.805882352941177,0.9446506257621317,1.0310435,True,True,281.1091,14.643,14.477,12.345,8.208,AIP-exact
5058632414174491264,48.8249641881189,-29.05418444803857,0.07325921547972752,161.01694915254237,0.10787105198966634,11.202284020427575,10.24245283018868,6.540361445783133,1.0114951267993033,1.0439684,True,True,192.77122,13.524,13.305,11.438,8.252,AIP-exact
5088569744976851200,56.67009942736253,-21.216238526310487,0.16470993972954814,161.01694915254237,0.1,10.600619452185633,7.924817518248175,4.051119402985075,0.9501302899238936,0.96968645,True,True,227.08064,13.383,13.212,11.364,8.582,AIP-exact
5140105504235761024,22.831806227264718,-19.45605883040168,0.10282208087485797,150.84745762711864,0.21332862845930578,12.366070603098734,5.684293193717278,4.9350000000000005,0.9466551925745272,0.95968837,True,True,182.26735,14.554,14.243,11.779,8.357,AIP-exact
5144088274654153472,34.42054612556275,-16.588602808734517,0.05962855702727231,120.33898305084746,0.1,9.785565362758781,6.275722543352602,8.972727272727274,0.93723678161864,0.957785,True,True,195.22801,12.696,12.551,11.537,7.612,AIP-exact
5173607619239332736,40.49048715742437,-10.11151612006881,0.06567639010126715,130.50847457627117,0.39110057471005855,11.259493297568651,6.660736196319019,10.146728971962618,0.8805120383386384,0.94444335,True,True,285.52145,14.57,14.385,11.729,7.594,AIP-exact
5209996132656486784,119.07263545942502,-77.59213465947329,0.18801308555566676,110.16949152542372,0.1,11.101354877977094,3.948,3.7181506849315076,1.022430653560721,1.0162227,True,True,199.84718,13.463,13.291,12.495,9.028,AIP-exact
5211883886745079808,90.51489827303652,-79.02177672792696,0.13550074498703898,110.16949152542372,0.1,10.848598466976261,3.8913978494623658,3.948,0.9182053441040463,0.9708713,True,True,209.09888,13.637,13.462,12.536,8.947,AIP-exact
5218023284797191168,147.76186792989603,-73.33720000650482,0.18638530122451194,100.0,0.1,9.613758256220036,5.145497630331755,5.401492537313433,0.9379329259973661,0.96784854,True,True,244.67317,12.848,12.717,12.486,8.722,AIP-exact
5239927961609543040,160.03943415992634,-63.71681587541442,0.19316263482562712,191.52542372881356,0.1,11.001452024206895,16.703076923076924,4.274409448818898,1.154963240296635,1.0579585,True,True,209.7532,13.47,13.273,11.106,8.742,AIP-exact
5241317160188991232,163.531623546514,-63.217133884718194,0.1890597130370921,242.3728813559322,0.24823268762177775,11.157247868710805,15.29154929577465,6.099438202247192,1.0211075179576208,1.0517426,True,True,283.9671,14.371,14.266,10.256,8.179,AIP-exact
5254098609258803328,160.04823575406013,-61.08650603843872,0.0860780515642674,201.6949152542373,0.1,9.657844984096037,17.798360655737707,9.047500000000001,0.8159685542716967,0.98571,True,True,231.73253,12.842,12.855,10.06,7.694,AIP-exact
5254535184075088256,158.5511187717625,-59.42014289565081,0.12733977650208386,242.3728813559322,0.1,9.995604411580594,8.616666666666667,6.660736196319019,0.970902765748406,0.9938992,True,True,198.53648,12.638,12.587,9.654,7.62,AIP-exact
5255125450010541696,154.14629573666724,-59.30254853001819,0.17052403096888105,181.35593220338984,0.24823268762177775,10.689375766518452,6.7856250000000005,6.4625,0.9104382780202976,1.1004668,True,True,287.76346,14.186,14.355,10.537,7.743,AIP-exact
5257860656974998528,148.24575646185338,-58.181886999000525,0.1677375628981492,150.84745762711864,0.1,10.55344836490309,5.59639175257732,5.71421052631579,0.8215971821054019,1.1559136,True,True,161.7197,12.812,12.683,10.973,8.047,AIP-exact
5258182916961300864,152.44578505024666,-58.99704006988613,0.11527998532854272,150.84745762711864,0.1,9.09908201211582,9.27948717948718,6.58,0.7873454687229934,0.9768035,True,True,298.84225,13.059,13.033,11.087,8.03,AIP-exact
5259667738678079232,150.84196636473075,-56.85367876441662,0.1340442470424123,171.18644067796612,0.13540030931526834,10.042295238888444,3.559672131147541,5.483333333333333,1.1423655345143366,0.94718236,True,True,227.15555,12.924,12.844,10.435,7.343,AIP-exact
5259923684376541568,150.0544128959643,-56.52545972498138,0.15403342414979512,211.864406779661,0.11636163857357301,10.781288382923975,8.899180327868853,6.3122093023255825,1.116509630009852,1.0869802,True,True,175.16185,12.83,12.782,10.064,7.672,AIP-exact
5260353215452793984,96.01276424992233,-77.25761060075799,0.1688167281889625,120.33898305084746,0.1,11.150035006441676,5.775,5.09718309859155,0.9104331348478891,0.93212694,True,True,165.33302,13.354,13.155,12.108,8.713,AIP-exact
5265585413333080320,99.04985590058692,-72.55277050689828,0.10735226578024379,140.67796610169492,0.11636163857357301,10.629785255209356,8.287786259541985,8.616666666666667,0.9731442201054471,1.0581621,True,True,229.93387,13.486,13.291,11.799,8.086,AIP-exact
5271584447557601280,129.35828548235062,-68.27252398703548,0.14776100313543963,120.33898305084746,0.1,10.845245013171976,4.208139534883721,3.655555555555556,0.8331230227006656,0.97142637,True,True,254.15356,13.85,13.645,12.692,9.195,AIP-exact
5273071850570314240,127.28477014622226,-65.57952365766896,0.1566539176951138,100.0,0.1,10.617378953107426,4.224513618677043,4.036059479553903,1.0210590705247449,0.9893031,True,True,198.1111,13.405,13.162,12.623,9.06,AIP-exact
5282908184679640576,95.2971518543644,-68.06870504500156,0.0826464910772777,150.84745762711864,0.21332862845930578,10.238025927567005,25.85,19.387500000000003,0.9384091033136702,0.99684083,True,True,249.65129,13.407,13.211,10.67,7.273,AIP-exact
5292651094640712704,112.9907041811108,-60.57866239595579,0.12001217013465511,100.0,0.1,11.572984590888597,3.796153846153847,4.360240963855422,1.2376574976007648,1.0208279,True,True,131.79025,12.972,12.8,12.508,8.769,AIP-exact
5292961083903829888,109.61613876493011,-61.16282107698806,0.055190084265834195,150.84745762711864,0.16995517726504228,10.88807348287818,8.6856,7.190066225165564,0.9084646953253098,1.0595138,True,True,285.86047,14.285,14.037,11.853,8.344,AIP-exact
5299632508149238400,137.1948317904086,-61.51713039329298,0.16742767182705978,181.35593220338984,0.21332862845930578,12.840356733278323,6.065363128491621,3.730927835051547,1.3523489345223456,1.2929974,True,True,224.71841,14.73,14.679,11.754,8.774,AIP-exact
5301374684319121536,131.95975118781482,-61.42392269934879,0.046339130612718084,181.35593220338984,0.13540030931526834,11.972735548410228,8.10223880597015,3.606976744186047,1.0738383220654262,1.053707,True,True,207.52379,14.353,14.21,11.667,8.888,AIP-exact
5308762440386530688,145.4867604866228,-54.921930405721966,0.04324155573660872,171.18644067796612,0.11636163857357301,10.700193993868266,6.349122807017544,4.620000000000001,0.8255959288222706,1.0531614,True,True,275.24054,14.035,13.968,11.597,8.6,AIP-exact
5310582858001113344,141.62383652795074,-53.719788021743625,0.12345114939115352,201.6949152542373,0.1833324376267034,12.057743625460617,8.042222222222222,4.761842105263158,0.9509512716237474,0.9737411,True,True,202.39346,14.008,14.064,10.833,8.301,AIP-exact
5312691549499490048,143.7296004369352,-51.53575893302124,0.1050585992353815,181.35593220338984,0.13540030931526834,11.862704768462606,5.90054347826087,3.7829268292682934,0.8539624274449862,0.9759267,True,True,181.16356,14.171,14.056,11.235,8.475,AIP-exact
5313446359920583040,139.68539445521267,-51.35576440004824,0.033865499281398814,181.35593220338984,0.23011983571417985,10.898129158302226,6.204000000000001,5.62538860103627,0.8254160528013195,0.9665694,True,True,278.14917,14.202,14.134,10.798,7.909,AIP-exact
5313767829634115200,141.68693396696355,-50.42568270878497,0.08329952900814566,201.6949152542373,0.21332862845930578,11.399010215158034,10.540776699029127,3.513592233009709,0.8912084523737879,1.0149549,True,True,256.53555,14.55,14.472,10.829,8.336,AIP-exact
5317989885564907904,128.35303298243647,-54.30084534763802,0.042088802888919544,181.35593220338984,0.15755401855293244,10.762641030078607,9.523684210526316,5.374752475247525,0.8541461325768732,0.95154035,True,True,266.68967,14.029,13.908,11.058,8.158,AIP-exact
5319099743770175616,122.67463191587774,-55.70648563270635,0.19668775598363664,161.01694915254237,0.1,11.837310235801478,6.540361445783133,3.809473684210527,1.695553170831214,1.3429333,True,True,153.28821,13.271,13.089,11.477,8.589,AIP-exact
5319947600377539840,121.035480329152,-55.43582569690318,0.08773092747673529,140.67796610169492,0.3625630486550966,12.631161199837482,3.8228873239436627,4.224513618677043,0.7126244308607681,1.0034105,True,True,277.38116,15.615,15.302,12.357,8.733,AIP-exact
5320352839132134528,122.42249578799684,-53.65623599642077,0.15620095836827713,171.18644067796612,0.24823268762177775,12.519731596579758,5.567692307692308,3.8637010676156582,0.7508795143358215,1.0479355,True,True,299.25284,15.404,15.11,12.046,8.914,AIP-exact
5320371397688413056,121.58504924233262,-53.82736431330636,0.15798445673145595,140.67796610169492,0.1,10.472214538424403,6.065363128491621,3.9624087591240875,0.8162979609267228,0.9586536,True,True,241.9077,13.683,13.549,12.025,8.893,AIP-exact
5321142357202890112,127.81729787946018,-52.90361095439691,0.12088050881191396,161.01694915254237,0.1,13.215144151219672,5.0032258064516135,3.5250000000000004,1.0008372122652691,1.0258055,True,True,110.897095,13.955,13.782,11.905,8.763,AIP-exact
5321507601219281152,127.89282981414009,-51.98756899337243,0.07295094761178716,181.35593220338984,0.21332862845930578,11.160937707265234,6.349122807017544,4.308333333333334,0.896361452280128,0.95995307,True,True,287.4681,14.46,14.298,11.147,8.303,AIP-exact
5322021794702069888,129.9618116024453,-50.590699972358685,0.17279688753914602,232.20338983050846,0.12552052364172658,10.645339763973348,20.48490566037736,5.775,0.9434775010345756,0.96848184,True,True,230.09175,13.344,13.17,10.317,8.131,AIP-exact
5322100375425423744,129.93421050469138,-50.25113294519983,0.06271678506794569,181.35593220338984,0.15755401855293244,11.249175416207716,15.734782608695653,7.09607843137255,0.8197514444565152,0.9663597,True,True,182.20778,13.613,13.495,10.589,7.814,AIP-exact
5322734724913956352,128.58146006800757,-50.60342408836926,0.03770652836085643,171.18644067796612,0.12552052364172658,11.63353486725741,12.063333333333334,6.871518987341773,0.9102505046272469,1.0436741,True,True,149.9562,13.398,13.268,10.879,7.844,AIP-exact
5323374713719289728,135.05016118267295,-53.19950244951522,0.1362467458562217,201.6949152542373,0.16995517726504228,12.025679174476863,7.487586206896553,3.9624087591240875,1.4198867098911923,1.1258662,True,True,223.66713,14.135,14.103,11.057,8.469,AIP-exact
5324017034651199488,137.629824935503,-51.25407330063428,0.05475910545449542,150.84745762711864,0.16995517726504228,10.262844161050054,5.455778894472362,5.244927536231885,0.9494230976436064,1.0039635,True,True,287.2358,13.893,13.853,11.367,7.878,AIP-exact
5324056204754923776,137.21453681894755,-51.13752346961815,0.13002535674795623,191.52542372881356,0.1,9.664612054656057,8.548818897637796,5.073364485981309,0.7782750254449122,0.97540987,True,True,281.77768,13.461,13.473,10.731,8.125,AIP-exact
5324927803937397632,133.136851345415,-50.14682778284058,0.05155636942603265,181.35593220338984,0.21332862845930578,10.841022026214429,7.004516129032258,5.868648648648649,0.942787510119174,1.0167416,True,True,296.27008,14.335,14.354,10.973,8.128,AIP-exact
5325192756176458240,135.9925478150911,-49.51902162148031,0.1262157352765651,181.35593220338984,0.3361078268614909,10.619502137838579,6.099438202247192,9.047500000000001,0.8328644459817564,1.0539722,True,True,283.2366,13.905,13.9,10.008,7.083,AIP-exact
5326064428377618432,138.2783762408975,-48.317338895643054,0.188876979575422,171.18644067796612,0.1,13.181650298083518,6.743478260869566,3.6190000000000007,1.0921596793559645,1.0354917,True,True,75.38625,12.916,12.804,10.848,8.475,AIP-exact
5326311504958031616,140.11066379371252,-48.01381915901388,0.07336278458069094,171.18644067796612,0.26777121151983396,12.125267912576703,10.24245283018868,7.592307692307694,0.9332419269740785,0.98233736,True,True,188.27533,14.38,14.226,10.841,7.857,AIP-exact
5326743303788898688,136.5448134713993,-48.732269077262046,0.1281316464247069,171.18644067796612,0.3361078268614909,11.099531919455469,11.19278350515464,8.616666666666667,0.8382454405291532,1.0213226,True,True,257.44687,14.124,14.045,10.348,7.144,AIP-exact
5326859817661695616,137.24319462653094,-48.03730646413199,0.15993985547083384,191.52542372881356,0.1833324376267034,10.69498204389258,4.191891891891892,4.890540540540541,0.8897065131786631,0.92814696,True,True,205.94554,13.223,13.069,10.003,7.216,AIP-exact
5327249422739564416,138.34302522480803,-47.47596210753809,0.06323301007531816,191.52542372881356,0.16995517726504228,10.764821444029177,19.04736842105263,8.616666666666667,0.9130840016124205,1.0686864,True,True,182.61612,13.311,13.235,10.024,7.384,AIP-exact
5327317592456954112,138.29895717491684,-46.87998467734612,0.1002963775642565,171.18644067796612,0.23011983571417985,11.06568168681654,6.701851851851853,5.374752475247525,0.9700911524963952,1.0036962,True,True,263.17514,14.289,14.397,11.04,7.891,AIP-exact
5328084398739479424,131.51204283933336,-49.828907126801205,0.07904962131476895,191.52542372881356,0.2888476227919195,11.215477293646043,7.592307692307694,6.915286624203822,0.9175467211953291,1.0528101,True,True,277.08508,14.538,14.512,10.619,8.001,AIP-exact
5328219333736966144,132.14561649441313,-49.132313301132925,0.15387256284041972,140.67796610169492,0.1,12.131377301105879,6.540361445783133,5.71421052631579,1.7681650988651456,1.1463164,True,True,100.25373,12.448,12.373,11.082,7.71,AIP-exact
5328245584566926976,132.22171711724678,-48.73990797366472,0.08327563975741871,181.35593220338984,0.24823268762177775,12.745747487349558,9.20084745762712,5.145497630331755,0.8129821442282296,1.0142306,True,True,183.90236,14.46,14.293,11.097,8.275,AIP-exact
5328258057162678528,131.31396160664926,-49.03632826833734,0.04757841842181934,191.52542372881356,0.14605773805564215,10.191668730600304,12.772941176470589,5.322058823529413,0.9142669630101496,1.1046636,True,True,259.66873,13.599,13.481,10.507,7.848,AIP-exact
5328279458975554176,131.31494480814058,-48.752670353963,0.08041967099225711,201.6949152542373,0.42188430427737117,11.535679139336667,8.48203125,4.846875000000001,0.9081599519990815,1.0211036,True,True,272.25256,14.622,14.555,10.14,7.552,AIP-exact
5328358044001387392,133.71927737133225,-49.19443008627749,0.087192345807033,211.864406779661,0.15755401855293244,10.304533789001276,17.233333333333334,7.190066225165564,0.8354643783116137,1.0379554,True,True,256.88068,13.463,13.467,10.125,7.816,AIP-exact
5328392021476854272,132.89413458037913,-49.27130149892711,0.17461443891008196,191.52542372881356,0.3625630486550966,12.235288600866399,12.624418604651165,7.09607843137255,1.0040731749113045,0.96405065,True,True,202.11227,14.322,14.25,10.268,7.471,AIP-exact
5328474003813769984,134.5449599100653,-48.50913139546329,0.07420412036227238,150.84745762711864,0.2888476227919195,13.883414155114512,6.386470588235294,5.62538860103627,0.9027278826993476,1.0709839,True,True,114.09977,14.241,14.091,11.364,7.914,AIP-exact
5328549427740375168,133.95347299834597,-48.001622875843005,0.1698405942575256,211.864406779661,0.42188430427737117,12.123065960887939,14.476000000000003,9.123529411764707,0.8259925972595372,1.0085993,True,True,220.75381,14.5,14.539,9.894,7.217,AIP-exact
5328766954940588416,133.02079830967364,-47.75449078569995,0.10946117679453851,150.84745762711864,0.1,11.365971541738643,5.455778894472362,6.031666666666667,0.9931903806365913,1.0093284,True,True,143.6229,13.26,13.127,11.234,8.06,AIP-exact
5329286478498302336,129.49489371927223,-47.69099986708508,0.11378887478218892,191.52542372881356,0.1,10.0419156460635,13.403703703703705,4.308333333333334,0.885440965668646,1.021678,True,True,263.65625,13.279,13.257,10.756,8.231,AIP-exact
5329973772031494784,131.65085887897175,-45.46081479499435,0.04786358857187962,201.6949152542373,0.12552052364172658,9.241958965288479,17.233333333333334,7.238000000000001,0.7481386790985476,1.0262852,True,True,284.25336,13.082,13.013,9.947,7.441,AIP-exact
5330191097375677952,136.1128061642351,-46.79241343557928,0.039915208520127365,181.35593220338984,0.1,11.118332455811235,5.09718309859155,4.825333333333334,0.9313789282450271,0.9622701,True,True,185.7201,13.534,13.413,11.047,8.229,AIP-exact
5330656912350491264,136.2639570244396,-45.83093846820064,0.12033523363523117,191.52542372881356,0.39110057471005855,11.979583504875816,15.07916666666667,5.270388349514564,0.9113923384753585,0.99551314,True,True,280.95224,15.066,15.14,10.66,7.981,AIP-exact
5330967047646838912,135.73488326686828,-44.73944543772957,0.15022957388121705,140.67796610169492,0.1,9.068420982707481,7.286577181208055,6.275722543352602,0.7908663706998841,1.016136,True,True,272.05844,12.912,12.871,11.07,7.967,AIP-exact
5331417018481410304,134.2754407365998,-44.273586304509735,0.10875470036823273,181.35593220338984,0.15755401855293244,11.791796489717365,9.047500000000001,5.71421052631579,0.8493793648921287,1.0167125,True,True,154.27626,13.304,13.182,10.512,7.751,AIP-exact
5331614483899043328,133.77205465312576,-44.219528629286685,0.13169667732240975,181.35593220338984,0.3361078268614909,12.351667859995008,3.948,4.8039823008849565,0.8440062474893211,0.9925177,True,True,274.81082,15.133,15.255,11.267,8.329,AIP-exact
5331635202821029248,133.05866529117935,-44.3127106197062,0.11623711929782686,161.01694915254237,0.1,12.724293025478753,3.991544117647059,3.948,1.0182513965218065,0.9700602,True,True,87.70101,13.094,12.965,10.978,8.078,AIP-exact
5332120332263081984,134.25651141005252,-42.71164290158962,0.17916395407157937,201.6949152542373,0.1,12.139854148581673,3.850000000000001,4.291304347826087,1.078204695715619,1.0632317,True,True,90.04292,12.884,12.705,10.21,7.894,AIP-exact
5332145170056650112,134.7187546231887,-42.96773743072979,0.18487725617758566,211.864406779661,0.26777121151983396,11.025617952196246,7.645774647887325,5.998342541436465,1.0273559433482315,0.99854773,True,True,298.22003,14.228,14.315,10.359,7.838,AIP-exact
5332193690306440960,134.6554329165383,-42.82616461946907,0.0910089311838949,161.01694915254237,0.1833324376267034,9.790099289061281,8.416279069767443,6.540361445783133,0.9586361236356896,1.1644179,True,True,276.62036,13.391,13.265,10.477,7.25,AIP-exact
5332224957667877760,134.6200292432898,-42.34209168938403,0.04279903052698303,191.52542372881356,0.12552052364172658,9.87757839314253,11.55,4.5810126582278485,0.8106234039842992,1.0173769,True,True,274.73483,13.322,13.265,10.391,7.79,AIP-exact
5332233341444003456,134.91316618250946,-42.32229390695149,0.11155682157833906,161.01694915254237,0.1,10.241983797859788,7.286577181208055,4.980275229357798,0.9669173259147192,0.98897964,True,True,204.90872,13.043,12.942,10.893,8.104,AIP-exact
5332245642230349440,134.80808700918195,-42.30379194019965,0.17685895884166067,130.50847457627117,0.1,9.646738276100065,4.980275229357798,8.10223880597015,0.8621050721419794,1.0300386,True,True,144.49777,11.868,11.756,10.451,7.2,AIP-exact
5333703388502241280,171.41597233433225,-63.51195057415729,0.13322103856450618,242.3728813559322,0.13540030931526834,10.546952744643821,12.063333333333334,3.5250000000000004,0.9426883859118235,1.0822204,True,True,189.70477,12.918,12.871,9.633,7.642,AIP-exact
5333880341153115904,171.64520139248577,-62.34873195778481,0.14799239959301874,211.864406779661,0.16995517726504228,9.871059798154478,8.48203125,12.772941176470589,0.8469343771733107,1.0414468,True,True,210.97269,12.594,12.564,9.316,6.869,AIP-exact
5334091928438245760,175.02363108791545,-62.646789041667,0.1504274351816718,191.52542372881356,0.1,9.59674743413953,5.71421052631579,4.308333333333334,0.9866279899493043,0.998963,True,True,229.33826,12.657,12.585,10.132,7.711,AIP-exact
5335447484516589568,175.85326035920286,-60.51351075320139,0.1547153616765848,181.35593220338984,0.14605773805564215,11.681594284050092,4.957534246575343,4.679741379310345,0.9843925211925104,0.9768266,True,True,233.26498,13.93,13.902,11.412,8.535,AIP-exact
5335532043832707840,176.96247683029435,-59.83463358276333,0.17450291749985491,201.6949152542373,0.21332862845930578,10.608538462580842,8.416279069767443,9.047500000000001,0.9658968609745452,1.062426,True,True,236.68117,13.471,13.354,9.86,7.302,AIP-exact
5338334428429169664,163.8025854019894,-60.037976905565536,0.13777910425911397,161.01694915254237,0.1,9.548965929678518,9.20084745762712,8.755645161290323,0.7943248750236308,1.2306957,True,True,201.26257,12.602,12.54,10.294,7.594,AIP-exact
5338952590144040448,163.76160047723914,-58.36588480394174,0.08166832581372425,232.20338983050846,0.1,13.213890594269238,11.55,5.684293193717278,0.94811521106669,1.0695803,True,True,82.61412,12.992,12.947,10.298,8.256,AIP-exact
5339576498604171648,167.8762169428122,-57.60788155520252,0.12099919043244903,161.01694915254237,0.1,10.911650611681782,15.51,7.238000000000001,0.8425829253437078,1.1067544,True,True,178.19876,13.241,13.154,11.126,8.339,AIP-exact
5340475727313600512,165.38295393193476,-57.338710738382574,0.04644556461839404,201.6949152542373,0.11636163857357301,10.48440036455729,15.966176470588236,7.436301369863015,0.8685071849383759,0.9166342,True,True,248.82243,13.704,13.58,10.782,8.323,AIP-exact
5340552933649782144,164.03147890165656,-57.03269847964913,0.19854649840817817,161.01694915254237,0.1,8.880513830005798,13.91923076923077,7.142763157894738,0.9863751141601389,0.98161983,True,True,297.83795,12.766,12.759,10.616,7.988,AIP-exact
5340688448458930304,164.74223278541078,-56.09765865595948,0.08438520175097296,191.52542372881356,0.12552052364172658,10.24934086248808,18.71896551724138,7.645774647887325,1.0722300042629667,0.96057624,True,True,241.28928,13.334,13.239,10.466,7.877,AIP-exact
5340727717306892928,167.18738611103475,-56.98704386837748,0.04940138563749935,201.6949152542373,0.1833324376267034,12.426665215663881,24.675000000000004,11.19278350515464,0.856803249619002,0.9842481,True,True,133.07478,13.738,13.585,10.45,7.848,AIP-exact
5340753628876221952,167.84213308802063,-56.64898070953657,0.1291787979848655,181.35593220338984,0.1,10.387693577692264,12.063333333333334,5.145497630331755,0.8201483364235342,1.0885843,True,True,275.02887,13.672,13.587,11.394,8.801,AIP-exact
5342809917458430080,172.21027575676746,-56.93103780314596,0.14970935328613003,201.6949152542373,0.19776262910622383,11.155195378250369,14.671621621621624,6.099438202247192,0.9377829269610853,1.0410446,True,True,224.82848,14.244,14.168,10.565,8.018,AIP-exact
5342905029533423232,172.55459761417117,-56.50155676110695,0.04445082188421819,171.18644067796612,0.13540030931526834,10.78302891423097,6.275722543352602,4.741048034934498,0.8850897507386061,0.9924487,True,True,296.1491,14.211,14.185,11.644,8.581,AIP-exact
5343063526686022656,174.0646417374893,-56.26785300418166,0.15162477136026875,161.01694915254237,0.21332862845930578,12.364460248267926,8.225,6.660736196319019,0.9166927796105835,1.0381453,True,True,170.81018,14.283,14.218,11.256,8.184,AIP-exact
5346909618358940032,168.15843484564297,-55.49693496197697,0.15427359393077913,201.6949152542373,0.26777121151983396,12.137223083975737,14.476000000000003,4.782819383259913,0.8152041055904331,0.9546071,True,True,250.72566,15.125,15.112,11.144,8.693,AIP-exact
5347263489299488768,165.7270990237079,-54.29046959886093,0.13816236596819648,161.01694915254237,0.21332862845930578,12.204409805318644,5.837096774193549,4.175769230769231,0.832019155554121,1.0613382,True,True,243.76056,14.621,14.468,11.913,8.627,AIP-exact
5347636807860303232,168.28910685055885,-52.88887411711155,0.15501325433009056,161.01694915254237,0.1,11.527623750585654,6.959615384615385,4.274409448818898,1.0399520033818566,0.9837353,True,True,189.56024,13.558,13.402,11.686,8.769,AIP-exact
5347674122535453184,168.03071229408792,-53.09097765629601,0.09827516520291901,181.35593220338984,0.13540030931526834,10.778313533768813,7.810791366906475,4.051119402985075,0.9227867197973461,1.0019928,True,True,295.2194,14.338,14.36,11.488,8.728,AIP-exact
5350796430639733120,159.4852524383227,-58.10116421718724,0.11245302383101384,232.20338983050846,0.31158296935278684,10.962177525570793,7.700000000000002,4.761842105263158,1.0218737873564294,1.0699774,True,True,138.99843,12.6,12.472,8.341,6.139,AIP-exact
5350821135292898816,159.92234236183583,-57.6550591541482,0.15397786591972107,171.18644067796612,0.1,11.34589555776612,9.27948717948718,10.052777777777779,1.1588040922377958,1.1140016,True,True,83.200874,11.937,11.84,9.705,7.162,AIP-exact
5351880858331178624,157.30605436583355,-56.63821535163826,0.05687108312365474,171.18644067796612,0.19776262910622383,11.638228008143203,3.5831683168316837,7.385714285714287,0.9130094482143728,0.9908302,True,True,159.00032,13.47,13.518,10.462,7.497,AIP-exact
5352151887959420288,160.20325508638038,-55.91764704966227,0.1267603395744207,161.01694915254237,0.1,9.189500635092923,11.55,9.607964601769913,0.8888552678923822,1.0520015,True,True,254.97516,12.678,12.646,10.6,7.579,AIP-exact
5352266920043660672,157.66342576128903,-56.28155305777138,0.11765320149309673,211.864406779661,0.14605773805564215,11.409584833399215,7.755,3.655555555555556,1.033563447741717,1.0282924,True,True,244.22394,14.439,14.513,11.11,8.736,AIP-exact
5352598083529288064,163.2292508776841,-56.31580359372524,0.05926720323303573,201.6949152542373,0.13540030931526834,9.89795644401756,18.71896551724138,8.287786259541985,0.892107467798876,1.006194,True,True,239.0742,13.174,13.07,10.085,7.531,AIP-exact
5353329155670902528,163.6123293630307,-54.2833505111029,0.08911234487007051,181.35593220338984,0.11636163857357301,10.36569541008919,8.10223880597015,3.991544117647059,0.8590135795954572,1.0955408,True,True,298.7661,14.19,14.111,11.341,8.613,AIP-exact
5353356226829825664,163.58637115682177,-54.0666019255655,0.07598608334448183,201.6949152542373,0.21332862845930578,11.659900625186879,7.700000000000002,4.081578947368421,0.9920042907162585,1.0110406,True,True,247.89255,14.526,14.39,11.007,8.429,AIP-exact
5353677597752857728,159.74016184487655,-55.47255623483348,0.10527942143423029,201.6949152542373,0.11636163857357301,11.362503026233975,5.775,3.595033112582782,0.8767297743999738,1.0699296,True,True,246.51196,14.024,13.966,11.392,8.932,AIP-exact
5353789026405929472,159.66298418340375,-54.54529612920784,0.15514596422236138,150.84745762711864,0.19776262910622383,13.679225519852865,5.401492537313433,4.4679012345679014,0.8496695180780456,1.1210647,True,True,137.67177,14.702,14.644,12.148,8.755,AIP-exact
5358158550019234176,154.77094743829466,-52.70541616811137,0.12011313930854776,181.35593220338984,0.2888476227919195,11.953594765634143,12.337500000000002,6.239655172413794,0.9832497459862908,1.0810516,True,True,220.8725,14.373,14.298,10.72,7.903,AIP-exact
5371829916258411520,176.2597958601194,-48.52281518117036,0.058584044928223486,130.50847457627117,0.2888476227919195,11.81470621074267,5.049767441860466,6.3122093023255825,0.9524173729535641,0.98740685,True,True,228.64471,14.524,14.287,12.143,8.057,AIP-exact
5372998727179366656,172.7735650428617,-49.54880338515871,0.18120582374262062,211.864406779661,0.1,10.148713915475378,20.48490566037736,5.374752475247525,0.9994097834071888,0.987455,True,True,240.31242,13.119,12.804,10.451,8.187,AIP-exact
5380085942908370176,177.59171255096592,-42.26352208016424,0.09494434964043007,140.67796610169492,0.1,11.262003366646423,5.511167512690355,3.8637010676156582,0.8379126163639076,1.0325426,True,True,177.66011,13.527,13.34,11.868,8.547,AIP-exact
5383431344476221184,170.06186291736685,-41.06766325808144,0.16900554648022378,140.67796610169492,0.1,10.630738777478694,7.755,4.9350000000000005,0.8794813624407848,0.9895865,True,True,173.17159,12.783,12.656,11.203,8.101,AIP-exact
5387137866889454080,166.62364110504856,-44.58052991345467,0.17996051345844788,140.67796610169492,0.1,9.653292189533666,10.857000000000001,6.239655172413794,0.9295644318122461,1.1500885,True,True,212.85564,12.816,12.694,10.943,7.925,AIP-exact
5392200529527021824,159.39938807835065,-41.46221883553397,0.08379539089479583,150.84745762711864,0.16995517726504228,11.364150678246482,13.571250000000001,9.123529411764707,0.8387424756123296,1.0388738,True,True,141.12926,13.088,12.945,10.727,7.226,AIP-exact
5392682974612205824,161.58901992045872,-40.343190527727785,0.12082640350182015,171.18644067796612,0.1,10.809633827744426,6.065363128491621,4.3428,0.886475066221424,1.0698775,True,True,255.7023,13.734,13.572,11.632,8.675,AIP-exact
5404997470483169152,151.02569648720169,-51.76344523330586,0.18973801761361303,150.84745762711864,0.11636163857357301,11.644266416928716,5.21971153846154,3.7829268292682934,0.8338914389009991,1.0264119,True,True,190.88716,14.114,14.116,11.924,8.716,AIP-exact
5406738237912785536,152.38026131867466,-49.945426167568606,0.08093842182942071,130.50847457627117,0.21332862845930578,11.681407552227704,3.502258064516129,5.71421052631579,0.9223412635020403,1.0203795,True,True,235.83165,14.492,14.418,12.548,8.379,AIP-exact
5424318333624746496,140.2542473184329,-43.80139518723935,0.1689990814460506,191.52542372881356,0.1,9.876027131904065,10.540776699029127,3.7181506849315076,0.7961497210027486,1.0127728,True,True,298.12622,13.869,13.83,11.151,8.621,AIP-exact
5427070028972357248,138.11891210113174,-43.37924711683586,0.035573291566421014,171.18644067796612,0.21332862845930578,10.205302340734637,14.87260273972603,10.644117647058826,0.8818556781859828,1.0073245,True,True,242.5717,13.533,13.408,10.268,7.217,AIP-exact
5452437445851546624,167.99709446492898,-29.62625082212778,0.1927426341790595,120.33898305084746,0.39110057471005855,13.369297649299945,3.9624087591240875,11.42842105263158,0.8703537683112874,1.075945,True,True,128.51318,14.156,13.861,12.056,7.328,AIP-exact
5468305769463118592,157.74983150898598,-27.289441202694245,0.04647594204434977,150.84745762711864,0.16995517726504228,11.799421748316334,6.660736196319019,6.3122093023255825,0.9996310137779317,0.9438846,True,True,166.94632,13.834,13.625,11.402,7.918,AIP-exact
5472033771012233344,155.24166654009852,-26.30908255599181,0.19070937338108876,130.50847457627117,0.1,9.847319882192826,4.679741379310345,3.680338983050848,0.955161509452744,1.0417912,True,True,240.85664,13.068,12.91,11.748,8.508,AIP-exact
5476628557091779840,94.242180903983,-64.7590525026817,0.09811301216674774,150.84745762711864,0.12552052364172658,11.576457358099697,4.486363636363637,3.850000000000001,0.8973059982951865,1.028331,True,True,296.77173,14.773,14.549,12.76,9.313,AIP-exact
5477281808731975680,96.74273139662802,-63.361718308458734,0.1928782278284362,100.0,0.1,10.889244644641629,6.828301886792453,5.744444444444445,0.9310168783607501,0.9591378,True,True,144.9854,12.863,12.685,12.248,8.779,AIP-exact
5480920573744676608,91.36289786499968,-62.91830293798893,0.14113070404911773,100.0,0.1,10.678733211299901,5.6546875000000005,7.539583333333335,0.8712981229530553,0.98243076,True,True,162.75793,13.113,12.939,12.442,8.531,AIP-exact
5487991734884510464,113.9349153556229,-56.04578474588406,0.0694557672812319,150.84745762711864,0.12552052364172658,10.381346932823039,6.58,5.270388349514564,0.9476834503234104,0.9824315,True,True,287.7971,14.102,13.901,11.809,8.514,AIP-exact
5490569849133841280,110.4795626161008,-54.76803160293471,0.05697493943735702,161.01694915254237,0.16995517726504228,11.74669216904214,6.7856250000000005,4.0662921348314605,0.8804815999109977,1.0167818,True,True,253.3414,14.785,14.463,11.95,8.798,AIP-exact
5494085576221735808,116.22372186631478,-49.3553922643344,0.19773231924705198,181.35593220338984,0.1,10.529847056143048,10.74950495049505,5.348275862068966,1.2251277859199765,1.1739025,True,True,228.92572,13.213,13.052,10.989,8.2,AIP-exact
5494088806037136000,116.2107337763898,-49.30882720739915,0.07904106144631462,150.84745762711864,0.14605773805564215,10.414797913041589,4.006273062730627,5.998342541436465,0.8678103748760261,1.0207448,True,True,278.72583,13.915,13.862,11.689,8.195,AIP-exact
5494119622422768256,114.19169891044292,-50.18887159078437,0.06267336833888329,181.35593220338984,0.13540030931526834,10.896298160187122,8.48203125,4.224513618677043,0.8191476371287942,0.98229665,True,True,281.11652,14.302,14.12,11.425,8.649,AIP-exact
5494206483842388736,113.62310272533811,-49.552293651476,0.1345084349751646,171.18644067796612,0.1833324376267034,11.34137055132983,6.660736196319019,4.449590163934427,0.8360695834766138,1.0256104,True,True,299.77533,14.45,14.329,11.628,8.618,AIP-exact
5494254553118103552,115.18097380422566,-49.48354542017453,0.09240187476217328,150.84745762711864,0.1,10.501368058531112,5.2960975609756105,4.191891891891892,0.8851153122192261,1.003693,True,True,266.1638,13.713,13.544,11.834,8.6,AIP-exact
5494350176267641984,115.13046543698536,-48.770301914239006,0.0630320410589107,181.35593220338984,0.13540030931526834,11.19298351241221,7.09607843137255,4.1438931297709924,0.9403317324460448,0.982159,True,True,247.56902,14.291,14.06,11.352,8.55,AIP-exact
5496034628081146112,92.33684282586287,-56.57593080108605,0.06373056116180775,120.33898305084746,0.14605773805564215,13.187380864300295,4.096981132075472,4.761842105263158,1.039697972444237,1.12273,True,True,121.62096,14.059,13.85,12.722,8.731,AIP-exact
5503599989634862080,107.33649811168384,-52.73452673816799,0.08756554216312491,140.67796610169492,0.1,10.775601595722991,3.655555555555556,3.809473684210527,0.8679718902205542,0.9790575,True,True,276.64236,14.265,14.134,12.563,9.018,AIP-exact
5507110940719484800,110.24668813075328,-48.272171830525394,0.18305920709092743,120.33898305084746,0.1,9.972424989868387,11.930769230769233,7.8673913043478265,1.013624116041596,1.1253381,True,True,167.23709,12.431,12.293,11.11,7.848,AIP-exact
5507470373644346112,112.90135671875456,-46.88306326789554,0.13293759950398873,140.67796610169492,0.1,11.099073154031629,6.204000000000001,3.9624087591240875,0.9684685617364301,0.9542724,True,True,162.74924,13.134,12.982,11.509,8.38,AIP-exact
5507624373993297408,112.2682161077086,-47.16386741493958,0.17197687953421514,150.84745762711864,0.1,11.354917312280728,9.440869565217392,5.0263888888888895,0.8736426811220585,0.9040489,True,True,144.73859,13.216,13.02,11.332,8.457,AIP-exact
5507628462802274048,112.3345264593414,-47.03121104902641,0.04793829886605481,171.18644067796612,0.12552052364172658,10.276583549619748,9.960550458715597,5.965384615384616,0.830105976242995,0.95227855,True,True,275.67456,13.762,13.59,11.185,8.136,AIP-exact
5508375722687735680,106.2636013633629,-48.85362024395511,0.1155931648820484,130.50847457627117,0.10787105198966634,10.91015933961365,4.128136882129278,4.021111111111111,0.7868991483364136,1.0086361,True,True,225.5701,13.958,13.798,12.431,8.616,AIP-exact
5512610491722210560,122.12564817308606,-52.67993283872632,0.04921313351429046,181.35593220338984,0.16995517726504228,12.540227582381151,7.645774647887325,4.224513618677043,0.7560603617260935,0.9729579,True,True,207.0423,14.67,14.596,11.717,8.885,AIP-exact
5512951988865652992,120.85008977106376,-51.75143069294347,0.09173537010647259,161.01694915254237,0.23011983571417985,11.428785775280915,10.540776699029127,8.042222222222222,0.9081464397983997,0.9426912,True,True,222.4156,14.277,14.106,11.107,7.868,AIP-exact
5513094311201416064,122.61519649122216,-51.72308133893871,0.0441853994396118,181.35593220338984,0.1,10.55403147481205,10.540776699029127,5.868648648648649,0.9088659792701975,1.0440313,True,True,191.71165,13.136,12.986,10.669,7.963,AIP-exact
5513128189904085248,123.44795763029424,-51.72913947986429,0.10934671666867236,161.01694915254237,0.1,12.06876066636977,9.047500000000001,7.050000000000001,1.0911945893447323,1.0020082,True,True,130.16843,13.253,13.099,11.323,8.071,AIP-exact
5513233876159634432,123.551916039565,-50.99473629645159,0.08086870514040141,150.84745762711864,0.12552052364172658,12.094344184634021,3.7829268292682934,3.5250000000000004,0.8788287170112659,0.9523971,True,True,201.17609,14.423,14.35,12.331,8.985,AIP-exact
5515195198747640448,125.46207459996327,-48.62425232026803,0.03880185331516323,181.35593220338984,0.24823268762177775,11.50877436045772,11.930769230769233,6.065363128491621,0.9258892971782708,1.0479851,True,True,237.59819,14.328,14.219,10.832,7.877,AIP-exact
5515235884977569536,126.81798174532508,-49.26474348191117,0.1795211194686566,140.67796610169492,0.1,9.841466730094286,5.965384615384616,4.620000000000001,0.8209718689439578,0.9853219,True,True,267.5577,13.355,13.265,11.574,8.628,AIP-exact
5518492462319638400,117.6437055194837,-47.403241372147335,0.16081095987732522,140.67796610169492,0.1,10.967858331852726,5.868648648648649,4.504979253112034,1.0113110846781441,0.9797064,True,True,192.58122,13.709,13.5,11.864,8.575,AIP-exact
5521911806042935040,128.4023904877222,-45.95953352951369,0.18676076583876922,150.84745762711864,0.1,10.014048925672512,5.455778894472362,4.679741379310345,0.8663568205586889,1.0196168,True,True,293.61255,13.406,13.324,11.568,8.419,AIP-exact
5522268739313352704,130.0282340424602,-45.43485074950564,0.19046384082004708,191.52542372881356,0.15755401855293244,11.162865292588961,10.43942307692308,4.5810126582278485,0.8896038002127613,0.95703673,True,True,259.99377,14.681,14.589,11.274,8.616,AIP-exact
5522427824894177920,130.6793974454455,-44.38836911989576,0.1426926726796729,181.35593220338984,0.16995517726504228,11.221495944336452,7.190066225165564,4.291304347826087,0.9314667781837095,0.91348827,True,True,285.7688,14.34,14.273,11.389,8.434,AIP-exact
5523726206386537472,132.26889980071792,-44.04664590423353,0.05970633538964321,191.52542372881356,0.12552052364172658,11.874509220349253,6.540361445783133,3.548039215686275,0.8550980831104245,0.9964706,True,True,145.64687,13.598,13.356,10.682,8.035,AIP-exact
5523857254427847040,133.42602343738727,-43.27895590026305,0.18230061446717777,222.03389830508473,0.39110057471005855,11.505622847945782,9.20084745762712,5.998342541436465,1.0557249657904397,1.0268676,True,True,242.90219,14.275,14.134,9.542,7.199,AIP-exact
5523925840763544320,132.86519294036304,-43.00717724749131,0.06999491827708898,191.52542372881356,0.26777121151983396,10.422496270595216,6.424260355029586,7.436301369863015,0.823427224155697,0.9769171,True,True,268.04675,13.852,13.699,10.068,7.313,AIP-exact
5524047779176980608,130.9455369587232,-43.26069901910983,0.0366604925643159,242.3728813559322,0.16995517726504228,10.891556046229303,8.548818897637796,3.536482084690554,0.9585437331276881,0.91702384,True,True,281.31662,14.273,14.048,10.642,8.588,AIP-exact
5524303626087474176,133.16686292640046,-42.799418346980175,0.058220569393427096,181.35593220338984,0.11636163857357301,8.007256278402949,16.2044776119403,11.674193548387098,0.733673486664989,1.0020821,True,True,295.64868,12.273,12.295,9.428,6.538,AIP-exact
5524338187685848448,133.44475435010844,-42.46016271279527,0.0492347673583102,171.18644067796612,0.39110057471005855,11.779382594848013,7.487586206896553,4.8686098654708525,0.8226280257099963,0.9967131,True,True,218.4805,14.376,14.246,10.368,7.174,AIP-exact
5524536615173915520,132.90964005455967,-42.10881944066681,0.04791703912266685,181.35593220338984,0.16995517726504228,10.888968304892456,4.274409448818898,5.837096774193549,0.8520503136013705,0.9942476,True,True,259.4682,14.122,14.016,10.959,8.096,AIP-exact
5524822733012994944,130.55884006443475,-42.85138270692502,0.15436505256630978,171.18644067796612,0.1,9.8136580044335,10.43942307692308,5.567692307692308,0.8919052161662925,1.0180155,True,True,230.02,12.913,12.836,10.606,8.084,AIP-exact
5525034144185346944,130.98948311824518,-41.61634531856475,0.04443201273670443,191.52542372881356,0.19776262910622383,10.774850147676181,9.960550458715597,5.483333333333333,0.7787660890437769,1.0006053,True,True,225.32375,13.709,13.566,10.32,7.669,AIP-exact
5525275972321032064,131.10773506485177,-40.90714388842013,0.03977718119690676,201.6949152542373,0.1833324376267034,8.457130321684566,12.479310344827589,7.050000000000001,0.7919012334659038,1.0631545,True,True,240.87567,12.22,12.188,8.491,5.997,AIP-exact
5525391348026468352,132.66384674451342,-41.25853351241416,0.16527143814041492,211.864406779661,0.3361078268614909,12.4199089465041,4.274409448818898,3.705460750853243,0.70242116452671,1.0398151,True,True,280.12006,15.55,15.483,11.069,8.748,AIP-exact
5526414104298410624,125.92328944319011,-42.84701747653565,0.09948892804068526,110.16949152542372,0.1,7.271816552486215,9.607964601769913,10.644117647058826,0.5660382379641644,0.93914044,True,True,228.95076,11.279,11.346,10.515,6.038,AIP-exact
5526655202281060736,128.68657563588775,-41.87764426715068,0.09987874784554815,191.52542372881356,0.1833324376267034,11.584657284433298,11.42842105263158,4.191891891891892,0.884313724751555,0.9835512,True,True,216.87143,14.007,13.803,10.836,8.215,AIP-exact
5527981114526197504,125.25528296342944,-40.20643272467573,0.15505542912370612,232.20338983050846,0.1,9.876292339485136,13.91923076923077,4.761842105263158,1.0795130945807943,1.022886,True,True,266.08386,13.192,13.105,10.508,8.451,AIP-exact
5528185516308588544,129.50488261032646,-41.28520116952173,0.09305681202445112,150.84745762711864,0.1,9.799781851970513,3.9624087591240875,6.50119760479042,1.1726607815844985,0.9239027,True,True,219.83206,12.815,12.661,10.789,7.673,AIP-exact
5528363882010248832,130.2901834348315,-40.27195122138393,0.06366606921140555,150.84745762711864,0.1,11.246249024321676,5.049767441860466,4.5810126582278485,0.9058747115865211,1.0062935,True,True,162.69582,13.208,13.079,11.477,8.079,AIP-exact
5528414867563118976,130.08979476139382,-40.19303428155845,0.15947033710693578,201.6949152542373,0.3361078268614909,11.64644593165551,23.60217391304348,9.870000000000001,0.9260245989783614,1.0181273,True,True,195.4894,13.687,13.59,9.726,7.055,AIP-exact
5528537497470145536,128.48356917426028,-40.10617854094448,0.06845577845051881,161.01694915254237,0.24823268762177775,11.387413702770587,4.7,4.980275229357798,0.8289754597606255,0.9638133,True,True,270.0018,14.423,14.5,11.406,8.113,AIP-exact
5528538910520334720,128.16365895713471,-40.31695657884461,0.0909082138373547,181.35593220338984,0.1,11.776429207565233,8.755645161290323,3.680338983050848,0.8754696407402397,1.0375007,True,True,145.13353,13.462,13.259,10.929,8.241,AIP-exact
5528658168871165056,129.55964177139904,-39.26098876340139,0.1420293995973166,201.6949152542373,0.3361078268614909,12.316126684359649,4.741048034934498,4.395546558704454,0.794597079638221,1.0834674,True,True,288.14087,15.068,15.136,10.983,8.431,AIP-exact
5530513118004579968,115.35325312755766,-47.39071980624744,0.1690852122361299,161.01694915254237,0.1,10.475679689274253,7.385714285714287,3.6432885906040275,0.9456137784729951,0.970616,True,True,241.05995,13.488,13.291,11.463,8.73,AIP-exact
5532300580315435520,118.85010912345014,-43.377372954400045,0.08481397461385239,140.67796610169492,0.26777121151983396,11.766383280822748,4.006273062730627,4.377822580645161,0.8119765660691823,1.0537888,True,True,261.9104,14.706,14.521,12.188,8.335,AIP-exact
5535470880358088192,114.89214297799226,-42.28533197283557,0.08358283441697531,181.35593220338984,0.3361078268614909,11.878981043446304,8.10223880597015,4.523750000000001,0.7173229843505916,1.0734651,True,True,297.03525,15.028,15.073,11.179,8.398,AIP-exact
5536328877382021248,114.50892956927404,-41.16241693357853,0.06570410797300695,171.18644067796612,0.1,10.886571417558386,7.700000000000002,3.7437931034482763,0.9096359947727526,1.0022099,True,True,210.32375,13.499,13.339,11.23,8.41,AIP-exact
5536500504274285056,113.91600448123648,-41.24795713169628,0.11799006957871878,161.01694915254237,0.3625630486550966,11.592485128373802,9.123529411764707,5.09718309859155,0.8020465474677697,0.9938098,True,True,284.6011,14.901,14.756,11.206,7.974,AIP-exact
5536638737803739776,115.1378440140354,-41.26966970295853,0.16781247709764038,171.18644067796612,0.1,11.389671727494385,10.146728971962618,4.395546558704454,0.9465876491188833,1.004232,True,True,141.76945,12.996,12.809,10.859,8.359,AIP-exact
5538463682288650112,117.2984407952884,-39.05084002354078,0.06756293916372219,201.6949152542373,0.23011983571417985,11.13900845781955,12.198876404494383,6.828301886792453,0.920066094062326,1.0063553,True,True,268.85388,14.413,14.335,10.619,8.054,AIP-exact
5539617447940785536,124.96137342304912,-40.20839160518318,0.09508802048367221,171.18644067796612,0.39110057471005855,12.067945919450567,8.225,7.700000000000002,0.8806529527616059,0.9750886,True,True,270.51068,14.989,14.801,11.014,7.735,AIP-exact
5540693010833042944,122.3798661832033,-38.75390889647646,0.15267138918105344,191.52542372881356,0.11636163857357301,9.00999787473678,9.047500000000001,9.20084745762712,0.8667224163039106,0.9912954,True,True,285.3819,12.68,12.676,9.886,7.24,AIP-exact
5540785099231567360,122.6629925147192,-38.68629647657709,0.05455244064887605,171.18644067796612,0.11636163857357301,10.243352023163787,6.133898305084747,3.9624087591240875,0.814491228589015,1.0739665,True,True,283.62793,13.869,13.801,11.422,8.336,AIP-exact
5540896145606928640,121.82524952115529,-38.53477679620919,0.1342885518910004,171.18644067796612,0.16995517726504228,10.630214889900127,4.431428571428572,4.542677824267783,0.9607033539140336,0.9074485,True,True,275.1507,13.878,13.808,10.963,8.012,AIP-exact
5541544616947895424,123.62001273421949,-36.95498986622433,0.13516531771161214,171.18644067796612,0.23011983571417985,11.708201139741446,5.6546875000000005,3.705460750853243,0.7477531849812663,1.0102309,True,True,268.97937,14.938,14.948,11.579,8.544,AIP-exact
5541638212874198400,123.53250636401305,-36.2538733294514,0.1257844782704093,222.03389830508473,0.24823268762177775,11.977072356006927,10.340000000000002,4.846875000000001,1.0553832829766536,0.9648197,True,True,193.60944,13.979,13.797,10.224,7.936,AIP-exact
5543103282063238912,124.58022880209217,-35.98400400936427,0.06162502420420769,211.864406779661,0.1,9.348260467293635,19.387500000000003,8.899180327868853,0.895780673107684,0.98348033,True,True,219.44612,12.496,12.422,9.647,7.221,AIP-exact
5544620401956535808,122.30687789801996,-36.04137300885774,0.1474792057740662,201.6949152542373,0.14605773805564215,10.810785060284761,9.523684210526316,5.455778894472362,1.0043828675627657,0.9826573,True,True,227.93362,13.472,13.389,10.519,7.895,AIP-exact
5544621089150478976,122.26240553645508,-36.03801521196454,0.17088739037521494,171.18644067796612,0.1,12.22062714553832,15.51,7.8673913043478265,1.0357500101353945,1.1376973,True,True,68.98149,12.072,11.873,9.917,7.483,AIP-exact
5545170668857819520,119.4635711974276,-36.13921854436455,0.12289538969149216,161.01694915254237,0.1,9.90276425859135,6.424260355029586,5.455778894472362,0.8802491594399511,1.0631313,True,True,253.20131,13.074,12.971,11.131,7.919,AIP-exact
5546554988355545088,122.61213822583004,-34.26691294270682,0.1565201445656106,191.52542372881356,0.42188430427737117,11.275504083223257,12.479310344827589,12.063333333333334,0.884232310287982,0.99893224,True,True,283.69376,14.382,14.455,9.98,7.104,AIP-exact
5556209765598688512,100.93449280083426,-44.289801837482194,0.137173412792739,130.50847457627117,0.1,10.896578262332895,4.5810126582278485,3.976923076923077,0.8653649123395956,1.0288701,True,True,196.49321,13.71,13.558,12.244,8.769,AIP-exact
5560724669582208896,111.6459742175793,-41.07810812173114,0.17091790227331258,171.18644067796612,0.31158296935278684,12.867648149603252,9.607964601769913,6.828301886792453,0.8925790174869437,1.1649158,True,True,218.0404,14.71,14.618,11.299,8.131,AIP-exact
5561271539175611776,108.31642087389535,-41.24953709919758,0.033993778791192523,150.84745762711864,0.1833324376267034,11.687489600635423,5.0032258064516135,4.159770114942529,0.9387096912022976,1.0342816,True,True,221.0737,14.281,14.065,11.835,8.38,AIP-exact
5564623610829925504,106.97368745899952,-39.99341132965208,0.11589634099054859,150.84745762711864,0.1,10.370306636728705,6.828301886792453,4.542677824267783,1.0186520810381594,0.9657806,True,True,258.95868,13.594,13.329,11.63,8.44,AIP-exact
5565023794403240960,109.19102530905,-38.16278858111856,0.19131247350392755,181.35593220338984,0.11636163857357301,11.363837737391263,10.857000000000001,5.0032258064516135,0.8804682271612813,1.0383879,True,True,185.90816,13.422,13.185,10.936,8.059,AIP-exact
5566165465431512320,107.58485598875718,-36.59874329223624,0.04070611705123353,161.01694915254237,0.12552052364172658,10.068649760288404,6.915286624203822,4.8686098654708525,0.9356383001758515,1.093195,True,True,265.52563,13.546,13.4,11.115,7.978,AIP-exact
5569768603691556992,99.72325995125992,-41.0461218372276,0.16206599766127164,100.0,0.10787105198966634,11.490985427527487,3.9053956834532375,5.6546875000000005,0.9674282258968777,1.0477245,True,True,114.016975,12.993,12.741,12.104,8.129,AIP-exact
5573032813195919872,92.16455935595836,-39.98969103377584,0.05741563087477992,140.67796610169492,0.1,9.276718188694169,9.20084745762712,9.870000000000001,0.7738253159347187,1.1263368,True,True,274.7093,13.096,12.977,11.431,7.697,AIP-exact
5573168534162502528,92.39349227966096,-39.17899591833787,0.10430858783553855,140.67796610169492,0.1,10.31140332873738,4.782819383259913,4.021111111111111,0.7853520576527849,1.0270078,True,True,271.44693,13.879,13.693,12.077,8.643,AIP-exact
5584948731806736640,112.79903275180293,-39.359086228737766,0.11552211842913444,171.18644067796612,0.1833324376267034,12.513248281241243,7.09607843137255,3.991544117647059,0.8732684867351853,1.010077,True,True,199.63705,14.706,14.662,11.762,8.799,AIP-exact
5587609996622037248,116.47052582005828,-35.640874730104095,0.15850827407805512,140.67796610169492,0.1,9.418015821376503,6.031666666666667,4.413414634146342,0.776163816833549,1.0139167,True,True,289.7967,13.326,13.257,11.438,8.423,AIP-exact
5587701702762700928,116.66963966559172,-35.603450925553524,0.029116326638747882,181.35593220338984,0.12552052364172658,10.57915462548886,7.8673913043478265,4.360240963855422,0.9702701914579824,1.0022236,True,True,250.77248,13.768,13.618,11.054,8.254,AIP-exact
5587876632494011136,114.268028794336,-36.75427078890272,0.1947037076588669,130.50847457627117,0.1,9.840121597217413,7.09607843137255,4.274409448818898,0.8955257386189803,1.0004705,True,True,254.93184,13.234,13.154,11.662,8.605,AIP-exact
5588852616560677888,115.1166775553766,-33.714332070185726,0.10253115803916509,130.50847457627117,0.1,11.188977051464859,3.5250000000000004,3.7567474048442913,0.9111019366015382,1.0049945,True,True,206.511,13.714,13.574,12.408,8.929,AIP-exact
5617056704721107712,110.93434903023828,-23.968118005367817,0.04168995996292767,140.67796610169492,0.14605773805564215,11.146139414388053,3.850000000000001,3.5250000000000004,0.763685469758823,1.0051324,True,True,244.99968,14.078,13.905,12.079,8.501,AIP-exact
5617738165716902016,109.81655780772115,-23.894045866401918,0.07335328185646446,181.35593220338984,0.13540030931526834,10.131164692453705,13.571250000000001,13.571250000000001,0.8706411308184228,1.0156864,True,True,167.95033,12.465,12.375,9.706,6.813,AIP-exact
5617944358508300928,110.36633161962176,-23.003488176690038,0.06033670169612267,161.01694915254237,0.16995517726504228,10.29913466184048,8.826829268292684,6.701851851851853,0.8214733445681477,0.98974997,True,True,254.28238,13.773,13.596,10.881,7.76,AIP-exact
5619737627611188608,109.86010156559624,-22.06842444945756,0.03000845299426615,191.52542372881356,0.16995517726504228,10.95812291914978,16.9640625,9.960550458715597,0.7648994865211476,1.0376108,True,True,152.72313,12.973,12.863,9.716,7.046,AIP-exact
5619760957874562304,110.4020058041896,-21.78851503291753,0.14988497877722404,171.18644067796612,0.13540030931526834,11.595141622238495,7.142763157894738,4.825333333333334,0.8719346852370725,1.0128309,True,True,166.91435,13.838,13.701,11.144,8.113,AIP-exact
5620801538244664704,134.27906402467917,-40.50905385977418,0.06391306046614788,171.18644067796612,0.12552052364172658,11.003813847925478,4.3428,3.705460750853243,1.0470751846851902,0.9883254,True,True,273.28024,14.232,14.084,11.691,8.616,AIP-exact
5621493577734868864,136.63789791842746,-38.21675411196916,0.08689289546799683,161.01694915254237,0.15755401855293244,12.524330697248189,4.0662921348314605,3.705460750853243,0.868371540100062,0.9119799,True,True,171.20477,14.441,14.294,11.842,8.595,AIP-exact
5675789764016957568,139.0242428138971,-22.337419733178034,0.1544042828807838,120.33898305084746,0.1,9.164795834364732,5.0263888888888895,5.073364485981309,0.8879175276705927,1.0814859,True,True,289.84488,12.958,12.838,11.938,8.185,AIP-exact
5683389038633182336,139.67235063873852,-15.432369288929417,0.09088661269194465,130.50847457627117,0.1,9.658452266610013,3.5831683168316837,4.0662921348314605,0.8878896435666288,0.94065976,True,True,279.96423,13.321,13.179,11.917,8.364,AIP-exact
5716214550266898688,113.83900328437043,-20.40717213868165,0.1726053127202944,140.67796610169492,0.1,10.526551956428985,7.004516129032258,4.4679012345679014,0.9654296206429919,0.98094535,True,True,192.75143,13.014,12.905,11.377,8.369,AIP-exact
5716611989362077952,113.08686965997175,-19.03544644222417,0.14361737546344286,201.6949152542373,0.24823268762177775,10.013757167194319,14.671621621621624,11.80108695652174,0.8224567640483127,1.0084101,True,True,283.943,13.386,13.222,9.604,6.965,AIP-exact
5716630509257264128,113.9894450036339,-19.157277497438496,0.1634055987324751,232.20338983050846,0.1833324376267034,10.88829422916787,14.671621621621624,4.8686098654708525,0.8544777212961334,1.0186455,True,True,275.0412,13.986,13.74,10.377,8.185,AIP-exact
5716704829373115776,113.40045905222372,-18.920098148195127,0.11135323004792409,171.18644067796612,0.42188430427737117,11.16599278803142,6.239655172413794,7.436301369863015,0.8989851330303968,0.96039593,True,True,265.622,14.301,14.141,10.157,6.851,AIP-exact
5716708677663846656,113.26553751245818,-18.891953328360707,0.1562060175591072,201.6949152542373,0.10787105198966634,9.66314488984439,8.10223880597015,6.386470588235294,0.8676291268970001,1.0492133,True,True,243.35654,12.808,12.729,10.06,7.534,AIP-exact
5716741521272786176,113.84557711939416,-18.57500016803481,0.05785013023421013,161.01694915254237,0.11636163857357301,12.910277835458299,4.7,3.705460750853243,0.8911094506778411,0.9803136,True,True,131.41406,13.855,13.651,11.724,8.617,AIP-exact
5716789693627338368,115.218178837489,-18.93954431482531,0.11370234840938008,171.18644067796612,0.39110057471005855,13.03339442620561,7.755,5.744444444444445,0.8122058232931071,1.017199,True,True,207.7664,15.08,14.763,11.122,7.969,AIP-exact
5723021901625596800,124.89867177595134,-15.29395796509923,0.03386984811832476,140.67796610169492,0.1,9.500471358694833,5.073364485981309,6.168750000000001,0.8651096977190142,0.94961363,True,True,267.13373,13.191,13.029,11.397,7.851,AIP-exact
5804188395448496256,260.93597791703263,-72.48538682959361,0.050632032710453266,130.50847457627117,0.1,11.356475017046709,4.8686098654708525,4.1438931297709924,1.0751911640347254,0.9819222,True,True,158.19844,13.298,13.124,11.938,8.324,AIP-exact
5816055600558532736,252.14816165616188,-65.01033062047559,0.10744745706829102,140.67796610169492,0.1,11.013133211199815,3.976923076923077,3.513592233009709,0.94499245099282,0.9834097,True,True,194.03879,13.367,13.268,11.945,8.523,AIP-exact
5825134882230918400,229.2308724044984,-65.41925019363556,0.05175970189141798,181.35593220338984,0.16995517726504228,10.87285632570677,9.047500000000001,5.567692307692308,0.9462653214407865,0.9790215,True,True,246.65512,13.882,13.689,10.833,8.062,AIP-exact
5858064813145960320,192.5501873069744,-67.62814091960898,0.11466502680093892,181.35593220338984,0.10787105198966634,10.602585862038378,14.285526315789475,4.912669683257919,0.8396891047590995,1.0526893,True,True,203.32549,13.478,13.449,10.77,8.038,AIP-exact
5858431942652846336,191.45076743321948,-66.43906119401822,0.03437000398012753,201.6949152542373,0.14605773805564215,12.099173916362682,13.240243902439024,13.080722891566266,0.8185838872338588,1.0089452,True,True,118.86944,13.139,13.048,10.106,7.637,AIP-exact
5865097392678123776,200.77445320918383,-64.04743399341905,0.16093687522612016,181.35593220338984,0.1,8.439782851866877,5.21971153846154,7.190066225165564,0.8924838810187894,1.0470434,True,True,279.30945,12.26,12.502,9.858,7.217,AIP-exact
5865596742654439168,206.86446504307276,-62.031390191457405,0.18069742219972626,242.3728813559322,0.1,10.522295006600107,6.275722543352602,4.051119402985075,0.8192058682306772,0.98905265,True,True,151.00725,12.792,13.036,9.599,7.709,AIP-exact
5866481471561684352,211.44600943779915,-60.75608467668911,0.19145448403886853,171.18644067796612,0.2888476227919195,9.514152595145143,9.870000000000001,13.571250000000001,0.8337487068671251,1.0177153,True,True,285.01117,13.242,13.752,9.642,6.526,AIP-exact
5867229517397016320,209.98912627529583,-60.76247072782687,0.19277982523843012,211.864406779661,0.13540030931526834,11.76106573102652,10.966666666666667,10.146728971962618,1.0411841710534915,1.0335876,True,True,86.203094,11.806,11.814,8.89,6.573,AIP-exact
5867950414779082496,211.37183762909936,-59.05928033654981,0.12987850445602384,211.864406779661,0.21332862845930578,12.280868038109865,7.755,4.957534246575343,0.9317538391103783,1.0304585,True,True,175.07591,13.949,14.043,10.631,8.234,AIP-exact
5868633662515923200,201.4576245784052,-61.54477489938596,0.16923983713187554,181.35593220338984,0.1,10.754742216060384,3.571381578947369,5.455778894472362,0.8969851621439333,0.96964407,True,True,152.67276,12.851,13.11,10.328,7.826,AIP-exact
5870537020230019584,206.5898715095117,-59.62440372008771,0.17168589579840707,201.6949152542373,0.10787105198966634,10.68572320318347,9.123529411764707,4.224513618677043,1.143923287432106,1.0050156,True,True,233.87347,13.539,13.518,10.792,8.285,AIP-exact
5871472086107416576,211.74844070827012,-56.739659327551166,0.11522766923510257,161.01694915254237,0.24823268762177775,12.997205534705007,6.424260355029586,4.63974358974359,1.7294519786044635,1.0163063,True,True,174.87708,14.56,14.578,11.595,8.405,AIP-exact
5873761471164081152,227.3360052397584,-62.67568222007432,0.18813590974398892,171.18644067796612,0.1,9.18987923516145,4.659656652360515,5.348275862068966,0.8466427781048169,1.0164546,True,True,292.18637,12.795,12.834,10.582,7.843,AIP-exact
5873763051726673024,226.961687104284,-62.73251909987517,0.17543209871126997,181.35593220338984,0.21332862845930578,10.776556715742435,5.59639175257732,4.036059479553903,0.9379093141156659,0.9709513,True,True,298.8906,14.495,14.727,11.087,8.179,AIP-exact
5876344365771421056,228.31097106299308,-60.02741499734726,0.05910314090777865,181.35593220338984,0.13540030931526834,10.994779300818013,4.1438931297709924,12.198876404494383,0.8628286755740783,0.9960762,True,True,95.65497,11.965,11.804,9.105,6.311,AIP-exact
5879358505094059648,221.4154093329252,-58.14329182106408,0.17625735521010102,181.35593220338984,0.13540030931526834,10.434461725852568,7.436301369863015,5.775,0.9518665085956114,0.9548681,True,True,253.5617,13.429,13.55,10.761,7.862,AIP-exact
5891349263500119424,218.23860365796372,-58.22423512599827,0.0722662030348192,181.35593220338984,0.1,13.718485069791326,4.741048034934498,3.705460750853243,1.184446373858389,1.1131053,True,True,76.7943,13.186,13.187,10.973,8.183,AIP-exact
5894075704409179264,223.03661261857712,-53.10710789191285,0.1756177314908963,191.52542372881356,0.31158296935278684,13.051669090359137,7.335810810810812,3.7697916666666673,0.8480266850644239,1.0301192,True,True,212.70651,15.107,15.387,11.317,8.526,AIP-exact
5897570948789968896,217.6862546065246,-53.45239413638276,0.12250325187703046,161.01694915254237,0.19776262910622383,12.748883422696514,5.170000000000001,4.081578947368421,1.011555521537291,1.0508076,True,True,173.82343,14.144,14.239,11.589,8.329,AIP-exact
5897707258187015296,218.18356557380372,-52.59652731507284,0.11580435068509205,120.33898305084746,0.1,10.81179479848418,3.667905405405406,3.6432885906040275,1.108649756879609,1.0457582,True,True,198.63503,13.392,13.275,12.162,8.582,AIP-exact
5897942416231487616,218.22421765813849,-52.01647576921985,0.09153591570121394,110.16949152542372,0.1,10.716846356833173,4.036059479553903,5.145497630331755,1.0909286490036272,0.9828077,True,True,153.03407,12.726,12.588,11.954,8.086,AIP-exact
5901279670228148864,223.54860079078557,-50.78281681579829,0.04747285158598758,171.18644067796612,0.10787105198966634,10.714300249632757,4.449590163934427,3.513592233009709,0.9075700110665642,1.0106752,True,True,275.8919,14.115,13.974,11.758,8.688,AIP-exact
5936777098245960704,254.5269125260446,-50.47886370110599,0.13055638958926488,130.50847457627117,0.1,9.961326655506182,3.850000000000001,4.191891891891892,0.8199466226028944,0.963891,True,True,264.36032,13.231,13.143,11.85,8.328,AIP-exact
5938099875107074176,254.9504031477808,-50.2181264429137,0.13093132046526518,161.01694915254237,0.16995517726504228,10.36469188005315,5.1947368421052635,8.6856,0.8302166572631646,1.0618924,True,True,253.21593,13.563,13.492,10.848,7.621,AIP-exact
5941959371409347200,247.06010618866208,-47.77892480183574,0.05792972578336545,211.864406779661,0.1,9.773290040649787,6.065363128491621,4.957534246575343,1.0874554154827074,0.9969286,True,True,109.6562,11.323,11.338,8.48,6.234,AIP-exact
5953627728066959488,259.8468254701828,-43.09734999519659,0.1001870870807482,211.864406779661,0.12552052364172658,9.899095034620093,16.45,7.700000000000002,1.107611438582675,1.1878921,True,True,217.66249,12.791,12.722,9.752,7.382,AIP-exact
5955462473704218240,266.70641839706497,-44.572634770496535,0.057286832490033954,191.52542372881356,0.1,10.10214394667598,8.755645161290323,4.006273062730627,0.8143894777313161,0.9929568,True,True,270.10437,13.6,13.452,10.955,8.233,AIP-exact
5955921927792331520,265.38648401216506,-42.494391424526135,0.058089866649258325,181.35593220338984,0.14605773805564215,10.134773194029009,8.755645161290323,5.322058823529413,0.7854128903029732,0.92100656,True,True,281.70682,13.698,13.635,10.823,7.898,AIP-exact
5958372090733334528,263.21981003449247,-43.93406034338052,0.17651969192885875,161.01694915254237,0.1,9.67630326746689,5.775,3.7567474048442913,0.7812377493807038,0.9732786,True,True,254.30737,13.102,13.074,10.942,8.297,AIP-exact
5959341859967664256,262.33124965445825,-40.94954490975214,0.16296254794841558,140.67796610169492,0.1,9.16111941804781,4.63974358974359,4.741048034934498,0.7213286941868774,1.0744232,True,True,287.80353,12.872,13.031,11.2,8.012,AIP-exact
5959585951578638976,261.09408563250025,-41.75140390550054,0.06404603457064593,201.6949152542373,0.13540030931526834,10.49569624091383,4.175769230769231,3.991544117647059,0.798819825368696,1.0112374,True,True,227.20085,13.526,13.423,10.406,7.83,AIP-exact
5962944852159497856,257.4701612014138,-46.78273089917503,0.17220317454813652,161.01694915254237,0.12552052364172658,11.16580613916336,4.8686098654708525,4.25764705882353,1.0673817938574635,1.0057482,True,True,230.45364,13.461,13.696,11.42,8.256,AIP-exact
5968098881634952064,252.30118840627057,-41.463171993426144,0.17419069160681747,201.6949152542373,0.1,9.199644210159121,12.925,5.0032258064516135,0.8696293741461119,1.0386977,True,True,229.97401,12.475,12.659,9.801,7.592,AIP-exact
5969008869285267968,250.74340609422663,-40.949271070780526,0.1953133310007526,191.52542372881356,0.10787105198966634,9.736830788539626,4.1125,4.761842105263158,0.7694524637558388,1.0694045,True,True,228.71921,12.592,12.616,10.098,7.355,AIP-exact
5970403737213475712,254.2973365479501,-38.902477738930095,0.18213214171336692,150.84745762711864,0.1,11.305944322371868,9.781081081081082,4.308333333333334,1.2589826095238055,1.0102392,True,True,88.09035,11.767,11.714,10.05,7.151,AIP-exact
5970586148736132992,254.36277795000785,-38.02719470179559,0.1979894728859811,171.18644067796612,0.26777121151983396,11.647864182490936,6.7856250000000005,6.204000000000001,1.0913243378447206,1.0709522,True,True,229.05647,13.983,14.376,10.757,7.698,AIP-exact
5976540386506088448,256.78387577482533,-36.6635773640013,0.1253230158396274,181.35593220338984,0.13540030931526834,9.936232996724467,12.624418604651165,10.644117647058826,0.7551914984501039,1.0635524,True,True,189.4931,12.844,12.928,9.801,7.072,AIP-exact
5976618898512451968,255.38339511038205,-37.06752858138387,0.18229840788203286,181.35593220338984,0.19776262910622383,10.3259066111084,4.782819383259913,6.828301886792453,0.8759220903077998,0.9678079,True,True,255.2221,13.443,13.519,10.224,7.4,AIP-exact
5984972639911332352,241.1811609681893,-46.36108758156792,0.15893864091084947,191.52542372881356,0.15755401855293244,11.656695196641644,7.436301369863015,4.449590163934427,0.944731400751054,0.9597142,True,True,186.53905,13.831,14.076,10.81,8.095,AIP-exact
5987219942926758272,235.0718052599524,-46.47883922227755,0.06720187676836309,181.35593220338984,0.14605773805564215,11.703249139186806,5.348275862068966,3.705460750853243,1.0394685604894542,1.0797125,True,True,197.19467,14.055,13.997,11.255,8.423,AIP-exact
5988187714987026176,238.13950515861703,-45.9182560752834,0.06656315827643182,191.52542372881356,0.1833324376267034,10.936803954941176,11.674193548387098,6.3122093023255825,0.9326724497298065,0.9440126,True,True,179.8027,13.265,13.033,9.963,7.217,AIP-exact
5991507488518399616,242.67049796648809,-44.45640519752123,0.1385871114065197,222.03389830508473,0.12552052364172658,10.71776916120043,8.225,4.096981132075472,0.9206014705751566,0.9969044,True,True,246.76614,13.563,13.503,10.516,8.285,AIP-exact
5995458304346641920,238.15752138428704,-42.78059419440191,0.05480148774022574,171.18644067796612,0.11636163857357301,11.051271917237788,5.775,3.548039215686275,0.8370682622308638,0.9872498,True,True,195.58179,13.468,13.412,11.116,8.098,AIP-exact
5995506240487888000,237.33054039353257,-42.7153444088894,0.14911617032973354,161.01694915254237,0.2888476227919195,11.861363467140599,5.0032258064516135,4.486363636363637,0.8107759081866066,1.0631784,True,True,275.55856,14.634,14.582,11.508,8.2,AIP-exact
6002479545085739392,231.1178562538892,-42.09455005323688,0.14480893300688055,181.35593220338984,0.1833324376267034,10.176281219999973,12.925,6.871518987341773,0.9544905192803634,1.0947434,True,True,296.48898,13.658,13.343,10.575,7.765,AIP-exact
6020886507927995776,250.2274557088054,-34.43820436853941,0.1198901071771994,140.67796610169492,0.1,10.066603925803252,5.90054347826087,4.782819383259913,0.9568919218021762,0.98755527,True,True,220.61763,12.956,12.974,11.402,8.065,AIP-exact
6024514690132637568,248.21806533791124,-32.75649958590325,0.17530361928117144,100.0,0.1,9.313827510908988,4.620000000000001,4.60042372881356,0.8204212226956721,0.908644,True,True,205.77362,12.412,12.341,11.5,7.934,AIP-exact
6031584683022295296,248.86656503120864,-30.133979552550883,0.18517769285590774,161.01694915254237,0.1833324376267034,11.347207078930314,3.948,3.948,0.905307947033906,1.0074806,True,True,264.6687,14.069,13.91,11.593,8.248,AIP-exact
6032351214424816896,249.7386354709792,-28.51378458718352,0.15473309784797448,181.35593220338984,0.11636163857357301,10.574326524239044,5.483333333333333,3.991544117647059,0.8299963577614776,1.0080116,True,True,250.97629,13.54,13.398,11.024,8.124,AIP-exact
6036150409364619520,241.3586339782263,-32.71475364535322,0.1851258391550879,130.50847457627117,0.1,9.771529950662558,4.291304347826087,4.413414634146342,0.8119496271252058,0.9933091,True,True,232.42477,12.784,12.704,11.464,8.195,AIP-exact
6036195111385605632,240.7808499388486,-32.49751827824865,0.15245110425557373,171.18644067796612,0.3625630486550966,12.746235660544965,5.868648648648649,3.6928571428571435,0.7661743393208922,1.0591091,True,True,224.83311,15.065,15.153,11.205,8.171,AIP-exact
6036933089845230080,241.2469894714363,-30.7829648913867,0.13820557784403825,110.16949152542372,0.1,9.759839171338731,4.274409448818898,4.25764705882353,0.8504106406184108,1.0309014,True,True,207.27817,12.688,12.557,11.642,8.043,AIP-exact
6038547138551155584,243.08190375198905,-29.84075734976565,0.1747489577830579,140.67796610169492,0.1,11.556221009259794,7.700000000000002,3.8363957597173153,1.0063739924668753,1.0086904,True,True,112.44377,12.668,12.498,11.089,8.113,AIP-exact
6044266385717106048,247.56962629308043,-28.345791876315825,0.1476506267304332,161.01694915254237,0.1,11.331792997126493,8.163157894736843,6.3122093023255825,1.1128632055413026,0.9679312,True,True,119.3029,12.847,12.719,10.721,7.67,AIP-exact
6047008185461306496,250.84876448949507,-24.643493191860205,0.061308894413879184,161.01694915254237,0.14605773805564215,12.51629852394132,4.63974358974359,3.7697916666666673,1.050850027567904,1.0461693,True,True,140.7394,13.93,13.813,11.449,8.257,AIP-exact
6048940444002978176,246.39285657276835,-25.3655260860348,0.17904013354378143,100.0,0.1,10.983682260281768,3.9624087591240875,3.6190000000000007,1.0636958293885124,1.0568455,True,True,114.76608,12.462,12.276,11.557,8.184,AIP-exact
6050086753593661952,245.01823223657487,-23.83438491816713,0.06756634384104362,161.01694915254237,0.21332862845930578,13.337016550811782,3.571381578947369,4.846875000000001,0.9703285044653122,0.9841593,True,True,91.82055,13.62,13.339,10.684,7.541,AIP-exact
6052210662164639616,245.66545675835525,-21.51685702591284,0.08667557545761347,140.67796610169492,0.1,11.176357472669304,4.224513618677043,3.948,0.8339111013155251,0.99805135,True,True,165.23898,13.111,12.951,11.534,8.118,AIP-exact
6053369242536055680,184.1581571856057,-64.02405093268547,0.13883912533034168,211.864406779661,0.19776262910622383,10.615697240895713,21.28823529411765,11.80108695652174,0.8330548380745347,0.95088154,True,True,206.26567,13.456,13.691,9.78,7.393,AIP-exact
6053382711554196736,184.89737450409484,-63.7264772921931,0.1576432600224557,211.864406779661,0.13540030931526834,10.202884275069646,8.225,5.322058823529413,0.8168611600767188,1.026878,True,True,263.25992,13.458,13.695,10.323,8.016,AIP-exact
6054009119590468224,182.07800675954823,-64.2836082346989,0.15528626089306016,181.35593220338984,0.16995517726504228,11.936750716924099,15.51,9.960550458715597,0.9337656053608275,1.0335078,True,True,129.91074,13.509,13.549,10.368,7.621,AIP-exact
6054337736129294208,180.07602397151345,-63.50314694096041,0.1266087941201412,191.52542372881356,0.2888476227919195,10.955202531906064,9.960550458715597,9.35948275862069,0.9729849249770635,1.0377226,True,True,196.08063,13.248,13.223,9.464,6.759,AIP-exact
6058886076469971584,181.8431867273731,-59.86752670584911,0.1784844147117242,161.01694915254237,0.1,11.198157840215703,7.436301369863015,4.620000000000001,0.8777719993779187,1.0468808,True,True,160.73625,12.822,12.838,11.003,8.285,AIP-exact
6059909206397183744,189.42710545699504,-59.015203714436375,0.1747176921840664,150.84745762711864,0.1,10.615677406140328,9.440869565217392,4.720434782608696,0.8390002209261099,0.98027474,True,True,199.61378,13.129,13.005,11.3,8.502,AIP-exact
6060570562636728704,193.7663579938064,-56.91653035418015,0.19342361246545656,181.35593220338984,0.1,10.306796278193428,11.07857142857143,3.8637010676156582,0.9075151471923225,1.0245956,True,True,235.48798,13.376,13.324,11.068,8.704,AIP-exact
6061952614399905792,198.75415881862523,-59.53410733228184,0.18830904638316595,211.864406779661,0.14605773805564215,11.685602938456194,5.049767441860466,4.241015625,0.89314964690829,0.99232197,True,True,256.58237,14.111,14.161,11.25,8.938,AIP-exact
6062020681054033920,200.34398786737705,-58.96525473667113,0.09212612088576332,161.01694915254237,0.1,8.935676232797622,15.07916666666667,14.100000000000001,0.7735853462502957,1.0374609,True,True,276.9718,12.865,12.838,10.523,7.661,AIP-exact
6072430165606248448,182.78380338317967,-56.846335337334125,0.19255591472719127,232.20338983050846,0.12552052364172658,10.73284021264629,18.71896551724138,4.274409448818898,0.9625120741648836,0.9698256,True,True,277.3726,13.809,13.685,10.716,8.557,AIP-exact
6085366096001558144,197.6547081781579,-47.89340329516869,0.10239900077837526,181.35593220338984,0.24823268762177775,12.3011978282784,7.539583333333335,3.976923076923077,0.926417724811364,0.985887,True,True,258.5622,15.068,14.906,11.572,8.696,AIP-exact
6094863093321739392,206.24668687033295,-48.1023684731443,0.17290701934163535,171.18644067796612,0.24823268762177775,12.70204666833396,4.60042372881356,3.5250000000000004,0.7367246267428772,1.1042181,True,True,272.23444,15.116,14.828,11.997,8.772,AIP-exact
6097030436902602240,210.58470972465076,-45.6714611477198,0.1496488003531642,100.0,0.1,10.25629266313878,3.8775,4.081578947368421,0.8340587465528821,1.2621957,True,True,209.47484,13.033,12.843,12.311,8.564,AIP-exact
6108086606137421184,204.94018915144423,-45.91003144340132,0.14347656513495974,130.50847457627117,0.1,10.395128984804321,3.680338983050848,3.680338983050848,0.9884763473964152,1.0483695,True,True,278.27206,13.681,13.582,12.461,8.899,AIP-exact
6112051037050921472,206.1666607011753,-42.39234296656951,0.08063198835746242,140.67796610169492,0.1,10.33457863059051,4.8686098654708525,4.4679012345679014,0.8921993448468897,0.9814902,True,True,252.12463,13.52,13.388,11.855,8.458,AIP-exact
6127886852048802304,192.3002524722066,-48.4504334224431,0.058707572805744186,150.84745762711864,0.15755401855293244,10.92348398103082,5.59639175257732,4.224513618677043,0.9211366237556529,1.0152184,True,True,297.4892,14.321,14.117,11.935,8.546,AIP-exact
6142027327493847424,195.656743217668,-38.50033051737784,0.04717793027354345,161.01694915254237,0.1,10.759141947716111,8.225,4.5810126582278485,0.9761465928327369,1.0371195,True,True,235.84073,13.773,13.588,11.538,8.499,AIP-exact
6158394279627883008,187.8634711616045,-34.73427388228109,0.08385270801415472,140.67796610169492,0.21332862845930578,11.172322023335735,5.9327868852459025,7.335810810810812,0.7830232589984891,1.0165792,True,True,238.42621,14.022,13.776,11.768,7.811,AIP-exact
6167902826121551616,203.1529647667616,-34.20798010288165,0.1787041553266778,150.84745762711864,0.1,9.645908737877404,7.004516129032258,3.8775,0.7594492197389254,1.0322129,True,True,289.72412,13.461,13.358,11.544,8.609,AIP-exact
6181159431658866560,196.93897317060407,-30.493643713742824,0.17902387689787513,100.0,0.1,8.945445598618225,3.5250000000000004,4.25764705882353,0.7461026839742917,0.969512,True,True,271.10547,12.698,12.597,12.207,8.478,AIP-exact
6186917402254534016,195.1601709081023,-27.884683793707087,0.1801746060697372,130.50847457627117,0.1,10.537560814832968,5.145497630331755,4.395546558704454,0.8264672867638797,1.088702,True,True,202.85188,13.109,12.928,11.786,8.487,AIP-exact
6218254342650166656,223.98002141771164,-29.303828464408397,0.06443576802418723,140.67796610169492,0.16995517726504228,11.601302179231325,3.9336956521739133,4.782819383259913,0.9214572784061157,1.0888708,True,True,189.82297,13.844,13.643,11.806,8.076,AIP-exact
6218973526324830592,222.58834202175427,-29.111829683851305,0.135220324217939,150.84745762711864,0.15755401855293244,11.165927082890285,6.4625,6.959615384615385,1.0558888424239412,0.9919493,True,True,207.93327,13.554,13.339,11.375,7.823,AIP-exact
6231151167357700608,224.3330331157418,-22.719229841969945,0.08707401183706164,150.84745762711864,0.1,10.515047913420524,4.4679012345679014,3.655555555555556,0.9913026748222665,1.0177388,True,True,269.33948,14.041,13.858,11.956,8.698,AIP-exact
6236976139447233536,239.26373268984813,-24.05919564311133,0.19470584156182455,201.6949152542373,0.21332862845930578,11.22285105475528,10.340000000000002,6.828301886792453,0.9903592184927926,0.94805115,True,True,208.4847,13.405,13.272,10.05,7.491,AIP-exact
6239358879924048896,234.46752985759085,-23.349627804090456,0.04329156517725882,171.18644067796612,0.16995517726504228,12.744982837245574,5.868648648648649,3.7697916666666673,0.9577799752948624,0.96018016,True,True,127.6951,13.835,13.625,11.107,8.055,AIP-exact
6250028441983739136,241.3225066599477,-17.167010132662543,0.10509241507042882,161.01694915254237,0.15755401855293244,11.067705096204921,8.616666666666667,6.701851851851853,0.913311462355493,0.9690169,True,True,174.38968,13.112,12.913,10.605,7.38,AIP-exact
6250032973165734912,241.0776889287121,-17.225593651610456,0.14832354346738935,140.67796610169492,0.42188430427737117,11.768850104207473,3.9194945848375453,3.9624087591240875,0.8949257920483377,1.0003294,True,True,275.36008,14.988,14.921,11.687,7.895,AIP-exact
6254880896033640832,231.7384618850369,-18.863038534119163,0.17984905095575524,120.33898305084746,0.19776262910622383,12.94028899754528,3.7829268292682934,5.244927536231885,0.913421976477791,0.9775528,True,True,98.98008,13.731,13.445,11.894,7.93,AIP-exact
6275177326624697856,209.75874333237712,-23.742924331373565,0.06424442065281595,130.50847457627117,0.24823268762177775,11.190514189264766,3.502258064516129,4.561764705882354,1.1318482206799523,1.0781629,True,True,280.7884,14.442,14.342,12.227,8.127,AIP-exact
6281791202598809344,220.04335816744776,-19.201198359916745,0.1677205777404882,150.84745762711864,0.3361078268614909,11.701912588303797,5.455778894472362,4.679741379310345,0.8520546068646817,0.8816718,True,True,298.90686,15.034,14.9,11.844,8.383,AIP-exact
6290839766683065600,209.56464253849583,-19.141409643496683,0.15625598454189396,130.50847457627117,0.3361078268614909,11.647824401794804,3.7829268292682934,6.349122807017544,0.8319084655606458,0.9711918,True,True,292.97632,14.742,14.464,12.104,7.983,AIP-exact
6297846030869107072,213.5803558162124,-16.06892430663309,0.11899195568939219,171.18644067796612,0.1,10.0484904314234,16.703076923076924,10.24245283018868,0.9053562087415163,1.0025388,True,True,195.23169,12.7,12.453,10.427,7.34,AIP-exact
6331646633214607104,220.02224989946785,-6.364780229647117,0.11513881112287881,120.33898305084746,0.1,10.530853593724604,4.096981132075472,4.4679012345679014,1.1005485085442133,1.0132612,True,True,194.3097,13.09,12.905,12.105,8.289,AIP-exact
6341109300865890944,331.1622160986341,-89.45400975744894,0.1064825742215572,181.35593220338984,0.11636163857357301,9.804821303897702,15.734782608695653,8.548818897637796,0.8664565087616685,1.0805036,True,True,290.08264,13.345,13.103,10.691,7.865,AIP-exact
6352297896829867264,337.99077609420385,-78.83562840392109,0.0473761932154591,161.01694915254237,0.12552052364172658,12.938680992576579,5.965384615384616,3.9194945848375453,1.036688257840009,0.9451323,True,True,135.79163,14.031,13.855,11.716,8.65,AIP-exact
6353192010238173312,352.396659322877,-78.6652197337635,0.13944770213767838,100.0,0.1,10.492068460143578,8.899180327868853,10.540776699029127,0.8612831608598124,1.0864143,True,True,95.97429,11.7,11.557,11.178,7.392,AIP-exact
6383277500232569088,331.8461218865826,-71.30103632633454,0.1532147064550583,120.33898305084746,0.1,10.055301854788693,4.449590163934427,3.6311036789297666,0.948674789371004,1.001703,True,True,224.72678,13.038,12.949,11.91,8.423,AIP-exact
6432997072446133632,280.0945228278146,-68.23062427213172,0.08740035374026775,150.84745762711864,0.1,11.41885881467992,5.2960975609756105,4.036059479553903,0.8560830387557049,1.0099128,True,True,166.5023,13.43,13.245,11.611,8.335,AIP-exact
6433942201471371392,285.7849433682776,-66.85581700750782,0.08561000245548973,161.01694915254237,0.1,11.198866248601295,7.335810810810812,4.620000000000001,0.8858613676869831,0.9991446,True,True,169.26819,13.526,13.289,11.376,8.184,AIP-exact
6454786712847394816,308.0138784617116,-61.8079430198653,0.09084095312199207,110.16949152542372,0.1,9.89014518903724,3.6190000000000007,5.244927536231885,0.9274942018251322,1.0352336,True,True,215.20084,13.141,12.966,12.205,8.186,AIP-exact
6463967634938091136,318.26825298918163,-54.67232959167704,0.09722488799216387,100.0,0.1,11.944803841818324,3.667905405405406,3.809473684210527,0.968990637182204,0.98344904,True,True,105.86842,12.846,12.648,12.079,8.514,AIP-exact
6467644161303281024,306.8428046186911,-58.31412362826665,0.13978469886322623,161.01694915254237,0.15755401855293244,10.040767930013537,10.43942307692308,6.386470588235294,0.8579719044604793,1.083038,True,True,263.291,13.712,13.45,10.852,7.73,AIP-exact
6487999729305751296,359.7773164020284,-61.840984657702215,0.08092904258457131,140.67796610169492,0.1,8.881042261001506,9.523684210526316,7.09607843137255,0.873966469632911,0.9810209,True,True,291.35156,12.839,12.746,11.135,7.682,AIP-exact
6519796299914629760,341.01092349114185,-44.54745866359078,0.08047981315420563,110.16949152542372,0.1,12.150060418227623,3.606976744186047,4.741048034934498,1.1844869506150135,0.9201681,True,True,104.39861,12.854,12.699,12.111,8.216,AIP-exact
6544629594656866176,341.19701335323424,-41.83563062479576,0.15391162792631158,100.0,0.1,8.865135783788187,3.7567474048442913,6.540361445783133,0.8375577760668445,0.9708343,True,True,230.9125,12.217,12.153,11.983,7.838,AIP-exact
6561289875879439744,330.8297466333129,-47.20233734794074,0.18657717373191912,100.0,0.1,9.826446275511334,4.9350000000000005,5.21971153846154,1.0096758819823723,0.9803954,True,True,182.01465,12.442,12.298,11.521,8.086,AIP-exact
6571724378664214656,329.5436956216303,-41.45123018831874,0.11704467581576171,161.01694915254237,0.3625630486550966,12.04578868481165,7.592307692307694,4.957534246575343,0.8702932439345437,1.0109503,True,True,268.02374,14.838,14.669,11.271,8.007,AIP-exact
6575714845663713920,321.4780166925938,-46.02093528439982,0.17308334471369669,140.67796610169492,0.1,11.317274897527204,6.065363128491621,4.1125,1.7442248578085267,0.9318825,True,True,166.8152,12.988,12.778,11.502,8.254,AIP-exact
6588511275520335872,328.3505355715452,-34.55513927096542,0.10781164969897618,120.33898305084746,0.1,8.322171258940099,7.755,7.755,0.7205945180887773,1.0358096,True,True,263.1352,12.359,12.299,11.052,7.303,AIP-exact
6626227784232981120,332.3517358489688,-24.893676003940516,0.17969664303953098,100.0,0.1,8.612682799899673,3.7829268292682934,3.7181506849315076,0.6963863170387979,0.9949995,True,True,259.57666,12.444,12.38,11.802,8.141,AIP-exact
6629137779194966784,336.89769464011874,-20.37822807659981,0.160999717577445,100.0,0.1,9.215378521646596,4.128136882129278,4.413414634146342,0.8697654850389476,1.0346256,True,True,227.76642,12.699,12.564,11.866,8.218,AIP-exact
6634206566462899584,272.3111300742922,-61.41420811135492,0.10942092874393543,161.01694915254237,0.23011983571417985,11.384608287631593,5.6546875000000005,3.7829268292682934,0.9626253668242594,0.98739105,True,True,282.12628,14.356,14.191,11.49,8.255,AIP-exact
6662353308215025536,284.14923912703034,-47.67461441742464,0.1716736829288982,161.01694915254237,0.14605773805564215,9.517526745444377,13.403703703703705,9.20084745762712,0.8415197962614254,0.9500479,True,True,272.51013,12.911,12.774,10.527,7.147,AIP-exact
6665254124829560064,292.4132760889616,-42.40968555791463,0.10043963988816972,110.16949152542372,0.15755401855293244,10.934645709478495,4.761842105263158,8.755645161290323,0.9409319162151542,1.0487852,True,True,139.00706,12.932,12.752,11.74,7.435,AIP-exact
6677369029275061120,313.926016212954,-41.877157734284175,0.06632306229557464,150.84745762711864,0.11636163857357301,10.708753146474209,4.274409448818898,4.1438931297709924,1.3883682068638163,1.329593,True,True,231.92276,13.796,13.48,11.579,8.267,AIP-exact
6686906807312590336,300.8073401689053,-41.85057911638608,0.04917332082029434,130.50847457627117,0.16995517726504228,11.108861338289897,3.850000000000001,4.912669683257919,0.8492156172492953,0.9790682,True,True,217.37627,13.932,13.764,12.021,8.104,AIP-exact
6711730446974887936,284.0372956684212,-44.802221342839445,0.0989302706843914,130.50847457627117,0.12552052364172658,10.685850008941383,5.483333333333333,6.168750000000001,0.9064585629911928,1.0931851,True,True,179.19257,13.279,13.061,11.514,7.772,AIP-exact
6728729313362185728,280.9292639356833,-39.896720374489256,0.05421945084832178,140.67796610169492,0.1,10.596201411623031,3.9053956834532375,3.705460750853243,1.3160402402819846,1.0815396,True,True,224.57123,13.477,13.388,11.804,8.36,AIP-exact
6739805346815309440,295.94560578861774,-37.458275826270345,0.1753015862069241,150.84745762711864,0.10787105198966634,10.223652269802727,4.128136882129278,3.680338983050848,0.775252345335893,0.9650933,True,True,266.43124,13.853,13.694,11.744,8.371,AIP-exact
6747020410836035584,299.8932382857255,-33.32531596853957,0.09944418548090289,171.18644067796612,0.1,10.067625012636555,6.58,3.513592233009709,0.853796960432744,1.0577946,True,True,293.2774,13.55,13.442,11.287,8.394,AIP-exact
6800143551352260864,309.95823063956897,-25.544382367187563,0.0813799527077106,161.01694915254237,0.1,11.65401896787666,6.168750000000001,3.8913978494623658,0.9535110724709427,0.92320114,True,True,144.06451,13.152,12.968,11.281,8.141,AIP-exact
6818319474991653504,326.37740821721434,-20.48227952953366,0.06388576096965118,161.01694915254237,0.15755401855293244,12.02565347376966,4.720434782608696,4.006273062730627,0.9358024788514954,0.96060514,True,True,200.13641,14.269,13.939,11.809,8.461,AIP-exact
6839371343092270976,329.8515433157641,-15.170365329224378,0.10225062683388145,171.18644067796612,0.10787105198966634,11.23650990623107,6.58,4.159770114942529,1.0615996060866277,1.059413,True,True,180.94418,13.305,13.039,10.998,8.072,AIP-exact
6864159459083299840,299.52005567542267,-22.49857134941313,0.117537534059205,161.01694915254237,0.1,10.230248958710035,7.539583333333335,4.291304347826087,0.8683846811671205,1.023907,True,True,193.19212,12.986,12.861,10.891,7.987,AIP-exact
6869629357633605504,293.46901115263387,-18.82660491317369,0.0944918084583346,110.16949152542372,0.1,8.709941056542858,3.7181506849315076,8.225,0.7647752105872831,0.9507893,True,True,249.23819,12.277,12.23,11.703,7.216,AIP-exact
6869758687688709376,295.1195319702806,-18.92559719057065,0.149934632313554,201.6949152542373,0.1,11.57587505163943,13.403703703703705,5.837096774193549,1.0676951989510997,0.99913156,True,True,133.53238,12.816,12.672,10.285,7.922,AIP-exact
6901426168753269248,310.04583195945065,-10.821424132966754,0.06351750005629142,181.35593220338984,0.10787105198966634,11.824315327404733,10.857000000000001,6.620121951219512,1.1169612594025051,1.0373942,True,True,115.62521,12.842,12.658,10.449,7.673,AIP-exact
6913401804588339456,310.919540811937,-5.940116176154112,0.08169201926357524,150.84745762711864,0.23011983571417985,12.361898004918679,3.5250000000000004,3.6190000000000007,0.7859965095205794,1.0115685,True,True,212.14285,14.681,14.459,12.013,8.473,AIP-exact
