source_id,ra,dec,rmse,t_ds,gamma,M_G,snr3,snr4,gvar,ruwe,extra_ok,snr_ok,r_med_geo,w1mpro,w2mpro,w3mpro,w4mpro
1173170115039665280,219.20054461494493,9.148934123427434,0.1736067166814473,700.0,0.01,10.340838590133727,41.75769230769232,3.6432885906040275,1.57804731126916,1.388446,True,True,36.49785,9.266,9.103,8.961,8.701
1176721606316766720,216.0309398655185,9.308761707330529,0.1337520653115373,700.0,0.01,9.968575039671887,33.928125,3.730927835051547,1.6692868785184996,1.2751328,True,True,50.737328,9.832,9.692,9.537,8.878
3714808649869917056,204.28078383014304,5.304495266179832,0.05900208189511777,130.50847457627117,0.26010046434689327,10.963664904215827,3.705460750853243,6.3122093023255825,0.8494704851848083,1.0445807,True,True,278.74316,14.306,14.134,12.0,8.059
1161002781927857024,224.3897607683041,7.23186778384405,0.16921645419360618,140.67796610169492,0.0643653407681979,9.305832204697271,12.198876404494383,13.743037974683546,0.7676634789299858,1.0663956,True,True,185.57162,11.962,11.834,10.889,7.279
3673984435965535744,212.91827266898883,7.034997385516912,0.09082094389774689,161.01694915254237,0.011678516340565069,6.793095270844056,10.966666666666667,5.868648648648649,0.5366353640029651,0.9654263,True,True,291.17303,11.735,11.784,10.916,8.224
3717233966362385792,199.29123932352235,5.217151325525616,0.10288369941738096,100.0,0.01,5.732411331378783,7.004516129032258,3.606976744186047,0.7248332762123387,1.019935,True,True,275.01117,11.096,11.147,11.031,8.312
5767735706632639616,253.00730552611108,-84.3568642853101,0.036570010578643064,120.33898305084746,0.029628775900825636,9.973255688776495,4.659656652360515,3.7437931034482763,0.9227300218402172,0.98925483,True,True,175.06062,12.503,12.36,11.951,8.812
5782056433274060288,237.16444900449343,-73.99893971733559,0.04158376060634614,100.0,0.01,7.2890786929857505,9.123529411764707,3.5831683168316837,0.5227175630538814,1.0900145,True,True,241.77515,11.526,11.566,11.378,8.895
5776166963655063040,260.8989008704494,-80.220835395427,0.14093485549718127,100.0,0.01,7.003930425076819,40.211111111111116,14.87260273972603,1.059910791666317,0.89800465,True,True,87.962166,9.165,9.245,9.061,7.01
5767295901981892096,253.2231138539024,-85.28077913892275,0.05123863612778373,100.0,0.01,10.34465727955174,13.91923076923077,3.606976744186047,1.2212352139712395,1.1344365,True,True,83.29155,11.204,11.022,10.779,8.861
5779293394908681984,233.1045632602212,-79.00678808206723,0.12005478946875955,100.0,0.04041001900131407,12.203982473468885,4.3428,3.6190000000000007,1.6621549353690634,1.004192,True,True,77.168686,12.409,12.208,12.235,8.889
1139199054033483008,120.10579894650544,80.04267486884959,0.036076943618079865,110.16949152542372,0.018601616690726987,9.630968078424916,7.810791366906475,3.571381578947369,1.0427719561826148,1.0614647,True,True,152.02296,11.908,11.786,11.592,8.796
1103275603974752000,103.93188556768705,68.58098509793189,0.040369755621543726,140.67796610169492,0.0877864361381346,13.029040737558336,9.047500000000001,7.385714285714287,1.055442782217308,1.0018572,True,True,73.40321,12.811,12.598,11.331,7.893
1092884772411363200,133.88106620315156,66.46850069579625,0.19265620649500972,700.0,0.01,9.507771090539508,57.1421052631579,7.190066225165564,1.7180144192171751,1.278676,True,True,24.555206,7.813,7.729,7.632,7.259
1093059521745795200,129.86034301377563,66.5046759541605,0.19070103642927974,700.0,0.01,9.123521593282309,41.75769230769232,3.705460750853243,1.1200244342185388,1.2437128,True,True,44.380264,9.009,8.913,8.812,8.236
1150260106649066752,116.31371586721691,85.28225811932118,0.04609607373982158,140.67796610169492,0.05511431323226077,8.73435399851941,10.644117647058826,10.644117647058826,0.7744536967891065,0.9947417,True,True,234.9589,12.279,12.221,11.093,7.501
1138690628688357376,113.98879033412877,78.54715156123858,0.1901364553693958,700.0,0.01,9.948053857823737,57.1421052631579,9.35948275862069,1.9785301320858075,1.1236542,True,True,25.848124,8.235,8.115,7.985,7.712
1150288006756417792,116.36388198148278,85.4372040076356,0.09984537857296294,140.67796610169492,0.0643653407681979,9.818479606195446,4.413414634146342,4.1125,0.8710213032226544,1.0624998,True,True,267.86667,13.511,13.332,12.035,8.58
6783115075471609728,321.8307296601984,-33.050687615372894,0.13980215006715288,100.0,0.01,8.072473699279518,12.198876404494383,3.850000000000001,0.7901271746547429,1.0019112,True,True,107.88321,10.282,10.27,10.17,8.128
2325287013358105344,352.0254050835334,-33.193741420951895,0.10510653816355768,161.01694915254237,0.04719290672293913,9.873700870861805,7.050000000000001,3.7697916666666673,0.8175563765556186,1.0006232,True,True,228.27998,12.81,12.717,11.426,8.524
6607025951820422272,340.6154192012189,-31.139086792081617,0.07261965173568417,100.0,0.018601616690726987,8.215239254859032,6.3122093023255825,4.096981132075472,0.6653150098996116,0.95257205,True,True,168.33032,11.173,11.194,11.272,8.128
6556154744258590848,347.60416090928715,-33.767928987553695,0.06054978309450806,100.0,0.013638774391684533,6.734043494433754,5.348275862068966,3.536482084690554,0.6204150023528858,1.1705908,True,True,284.73962,11.603,11.646,11.542,8.588
6552315936849172736,352.32698346143945,-34.871969999265986,0.12383901960823426,100.0,0.029628775900825636,8.43518670540317,3.730927835051547,3.991544117647059,0.8255494720124685,1.0286027,True,True,208.26369,11.9,11.874,12.035,8.458
6588511275520335872,328.3505355715452,-34.55513927096542,0.04680149289821029,130.50847457627117,0.07516916839274382,8.322171258940099,7.755,7.755,0.7118726525532652,1.0358096,True,True,263.1352,12.359,12.299,11.052,7.303
6592591975488643968,324.6183493554133,-32.31703610085238,0.09784677998611381,150.84745762711864,0.029628775900825636,9.701487898437245,8.042222222222222,4.912669683257919,0.7766355028311125,1.0259807,True,True,164.17084,12.288,12.152,11.172,8.267
6600365518402656256,336.8375397880534,-34.18964357574299,0.17095185726591908,700.0,0.01,8.53458287893637,40.211111111111116,4.542677824267783,1.3543579343066812,1.0873599,True,True,52.95208,8.841,8.816,8.666,8.194
2963935700951142528,85.83534424431315,-23.10765860656893,0.15488758069214575,161.01694915254237,0.11972993971380404,11.321477272446549,5.62538860103627,4.360240963855422,0.9895950538264041,1.0322512,True,True,205.90237,13.602,13.413,11.616,8.439
5088569744976851200,56.67009942736253,-21.216238526310487,0.11491414281229818,181.35593220338984,0.07516916839274382,10.600619452185633,7.924817518248175,4.051119402985075,0.9366469402196956,0.96968645,True,True,227.08064,13.383,13.212,11.364,8.582
2977470860885662464,71.7205964186912,-20.28011208202892,0.03289066938509387,100.0,0.05511431323226077,8.591877283049309,4.486363636363637,5.170000000000001,0.7072078524530719,1.0040405,True,True,242.99657,12.29,12.225,11.947,8.038
2964462813698839680,85.8532133727264,-21.2146782582404,0.15276318178749215,700.0,0.01,8.911333065283376,33.928125,3.9053956834532375,1.0876991068966513,1.3417407,True,True,56.44608,9.3,9.232,9.088,8.423
4897285130111847808,65.77915761650446,-23.385611177469865,0.11571981729393929,100.0,0.11972993971380404,10.509847700240485,4.395546558704454,9.123529411764707,0.8413726423084006,1.0001119,True,True,138.94402,12.651,12.432,11.969,7.601
5103290247166265088,49.873277346518535,-19.84381293114128,0.03817635270684251,201.6949152542373,0.011678516340565069,7.908131724027887,14.100000000000001,3.9624087591240875,0.8992270759067346,1.1411206,True,True,280.8054,12.064,12.068,11.073,8.974
5098404464169378048,50.50988930147175,-23.2685660007166,0.05896197153526908,161.01694915254237,0.03460201435087329,9.701075395088166,9.960550458715597,4.5810126582278485,0.7813327202724802,1.0389808,True,True,215.79845,12.727,12.551,11.459,8.696
5086121751058497152,52.23874039327753,-24.381625953071207,0.16372366896911403,100.0,0.01,8.794716063243536,17.233333333333334,4.159770114942529,0.8500454454041304,1.0944839,True,True,104.25992,10.686,10.606,10.443,8.742
2966861943769527680,85.92874878991987,-19.8604567277024,0.0363206992032525,171.18644067796612,0.07516916839274382,11.207886664697696,7.385714285714287,3.9336956521739133,0.9110793476137178,1.0003827,True,True,169.10197,13.319,13.097,11.31,8.371
4898595851051402240,68.06829181702392,-21.91440077533208,0.08443701518824505,100.0,0.01,7.135555740684717,11.80108695652174,4.1125,0.5192471494222893,0.9565625,True,True,173.2295,10.813,10.864,10.712,8.277
5075013144562859008,47.62813791507592,-24.354301810769563,0.02722542026013259,130.50847457627117,0.01592806495985682,9.262821999644022,13.080722891566266,6.065363128491621,0.879203427046075,1.011601,True,True,139.61626,11.514,11.441,11.076,8.29
5088048576465363968,54.819716555035015,-22.57130041507883,0.187029371786837,700.0,0.01,8.894942817159606,45.237500000000004,4.741048034934498,1.5745499839004893,1.3294219,True,True,48.204506,8.76,8.688,8.576,8.165
2555127691373020672,7.433347863880468,5.222274635724246,0.08512035434798285,191.52542372881356,0.04719290672293913,9.650944337497208,14.476000000000003,7.810791366906475,0.8347348851263532,0.98623693,True,True,168.20416,12.193,12.018,10.209,7.654
2568406557725395712,26.92295216405343,7.0666442368080205,0.13081383283914538,171.18644067796612,0.26010046434689327,12.420568024996907,5.2960975609756105,4.274409448818898,0.8942056327895704,1.0511642,True,True,230.01682,14.961,14.629,11.684,8.413
2747338988381414784,6.388873233745127,5.478151564365966,0.09771907546982352,120.33898305084746,0.01,9.629797680718182,12.198876404494383,3.7181506849315076,0.9368194260174375,1.0589432,True,True,89.98648,10.662,10.591,10.291,8.249
2749433626751647488,5.453806233926838,9.290276524069167,0.04784705015972655,100.0,0.04041001900131407,7.509510462260712,3.809473684210527,4.308333333333334,0.6406573330552162,0.98016137,True,True,279.9829,11.874,11.94,11.674,7.968
2568387732884246784,27.74670054094227,7.385341443210298,0.16827648607162904,700.0,0.01,9.344538788464842,25.24883720930233,3.6190000000000007,1.237792039288323,1.2955251,True,True,66.324295,9.889,9.796,9.7,8.707
2745723187325169280,1.7272272224809089,7.032659916521234,0.1725771482593362,700.0,0.01,8.586348947889464,36.190000000000005,4.081578947368421,1.420817826956628,1.2825134,True,True,52.693253,8.916,8.883,8.802,8.004
2568767545432241024,28.118830488743228,7.55088717723781,0.041527773673665135,100.0,0.018601616690726987,7.381736211479041,4.912669683257919,3.571381578947369,0.6316874813544033,1.0158839,True,True,283.83932,11.929,11.988,11.741,8.709
2518280823343175040,33.44067908117339,4.910647996414111,0.18026640660193247,100.0,0.01,9.840542962195114,21.714000000000002,4.449590163934427,1.32185385257089,1.3218205,True,True,69.08488,10.21,10.121,9.973,8.484
21485423574915456,40.21649295724785,8.999184344987995,0.08083430894726096,161.01694915254237,0.05511431323226077,10.210905673266543,5.744444444444445,4.63974358974359,0.9903756560586731,0.96252644,True,True,195.61487,12.864,12.732,11.37,8.216
5628404318169472,43.548272861416415,5.882712238779236,0.17005622330970635,537.2881355932203,0.05511431323226077,6.625754330741075,41.75769230769232,10.644117647058826,1.2383443868289725,1.0783374,True,True,229.51556,10.665,10.276,8.701,7.29
164926370504274688,64.89550426776633,29.79371890172715,0.1846937858887991,700.0,0.01,9.450334873975915,32.9,3.7181506849315076,0.8567096344114785,1.2651423,True,True,44.33003,8.737,8.598,8.549,8.047
69800197883613184,53.580122714179545,27.125212702578168,0.04955850881221017,150.84745762711864,0.01592806495985682,7.729660809177262,7.700000000000002,3.5250000000000004,0.6985958757996776,0.97543687,True,True,243.05829,11.694,11.731,10.96,8.229
156681098448744064,75.56262938452097,29.823618573350554,0.1929265211529918,700.0,0.01,9.541738804054855,33.928125,3.6432885906040275,1.2273522060743611,1.1761228,True,True,44.128223,8.969,8.898,8.762,7.999
3445667887230884608,80.90654473417949,29.05911076792447,0.16022267274013433,161.01694915254237,0.22271704449600335,12.13836805042368,4.25764705882353,3.571381578947369,1.163544016609582,1.0371084,True,True,228.00732,14.244,14.113,11.58,8.263
3430910212095786240,88.23304352288822,26.947300227863572,0.07917578665615328,171.18644067796612,0.021723928448358305,7.340130694448507,5.1947368421052635,4.377822580645161,0.5713276692973334,1.0076573,True,True,269.7151,11.864,11.919,10.563,7.856
112071948909279872,48.370087811454425,25.207207603363397,0.18947799001528948,700.0,0.01,9.645481703125899,37.43793103448276,4.413414634146342,1.2086638034027446,1.2524806,True,True,36.68192,8.971,8.844,8.733,8.042
67251942248273280,59.789029714948846,26.2764331955909,0.09088050873228726,110.16949152542372,0.01,8.902981875555062,16.2044776119403,4.825333333333334,0.9253117793248531,1.0879378,True,True,97.59317,10.518,10.447,10.025,7.982
111132759821159424,49.55821650132807,24.631530397419255,0.08194625384144714,181.35593220338984,0.05511431323226077,10.709759008800422,7.983088235294118,3.809473684210527,1.3425351956664588,0.95588654,True,True,158.04858,12.702,12.508,10.892,8.099
3442745522758141312,83.49885166292832,28.377581127897717,0.10355804088798355,161.01694915254237,0.03460201435087329,9.599904722153237,7.810791366906475,4.679741379310345,0.775015434933267,1.010369,True,True,180.22227,12.42,12.304,11.055,8.121
3442127769021074560,83.62117634439423,27.478686536435937,0.1670781705084312,700.0,0.01,8.590459901787717,30.15833333333334,4.25764705882353,1.2618144687239097,1.0831223,True,True,58.88868,9.181,9.154,8.998,8.047
157732128487060992,70.36584208660274,28.010616345093744,0.18069202403262452,700.0,0.01,9.253898941598013,40.211111111111116,3.595033112582782,1.1792953605372178,1.3318894,True,True,41.472576,8.802,8.705,8.619,8.167
3430933641139872640,87.89179976141624,27.27698889493073,0.14396694952755174,211.864406779661,0.011678516340565069,8.418021968462552,8.10223880597015,3.502258064516129,0.8272217810059179,1.0958315,True,True,183.48282,11.312,11.243,10.394,8.412
68383786388975744,55.51328682281368,24.94421168885069,0.18259977576313663,100.0,0.01,5.929063153644621,4.325498007968128,3.809473684210527,0.625639477429334,0.85314274,True,True,259.89383,11.025,11.081,11.429,8.367
3430011872440532352,89.67374004406506,26.728623526398355,0.18631273334459267,100.0,0.01,5.324298990139737,10.74950495049505,6.620121951219512,0.6515704840121538,0.91248775,True,True,244.38762,10.479,10.533,9.968,7.585
66873675890029952,57.32669282077237,24.940204177040435,0.07721962003239698,161.01694915254237,0.04719290672293913,9.763488105069278,5.0263888888888895,3.7181506849315076,0.9204613917219734,1.0793108,True,True,222.22841,12.718,12.591,11.411,8.28
3996169204356323584,164.25532361479142,24.882335119832344,0.18264448419725451,700.0,0.01,8.175524832151716,32.9,4.25764705882353,0.9449644965152517,1.243662,True,True,60.40413,8.975,8.988,8.82,8.106
731982617603542272,166.60715407287688,28.16413964309472,0.08782974074068299,130.50847457627117,0.26010046434689327,10.666755606986069,3.7437931034482763,8.10223880597015,0.743296315630583,1.028161,True,True,260.39886,14.145,13.993,11.687,7.431
691516883146054656,135.46467110671017,25.80193165677021,0.10433686448306764,700.0,0.01,8.557941520970294,31.93235294117647,3.6432885906040275,1.0726909822930413,1.052285,True,True,60.765167,9.179,9.152,8.844,8.122
731191729441148032,161.85001879967177,28.01020744598169,0.04490160540962749,100.0,0.018601616690726987,10.690978140250776,8.48203125,3.5250000000000004,1.0905341415179768,1.1524501,True,True,77.71631,11.33,11.176,11.022,8.431
4007971606982704384,179.76277130595707,28.649567057056007,0.07810304843241307,161.01694915254237,0.0643653407681979,11.050899161512046,4.980275229357798,3.513592233009709,0.9688335864633241,1.0691088,True,True,165.02463,13.044,12.868,11.474,8.43
729827819626534912,163.53218852535431,26.16991382194876,0.19605643791868865,700.0,0.01,8.707291679103218,35.02258064516129,3.606976744186047,1.2042037009846582,1.2270349,True,True,61.674305,9.421,9.369,9.227,8.702
4282690393982064640,283.8120326271318,5.949169578105761,0.1264295043785684,211.864406779661,0.025370325336541884,8.109876770033585,8.042222222222222,4.051119402985075,0.6961975373823641,1.0229532,True,True,279.04333,11.989,12.141,10.409,8.236
4284325333426683264,277.79215018660074,5.224151553605774,0.11887743876616731,171.18644067796612,0.11972993971380404,10.219640096563431,6.4625,4.377822580645161,0.823070020812813,1.0591265,True,True,297.0927,13.695,13.585,11.337,8.269
4478250391097478784,274.003092286294,7.9834215383579155,0.13875591958918787,150.84745762711864,0.029628775900825636,8.868031208854323,5.539285714285715,3.976923076923077,0.7090345106058388,0.9815841,True,True,263.74884,12.381,12.39,11.519,8.412
4285917357532106112,283.7751070033705,7.022623098901486,0.09712027707976575,211.864406779661,0.0643653407681979,9.866907469786229,5.4285000000000005,3.730927835051547,0.9135384402815704,1.0553397,True,True,249.74782,12.951,13.013,10.682,8.331
4282879063304724992,283.5030278165621,6.699171156069816,0.18485086000316844,700.0,0.01,8.743144475152764,28.57105263157895,4.021111111111111,1.3571368640020711,1.1472628,True,True,59.45425,9.145,9.117,9.022,8.509
4283906518264482176,279.1356135487931,5.264281791134961,0.06520552551390549,191.52542372881356,0.0643653407681979,11.873680720918436,10.340000000000002,3.559672131147541,0.947176981707866,0.89275247,True,True,127.975624,13.112,12.985,11.071,8.457
4285273249906144896,280.8192668727027,5.4479382443893805,0.05318273297715871,150.84745762711864,0.021723928448358305,9.31642845999114,5.539285714285715,3.705460750853243,0.8890819607292232,1.0949997,True,True,177.33061,12.171,12.105,11.28,8.527
4282487293566177536,283.98318804407273,5.688850039767785,0.17049910683521308,171.18644067796612,0.05511431323226077,11.463859954638682,5.348275862068966,3.948,1.0454503678716378,0.9469256,True,True,124.20355,12.9,13.225,11.185,8.41
4286249341336984576,282.0747587449577,7.690323894810538,0.1691613185127997,700.0,0.01,12.888088368186866,57.1421052631579,10.74950495049505,1.934369370376729,1.1973784,True,True,7.616547,7.696,7.514,7.339,7.047
4305616482738065536,287.5340502409338,5.918962463906556,0.10296356647562446,181.35593220338984,0.01,6.950839040951849,7.8673913043478265,8.755645161290323,0.7720114242392097,1.0540161,True,True,139.11485,10.138,10.273,9.337,7.179
4305488522766194304,287.4455961132239,5.350619234683485,0.17366474355058786,222.03389830508473,0.011678516340565069,6.199513698087869,7.983088235294118,4.620000000000001,0.46879470713111543,1.1387231,True,True,286.4243,11.008,11.113,9.717,7.681
4307140195391540608,287.0199372615826,7.409472885843177,0.1449464893710318,191.52542372881356,0.10252153289191773,8.806574676176798,7.755,6.349122807017544,0.7850211076177722,1.0563278,True,True,277.67288,12.549,12.853,9.843,7.228
4305855901390698112,286.15119338996004,6.340065444179079,0.11807063775272968,201.6949152542373,0.025370325336541884,7.0962327340394635,5.567692307692308,6.959615384615385,0.6326876372634958,1.086237,True,True,243.13588,11.343,11.591,9.657,7.267
4479998167915827584,277.42542602041124,8.90477622448208,0.04812998132034435,130.50847457627117,0.013638774391684533,6.923033353472273,7.700000000000002,5.12122641509434,1.019272291645972,1.0473263,True,True,259.4437,11.472,11.544,11.031,8.019
4296417689284560896,292.30715716203207,9.20289570692922,0.16389842051838077,201.6949152542373,0.04041001900131407,8.992275287709894,10.857000000000001,3.595033112582782,0.9005564778974974,0.9648032,True,True,266.26614,12.49,12.423,10.632,8.252
4305772132349631360,286.6411655025187,5.995649141225218,0.12095080111961874,181.35593220338984,0.0643653407681979,11.107604497593769,4.377822580645161,4.60042372881356,1.009961426489714,0.95759404,True,True,120.947,12.572,12.745,10.611,7.923
4310194776133286528,284.7822230850114,8.536351138261828,0.16095622993342568,700.0,0.01,8.635374801702516,45.237500000000004,7.983088235294118,1.2487468191767122,1.0137602,True,True,44.57349,8.536,8.511,8.363,7.792
1749828603342680960,313.3072737723841,8.27922716738148,0.15169221716569625,140.67796610169492,0.16329696356865636,10.342447628184669,4.846875000000001,4.7,1.0079689895632018,0.94555724,True,True,293.78125,13.763,13.565,11.646,7.986
4249973772661293312,305.745962114485,7.39261023524442,0.04267789609008033,171.18644067796612,0.01,6.508036326648729,9.047500000000001,3.809473684210527,1.8003335659163793,0.97861093,True,True,298.86987,11.564,11.624,10.737,8.231
4299351843436896384,301.93029030080464,9.188831434508147,0.19974756149381614,140.67796610169492,0.013638774391684533,7.829410014273906,7.700000000000002,4.1125,1.5561345644557623,1.020467,True,True,251.20073,11.535,11.526,11.188,8.327
5223986971445526144,132.17961744449346,-67.95226278163916,0.10915098808279329,506.77966101694915,0.01,11.326617224243542,40.211111111111116,7.700000000000002,1.460712935836678,1.1406981,True,True,34.242176,9.948,9.772,9.258,8.293
5220973484950370688,125.67207416869589,-72.41596516054562,0.19294912250620233,700.0,0.01,11.065752916771604,43.428000000000004,4.4679012345679014,1.3475933441947079,1.2841125,True,True,32.38219,9.679,9.521,9.343,8.996
5260353215452793984,96.01276424992233,-77.25761060075799,0.10203886806810315,140.67796610169492,0.05511431323226077,11.150035006441676,5.775,5.09718309859155,0.8944326124261655,0.93212694,True,True,165.33302,13.354,13.155,12.108,8.713
5267075011069158144,107.07772469461936,-71.3716516049867,0.111196835489373,100.0,0.01,10.371357416591898,27.142500000000002,5.59639175257732,0.943714223205422,1.2104073,True,True,75.79885,11.109,10.936,10.478,8.872
5214553157380979200,111.80136303011636,-74.7065014430627,0.06400289204174442,140.67796610169492,0.025370325336541884,9.21225618175081,4.957534246575343,3.513592233009709,0.8061701482038547,0.96969813,True,True,264.7094,12.799,12.713,12.102,9.05
5283970072399036160,92.73649703903595,-66.72347949381673,0.03444947750457926,120.33898305084746,0.011678516340565069,7.727806889020098,23.1,12.337500000000002,0.6895456211732084,1.0211211,True,True,169.09253,11.021,11.045,10.769,7.932
5213878886171297280,120.39243885813048,-74.96248248427841,0.0900023195297804,140.67796610169492,0.01,7.24395532281956,17.511290322580646,6.275722543352602,0.6866493675453884,1.0395421,True,True,225.85959,11.268,11.307,10.824,8.472
5279510277126931072,94.00935097050704,-69.70405336730838,0.07832134048361891,232.20338983050846,0.03460201435087329,7.712871205400186,20.105555555555558,7.983088235294118,0.7570592143580752,0.99109787,True,True,260.1133,11.691,11.691,9.61,7.517
5261073910964836992,100.13003151116924,-75.60170407788807,0.14042783654949154,150.84745762711864,0.05511431323226077,10.45854704634821,6.540361445783133,3.9336956521739133,1.0379394352423479,0.94972384,True,True,213.25194,13.553,13.386,12.008,8.921
5220561168090638976,130.92571401361351,-72.4697993949467,0.0744138542562537,130.50847457627117,0.03460201435087329,9.655709746909956,6.620121951219512,4.620000000000001,1.0482904763487915,0.9579814,True,True,255.82127,13.006,12.863,12.327,9.029
5208796840348120192,117.09584792763344,-79.58976587682515,0.16457781391606552,669.4915254237288,0.01,10.137221051308188,31.02,5.073364485981309,1.147378303573558,1.2218161,True,True,50.687187,10.034,9.859,9.682,8.643
5266371632872542464,96.28025442080988,-71.3882802105873,0.08406817891763332,140.67796610169492,0.025370325336541884,11.917014522125708,8.48203125,3.7829268292682934,1.0172375232135848,0.99781775,True,True,108.4021,13.006,12.793,12.081,9.265
5208838411334500864,122.911921304762,-79.55054543089412,0.1003630325445875,171.18644067796612,0.04719290672293913,10.176027361987781,10.857000000000001,5.12122641509434,0.9142365748412795,1.0276206,True,True,222.89459,13.055,12.892,11.497,8.611
5223465596774905856,130.44631051652624,-68.90949203686529,0.15186204446440904,191.52542372881356,0.01,6.901223069157133,19.740000000000002,5.073364485981309,0.47986743277963967,1.0449202,True,True,281.1098,11.685,11.718,10.856,8.898
5211883886745079808,90.51489827303652,-79.02177672792696,0.07810574863993237,130.50847457627117,0.0643653407681979,10.848598466976261,3.8913978494623658,3.948,1.0078916295657945,0.9708713,True,True,209.09888,13.637,13.462,12.536,8.947
5221726409897058176,125.7784341529334,-70.94718563919767,0.14738872914477347,567.7966101694915,0.01,10.025441956509676,49.35000000000001,11.42842105263158,1.126355247091066,1.2338613,True,True,42.680786,9.573,9.431,9.075,8.026
5279672974789639936,93.07440641988964,-69.43294506906761,0.08763653168181981,110.16949152542372,0.01,9.35068810074118,13.240243902439024,3.796153846153847,0.7686338687345259,0.9426345,True,True,153.40361,11.887,11.771,11.391,9.331
5282908184679640576,95.2971518543644,-68.06870504500156,0.08430422809813748,161.01694915254237,0.1907066257401213,10.238025927567005,25.85,19.387500000000003,0.9219169136913885,0.99684083,True,True,249.65129,13.407,13.211,10.67,7.273
5272125514654705280,131.62121352344346,-67.0299368816339,0.17704909392188004,130.50847457627117,0.01,9.19819760939039,12.063333333333334,4.4679012345679014,0.8988867039527583,1.0778546,True,True,173.49968,11.669,11.632,11.457,9.111
5262303710423699200,100.1142237549282,-73.48486848837427,0.047827505932017365,150.84745762711864,0.029628775900825636,9.007875413818617,8.225,4.308333333333334,0.7461738733773567,0.9898029,True,True,257.8114,12.641,12.532,11.694,8.722
5209996132656486784,119.07263545942502,-77.59213465947329,0.11874189978937924,140.67796610169492,0.05511431323226077,11.101354877977094,3.948,3.7181506849315076,1.0108927410066253,1.0162227,True,True,199.84718,13.463,13.291,12.495,9.028
5260941282375030528,105.59712194446764,-75.46535288293325,0.18048702781586257,100.0,0.01,5.72089413636886,18.095000000000002,6.915286624203822,0.5721898932900364,1.0326381,True,True,243.9757,10.724,10.779,10.494,8.221
5194450137750883840,115.30039319546091,-83.213381102498,0.09083086508703292,161.01694915254237,0.04719290672293913,10.591019809104733,8.287786259541985,4.761842105263158,1.2926405337584037,1.3818387,True,True,193.88528,13.066,12.875,11.635,8.627
5269049248620153856,110.05679524951957,-67.6041479791653,0.19289960670057835,700.0,0.01,8.390565835140574,40.211111111111116,3.991544117647059,0.7925671562183257,1.184751,True,True,80.49988,9.675,9.669,9.551,9.044
5210928793394179072,99.69866657440328,-79.52941447488278,0.17075371766338174,181.35593220338984,0.021723928448358305,8.48910152381547,12.479310344827589,4.659656652360515,1.6284929612841024,1.0337846,True,True,287.97726,12.256,12.141,11.209,8.731
5271584447557601280,129.35828548235062,-68.27252398703548,0.08580845975831282,140.67796610169492,0.0643653407681979,10.845245013171976,4.208139534883721,3.655555555555556,0.9032791716002551,0.97142637,True,True,254.15356,13.85,13.645,12.692,9.195
5215049556817221248,118.7685588269398,-73.43466738488692,0.17217200341799732,700.0,0.01,8.441783119213035,45.237500000000004,6.915286624203822,1.0274121324839731,1.0768391,True,True,72.537766,9.396,9.397,9.279,8.754
5266105688494760704,96.11515893889828,-71.92049790572425,0.15186325517015992,689.8305084745763,0.01,9.395839695979694,29.343243243243247,3.502258064516129,1.06630875555604,1.1601503,True,True,91.54214,10.639,10.533,10.375,9.422
5265585413333080320,99.04985590058692,-72.55277050689828,0.10667099315964615,140.67796610169492,0.11972993971380404,10.629785255209356,8.287786259541985,8.616666666666667,0.9593342784885432,1.0581621,True,True,229.93387,13.486,13.291,11.799,8.086
5264164157114319232,112.32259324415928,-72.09403227912368,0.1034849164241004,272.8813559322034,0.01,10.834340404046511,20.105555555555558,3.502258064516129,0.9332335147240871,1.0310996,True,True,90.637375,11.699,11.533,10.884,9.372
5265558406578521216,97.96123936412106,-72.90298548087345,0.19639703093255287,100.0,0.01,6.050396902372335,19.387500000000003,4.9350000000000005,0.4350383827150482,0.9403807,True,True,269.39307,11.2,11.246,10.697,8.653
5265846512989538688,91.76915378767109,-73.48909801629756,0.11422544138912338,100.0,0.05511431323226077,12.550196924605363,9.20084745762712,6.701851851851853,1.2512416537874005,1.0138637,True,True,58.663452,12.121,11.918,11.613,8.262
5269100895604660608,111.64205003948706,-67.36022471647804,0.16157487698910916,700.0,0.01,8.451798359689699,30.15833333333334,3.606976744186047,0.9547304674534598,1.1954632,True,True,94.19159,10.045,10.035,9.901,9.062
5270400449628374016,119.1344765752766,-70.07161800444658,0.03688766026340698,130.50847457627117,0.021723928448358305,10.410845194059693,6.871518987341773,3.8228873239436627,0.9089114055563068,1.1236862,True,True,190.96341,12.994,12.824,12.417,9.502
5209933804090818944,115.65462407225296,-78.00197075153784,0.16916801231532996,150.84745762711864,0.025370325336541884,9.98036272788007,15.29154929577465,8.163157894736843,1.389418695975349,1.0977254,True,True,139.47249,11.778,11.594,11.0,8.213
5209891056279959936,113.1996462973724,-78.59874534307554,0.08238378725452415,171.18644067796612,0.03460201435087329,11.448873840193155,12.479310344827589,6.099438202247192,0.9467315281330847,1.0290134,True,True,102.325584,12.54,12.311,11.079,8.448
5211878359123605120,92.65685549162156,-78.89145756477751,0.12062568920363664,120.33898305084746,0.029628775900825636,9.479254276751828,7.238000000000001,5.483333333333333,0.7017487408943655,1.0622123,True,True,193.45633,12.533,12.412,11.867,8.638
5282746934426199296,90.48383648171936,-68.9850092199287,0.09818790462542873,191.52542372881356,0.04041001900131407,11.112992422115795,15.734782608695653,5.90054347826087,0.9656329940485782,1.0132959,True,True,151.58887,12.976,12.835,11.27,8.774
2031056537863493376,300.6667425653996,31.90946615950792,0.09498572379240434,201.6949152542373,0.0643653407681979,9.789951480762248,11.42842105263158,4.761842105263158,0.86763623286657,1.0250477,True,True,247.629,12.922,12.965,10.662,8.261
2034542883086495744,296.9839499967883,31.99160739141564,0.039843065838563965,161.01694915254237,0.029628775900825636,8.23669728576423,12.772941176470589,4.308333333333334,0.7623690267466187,0.97989905,True,True,259.88406,12.216,12.24,10.929,8.061
2035397439800855168,297.9208913022981,34.32009523129189,0.04879825292847711,181.35593220338984,0.1398268057402531,10.999124581617327,9.523684210526316,5.21971153846154,0.9404960963740943,0.9849054,True,True,246.1133,14.018,13.933,11.184,8.278
2034717980315384832,296.9676567120235,32.633743035402624,0.05918549248415759,161.01694915254237,0.05511431323226077,9.479735406977834,7.238000000000001,4.5810126582278485,0.9079291946918651,0.9827951,True,True,281.69836,13.225,13.223,11.55,8.451
2039487043246685440,288.5378353028295,30.778531390188807,0.036932850039783964,150.84745762711864,0.03460201435087329,8.924257876462985,5.21971153846154,4.175769230769231,0.8871579488323851,1.0143878,True,True,271.16974,12.687,12.628,11.637,8.478
2035198879202636800,298.2610921601059,34.04013071708987,0.055733728825175174,201.6949152542373,0.22271704449600335,11.24886407036436,8.287786259541985,4.377822580645161,0.8787994855401503,1.0026323,True,True,268.04517,14.396,14.315,10.719,8.1
2034105552326379136,300.2599606096883,32.50085380334859,0.10412191670779884,201.6949152542373,0.011678516340565069,11.476855146607809,14.476000000000003,4.846875000000001,1.0740461199984856,1.1260155,True,True,48.383198,10.807,10.696,9.839,8.016
2034898089747242112,296.16198658656543,33.03756004346548,0.13046224400526482,181.35593220338984,0.16329696356865636,11.52596899031518,6.239655172413794,4.449590163934427,0.9765635956479054,1.0694574,True,True,235.4197,14.097,13.989,11.375,8.406
2033632654918174080,299.1214620948772,31.68428443246483,0.06384977238953934,161.01694915254237,0.011678516340565069,7.020458208643242,9.123529411764707,4.1125,0.60251878829821,1.0070066,True,True,299.27963,11.819,11.98,11.039,8.502
2033061325539618176,296.15017738525177,31.5243163545766,0.13703866749432064,100.0,0.01,8.36565813615089,15.51,3.976923076923077,0.8371403071228873,0.99897695,True,True,130.83495,10.793,10.807,10.23,8.355
2034295011942918528,298.439125875778,32.59928664114262,0.09150801312460922,181.35593220338984,0.07516916839274382,10.281975494595965,9.27948717948718,4.051119402985075,0.9630666628790097,1.0614018,True,True,199.45857,13.037,13.065,10.774,8.127
2042342337501436544,283.80688977886143,32.29239977543798,0.18364289009901855,700.0,0.01,9.558724304425608,45.237500000000004,4.208139534883721,1.3261632315564036,1.2647386,True,True,39.823547,8.908,8.812,8.672,8.351
2035349542334861056,297.5329593535868,33.732308977913235,0.06052421629677671,211.864406779661,0.10252153289191773,10.88065308107095,8.548818897637796,3.667905405405406,0.9285071776743451,1.0048945,True,True,245.87444,13.903,13.866,11.048,8.708
2046347342974141056,292.3125449175557,33.17113553428695,0.07113818032889616,140.67796610169492,0.07516916839274382,11.963050958133786,3.6311036789297666,3.796153846153847,0.9705041528231985,1.0249786,True,True,129.1098,13.38,13.234,11.925,8.58
2053952974131015296,303.07565882690693,31.22127042568374,0.048894708006575006,191.52542372881356,0.013638774391684533,10.425243545994316,7.539583333333335,3.667905405405406,1.1261151136101923,1.033519,True,True,95.08782,11.54,11.432,10.574,8.474
2045749925898741760,293.79526715918325,33.96691985027038,0.09747819048512855,201.6949152542373,0.22271704449600335,10.22225827511122,23.60217391304348,9.35948275862069,1.3771171162789186,1.1131704,True,True,266.42535,13.545,13.429,9.84,7.343
2048033027427125120,293.77691172154186,34.59009591203699,0.056730879020341636,191.52542372881356,0.0877864361381346,11.431606571243767,9.781081081081082,4.274409448818898,1.0815223700400785,0.9870018,True,True,168.74802,13.41,13.286,11.104,8.499
2059342677067369088,299.11853558032976,34.67570478729528,0.09694639841667757,252.54237288135593,0.01,5.870095867500661,19.387500000000003,6.099438202247192,0.5021611010331043,1.01851,True,True,283.10623,11.217,11.321,9.814,8.003
2058171972073507456,300.97882125765443,33.2167894704454,0.027144162799171905,191.52542372881356,0.03460201435087329,7.915181416118539,16.2044776119403,9.35948275862069,0.6880892297137143,0.9305977,True,True,245.31512,11.822,11.896,10.039,7.541
2054069178768156032,303.63365695513085,31.539029775987075,0.0545972765512851,181.35593220338984,0.07516916839274382,8.072707703838898,10.966666666666667,11.80108695652174,0.746545366373906,1.065996,True,True,274.88672,12.143,12.165,9.806,7.039
2094478464468478848,277.41673236674734,33.83702527142531,0.1906238890142141,700.0,0.01,9.637552310310863,49.35000000000001,4.413414634146342,1.2954758009636977,1.3061407,True,True,39.443127,8.827,8.738,8.608,8.355
2046372837900640384,292.8697576669106,33.49650296337011,0.04236923070292586,140.67796610169492,0.07516916839274382,11.769673464650332,4.679741379310345,3.809473684210527,0.9838897150395318,1.0037599,True,True,137.10753,13.314,13.139,11.954,8.498
1863679978692874240,307.2136808331303,32.67905584192752,0.0571491328905272,201.6949152542373,0.011678516340565069,8.012421689807919,12.624418604651165,3.730927835051547,0.7551984687410974,1.0360659,True,True,224.45964,11.713,11.768,10.678,8.601
1859353125554308224,311.1050049777484,30.99540250177561,0.15085679957349765,110.16949152542372,0.01,6.631500638325572,27.83846153846154,8.972727272727274,0.8438345861540597,0.8639445,True,True,149.68996,10.201,10.257,9.649,7.391
2054114293105124992,304.2607347319521,32.111831963386564,0.19444764566198475,100.0,0.01,5.646447982775308,8.616666666666667,4.679741379310345,0.5275722997682307,0.95753574,True,True,270.6187,10.858,10.945,10.403,8.117
1863728632084136192,307.0937730122121,32.79702718452325,0.1883152193013874,100.0,0.01,5.227286539221321,12.337500000000002,5.805882352941177,0.603383954158156,0.9492411,True,True,288.36005,10.862,10.939,10.468,8.113
2054697476641218816,304.80172730283016,33.23811713599741,0.07838416526401944,211.864406779661,0.11972993971380404,9.734693751167516,5.744444444444445,4.208139534883721,0.8533504853002204,1.0807654,True,True,255.19705,13.192,13.255,9.968,7.638
1861951920066371456,307.31636948711764,31.94062073223564,0.1447692644234515,181.35593220338984,0.10252153289191773,12.872076760513217,11.674193548387098,4.679741379310345,1.1338796046875763,0.9905253,True,True,97.99345,13.499,13.411,10.963,8.375
1863504430478230784,307.9341533237057,32.73955572808984,0.18376589939238047,140.67796610169492,0.11972993971380404,11.318054073720715,3.548039215686275,3.7567474048442913,0.889369199443934,1.0293276,True,True,218.42834,14.221,14.31,12.229,8.67
1864032853202580224,309.37434998280906,33.52175841324378,0.03253343069785672,171.18644067796612,0.03460201435087329,9.896599160060457,7.755,4.051119402985075,0.7626266872304857,1.0151774,True,True,212.46342,12.865,12.748,11.415,8.668
2054224450433002624,305.0477168609832,31.684623196109133,0.16571247118273805,100.0,0.01,7.633945684379915,15.966176470588236,5.2960975609756105,0.7023977252347016,1.0237664,True,True,140.08359,10.356,10.427,10.237,8.43
1862712271017467008,309.9379193780068,32.20413115969367,0.04033162811335796,181.35593220338984,0.029628775900825636,7.718969550217352,12.198876404494383,7.190066225165564,0.6592755917090848,1.029052,True,True,287.88477,12.056,12.114,10.598,7.815
1862237316363990528,306.6096606604759,32.735555298021204,0.06676042882792287,100.0,0.01,5.988238720582393,7.8673913043478265,5.0032258064516135,1.6941271199467,0.9710121,True,True,295.0647,11.363,11.455,11.183,8.466
1862436087440979456,310.3182026172255,31.42001004374649,0.18834426312873376,100.0,0.01,5.9739572619321155,16.2044776119403,3.536482084690554,0.49587208823698375,0.9861302,True,True,284.46887,11.3,11.369,10.78,8.663
2055831833355383040,303.60845070762605,34.809546070842885,0.07431518784719146,191.52542372881356,0.11972993971380404,11.458257798323237,18.71896551724138,13.91923076923077,1.4113763634535887,1.047809,True,True,75.78498,11.575,11.495,8.995,6.395
1863858752413294848,307.64770479423504,33.28179364768335,0.03971524879426702,181.35593220338984,0.025370325336541884,9.455707327297759,10.43942307692308,4.036059479553903,0.8998334710859035,1.044546,True,True,188.84528,12.396,12.308,10.99,8.512
1870485234112429184,309.8235431845759,35.658522705862175,0.14449622453984814,171.18644067796612,0.0643653407681979,9.65884316367157,8.163157894736843,6.915286624203822,0.9806733699741365,1.0018833,True,True,252.87411,12.831,12.772,11.023,8.15
2055629385781060608,302.87389740555926,33.709756731500924,0.1512146189671734,150.84745762711864,0.01,7.333942834316562,13.91923076923077,5.12122641509434,0.5908551684989105,1.0541314,True,True,193.15121,11.176,11.278,10.472,8.322
2055917075553627008,306.3120479160073,33.20070138801511,0.10037753181105777,191.52542372881356,0.11972993971380404,10.245029712280553,9.693750000000001,5.374752475247525,0.8043539261968635,1.0068148,True,True,252.84901,13.753,13.658,10.711,8.117
2056225870829404800,306.43842410263346,34.30291588308354,0.06329411511931625,181.35593220338984,0.01592806495985682,7.878765886665059,7.755,4.241015625,0.6474696201134335,0.97632134,True,True,260.0113,12.036,12.102,10.832,8.432
2057331150588685824,304.5234782589468,35.54419124153217,0.17283211779895688,211.864406779661,0.3037587523063755,11.578131512454682,9.781081081081082,4.679741379310345,0.807086613068353,1.0494435,True,True,242.53549,14.523,14.862,10.381,8.051
2058647648278524928,300.73578335617265,34.85629309064998,0.04576784235074827,150.84745762711864,0.07516916839274382,11.887585132359114,3.705460750853243,6.239655172413794,0.902133852696784,0.9561804,True,True,112.83566,12.841,12.785,11.286,8.132
1870169846074649600,311.21130822141515,34.97893330947618,0.05607708500225593,181.35593220338984,0.07516916839274382,9.686871000182471,10.966666666666667,6.349122807017544,0.8664353272176396,1.0044745,True,True,294.86023,13.361,13.274,11.139,8.306
2059311444064464384,299.81136055913856,34.77823144340125,0.03935246999883496,191.52542372881356,0.01592806495985682,6.174217515203269,13.080722891566266,9.123529411764707,0.55091089973173,0.91335195,True,True,227.69432,10.742,10.828,9.313,6.87
2059412805300204416,300.2056012649546,35.0189003688292,0.11733583273373341,211.864406779661,0.029628775900825636,11.486069793087044,15.51,7.810791366906475,1.059798578792849,1.0647513,True,True,58.656567,11.321,11.218,9.644,7.56
2056471950967984256,308.11275172692814,34.6483411477305,0.1975672431862707,100.0,0.01,5.689988321575054,9.20084745762712,6.828301886792453,0.5688202333970552,0.92359674,True,True,250.56969,10.662,10.779,10.172,7.841
2056749685036363136,307.5632390295306,35.34451128873836,0.06683414742426451,171.18644067796612,0.013638774391684533,6.610277990657881,16.9640625,5.998342541436465,0.5260265391465191,0.9909098,True,True,221.26178,10.992,11.076,9.897,7.36
2056212676679811840,306.3537629955372,34.02888190735421,0.04363362486021633,181.35593220338984,0.04719290672293913,9.77355568756786,4.825333333333334,3.513592233009709,1.6222665273530992,1.1702389,True,True,256.56763,13.18,13.115,11.401,8.674
2055391062323305600,303.86353502825165,33.596201897206655,0.06563873416579703,171.18644067796612,0.07516916839274382,9.44307569809561,5.270388349514564,4.1438931297709924,0.8910778537293689,1.0523726,True,True,274.72467,13.038,13.063,11.048,8.052
2059401397862433792,299.4372531197536,35.41267494054457,0.03629207658392055,171.18644067796612,0.029628775900825636,9.828693508757302,10.540776699029127,4.377822580645161,1.0744728067319724,1.0211352,True,True,146.69736,12.008,11.957,10.789,8.114
1870181906342866304,311.1905886401951,35.025400292210186,0.12123815808483815,171.18644067796612,0.03460201435087329,10.576696447345181,8.225,4.720434782608696,0.9007770310824266,1.0556055,True,True,156.8401,12.464,12.382,11.189,8.522
2054666797697610368,305.4541795813992,33.30977296413425,0.03648082880402125,191.52542372881356,0.04041001900131407,9.540931621744209,15.966176470588236,6.959615384615385,1.0044050971170262,1.0083053,True,True,150.59532,11.844,11.767,10.038,7.485
2054992837261352576,302.7383968574065,32.786127240601274,0.049116132013576626,161.01694915254237,0.021723928448358305,7.977107526242623,9.693750000000001,7.238000000000001,0.7785653656055009,0.9435416,True,True,236.51631,11.786,11.883,10.71,7.908
2056782769164028928,307.7592686798051,35.578502157823074,0.12850110907307866,211.864406779661,0.22271704449600335,13.837604267409407,16.45,6.3122093023255825,1.0614689709535072,1.0453305,True,True,84.47639,13.385,13.203,10.041,7.628
2059605563411760640,298.9858521767453,35.55646810336373,0.0993443619971521,150.84745762711864,0.16329696356865636,12.770448869867128,4.486363636363637,3.809473684210527,0.9391222873325947,0.9922194,True,True,147.10161,14.166,14.261,11.857,8.537
2054157861254058496,303.142834740513,32.13137158315943,0.04978622587442047,222.03389830508473,0.05511431323226077,8.965028595014669,9.440869565217392,4.021111111111111,0.8080998207995489,1.0042914,True,True,261.63647,12.686,12.76,10.353,8.178
2056019609324243584,306.50788686540017,33.884472252350186,0.05037691031697114,171.18644067796612,0.05511431323226077,10.611784615756527,7.592307692307694,6.50119760479042,0.8281512443193393,1.0036883,True,True,140.65445,12.558,12.459,10.708,7.854
2058708739890834688,302.39512587967454,34.31900624937534,0.17949034668589095,161.01694915254237,0.01,5.405610273986783,19.387500000000003,7.645774647887325,1.099347405150425,0.93429416,True,True,155.04485,9.665,9.754,8.748,6.445
2054154562718968064,303.3745300625394,32.08834557469873,0.150026677104259,161.01694915254237,0.04041001900131407,9.160221754167535,6.58,8.042222222222222,0.8447136666406757,1.0333167,True,True,165.64207,11.58,11.575,10.376,7.408
2054601376759954304,304.57215206271206,33.042178128082824,0.050636213638912665,171.18644067796612,0.07516916839274382,9.044050247265222,14.87260273972603,12.063333333333334,0.7755294241621423,1.0097723,True,True,214.77966,12.26,12.222,10.165,7.191
2056309193196632832,305.9066233052106,34.72891961540718,0.041356500784835146,211.864406779661,0.018601616690726987,7.322290085299631,18.095000000000002,7.487586206896553,0.5987146187174276,1.011493,True,True,183.71617,10.904,11.004,9.393,7.292
2054619548756352384,304.4532134276069,33.28009629239135,0.0921951361603565,232.20338983050846,0.1907066257401213,10.938475443840929,10.966666666666667,7.592307692307694,0.8738566823127639,1.0448345,True,True,193.43636,13.545,13.582,9.801,7.658
2058580956024009984,301.0242820112389,34.57466068871753,0.07703516516455665,181.35593220338984,0.3037587523063755,10.42186267680328,8.225,7.983088235294118,0.9044449508982444,0.98019904,True,True,280.10913,13.94,14.02,10.079,7.305
3048057991266260224,109.0305622596257,-9.523671268047464,0.05618864588378744,191.52542372881356,0.0877864361381346,10.449271028854653,6.959615384615385,4.431428571428572,0.8570745550136154,1.0380931,True,True,213.79532,13.226,13.088,10.803,8.189
3053263289773893632,105.8576038687116,-5.754153914682712,0.02977728048698068,140.67796610169492,0.025370325336541884,7.358602134624724,7.700000000000002,5.511167512690355,0.5606500474441131,0.98050886,True,True,298.65155,12.009,12.008,11.146,7.885
3006214083404485504,95.79721895199432,-8.876039364225482,0.14540404574530957,100.0,0.01,8.26494529021698,12.198876404494383,3.502258064516129,0.6505056992627073,1.0326294,True,True,119.11837,10.618,10.608,10.569,8.527
5755429697615123456,128.60007397902453,-5.830723412141742,0.03633205968243033,110.16949152542372,0.04041001900131407,7.858322803334163,4.431428571428572,5.455778894472362,0.7992763538075102,1.0456567,True,True,289.13638,12.241,12.259,11.825,7.965
3020067212654690944,92.2585667032755,-5.61636293157006,0.07465401478043025,171.18644067796612,0.021723928448358305,6.5523270449824444,12.925,6.743478260869566,0.7830279577450846,0.98613524,True,True,269.078,11.4,11.479,10.052,7.226
5754494180723726976,127.796513777554,-8.093209234561487,0.05515468585901953,100.0,0.011678516340565069,9.515196497467109,12.925,3.606976744186047,0.9845726929421705,1.141354,True,True,97.36012,10.859,10.765,10.557,8.454
5753459407137876224,129.3040747843038,-8.826720473869631,0.03809965193134416,140.67796610169492,0.04041001900131407,9.788812192098657,8.416279069767443,5.145497630331755,0.9722204417266226,0.9773445,True,True,157.54193,12.103,11.99,11.083,7.927
3006738997126256640,96.73715383297672,-8.089251727751895,0.06457289983740704,100.0,0.01,6.9483958627610045,11.674193548387098,3.571381578947369,0.8452208521489494,1.0316609,True,True,158.71999,10.367,10.447,10.439,7.906
5754904371575681408,127.93754563185368,-6.966336635762338,0.13592526375428934,100.0,0.01,6.754652683694478,26.48048780487805,7.385714285714287,0.6203113269520574,0.9511421,True,True,140.86914,10.087,10.138,9.663,7.561
3055446198308062464,112.1754586729795,-6.248380831459929,0.027627783754293322,140.67796610169492,0.018601616690726987,9.027669118228983,6.959615384615385,3.730927835051547,0.9541198561223972,1.0577986,True,True,172.94865,11.897,11.789,11.237,8.356
3048013018669135488,109.17549129471396,-9.476493437182151,0.05947713361598774,161.01694915254237,0.04719290672293913,8.741957964375501,9.693750000000001,8.10223880597015,0.7174805039284528,0.9497707,True,True,224.02042,12.079,12.184,10.58,7.507
3007567341698461312,93.54737342477068,-7.569558943899235,0.0906516683035841,130.50847457627117,0.021723928448358305,7.060152869309357,10.966666666666667,8.351538461538462,0.4832931847328487,1.0680164,True,True,244.55054,11.543,11.592,10.846,7.567
3020026973104994560,92.07582266815751,-5.993368929235032,0.11192505735735381,150.84745762711864,0.3037587523063755,11.210557508623886,3.730927835051547,4.912669683257919,0.9377164456015138,1.0633388,True,True,282.50003,14.703,14.593,11.476,8.044
4260202250159282432,280.15360340099323,-1.2627442904692354,0.1302140274338681,171.18644067796612,0.01,7.349041681277188,9.693750000000001,3.7181506849315076,0.666976664388661,0.95134056,True,True,186.46463,10.89,11.051,10.269,8.226
4271999086512821248,277.9695888034424,-1.2924736623611637,0.14366394028966084,232.20338983050846,0.16329696356865636,9.518550435476236,20.48490566037736,7.142763157894738,0.9532780909126577,1.0537924,True,True,295.5908,13.156,13.192,9.632,7.485
4257900044610485632,277.7419320211064,-3.7829162109439904,0.034824622835240696,171.18644067796612,0.011678516340565069,6.157576304819095,21.28823529411765,13.571250000000001,0.7111107096935559,0.9937454,True,True,217.84146,10.648,10.731,9.613,7.051
4270197738572658432,277.6717498049506,-2.414407447263246,0.1573822989543478,161.01694915254237,0.26010046434689327,12.072186154178352,4.761842105263158,5.073364485981309,1.0307516443855311,1.0277075,True,True,186.7843,13.954,14.1,11.095,7.62
4271669061224534400,278.34563175266345,-2.2690401044776958,0.14651312079775333,191.52542372881356,0.07516916839274382,12.44189761131901,12.198876404494383,4.1125,0.9560564362841517,0.97640103,True,True,77.32289,12.618,12.52,10.288,7.82
4257954573513132672,277.63010339819283,-3.5947442872934654,0.15290830552269266,700.0,0.01,9.531154998358332,21.714000000000002,4.208139534883721,1.5493242332769896,1.2869918,True,True,54.92699,9.598,9.529,9.357,8.393
4271759496055564672,277.9817279569376,-1.727415294673191,0.13347460722796234,100.0,0.01,6.261384350656472,3.809473684210527,5.0032258064516135,0.5144624248929406,1.1033009,True,True,179.40169,10.305,10.397,10.0,7.767
4272358691238304768,279.66772907317335,-0.194643153794001,0.06966522674092054,150.84745762711864,0.1398268057402531,7.878057338320894,6.915286624203822,17.511290322580646,0.6302082677479368,1.0029507,True,True,284.26614,12.093,12.232,9.679,6.236
4272229365481986560,279.8466769983554,-1.0487702364473783,0.08089079889856449,191.52542372881356,0.04041001900131407,7.642913588300525,3.7567474048442913,7.385714285714287,0.7861914082003398,1.0610127,True,True,288.20737,11.967,12.115,10.081,7.416
4226794177760200064,312.775664670583,-1.3958228426327168,0.17916701136495286,100.0,0.01,5.581939947872221,9.607964601769913,4.006273062730627,0.5681210832189753,0.89640045,True,True,253.86873,10.724,10.793,10.331,7.999
4234754848113507584,297.03483211397065,-2.174784554387995,0.18838711950830003,110.16949152542372,0.04041001900131407,9.939333981934766,3.655555555555556,3.9194945848375453,0.8224809147558023,1.0235647,True,True,164.18036,11.981,11.887,11.732,8.164
4236026914344919424,300.15913504032665,-1.0996458392800634,0.14554652308372806,100.0,0.01,8.001869725126442,16.2044776119403,4.006273062730627,0.6552903014494452,1.0232224,True,True,118.07916,10.257,10.294,10.227,8.269
4233388911070508032,298.07215144445536,-4.624759147229191,0.1721540167997701,700.0,0.01,8.665483181371542,30.15833333333334,4.1438931297709924,0.8426984355364829,1.0969926,True,True,61.566032,9.319,9.272,9.192,8.356
6917000235563993472,314.9491232581928,-1.881885634715428,0.05746262829277501,140.67796610169492,0.013638774391684533,9.326418746448361,11.80108695652174,5.09718309859155,1.4363579251553165,1.0436705,True,True,118.065674,11.152,11.07,10.619,8.066
2508616768969834880,25.26080784636273,-1.6106061368475713,0.06935084283053998,130.50847457627117,0.029628775900825636,9.241366894024836,8.225,5.684293193717278,0.9422992022526268,1.0155902,True,True,154.56367,11.661,11.573,11.07,7.868
2492866780297999232,33.554613532263986,-3.96280045849318,0.15348472722918047,700.0,0.01,13.667070129714531,43.428000000000004,4.159770114942529,1.6467660587109951,1.3795217,True,True,12.480379,9.29,9.08,8.875,8.365
2493020364033460224,34.370211409657735,-3.138134904354565,0.12076168339472419,150.84745762711864,0.22271704449600335,11.072581106355765,5.805882352941177,5.59639175257732,0.9196609974441371,1.0886956,True,True,270.95825,14.426,14.118,11.586,8.075
2530833535281090432,10.118452849476656,-1.1531668524046397,0.07456081062198096,120.33898305084746,0.01,7.376458430063335,10.340000000000002,4.679741379310345,0.6932699122610738,1.0540203,True,True,187.4559,10.898,10.957,10.773,8.092
2529046657088087168,12.102396994166432,-3.155152396282763,0.04046211225002476,100.0,0.018601616690726987,8.499354928244827,5.567692307692308,4.006273062730627,0.8313524639765717,1.0752289,True,True,159.23943,11.237,11.199,11.197,8.216
2545097156030538624,4.2184644440991805,-1.148056018487885,0.06851132813983345,100.0,0.01,7.343161471618243,14.671621621621624,6.58,0.6926999417057,1.0832343,True,True,120.89577,10.077,10.126,10.138,7.478
2508748293752817664,25.52134385344348,-1.0360641718147316,0.12037466171395853,150.84745762711864,0.0877864361381346,11.09331231328026,3.809473684210527,3.809473684210527,0.8927833998106596,1.0037788,True,True,176.72742,13.486,13.211,11.587,8.273
2505068335709481600,29.44472985112338,-1.814106035352531,0.03741399403002403,181.35593220338984,0.025370325336541884,10.649100574474971,9.960550458715597,3.6432885906040275,1.0044467698590869,1.124929,True,True,123.69185,12.214,12.016,10.986,8.48
2509662610686451200,23.835680909894304,-0.7333565646732328,0.1457647110364863,130.50847457627117,0.04719290672293913,10.72662312628017,8.6856,6.915286624203822,1.234595619260952,1.0382985,True,True,100.26131,11.596,11.46,10.959,7.515
2542964034753750656,9.901535060537991,-0.3289471750854573,0.04035524465092136,130.50847457627117,0.04719290672293913,9.249451085726113,5.348275862068966,4.208139534883721,0.9612171940791769,1.0323331,True,True,190.8566,12.196,12.093,11.365,7.848
2509789638638978176,24.42590694844152,-0.3993941718305585,0.08408783084398255,700.0,0.01,6.098647863012928,47.20434782608696,5.170000000000001,1.6215343241230602,1.2901531,True,True,111.09242,9.243,9.224,8.321,8.003
6507531247703101696,339.02798796971547,-52.6125196337655,0.11166735353431204,100.0,0.029628775900825636,8.919497231116269,4.5810126582278485,3.7697916666666673,0.786072837719027,1.0582026,True,True,192.3646,11.865,11.811,11.941,8.531
6558800100516631552,327.2086370952675,-50.89719341970539,0.05175366589902341,120.33898305084746,0.021723928448358305,7.447979636358523,5.322058823529413,3.9336956521739133,1.2435347555084357,0.9619665,True,True,292.6284,11.932,12.001,11.568,8.303
6462605958506212864,325.38283938509,-52.06525625983728,0.08384648733902664,222.03389830508473,0.021723928448358305,12.400653186284716,17.233333333333334,4.3428,1.8738904342392702,1.0469555,True,True,53.380245,11.44,11.253,10.096,8.159
6463967634938091136,318.26825298918163,-54.67232959167704,0.025618704774343203,120.33898305084746,0.05511431323226077,11.944803841818324,3.667905405405406,3.809473684210527,1.050753176773588,0.98344904,True,True,105.86842,12.846,12.648,12.079,8.514
3075266579018878336,131.12189808876414,0.2964615817648387,0.08116488413692681,110.16949152542372,0.029628775900825636,9.69223051817396,5.12122641509434,3.536482084690554,0.8473953979505462,0.9430298,True,True,145.34915,12.042,11.914,11.545,8.398
3131177874869441792,97.48268293006564,4.226374205207004,0.12229270009922928,171.18644067796612,0.3037587523063755,11.139004903016998,4.291304347826087,5.049767441860466,1.0476091554656344,0.99402404,True,True,288.8636,14.506,14.451,10.951,7.749
3080039799513337216,129.37618554147426,3.56196898899723,0.1588788942323174,700.0,0.01,11.520086737120387,43.428000000000004,4.720434782608696,1.7532905969120989,1.1676997,True,True,18.88122,8.781,8.639,8.464,7.924
3125797041055907840,100.70242504996467,1.012610245329654,0.10958792453246356,171.18644067796612,0.22271704449600335,12.707023958921068,8.042222222222222,4.308333333333334,0.9540675764830384,0.9769701,True,True,139.37119,14.198,13.997,11.033,8.074
3119861907356312576,99.84464164157887,1.0239102329338463,0.15847089647817048,232.20338983050846,0.4142897092206239,11.803634297369186,15.07916666666667,6.099438202247192,1.035327563380189,1.0331113,True,True,281.7879,14.639,14.631,10.055,7.734
3130488794610780544,98.9271432130782,4.358877605329457,0.11990382892482958,201.6949152542373,0.35474515523996636,12.493982050296275,5.837096774193549,5.12122641509434,0.9136480527472702,0.9403357,True,True,109.737785,13.141,12.959,9.103,6.567
3090946886144665472,121.96284046056616,2.645026584818328,0.0727370449789047,130.50847457627117,0.10252153289191773,9.508439722852204,5.270388349514564,7.004516129032258,0.9541246023018805,1.0056678,True,True,239.73865,12.777,12.695,11.406,7.584
3119860777779629824,99.870152695,0.9839747607469032,0.06985843959243485,181.35593220338984,0.11972993971380404,10.47838657395043,8.6856,3.8228873239436627,0.8869247222390749,1.0253186,True,True,258.37,13.722,13.57,10.999,8.205
581389725492181632,132.31734903929765,3.7470989711716567,0.15638211453794204,100.0,0.01,5.895585500745604,6.660736196319019,4.021111111111111,0.586958723417699,1.0501049,True,True,247.14413,10.962,11.037,11.12,8.291
3126937440775374848,99.01916273186188,2.2194605201604967,0.0996015936816585,150.84745762711864,0.16329696356865636,11.060676038486942,3.991544117647059,3.513592233009709,0.8828738015997362,0.89309883,True,True,201.33292,13.801,13.661,11.202,7.819
581385086928227712,131.563911007752,4.110277721466296,0.19719908347547807,700.0,0.011678516340565069,10.874395262568811,36.190000000000005,3.991544117647059,1.7991622082440148,1.1363629,True,True,31.963575,9.146,8.993,8.821,8.121
3131348406547530368,97.59718642774664,4.705412707450637,0.052482891500352756,272.8813559322034,0.018601616690726987,8.020496858088848,17.798360655737707,4.208139534883721,0.675638530379023,1.1886697,True,True,135.52956,10.655,10.661,8.908,7.31
3086509252918615680,113.26226463514844,0.4874146542969331,0.11305502958619401,191.52542372881356,0.0877864361381346,10.20326066138089,6.660736196319019,3.571381578947369,0.9229438598241504,1.0554168,True,True,277.87845,13.505,13.301,11.124,8.386
3131291884778000256,97.43458788812777,4.4904461566593366,0.06065664664528762,211.864406779661,0.16329696356865636,10.071884005886165,6.58,3.7437931034482763,1.0241015620085272,0.99343574,True,True,285.24182,13.66,13.488,10.175,7.703
3120702518351612160,98.97559013107886,1.555301428399447,0.04341843864212313,181.35593220338984,0.05511431323226077,8.66863916713229,12.624418604651165,6.828301886792453,0.9220393458340472,1.1128309,True,True,216.08766,12.005,11.962,9.974,7.23
3125510888858299776,101.51528709176708,0.3245064809466237,0.04866967638385991,222.03389830508473,0.011678516340565069,6.097124342949346,11.309375000000001,6.7856250000000005,0.5358204255259886,1.3689322,True,True,215.38603,10.54,10.627,9.045,7.018
3130289027094105216,97.59256739515668,3.1307688271106677,0.05305102513972486,161.01694915254237,0.013638774391684533,7.53965824127286,8.225,4.3428,0.6501736750071037,0.94562846,True,True,237.09312,11.651,11.687,10.829,8.183
3127099756180129920,100.0940389374483,2.9061382606064847,0.07723710430528596,181.35593220338984,0.16329696356865636,10.493253686329641,9.781081081081082,4.449590163934427,1.0594734374568908,0.97370875,True,True,251.44955,13.81,13.687,10.661,7.964
3316406418343218560,90.33390377956653,3.1524947169718667,0.133177796136343,181.35593220338984,0.0877864361381346,10.827858612427026,6.133898305084747,3.606976744186047,0.9740287840218788,1.0453211,True,True,213.2292,13.32,13.188,11.062,8.321
3119828410906246144,99.5534060384591,0.7641817370977428,0.048602699225167106,201.6949152542373,0.0877864361381346,9.039932791606045,16.2044776119403,10.74950495049505,0.7299667926731471,1.0738977,True,True,179.8365,11.877,11.819,9.135,6.618
3315211038748540928,90.05015383913504,2.32503602537164,0.043337995974167605,171.18644067796612,0.0877864361381346,10.202933418170856,6.660736196319019,4.021111111111111,1.1038583649086162,1.0848962,True,True,179.33073,12.722,12.597,10.466,7.581
3089197528783467136,117.63928825780808,3.2086517214198973,0.16590603296844367,161.01694915254237,0.04719290672293913,10.263183635580388,7.286577181208055,3.606976744186047,0.8104733633550112,0.95817184,True,True,168.46034,12.963,12.776,11.252,8.352
3316566088046992896,90.46368192452832,3.658062749104838,0.025497833012631844,150.84745762711864,0.04041001900131407,8.670760569766376,5.965384615384616,4.291304347826087,0.712623599617467,0.9450985,True,True,278.89767,12.67,12.572,11.375,8.187
3091475510718083584,123.44351417852678,3.354727158549236,0.080001444747968,140.67796610169492,0.04719290672293913,10.968165551889383,5.12122641509434,3.8913978494623658,1.1007406340194514,1.032872,True,True,136.90802,12.599,12.42,11.656,8.351
3130517210114403712,97.82884842341156,4.177566578649906,0.046193980986772604,181.35593220338984,0.013638774391684533,7.771733302993814,7.238000000000001,3.548039215686275,0.7494191937622067,1.0528544,True,True,193.63994,11.214,11.281,10.261,7.828
2142171842904918016,293.7026859839565,56.90049851333499,0.18913764176022285,700.0,0.01,9.429422106887431,43.428000000000004,4.720434782608696,1.1203098341089033,1.245006,True,True,50.71775,9.365,9.262,9.121,8.843
2142645521960592128,289.1761238759613,56.6200160051487,0.10141078238566609,171.18644067796612,0.025370325336541884,11.4310560107225,11.80108695652174,3.705460750853243,1.4853724145742615,0.9288504,True,True,121.97634,12.58,12.461,11.52,9.084
2152693481986456960,270.5714591960265,59.96109672794047,0.024942323400134192,150.84745762711864,0.0877864361381346,11.593802036100275,3.9624087591240875,3.513592233009709,0.9914709363783026,1.0080962,True,True,222.39386,14.182,13.979,12.416,9.084
2142108861504591232,292.73384771644675,56.639201493499215,0.1956979768671046,100.0,0.01,6.303884994291924,14.100000000000001,4.021111111111111,0.4318761058767499,1.0457999,True,True,274.07303,11.381,11.439,11.183,9.063
2159174553276623104,273.0385599233328,62.36243048132062,0.02982088747832185,100.0,0.01,9.716229187531649,15.29154929577465,3.680338983050848,0.8059405978887385,1.0960456,True,True,123.52975,11.57,11.444,11.318,9.323
2158256289268381056,276.89517502970733,61.18777079027085,0.0784102211612965,150.84745762711864,0.03460201435087329,9.594340136645824,9.27948717948718,5.62538860103627,0.8858162013184477,0.92024416,True,True,229.1413,12.719,12.589,11.715,8.687
2142453146082727168,292.18497629129075,57.634927880884455,0.030366521455009256,150.84745762711864,0.07516916839274382,10.716044505374365,4.9350000000000005,3.559672131147541,0.8700059398655428,0.9403966,True,True,287.46442,14.165,13.955,12.433,9.184
2153268423490051072,282.59095701253096,56.974259078025376,0.16134768310777,700.0,0.01,10.297003611875983,43.428000000000004,4.63974358974359,1.2525704948259173,1.231812,True,True,41.55498,9.547,9.394,9.256,8.904
2157057306199691776,280.6900132620282,62.17992209539248,0.19288371143906877,700.0,0.01,8.204249803039678,37.43793103448276,4.081578947368421,1.0523323915359815,1.0457729,True,True,86.339005,9.709,9.718,9.624,8.904
2187922384300339456,304.03517702529206,57.15488619910205,0.09236083223629554,100.0,0.01,10.590213365017732,18.095000000000002,3.948,1.2744655920248522,1.0640366,True,True,74.38054,11.237,11.015,10.662,8.948
2187876548409418368,305.774129055634,57.61933814890887,0.11618024339078831,130.50847457627117,0.011678516340565069,9.33100803014289,12.624418604651165,4.679741379310345,1.1214528203940348,1.0321801,True,True,141.4506,11.433,11.358,11.2,8.658
2160924048074569856,272.0354729285294,63.30128328461993,0.07694809521058617,181.35593220338984,0.025370325336541884,9.434689456608698,11.80108695652174,4.096981132075472,0.8001101196471697,0.9016386,True,True,276.57703,13.236,13.114,11.772,9.268
2160651261816204160,274.46574886790404,62.71385770064538,0.05400603299010478,161.01694915254237,0.0643653407681979,12.102820001376722,7.924817518248175,4.006273062730627,0.9679252048652436,1.0547734,True,True,157.97705,13.716,13.507,12.028,9.134
2189269762780504832,314.40976979262007,56.72058613075918,0.11028217956650187,140.67796610169492,0.1907066257401213,10.973481539982224,5.837096774193549,4.679741379310345,0.9977557752201427,1.0512835,True,True,274.69534,14.413,14.33,12.062,8.415
2193805115106031872,310.31996325063267,60.09241232950764,0.17096394331205553,100.0,0.01,5.923479405368393,16.9640625,5.322058823529413,0.44411152450919117,0.97231114,True,True,269.21628,11.121,11.201,10.702,8.491
2193718872162705792,311.1753369042753,59.63579961108036,0.09899914435616844,150.84745762711864,0.10252153289191773,11.450736750580127,4.5810126582278485,4.980275229357798,1.075408782390839,0.9643837,True,True,197.61188,13.702,13.541,12.026,8.533
2194290480770398720,313.537236221594,61.30437815080183,0.058437504652136464,181.35593220338984,0.11972993971380404,11.326800109298777,5.59639175257732,3.6928571428571435,0.998741245430748,0.97307205,True,True,284.74426,14.584,14.461,11.934,9.009
2194344288120405760,312.7532730022086,61.25103038237404,0.08395488028887677,181.35593220338984,0.10252153289191773,11.439674382144258,8.48203125,4.0662921348314605,1.1598332696243483,1.0836424,True,True,210.9329,14.139,13.958,11.622,8.924
2195597215978892800,313.99993450927275,61.119768210434536,0.13689349258251055,110.16949152542372,0.01,6.688447104780917,13.080722891566266,4.1125,0.6410196241811742,1.0378078,True,True,293.77158,11.628,11.708,11.107,8.81
2234973029472060544,297.516708033796,56.67286713371976,0.1695624256697153,100.0,0.01,9.81117700746911,25.85,4.325498007968128,1.3886712731862,1.1384579,True,True,78.993835,10.631,10.49,10.372,8.887
2158035390511375744,277.6909138779386,60.55912658119867,0.14696254436995992,700.0,0.01,9.969484800965839,36.190000000000005,4.1125,1.4473135227532696,1.0839032,True,True,51.943695,9.907,9.77,9.64,8.969
2196893746347891200,314.0076988352261,63.93142369595559,0.17037175402257326,140.67796610169492,0.029628775900825636,9.43795544666519,5.998342541436465,3.667905405405406,1.0034762615703703,1.0942692,True,True,283.81354,12.946,12.875,12.253,9.148
2234532675066061568,302.2699139172998,57.33615149952271,0.04514548530859142,161.01694915254237,0.029628775900825636,9.425863701562907,8.416279069767443,3.571381578947369,1.0496565997051324,1.143114,True,True,286.69034,13.145,13.066,11.931,9.185
2197111960746746880,312.61612469627903,64.24836239556855,0.07116907725950464,130.50847457627117,0.05511431323226077,11.085999342722051,3.7181506849315076,3.8637010676156582,0.981927843485184,0.9713721,True,True,198.56474,13.704,13.52,12.661,9.103
2241053702438571392,294.7963945354968,62.67552124841165,0.14230821026637167,100.0,0.01,9.570861385044976,21.28823529411765,4.051119402985075,0.9359962503824917,1.1384737,True,True,90.596146,10.919,10.763,10.41,8.841
2239915368596916224,289.0893266264567,61.10084318331547,0.0550458168992916,100.0,0.0877864361381346,8.221710214194928,7.050000000000001,13.571250000000001,0.7072446562637342,0.9769049,True,True,296.92896,12.527,12.515,12.167,7.637
2242102400304584320,292.3466127333819,63.761275024581664,0.15760810260368088,384.7457627118644,0.01,7.76489850366467,22.618750000000002,3.7697916666666673,0.6790627735585854,1.0174934,True,True,178.14642,11.16,11.175,10.349,8.845
2197033276945248384,311.5470276841473,63.86720653583456,0.09871990262023415,130.50847457627117,0.01,7.974850801387545,10.43942307692308,3.7567474048442913,0.7151031994837371,1.0228064,True,True,251.17947,12.014,11.996,11.535,9.174
2244589633046612352,304.8175960070104,64.34515211126526,0.13487979562085373,700.0,0.01,10.465523558338752,35.02258064516129,4.096981132075472,1.4425751079825833,1.3786954,True,True,49.926956,9.983,9.822,9.677,9.024
2237926420784195072,302.28595420397505,61.9988585507244,0.058959459891816765,130.50847457627117,0.10252153289191773,10.184716067230895,4.191891891891892,5.1947368421052635,0.8518053256237521,1.0047133,True,True,297.55057,13.972,13.794,12.498,8.738
2252244737937999616,285.87016733860503,62.32655542124173,0.05431728713089731,161.01694915254237,0.04719290672293913,9.630497869165108,7.592307692307694,3.9336956521739133,0.9367262398117715,1.0417506,True,True,284.17615,13.278,13.07,11.77,8.856
2195998434644062080,314.4523710492408,62.441792903434255,0.10295996403765709,171.18644067796612,0.021723928448358305,8.391609084086003,9.123529411764707,3.5831683168316837,0.6625317256058666,1.0298717,True,True,281.65793,12.633,12.617,11.437,8.765
2196031896730008448,314.31786993991847,62.98932629397586,0.09916738289365898,161.01694915254237,0.10252153289191773,13.474715041768304,5.965384615384616,3.705460750853243,1.0499603386028515,0.9485351,True,True,105.59462,13.939,13.799,11.802,8.881
2239376333021836288,293.451267834909,61.40360512613369,0.15319053271451655,100.0,0.01,6.780042515126508,14.285526315789475,4.308333333333334,0.5719916031466137,1.0129308,True,True,287.88968,11.789,11.847,11.344,9.047
2253481211779065472,280.9091342399476,64.68220675323192,0.0655075589543241,181.35593220338984,0.01,7.050005042470072,18.71896551724138,4.720434782608696,0.7397993692204871,1.0003453,True,True,292.67255,11.757,11.824,10.978,8.789
2252807039354041728,286.67325718277056,63.75437555918148,0.18551527675339363,700.0,0.01,10.580817074295666,41.75769230769232,5.1947368421052635,1.6809666671164747,1.1695855,True,True,41.906403,9.593,9.409,9.259,8.71
5273071850570314240,127.28477014622226,-65.57952365766896,0.08335424049790613,120.33898305084746,0.04719290672293913,10.617378953107426,4.224513618677043,4.036059479553903,1.0031143385872754,0.9893031,True,True,198.1111,13.405,13.162,12.623,9.06
5301374684319121536,131.95975118781482,-61.42392269934879,0.05375769235471589,181.35593220338984,0.1398268057402531,11.972735548410228,8.10223880597015,3.606976744186047,1.0810505347292385,1.053707,True,True,207.52379,14.353,14.21,11.667,8.888
5287787920352406144,114.85167756795651,-63.54486860369349,0.05429468246788355,150.84745762711864,0.025370325336541884,8.75353863447363,8.826829268292684,5.049767441860466,0.7918641053943651,0.9672231,True,True,238.10399,12.274,12.249,11.411,8.468
5285485371204148736,103.14046330725743,-64.27501405380862,0.1071059248564732,130.50847457627117,0.04719290672293913,10.0259430935569,5.145497630331755,3.8913978494623658,1.2048872659280772,1.0551257,True,True,237.36101,13.111,12.95,12.238,8.822
5285904560012620672,106.00297596096384,-63.39686794509457,0.038808416028010696,191.52542372881356,0.03460201435087329,9.526016558820844,11.930769230769233,4.377822580645161,0.8438993484761608,0.9520115,True,True,242.506,12.866,12.725,11.221,8.825
5283555109824435712,99.77748995260168,-66.06107283303754,0.0815542863043784,100.0,0.01,7.094557419804396,16.45,5.21971153846154,0.5596393647177212,0.963211,True,True,255.35109,11.599,11.67,11.31,8.888
5291101573521056000,118.89088980010962,-59.85241126803313,0.03756172333155446,120.33898305084746,0.025370325336541884,9.173640252233918,6.743478260869566,3.730927835051547,0.9093903955056342,1.0507919,True,True,216.15105,12.389,12.34,11.959,8.855
5291443727796866176,123.27863845099364,-58.42372866658855,0.024262971763405482,191.52542372881356,0.013638774391684533,8.715077482283226,18.40169491525424,4.620000000000001,0.8216180201183253,0.9961484,True,True,177.04314,11.635,11.606,10.616,8.483
5293532490649130240,113.24531064648076,-59.35944712292779,0.08810391513111937,161.01694915254237,0.018601616690726987,9.57405518898518,9.123529411764707,4.208139534883721,0.8920755489636394,0.9655112,True,True,210.0157,12.448,12.368,11.726,9.084
5295694920785362944,118.60667424042823,-56.94414763483224,0.14670687907108615,700.0,0.01,8.935404771030175,33.928125,3.548039215686275,1.1371700588847984,1.1030793,True,True,79.03336,9.834,9.819,9.566,8.91
5286787227331114496,105.90247867062914,-62.38422174045014,0.04184572868951888,171.18644067796612,0.01592806495985682,8.495195054890644,9.35948275862069,3.6928571428571435,0.7172473048896392,1.0070866,True,True,281.26843,12.478,12.459,11.538,9.03
5289326167183294336,114.90641564309244,-61.52717354475727,0.03920642624766849,140.67796610169492,0.04041001900131407,9.958758376187046,5.073364485981309,3.502258064516129,0.8776187643159964,1.0116438,True,True,246.11423,13.327,13.164,12.213,9.053
5292651094640712704,112.9907041811108,-60.57866239595579,0.057015510036113985,100.0,0.07516916839274382,11.572984590888597,3.796153846153847,4.360240963855422,1.2159061291775541,1.0208279,True,True,131.79025,12.972,12.8,12.508,8.769
5477281808731975680,96.74273139662802,-63.361718308458734,0.046472310396281614,110.16949152542372,0.04719290672293913,10.889244644641629,6.828301886792453,5.744444444444445,0.9812087532271548,0.9591378,True,True,144.9854,12.863,12.685,12.248,8.779
5481232903765846272,90.03918907749579,-62.282718758422725,0.1861103104953294,100.0,0.01,7.431092849885652,21.28823529411765,3.7437931034482763,0.6026289255049757,1.0402517,True,True,214.01215,11.301,11.367,10.879,9.232
5292961083903829888,109.61613876493011,-61.16282107698806,0.0588481012370705,150.84745762711864,0.16329696356865636,10.88807348287818,8.6856,7.190066225165564,0.9103628207187232,1.0595138,True,True,285.86047,14.285,14.037,11.853,8.344
5480920573744676608,91.36289786499968,-62.91830293798893,0.12639126513612334,100.0,0.0877864361381346,10.678733211299901,5.6546875000000005,7.539583333333335,0.8638552083909429,0.98243076,True,True,162.75793,13.113,12.939,12.442,8.531
5476628557091779840,94.242180903983,-64.7590525026817,0.1005251271695413,150.84745762711864,0.11972993971380404,11.576457358099697,4.486363636363637,3.850000000000001,0.9239675694969781,1.028331,True,True,296.77173,14.773,14.549,12.76,9.313
5294790744270831744,121.748307226719,-57.36090126195956,0.12474797239876063,344.06779661016947,0.01,5.961763615210257,24.675000000000004,5.90054347826087,1.158447765025175,1.033983,True,True,279.94562,11.13,11.167,9.925,8.345
5480341199835945088,103.37516369174092,-60.058707932349,0.07619136628956569,150.84745762711864,0.01,10.471728840215958,16.703076923076924,3.7697916666666673,1.1303030434766566,0.9768307,True,True,91.66008,11.504,11.367,10.847,8.91
5495289335292808320,95.29527139504076,-57.518266361689705,0.05688890002952115,140.67796610169492,0.04041001900131407,12.95060468694829,10.052777777777779,6.204000000000001,0.9811553604952126,0.9741067,True,True,68.841934,12.467,12.246,11.56,8.559
5484078611656839680,102.81096791922026,-57.22323334112949,0.0865682737621258,120.33898305084746,0.025370325336541884,9.52823457814721,5.805882352941177,3.8637010676156582,0.8575306986639891,1.0207461,True,True,218.2268,12.808,12.647,12.24,9.151
5495301120683061376,95.8613952481634,-57.223006596915,0.15276924402327657,700.0,0.01,8.520228103773082,38.775000000000006,4.208139534883721,0.9881826396718744,1.2851503,True,True,77.94748,9.728,9.688,9.478,8.985
5486917928637486336,107.62902545750842,-57.01541795864274,0.19213800053706176,100.0,0.01,7.723231029476706,19.740000000000002,3.7181506849315076,0.561955446769133,1.0945181,True,True,166.96898,10.958,10.985,10.575,8.976
5496034628081146112,92.33684282586287,-56.57593080108605,0.06785731880798572,120.33898305084746,0.1398268057402531,13.187380864300295,4.096981132075472,4.761842105263158,1.0466808885213794,1.12273,True,True,121.62096,14.059,13.85,12.722,8.731
2204640527329149952,333.3531315583722,61.58510320720082,0.18090779450858102,222.03389830508473,0.0877864361381346,8.544229586241025,11.19278350515464,8.548818897637796,1.0092545994832418,0.9911642,True,True,217.80211,11.674,11.692,8.985,6.763
2209145050360354432,351.17031039792965,64.64033046475664,0.17885508484725998,171.18644067796612,0.0877864361381346,10.860524746551597,5.9327868852459025,3.9624087591240875,0.9705489607897899,1.0264792,True,True,261.39667,13.839,13.578,11.814,8.903
2206430119932071936,336.48485612987554,64.81883032574869,0.1084031153091751,211.864406779661,0.11972993971380404,11.399914195392025,23.1,17.798360655737707,0.951262369149755,1.0776652,True,True,98.23023,12.419,12.252,9.446,7.118
2015504564339161472,353.6051439315006,61.397345269550485,0.19659268421325804,201.6949152542373,0.4142897092206239,12.85752750844688,12.337500000000002,5.244927536231885,0.8375920648545465,1.0309999,True,True,218.74065,15.247,15.371,10.585,8.171
2010446394230267776,350.26020688170894,58.508378419746535,0.19119055169881474,181.35593220338984,0.26010046434689327,12.812174917843235,7.335810810810812,12.337500000000002,1.2087624369187595,1.200098,True,True,135.80852,13.685,13.533,10.416,7.386
2202927178977881856,330.00365801794976,59.946760140260494,0.0680214984457457,100.0,0.01,7.354305054576669,11.930769230769233,3.991544117647059,0.8889350954249978,0.9597445,True,True,194.50053,11.015,11.112,10.814,8.574
2010423613722855296,348.54507277304583,58.565137838159785,0.10804113657314077,242.3728813559322,0.1907066257401213,10.986958646147443,13.91923076923077,5.170000000000001,0.9195347577454099,0.9643857,True,True,245.78064,13.81,13.724,10.218,8.195
2207617936089454720,346.0426664102844,62.97711414223459,0.050064400429520726,100.0,0.0643653407681979,10.639562116032,3.6928571428571435,4.980275229357798,1.0985932932427573,1.0087166,True,True,151.60432,12.638,12.526,12.233,8.545
2015341630458824320,350.0213235403481,63.1476156060081,0.1353843685876289,100.0,0.01,6.739413855151266,10.857000000000001,3.6311036789297666,0.520742109766783,1.102595,True,True,276.62946,11.503,11.581,11.024,8.828
2013226994725430784,344.9614303380091,58.54036263903588,0.1859467411208818,161.01694915254237,0.16329696356865636,10.152255395289828,8.48203125,7.700000000000002,0.9602074215687071,1.0165758,True,True,288.97623,13.474,13.39,10.943,7.747
2178042860012214656,322.8391876332547,57.099258111603305,0.15937915572326636,232.20338983050846,0.35474515523996636,12.810904527595733,8.10223880597015,3.796153846153847,0.9696183999304473,1.0533814,True,True,217.49591,14.878,14.987,10.399,8.282
2221164155560328576,322.9880259914977,66.33511272393055,0.19327490285750476,201.6949152542373,0.3037587523063755,11.948175052034408,12.772941176470589,3.948,0.7146935083384736,0.9438337,True,True,296.63855,15.339,15.232,11.224,8.754
2206319103618253440,336.3957907091053,64.6010544481326,0.07147808094838737,222.03389830508473,0.013638774391684533,6.2149882819733815,8.616666666666667,5.62538860103627,0.45051429536183796,1.0085667,True,True,275.06564,11.346,11.432,9.633,7.587
2207456891992880768,346.7873954209609,63.14185702641437,0.06506807371289448,211.864406779661,0.029628775900825636,8.877176952595768,10.24245283018868,4.1438931297709924,0.8879175846960308,1.0046753,True,True,252.19357,12.435,12.374,10.776,8.602
2011174824983889152,352.736001393597,58.638511486020285,0.044726344447378365,140.67796610169492,0.04719290672293913,10.613542842641357,3.7697916666666673,4.659656652360515,0.8971438842282635,0.96760774,True,True,189.37386,13.092,12.954,11.991,8.812
2179347567998875904,324.4571997385852,58.61469063064087,0.06422256034249456,171.18644067796612,0.04041001900131407,9.658256966636493,5.868648648648649,4.4679012345679014,1.1618180536830525,0.9513372,True,True,167.59444,12.234,12.205,10.623,7.965
2013416827975945984,343.4578571055055,58.71047937127767,0.07910864416478874,171.18644067796612,0.1398268057402531,12.22028635248193,7.286577181208055,4.486363636363637,0.8862989427231921,1.0232491,True,True,151.29582,13.825,13.818,11.333,8.352
2011717915009527680,356.5541843030451,60.14669066790282,0.13715048289130197,150.84745762711864,0.01,6.753947110468655,13.91923076923077,5.270388349514564,0.9586961777728209,1.0364325,True,True,234.68697,11.147,11.243,10.516,8.285
2207863161545155072,348.83491590997954,64.5357885772388,0.06613736245434998,150.84745762711864,0.011678516340565069,7.041361682032907,9.047500000000001,5.455778894472362,0.6433860133541184,1.0116886,True,True,298.36664,11.74,11.835,11.194,8.406
2207478332472925952,348.5023758726829,63.03465889103216,0.07577281359004923,140.67796610169492,0.01,7.7243829236113095,6.871518987341773,4.051119402985075,0.6200282140855957,1.0350318,True,True,220.28606,11.376,11.451,11.012,8.5
2206558075598780800,333.98435066022387,64.78022973011926,0.08118596423639272,161.01694915254237,0.018601616690726987,10.564567848717186,15.29154929577465,5.62538860103627,0.9021801718792911,1.0867411,True,True,110.040215,12.053,11.905,11.032,8.527
2010629776455211264,348.3477868698861,58.82331263943292,0.08067629412012543,211.864406779661,0.04719290672293913,9.149885037122335,4.096981132075472,9.781081081081082,1.7791548230310879,0.99207735,True,True,169.53009,11.748,11.65,9.662,7.324
2007444319479312000,341.9917758052646,58.5252407204192,0.09853670737751226,191.52542372881356,0.0643653407681979,9.649842692008502,11.674193548387098,4.720434782608696,0.9717987718712008,1.0137085,True,True,225.50546,12.697,12.561,10.583,7.962
2218920194067121920,333.5904918661002,66.31018457262894,0.10826123556245376,171.18644067796612,0.0877864361381346,10.642953615316355,14.476000000000003,5.9327868852459025,0.9978611266485896,0.94028014,True,True,224.6432,13.426,13.317,11.299,8.294
2202392438366793984,327.69409942891355,58.583318290647824,0.10557631608173301,191.52542372881356,0.04041001900131407,10.013440890106974,15.734782608695653,7.436301369863015,1.1309379385664773,1.0392218,True,True,145.58493,11.974,11.878,10.332,7.867
2009945536627173504,346.15872165159874,57.20295931679425,0.0245444591010936,171.18644067796612,0.05511431323226077,8.674417962702027,6.660736196319019,7.050000000000001,0.7467619448821281,0.97977525,True,True,274.86194,12.558,12.524,10.719,7.821
2178915013251981568,320.38697361040806,57.15907242694781,0.11424532568109488,150.84745762711864,0.01,6.588137605972349,12.624418604651165,4.096981132075472,0.6515609339134152,0.8934282,True,True,297.10727,11.554,11.638,10.908,8.615
2008159311277750016,340.7193486975725,58.47430239986433,0.050811527671385776,171.18644067796612,0.01592806495985682,8.433148851371316,14.87260273972603,5.483333333333333,0.7423378474540968,1.0602828,True,True,188.16586,11.673,11.661,10.706,8.203
2010421345981573760,348.75292090160247,58.55937542522943,0.04888136208017732,181.35593220338984,0.35474515523996636,12.47155390326406,15.29154929577465,11.80108695652174,0.9446001581634352,1.0551589,True,True,149.37758,13.973,13.896,9.999,7.135
2206356207835495680,337.2244818868801,64.5706452078178,0.15825631723173098,181.35593220338984,0.025370325336541884,10.018966383898913,4.274409448818898,3.7697916666666673,0.9194397465376485,0.9732504,True,True,138.02785,12.288,12.167,10.826,8.326
2196189676654624128,317.8808970418238,63.1783329966712,0.06119694341198761,171.18644067796612,0.10252153289191773,10.913265102141036,11.309375000000001,6.7856250000000005,0.9636191726807027,1.015946,True,True,215.59882,13.741,13.599,11.368,8.436
2220395459496329216,320.42005053423725,64.6493271279551,0.17621005804712234,211.864406779661,0.22271704449600335,12.114672603921164,9.870000000000001,5.145497630331755,0.8739742697312555,1.0082133,True,True,237.8217,14.5,14.282,10.983,8.581
2009703502328201600,350.98460292085645,58.44883427087888,0.13535805213743557,201.6949152542373,0.22271704449600335,10.914761812392085,16.703076923076924,10.052777777777779,0.8855295228240638,0.967457,True,True,219.68097,13.956,13.753,10.178,7.694
2202390376782457984,327.4720896127424,58.6000922677871,0.19975002607275139,181.35593220338984,0.021723928448358305,8.650624655917499,7.487586206896553,5.539285714285715,0.8974758551692232,1.0566376,True,True,222.72218,11.789,11.721,10.802,8.216
2010426396863149696,348.9812086349186,58.58958740430558,0.10988413099937784,171.18644067796612,0.10252153289191773,10.613379865179933,6.915286624203822,5.868648648648649,1.8057796638304793,0.99974287,True,True,160.42514,12.665,12.507,10.358,7.503
2011395929902669312,355.2434309693729,60.03231310037012,0.08496802922728193,171.18644067796612,0.025370325336541884,9.42668718528591,8.48203125,3.8775,0.993172792208889,1.0228423,True,True,221.19289,12.5,12.442,11.399,8.703
2205052844185558528,335.25053697097724,63.131680792517,0.07508575898318347,191.52542372881356,0.22271704449600335,10.514149636234016,5.539285714285715,5.805882352941177,0.8326661632646206,1.006561,True,True,180.55074,13.004,12.866,9.452,6.806
2016704475118530944,352.9261524213805,63.287614486878766,0.08646516822850944,211.864406779661,0.025370325336541884,6.773347719260469,6.50119760479042,5.684293193717278,0.507494403584925,0.9967929,True,True,290.55353,11.68,11.771,9.795,7.542
2010610122684361344,347.9978458570666,58.80940105984918,0.07306644219491397,222.03389830508473,0.3037587523063755,10.608815120016487,14.100000000000001,5.374752475247525,0.8298067580495898,0.9882988,True,True,270.59027,13.984,13.934,9.574,7.265
2014721329799061248,345.8728605498042,61.34411756503569,0.043299999500081024,181.35593220338984,0.26010046434689327,11.309513433114601,9.523684210526316,15.966176470588236,1.0482068423946302,1.0007068,True,True,170.98189,13.524,13.393,9.845,6.981
2208816644281924480,345.1917790307727,64.92550811872243,0.03926550354998704,161.01694915254237,0.018601616690726987,8.861288474590054,6.204000000000001,3.8637010676156582,0.7031665613173199,0.96734595,True,True,247.53072,12.533,12.524,11.626,8.924
2207445312761176320,347.51844946111623,63.11790062271451,0.09176214308147046,201.6949152542373,0.0643653407681979,9.693503748563575,8.10223880597015,3.8637010676156582,0.9044131672710948,0.9776343,True,True,284.60364,13.157,13.06,10.974,8.588
2208841829969581824,345.63511615149935,65.11572362201987,0.14109457320865906,181.35593220338984,0.22271704449600335,11.604876217623296,30.15833333333334,17.233333333333334,1.2539747126063596,1.0213245,True,True,146.19885,13.053,12.959,9.865,6.899
2010626821517966464,349.06935702510606,58.98769803052148,0.06836889549839027,150.84745762711864,0.07516916839274382,10.872344259532575,4.761842105263158,4.449590163934427,1.0239271716388014,0.99947965,True,True,173.1442,13.065,12.937,11.489,8.23
2207504785172561152,349.11338297398635,63.2348684948523,0.07575163976726705,171.18644067796612,0.35474515523996636,12.451087372850697,9.781081081081082,10.340000000000002,1.0277906739340847,1.053003,True,True,170.35329,14.311,14.23,10.593,7.587
2009969451005259136,346.30186953333435,57.468979142835614,0.11105003297573007,181.35593220338984,0.03460201435087329,9.105633234817441,11.80108695652174,7.645774647887325,1.00269584363713,1.0962086,True,True,196.08463,11.93,11.937,10.478,7.807
2218228803113259776,333.0628735429014,65.14524845104093,0.14611264068631732,201.6949152542373,0.26010046434689327,10.469907059690097,22.15714285714286,13.571250000000001,1.026815904461482,0.95903885,True,True,293.6957,13.878,13.696,10.115,7.464
2179143368072873472,320.7059024875992,58.4558831219957,0.19425344991184054,161.01694915254237,0.0877864361381346,11.333331197399511,9.047500000000001,5.401492537313433,1.0002971509832521,1.033009,True,True,153.8632,13.502,13.344,11.381,8.317
2013295263219643904,346.7148605796173,58.8379458814138,0.07639252896608502,191.52542372881356,0.1398268057402531,10.65188591205288,5.62538860103627,5.483333333333333,0.8891035932880298,1.0193133,True,True,236.18658,13.628,13.541,10.65,8.08
2191173743265775488,320.26752289293336,58.75479026287352,0.068856039866215,181.35593220338984,0.0877864361381346,12.877386703178857,6.275722543352602,4.825333333333334,0.8964548655876005,0.96492356,True,True,102.73515,13.433,13.245,11.241,8.444
2206532374515511168,335.7081871661949,64.96200666583314,0.07700164505695704,150.84745762711864,0.05511431323226077,10.102670787167817,5.71421052631579,4.60042372881356,0.9969796825443615,1.05517,True,True,246.6779,13.311,13.141,12.01,8.754
2203557577091183104,327.45515519939244,60.31888269529879,0.08722297439579112,161.01694915254237,0.04041001900131407,10.534640070844402,6.239655172413794,3.5250000000000004,1.108134558266834,0.9777894,True,True,204.78917,13.094,13.0,11.886,8.883
2178863233129791616,322.2164597187687,57.47034480336704,0.03689848382124164,181.35593220338984,0.0877864361381346,8.275031513096417,12.624418604651165,16.2044776119403,0.8856449515480841,1.0244794,True,True,248.70476,12.071,12.073,9.56,6.777
2013984489510167040,347.2651141557245,60.204336310226864,0.09951832208442558,242.3728813559322,0.01,7.493536309677268,10.644117647058826,4.957534246575343,0.7329125464325277,0.99493295,True,True,191.7544,11.104,11.15,10.15,8.414
2015539542553523072,354.6328348656892,61.73678263414964,0.037572295875211464,181.35593220338984,0.05511431323226077,10.131921081164148,11.674193548387098,6.58,0.9239836093934725,1.0309179,True,True,196.65083,12.904,12.783,11.009,8.203
2206340711594598784,336.03842444525026,64.85901601613956,0.16757235044548838,191.52542372881356,0.07516916839274382,10.289417791915008,11.309375000000001,6.915286624203822,1.0089104422019086,1.0109576,True,True,227.22151,13.053,12.957,10.921,8.24
2202439266384157824,329.5514968170055,58.747834248363695,0.12145272174919466,201.6949152542373,0.10252153289191773,11.866209176041009,9.960550458715597,3.8363957597173153,1.9938354104418616,1.3615352,True,True,207.16127,14.053,13.96,11.463,8.974
2009986802674006528,347.17092570021293,57.64492348646552,0.14244169240028123,161.01694915254237,0.11972993971380404,11.737584613256242,5.59639175257732,4.1438931297709924,1.0915340215596514,1.0441887,True,True,181.81013,13.674,13.566,11.654,8.307
2193014531885295360,319.0505007933709,61.83093189053613,0.09804758225899299,222.03389830508473,0.05511431323226077,10.495771319170132,17.233333333333334,5.483333333333333,0.8511689611196936,1.0800334,True,True,174.23682,13.025,12.885,10.587,8.492
2208210396761663232,341.9443065889108,63.31064070583088,0.04718373699495496,191.52542372881356,0.22271704449600335,12.90238079539931,16.703076923076924,11.309375000000001,1.0750496528453457,0.98493123,True,True,126.626686,13.819,13.701,10.523,7.832
2010598852690408960,347.3088507701989,58.50435816735123,0.027242929045103406,201.6949152542373,0.01592806495985682,7.634658863521292,13.403703703703705,5.244927536231885,0.7360374698542782,1.022316,True,True,248.99007,11.719,11.768,10.433,8.23
2209320770364325248,349.7652460983659,64.58914886961814,0.03528403886659601,161.01694915254237,0.05511431323226077,10.565858197719148,6.540361445783133,4.8686098654708525,0.9488509120461669,1.0893338,True,True,198.22214,13.205,13.048,11.524,8.561
2218216609704716288,332.39041789308834,64.80144039649784,0.09421809866990133,181.35593220338984,0.018601616690726987,8.611676090846458,14.476000000000003,5.21971153846154,0.7601620479483143,0.9693607,True,True,223.98358,11.942,11.912,10.954,8.514
2015025830100621824,349.020875189356,62.03953826433347,0.1828451742353316,293.22033898305085,0.0877864361381346,9.683842178386108,7.810791366906475,4.60042372881356,1.054155240076939,0.948705,True,True,251.92262,12.767,12.713,10.013,8.287
2009989787670418944,347.3590370338861,57.75842201561869,0.052118180710334805,161.01694915254237,0.01,11.775796881666157,15.51,3.7829268292682934,1.8277774511376583,1.1264529,True,True,55.488045,11.194,11.032,10.568,8.621
2207438883192832640,346.78005578109014,62.96409085889173,0.09947706650929859,211.864406779661,0.3037587523063755,12.0271248313644,11.19278350515464,4.449590163934427,0.8761200558073973,1.0321339,True,True,261.51285,14.987,15.016,10.767,8.426
1998793529483860608,352.958312933428,57.14876162952947,0.07581322873841413,140.67796610169492,0.10252153289191773,11.082182370348903,5.744444444444445,4.825333333333334,0.9226126637694411,0.9892208,True,True,204.38185,13.683,13.574,12.045,8.537
2009400453734439424,350.0542783530656,57.37700345981008,0.05213579729369764,161.01694915254237,0.025370325336541884,8.56239922708727,8.899180327868853,4.60042372881356,0.6962717265466354,1.0130548,True,True,249.1661,12.384,12.35,11.222,8.489
2208857498010223360,345.39245710708013,65.17755991957434,0.10100365636410989,171.18644067796612,0.10252153289191773,10.04481971576368,20.48490566037736,11.674193548387098,1.002971311986825,0.962035,True,True,216.26222,12.925,12.796,10.652,7.701
2204708933262222208,335.4909593019975,61.93237195925354,0.1269948279542389,171.18644067796612,0.11972993971380404,10.83206313151239,5.837096774193549,4.377822580645161,1.0270770610590467,1.0148231,True,True,256.87366,14.184,14.172,11.5,8.594
2191121275951136000,319.3227009747282,58.543761257670425,0.15399611991699758,130.50847457627117,0.01,5.505367373247774,11.19278350515464,10.644117647058826,0.4611788813030715,1.0046276,True,True,276.6057,10.66,10.701,10.29,7.274
2008243183390915456,342.20281378866184,58.99833856204353,0.10998625390361218,161.01694915254237,0.01,7.233475554668791,16.2044776119403,5.4285000000000005,0.4714560026233061,0.9755724,True,True,186.52957,10.996,11.056,10.287,8.077
2014802904117468416,346.5911625059377,60.60913721957965,0.0354741979371334,201.6949152542373,0.05511431323226077,7.745023189239118,10.24245283018868,5.775,0.8537874106362083,1.0443584,True,True,257.12906,11.827,11.882,9.523,7.033
2206509044252649600,334.5747195921021,64.62594652924876,0.1483931207658292,100.0,0.01,6.127022907036561,15.51,5.401492537313433,0.4322301046598665,0.91041726,True,True,250.45172,10.976,11.06,10.711,8.465
2192298371860688000,318.4656689663412,60.27176838258951,0.05598373100710392,181.35593220338984,0.01,6.837315093328591,16.2044776119403,5.374752475247525,0.48726620556410954,1.0103846,True,True,260.97168,11.433,11.509,10.461,8.124
2206589446040277248,334.87568076465845,65.06593375438092,0.06388188054949726,171.18644067796612,0.16329696356865636,11.225405611638285,10.540776699029127,6.871518987341773,0.9825228979068955,0.9530989,True,True,256.15408,14.326,14.2,11.386,8.351
2193031883553257728,318.9260758008944,62.04765497456805,0.04786536577632594,130.50847457627117,0.013638774391684533,8.055113953945884,7.592307692307694,3.6190000000000007,0.7475958949151849,1.0684751,True,True,295.35764,12.269,12.322,11.879,8.995
2201934045089266432,338.9515800015235,62.050697986408544,0.052795785000434005,161.01694915254237,0.1398268057402531,10.509265421691175,5.684293193717278,5.775,0.9004253863535777,1.0466337,True,True,287.7268,13.982,13.785,11.483,8.272
2195731047160285568,315.71015841575667,61.98703609749269,0.06250469852124245,211.864406779661,0.029628775900825636,11.83251050322352,19.387500000000003,5.073364485981309,1.0428714544588604,1.1153954,True,True,86.925,12.385,12.235,10.632,8.573
2012371883913105920,352.26744790130715,60.55868696184337,0.05645064438843311,222.03389830508473,0.1398268057402531,10.693532139801608,8.899180327868853,6.204000000000001,0.9819170851070442,0.99450916,True,True,186.05107,13.184,13.085,9.798,7.536
2178407416844403200,323.75612249971635,57.124635428848926,0.04179131393354159,120.33898305084746,0.029628775900825636,9.513128230343199,9.523684210526316,8.616666666666667,1.0842944160505517,0.9926536,True,True,118.07848,11.288,11.202,10.814,7.607
2196304850492144896,317.86829748144334,63.58063150602841,0.17954234558473975,181.35593220338984,0.1907066257401213,13.636510070149399,7.592307692307694,4.096981132075472,0.8697574473442986,1.0396252,True,True,154.81213,14.869,14.685,11.696,8.869
2014998376670265216,349.67034143037466,62.000473746976176,0.08234868022398849,201.6949152542373,0.0877864361381346,9.918341905542508,20.105555555555558,9.960550458715597,1.0831110928660124,1.0171704,True,True,188.53432,12.526,12.341,9.912,7.492
2007922813194430336,337.5983980199014,57.778467329317536,0.1560443886222194,171.18644067796612,0.0877864361381346,10.85272960766014,6.349122807017544,3.5831683168316837,0.90707785850474,1.0172923,True,True,227.88098,13.922,13.805,11.629,8.732
2205511065652389248,338.0843881956333,63.8178523467402,0.030704280113702322,161.01694915254237,0.01592806495985682,7.813179939052942,19.04736842105263,12.479310344827589,1.083560059819533,1.0111927,True,True,189.53168,11.25,11.295,10.399,7.672
2201442597754134528,333.9326277065366,60.111702897925,0.08925032822734377,161.01694915254237,0.1907066257401213,11.064164986417829,6.828301886792453,3.5831683168316837,0.87488110193563,1.0087504,True,True,233.52028,14.114,14.0,11.174,8.044
2209169278276544384,353.34259822893927,64.61431572667931,0.06608266265517072,150.84745762711864,0.05511431323226077,9.996455585148656,5.348275862068966,4.413414634146342,0.8955275131217356,1.0299572,True,True,265.81708,13.362,13.317,11.96,8.781
2178230979581405824,326.6816473982704,57.13425963115146,0.10041181970137103,161.01694915254237,0.04719290672293913,9.433155187948824,6.065363128491621,6.50119760479042,0.8100127839515887,1.0262082,True,True,200.81926,12.321,12.233,10.995,7.827
2178048288856459008,323.20447969546694,57.22993788900683,0.058864743681079815,181.35593220338984,0.10252153289191773,9.61762108155184,7.700000000000002,7.755,1.0392756591593684,0.99588907,True,True,171.1952,12.178,12.052,9.565,6.717
2011244747051224320,352.5613688680971,58.99005104597359,0.09423825036521867,211.864406779661,0.01,8.714022202801445,23.60217391304348,7.286577181208055,1.0189301234226524,1.0171441,True,True,117.67011,10.677,10.654,9.935,8.134
2205319677608959872,338.4042600458106,63.70698693285624,0.1235879947498994,201.6949152542373,0.0643653407681979,11.20040226525221,11.55,3.705460750853243,0.8915131601360584,1.0062245,True,True,201.4274,13.54,13.369,11.326,8.906
2202281181531708800,327.1896166533834,57.75192554091022,0.10066408107509457,171.18644067796612,0.10252153289191773,9.319691840862497,27.142500000000002,17.511290322580646,1.1297083169800848,0.9941302,True,True,171.43095,11.846,11.803,9.5,6.619
2016189285210084992,358.86728844567835,63.76607250273961,0.12339652590553492,201.6949152542373,0.10252153289191773,10.007733316044064,10.340000000000002,6.701851851851853,0.857811829413882,1.0091349,True,True,295.19727,13.486,13.459,10.775,8.281
2208859387795811584,345.5452738171964,65.29283859085261,0.050495567547525745,181.35593220338984,0.013638774391684533,8.688625802779512,16.703076923076924,5.145497630331755,0.8098223591561332,1.1088034,True,True,208.24426,11.906,11.879,10.999,8.66
2207575707971738368,349.14733539651894,63.61769992787845,0.14147345474483364,191.52542372881356,0.01,6.637066653995043,16.9640625,5.2960975609756105,0.8608512667581938,0.92104983,True,True,260.78888,11.351,11.426,10.447,8.459
2192479443380480896,315.5391697779805,60.13527709016546,0.07717215411347174,211.864406779661,0.22271704449600335,11.041070680762665,6.743478260869566,5.455778894472362,0.9091255541425606,1.0178221,True,True,286.45728,14.3,14.083,10.544,8.127
2211525600413295104,343.7418598314212,65.32669950295977,0.029496760740609057,191.52542372881356,0.05511431323226077,10.636250976674042,20.48490566037736,6.701851851851853,0.9327130693650464,0.9972949,True,True,161.5832,12.862,12.731,10.785,8.247
2201899238674902528,340.30923455606955,62.089579122642,0.0879420492295618,222.03389830508473,0.03460201435087329,9.248268191163712,11.309375000000001,5.270388349514564,1.0083327037253962,0.9578829,True,True,202.00902,12.209,12.117,10.267,8.151
2191240607317703168,319.87489374659964,59.069605876540834,0.01898273756377779,181.35593220338984,0.04719290672293913,9.855978910027378,3.809473684210527,5.401492537313433,0.8624581697276833,0.9978312,True,True,191.38144,12.607,12.508,10.815,8.124
2195768980311574784,315.8596486173836,62.158903276763205,0.11551117339965666,161.01694915254237,0.04719290672293913,9.551910524350351,6.871518987341773,4.60042372881356,0.9392905289000133,0.949297,True,True,276.1658,13.067,12.974,11.706,8.713
2011246254579607168,352.61781209326386,59.06704062584335,0.1512939949567484,171.18644067796612,0.01,6.302578006121543,16.703076923076924,10.24245283018868,1.2691915551433695,0.90232986,True,True,210.57451,10.796,10.857,9.942,7.735
2208712156321005568,348.64127974430426,65.24477571980792,0.06385654335287425,181.35593220338984,0.04041001900131407,9.279524031086108,7.700000000000002,4.431428571428572,0.8374102568321599,1.0297873,True,True,289.76758,13.079,13.065,11.468,8.789
2207329756662275968,346.25830411450187,62.14266998297581,0.06836294217514811,191.52542372881356,0.22271704449600335,11.642091955793251,6.660736196319019,4.25764705882353,1.0091772505209113,0.9646927,True,True,273.53494,14.705,14.764,11.34,8.585
2011263846765077760,352.57642906964725,59.249727530145016,0.1447440109565073,222.03389830508473,0.10252153289191773,9.56182888062077,10.24245283018868,7.645774647887325,0.9388853178073031,1.0856416,True,True,219.0974,12.482,12.365,9.654,7.443
2014006033066693888,348.5688340966057,60.56820439799177,0.07939334728306062,201.6949152542373,0.11972993971380404,10.29199585220067,4.360240963855422,6.239655172413794,0.9418915837402279,0.987652,True,True,237.74513,13.354,13.25,10.456,7.834
2208134775273921792,343.5156416572788,63.7444300722147,0.16037994275215364,191.52542372881356,0.03460201435087329,9.939758427175633,19.387500000000003,8.899180327868853,1.1052050970318184,1.3627902,True,True,164.5441,12.112,11.952,10.642,8.169
2009585549647715712,349.43453762164245,57.984623128937095,0.09348745283882183,100.0,0.013638774391684533,9.727453218076299,10.966666666666667,5.2960975609756105,1.2280678352255254,1.1392629,True,True,78.35176,10.757,10.611,10.37,8.072
2178326774533890176,326.52145376949767,57.88147951887726,0.10792648139088634,181.35593220338984,0.029628775900825636,10.143797468639999,26.48048780487805,12.925,1.1760025120155575,1.1886531,True,True,75.44671,10.65,10.539,9.313,6.825
2179050455037155712,321.6234565861012,57.79230073148347,0.1137939817274375,201.6949152542373,0.35474515523996636,12.464724266074647,14.87260273972603,5.71421052631579,0.9128542296436645,1.0243133,True,True,199.23863,14.628,14.685,10.548,8.065
2208117286167254656,343.6371445046403,63.57279092494437,0.09481551920183319,201.6949152542373,0.018601616690726987,10.245380968162324,21.28823529411765,7.190066225165564,1.0793253113240198,1.0933973,True,True,119.26379,11.712,11.622,10.532,8.376
2011663729703986304,358.4727866848144,60.640189372592886,0.14139252337481337,191.52542372881356,0.01,7.211594447072387,10.966666666666667,4.191891891891892,0.5834016739014761,0.96853405,True,True,263.56644,11.47,11.549,10.806,8.86
2013799324883084032,348.1817674992576,60.1049509717662,0.0816977904411741,201.6949152542373,0.018601616690726987,6.784712221338365,13.571250000000001,9.607964601769913,0.7231808899109138,1.1932822,True,True,292.16888,11.438,11.522,10.047,7.743
2013911505124206976,349.465593424213,60.59012311072291,0.14251070253834777,201.6949152542373,0.01,5.747324011380811,23.1,13.240243902439024,0.6684002614386167,0.9308919,True,True,182.6943,10.141,10.19,9.002,6.991
2203154331204997760,330.27436276555846,60.432163644709625,0.08967436256465866,161.01694915254237,0.1907066257401213,11.241036654175609,6.168750000000001,4.523750000000001,0.9334398342934388,0.97603756,True,True,287.02298,14.439,14.302,11.637,8.385
2206024778104139648,330.76940797799875,63.78626726090628,0.03319941141229519,110.16949152542372,0.04041001900131407,10.53780172835755,4.846875000000001,4.720434782608696,0.8839345353631471,1.0399051,True,True,138.58252,12.391,12.263,11.968,8.517
2206423866460130432,337.3718115690272,64.9524178408883,0.037085214074813244,161.01694915254237,0.01,6.0104062247948935,4.051119402985075,6.4625,1.0197200268064721,0.9641283,True,True,294.98257,11.252,11.317,10.405,7.762
1999468118526763648,358.6423801689774,59.25916620627345,0.10773352581406476,161.01694915254237,0.01,6.935152901339028,15.29154929577465,5.567692307692308,0.4567472653756648,1.05027,True,True,241.64122,11.337,11.42,10.688,8.431
2193125513841511808,319.95183921393954,62.25360323068716,0.12353995255062229,201.6949152542373,0.029628775900825636,9.765829507855283,8.972727272727274,4.4679012345679014,0.9412625304544552,1.0068332,True,True,183.81227,12.66,12.563,10.913,8.702
2204692204368945280,335.7712786160601,61.81870719624128,0.07972585335028175,161.01694915254237,0.029628775900825636,9.260911118641594,8.899180327868853,4.620000000000001,0.82190684696407,1.0518199,True,True,214.80638,12.656,12.537,11.348,8.537
2205500517212753920,337.739177242406,63.60806366700102,0.055882478167651954,191.52542372881356,0.01,10.872099697811938,20.87884615384616,7.700000000000002,0.9930170841158192,1.0307512,True,True,64.754486,11.057,10.917,10.147,8.268
2013537606754895616,345.08558863585745,59.16191582557135,0.029330681819541585,374.5762711864407,0.04719290672293913,6.801384396369899,40.211111111111116,10.74950495049505,1.073591010512409,1.0471085,True,True,208.5734,10.847,10.638,8.053,6.868
2205350429578111616,339.47432473534576,63.98716703877701,0.04598709190458604,130.50847457627117,0.10252153289191773,10.603650373534268,3.948,7.539583333333335,0.9380922423918886,0.9516289,True,True,215.23898,13.475,13.382,12.086,8.197
2208458130470368512,345.1562790000017,63.66968337463535,0.1787706225591686,211.864406779661,0.11972993971380404,12.691026821696246,14.100000000000001,4.679741379310345,0.9317703551015436,0.9628181,True,True,114.68342,13.823,13.661,10.778,8.436
2207496886732074624,348.8005354418861,63.27462471637509,0.08856651893697336,191.52542372881356,0.013638774391684533,8.499243673522752,23.60217391304348,12.772941176470589,0.7235377904000532,1.1179606,True,True,110.38434,10.636,10.605,9.512,7.276
2009598808203234176,350.0341854163097,57.71238593980344,0.12968609664736797,140.67796610169492,0.3037587523063755,11.106017732415573,10.052777777777779,11.55,1.0635308057563462,1.1041123,True,True,244.27963,14.035,13.857,11.192,7.284
2201915628269638016,339.24815520015403,61.83058270931636,0.05041326857971119,201.6949152542373,0.05511431323226077,10.228716574830075,8.548818897637796,3.9336956521739133,0.8901980204338799,0.9943025,True,True,215.26166,13.192,13.085,11.017,8.668
2206035910659939584,331.78307950629846,63.804868805121885,0.0800921713390067,191.52542372881356,0.0877864361381346,10.086821766089336,12.925,5.62538860103627,0.7828637864789278,0.9974195,True,True,266.1897,13.364,13.298,10.913,8.337
2014674020735897088,344.8877983788721,60.916740852762814,0.05177952752684542,201.6949152542373,0.04719290672293913,10.077479262594935,5.374752475247525,4.782819383259913,0.7659211349033667,1.063583,True,True,210.93806,12.921,12.818,10.912,8.475
1998327409574369280,357.4898329018911,57.92562323583152,0.11493618415813751,181.35593220338984,0.1907066257401213,12.238800538479486,16.9640625,5.455778894472362,0.8963655644031558,1.033685,True,True,160.55894,14.069,13.959,10.862,8.225
2191445838032810752,318.91187205359904,59.26393777720208,0.042698109335100494,171.18644067796612,0.04719290672293913,9.796838947168322,10.857000000000001,9.781081081081082,0.894671908615795,1.0454562,True,True,166.00708,12.191,12.103,10.584,7.768
2205529448112262528,337.721023571265,64.02567178150484,0.15932785270922387,232.20338983050846,0.013638774391684533,9.038172123627985,9.607964601769913,3.850000000000001,0.6951420375156305,0.9224736,True,True,173.92891,12.124,12.019,10.751,8.958
2015195700347607424,347.57303251835884,62.27086075752349,0.13127711996398314,100.0,0.01,5.74440808892359,4.081578947368421,4.980275229357798,1.5711348823938904,0.9401363,True,True,242.02007,10.75,10.818,10.655,8.119
2012542102055876224,354.81123807212373,61.72545840839248,0.11191627837098982,201.6949152542373,0.04041001900131407,11.219091610698928,7.983088235294118,5.567692307692308,1.1385902571619984,1.0163045,True,True,101.70209,12.436,12.268,10.476,8.216
2191440546633380352,319.61781500068685,59.41593867847498,0.18374181851721139,150.84745762711864,0.04041001900131407,9.756564576630572,5.62538860103627,3.536482084690554,1.373072478509311,1.0169736,True,True,259.24255,12.931,12.754,11.899,8.864
2209627461087999744,356.73754701734686,65.68742716134095,0.0587721040434377,211.864406779661,0.16329696356865636,12.760957974276678,15.966176470588236,6.204000000000001,1.0219769957954967,1.144661,True,True,134.24107,13.867,13.747,10.645,8.213
2015240574164797184,348.5536872835679,62.31097777836165,0.04805911313703972,150.84745762711864,0.16329696356865636,11.641889189947564,6.660736196319019,6.743478260869566,1.1493579480169198,1.0735412,True,True,170.30028,13.696,13.609,11.296,7.97
2218657612647052288,333.0863068223224,65.43556461562865,0.09324217361588868,171.18644067796612,0.3037587523063755,10.5331657886792,8.416279069767443,13.240243902439024,0.8243713712636425,1.016493,True,True,244.11375,13.692,13.558,10.025,6.941
2009670723136043520,350.3025263200993,58.08514660850789,0.12103846504453765,211.864406779661,0.0877864361381346,11.670962094355325,8.755645161290323,4.912669683257919,0.997235151671484,0.99952674,True,True,142.32303,13.401,13.233,10.752,8.507
2211548552718375168,343.6172833639021,65.65337201866694,0.06481631791898201,150.84745762711864,0.01,10.436787842604845,18.40169491525424,4.7,1.1434439478896041,1.1500171,True,True,85.14184,11.384,11.23,10.775,8.566
2195943317325699328,315.3108806354033,62.41195564318563,0.0691601889062221,161.01694915254237,0.03460201435087329,13.711552092709013,8.616666666666667,4.395546558704454,1.0587802846243715,1.0320511,True,True,58.117695,12.701,12.515,11.498,8.753
2206239938781305088,336.27422777555,64.03851202068768,0.056996264970148036,171.18644067796612,0.10252153289191773,11.668457459787476,6.168750000000001,14.87260273972603,1.0750952177338313,1.0346236,True,True,88.30606,12.191,12.005,9.904,6.942
2192163716046296576,317.6286552952544,59.39875479694057,0.18804540955950616,211.864406779661,0.0877864361381346,10.756181236424053,10.540776699029127,4.0662921348314605,1.0075988323160714,0.99531233,True,True,263.45276,13.628,13.481,11.146,8.816
2008476520372191616,341.45179246770994,59.28601277984168,0.04406039446707483,211.864406779661,0.07516916839274382,10.673027111219106,14.285526315789475,5.71421052631579,0.9069151436893045,1.0880802,True,True,179.00377,13.143,12.995,10.52,8.26
2206669469870585344,337.9910754660446,65.6446897085553,0.1283337878028905,344.06779661016947,0.07516916839274382,12.28342119896335,11.309375000000001,6.275722543352602,1.1963832525036324,1.0372704,True,True,60.71972,11.94,11.766,9.087,7.956
2191405774581760896,318.5231770490117,59.46617185958155,0.0756625607430686,181.35593220338984,0.04041001900131407,10.522601586987294,6.959615384615385,3.548039215686275,0.9193638042130357,1.0593027,True,True,187.40591,12.946,12.815,11.372,8.836
2206783917859993088,342.1270511538405,60.76007045832048,0.09215767270145724,161.01694915254237,0.35474515523996636,11.271067707647385,4.4679012345679014,7.8673913043478265,0.8839284690933772,0.95586616,True,True,282.37683,14.635,14.717,11.05,7.635
2205345206894766976,338.6237785263583,63.86709738679788,0.04546665917920695,191.52542372881356,0.01592806495985682,9.157045626617467,10.966666666666667,3.5831683168316837,0.9284948588656751,0.9334922,True,True,223.37053,12.44,12.347,11.34,9.212
2010223884868418304,347.2907106391512,58.52866842961679,0.10296310453211883,222.03389830508473,0.1907066257401213,10.566491349737472,11.80108695652174,7.700000000000002,0.9129238966952936,1.0080242,True,True,240.2836,13.509,13.388,9.886,7.588
2179212156270753024,323.2356773517439,58.04101593235102,0.04044788977782373,150.84745762711864,0.04041001900131407,6.967780714720789,4.523750000000001,10.644117647058826,0.519939242807529,1.1048803,True,True,237.13489,11.287,11.378,9.922,6.62
2218398677660348672,328.3840578461767,64.99899883280493,0.03888191771959314,161.01694915254237,0.025370325336541884,8.198793692913668,11.19278350515464,5.455778894472362,0.76410495005861,1.0144411,True,True,299.68076,12.402,12.427,11.387,8.421
2010505153683730432,351.250239966032,59.24678717694525,0.15313885274503553,181.35593220338984,0.01,6.2692989876010135,11.55,5.0263888888888895,1.8543223933147448,0.954668,True,True,188.99939,10.397,10.467,9.545,7.494
2010207804510490368,346.47596553001915,58.070604066868974,0.05472408018931107,181.35593220338984,0.011678516340565069,7.1716344153846485,15.07916666666667,4.9350000000000005,0.7561187909450688,0.99583125,True,True,249.80695,11.573,11.651,10.567,8.253
2216780647520437760,327.3335058023219,63.866016893162445,0.05083462064522198,171.18644067796612,0.01,6.891176228650274,15.51,5.775,0.5309746636848908,1.0350235,True,True,290.1564,11.666,11.748,10.872,8.513
2220318807217121536,321.0963159437364,64.06231643768405,0.07941968423995682,181.35593220338984,0.0643653407681979,10.512040899850867,10.24245283018868,5.0263888888888895,1.5082948288706282,1.0641606,True,True,205.98264,13.172,13.033,11.147,8.403
2205446739920665856,335.45967098411745,63.387694411254905,0.15453091207959557,201.6949152542373,0.07516916839274382,7.950652105866774,8.755645161290323,12.624418604651165,0.7367032862769717,0.98422617,True,True,270.8214,11.897,11.955,9.37,6.76
1999210484906013312,358.7101009004033,58.83766481414705,0.18705532507070732,201.6949152542373,0.22271704449600335,10.681247519945025,16.9640625,11.80108695652174,0.911032224717827,1.0686046,True,True,275.03787,13.769,13.646,10.253,7.535
2218248083226332416,331.8126185262734,64.9591474878248,0.047066851882841106,181.35593220338984,0.07516916839274382,10.095451184649527,8.616666666666667,3.8913978494623658,0.9364523914130323,0.95674855,True,True,291.81873,13.804,13.667,11.637,8.781
2179201225570208384,323.1716631010307,57.86363624846618,0.06993694956875429,191.52542372881356,0.26010046434689327,11.939160444707746,11.19278350515464,10.74950495049505,1.0054706962828854,1.0163667,True,True,157.03755,13.661,13.611,10.063,7.331
2205145443675987456,336.0160454603228,62.35361534679215,0.061673661672228985,171.18644067796612,0.01,6.3585599946482185,24.675000000000004,11.42842105263158,1.0536036344628794,1.0145155,True,True,204.83945,10.678,10.74,9.845,7.428
2010671420458921600,347.4054935906268,58.97666976092119,0.04055533382029325,211.864406779661,0.018601616690726987,6.440621098638092,22.618750000000002,9.870000000000001,1.1030189603461145,1.1163055,True,True,294.93002,11.413,11.475,9.73,7.451
2209195838354664832,354.0436713686896,64.83375572761479,0.18372961138272864,588.1355932203389,0.01,9.435214411967905,16.2044776119403,3.7829268292682934,0.9177620116136668,1.0389642,True,True,80.52763,10.442,10.349,10.11,8.903
2011289586510698624,354.15839846235275,59.21312254773786,0.13036320630437917,191.52542372881356,0.01,6.961835536810761,10.43942307692308,5.12122641509434,0.5580329219820102,1.015606,True,True,235.33092,11.191,11.255,10.444,8.429
2204979898453944960,335.3310603306217,62.62963455194562,0.13758734504379266,161.01694915254237,0.35474515523996636,13.501485892891584,7.755,7.335810810810812,0.9300233477419092,1.1026489,True,True,143.59596,14.871,14.698,11.214,8.063
2009595273449670656,349.73477579761726,57.52878028789405,0.03522313900976301,130.50847457627117,0.11972993971380404,9.947834298280188,9.870000000000001,9.781081081081082,0.948862269765424,0.9634226,True,True,187.33794,12.69,12.514,11.046,7.263
2211310263633864192,341.37796924526447,64.13624527008477,0.06105396773119742,171.18644067796612,0.1398268057402531,10.786801778196184,14.671621621621624,8.6856,0.8685709797338713,1.0003968,True,True,257.937,13.977,13.854,11.29,8.324
2008508096972217216,341.77105399836506,59.61357668205787,0.05224681339005587,181.35593220338984,0.0643653407681979,10.1581095962278,9.693750000000001,4.504979253112034,0.8571937995856141,1.0129771,True,True,227.00848,13.372,13.255,11.192,8.556
2196201260180809856,317.42380717290536,63.1898520378822,0.16314575412164942,100.0,0.01,7.098706379765389,15.51,3.595033112582782,0.6101507438033258,0.9824489,True,True,270.30453,11.621,11.693,11.08,9.062
1998949526995701120,355.04539266946625,58.07238904500881,0.03486766286891033,181.35593220338984,0.018601616690726987,8.533940526141464,10.340000000000002,4.431428571428572,1.0359259596445332,0.9798282,True,True,268.91467,12.434,12.407,11.27,8.778
2202133430350032000,339.2486194828539,62.3274403077922,0.0447106674579628,181.35593220338984,0.22271704449600335,10.678778932638995,17.233333333333334,10.24245283018868,0.8821298877592807,1.0571656,True,True,239.23946,13.718,13.568,10.361,7.445
2201363776516152064,335.563345495239,60.34320119118058,0.17665321242783805,100.0,0.01,7.50861722068486,16.9640625,4.159770114942529,0.9004778875301817,0.97743875,True,True,157.88783,10.566,10.662,10.331,8.598
2006247668565315584,335.00782670929675,56.58349913680885,0.14586686752938635,252.54237288135593,0.3037587523063755,12.297736840705916,10.43942307692308,4.720434782608696,0.9624519586070328,1.1980469,True,True,231.51921,14.592,14.501,10.439,8.448
2015197491351774720,347.79769350879053,62.35075856356079,0.02521397611239341,150.84745762711864,0.029628775900825636,8.659740888486947,8.287786259541985,5.455778894472362,0.7364738544487591,1.0901934,True,True,214.41335,12.049,12.031,10.979,7.983
2212431391835358208,340.3361797450728,65.49583189329188,0.04266320688401762,161.01694915254237,0.07516916839274382,9.579461655127929,5.837096774193549,6.540361445783133,0.9754956618771072,1.0054431,True,True,276.14658,13.163,13.093,11.383,8.248
2202270839250725376,327.7065093715376,57.73251505026052,0.16481303725301913,171.18644067796612,0.10252153289191773,9.745710986627223,7.335810810810812,7.592307692307694,0.9300416384002476,1.3552697,True,True,222.01443,12.615,12.553,10.389,7.413
2218451973913497344,330.975351163824,65.1891398294857,0.04205872522398343,161.01694915254237,0.03460201435087329,9.638175951883284,8.48203125,4.291304347826087,0.7960925992624627,1.0046757,True,True,238.86879,12.971,12.841,11.729,8.764
2178600243693388160,325.2263097021234,58.451740871162606,0.06576451669299004,130.50847457627117,0.04719290672293913,9.996311850228206,5.145497630331755,4.542677824267783,1.0464539017711292,1.0483402,True,True,177.98288,12.537,12.418,11.646,8.146
2192370351211120640,317.65790423629943,60.63325208206758,0.044864501068865,201.6949152542373,0.26010046434689327,12.985044247528283,12.479310344827589,7.142763157894738,0.9848896826727959,0.9726709,True,True,149.14282,14.293,14.092,10.576,8.05
2216762604356169856,327.4307686497934,63.699998656769495,0.19489680607295448,100.0,0.01,7.670545539041929,25.24883720930233,5.374752475247525,0.5292972903262216,1.0696989,True,True,122.859146,10.296,10.337,9.974,8.337
1999263433265353728,358.8200592376181,59.02605333886656,0.1139500756913327,171.18644067796612,0.16329696356865636,12.227051791841488,4.782819383259913,4.1438931297709924,1.0010169527606383,0.9595659,True,True,174.36473,14.324,14.189,11.481,8.529
2178861858739878912,321.60044907331127,57.68527651705296,0.10895632573477003,222.03389830508473,0.16329696356865636,10.615468365891793,22.15714285714286,6.239655172413794,0.9756953164099761,0.99388534,True,True,242.58298,13.495,13.396,10.121,7.844
2016520062105268224,351.2582540399869,62.55517971402642,0.055805733244059685,181.35593220338984,0.03460201435087329,8.088037295625151,16.9640625,9.123529411764707,0.8032527261724025,1.0552047,True,True,271.88318,12.178,12.234,10.541,7.842
2221125470793312256,321.6692278762398,65.94599998011483,0.12790158114136832,181.35593220338984,0.0643653407681979,10.057173631465048,9.047500000000001,4.523750000000001,0.9544583726795342,1.0396236,True,True,261.457,13.332,13.122,11.349,8.594
2012074770951735936,351.5536189681752,59.6901156697318,0.11373334546512123,150.84745762711864,0.1398268057402531,10.738910439512402,4.1125,3.991544117647059,0.8392090324864871,1.0094076,True,True,293.87207,14.376,14.272,12.128,8.65
2205917025963723776,333.97997658588343,64.06746163487814,0.12115946391593703,425.4237288135593,0.01,8.128574277947303,25.24883720930233,4.274409448818898,0.5460443183106631,1.0568846,True,True,120.53638,10.52,10.526,9.639,8.455
2200348171368294272,335.39349167052467,58.87507767512487,0.13360215777782994,201.6949152542373,0.025370325336541884,9.61758758975583,7.645774647887325,6.204000000000001,1.0688803023887172,1.0203074,True,True,136.23418,11.448,11.39,10.138,7.857
2191455115162421632,319.2433442550354,59.4828232504187,0.18464763849004953,201.6949152542373,0.0877864361381346,9.174638085813163,7.592307692307694,8.042222222222222,1.0498919501293937,1.0437464,True,True,288.5607,12.788,12.693,10.251,7.703
2017046595034433536,354.17682477982214,64.75558603270849,0.048224591546083884,242.3728813559322,0.018601616690726987,9.45185419573388,20.87884615384616,6.204000000000001,0.8946274224706471,1.0005906,True,True,141.46896,11.553,11.523,10.153,8.349
2206245779937794560,336.50504419680186,64.10939949400438,0.11968016275833762,181.35593220338984,0.22271704449600335,10.963062872510955,9.693750000000001,8.163157894736843,1.0350564977949002,0.9725539,True,True,256.08163,13.885,13.712,10.611,7.799
2218252511331739904,331.2608680696845,64.87030697603096,0.09794390945087526,232.20338983050846,0.22271704449600335,11.689074393823484,7.983088235294118,4.741048034934498,0.8476051851435515,1.0431168,True,True,258.9159,14.549,14.522,10.67,8.506
2208559633438846208,345.8830581734664,64.29755356448263,0.06844086611421189,211.864406779661,0.11972993971380404,11.705142299453286,13.080722891566266,3.571381578947369,0.9839351998024387,0.947453,True,True,185.3248,13.799,13.613,10.943,8.61
2208964975265955840,346.6427224586656,65.66785123806308,0.06729192488155657,181.35593220338984,0.3037587523063755,13.441451483934468,11.42842105263158,7.592307692307694,0.9382104785617846,1.002422,True,True,123.64134,14.283,14.185,10.632,7.696
2012154111887157120,354.27110573705966,60.2548644351756,0.1455829995521187,181.35593220338984,0.029628775900825636,8.984777083606101,8.616666666666667,4.1438931297709924,0.7772138859622635,1.0673761,True,True,279.50513,12.624,12.585,11.318,8.787
2200217604363027456,338.1675748135105,59.148094027386335,0.06408802484284623,181.35593220338984,0.018601616690726987,10.583336867889091,12.198876404494383,4.825333333333334,1.008227739892756,1.0138334,True,True,100.09607,11.808,11.691,10.62,8.338
2211704580290421760,342.078833533305,65.36629413103327,0.11691985342035069,100.0,0.01,7.1799671950030834,20.48490566037736,4.081578947368421,0.5208506136086166,1.0780127,True,True,163.22661,10.625,10.701,10.208,8.104
2207053439946121728,341.7669975357284,61.50174174642719,0.19567864089121442,100.0,0.01,6.482450314154821,15.51,4.191891891891892,0.5431888433449958,1.0463235,True,True,234.4127,11.003,11.093,10.377,8.452
2015452745550269952,351.24859102127243,61.22420117282756,0.040703504479008834,161.01694915254237,0.16329696356865636,10.88559251083839,10.857000000000001,8.972727272727274,0.8759127351762179,1.016665,True,True,179.65392,13.229,13.089,10.545,7.451
2218887548017377664,332.8101805047386,66.04877763091757,0.09100484674476625,171.18644067796612,0.3037587523063755,11.805813502932468,7.539583333333335,6.424260355029586,0.899179813544818,0.9845767,True,True,276.8853,14.937,14.846,11.334,8.133
2206268182486056960,336.1833707979248,64.39846570640509,0.1253464938040473,181.35593220338984,0.1907066257401213,10.3271124264113,14.671621621621624,14.100000000000001,0.8036077664107856,0.9337968,True,True,198.28612,12.915,12.824,9.767,6.954
2209300876078477696,350.06358540745254,64.41753758177575,0.04367639230862598,181.35593220338984,0.0643653407681979,9.419715819750893,11.42842105263158,5.455778894472362,0.934180802804257,1.0067607,True,True,296.85614,13.27,13.274,11.187,8.517
2007170399349654144,342.8956816651696,57.70229373129364,0.09757496308638097,181.35593220338984,0.35474515523996636,12.62434504135378,5.2960975609756105,5.567692307692308,1.0169195130996824,1.0523288,True,True,213.23122,14.999,15.024,11.004,8.148
2012222792706289280,354.0380689690428,60.6060129915586,0.14682094374805246,211.864406779661,0.1907066257401213,11.497461809726548,12.479310344827589,4.561764705882354,1.8298038075408796,1.2799038,True,True,281.11307,14.379,14.211,10.977,8.464
2179290874433065088,323.28587241331206,58.36110314908292,0.12991558149433502,211.864406779661,0.26010046434689327,11.291427133674762,19.387500000000003,10.146728971962618,0.9708757261297482,0.97211397,True,True,180.3736,13.665,13.716,9.778,7.42
2008488443201104512,340.65811141679416,59.3393922975043,0.040509250403874354,201.6949152542373,0.021723928448358305,7.8817194705062965,12.624418604651165,5.401492537313433,0.6288718430696852,0.9865313,True,True,285.52432,12.126,12.16,10.574,8.29
2007845297627502976,336.2118776507939,57.41058764633214,0.07635336515283656,100.0,0.01592806495985682,7.320051662193171,5.455778894472362,4.360240963855422,1.106671180316336,1.0173541,True,True,240.56723,11.529,11.621,11.622,8.446
2012456546306139008,355.2579146957236,61.269695018650935,0.12047712609156631,150.84745762711864,0.01,6.681063212551955,18.095000000000002,7.8673913043478265,0.7424437336908536,0.938797,True,True,176.86592,10.568,10.65,9.94,7.508
2009686013220254720,349.94413346453507,58.25500915312159,0.0834596039950042,222.03389830508473,0.3037587523063755,12.203367756879208,11.80108695652174,3.6432885906040275,0.6809087693472878,0.99817514,True,True,266.3339,15.024,14.978,10.76,8.535
2013591688984049024,346.20816894086494,59.80897640887073,0.09190176576781088,100.0,0.01,6.6423486098256115,4.957534246575343,3.8363957597173153,1.7028498309875921,0.9655966,True,True,220.72523,11.054,11.118,10.798,8.253
2010253502963730304,346.2882575946461,58.37313866963305,0.06259511671165256,211.864406779661,0.01592806495985682,10.213922886751343,15.734782608695653,6.50119760479042,1.7863098193809348,1.0646163,True,True,78.73663,10.896,10.761,9.712,7.684
2212676819149303296,338.2709657429993,65.84235333532753,0.05428485449271705,232.20338983050846,0.0877864361381346,10.08798467071492,10.644117647058826,3.595033112582782,0.7378325338094432,1.0087212,True,True,277.9514,13.682,13.541,10.707,8.653
2013989918349237248,347.8505145054456,60.13978413761864,0.08682847874172739,181.35593220338984,0.018601616690726987,7.502093728782963,4.957534246575343,7.385714285714287,0.8994099679386321,1.0962181,True,True,210.92189,11.145,11.239,10.102,7.541
2010331396486734336,348.73422799102167,57.91694805105849,0.08845975761457306,171.18644067796612,0.35474515523996636,11.060587417556668,7.924817518248175,9.20084745762712,0.8819488992994471,1.0117505,True,True,286.76102,14.352,14.286,10.494,7.251
2014082891501495936,347.7249282352161,60.88038237001015,0.07645146414456105,191.52542372881356,0.1907066257401213,10.40110968230352,13.571250000000001,7.755,0.9790331426337173,1.0185429,True,True,260.84665,13.766,13.799,10.391,7.681
2012967544343809280,357.29859888919543,62.60902551753654,0.16499730967746015,100.0,0.01,6.410508569068118,19.387500000000003,4.8039823008849565,0.9312806103702601,0.97265023,True,True,220.30527,10.858,10.959,10.711,8.591
2218004438320950400,326.3670966089029,66.16833919388907,0.11272003844249696,191.52542372881356,0.10252153289191773,11.525879134949534,21.714000000000002,10.052777777777779,1.0674948782649345,1.0103292,True,True,109.42828,12.451,12.247,9.984,7.273
2011672250919502848,358.88056842036946,60.60440745083674,0.07335710248420638,181.35593220338984,0.05511431323226077,9.637278211971399,17.798360655737707,10.146728971962618,0.8676641217918686,1.0272293,True,True,174.21677,12.365,12.264,10.27,7.584
2206171906500250496,333.0479686387783,64.43015802051643,0.03099819477142817,211.864406779661,0.018601616690726987,7.477961583175993,21.28823529411765,6.239655172413794,0.8835001443918246,1.0708942,True,True,266.32877,11.745,11.785,10.266,8.067
2189422427402476800,316.8770899052854,56.774450032801646,0.028359681610043524,181.35593220338984,0.011678516340565069,7.392801073065698,10.43942307692308,3.730927835051547,0.7002056972913769,1.0121982,True,True,299.84802,12.01,12.072,11.09,8.764
2014841352665845760,347.8363459251237,61.12467657160041,0.04535564243948773,201.6949152542373,0.01,5.4896956404404795,27.83846153846154,10.43942307692308,0.5256276830848859,0.9449747,True,True,213.01514,10.265,10.328,8.925,6.647
2012072129551085824,351.4592247914936,59.60745762996158,0.16532802749597644,130.50847457627117,0.021723928448358305,7.389313713884508,7.286577181208055,8.755645161290323,0.6898891465710474,1.109011,True,True,253.32722,11.384,11.387,11.035,7.703
2191407728781331840,318.01395275206096,59.274345199354606,0.05390063975221728,211.864406779661,0.0877864361381346,11.540840037584719,8.972727272727274,3.502258064516129,0.9776455477488887,1.2271578,True,True,177.37434,13.582,13.455,10.944,8.646
2218227707900631808,333.10571820199124,65.1090018472296,0.05051460664547086,181.35593220338984,0.11972993971380404,11.071396378728199,18.71896551724138,9.123529411764707,0.9486163056656334,0.94607556,True,True,184.70401,13.475,13.296,10.83,8.01
2191174293021584896,320.1422868138946,58.75569893700326,0.08091106414846515,161.01694915254237,0.01,5.861768410582697,17.511290322580646,11.674193548387098,0.6058323888748304,1.0995358,True,True,243.34012,10.748,10.828,9.977,7.39
2006246916957216128,335.0120756742496,56.57542173560404,0.07017883011264156,293.22033898305085,0.07516916839274382,12.189903808200576,7.983088235294118,6.239655172413794,0.9494959419376231,0.982771,True,True,84.84066,12.588,12.47,9.706,8.242
1998871526087430144,353.55342301135965,57.76096651971425,0.1892389970542407,161.01694915254237,0.10252153289191773,11.24450253110339,5.4285000000000005,3.8228873239436627,0.9671117940614762,0.99895227,True,True,251.33102,14.509,14.381,12.201,9.125
2208527885040308224,344.82479162328303,63.98442536991457,0.1319690957174836,100.0,0.01,8.360364402325937,25.85,6.099438202247192,1.1688203936222488,1.2600559,True,True,119.566666,10.596,10.557,10.152,8.424
2206694994856913664,335.85274070327887,65.43056177552744,0.17415164226249782,201.6949152542373,0.0643653407681979,11.292806896694602,8.225,3.705460750853243,0.9252755194989863,1.0655907,True,True,210.10579,13.569,13.434,11.454,9.02
2212608069609687808,340.8379640721842,66.25017460258326,0.044624926353919216,171.18644067796612,0.029628775900825636,7.999706118847804,15.966176470588236,8.48203125,0.7021441960047056,1.0117561,True,True,277.31833,12.117,12.153,10.81,8.007
2016505669674245504,350.55084683204285,62.232417136307454,0.047619260370447065,171.18644067796612,0.05511431323226077,8.589460684339915,5.1947368421052635,7.436301369863015,0.8101915286376147,1.0329224,True,True,280.95364,12.543,12.571,10.785,7.891
1997884065863339392,355.6825321658779,56.9592911409816,0.06813307672886518,181.35593220338984,0.1907066257401213,12.951473525729421,9.960550458715597,4.890540540540541,0.9032350678306169,1.0435892,True,True,184.05037,14.588,14.538,11.659,8.741
2206286599305273600,335.14798510029044,64.27606218706251,0.03781923938160638,252.54237288135593,0.021723928448358305,7.791255080775223,12.063333333333334,3.991544117647059,0.6632782163893347,1.0305641,True,True,299.1453,12.221,12.246,10.389,8.632
2205607272921331456,338.12733814393044,64.32356359083664,0.06469197435100388,242.3728813559322,0.021723928448358305,9.755057942049195,15.29154929577465,3.571381578947369,0.8214182820296346,1.0454981,True,True,184.24377,12.58,12.452,10.783,9.022
2212464957001361920,338.5665410704589,65.4055774386138,0.11953175749444396,232.20338983050846,0.35474515523996636,11.832261633871784,14.285526315789475,7.142763157894738,1.038211017811857,0.9620354,True,True,258.8118,14.559,14.37,10.099,7.843
2014357223951605888,344.2375130427267,60.15795686320692,0.04192124567886747,191.52542372881356,0.0643653407681979,9.33475500307321,10.43942307692308,6.133898305084747,1.3360694073533483,1.0941687,True,True,238.65965,12.85,12.774,10.572,8.014
2179080489750901376,321.8340011514109,58.0192407132671,0.17050584324764187,232.20338983050846,0.16329696356865636,12.867794588069955,5.62538860103627,4.360240963855422,1.0168200006855819,0.9772197,True,True,109.36896,13.4,13.286,10.132,7.999
2007170438007081344,342.9236710888074,57.70279569392622,0.16079081010185353,161.01694915254237,0.01,5.494289482448674,29.343243243243247,10.966666666666667,0.6615488016873559,0.88830525,True,True,228.33238,10.56,10.615,9.693,7.314
2212466129530155776,338.8651199471918,65.469378233409,0.04276070216486513,181.35593220338984,0.018601616690726987,9.152365006108813,13.403703703703705,5.965384615384616,0.889640800006613,0.9990883,True,True,160.48683,11.738,11.654,10.598,8.281
2178151127555400320,324.6194814397779,56.75642215232682,0.056376487617024885,232.20338983050846,0.013638774391684533,7.5014865101975925,19.04736842105263,5.567692307692308,0.5624827692734927,1.0156082,True,True,220.55855,11.429,11.516,9.995,8.139
2198735290898671104,332.78439932430126,57.91080184269766,0.1253297089350608,150.84745762711864,0.01,7.421038934202013,10.24245283018868,3.5831683168316837,1.1483037762769897,0.9905608,True,True,227.81033,11.476,11.551,10.89,8.717
2206173040371644416,333.2805122631464,64.48040151031749,0.09426405169550262,211.864406779661,0.01592806495985682,12.932474384271536,17.511290322580646,4.561764705882354,1.132977669631998,1.3262948,True,True,40.50512,11.504,11.287,10.284,8.45
2192787688896058112,319.10623041120186,61.29203874591693,0.04786341334098135,191.52542372881356,0.04041001900131407,9.692124372760222,12.198876404494383,9.27948717948718,0.937515337941325,1.0358236,True,True,147.67845,11.844,11.743,10.168,7.628
2209394128406774784,350.0657013665562,64.97360574046401,0.08337665194585048,171.18644067796612,0.04041001900131407,8.551831786721635,16.45,9.35948275862069,1.0459211451590031,1.0626317,True,True,250.8346,12.165,12.165,10.733,7.823
2011096416062822656,354.28152858733944,59.04293273680561,0.06625262419899411,211.864406779661,0.01592806495985682,6.789218789109081,23.60217391304348,10.966666666666667,0.5797365368523277,1.0491132,True,True,279.56992,11.414,11.455,9.98,7.732
2013678481680920320,347.2831548621134,59.18426466230074,0.16900506739380589,191.52542372881356,0.04719290672293913,11.15819041750881,9.20084745762712,7.592307692307694,0.8692792316265928,1.059421,True,True,102.45801,12.482,12.295,10.445,7.915
2208172742783779072,340.5975455083769,62.8106744187283,0.05273822592383728,211.864406779661,0.025370325336541884,8.519817485525405,18.095000000000002,8.826829268292684,0.7908420332526672,0.9542037,True,True,211.21118,11.816,11.817,10.23,8.026
2221157390990576256,322.93979439646927,66.27154703165424,0.07091361406775178,201.6949152542373,0.029628775900825636,9.062818589071586,11.309375000000001,4.224513618677043,1.1085396296864958,1.0743818,True,True,269.6745,12.748,12.66,11.119,8.729
2192193535999968256,317.65108698542343,59.84524974966906,0.09685866860282012,171.18644067796612,0.1907066257401213,11.037299788670179,11.19278350515464,6.031666666666667,1.0307428919117287,0.9578031,True,True,291.6581,14.269,14.125,11.297,8.226
2212517527401414784,339.59783958819344,66.00662328457506,0.16221680991880416,171.18644067796612,0.10252153289191773,11.373079665599166,9.35948275862069,5.401492537313433,0.9563678912164293,1.050013,True,True,182.24141,13.854,13.705,11.37,8.495
2205783469659065216,333.1951441363861,62.85554919745096,0.06110592190628926,171.18644067796612,0.10252153289191773,10.201121319092813,4.8686098654708525,3.7437931034482763,0.9222493134208058,1.0291792,True,True,291.9854,13.874,13.787,11.582,8.555
2179151094711770752,321.3355001514448,58.41519876738737,0.04660043594632971,211.864406779661,0.22271704449600335,11.716666571696635,13.91923076923077,4.825333333333334,0.9900110286227185,1.020888,True,True,197.17429,14.126,13.953,10.392,8.066
2178535028908628608,325.7306101283845,58.18571322682787,0.08102853552667912,161.01694915254237,0.3037587523063755,10.809178228662581,8.755645161290323,12.624418604651165,0.8872000821204523,1.091642,True,True,261.05328,14.001,13.896,10.56,7.187
2206755571085161472,337.2944446338389,66.1280299331482,0.097305459670766,222.03389830508473,0.35474515523996636,12.3660379755633,17.798360655737707,9.123529411764707,0.8907095773728647,1.0223216,True,True,186.73383,14.316,14.087,9.967,7.658
1997873036393836544,354.9161174888848,56.95433719255037,0.13270313704522177,222.03389830508473,0.0877864361381346,11.46665721189121,13.743037974683546,3.606976744186047,0.8916435206374577,1.0090542,True,True,215.86377,13.771,13.588,11.191,8.991
2205532192589750912,338.085340444403,64.16150930118643,0.17189640453864338,700.0,0.01,7.774727782494837,47.20434782608696,6.349122807017544,0.7952059885216589,0.93282026,True,True,76.922226,9.227,9.263,9.061,8.275
2212125345347621120,344.1768246684583,66.03059302635103,0.04832395313178448,191.52542372881356,0.04041001900131407,9.615335116656352,18.40169491525424,7.050000000000001,0.9737413138331527,1.0495656,True,True,218.30746,12.643,12.522,10.909,8.375
2205356687346105216,335.7454934990781,62.74797510417469,0.14525615037139925,100.0,0.01,6.219965320268256,10.052777777777779,4.846875000000001,0.6348244749188057,1.0167961,True,True,174.2694,10.394,10.457,9.987,7.707
2206106172021339392,333.9529322144157,64.16658557585073,0.060368158299495746,252.54237288135593,0.10252153289191773,11.15395903377265,10.644117647058826,3.8637010676156582,0.9503263013101265,1.017553,True,True,221.20462,13.912,13.648,10.707,8.86
2211984539138565504,347.0307385391746,66.03981839865864,0.1256809956581322,161.01694915254237,0.1398268057402531,11.041947069558848,8.6856,5.965384615384616,0.8179297808713372,0.9755528,True,True,246.63902,14.213,14.049,11.727,8.462
2007563272896978688,336.65421758909326,56.593485071604015,0.08123324366674212,191.52542372881356,0.01,7.358226123585153,17.798360655737707,4.25764705882353,0.6165949524552767,1.0714529,True,True,208.01343,11.16,11.247,10.375,8.339
2218512515773342336,331.91070895413804,65.89486842530881,0.1856973672130677,181.35593220338984,0.0643653407681979,10.142760640681834,10.644117647058826,5.401492537313433,0.9349137575792251,1.0131698,True,True,266.4831,13.278,13.138,11.324,8.672
2016460516677876096,359.488166931644,64.43021337923292,0.0863474994106105,211.864406779661,0.35474515523996636,12.81435338212665,8.287786259541985,5.868648648648649,0.9150647797332407,1.0578518,True,True,179.9797,14.485,14.336,10.305,7.964
2200541032580009216,336.9361683117928,59.83926268949716,0.1561152342193145,191.52542372881356,0.04719290672293913,9.077010742886337,11.07857142857143,6.4625,0.7946425646777999,1.0169247,True,True,254.72188,12.422,12.358,10.636,8.058
2210493910611453056,349.0799079401176,66.11988849870941,0.18138378000072655,161.01694915254237,0.0877864361381346,10.544757786614971,5.049767441860466,4.096981132075472,0.8364846694148139,1.0460669,True,True,297.94592,13.829,13.719,11.973,8.83
2179060835979743872,320.8012046056218,57.73078099402687,0.176284545663998,201.6949152542373,0.10252153289191773,10.1626097438662,15.966176470588236,5.145497630331755,0.8914592358733869,0.9618313,True,True,276.67432,13.34,13.257,10.695,8.266
2205525874699763968,338.07610632871814,63.94997865418576,0.14238321793398787,496.6101694915254,0.01,10.839760203697708,32.9,6.4625,1.8383867540862002,1.1348256,True,True,41.07812,9.904,9.755,9.389,8.276
2208945939979289344,346.80619645041946,65.41382597452144,0.09506267586374945,171.18644067796612,0.0877864361381346,10.876028971178828,8.548818897637796,4.60042372881356,0.7875192608393725,1.0038813,True,True,214.98433,13.812,13.672,11.455,8.629
2009316650332934528,350.326413240243,56.93301189760842,0.1611212490122553,161.01694915254237,0.025370325336541884,9.083936037414626,8.548818897637796,3.9624087591240875,1.0304474499601872,1.1677903,True,True,254.34593,12.4,12.289,11.462,8.659
2179240189511531520,323.6219989575371,58.28263030651992,0.10222721959245921,211.864406779661,0.26010046434689327,11.89198110117786,4.720434782608696,4.486363636363637,0.9485320388195426,1.0086917,True,True,219.19305,14.542,14.476,10.568,8.139
2179141821884581504,320.65869251609155,58.41717427482468,0.12009365344016132,171.18644067796612,0.35474515523996636,13.973827472638542,5.775,6.031666666666667,0.8452463380091478,0.97156006,True,True,136.2276,14.747,14.527,11.056,8.022
2191146083676314368,320.3570313293499,58.38877078468282,0.061253394716705184,211.864406779661,0.025370325336541884,10.369049598409983,11.309375000000001,3.8363957597173153,1.1271207885888683,1.004037,True,True,137.97153,12.377,12.245,10.814,8.69
2206089065171242112,332.9334607714993,63.95472968316098,0.03608437104573516,201.6949152542373,0.10252153289191773,7.858356343108548,19.04736842105263,10.966666666666667,0.8199619588908956,1.0388999,True,True,267.03226,12.003,12.037,9.026,6.532
2211571195786092288,339.2363210053257,64.53022909715983,0.024626294315174522,242.3728813559322,0.04719290672293913,10.693157599945938,12.063333333333334,3.571381578947369,0.9409686953943749,1.0221988,True,True,206.33765,13.374,13.203,11.153,9.233
2009636298978033280,351.2567177566117,58.082997645385824,0.11143229251556586,150.84745762711864,0.011678516340565069,10.655562964378888,4.325498007968128,4.308333333333334,1.29087675861715,0.9960785,True,True,80.818504,11.507,11.361,10.715,8.496
2015771195911625344,351.7445581307207,62.334466813985465,0.05922082681312573,161.01694915254237,0.10252153289191773,9.815181594427084,7.755,6.168750000000001,0.7757519539600388,1.0034446,True,True,299.2516,13.601,13.511,11.303,8.21
2206344594243722752,337.3167578132088,64.4039736279847,0.19046853615742976,700.0,0.01,8.22164794402594,9.693750000000001,4.1438931297709924,0.9826847981907653,0.9882793,True,True,70.65017,9.296,9.304,9.144,8.583
1999453790517766400,357.5087099453079,59.48334530605917,0.03311219832870105,191.52542372881356,0.01592806495985682,12.807930876382562,20.48490566037736,4.128136882129278,1.3028507357305312,1.0575353,True,True,50.308437,11.718,11.542,10.689,8.679
2015780335602254336,352.33883661160576,62.52252425217896,0.030525439818056176,150.84745762711864,0.011678516340565069,7.451919427280924,7.924817518248175,5.270388349514564,0.7283743224566489,1.0715696,True,True,244.33153,11.583,11.657,11.025,8.383
2179268471882927872,322.53580330734303,58.05253615417048,0.0661460083396913,150.84745762711864,0.025370325336541884,7.397563217082594,9.047500000000001,5.170000000000001,0.7790649494176235,0.9742393,True,True,195.65712,11.2,11.257,10.065,7.054
2009670108960026368,350.12328394792667,58.02418257157909,0.06143056419274219,181.35593220338984,0.029628775900825636,9.22594028327749,12.337500000000002,6.133898305084747,0.7727990776606063,0.9315622,True,True,200.7818,12.206,12.128,10.818,8.157
2205567102086692864,339.064060038462,64.51021569601079,0.08743118754498845,191.52542372881356,0.1907066257401213,13.233747006774735,15.966176470588236,7.539583333333335,1.0026208665066458,0.9338191,True,True,124.051094,14.146,13.984,10.902,8.329
2204772498775241344,335.66602872910266,62.34653410212405,0.15788856669999843,222.03389830508473,0.3037587523063755,11.802984590820554,4.782819383259913,3.655555555555556,1.0107091240039632,1.0784025,True,True,280.11185,14.824,14.564,10.591,8.294
2012638996523076352,355.5385751529239,61.15208014913212,0.14918709653843965,100.0,0.01,7.0918424048921604,18.095000000000002,7.700000000000002,0.5896956542253922,1.0603727,True,True,145.04385,10.295,10.346,9.848,7.94
2208483389179530624,345.86421455223115,64.08436423896012,0.13416805541004548,191.52542372881356,0.07516916839274382,10.492357358515177,7.487586206896553,4.957534246575343,0.9756866599527193,1.0597867,True,True,234.60806,13.327,13.183,11.155,8.479
2209467825744323456,352.9646436126152,65.5066774188773,0.06277566764098287,191.52542372881356,0.10252153289191773,11.790833136893605,7.8673913043478265,3.8637010676156582,0.9265240555068132,0.97720164,True,True,193.11116,14.122,13.972,11.54,9.017
1999307486750254080,359.32609529930096,59.40864850162851,0.057120143566212984,181.35593220338984,0.01,7.151268508083486,15.07916666666667,4.3428,0.6644381008449902,0.9381921,True,True,297.66632,11.83,11.911,11.059,8.809
2008482224088681088,341.4226924497485,59.469248556330136,0.0807647899551332,150.84745762711864,0.04719290672293913,9.862396832866567,3.991544117647059,4.081578947368421,0.9745958618551492,0.94302535,True,True,223.82399,12.827,12.774,11.517,8.482
2010883626202323456,352.2406815923138,57.78799787187809,0.14802975648332578,100.0,0.018601616690726987,9.732297891397693,8.287786259541985,4.0662921348314605,0.7880532747424143,0.99162894,True,True,123.816414,11.842,11.7,11.592,8.839
2206102774708156672,333.64866144050995,64.10452583457888,0.08088557624778643,171.18644067796612,0.025370325336541884,9.699368529622504,11.42842105263158,4.449590163934427,1.1536845783362644,1.1434201,True,True,93.99568,11.08,10.96,9.791,7.226
2013591615961156224,346.21174638487315,59.802576937294994,0.04493348025462988,171.18644067796612,0.01592806495985682,6.03739617884289,17.798360655737707,13.240243902439024,1.1512249260670109,1.2316506,True,True,219.24362,10.615,10.65,9.376,6.506
2013761323002939008,346.8981788888293,59.57790677447839,0.04864595785239451,222.03389830508473,0.1907066257401213,11.018986418074093,11.309375000000001,5.567692307692308,0.8472606454862823,1.0553008,True,True,245.17722,14.016,13.952,10.402,8.236
2207422768474538624,345.6651613657901,62.78382635283385,0.18480278838790112,161.01694915254237,0.26010046434689327,11.338540568159699,4.224513618677043,8.548818897637796,0.988130035420135,1.0505143,True,True,231.55176,13.975,13.873,10.897,7.466
2205096824646630912,336.4812040342139,62.378157603847264,0.08125211694374355,150.84745762711864,0.11972993971380404,10.69997775012757,3.5831683168316837,3.548039215686275,0.8959274449160903,1.0418758,True,True,298.92432,14.309,14.313,12.238,8.835
2200286083322795904,337.85658951788065,59.46449338694229,0.039362964707258134,211.864406779661,0.03460201435087329,11.062135125844083,9.693750000000001,4.4679012345679014,1.1473201322870301,1.0433103,True,True,113.735535,12.333,12.195,10.492,8.358
2201044986861616512,341.3458665775112,61.27077323686808,0.14879510003405413,201.6949152542373,0.03460201435087329,11.774623522238883,8.972727272727274,4.006273062730627,1.1009101752611492,1.0119826,True,True,107.41692,12.989,12.835,11.128,8.794
2017523297743494144,359.84986943103206,65.77246981591462,0.07503634461700953,181.35593220338984,0.0877864361381346,13.110299491021658,8.287786259541985,3.655555555555556,0.9841111423970061,0.93475723,True,True,122.544014,13.937,13.843,11.757,9.011
2191485416150476032,319.96178472699137,59.73983784595999,0.10759480907870057,171.18644067796612,0.1398268057402531,10.662606107849076,9.693750000000001,5.170000000000001,0.8507551022166336,0.96967906,True,True,255.967,14.066,13.989,11.238,8.331
2195564127551143808,315.1171837468039,61.26309570640483,0.04232370500163096,100.0,0.01,7.7166503118423995,13.080722891566266,3.705460750853243,0.6342504151195856,1.0053313,True,True,203.41339,11.302,11.352,11.242,8.925
2201042787838246016,341.1339537892011,61.18316054126143,0.1242264020188534,201.6949152542373,0.07516916839274382,9.736856251390812,10.74950495049505,5.244927536231885,0.8150468563242433,0.98526496,True,True,256.31177,13.407,13.248,10.761,8.368
2203840701335662976,326.2401921070048,61.02599028885262,0.1953913755700412,100.0,0.01,6.8903124798028,19.04736842105263,3.9194945848375453,1.151950338952054,0.97085863,True,True,202.99947,10.921,10.994,10.482,8.725
2220827052168884864,320.19437330409147,66.13717363267929,0.06512042461319581,171.18644067796612,0.16329696356865636,11.872667206376748,7.810791366906475,5.455778894472362,0.8823348984915053,0.9948927,True,True,221.66614,14.368,14.15,11.511,8.579
2209009707354312576,348.7795442299516,66.24615363107289,0.14758094527031282,191.52542372881356,0.26010046434689327,12.362403012498888,8.755645161290323,4.25764705882353,0.8901294120753998,1.1266186,True,True,280.7071,15.202,15.003,11.416,8.832
2192512604827132288,315.63394907168964,60.70836026116963,0.06259127552494005,181.35593220338984,0.07516916839274382,10.217369857199662,12.772941176470589,5.6546875000000005,1.000949761725167,1.042126,True,True,249.98021,13.474,13.329,11.233,8.432
2009648840282411264,350.82299286646435,58.19723776343449,0.08222066254479334,201.6949152542373,0.05511431323226077,10.76150305973283,12.337500000000002,4.377822580645161,0.8727437963248953,1.108705,True,True,138.74559,12.709,12.508,10.482,8.18
2016453472931015296,358.87367677436544,64.3230950951556,0.08093450447649074,201.6949152542373,0.22271704449600335,11.766506946494271,8.416279069767443,5.62538860103627,0.8493145666670366,0.9979115,True,True,251.07034,14.521,14.459,10.957,8.338
2009671788287992960,350.2612461212406,58.13240200115288,0.0711277472781952,211.864406779661,0.35474515523996636,11.248515931755279,20.48490566037736,10.24245283018868,1.0309675420726712,0.9769394,True,True,275.32333,14.493,14.431,9.967,7.637
1998774665986201728,352.3808499181099,57.0473101990009,0.11675859051217799,171.18644067796612,0.029628775900825636,9.226829779313299,8.616666666666667,3.8363957597173153,1.2496709750317128,1.0618784,True,True,277.43768,12.865,12.786,11.573,8.873
2201055226063495424,340.9546025697627,61.20185909651802,0.16997852035195246,201.6949152542373,0.03460201435087329,10.406908836682106,23.60217391304348,12.337500000000002,1.04024461443702,1.0567695,True,True,95.17924,11.237,11.13,9.606,7.33
2014275924509846656,343.6806152819541,59.49078261329596,0.10040228137465472,181.35593220338984,0.4142897092206239,11.858857414628375,5.805882352941177,7.335810810810812,0.8297056599724253,1.1334822,True,True,287.0784,15.005,14.975,10.721,7.749
2191479613656211968,319.72741289659547,59.66582780276045,0.040617219430546955,150.84745762711864,0.011678516340565069,7.59905228713858,7.487586206896553,4.1125,1.5948565631754972,1.0512588,True,True,282.4384,11.91,11.974,11.342,8.792
2012025297228302976,352.6752713716552,59.55167348161923,0.1507997143389311,201.6949152542373,0.0877864361381346,9.551975645902996,14.671621621621624,7.004516129032258,0.8840361935619535,1.0111809,True,True,273.67194,12.983,12.931,10.446,7.92
2200091328020918400,335.7740977467589,58.18681876043718,0.16717338770822737,171.18644067796612,0.01,8.752010993223578,11.07857142857143,4.561764705882354,1.736870086513429,1.1395155,True,True,146.53906,11.043,10.929,10.522,8.465
2966461382237643008,89.26909079365488,-18.97591715980429,0.11769631421531386,303.3898305084746,0.01,6.71141527098751,19.740000000000002,4.308333333333334,0.6306133156413666,1.1877117,True,True,234.40979,11.148,11.198,10.035,8.425
2984776600256040320,80.37121543530822,-15.352920378405356,0.0757363013153132,161.01694915254237,0.01,7.551540429901303,16.703076923076924,5.998342541436465,0.7158361890235226,1.0681078,True,True,165.33748,10.767,10.845,10.17,7.94
2985135723943831040,78.81716584329062,-14.488986494352956,0.11660079162623514,171.18644067796612,0.11972993971380404,11.386213970804683,7.592307692307694,3.976923076923077,1.0022806344177961,0.98372614,True,True,193.9526,13.874,13.645,11.312,8.465
5152308777634742016,46.15546216423789,-18.19710044813096,0.06951198870000169,100.0,0.021723928448358305,10.50414909978857,6.58,3.667905405405406,1.1814001543049126,1.0153387,True,True,111.68956,12.033,11.856,11.74,8.977
5107523332575687168,56.04484370399092,-17.956898863863778,0.05397818381152712,161.01694915254237,0.01,7.014978219477349,9.27948717948718,4.006273062730627,0.5678827488321279,1.1057278,True,True,279.44385,11.625,11.685,11.053,8.481
2981818948336660224,78.8902669555491,-17.9101376140714,0.08536679600461176,333.89830508474574,0.03460201435087329,9.030970922115664,32.9,6.3122093023255825,1.2014293341340037,0.99351335,True,True,126.12321,11.042,10.838,9.05,7.604
5154601156299995264,48.069455752315385,-15.736429632513897,0.09444137547791834,181.35593220338984,0.029628775900825636,9.845397874588908,19.387500000000003,8.416279069767443,1.3570249280655784,1.0545856,True,True,153.11221,11.966,11.785,10.574,7.978
5108958607566458880,57.60356204274436,-15.714224925070653,0.052113731069413895,140.67796610169492,0.01,7.1108451962687855,12.063333333333334,6.065363128491621,0.7522865767131948,1.0335594,True,True,204.66386,11.114,11.164,10.686,7.936
5095612460550268160,58.05943938650118,-18.471537893494112,0.19903562647930106,100.0,0.01,6.549001706423982,11.19278350515464,3.796153846153847,0.541036902004188,1.0690035,True,True,198.59708,10.816,10.88,10.845,8.506
5155234612436122496,48.4588338610244,-14.80129964946402,0.16587413054247407,649.1525423728814,0.01,10.93156459155207,27.83846153846154,3.6928571428571435,1.0974653535253152,1.2190765,True,True,46.1214,10.294,10.1,9.962,8.891
5112270920703014400,54.94928234366753,-14.705984861566137,0.06117142407540406,191.52542372881356,0.029628775900825636,8.799729438989008,12.925,3.948,0.7356336039947856,1.0660797,True,True,223.39565,12.212,12.064,10.624,8.287
2982797410606997248,76.6207457632837,-17.368429745769372,0.12221492008497253,110.16949152542372,0.01,6.365971341023892,10.340000000000002,3.976923076923077,0.5250348604674882,1.0093955,True,True,279.3364,11.35,11.414,10.884,8.481
3879236284476714240,147.15713468311318,10.134590739270356,0.06078910339420378,140.67796610169492,0.07516916839274382,10.327394293317298,4.395546558704454,3.948,0.8980079358155161,1.0753347,True,True,209.26372,13.327,13.112,11.861,8.361
589125481283408000,142.77947185308287,10.101996415021617,0.10583411544314304,171.18644067796612,0.26010046434689327,13.06403100914226,6.275722543352602,4.274409448818898,0.9264741106148626,1.0446193,True,True,150.59349,14.43,14.034,11.154,8.17
613745024098111360,144.55997651320703,11.761172087244056,0.024757125220803422,171.18644067796612,0.04041001900131407,8.654021271644188,8.48203125,3.6311036789297666,0.8684047260024315,1.001811,True,True,277.40555,12.598,12.541,10.977,8.228
3884381620937577216,160.36174625818862,12.37759274025726,0.059092760888089825,140.67796610169492,0.01592806495985682,7.810933491912987,5.805882352941177,3.991544117647059,0.7918128228920802,1.1671073,True,True,250.77596,11.809,11.813,11.259,8.274
614279592907690624,145.82534297495923,12.733286236562977,0.02714712736917674,211.864406779661,0.01,5.973062989428154,24.12666666666667,6.701851851851853,0.7017357110579081,1.2562909,True,True,252.04321,10.98,10.969,9.574,7.454
615981808706309248,147.8429378007189,14.058883257069166,0.11453665096042648,120.33898305084746,0.4142897092206239,12.354871278971093,3.9053956834532375,7.8673913043478265,0.9523826986878845,1.0237519,True,True,161.36292,14.071,13.808,11.679,7.178
3883570761176322048,155.52994143889094,12.077081601617566,0.18164229624945138,700.0,0.01,8.995481488841863,49.35000000000001,4.3428,1.4366847661950284,1.0978781,True,True,36.18861,8.431,8.346,8.246,7.697
3877372298734606080,154.14618992470233,10.748867479876704,0.18013499906598168,700.0,0.01,8.874221346588193,41.75769230769232,4.1125,1.4374745974382677,1.240194,True,True,45.235035,8.733,8.693,8.556,8.116
4846572527101986560,52.46197645586567,-45.26786462370399,0.17803711805829708,700.0,0.01,7.998729785263866,41.75769230769232,4.449590163934427,1.0569398149958682,1.1759274,True,True,86.615585,9.481,9.417,9.304,8.801
4802594261014944896,86.49861441904272,-43.979203172032165,0.04775606645436029,171.18644067796612,0.04719290672293913,9.708922014083486,7.190066225165564,3.809473684210527,1.0236616098441196,0.8714351,True,True,275.96347,13.249,13.084,11.664,8.856
4832911610523071744,54.61937521250519,-48.52087110497536,0.12230100577638278,181.35593220338984,0.029628775900825636,9.02516156851645,13.91923076923077,5.401492537313433,0.857986650361356,1.0183532,True,True,260.13422,12.564,12.45,11.13,8.512
4812321124989687296,77.43184635476484,-43.420647766577,0.19453979653814016,700.0,0.01,11.087675535417532,54.285000000000004,8.225,1.879274910640357,1.1393354,True,True,20.39576,8.563,8.4,8.259,8.047
4833165185392521344,56.7419637337773,-47.997557708668666,0.08258230366931955,100.0,0.011678516340565069,6.627156630228282,11.674193548387098,5.483333333333333,0.6013048609723773,1.1012048,True,True,264.07037,11.435,11.498,11.343,8.469
4835149494642916096,57.13730810424004,-45.47243536936242,0.04647642555633128,130.50847457627117,0.04041001900131407,9.17548597616646,5.145497630331755,4.63974358974359,0.8085963188672438,1.044133,True,True,284.7271,13.0,12.862,12.211,8.726
4831864394417396608,61.15438806766004,-47.177240058722326,0.029446942518893314,262.7118644067797,0.01,7.7572247654590125,22.15714285714286,4.081578947368421,0.7675399410242488,1.0421349,True,True,252.43365,11.799,11.791,10.662,9.105
4846336613138706048,51.36332625691662,-45.94368568463133,0.030682613634142215,171.18644067796612,0.013638774391684533,8.86611830937985,12.063333333333334,4.241015625,0.9813026984520058,1.0480797,True,True,194.33165,12.006,11.946,11.19,8.816
4786978584560359168,73.55008827034123,-46.73003968807718,0.185188813259518,100.0,0.01,7.095941158801203,16.45,3.559672131147541,0.7864267658334136,0.9430091,True,True,186.4706,10.865,10.914,10.752,8.859
4847054559871837952,49.859880189732266,-45.809399134329766,0.03374039890780612,161.01694915254237,0.0643653407681979,10.607908286940276,11.19278350515464,6.620121951219512,0.896296570086759,1.0029638,True,True,163.9317,12.817,12.625,11.148,8.098
4798325200961730560,78.46810714712296,-46.95624885897204,0.06812075729676798,161.01694915254237,0.04719290672293913,10.229107030289418,5.805882352941177,3.513592233009709,0.7964903810965771,0.9817625,True,True,270.1958,13.6,13.368,12.139,9.122
4815567089473257216,68.68667347888803,-42.61512262313348,0.09224295846627713,100.0,0.03460201435087329,10.208316684278241,7.645774647887325,4.782819383259913,0.9094109968596121,0.9330582,True,True,115.54572,11.961,11.815,11.509,8.376
4790635216636846464,69.79893584343345,-44.49015891084152,0.12722313122542123,120.33898305084746,0.01,6.440320570886329,12.479310344827589,3.9336956521739133,0.4973843605720649,1.2310024,True,True,296.35147,11.505,11.555,10.989,8.618
4834488000959755520,54.30589787658488,-46.16892828345196,0.17489395841637714,700.0,0.01,9.84017066611712,43.428000000000004,4.0662921348314605,1.518522740043056,1.2960844,True,True,45.56587,9.456,9.3,9.164,8.806
4809945217801034368,76.11605787230063,-47.10416432404541,0.1808737666473117,100.0,0.01,7.856151962306921,18.095000000000002,4.096981132075472,1.2744111343982838,1.0091351,True,True,152.11082,10.662,10.701,10.521,8.756
4800326999319012608,80.82962030496371,-44.0136146688024,0.18616301450415587,679.6610169491526,0.01,7.584092936236733,51.7,11.309375000000001,1.0888906269831162,1.018677,True,True,66.6385,8.721,8.797,8.549,7.434
4836426263864553856,56.56050126611954,-43.98219957787528,0.08058666626626526,150.84745762711864,0.07516916839274382,11.39226166856665,5.998342541436465,4.208139534883721,0.9943793251397023,1.0623128,True,True,179.59592,13.54,13.333,12.074,8.72
4790455034169070592,69.68840058083363,-45.1446802396667,0.07807780761836525,303.3898305084746,0.01,7.289977526236459,37.43793103448276,9.440869565217392,0.7990711164058282,1.2002046,True,True,136.12312,10.277,10.307,9.181,7.677
4835704679295454592,57.80740317568247,-43.86317630070657,0.05415654768981889,110.16949152542372,0.025370325336541884,8.882012573053373,7.539583333333335,5.244927536231885,0.9239222296792944,1.071597,True,True,215.04378,12.152,12.1,11.854,8.705
4751094854356264192,46.94591460330735,-46.64150325085799,0.043180253243120935,171.18644067796612,0.05511431323226077,11.263892948593092,8.826829268292684,4.128136882129278,1.0994343202915435,0.9732693,True,True,161.31361,13.306,13.077,11.53,8.814
4831883257913804288,60.52554001092848,-47.39282226439737,0.04534523220128606,191.52542372881356,0.029628775900825636,9.863898728694128,11.07857142857143,3.7181506849315076,0.8824148133361099,1.0812347,True,True,228.75777,12.964,12.782,11.51,9.048
4802891232233906432,84.71141714545458,-43.459966713059096,0.11332979493219833,130.50847457627117,0.029628775900825636,10.046925271136963,6.7856250000000005,3.536482084690554,1.0060955406571932,1.0959495,True,True,178.81607,12.447,12.326,11.816,8.715
4848071505048399744,50.45470104711388,-42.48658003679056,0.17222045736026484,140.67796610169492,0.35474515523996636,12.936528581545138,3.571381578947369,4.377822580645161,0.7918088083994149,1.0272003,True,True,251.99312,15.396,15.134,12.55,8.727
888177560114654720,104.62728494091606,30.25441471631137,0.06205815576007126,140.67796610169492,0.013638774391684533,8.272371063332674,7.335810810810812,3.667905405405406,0.5896350068714333,0.99367416,True,True,183.41869,11.517,11.507,11.019,8.247
896328166796274560,109.61644724981224,33.744051379229525,0.13567174452639785,161.01694915254237,0.35474515523996636,13.19347795204447,4.036059479553903,3.705460750853243,0.8040735441131257,1.0060544,True,True,203.16992,15.194,15.085,11.664,8.271
942730448002878976,95.95502731591183,35.37359864923179,0.12530397834193527,700.0,0.01,10.073706775764188,33.928125,4.081578947368421,1.406243386383648,1.2927742,True,True,36.72316,9.174,9.03,8.877,8.174
880438613162040448,115.20347079654844,32.39610004779883,0.07603137633784954,150.84745762711864,0.05511431323226077,9.673855339966233,4.8686098654708525,4.8686098654708525,0.8273346484509428,1.0156293,True,True,229.56503,12.782,12.642,11.485,8.151
881433739904863616,118.833680424697,33.329191858577374,0.1978470179179717,700.0,0.01,8.47266961764259,29.343243243243247,4.291304347826087,1.0331552167101816,1.3583513,True,True,68.686356,9.483,9.44,9.314,8.158
903564400711158016,128.03150015972005,34.746649141364216,0.07381420970024569,130.50847457627117,0.01,6.0410884480559215,14.100000000000001,7.09607843137255,1.345621975871464,1.1778524,True,True,241.4495,10.945,11.012,10.453,7.649
706814388423217408,131.55949116806755,31.27367668528625,0.11311967808242786,140.67796610169492,0.021723928448358305,9.284553742713522,6.871518987341773,4.1125,1.181409111295117,1.0404891,True,True,156.44016,11.618,11.557,11.056,8.098
3435347596210300672,97.54268571065532,30.06098463454752,0.15368689909289998,700.0,0.01,11.838583408718472,33.928125,4.274409448818898,1.5676446225616258,1.1537926,True,True,18.467594,9.018,8.822,8.637,8.092
4783185509962176512,72.69164479001601,-52.84000253459924,0.1381572282251641,700.0,0.01,8.754909712134342,41.75769230769232,7.050000000000001,1.066622575681643,1.2207031,True,True,62.45748,9.482,9.402,9.135,8.265
4796902359900056832,82.97819126655641,-49.50725418162301,0.08477217096546086,150.84745762711864,0.10252153289191773,10.859147827119342,6.099438202247192,5.09718309859155,1.0654924120258251,1.0004662,True,True,249.5821,14.001,13.751,11.94,8.581
4782677325135474560,63.99161505433528,-49.069613230692255,0.10510039972942069,191.52542372881356,0.0643653407681979,10.987661297120795,10.966666666666667,4.395546558704454,1.0869614091457138,1.0733868,True,True,229.12134,13.651,13.46,11.623,8.987
4829685093651261824,58.25302360773976,-49.92944412067546,0.03434933759607517,211.864406779661,0.04041001900131407,8.197082477431033,40.211111111111116,16.2044776119403,0.7296872326343047,1.0884346,True,True,208.09637,11.669,11.619,9.534,7.225
4772266186971169792,81.44336785265995,-51.35703069970069,0.19931860903928117,700.0,0.01,9.753257688648734,49.35000000000001,6.660736196319019,1.7022820814857762,1.1827322,True,True,38.01877,9.051,8.929,8.805,8.469
4771486637523022464,77.05158846723967,-51.89148771228731,0.0872005396318677,150.84745762711864,0.01,8.18514782857163,12.624418604651165,3.536482084690554,0.7049917025030864,1.0025278,True,True,221.21004,11.732,11.722,11.237,9.005
4779007159617887232,65.64254073053088,-54.77749910007617,0.05942050120988439,130.50847457627117,0.03460201435087329,9.393164748508527,5.90054347826087,4.308333333333334,0.7910385398451097,0.986508,True,True,273.99362,13.208,13.065,12.409,9.005
4778540142053730176,65.37638080943117,-55.93827862257703,0.06361717564777693,130.50847457627117,0.03460201435087329,9.664673818529849,5.90054347826087,4.241015625,0.8520901003938213,1.0317388,True,True,256.9577,13.196,13.09,12.32,9.071
4781434125378879488,66.63923315826061,-51.77319016343392,0.11913516500069238,171.18644067796612,0.03460201435087329,9.417968220924047,9.35948275862069,3.948,0.8913736590432007,1.0368518,True,True,298.00418,13.154,12.978,11.818,9.104
4784120674665089664,71.86896489405076,-51.46919476034137,0.1771165406667459,700.0,0.01,8.931002236647265,36.190000000000005,3.8637010676156582,0.8949917517560296,1.2695982,True,True,64.82078,9.67,9.597,9.451,8.89
4777730970215732224,68.8825468947068,-53.31341932166618,0.04502984935781169,140.67796610169492,0.01592806495985682,7.753843850009202,20.87884615384616,10.857000000000001,0.7314364925915872,0.9924624,True,True,200.9675,11.431,11.458,10.815,7.855
4782229931278586880,63.53084426444385,-50.28976503492117,0.032535418843896415,130.50847457627117,0.0643653407681979,10.275206208898979,4.1125,4.431428571428572,0.8309431990915224,1.0196798,True,True,277.19434,13.807,13.636,12.775,9.058
4771253197460568832,78.01711652157282,-52.59547099229149,0.16519761655755802,700.0,0.01,8.359171320833518,35.02258064516129,4.561764705882354,0.8534553347705705,1.2005739,True,True,82.93727,9.738,9.725,9.575,8.867
4788460966752654848,66.49293811498511,-49.34745193790717,0.17882364080002766,700.0,0.01,8.954991151973818,36.190000000000005,4.308333333333334,1.0646265017621876,1.202871,True,True,64.772934,9.742,9.662,9.523,8.714
4731763137837520128,59.1764073736216,-54.622181801980425,0.1829317281313424,100.0,0.01,6.715921937823076,22.15714285714286,5.348275862068966,0.5217870795834992,1.0077401,True,True,213.35352,10.685,10.729,10.368,8.253
4737211355391693440,49.81895559552464,-50.10591174556356,0.17115082856904643,700.0,0.01,10.412649025358848,38.775000000000006,4.021111111111111,1.5927277973794773,1.2852417,True,True,38.150356,9.461,9.323,9.191,8.833
4778212212711874176,69.83490452886521,-52.12510365825485,0.14762535935403015,140.67796610169492,0.04719290672293913,10.100027378411689,4.175769230769231,3.976923076923077,0.9746159625326737,1.092102,True,True,257.03906,13.299,13.142,12.374,8.957
4772817974305942656,77.97773303987185,-51.64187584239186,0.12687835333534658,100.0,0.01,10.913037272832423,23.1,4.395546558704454,1.4577957881682804,1.1317781,True,True,63.810867,10.805,10.664,10.347,8.627
4770988661834825728,75.61734413758538,-53.16865280054338,0.17531638075305173,700.0,0.01,8.314548916038849,40.211111111111116,5.511167512690355,0.9038006099985534,1.2775902,True,True,73.81935,9.382,9.394,9.267,8.675
4772344290952435200,81.77019913021945,-51.3894307749382,0.16462009397189334,100.0,0.01,6.623616407245305,16.2044776119403,3.7829268292682934,0.845022035986531,0.9728591,True,True,272.32074,11.445,11.518,10.937,8.936
4728487967576289024,45.75414630852298,-55.41387808548455,0.17895650075375566,700.0,0.01,11.83630775027275,41.75769230769232,4.208139534883721,1.686485185061035,1.306706,True,True,22.116747,9.444,9.24,9.075,8.553
4747838410152411008,46.81386098813793,-50.41947219784741,0.09743267496592298,161.01694915254237,0.025370325336541884,11.546076271963177,10.052777777777779,3.991544117647059,0.996983976301778,1.0555689,True,True,82.71928,12.189,11.943,11.036,8.317
4771959805478959104,80.13567612654334,-52.55381525646597,0.09968081161338185,242.3728813559322,0.03460201435087329,9.58777811491508,18.095000000000002,3.948,0.8707188705237033,1.1501353,True,True,222.2061,12.745,12.439,10.787,8.855
4734892932045724672,47.30624035794744,-53.5462554319176,0.11343970346909271,171.18644067796612,0.01,9.63595691451641,13.403703703703705,3.976923076923077,1.1842118146029508,1.110538,True,True,132.18343,11.485,11.342,10.932,8.767
4770060708380985984,82.37186544237974,-54.41156993610733,0.18054686155440866,700.0,0.01,8.836204526898797,41.75769230769232,4.3428,1.285450878159405,1.061287,True,True,79.74115,9.786,9.762,9.634,9.08
4779795062778837632,61.29187144118482,-54.110021789773945,0.09967063433302825,130.50847457627117,0.11972993971380404,11.616255640295332,4.021111111111111,4.431428571428572,0.8798707094114161,1.0700257,True,True,203.48166,14.137,13.971,12.668,8.854
4683292404677021312,60.79212117302792,-56.40628511194994,0.08168471744970975,161.01694915254237,0.013638774391684533,8.829794252635184,14.671621621621624,5.511167512690355,0.7873274385968697,1.0534934,True,True,178.39429,11.895,11.839,11.087,8.614
3102393455026065280,102.9321722004198,-3.901323668083224,0.04150880426360768,201.6949152542373,0.018601616690726987,8.066943816216337,10.74950495049505,3.7697916666666673,0.7503165045623174,1.1032795,True,True,212.14365,11.583,11.668,10.177,7.978
3105740402780461440,101.06338086333038,-2.933905777100214,0.18160025316396636,100.0,0.01,5.991412758951518,11.930769230769233,3.606976744186047,0.6425249971034974,0.9647797,True,True,249.88492,10.937,10.994,10.632,8.479
3116778223912998528,94.77215102315604,-4.035387865341286,0.04431074792930691,150.84745762711864,0.26010046434689327,11.067584692754007,6.7856250000000005,6.660736196319019,1.072209689977743,0.9908819,True,True,278.1231,14.385,14.255,11.29,7.848
3101692550722877568,104.88575638680176,-4.461738037839846,0.058408452267588784,211.864406779661,0.0877864361381346,9.295403615358474,15.51,6.3122093023255825,1.1544436974181236,1.0402143,True,True,258.0796,12.83,12.764,10.006,7.652
3108643972474790272,105.44533051913318,-3.04792227496158,0.13453468862526005,150.84745762711864,0.0643653407681979,10.770304442930518,6.50119760479042,4.60042372881356,1.101773319996474,0.95731354,True,True,151.73491,13.027,12.855,11.261,8.163
3072660457288502272,127.80186597155516,-3.080398560979192,0.19783151634138033,700.0,0.01,8.550639292823686,31.93235294117647,3.595033112582782,0.8165930449361151,0.9873865,True,True,65.98672,9.41,9.384,9.34,8.601
3072695611596333440,128.1400536811134,-2.789522808973366,0.15151259213799093,100.0,0.01,5.74452135402886,13.743037974683546,4.8039823008849565,0.5993031575684623,0.89723665,True,True,226.36732,10.678,10.762,10.421,8.018
3108637753362265344,105.46019222511964,-3.1871043476784493,0.14328922723778473,191.52542372881356,0.1907066257401213,10.686551481599658,6.239655172413794,4.957534246575343,0.8559436306975353,1.0207589,True,True,244.6069,13.917,13.838,10.547,7.948
3116698822857668736,96.53350754719712,-3.45409627177724,0.1594170264087723,232.20338983050846,0.0877864361381346,10.675974007939386,15.07916666666667,5.145497630331755,1.439419662100243,1.0783472,True,True,196.47586,13.041,12.778,10.432,8.283
3074835192504074496,130.83597136913087,-1.0792436782389403,0.03139920046019471,100.0,0.021723928448358305,7.248820998454062,4.980275229357798,4.360240963855422,0.9746408189185893,1.0306169,True,True,247.77518,11.566,11.619,11.449,8.195
3122254891332047232,91.48396844763012,-0.1919106493733899,0.06054128458744691,171.18644067796612,0.018601616690726987,9.288099888726428,6.58,3.502258064516129,0.9532478805442807,1.1135156,True,True,175.97583,11.993,11.835,11.006,8.448
3061588035898344064,111.70891422207173,-2.1418158500098428,0.03673091806863061,161.01694915254237,0.029628775900825636,7.3889099523024075,14.100000000000001,9.20084745762712,0.7215383939483971,1.0910599,True,True,247.57068,11.598,11.643,10.298,7.387
3062141846160689792,113.36347387848517,-0.9344082971013984,0.1963569349661915,700.0,0.01,7.57924143112562,33.928125,4.241015625,0.8963166429545041,1.2724936,True,True,80.69929,9.182,9.234,9.111,8.209
3057621307182464384,115.74159084217294,-3.461620677300113,0.05264017365536051,171.18644067796612,0.021723928448358305,7.998606211371149,8.616666666666667,3.6311036789297666,0.7121526395236726,1.0521176,True,True,283.77567,12.229,12.167,10.967,8.27
3106843659620937472,100.17513719384276,-1.6757061472720478,0.1406341866755702,100.0,0.01,6.142517739170315,14.671621621621624,4.8039823008849565,0.6479872786387116,1.0302083,True,True,219.75302,10.746,10.822,10.359,8.102
3070973943890289152,123.71926848533565,-1.8123474098649253,0.1260372224285818,100.0,0.011678516340565069,6.684468293705566,6.168750000000001,3.6928571428571435,0.4075334505146785,0.959118,True,True,242.81401,11.331,11.396,11.3,8.306
6578590210305079040,324.5210033870211,-40.8955237948804,0.14357342012947627,100.0,0.01,6.240726382385361,12.925,3.9624087591240875,0.6747764068885254,0.96762425,True,True,220.52393,10.846,10.909,10.553,8.313
6582207363043343616,321.65834317546984,-40.214994212140994,0.09768545887609187,130.50847457627117,0.03460201435087329,10.120118200991827,5.049767441860466,3.9053956834532375,0.9643331190039799,1.1566947,True,True,166.0937,12.403,12.24,11.778,8.545
6533301498155066240,359.1616400836744,-41.422699829733055,0.075800380839535,150.84745762711864,0.011678516340565069,7.670812292161978,8.755645161290323,4.021111111111111,0.894778685538889,1.206373,True,True,247.0199,11.59,11.601,11.157,8.485
6549216928966817024,349.44812252119254,-38.07079476464493,0.1877664918834278,700.0,0.01,8.74725391505238,41.75769230769232,4.006273062730627,1.5380998721468893,1.3504819,True,True,49.479946,8.861,8.787,8.683,8.223
6550558019619725312,351.1780852668309,-38.1660584589468,0.05442654755834694,191.52542372881356,0.05511431323226077,13.29104124269364,14.87260273972603,6.50119760479042,1.1547973446162463,1.3763483,True,True,52.76296,12.069,11.848,10.237,7.773
6548405867341984000,349.3577178063987,-40.4465649182809,0.15888034716120816,700.0,0.01,9.62265222865621,54.285000000000004,7.487586206896553,1.5334649824664375,1.1429203,True,True,28.943947,8.168,8.07,7.976,7.497
6571724378664214656,329.5436956216303,-41.45123018831874,0.11477437764174066,161.01694915254237,0.35474515523996636,12.04578868481165,7.592307692307694,4.957534246575343,0.8725659265892645,1.0109503,True,True,268.02374,14.838,14.669,11.271,8.007
1971901708448292352,319.688800989954,45.53687215548707,0.09914771597455455,150.84745762711864,0.01,6.548196070757612,14.285526315789475,4.761842105263158,1.158988438612304,0.999514,True,True,257.82272,11.1,11.17,10.576,8.159
1982298454181277568,341.19257253930215,44.573531835653,0.05793604642970416,161.01694915254237,0.01592806495985682,8.140352418869384,8.6856,4.325498007968128,0.757293580392878,1.2433468,True,True,257.0329,11.927,11.955,11.225,8.521
1968899324459487104,320.1471278804584,42.330435718152565,0.03832751726426204,171.18644067796612,0.013638774391684533,7.37312457416188,13.571250000000001,5.90054347826087,0.7170073770920187,0.98646086,True,True,280.43582,11.869,11.952,10.987,8.466
1967598116857215360,323.00274860642384,42.43608367953914,0.16364356239990127,100.0,0.01,5.90448111380733,11.674193548387098,3.7829268292682934,1.3149185172638012,1.0290579,True,True,284.33975,11.2,11.282,10.881,8.631
1966840484626886528,324.9276661257656,42.47364232992727,0.09240333835654849,181.35593220338984,0.22271704449600335,11.469169829290053,8.351538461538462,5.9327868852459025,0.8643780884734198,0.99634975,True,True,220.71794,14.172,14.198,10.698,7.863
1974294559292341632,327.2331712384301,45.570572086712886,0.03724588527051731,150.84745762711864,0.029628775900825636,11.407126559822608,6.58,4.0662921348314605,1.0497596359858679,1.0462815,True,True,98.85624,12.318,12.171,11.336,8.462
1974798410495635968,327.64729051956294,47.55243079314471,0.10630271949310847,191.52542372881356,0.03460201435087329,9.064652561584934,14.671621621621624,4.413414634146342,0.8186152830925748,0.97841483,True,True,245.15372,12.461,12.431,10.789,8.323
1925997652040772224,358.68196828439767,44.39219474416937,0.0381789954609094,150.84745762711864,0.013638774391684533,8.087386393685657,8.042222222222222,3.9336956521739133,0.8671839963657046,1.0510082,True,True,251.12614,11.933,11.951,11.325,8.681
1967592176927819136,323.5696649770956,42.61171929915701,0.08670369438580491,171.18644067796612,0.01,8.07252850810799,15.734782608695653,3.6928571428571435,0.8069707416004097,1.0544927,True,True,164.23991,11.019,11.045,10.432,8.281
1970648681816475136,320.4868438287051,43.28218857496334,0.0350171036260382,191.52542372881356,0.01,7.202142796534133,12.624418604651165,4.720434782608696,0.6032171734826547,1.051447,True,True,256.66003,11.556,11.638,10.65,8.499
1970754303652231168,320.8762346326944,43.69221270778012,0.17047651991144766,100.0,0.01,8.499216268744243,22.618750000000002,3.9194945848375453,0.8977087015227617,1.068284,True,True,114.33088,10.562,10.537,10.042,8.542
1970557800312022656,321.0873556041298,43.48061054736723,0.0834890638661344,100.0,0.01,6.453802196204715,9.440869565217392,4.021111111111111,0.4136854378158186,0.96292686,True,True,249.19789,11.132,11.237,10.928,8.521
1971930128262625664,319.66540168798645,45.70431683758641,0.19831690204051827,222.03389830508473,0.05511431323226077,9.374464569713016,13.91923076923077,4.377822580645161,0.8583049041250723,0.9400305,True,True,267.2266,12.716,12.691,10.553,8.372
1922383316803470592,356.83616138581243,42.636613157521495,0.16545793780469056,628.8135593220338,0.01,12.60709723514351,30.15833333333334,4.081578947368421,1.6657328971071512,1.1268984,True,True,21.958666,9.898,9.678,9.49,8.482
1967775554851509504,324.2546959624983,43.72753372394334,0.12158327512112935,171.18644067796612,0.11972993971380404,10.780365320027347,5.71421052631579,3.5831683168316837,0.8811027928767219,0.9406714,True,True,298.51196,14.131,13.991,11.691,8.66
1970714411997484032,320.1544751953016,43.55532914508038,0.15116749791851186,100.0,0.01,6.592250251418655,15.51,5.049767441860466,1.1389060849649746,0.95521593,True,True,167.94379,10.328,10.406,9.974,7.971
1970808111003662720,321.10698999326274,44.32665348309656,0.0694106874606837,171.18644067796612,0.0643653407681979,9.95119764462697,5.868648648648649,3.5831683168316837,0.7934520917581788,1.0107527,True,True,279.52295,13.456,13.338,11.589,8.646
1970884458343660800,320.9320342017833,44.83676002340565,0.08636458183581615,181.35593220338984,0.03460201435087329,9.855404973242996,10.966666666666667,3.9624087591240875,0.7192317930627307,1.0458604,True,True,162.45744,12.39,12.297,10.825,8.183
1969018690187034880,318.06611638792714,41.93490171520652,0.04673549131525388,171.18644067796612,0.04041001900131407,9.744381769898784,7.335810810810812,3.705460750853243,1.0339227667741615,1.025789,True,True,239.26526,12.942,12.824,11.508,8.615
1972919581341116800,326.12370950768576,43.577482304073854,0.039623296411807625,161.01694915254237,0.26010046434689327,11.850975684702913,5.868648648648649,3.655555555555556,0.9510921468204889,1.1506902,True,True,286.72784,14.966,14.812,11.754,8.579
1940311369290981376,354.31710854837394,48.45936875089529,0.13659746320832272,161.01694915254237,0.16329696356865636,10.249268003639731,6.743478260869566,5.483333333333333,0.8471073514602359,0.9875601,True,True,272.6134,13.857,13.739,11.142,8.027
1974176980273662208,326.27938922980445,45.896195367271815,0.05230654279770955,171.18644067796612,0.07516916839274382,10.069397394007733,5.90054347826087,4.081578947368421,0.9096054281463598,1.0011683,True,True,259.23517,13.547,13.484,11.422,8.48
2161763903167657728,315.3708258805425,42.3169030549152,0.05760655499634116,171.18644067796612,0.013638774391684533,6.840861287177153,13.080722891566266,6.386470588235294,0.5945453886961942,0.94127685,True,True,226.02545,11.133,11.239,10.085,7.537
2161888422860486400,315.62287780584006,42.93161748714541,0.047635633806755194,150.84745762711864,0.10252153289191773,9.796369981187237,7.286577181208055,6.349122807017544,1.0142913231796988,0.9881405,True,True,278.65472,13.398,13.328,11.401,7.935
1963099812932533248,332.68454348672225,45.79986896574563,0.17889418436529203,700.0,0.01,8.45425752869205,49.35000000000001,5.837096774193549,1.128572010540132,1.1074705,True,True,50.121227,8.686,8.664,8.529,7.938
1983973250908839680,342.71105243268784,46.379803322199926,0.07716439334313824,100.0,0.025370325336541884,11.876057801865205,7.385714285714287,3.502258064516129,1.141618266869179,0.99574673,True,True,65.46293,11.848,11.661,11.33,8.728
1970155241620728064,317.0782805314527,43.64473860745443,0.028087767836594214,161.01694915254237,0.01,10.059908613869315,13.080722891566266,3.7567474048442913,1.1643546981175696,1.084247,True,True,96.2491,11.339,11.215,10.717,8.56
1971476850283205120,319.1921874296946,43.93441083805555,0.0639314505028567,181.35593220338984,0.11972993971380404,10.919488998579666,9.960550458715597,5.1947368421052635,1.0780361961481675,0.97691166,True,True,246.68242,14.081,13.956,11.388,8.56
1940334665193599104,354.3778318172142,48.47096453542031,0.1177822727689178,191.52542372881356,0.025370325336541884,10.35654830149576,14.285526315789475,4.159770114942529,0.9040698943829653,1.0517764,True,True,119.837555,12.149,12.024,10.627,8.265
1937871926648070528,350.2649089072316,44.934236399012,0.16491372016867778,700.0,0.01,8.533373801126093,45.237500000000004,5.744444444444445,1.3911052107115907,1.1169198,True,True,56.098938,8.99,8.953,8.838,8.192
1977256815420066304,325.4594500150152,46.26904139648573,0.18448991011432453,100.0,0.01,9.0223204401517,19.740000000000002,3.513592233009709,0.8871718455305555,1.0019342,True,True,92.99117,10.592,10.528,10.19,8.714
1933722679003739648,339.3938998034829,43.08428695958627,0.10254809903795,150.84745762711864,0.1398268057402531,13.030577010869592,4.60042372881356,3.8228873239436627,1.0741350850692548,0.99349993,True,True,132.33417,13.893,13.634,11.961,8.594
1971505063938040320,319.576262322217,44.12869095760341,0.11460430833556391,140.67796610169492,0.10252153289191773,10.238614100820886,5.775,4.912669683257919,0.8766280249113091,0.97470194,True,True,280.05774,13.549,13.478,11.98,8.461
1958915720212204928,334.5892634560996,43.945029011142815,0.15643089536114882,700.0,0.01,9.98815672269318,49.35000000000001,5.567692307692308,1.9558875531917064,1.2665936,True,True,33.856983,8.89,8.719,8.601,8.234
1975645515489226368,333.5697046895543,48.415209117374864,0.033931770791259426,171.18644067796612,0.018601616690726987,8.188706538846011,9.27948717948718,3.655555555555556,0.7513182640830062,1.3954742,True,True,275.97446,12.232,12.226,11.214,8.593
1960924807131391104,330.3354257625929,43.21990294261073,0.1855387544188247,700.0,0.01,6.306866148385181,30.15833333333334,4.63974358974359,0.6035818617503647,1.0037799,True,True,138.63043,9.77,9.84,9.391,8.307
1976049998326978944,328.581396284591,47.41802071515205,0.04554261709095652,191.52542372881356,0.1907066257401213,10.472473738355035,8.416279069767443,3.8363957597173153,1.0430923438493618,0.9632612,True,True,271.09534,13.821,13.714,10.488,7.811
1967614403379881984,323.31151731400206,42.93230073762048,0.032337326566023415,140.67796610169492,0.07516916839274382,11.322583027398606,3.948,3.7697916666666673,1.0308313877294628,1.007938,True,True,178.3787,13.522,13.346,12.146,8.619
4865022263496706432,66.09399459078334,-39.853496457650586,0.15575764012515506,323.728813559322,0.01,6.740288840940643,16.9640625,3.513592233009709,0.4784939176024812,1.0407032,True,True,252.11404,11.314,11.386,10.339,8.712
4817873486911327744,72.42992020365963,-39.19025868779688,0.12126290774565003,130.50847457627117,0.03460201435087329,10.384357174553156,6.959615384615385,5.21971153846154,1.1111810105181479,1.0615902,True,True,141.01216,12.166,12.05,11.54,8.288
4823360079996664064,75.84421467619786,-38.51577523205839,0.05053292195078165,130.50847457627117,0.1398268057402531,10.954165726911857,3.8363957597173153,5.539285714285715,0.8800348073499985,1.0127276,True,True,253.23344,14.033,13.889,12.431,8.417
4864163682354681088,68.24138221248924,-39.65720263770435,0.06298760488523708,150.84745762711864,0.03460201435087329,9.106578604873299,6.3122093023255825,4.782819383259913,0.8700242584616091,1.0977397,True,True,245.56953,12.625,12.45,11.569,8.513
5044820658343265536,46.88068703855455,-38.64397889391429,0.02849487835380261,120.33898305084746,0.05511431323226077,10.190674108976276,3.705460750853243,4.051119402985075,1.0155811462833342,0.98788697,True,True,215.89102,13.253,13.09,12.452,8.796
4844359313274922368,63.95851167829912,-38.79166001813839,0.05542018230084197,181.35593220338984,0.0877864361381346,11.524154832793164,8.6856,4.63974358974359,0.9928275067747192,1.1048249,True,True,169.04216,13.63,13.369,11.291,8.553
4843191593270342656,59.01587563718896,-40.5301454610433,0.1430642380148726,232.20338983050846,0.07516916839274382,11.085591692411263,13.91923076923077,3.809473684210527,0.8845015646467213,1.0639758,True,True,211.61754,14.017,13.636,11.14,9.03
5044288078102521344,45.81826100458593,-39.93812301276195,0.1345838426735665,150.84745762711864,0.1398268057402531,12.988252922680322,4.191891891891892,3.7567474048442913,0.9782949083195445,1.0601944,True,True,161.44969,14.489,14.24,12.313,8.854
4843074396498644480,59.283833305460256,-41.35314662793005,0.12085855105322461,110.16949152542372,0.01,7.987657485935527,15.734782608695653,4.825333333333334,0.8017661151328119,0.991527,True,True,195.81723,11.539,11.539,11.11,8.799
4807139057968675712,81.65063376715315,-40.80265510377547,0.1713109128823813,700.0,0.01,8.965587061657473,43.428000000000004,5.270388349514564,1.32810062782455,1.2328124,True,True,51.86266,9.01,8.972,8.843,8.338
4820225509785234944,78.03491556364921,-38.56592085709321,0.18985538492129847,700.0,0.01,8.751197617907772,43.428000000000004,5.744444444444445,1.1144327649357235,1.1289827,True,True,53.96869,9.18,9.12,9.009,8.315
4807820926976298112,84.92759557710721,-40.07907254112816,0.18507598168603126,100.0,0.01,6.641616146937533,16.45,4.431428571428572,0.44315748396684357,0.9513748,True,True,194.1229,10.804,10.866,10.584,8.502
4845103407768963200,59.500869516110455,-38.8190066206984,0.04217417607510092,140.67796610169492,0.04719290672293913,9.671380942072128,4.679741379310345,3.850000000000001,0.9610422362492388,1.0753953,True,True,276.08945,13.246,13.066,12.226,8.823
4823535318959536256,77.04488598378188,-37.313743474528565,0.1949922477121789,700.0,0.01,9.006526498378449,43.428000000000004,4.096981132075472,1.4988277590188517,1.2054963,True,True,58.651875,9.264,9.223,9.1,8.72
4817857337834031744,71.5608953956039,-38.91310690957989,0.10752480551745147,120.33898305084746,0.04719290672293913,8.309415382608643,7.385714285714287,8.755645161290323,0.880045937653585,0.9597627,True,True,252.83298,12.014,12.031,11.42,7.739
2250821115194592000,300.6782669550079,68.9268143323017,0.19697129000623537,700.0,0.01,7.121067354496629,30.15833333333334,4.051119402985075,0.603311102385703,1.1075393,True,True,151.28307,10.432,10.487,10.169,9.049
2251757246267565056,299.48304355041176,71.74731056768039,0.037697257985602764,161.01694915254237,0.04719290672293913,10.218190057275036,8.416279069767443,4.980275229357798,0.9225099501302457,1.0603857,True,True,261.75247,13.613,13.476,12.203,9.106
2250874578947677440,300.9963576688141,69.48164877045765,0.07314550624930609,150.84745762711864,0.07516916839274382,12.527194226636288,14.671621621621624,9.960550458715597,0.8646394108666907,1.0597637,True,True,90.250404,13.007,12.769,11.338,8.148
2250607706859680384,304.4282042066593,70.02361056752058,0.047499407230553625,181.35593220338984,0.029628775900825636,9.784547027498586,9.35948275862069,3.536482084690554,0.8378097110399592,0.98171955,True,True,265.87726,13.306,13.197,11.878,9.388
2250784281555686656,299.1732035452128,68.82617364213456,0.039588880556204256,140.67796610169492,0.011678516340565069,7.9113364610037324,9.27948717948718,4.191891891891892,0.8503449013846686,1.110267,True,True,299.73462,12.295,12.331,11.826,9.051
2250136222530803200,305.52085917119075,68.43096670645592,0.16942219491070928,700.0,0.01,9.542830400573786,40.211111111111116,3.6928571428571435,1.2325457340170105,1.1120933,True,True,57.384727,9.664,9.593,9.482,9.016
2251506454536380928,301.9243601681748,71.27817149699143,0.10395555622865961,211.864406779661,0.025370325336541884,9.712800914255691,14.671621621621624,3.8228873239436627,0.9012393480482189,1.1339672,True,True,256.54102,12.965,12.81,11.514,9.437
2260458021077963392,275.0579347125838,70.70385737596102,0.15161518388118048,120.33898305084746,0.011678516340565069,8.51388487617008,8.351538461538462,3.571381578947369,0.7656131533762253,1.0178611,True,True,290.71432,12.29,12.235,12.245,9.579
2249962465334194048,301.27291605505746,68.41508310662581,0.09908625582362926,100.0,0.01,8.879558432849008,13.080722891566266,3.513592233009709,0.9151975150324952,1.12354,True,True,167.53352,11.534,11.488,11.308,9.199
2249616634567712512,304.0073047210487,67.45106774549814,0.17181776314082478,181.35593220338984,0.04041001900131407,9.882330369890594,10.857000000000001,4.274409448818898,1.2534322625552285,1.0246917,True,True,268.346,13.113,12.945,11.518,8.878
2257376747117006080,276.4278588379313,67.0486257170449,0.09114781549329543,171.18644067796612,0.013638774391684533,8.740951366124897,13.403703703703705,4.741048034934498,0.8192705852818553,1.0537004,True,True,247.53723,12.226,12.224,11.512,9.045
2262384644623763328,285.5113550820378,69.98877017745238,0.12909651413740938,100.0,0.01,8.039237394582896,18.095000000000002,3.8228873239436627,0.8166920074339611,1.0330923,True,True,201.2895,11.409,11.44,11.241,9.36
2262520777907276288,288.48341299825626,69.88408561616488,0.14267909254946676,100.0,0.01,7.9877280281683545,16.703076923076924,3.8363957597173153,0.7543702965691614,1.0398065,True,True,181.5524,11.372,11.379,11.213,9.164
2249740020387689472,305.73254195606137,68.0079738274423,0.16667855702876844,100.0,0.01,10.425707301395569,24.12666666666667,4.3428,1.4357266579141312,1.0935966,True,True,70.99565,10.897,10.759,10.637,9.162
2257124409200338304,279.928402133614,66.82243026648572,0.08607875628917726,140.67796610169492,0.04719290672293913,13.2213693895144,11.80108695652174,6.828301886792453,1.4417774088201747,1.0035743,True,True,66.98558,12.79,12.577,11.622,8.58
2263522570439526272,294.2233309829458,71.50990815345925,0.030568044553645476,171.18644067796612,0.025370325336541884,11.008951674826504,11.55,4.308333333333334,0.985382120201626,1.0639437,True,True,146.5351,12.861,12.656,11.688,9.156
2262077159325810816,288.52688395021136,68.86009066124835,0.05438560522348061,201.6949152542373,0.01,7.0856658799436065,21.28823529411765,5.868648648648649,0.569787716084379,1.0019855,True,True,294.86432,11.891,11.92,10.778,8.707
2262669486854697728,288.9988354110684,70.79873862371731,0.03427474667565654,201.6949152542373,0.01,12.07459718612985,18.71896551724138,3.502258064516129,1.2750688829103833,1.0426134,True,True,67.90472,11.942,11.747,11.087,9.368
2268450375396289920,282.5084273130915,75.28802394334784,0.06731195324302788,222.03389830508473,0.01,6.559501640604113,22.618750000000002,5.049767441860466,0.8266062112546889,1.0125124,True,True,271.01147,11.364,11.411,10.247,8.331
2271217330769945984,313.197612382567,69.91598378265606,0.09112399314869654,150.84745762711864,0.1398268057402531,11.756798615507652,4.7,3.9194945848375453,0.892697153014986,1.0077088,True,True,293.25598,14.767,14.586,12.634,9.173
2266221630968065152,279.8591455541559,72.5455909245789,0.08346226893272157,130.50847457627117,0.01592806495985682,8.406187926787862,9.781081081081082,5.145497630331755,0.777336478069828,0.9838567,True,True,214.79532,12.02,11.984,11.468,8.619
2271629819427622784,314.6582397339393,70.54598941272253,0.11440432741965399,171.18644067796612,0.025370325336541884,9.63283996379726,11.674193548387098,4.504979253112034,1.007525167495853,1.1562728,True,True,232.76314,12.715,12.56,11.605,9.084
2275272119196499712,309.50105459845184,72.65109611294932,0.10551846767304351,110.16949152542372,0.11972993971380404,11.428388374541486,3.5250000000000004,5.71421052631579,0.9632408999428471,1.1155272,True,True,205.86453,14.143,13.926,13.15,8.867
2275469245312151680,303.8641789008632,71.38305472428137,0.03335079592760885,150.84745762711864,0.018601616690726987,7.649022893727579,17.511290322580646,8.416279069767443,0.6883509597948949,1.0190272,True,True,283.6559,12.002,12.046,11.164,8.354
2271630059945803648,314.7762546109245,70.54378200933093,0.07961844598168738,181.35593220338984,0.018601616690726987,10.236951129992107,12.063333333333334,4.308333333333334,1.2229315922521642,1.0374479,True,True,162.13261,12.451,12.279,11.438,9.096
2275499722400330240,304.92749910214206,71.66864312341654,0.04030542642791687,181.35593220338984,0.01,10.331350990850105,13.403703703703705,3.7181506849315076,0.9838766318942437,0.97145545,True,True,142.96588,12.419,12.231,11.588,9.478
2275926092392891520,303.88748485826585,73.22918556145325,0.14857339063397304,191.52542372881356,0.021723928448358305,10.067427194799432,16.9640625,6.168750000000001,1.2292876809156397,1.1520638,True,True,142.01884,11.864,11.759,10.794,8.49
2292577165203912576,285.77230181643506,77.09191449587205,0.05169417644294458,100.0,0.011678516340565069,8.953363119990836,9.960550458715597,3.571381578947369,1.1657178134622956,1.3572243,True,True,154.25746,11.618,11.527,11.424,9.088
2276246325153904768,307.752069067293,74.0449663830473,0.11616342200370929,150.84745762711864,0.029628775900825636,8.494775149026655,10.540776699029127,6.7856250000000005,0.7821950711221951,0.9799656,True,True,259.24475,12.143,12.112,11.301,8.221
2278540176991575424,312.6933847386838,76.12501213742159,0.1637150049510217,201.6949152542373,0.16329696356865636,11.503888704224739,9.440869565217392,3.7697916666666673,0.8990610440632101,0.9526304,True,True,287.5343,14.62,14.289,11.365,8.831
2274445325108462336,307.9641726710578,70.62298563123032,0.16106930004753303,150.84745762711864,0.025370325336541884,9.452049110562374,6.239655172413794,3.536482084690554,0.8960883380546225,1.0679702,True,True,289.16357,13.015,12.84,12.275,9.415
2271326457297887616,309.1886539129256,69.72089456536114,0.18293438704434295,700.0,0.01,8.116514624348278,33.928125,4.9350000000000005,1.053299073664735,1.0237707,True,True,107.73819,10.035,10.069,9.909,8.899
2278389685633399808,314.1505178984073,76.54728422683387,0.13182193371306591,700.0,0.01,10.783597654045824,33.928125,3.7437931034482763,1.9282026542697348,1.3811823,True,True,43.323673,9.859,9.685,9.497,8.852
2294756328530513408,292.76703399744474,79.58513401505883,0.14289026133126131,700.0,0.01,9.732389554205206,37.43793103448276,4.980275229357798,1.4568863449939955,1.2097412,True,True,54.779705,9.746,9.605,9.435,8.522
2297986418814346112,307.3904353889126,80.20043510991833,0.053665995726570895,161.01694915254237,0.04041001900131407,8.496736188774927,14.285526315789475,7.983088235294118,0.8706336905282005,1.0663645,True,True,278.7489,12.43,12.411,11.139,8.125
2303107978336955136,288.675377223893,84.75550982413688,0.10083218452997664,100.0,0.01,6.9057940228703405,9.27948717948718,3.536482084690554,0.46184827176611576,0.9978778,True,True,250.76308,11.405,11.475,11.405,9.027
4652200380574451712,77.90756560684461,-69.66568989880642,0.18743702518024724,232.20338983050846,0.10252153289191773,13.648323552926033,5.244927536231885,3.991544117647059,0.968080329801034,1.0504786,True,True,104.42856,14.096,13.917,11.055,8.993
4657573655182680320,86.21435477190397,-69.91080867127275,0.16952755886161985,405.08474576271186,0.01,5.879716573752721,23.1,6.828301886792453,0.402593376915848,0.8265645,True,True,273.797,11.069,11.126,10.024,8.441
4661387453045052032,76.76798509772588,-68.30907304428695,0.04002073203452116,140.67796610169492,0.013638774391684533,10.523282113271385,15.51,6.3122093023255825,1.0677645761389287,0.98156315,True,True,101.29336,11.787,11.643,11.121,8.683
4659179496223480832,89.02080279216217,-67.77934383727451,0.029049200565355975,100.0,0.07516916839274382,10.549290272795634,5.0263888888888895,5.12122641509434,1.4667397876138712,1.2699518,True,True,180.13734,12.998,12.843,12.515,8.634
4657592969685461120,85.88670733060566,-69.75255690987849,0.19543114558907734,100.0,0.01,7.336197401344801,20.87884615384616,5.049767441860466,0.6091730220907615,0.9362119,True,True,150.41028,10.438,10.531,9.926,8.278
4660178505646521344,82.17247764959673,-67.24080718356255,0.14670356651674624,232.20338983050846,0.0877864361381346,10.502874114664444,19.740000000000002,4.679741379310345,0.8043196628088393,0.99287206,True,True,219.43605,13.56,13.473,10.611,8.571
4622687186315855744,67.05925070228226,-80.10476028176788,0.08790561635640994,110.16949152542372,0.01,10.81391355984577,16.9640625,3.948,1.1571959768742557,1.0114065,True,True,84.22288,11.417,11.267,10.966,9.083
4661485305283404032,76.24192296429206,-67.60404110655665,0.13383943095716364,161.01694915254237,0.04719290672293913,13.554605430640557,8.899180327868853,4.128136882129278,1.09738316975813,0.93504053,True,True,88.281746,13.668,13.406,12.109,9.358
4647922867959139072,87.73918194297565,-76.61958839087755,0.1408602051299918,700.0,0.01,9.242047405781381,33.928125,3.680338983050848,1.2785011241297666,1.3575823,True,True,63.381603,9.725,9.634,9.498,8.825
4656396219967046784,69.25366364427306,-67.80495524314098,0.18466445191888808,201.6949152542373,0.013638774391684533,8.771052958524242,13.571250000000001,3.571381578947369,0.818305234345088,1.0520185,True,True,252.10439,12.176,12.192,11.204,9.093
4670527929376564736,49.80841363670049,-68.32532295921024,0.1399818048734541,150.84745762711864,0.05511431323226077,10.285809039133305,5.4285000000000005,3.705460750853243,1.0185591512579502,1.094479,True,True,247.01936,13.364,13.208,12.167,8.83
4659185745382182016,88.3800227174553,-68.23528603960713,0.09106596291810201,211.864406779661,0.1907066257401213,10.943103068463987,20.105555555555558,8.6856,0.9100027065835357,1.0516859,True,True,280.52023,14.116,13.961,10.619,8.217
4660458533173528704,79.60024591096526,-66.57927820300313,0.044046328412818705,191.52542372881356,0.04041001900131407,9.887366017144993,13.403703703703705,4.542677824267783,0.9881460489047669,1.0386902,True,True,251.52815,13.235,13.125,11.41,8.991
4661789354556966912,77.96325069703386,-67.8300824930276,0.08868099779435086,211.864406779661,0.05511431323226077,10.286889201964033,11.07857142857143,4.291304347826087,1.0352193279637834,1.0026482,True,True,256.12747,13.741,13.613,11.41,9.11
4670316964878875520,50.75040503194311,-68.70185216977015,0.12511240973490262,100.0,0.01,9.769155838741534,20.105555555555558,4.096981132075472,1.0617440518834773,1.1137313,True,True,84.53482,11.014,10.825,10.55,8.774
4658783019195093248,78.6018114741982,-67.94758512224826,0.10302744647190719,191.52542372881356,0.013638774391684533,9.263355625968915,12.925,3.559672131147541,0.935236794162116,0.9839396,True,True,239.31244,12.399,12.391,11.499,9.384
4657724292586921344,86.21185456451026,-68.94142958183934,0.17264613189723457,222.03389830508473,0.01592806495985682,8.979087845581148,14.87260273972603,3.8363957597173153,1.1318141486249114,1.0171152,True,True,191.863,11.733,11.722,10.648,8.731
4622456082715626752,71.48469252442479,-80.66696396958349,0.15466713980061267,100.0,0.01,8.962928000996975,20.87884615384616,4.081578947368421,0.7330079870516827,1.1364158,True,True,97.25161,10.684,10.582,10.481,8.684
4658415919769720448,83.14527700896912,-69.25191225002202,0.04699644578103546,161.01694915254237,0.029628775900825636,10.002019102262986,10.857000000000001,5.21971153846154,1.5783330107708502,1.257383,True,True,189.61696,12.707,12.56,11.559,8.765
4641764022295151744,57.23528236660094,-72.15025847663541,0.06430037281950263,171.18644067796612,0.01592806495985682,9.46469884116707,11.930769230769233,4.25764705882353,0.8165780758117583,0.94979686,True,True,177.26926,12.263,12.146,11.32,8.854
4658142622439153152,79.70501309372504,-69.86670748350308,0.05208270195398807,272.8813559322034,0.01592806495985682,7.217902739691734,20.105555555555558,9.123529411764707,0.8556764122754211,0.98647374,True,True,219.82458,11.168,11.289,9.644,8.049
4649396037451459712,74.012691975186,-74.1705989811048,0.06557496161330441,181.35593220338984,0.16329696356865636,11.686351800259418,10.540776699029127,5.0032258064516135,0.9427809975939992,0.9092931,True,True,219.42052,14.434,14.193,11.26,8.457
4646388224603862144,46.11692466379152,-69.48252687120822,0.19574594642360002,171.18644067796612,0.01,8.33825898887214,14.87260273972603,3.8228873239436627,1.271938338911477,1.3375081,True,True,199.14243,11.359,11.259,10.869,8.738
4628740410145396352,60.58291901471888,-75.6007729475061,0.13429390599676883,100.0,0.01,6.638048450015951,13.743037974683546,4.274409448818898,0.5250005421086732,1.1236569,True,True,247.42046,11.315,11.374,11.164,8.806
4662104025371125120,74.71114181857955,-66.50657468435247,0.10380275604209153,211.864406779661,0.04719290672293913,10.671936562340989,13.571250000000001,5.049767441860466,1.002714420998136,0.98200834,True,True,173.11356,12.813,12.713,10.864,8.696
4659386891613369088,84.23675931016197,-67.4147680399876,0.1632653532256618,100.0,0.01,6.686291139739909,30.15833333333334,9.781081081081082,1.562747787362873,0.9207972,True,True,191.15408,10.69,10.757,10.173,8.184
4648835806213981696,82.49909208945665,-74.03491684816733,0.13480167933437656,211.864406779661,0.025370325336541884,8.864671917770664,19.04736842105263,4.021111111111111,0.8414916647648376,0.95451456,True,True,240.35492,12.19,12.161,10.788,8.616
4660102192661975040,83.89702577777702,-67.7994521708802,0.09518223006593479,211.864406779661,0.04041001900131407,11.048437945999833,12.198876404494383,3.502258064516129,1.0758104525225114,1.0296189,True,True,166.76335,13.338,13.179,11.228,9.013
4641654311650258304,56.47746417877553,-72.74411843943143,0.1843474337540202,120.33898305084746,0.04719290672293913,10.025125506936003,7.142763157894738,6.204000000000001,1.058482004292704,1.1571977,True,True,198.70157,12.585,12.414,12.046,8.472
4658468455819278336,82.4750123330557,-68.7069805648436,0.1707732117255439,171.18644067796612,0.01,7.617932212085792,19.387500000000003,4.957534246575343,0.5986148166260624,0.87732667,True,True,173.49324,11.027,11.072,10.349,8.437
4657943984445427328,80.13825231619526,-70.06632985572998,0.12768501501268356,232.20338983050846,0.025370325336541884,9.486949062960134,6.204000000000001,3.8913978494623658,1.1184726229113238,1.2258694,True,True,253.7204,12.732,12.701,11.1,9.176
4655505684288949888,73.81168231664405,-68.64082594077567,0.18767917330239645,354.2372881355932,0.01,10.341868210152663,15.966176470588236,4.542677824267783,1.155124726302471,1.0351313,True,True,67.61128,10.958,10.824,9.987,8.675
4621007059532885504,76.31156225695828,-82.84362054224741,0.045393080413793335,161.01694915254237,0.03460201435087329,10.661093564910562,7.142763157894738,4.413414634146342,1.1110335290131044,1.1110047,True,True,172.81319,13.06,12.9,11.721,8.839
4657786238882990080,84.62068735076193,-68.70239233555324,0.14853744256335755,211.864406779661,0.22271704449600335,11.44735980985647,15.29154929577465,7.238000000000001,1.0914898154000454,1.0093627,True,True,267.80707,14.284,14.045,10.739,8.317
4662104811317942528,74.63125346393167,-66.49660812163107,0.1001308055570327,201.6949152542373,0.26010046434689327,12.221476518889283,9.440869565217392,6.133898305084747,0.9409241322131429,0.9713171,True,True,168.7502,13.865,13.687,10.261,7.714
4660209051456979200,82.47115669377166,-66.97725369014096,0.08497819871685404,150.84745762711864,0.22271704449600335,12.702188178026956,13.403703703703705,10.74950495049505,1.0042552585439486,1.034147,True,True,136.86877,13.839,13.751,11.315,7.824
4658312771862242688,80.1275791959299,-68.7751724340373,0.12389254584592602,191.52542372881356,0.025370325336541884,8.53909576597033,6.743478260869566,5.539285714285715,1.0474306826633757,1.3224922,True,True,247.21587,12.053,12.103,10.745,8.252
4661852713942253184,77.5792237134175,-67.03798879978736,0.06716020649174051,150.84745762711864,0.04041001900131407,10.767232240231914,5.0032258064516135,3.705460750853243,1.1066757557109372,0.95886135,True,True,220.14111,13.49,13.368,12.397,9.251
4661749226710292864,72.9821427858105,-67.04375978735605,0.09063470625459283,211.864406779661,0.1398268057402531,11.666184744937478,12.925,5.837096774193549,1.0245054650610053,1.115914,True,True,171.96547,13.777,13.549,10.609,8.297
4628982405781781248,55.80088272692388,-74.93324795352066,0.100897681114986,100.0,0.01,8.149352863823932,17.798360655737707,4.0662921348314605,0.7754294738245249,0.991763,True,True,172.06036,11.21,11.203,10.818,8.876
4661865633177266944,76.41725506762135,-67.34826042541636,0.10225525065391884,303.3898305084746,0.01,11.81056834073101,27.142500000000002,4.957534246575343,1.0513762981513728,1.1225793,True,True,53.920006,11.143,10.958,10.361,9.02
4658867677285653888,79.85387552432717,-67.25526052263757,0.09982481412088359,191.52542372881356,0.0877864361381346,10.984327148788145,10.24245283018868,3.502258064516129,1.017257856102198,0.9791532,True,True,286.20062,14.315,14.124,11.825,9.272
4651840874606285056,83.02651978112458,-71.01119203486637,0.04280467932312095,181.35593220338984,0.01592806495985682,7.5415305661363226,14.100000000000001,4.720434782608696,0.6064562557108726,1.05049,True,True,299.15405,11.979,12.027,10.931,8.56
4648737331204299136,85.12992341899047,-74.79363828916372,0.03758371167324406,120.33898305084746,0.025370325336541884,7.858064090854413,7.924817518248175,5.455778894472362,0.7646774187291564,0.9675274,True,True,288.24115,12.235,12.248,11.723,8.352
4656550563905424512,67.16627017198468,-67.81414364988827,0.03526301288030514,150.84745762711864,0.01,8.523899183404186,10.24245283018868,3.655555555555556,0.7278369559899486,1.0200998,True,True,209.1932,11.843,11.819,11.395,8.948
4653824565341012224,63.30982422248606,-71.65554463694606,0.07324214845265424,171.18644067796612,0.04041001900131407,9.019543566375262,16.2044776119403,9.523684210526316,0.9476234939005105,1.0807292,True,True,198.94182,12.041,11.957,10.519,7.656
4622136915105955456,66.15418099086375,-81.51237662463163,0.18300961926502338,100.0,0.01,7.462909600538358,18.40169491525424,3.513592233009709,0.5639814962471957,1.0399176,True,True,171.44518,10.934,10.968,10.625,8.857
4654721595051542272,74.09752608385534,-70.72475988943941,0.1873009047200451,700.0,0.01,9.543199862505872,45.237500000000004,4.957534246575343,1.1463041870949922,1.1139303,True,True,48.54403,9.403,9.306,9.183,8.719
4658193058184872448,79.29501547924006,-69.26015468585226,0.11036182688256665,283.0508474576271,0.10252153289191773,9.65359675326601,5.145497630331755,3.655555555555556,1.0302897844730157,1.0166122,True,True,189.32338,12.282,12.173,9.198,7.481
4670299441412318080,51.8335573174516,-68.51559010656321,0.049972244917749806,120.33898305084746,0.013638774391684533,7.359558526461534,10.052777777777779,5.1947368421052635,0.6105578669590234,1.0862817,True,True,261.8684,11.757,11.777,11.473,8.402
4667227504707875712,52.14469905770185,-69.42379596941096,0.14973444896353832,150.84745762711864,0.0877864361381346,12.170854427715998,12.479310344827589,7.238000000000001,1.0757551352040136,1.0635493,True,True,101.57095,13.154,12.925,11.231,7.984
4661800216552822528,78.13247039535949,-67.57182526124689,0.121682615546042,181.35593220338984,0.03460201435087329,11.939557334660815,8.616666666666667,4.036059479553903,0.8817108166950381,0.96086496,True,True,124.40583,13.364,13.171,11.793,9.32
4662108904454413824,75.50823766806504,-66.6200580975419,0.08544154188795657,201.6949152542373,0.1398268057402531,11.609780661687235,10.74950495049505,3.667905405405406,0.9412151248475091,1.0607941,True,True,265.1499,14.555,14.421,11.497,9.011
4642289004737174656,51.35531984366638,-72.29722250058614,0.03236324132210946,161.01694915254237,0.011678516340565069,9.677161073203875,17.511290322580646,4.8686098654708525,1.0756912360810602,1.0933808,True,True,123.883705,11.558,11.43,10.799,8.524
4658703407693988352,80.76056745323218,-68.38263633198713,0.03635421980752297,191.52542372881356,0.029628775900825636,7.755509230445889,11.674193548387098,9.20084745762712,0.6438197471037457,0.89211464,True,True,275.61862,12.063,12.117,10.325,7.852
4657813249957929472,85.17614635751974,-68.59757731939325,0.05031861367065265,140.67796610169492,0.04041001900131407,10.257416482114863,6.424260355029586,4.175769230769231,1.05409249858088,0.9568287,True,True,226.86145,13.285,13.136,12.289,9.061
4643068214883970688,49.81680327901941,-70.28147164068518,0.04251971265025883,100.0,0.01,7.873605680438084,12.337500000000002,3.6190000000000007,1.1337804552518327,1.0183597,True,True,189.93494,11.245,11.291,11.103,8.876
4658460548743073152,83.14561595586743,-68.68251869892268,0.18577945890701078,100.0,0.01,5.500463313235647,29.343243243243247,12.925,0.7342414946406487,0.735207,True,True,186.56593,10.103,10.185,9.526,7.219
4666936138422248960,54.64407891317047,-70.20924912435115,0.04037287141114989,171.18644067796612,0.04041001900131407,10.147973343655487,7.592307692307694,3.705460750853243,0.8868153437924168,0.9571506,True,True,234.58505,13.388,13.135,11.814,9.03
462521832652528000,50.75649886040952,60.43984345780439,0.1330657248333643,140.67796610169492,0.10252153289191773,8.585264214510866,9.440869565217392,10.74950495049505,0.7857022615414525,0.99677217,True,True,264.28247,12.223,12.236,10.716,6.904
277888408438355456,70.00664957316793,57.13893328367745,0.07445525138116078,110.16949152542372,0.01,7.952922810284585,10.644117647058826,3.9624087591240875,0.8612471209456852,0.9704006,True,True,173.84021,11.051,11.09,10.78,8.544
462552417119024000,49.8411579213804,60.38219859757361,0.12172304269199896,171.18644067796612,0.0877864361381346,9.63042259556734,6.743478260869566,6.50119760479042,1.1159641580633937,1.0445927,True,True,235.25566,12.761,12.664,10.637,7.589
463494526785200000,51.75205768776945,61.899097360304125,0.1438991547767643,171.18644067796612,0.0877864361381346,10.48389484657614,4.890540540540541,3.7181506849315076,0.8947762251296433,0.98891073,True,True,281.09067,13.756,13.611,11.68,8.603
468035544168555776,46.12419494030993,64.9994600457919,0.05362693875632231,171.18644067796612,0.011678516340565069,8.883059787584541,10.966666666666667,4.128136882129278,0.8233300509124775,1.0192959,True,True,162.02396,11.547,11.47,10.825,8.465
449776847915103616,51.5402633542446,58.59087972818317,0.035552688856287484,150.84745762711864,0.03460201435087329,10.378909900289742,5.2960975609756105,4.0662921348314605,1.0456658725422365,1.0333517,True,True,149.71414,12.462,12.323,11.425,8.396
462856603883606912,47.09679080985576,59.90047920203283,0.04139715130188015,171.18644067796612,0.0877864361381346,10.99432197471387,7.924817518248175,3.7437931034482763,0.9526659432156727,0.9904136,True,True,176.44632,13.268,13.1,11.131,8.243
449103122168914816,55.65032766588969,57.71084780520336,0.1413747534160957,161.01694915254237,0.0877864361381346,11.109457903213702,4.7,3.6311036789297666,1.171599051303771,0.9431222,True,True,207.48773,13.452,13.264,11.713,8.573
486785412875989504,53.7075504979975,62.206392996620295,0.07795368324182964,150.84745762711864,0.021723928448358305,10.872401864522562,8.972727272727274,3.7567474048442913,1.0815743047351851,1.0272273,True,True,112.07084,12.331,12.141,11.419,8.67
475420688892338944,62.82219393006775,61.458436830073786,0.08716290939098352,150.84745762711864,0.3037587523063755,12.058942412788424,4.846875000000001,4.360240963855422,0.9107564872885866,1.02242,True,True,264.19617,14.965,14.895,11.707,8.275
460469598497982848,47.63486693592459,58.54152683194288,0.10737957737748023,191.52542372881356,0.16329696356865636,12.3346130794315,9.35948275862069,4.720434782608696,1.0501717731198705,0.8844663,True,True,125.47771,13.269,13.068,10.374,7.782
480062380305618048,82.43496759061966,65.18137314883313,0.053536568204067055,161.01694915254237,0.025370325336541884,9.186322283546362,15.51,6.4625,0.9331097427286087,1.0795105,True,True,149.94968,11.722,11.544,10.527,7.857
462675008365799936,51.295579491021165,60.89886381953443,0.06549127275255735,161.01694915254237,0.11972993971380404,11.15659819289139,4.761842105263158,4.308333333333334,1.005740533317427,1.015258,True,True,218.77171,13.982,13.862,11.598,8.422
459980826920492544,47.78010785255736,56.66819414257991,0.15178043454703383,191.52542372881356,0.16329696356865636,11.339739562237144,4.561764705882354,4.8686098654708525,1.1425552463021116,1.0328829,True,True,233.03915,13.936,13.924,10.958,8.14
462593099048844544,50.29492513691047,60.8964376467485,0.13573924589209246,161.01694915254237,0.0643653407681979,9.818630350841707,5.868648648648649,3.7437931034482763,0.9549323939548081,1.0249271,True,True,283.76572,13.216,13.141,11.563,8.526
449638270792373504,50.49053978524011,57.90745960303014,0.19463881217165313,100.0,0.01,7.828581353191094,16.9640625,3.705460750853243,0.5975551464301534,1.0859448,True,True,119.3746,10.312,10.33,10.025,8.36
462927522382656000,48.95685164840528,60.27711000546243,0.05688934852071799,181.35593220338984,0.021723928448358305,6.482742594125826,23.60217391304348,10.644117647058826,0.4942137924795679,1.017154,True,True,226.56451,10.818,10.856,9.38,6.793
461267843940708864,45.648974927219626,58.63599746274829,0.07984087252157751,171.18644067796612,0.018601616690726987,7.474214684526572,5.6546875000000005,3.705460750853243,0.6350062123522526,0.98162436,True,True,299.63467,11.914,12.001,10.912,8.228
462194904041616128,51.867696609143,59.35114480978859,0.03317090653055504,201.6949152542373,0.05511431323226077,9.485759319610866,7.8673913043478265,3.595033112582782,0.7495441106501677,0.9636651,True,True,256.8624,13.009,12.86,10.724,8.342
459972619242227584,47.60254793347112,56.53758199246641,0.07424062056420154,181.35593220338984,0.0643653407681979,10.954264954404941,11.19278350515464,7.385714285714287,1.0423452214393252,0.95819277,True,True,116.24573,12.266,12.002,10.283,7.536
460012579616823552,46.82110164670193,56.6049633843798,0.06686479260521253,191.52542372881356,0.05511431323226077,7.317588143503123,5.483333333333333,6.031666666666667,0.6501918541222165,1.0033697,True,True,267.7889,11.627,11.663,9.391,6.805
487530813040176512,52.60637289687259,62.41203521779601,0.11618692727915517,161.01694915254237,0.03460201435087329,9.379065418916682,6.386470588235294,3.5250000000000004,0.7894435202482446,1.0281842,True,True,267.17383,12.839,12.781,11.638,8.793
461901884191864832,48.04025126768402,58.25270734638372,0.16224140732174405,181.35593220338984,0.22271704449600335,10.07625313800234,17.511290322580646,11.80108695652174,0.9537503798574355,1.0469944,True,True,247.83656,13.087,12.95,9.773,6.938
463001876856376192,48.65447940710434,60.75504479081624,0.04336908740895526,100.0,0.01,5.916032614527664,10.24245283018868,7.436301369863015,0.7893364391049749,0.95209914,True,True,229.93002,10.672,10.714,10.681,7.62
461856323180977664,49.5684400101454,59.06869296407852,0.12801201818381427,100.0,0.01,6.545251251870906,11.19278350515464,3.606976744186047,0.8384116962133623,1.0118142,True,True,247.52345,11.058,11.097,10.823,8.683
460053807005410688,46.82669572755887,56.88774985699916,0.153924090145359,161.01694915254237,0.35474515523996636,11.203266330781894,7.004516129032258,3.6190000000000007,0.8429551276562292,1.1091332,True,True,269.90985,14.145,14.054,10.612,7.357
462987166587681664,47.68616752701782,60.59876187826127,0.10110236241790264,171.18644067796612,0.22271704449600335,11.589804243163039,4.980275229357798,4.63974358974359,0.936434623504124,1.0605446,True,True,266.0862,14.485,14.242,11.336,8.272
462963359591192576,47.91134564135082,60.34325363019241,0.09078175344260249,181.35593220338984,0.22271704449600335,11.58730244981393,6.743478260869566,3.9053956834532375,0.7808837683747657,0.9007862,True,True,266.7772,14.434,14.313,11.213,8.304
463346157134545408,50.38893601136631,61.01581390092212,0.0706418652010849,171.18644067796612,0.26010046434689327,12.641577571087925,6.620121951219512,5.0263888888888895,1.025998560969009,0.9768664,True,True,172.47124,14.359,14.119,11.164,8.03
463331970862727552,49.14740029514773,60.89105010729284,0.048359226338695716,191.52542372881356,0.11972993971380404,11.715446461701898,7.385714285714287,3.5831683168316837,0.9389855230605353,1.0486941,True,True,189.66173,13.916,13.78,11.233,8.531
463336162751360768,49.5566373111013,60.95232894869098,0.05551756807879445,191.52542372881356,0.10252153289191773,10.312410936459937,8.416279069767443,5.09718309859155,0.8760968955188493,0.94641036,True,True,225.65617,13.247,13.119,10.641,8.075
460407471791326336,47.529115134707936,58.103840965814086,0.05114655555926518,191.52542372881356,0.1907066257401213,10.839961917466443,16.703076923076924,13.240243902439024,0.901932796463309,1.0401344,True,True,122.85358,12.39,12.23,9.076,6.352
450216034091974912,52.428212990875295,59.47400608956448,0.060318848314709426,211.864406779661,0.22271704449600335,11.687495516749228,20.105555555555558,7.09607843137255,1.0518855748535796,1.0296811,True,True,170.49023,13.637,13.409,9.922,7.53
463310255508521088,49.71141961228685,60.5884267331874,0.04377711140904528,181.35593220338984,0.01592806495985682,9.492997560353446,8.755645161290323,3.7181506849315076,1.4445269927406494,1.0748348,True,True,124.1863,11.373,11.262,10.375,8.075
462173012589099776,49.19997213979799,60.2160824794621,0.1099473452594463,201.6949152542373,0.1398268057402531,10.210087595201099,10.857000000000001,6.031666666666667,0.9147505645248715,1.0175588,True,True,230.09145,13.133,13.003,10.133,7.603
462221498481375616,51.93237830952461,59.400681652674166,0.0304238454939772,171.18644067796612,0.021723928448358305,9.302297952441261,7.487586206896553,5.073364485981309,0.9569975527691862,1.0947826,True,True,150.91924,11.706,11.613,10.612,8.032
462951501179483136,49.095147428724246,60.68969011023746,0.06160212121160323,171.18644067796612,0.22271704449600335,11.222274523521499,6.349122807017544,5.374752475247525,1.0712760619485473,1.0182294,True,True,283.9372,14.515,14.372,11.315,8.179
463148313762333696,46.481135144384176,60.92580951589511,0.18331252718592442,211.864406779661,0.16329696356865636,10.559204038188945,11.07857142857143,5.0032258064516135,0.9312616626754637,0.91030514,True,True,294.60736,13.887,13.711,10.577,8.107
463605474381125888,48.93462288052894,61.67352699843748,0.024496923690183327,201.6949152542373,0.0643653407681979,10.541730646414342,9.870000000000001,4.0662921348314605,0.989721465732395,1.0668254,True,True,201.03972,13.27,13.143,10.96,8.503
463178451551923328,47.67850738121604,60.77657616718978,0.0783215505170762,181.35593220338984,0.0643653407681979,11.215565844797336,8.899180327868853,4.051119402985075,1.2945383176350647,1.0026592,True,True,154.57791,13.023,12.875,11.007,8.354
450216034091976320,52.41942087256757,59.47378214592761,0.11801411954453508,242.3728813559322,0.1398268057402531,11.547031105411575,21.28823529411765,6.3122093023255825,1.025737300824246,1.0033411,True,True,129.5729,12.8,12.643,9.639,7.564
463145672360597760,46.36528769651832,60.79084179727873,0.1858039166404855,100.0,0.01,6.358230612091441,23.1,6.349122807017544,1.1491167191357403,1.1320857,True,True,154.29778,10.07,10.102,9.487,7.512
461310587454889728,46.10958631804634,59.22789922431444,0.0984058918648345,181.35593220338984,0.025370325336541884,7.6931149245463075,13.080722891566266,5.4285000000000005,0.6759198354910516,1.0172251,True,True,258.77625,11.666,11.7,10.393,7.799
463021530620770816,48.62203040639564,61.032134746367866,0.15781708580007,191.52542372881356,0.35474515523996636,12.159261210927403,5.9327868852459025,5.62538860103627,0.8257438842491336,0.93547714,True,True,281.12454,15.156,15.049,10.971,7.923
471082286587088640,66.9231717518121,59.58707092065608,0.16381250583084717,700.0,0.01,11.228078216786743,41.75769230769232,4.825333333333334,1.6474801574351778,1.2592394,True,True,22.789267,8.974,8.793,8.669,8.215
461720907150863360,48.65160468999512,58.36456691277287,0.09490370683151403,201.6949152542373,0.35474515523996636,12.63112584444135,12.624418604651165,4.980275229357798,1.0338295217474318,1.0341961,True,True,187.45103,14.541,14.332,10.34,7.89
450187820450393088,52.6003042036541,59.141696402904856,0.11095805136426667,252.54237288135593,0.35474515523996636,10.962166067170385,5.744444444444445,6.7856250000000005,0.8045956793626269,1.0071932,True,True,251.75783,13.832,13.771,9.353,7.323
460053394688513664,46.78515326549123,56.866316794517786,0.13804969842462012,191.52542372881356,0.22271704449600335,11.387538414188077,6.620121951219512,5.0032258064516135,1.0523707443702193,1.0149293,True,True,191.24968,13.529,13.3,10.072,7.428
285917072406353408,78.5368252221453,62.5336122804036,0.043665414591829495,140.67796610169492,0.04719290672293913,6.863805819079249,17.511290322580646,13.403703703703705,1.2904186151855417,0.91814643,True,True,289.96664,11.608,11.681,10.34,6.846
310640179768135936,19.59903516219142,31.95232136376459,0.12148585009565795,150.84745762711864,0.11972993971380404,10.778425506461215,4.9350000000000005,4.542677824267783,0.8623942462749199,0.9686757,True,True,274.63248,13.966,13.753,11.978,8.486
131926865459860096,36.15517508028351,30.00055596482613,0.17699485294084408,700.0,0.01,9.369542613266196,41.75769230769232,3.502258064516129,1.1938032107923193,1.386073,True,True,43.364773,8.889,8.821,8.72,8.259
2858356539998799744,10.66153499442212,30.291830909222597,0.059511138135277405,110.16949152542372,0.013638774391684533,7.144912890366588,8.351538461538462,5.09718309859155,0.6031922107764334,1.0167177,True,True,220.3717,11.312,11.379,11.141,8.151
301535261417631232,29.863977025049724,31.231492120603104,0.18774036643008418,100.0,0.013638774391684533,6.478985783330789,4.128136882129278,3.606976744186047,0.42111610519723264,0.9686865,True,True,286.36118,11.618,11.657,11.868,8.416
325138580610350720,34.42742655525828,32.74953127109649,0.1078007928696805,130.50847457627117,0.01,9.423380968624178,12.337500000000002,3.850000000000001,0.9825827852063164,1.1994705,True,True,102.222855,11.123,10.999,10.568,8.274
314718234035965184,16.992729361688642,33.30635465356742,0.06497104760853965,191.52542372881356,0.01592806495985682,8.419726054686942,11.42842105263158,3.571381578947369,1.0168411383692877,1.0018927,True,True,232.9995,11.949,11.93,10.881,8.53
140178528428298368,43.69912304690548,34.44626100483995,0.1823179916881062,638.9830508474575,0.01,11.261133125652329,29.343243243243247,4.377822580645161,1.2989323032949003,1.3294002,True,True,30.510082,9.622,9.45,9.337,8.168
326460090507878656,33.2486494432128,34.926592177829214,0.10449655543469909,171.18644067796612,0.0643653407681979,10.976798245056766,6.660736196319019,3.7437931034482763,0.9128181259467589,1.0768844,True,True,179.232,13.09,12.839,11.368,8.562
134914547793248512,38.13102793288352,34.066370389060936,0.08287109935539773,110.16949152542372,0.01,7.993424774046057,9.607964601769913,3.606976744186047,0.7490466698405704,1.0585215,True,True,156.05211,11.005,11.001,10.735,8.329
3446840486315485184,80.5860283337166,30.51896721645077,0.15813139619569927,700.0,0.01,9.849811482805274,47.20434782608696,4.128136882129278,1.442033347886543,1.2596745,True,True,28.7181,8.366,8.286,8.161,7.667
216549472221300992,55.06156889265733,31.456800668588453,0.08099443662750717,171.18644067796612,0.1907066257401213,11.446897765642364,5.511167512690355,5.0263888888888895,0.9023814815720088,1.0227807,True,True,178.77132,13.514,13.338,10.698,7.629
121176287440183936,54.10247468694697,30.77814877730277,0.05923173497411777,181.35593220338984,0.10252153289191773,10.030621328575672,8.755645161290323,4.291304347826087,0.8306959508982237,0.98915404,True,True,249.58641,13.27,13.098,10.766,8.039
216691103063767168,55.6937780535738,32.20157977125207,0.06949271013035344,161.01694915254237,0.013638774391684533,10.749627120834887,5.998342541436465,3.7567474048442913,1.2175551643516467,1.0500861,True,True,76.96197,11.374,11.223,10.534,8.171
156468682250987520,77.37846700116368,30.891705795497323,0.10024368868367048,150.84745762711864,0.04719290672293913,9.309914271750436,5.401492537313433,4.081578947368421,0.7329110395757766,0.96250427,True,True,229.96892,12.49,12.409,11.291,8.155
217414650433979136,54.975840252762815,32.39457383806936,0.05730383084870207,130.50847457627117,0.1398268057402531,11.046940539919643,3.667905405405406,4.3428,0.9218032162373508,1.082054,True,True,192.84567,13.511,13.362,11.739,7.949
216701544127953536,56.30025725042049,32.19474335152563,0.1537395835232415,171.18644067796612,0.1907066257401213,8.704422407558244,25.85,12.198876404494383,0.8111186333513257,0.9117882,True,True,288.41412,12.476,12.47,9.476,6.402
123825182750715264,48.05566303476134,32.413360327216786,0.07069549089021028,140.67796610169492,0.0877864361381346,11.291923689602463,3.6190000000000007,3.502258064516129,0.9276965060688932,1.0155245,True,True,168.48268,13.263,13.074,11.8,8.254
217188112383909120,57.67981286909673,33.35391545709071,0.12218908462154304,161.01694915254237,0.26010046434689327,12.48119084118144,3.7567474048442913,3.680338983050848,0.7768755389551905,0.96153295,True,True,232.4858,14.763,14.539,11.773,8.441
157421069776060672,74.81753110332876,31.24587096302013,0.0776786060035348,191.52542372881356,0.025370325336541884,11.373240328997994,10.74950495049505,3.8775,1.0798255869153535,1.1020634,True,True,81.169624,11.928,11.734,10.487,8.13
183248288677757568,82.19645850972407,35.24268460280131,0.054807562915818606,171.18644067796612,0.10252153289191773,9.860218160094679,6.031666666666667,4.081578947368421,0.8713057580518776,1.0631729,True,True,298.4904,13.498,13.423,11.094,8.215
182943788377290368,81.48435011815769,35.297070675689675,0.08705856300169351,181.35593220338984,0.26010046434689327,11.25146391262829,16.45,7.983088235294118,1.0922499554354617,1.0874714,True,True,166.38701,13.471,13.362,9.782,7.092
3444533844060333440,84.85390404673807,30.262129021128608,0.06878256402351121,191.52542372881356,0.021723928448358305,6.465818632646176,10.43942307692308,4.395546558704454,0.43319720581941723,1.1557785,True,True,279.86673,11.243,11.271,9.675,7.135
3448725805158617088,82.32592260070847,32.14654636391697,0.10257137006716373,171.18644067796612,0.0877864361381346,10.072419695160185,5.998342541436465,3.536482084690554,1.0153691093778008,0.9505195,True,True,268.82748,13.363,13.218,11.211,8.171
182041162347363840,79.67078610444726,34.43539310340615,0.17740267852302552,181.35593220338984,0.1398268057402531,9.38717428818811,13.743037974683546,12.479310344827589,0.8820963668354193,0.9605033,True,True,243.24826,12.57,12.504,9.831,6.853
182604421539916672,82.5084875024135,34.43829787973463,0.07753548894716744,171.18644067796612,0.07516916839274382,9.753898449109743,9.693750000000001,5.998342541436465,0.8543999360320961,1.039954,True,True,165.39825,12.344,12.217,10.164,7.312
121167246533019136,53.48121164605071,31.167493229260167,0.08821416609907107,100.0,0.01,5.253996118822575,9.523684210526316,5.837096774193549,0.6434722790158394,1.2481732,True,True,275.6279,10.743,10.783,10.458,7.638
138493389420139648,46.36120001236129,34.46922317375777,0.0940211791252067,191.52542372881356,0.013638774391684533,7.129921771121265,8.548818897637796,3.5831683168316837,0.699742645455115,1.0394996,True,True,286.65363,11.637,11.671,10.625,8.324
182939119750339456,81.7711194911014,35.35358157055196,0.05459437040459588,191.52542372881356,0.01,6.299802718483966,13.571250000000001,6.349122807017544,1.550856461400568,0.97615546,True,True,226.83113,10.816,10.896,9.771,7.607
124559312920519040,52.74276039645791,32.284910032929965,0.1309081966529346,181.35593220338984,0.16329696356865636,11.81845977469885,7.004516129032258,3.6432885906040275,0.9994980462384719,0.9361026,True,True,194.44485,13.895,13.724,11.135,8.254
183524811558894592,80.259445780123,34.41777570962101,0.04408920318483343,161.01694915254237,0.021723928448358305,12.089964926178942,13.571250000000001,6.620121951219512,1.6347898886597578,1.1237851,True,True,39.235737,10.773,10.603,9.823,7.36
217459588675462656,55.43127838289131,32.412056865050545,0.14701019356647999,222.03389830508473,0.22271704449600335,12.115751418834813,11.80108695652174,4.9350000000000005,0.8628318260151461,1.1005893,True,True,191.19922,13.946,13.795,10.348,7.978
183700595974425472,81.36573568597252,35.50289956127712,0.16730537641178705,171.18644067796612,0.11972993971380404,10.313989984714501,3.9336956521739133,3.7567474048442913,1.1927909691192744,0.90431494,True,True,272.7391,13.527,13.403,11.227,8.12
181172101485194624,80.44587873859103,33.39662025026111,0.15306817264482447,171.18644067796612,0.01,4.708854094446412,4.9350000000000005,3.559672131147541,1.0216026521784978,1.0336887,True,True,209.48541,9.854,9.874,8.917,6.037
217425679909997568,54.756372648743735,32.46069677585165,0.062300625129759084,140.67796610169492,0.01,7.858968959624176,8.616666666666667,3.8637010676156582,0.7895569951348587,1.0182837,True,True,174.92207,11.077,11.072,10.594,8.233
217420147990826752,55.01932079460268,32.528622128181325,0.08481981682461791,181.35593220338984,0.4142897092206239,11.986194834683946,5.567692307692308,4.957534246575343,0.8611819105416032,1.0256977,True,True,252.27199,14.859,14.769,10.66,7.715
162065097654086784,72.62107299830559,34.774922939024485,0.16353035164541876,110.16949152542372,0.013638774391684533,6.888399860621016,5.511167512690355,3.559672131147541,1.0011893314287532,1.0410317,True,True,285.862,11.335,11.352,11.418,8.345
176904037866787584,63.14464723983592,35.50024445043663,0.1348514196734723,567.7966101694915,0.01,11.876519319035948,30.15833333333334,4.377822580645161,1.6717699296533353,1.3204179,True,True,26.063332,9.57,9.365,9.061,8.185
182292400754039552,79.100955548714,34.75864022928033,0.16588251642912172,201.6949152542373,0.4142897092206239,11.012116541275407,5.9327868852459025,5.348275862068966,1.1066913065236057,0.9703933,True,True,164.6766,13.044,12.833,8.659,5.923
182099226008267904,79.35377633724482,34.53472285047545,0.19199311973076977,150.84745762711864,0.3037587523063755,10.950701588960673,5.539285714285715,5.62538860103627,1.0684489020030987,1.0079067,True,True,288.27905,14.139,14.041,11.015,7.36
182271471376644224,78.95547151804041,34.6997414591109,0.1857343759034464,679.6610169491526,0.01,8.500006179044256,38.775000000000006,7.983088235294118,1.143508578482721,1.0039006,True,True,36.17232,8.07,8.045,7.875,6.742
182686399575787136,80.994826017462,33.73449159102127,0.053648699478788836,181.35593220338984,0.35474515523996636,10.703467769766938,14.87260273972603,9.523684210526316,0.8167874204347699,1.0131625,True,True,274.6986,14.041,13.947,9.99,7.114
175820709671930880,65.65537694746146,33.96227718002223,0.14566047345001615,100.0,0.01,8.586857990591202,20.105555555555558,3.6190000000000007,0.9774624172038693,1.1446917,True,True,92.861694,10.089,10.047,9.773,8.104
217724266037243776,54.867219649184655,32.95226237128284,0.06856660855572197,191.52542372881356,0.018601616690726987,8.90841820865094,12.198876404494383,4.504979253112034,0.9799105213759876,0.9643907,True,True,149.623,11.326,11.26,10.221,7.924
217483679148640256,56.05625894517862,32.659788964820216,0.16662996126572654,140.67796610169492,0.04719290672293913,10.231272596406477,4.325498007968128,3.9053956834532375,0.9337548866508313,0.9622152,True,True,163.05078,12.287,12.163,11.321,8.008
182053836792653952,79.2388065503622,34.10946585933449,0.08089169176978911,140.67796610169492,0.26010046434689327,11.322389786827914,3.809473684210527,5.374752475247525,0.9053263616456383,0.96919787,True,True,253.92534,14.428,14.308,11.789,7.879
181186253400855680,80.40642885723793,33.58283533090806,0.06839058204492368,150.84745762711864,0.26010046434689327,10.142702836362282,5.483333333333333,4.5810126582278485,0.9342898348988286,0.96448165,True,True,275.5325,13.588,13.472,10.687,7.151
183606862606935168,79.84685643221084,34.996631556899224,0.1282302223234558,191.52542372881356,0.26010046434689327,10.922412405708963,10.644117647058826,4.912669683257919,1.0482592620420514,1.1198452,True,True,282.48105,14.026,13.982,10.509,7.821
135893796038299008,47.08097357114164,32.79629062051893,0.08878611905376455,191.52542372881356,0.05511431323226077,10.300761817312779,11.930769230769233,3.991544117647059,0.9490367238976939,1.0563886,True,True,157.03181,12.379,12.221,10.41,7.827
182657679134337152,82.45134963189886,34.63810471645652,0.05554547916853611,191.52542372881356,0.07516916839274382,8.890170402889794,9.27948717948718,5.71421052631579,0.8123851164802749,1.0346476,True,True,260.02908,12.726,12.61,10.221,7.62
217150046089856640,56.96913054767842,33.24364701962874,0.14799520425423662,161.01694915254237,0.03460201435087329,9.481563093881233,5.539285714285715,3.7567474048442913,1.0570881758961082,0.9659237,True,True,216.17874,12.389,12.295,11.283,8.389
180970272382168832,81.03342015970841,33.25976430046291,0.027543675452593452,191.52542372881356,0.029628775900825636,9.208794357226072,15.734782608695653,6.424260355029586,0.8248667100275461,1.0680324,True,True,133.13239,11.357,11.272,9.834,7.399
182594933955444608,82.32639386978524,34.21323376221695,0.10116720219825313,191.52542372881356,0.35474515523996636,11.299836257546742,8.351538461538462,6.660736196319019,0.9312149467909242,0.9605802,True,True,271.27536,14.359,14.221,10.239,7.428
170010787154922112,63.289306562288,34.203648373164576,0.0801048069809271,150.84745762711864,0.11972993971380404,10.202574166701236,4.486363636363637,3.6190000000000007,0.9070057871814898,0.96686906,True,True,295.43243,13.705,13.548,11.683,8.235
182698945179540096,80.80179623100145,33.92263298827218,0.07637066659038429,222.03389830508473,0.04719290672293913,8.832786700362783,12.624418604651165,5.09718309859155,0.8127896509031476,1.0480152,True,True,219.88837,12.074,12.056,9.889,7.684
182905683426824064,81.37176795233228,35.076467804401986,0.1311659090128797,201.6949152542373,0.3037587523063755,11.303352040606333,9.960550458715597,4.890540540540541,0.7954252277155148,0.9676455,True,True,291.1917,14.464,14.296,10.538,7.989
180706801906989440,78.75270568680871,32.76410940688497,0.039113949987906856,181.35593220338984,0.01,7.106525367172749,13.240243902439024,5.71421052631579,0.6639986693766531,1.0793295,True,True,186.03323,10.88,10.931,10.039,7.718
180964362507643136,81.14441408051816,33.090032762708525,0.08954013634705592,181.35593220338984,0.35474515523996636,11.851202851634989,8.042222222222222,7.539583333333335,0.9601511229652309,1.0130928,True,True,204.54112,14.186,14.01,10.325,7.484
181953648093076352,78.83742887555677,33.93509681970746,0.044869945976823644,161.01694915254237,0.10252153289191773,8.906917477223626,11.07857142857143,9.123529411764707,0.7508029681738283,0.9452406,True,True,245.15102,12.609,12.513,10.262,7.102
182330540063548160,78.39559366598886,34.76911930244421,0.10719677514366076,201.6949152542373,0.05511431323226077,9.833851326904881,8.6856,4.241015625,0.868013450197116,1.0310401,True,True,177.19405,12.608,12.481,10.408,7.983
182163929692538112,78.46801025009715,34.220461698704526,0.06189218651115819,120.33898305084746,0.04041001900131407,8.533037729900236,4.561764705882354,5.805882352941177,0.7507043297692448,1.0249679,True,True,222.61317,11.963,11.915,11.38,7.821
182610911233404160,82.03602413982226,34.085029920018584,0.09108943573324023,181.35593220338984,0.3037587523063755,11.226108762468051,9.123529411764707,5.170000000000001,0.9319123931692972,1.0733176,True,True,298.7179,14.722,14.717,10.725,7.898
3455669702123348096,85.02600051142947,35.04116457502846,0.08618351946002444,130.50847457627117,0.05511431323226077,8.96081112653472,4.890540540540541,5.483333333333333,0.6445969476314186,1.2134893,True,True,208.83485,12.282,12.326,11.278,7.712
182289956917284224,78.72389266247355,34.89436931455615,0.07490472141911031,181.35593220338984,0.16329696356865636,10.282761485163165,8.616666666666667,5.145497630331755,0.8398631569120631,0.974701,True,True,246.137,13.607,13.504,10.558,7.683
1265371002616796928,227.83361007913928,26.00427138172379,0.04303668312537907,222.03389830508473,0.0643653407681979,10.00533884693418,11.55,3.6432885906040275,0.8455552475329886,1.1537486,True,True,275.3293,13.504,13.341,11.033,8.837
1272193884586439552,230.8844137540445,29.51777737012923,0.1818864523158903,130.50847457627117,0.10252153289191773,10.242637147815294,4.63974358974359,4.8686098654708525,1.3792969566574713,1.181223,True,True,297.3607,13.395,13.233,12.173,8.402
1273535013892813184,232.6680789050472,29.416927117319137,0.06982901554143538,171.18644067796612,0.01,7.562156211923909,13.240243902439024,4.846875000000001,0.7303307413106527,1.0079602,True,True,244.77483,11.741,11.782,10.978,8.638
1308004428546098688,253.60719485292972,29.049832862449183,0.045461063203816834,181.35593220338984,0.013638774391684533,9.899332670472766,16.2044776119403,4.761842105263158,1.1317249536050888,1.1423973,True,True,101.51064,11.237,11.101,10.366,8.128
1320042740840481536,239.50795130269236,29.533969982292323,0.1260274474203434,700.0,0.01,10.40287948869894,40.211111111111116,3.655555555555556,1.552141670352046,1.2436231,True,True,42.42395,9.747,9.592,9.41,8.836
4569849605289270016,261.91828026684544,24.803783678041963,0.19235797303739685,638.9830508474575,0.01,9.766013594354934,31.93235294117647,4.128136882129278,1.3587296789091072,1.2723749,True,True,53.52224,9.734,9.624,9.503,8.304
1308556898779808000,256.7156090464746,28.98883270465728,0.12972292694741897,283.0508474576271,0.01,6.881098409596417,20.105555555555558,3.8913978494623658,0.4860085245272073,1.0812321,True,True,228.18039,11.162,11.213,10.178,8.487
1308785975155498240,256.2127108225214,29.547710559796165,0.150000035178457,700.0,0.01,8.915217869315098,36.190000000000005,4.191891891891892,1.2953307976031616,1.2196865,True,True,57.06776,9.255,9.199,9.049,8.489
4582184029808844416,266.65388721581564,25.81221977249341,0.06911739813358272,100.0,0.011678516340565069,6.702253166678069,8.225,3.571381578947369,0.45507944489713553,1.0412954,True,True,248.73584,11.301,11.373,11.14,8.466
1271079770069069568,231.82834561263348,27.822022433323088,0.17747993186782057,700.0,0.01,10.789726120784096,38.775000000000006,3.976923076923077,1.5392444423302667,1.1809645,True,True,31.71962,9.462,9.27,9.147,8.638
4573060419759483264,256.30764207247444,25.83712038205408,0.16296946415057248,150.84745762711864,0.01592806495985682,8.092196131140915,8.225,4.60042372881356,0.6373206729299061,1.0122145,True,True,230.37321,12.071,12.033,11.237,8.399
4582145718700356096,266.50635349307163,25.59616987327108,0.06309862760655699,191.52542372881356,0.013638774391684533,5.107388592801742,33.928125,14.285526315789475,0.761865814579367,0.9804992,True,True,297.67563,10.974,11.017,9.156,6.671
1319958628200791808,238.48775701005965,29.06335163271818,0.12938138073571118,100.0,0.01,5.604913748276913,15.966176470588236,7.004516129032258,0.669710205845981,0.8601104,True,True,298.37515,11.131,11.176,10.858,8.317
1308177635987030912,252.92369899838403,28.96453409461103,0.18581368536719509,700.0,0.01,8.891208047301287,45.237500000000004,4.890540540540541,1.6186232194354524,1.2739193,True,True,46.650402,8.704,8.657,8.527,8.12
4583736952544253056,269.3929406689721,27.266973608141345,0.08157575571242559,100.0,0.029628775900825636,7.710692579511837,3.9194945848375453,4.63974358974359,0.847376585999096,1.1571441,True,True,272.42834,11.887,11.92,11.984,8.25
4599371973529716864,259.797643679656,29.029758473141055,0.05043375119036278,161.01694915254237,0.04719290672293913,9.314984090599756,9.523684210526316,5.455778894472362,0.8886687244563117,1.0085956,True,True,247.00832,12.74,12.635,11.317,8.226
80824382498943744,33.253776132863855,18.061699808370527,0.1128018431311862,700.0,0.01,11.28611369706966,38.775000000000006,4.659656652360515,1.4316038023153408,1.3519851,True,True,27.140701,9.362,9.165,8.967,8.254
2769310769757235968,3.299925016258672,15.353949402568771,0.19548865249466651,700.0,0.01,9.64140411736644,38.775000000000006,4.980275229357798,1.1990801127281845,1.3625757,True,True,36.298107,8.957,8.841,8.72,8.019
82063257225743488,40.86594378690865,17.219924037219183,0.03774510905313452,110.16949152542372,0.01,7.900912443040138,8.755645161290323,3.606976744186047,0.9247506555887135,1.047942,True,True,166.75018,10.999,11.017,10.8,8.356
91162093902523392,29.12099032515092,17.831231049503035,0.14863579240280891,171.18644067796612,0.04719290672293913,8.968234466942384,7.487586206896553,4.224513618677043,0.8593572727010582,0.89279807,True,True,298.22147,12.758,12.663,11.253,8.326
5216262867900473856,139.33135081647538,-74.38813177882632,0.047278711166307275,100.0,0.011678516340565069,7.278153662685688,11.80108695652174,4.274409448818898,0.9479679450633616,0.96804965,True,True,267.5205,11.727,11.773,11.56,9.071
5217026925402579072,137.27397382151264,-74.08517063528757,0.12642429954626874,100.0,0.01,8.82804325745731,12.772941176470589,3.502258064516129,0.845525046668091,1.0187718,True,True,183.04419,11.615,11.58,11.564,9.453
5195941419116630400,142.69571408409047,-80.58173825990974,0.03500161772396377,130.50847457627117,0.03460201435087329,9.018367307029692,5.59639175257732,5.1947368421052635,0.6812299557132594,0.9985059,True,True,239.83565,12.625,12.477,11.866,8.433
5226096521945236480,168.37592238046784,-73.87196090700917,0.17829878376580768,161.01694915254237,0.01592806495985682,8.440238519660772,8.755645161290323,3.9053956834532375,0.7514628477697587,1.0182965,True,True,278.27417,12.109,12.13,11.474,8.796
5218023284797191168,147.76186792989603,-73.33720000650482,0.09267121486550563,110.16949152542372,0.05511431323226077,9.613758256220036,5.145497630331755,5.401492537313433,0.9318607475919211,0.96784854,True,True,244.67317,12.848,12.717,12.486,8.722
5217865058201548032,142.42285975709464,-73.5089446907286,0.165300667939885,171.18644067796612,0.07516916839274382,10.806764619766147,6.099438202247192,3.571381578947369,1.2670304604313307,0.97382313,True,True,294.3648,14.023,13.799,12.196,9.245
5229378220556651008,161.68461649768233,-72.53396778450009,0.16484971472838378,150.84745762711864,0.01,6.818356110238682,17.511290322580646,4.523750000000001,0.4980046747856001,1.0229105,True,True,293.75034,11.616,11.704,11.026,8.912
5222910893160504192,138.16514350303547,-69.28591628647054,0.14187424040843238,700.0,0.01,10.952882305670562,37.43793103448276,4.3428,1.378086326486362,1.2017809,True,True,40.55124,10.061,9.905,9.72,9.12
5217966939125721088,142.07945654594917,-72.84694317701803,0.06635477050021292,161.01694915254237,0.029628775900825636,9.443345300726964,7.004516129032258,3.6928571428571435,0.7885465504814609,1.0258181,True,True,271.06818,12.984,12.874,11.938,9.127
5232587832444569728,156.82478294630897,-68.46665178589116,0.02862779546479284,181.35593220338984,0.029628775900825636,9.452707157637604,17.233333333333334,7.385714285714287,0.9373071066269804,0.95344037,True,True,185.60658,12.258,12.138,10.795,8.22
5243754541247710720,144.90700742719048,-68.92702843616391,0.06717486360559918,100.0,0.05511431323226077,10.0720631117587,3.7181506849315076,4.159770114942529,0.8039994564546084,0.99471486,True,True,212.92908,12.992,12.877,12.821,9.075
5204684220186722304,159.2946780824981,-75.60570042273326,0.16216248127452884,100.0,0.01,6.440002765505602,10.146728971962618,3.730927835051547,0.4887361725657531,0.9161906,True,True,253.5847,11.051,11.091,11.117,8.832
5225668051707208704,163.23539508740404,-75.31010397091697,0.1591654240431051,700.0,0.01,9.513973821496482,41.75769230769232,3.976923076923077,1.405722311288004,1.2580128,True,True,50.65583,9.422,9.294,9.165,8.731
5225957639881367552,167.49220072973645,-74.60244299374601,0.1912298141170951,700.0,0.01,10.47879236197581,60.31666666666668,9.870000000000001,1.5828425565820057,1.2400143,True,True,22.267124,8.221,8.08,7.944,7.661
3798121390390455552,170.54782699521252,0.4479673871299342,0.12940313698595507,161.01694915254237,0.025370325336541884,10.70976792282733,6.915286624203822,3.548039215686275,1.1703882971302226,1.0338482,True,True,121.93894,12.054,11.904,11.216,8.468
3800402159758800384,173.2527402553082,3.167863028806549,0.06022478971996724,130.50847457627117,0.025370325336541884,11.753400291853254,5.401492537313433,3.5250000000000004,1.1220959437223335,1.0349301,True,True,69.040375,11.853,11.66,11.145,8.247
3812133192913006080,168.33853323802603,3.8989747738108425,0.19393670524940995,100.0,0.01,6.4778315748226465,7.755,3.5250000000000004,0.5580928479669045,1.09628,True,True,199.0847,10.662,10.737,10.939,8.435
3798131668247436416,170.6546549601937,0.5851126185509264,0.04619997965793005,100.0,0.03460201435087329,8.22836576113112,3.655555555555556,3.548039215686275,0.6847207634664547,1.0353785,True,True,239.10059,11.934,11.931,11.882,8.256
3805345181784672640,164.9170801863475,1.19809079288886,0.033292114760953326,161.01694915254237,0.01592806495985682,9.06774030220146,17.511290322580646,6.828301886792453,1.1499368191269292,1.3047198,True,True,115.04966,10.953,10.861,10.142,7.653
3808079946376067328,162.38996935031346,0.7334108162546508,0.18463266688417426,100.0,0.01,6.519368796731574,14.285526315789475,3.8913978494623658,1.411467340755943,0.96774477,True,True,219.49925,10.99,11.041,10.38,8.401
3810623803966049280,170.35986953651505,1.5271308046590353,0.023887459711193083,140.67796610169492,0.05511431323226077,10.006117030211547,4.782819383259913,4.7,0.7346234054897695,0.98236907,True,True,183.18318,12.656,12.564,11.452,8.087
3836415318801010944,150.96224127692702,3.083864782706426,0.1969138968245805,700.0,0.01,7.798012444749239,33.928125,4.291304347826087,0.9173399297928534,1.0880021,True,True,64.34306,8.855,8.819,8.728,8.091
3800205514681024640,172.5703767296227,2.0886275016980846,0.18537932782511335,700.0,0.01,10.116004465141742,37.43793103448276,4.0662921348314605,1.5224556465668422,1.2342353,True,True,30.46174,8.857,8.73,8.622,8.143
519874493758171264,27.68697728598902,68.39015543130573,0.041925587071671024,130.50847457627117,0.025370325336541884,8.739796876189367,5.374752475247525,4.224513618677043,0.847641995457305,0.93822676,True,True,213.18126,12.034,11.99,11.534,8.297
528386603543133312,1.5878690533361215,66.45078113050836,0.15065284933171924,130.50847457627117,0.0877864361381346,8.635249672096034,6.7856250000000005,7.050000000000001,0.7804320739633582,1.0521115,True,True,295.1665,12.474,12.415,11.413,7.474
527912091257041408,7.870745987781606,66.61593682854567,0.05932045563291497,191.52542372881356,0.0643653407681979,11.69010445355832,7.539583333333335,3.9336956521739133,0.9119048268334403,1.031233,True,True,112.31359,12.721,12.581,10.713,8.1
531929951564214272,19.845409216718817,68.7171347675415,0.17793033941756548,700.0,0.01,9.003272286334273,37.43793103448276,4.620000000000001,0.7612807988644887,1.0308111,True,True,52.23533,9.291,9.207,9.088,8.182
527689444453492480,10.51994162795456,66.61688767843846,0.04157704072532716,201.6949152542373,0.0643653407681979,11.802882043327983,8.287786259541985,3.5250000000000004,1.009247683202732,1.0140132,True,True,122.19178,13.011,12.865,10.854,8.466
565277658194297088,19.445557227798904,78.81757762812384,0.08784049933130039,100.0,0.01,6.847236577262839,11.930769230769233,4.449590163934427,0.53206989910333,1.0424049,True,True,257.99072,11.275,11.349,11.159,8.769
532702702080741760,18.76806922619527,69.00663241658555,0.17660146889052675,171.18644067796612,0.05511431323226077,10.972078919071603,7.142763157894738,4.208139534883721,0.8619295156038804,1.0565983,True,True,150.06355,13.202,12.986,11.277,8.439
528423913919782656,0.2595974124794861,66.5231240279092,0.08126534933881316,120.33898305084746,0.26010046434689327,10.580479460832313,3.667905405405406,7.539583333333335,0.8415466903312053,1.0454694,True,True,287.19608,14.091,13.892,12.089,7.782
575727691581959040,6.596765588153891,87.2556991077793,0.11341971996645646,110.16949152542372,0.01,6.617095388803183,9.047500000000001,3.548039215686275,0.4403880651085949,1.0504827,True,True,290.53036,11.646,11.705,11.257,8.751
542517286463464960,43.78900505832668,71.17301109552568,0.18264508964192486,700.0,0.01,8.727140640358511,45.237500000000004,5.71421052631579,0.9267567269744518,1.0849607,True,True,52.369843,9.045,8.955,8.854,8.292
528876431674345088,3.661689326491616,68.25777148955102,0.04867281210728847,181.35593220338984,0.26010046434689327,11.38492224647948,16.9640625,11.309375000000001,1.002226791254041,1.0155725,True,True,178.00252,13.619,13.422,10.015,7.254
545367014444503296,38.445343724000615,71.15848556839201,0.1403267643418375,700.0,0.01,12.034111203845741,36.190000000000005,3.513592233009709,1.5740028169086815,1.110459,True,True,22.649403,9.577,9.384,9.203,8.579
528296821547251712,4.07051662047412,66.6223307393071,0.12924904695097345,100.0,0.01,8.33097110142652,15.966176470588236,4.25764705882353,0.7400173728508685,0.97192645,True,True,124.69906,10.728,10.713,10.265,8.506
519646585614050944,28.279285778919903,67.14825314440573,0.033223946306003276,222.03389830508473,0.11972993971380404,10.873707708895076,13.080722891566266,4.4679012345679014,0.8626789038068174,0.97049683,True,True,173.8897,13.146,12.971,10.068,7.829
527924499422587904,7.8016847694148606,66.70487655430881,0.0365082371541107,181.35593220338984,0.0643653407681979,11.276162634901077,8.351538461538462,5.09718309859155,1.1644852574809548,1.2846571,True,True,130.02165,12.812,12.607,10.801,8.131
526537465505786624,17.63411754832183,67.72243747158636,0.047348883048572855,110.16949152542372,0.01,10.760120900693794,15.51,5.348275862068966,1.1251326885591004,1.1433238,True,True,55.39891,10.653,10.464,10.261,8.137
533594990125767680,16.25264241833491,71.69663018209341,0.06206755850809204,161.01694915254237,0.05511431323226077,10.4926717147265,6.4625,3.9624087591240875,0.9052461340505008,0.9855041,True,True,187.03473,12.98,12.822,11.385,8.481
530448325281461248,5.527351887651045,69.03488122429296,0.16783876835579423,191.52542372881356,0.26010046434689327,13.411142236471369,5.90054347826087,3.991544117647059,0.8773942176410614,1.0144205,True,True,141.67961,14.512,14.355,10.922,8.223
530402248875108608,3.48620472421218,68.89412623351353,0.1279336559410212,191.52542372881356,0.01592806495985682,10.025844875954949,11.42842105263158,4.224513618677043,1.8669477779844608,1.2363216,True,True,131.0704,11.746,11.6,10.712,8.488
522403022606645376,30.180713525190143,72.01518793755304,0.13595624679885432,171.18644067796612,0.3037587523063755,12.138483034287345,6.099438202247192,3.502258064516129,0.7155233754394755,1.0407728,True,True,279.6174,15.237,15.318,11.561,8.597
528576166219929600,1.2034620084893684,67.29020142867074,0.19983635757520696,181.35593220338984,0.35474515523996636,11.03120116566445,3.8637010676156582,8.972727272727274,0.9864370056259364,1.0183883,True,True,235.65202,13.718,13.515,9.745,6.581
522252015850787584,29.45852082226176,71.21036545132169,0.19807441207843607,140.67796610169492,0.07516916839274382,11.231869143524172,3.655555555555556,4.021111111111111,0.825755782795006,1.0411382,True,True,199.61647,13.2,13.009,12.161,8.59
541746082135148928,44.7401667272928,69.41930344489994,0.06543572851153653,140.67796610169492,0.018601616690726987,8.468661978682185,6.50119760479042,3.502258064516129,0.7411077148105523,0.9477751,True,True,232.51009,12.034,11.991,11.446,8.409
529277689001208064,8.869500023789795,67.46009988156858,0.08584220189752854,161.01694915254237,0.01592806495985682,11.416788099383599,10.340000000000002,3.7697916666666673,1.2135564716913267,1.0495284,True,True,74.71479,11.811,11.637,10.9,8.576
528952130477487232,1.6485854971622274,68.03412055893324,0.10396526159751919,161.01694915254237,0.0643653407681979,9.805312190921313,9.781081081081082,4.890540540540541,0.782283923180749,1.0518951,True,True,196.628,12.835,12.721,11.003,7.97
568818360513085696,39.03001661224212,81.30590651192959,0.10960450885554308,100.0,0.01,7.113028303347825,10.857000000000001,3.7829268292682934,0.5014109420678015,0.92706865,True,True,198.05743,11.077,11.122,11.004,8.699
521297841621450496,29.713608213843838,68.15692001151051,0.17642532517442405,161.01694915254237,0.35474515523996636,12.804767804472222,5.0032258064516135,4.523750000000001,0.8700687022758563,1.0111749,True,True,235.17548,15.127,14.988,11.627,8.317
528736523119259648,3.412605130421044,67.54535302600334,0.10307892727902132,181.35593220338984,0.01,5.705667960283852,5.145497630331755,6.871518987341773,0.5586723191715784,0.89095825,True,True,298.17224,11.164,11.231,10.132,7.846
560585698481409024,24.26878105694659,77.33552919954742,0.1974145312446457,100.0,0.01,6.108755558113026,13.571250000000001,3.513592233009709,0.4254176368710823,1.0126842,True,True,279.4523,10.941,11.065,10.761,8.551
528965835716001024,1.2678480303837074,67.78267295608552,0.1703019729636561,232.20338983050846,0.35474515523996636,12.18937284394996,10.857000000000001,3.548039215686275,0.8275425660869109,0.9569491,True,True,280.85233,14.749,14.651,10.581,8.339
564422203788605312,3.838398633860167,78.43952577519663,0.18980491602997923,608.4745762711864,0.01,9.274619303856262,26.48048780487805,4.1438931297709924,0.9306218770284446,1.0785509,True,True,70.206535,10.041,9.931,9.787,8.582
528822456824885760,4.188065342572933,67.67215239773309,0.05796690337301648,191.52542372881356,0.01,5.128400569506197,20.105555555555558,8.826829268292684,0.6738761077527646,0.9648311,True,True,291.20343,10.794,10.799,9.477,7.119
546435293070963968,30.31970884013216,72.30193770612678,0.194012761684971,700.0,0.01,7.91389566011868,31.02,4.006273062730627,1.0489100066534456,1.0278324,True,True,80.40478,9.329,9.333,9.226,8.595
540426736901493120,0.8031141543412618,78.08969651247358,0.19111985229943187,689.8305084745763,0.011678516340565069,10.566094512374502,37.43793103448276,4.3428,1.898629320820156,1.3376862,True,True,43.717518,9.66,9.466,9.269,8.558
528825789719502080,3.955085294430544,67.68975069691226,0.1374308262976309,232.20338983050846,0.3037587523063755,10.909780127880893,15.734782608695653,6.239655172413794,0.9775686403625264,1.045439,True,True,284.2951,14.042,13.879,9.874,7.663
528826167676619904,4.024554811522332,67.74091235178165,0.15929214977340134,171.18644067796612,0.01,5.833169162031858,8.287786259541985,5.567692307692308,1.4027244793506584,1.0390838,True,True,274.76434,11.132,11.203,10.198,7.971
528921619029916416,1.92969475504331,67.76648556115387,0.10653840536939711,191.52542372881356,0.0877864361381346,11.764335990339365,19.387500000000003,5.2960975609756105,1.0269339569132478,1.0204724,True,True,61.97324,11.705,11.48,9.26,6.641
561958610546894976,28.78926602755353,78.0571158960649,0.1496408728069275,130.50847457627117,0.01,9.464312948919096,10.540776699029127,4.308333333333334,1.211955444067628,1.0313691,True,True,123.07346,11.151,11.07,10.922,8.64
5399420511286008448,172.2353148319965,-34.53415661591588,0.039558611815650006,120.33898305084746,0.021723928448358305,7.134780567415397,7.924817518248175,5.483333333333333,0.9488777275575266,0.9879371,True,True,274.97986,11.708,11.761,11.343,7.932
3465229337250825216,177.73821756104348,-33.73140550926389,0.07263127562944255,140.67796610169492,0.011678516340565069,7.643543444906631,9.123529411764707,4.542677824267783,0.702884860215976,1.0565836,True,True,232.95386,11.687,11.737,11.218,8.42
3477778402759462272,175.82814881778302,-32.46870852863069,0.1966507358548545,700.0,0.01,8.166980477550107,32.9,3.8775,0.9434671460211362,1.0961264,True,True,67.46596,9.148,9.134,9.061,8.368
3467103764058199168,178.99516298098644,-32.38595225820307,0.13206969407681926,100.0,0.01,6.713394499858093,13.403703703703705,3.850000000000001,0.9077311889328041,1.0131652,True,True,241.56416,11.268,11.305,10.835,8.656
3476917180215952512,174.2610369730302,-34.3804543548031,0.1353705039638755,100.0,0.04041001900131407,10.256734568509785,4.561764705882354,3.7567474048442913,1.019237091714788,1.1038603,True,True,138.91447,12.06,11.87,11.899,8.529
5435525964882738688,149.40351119103045,-34.018895990078335,0.13424697657371656,242.3728813559322,0.04719290672293913,9.589298394251873,16.45,3.595033112582782,0.9572072711699474,1.0204759,True,True,228.10275,12.573,12.404,10.404,8.469
5449398434369743872,163.43327384011394,-35.07302957820543,0.1564252150560337,700.0,0.01,9.174015407604514,38.775000000000006,3.536482084690554,1.1849491870004707,1.2470129,True,True,49.55238,9.162,9.085,8.959,8.438
5452798948956022016,164.95154013135382,-30.487827828907992,0.05159643936683305,140.67796610169492,0.011678516340565069,8.445770159047143,8.972727272727274,4.006273062730627,0.7582501179706576,1.0174773,True,True,182.92993,11.463,11.453,11.084,8.438
5623782043689814528,139.74691296963132,-34.78574634316324,0.035734472363878604,140.67796610169492,0.01,8.557679865534901,9.123529411764707,3.7567474048442913,0.894540089970582,1.069839,True,True,168.89828,11.497,11.456,11.054,8.528
5445950572063519488,156.05626302117304,-34.68753494144141,0.13398388175893744,140.67796610169492,0.01,5.916104655064169,11.55,4.761842105263158,0.9590709114818198,1.1303023,True,True,285.61096,11.18,11.206,10.569,8.063
5461829817773068800,152.69309600474242,-30.779921725923,0.1341128498531188,700.0,0.01,10.059325012801303,45.237500000000004,7.436301369863015,1.4832374979156608,1.0799145,True,True,26.348312,8.376,8.258,8.144,7.598
5634657038319747712,138.84601770579286,-30.676906716950644,0.1160203850369639,100.0,0.01,6.400178494843331,12.624418604651165,4.128136882129278,0.6089393252176075,0.9680117,True,True,246.27283,11.117,11.142,10.668,8.29
5627908025491687040,136.10932950656513,-33.43150491306668,0.1961755402256752,700.0,0.01,8.736890093653354,43.428000000000004,3.948,1.151706813582265,1.2383238,True,True,54.6099,9.0,8.958,8.832,8.487
5461955406914037504,153.7240073888035,-30.159455482233422,0.08139592230028499,171.18644067796612,0.013638774391684533,6.746277787129744,14.87260273972603,4.63974358974359,0.5259229286113758,1.0540127,True,True,291.33606,11.685,11.713,10.581,8.051
5630678318059483392,139.39416127937662,-33.65115095477684,0.08351544414375042,110.16949152542372,0.01,6.1236847173161735,13.743037974683546,5.4285000000000005,0.9940985780892969,0.9472991,True,True,233.4659,10.852,10.948,10.518,7.844
2209827095467449856,359.0259065757256,66.56957266009326,0.16332077777909362,394.91525423728814,0.01,7.107637393129449,19.740000000000002,4.377822580645161,0.9126864429420803,0.93978804,True,True,189.55547,10.865,10.925,10.109,8.58
2300719942159870080,325.8481590545491,84.86566656828026,0.1808175496876567,100.0,0.01,6.474789894835058,9.607964601769913,3.5250000000000004,0.611959573655179,0.9904303,True,True,274.00092,11.55,11.599,11.361,9.023
2213947992030110592,351.23926490447883,68.20585964808947,0.13133315247595737,181.35593220338984,0.16329696356865636,11.836672887194462,10.74950495049505,6.168750000000001,0.9239241095971044,0.9584447,True,True,244.20459,14.372,14.187,11.522,8.586
2224203102620877824,324.65141840635346,70.56075771753426,0.08588778115423086,161.01694915254237,0.11972993971380404,11.928267533913672,5.567692307692308,3.680338983050848,0.9983736240064569,1.0674465,True,True,223.61395,14.568,14.326,12.276,9.155
2226623716128528896,344.4106843191379,70.61480172962254,0.18771909654798064,100.0,0.01,5.949441522171427,13.743037974683546,3.9336956521739133,0.7309765772828383,0.94228363,True,True,291.43365,11.279,11.328,11.066,8.856
2283075288795755392,349.58270339012245,79.57939671092898,0.17986262550432253,700.0,0.01,9.772492496556238,51.7,5.59639175257732,1.4473702201835335,1.3156679,True,True,34.47578,8.715,8.605,8.469,8.159
2211138641039757056,358.4126162628468,68.31731617830363,0.05434719175745134,171.18644067796612,0.04719290672293913,8.92190401223959,7.190066225165564,5.684293193717278,0.8118316750393372,0.9516912,True,True,259.95645,12.587,12.568,10.932,8.034
2224783030582832256,337.47046501760354,66.60254870332332,0.13250958576058927,161.01694915254237,0.01592806495985682,11.359434416293812,9.870000000000001,10.24245283018868,1.360515729381336,1.1423515,True,True,42.907135,10.662,10.468,9.691,7.384
2222597304546597888,325.76235049740325,66.8944380737588,0.04401919531139792,201.6949152542373,0.018601616690726987,8.22899391698995,11.674193548387098,3.850000000000001,0.6849830601610626,1.0172827,True,True,289.90454,12.443,12.457,11.081,8.877
2273605538743096192,316.95704905399487,72.80416912149376,0.11675706735674234,130.50847457627117,0.26010046434689327,12.843420387805068,5.71421052631579,7.487586206896553,0.9894785731073283,1.0677088,True,True,165.0652,14.557,14.38,12.32,8.431
2218852711540082432,336.3073769880724,66.81287270849752,0.16387517888081007,171.18644067796612,0.05511431323226077,9.84806710806248,8.351538461538462,3.9053956834532375,0.9013130075227024,0.9701099,True,True,289.04987,13.2,13.094,11.61,8.658
2209843313263539200,358.8057845553556,66.71939109472481,0.09193965092895978,222.03389830508473,0.04719290672293913,8.333768580201188,14.87260273972603,8.351538461538462,0.6573492535478541,1.0204884,True,True,254.97,12.318,12.246,9.884,7.693
2213235444073873664,347.2601073492805,68.56523943028894,0.12913716571725628,171.18644067796612,0.025370325336541884,12.539301722002664,9.35948275862069,3.705460750853243,0.9943538059231051,1.0076818,True,True,87.312225,13.013,12.78,11.69,9.211
2209918183133475072,356.07046801846207,66.4573428359439,0.09453006079433786,161.01694915254237,0.04041001900131407,8.968392186999036,10.540776699029127,7.983088235294118,1.3673236674513543,1.391067,True,True,278.49677,12.66,12.563,11.368,8.386
2221852247978986112,318.117411078645,67.01723123086605,0.0376272114224744,191.52542372881356,0.011678516340565069,7.493720510194786,14.87260273972603,4.175769230769231,0.8253599961503176,1.0044341,True,True,298.3352,11.979,12.03,10.994,8.776
2280285071881703680,327.0017740372942,75.33850385381866,0.06818070471909936,171.18644067796612,0.018601616690726987,9.790427544074872,10.43942307692308,4.081578947368421,0.8960719370690587,1.0178815,True,True,161.34659,12.278,12.126,11.237,8.711
2286753326989152256,338.4620976509933,80.50751220375278,0.05904939408503865,171.18644067796612,0.01592806495985682,8.539154585326838,17.798360655737707,6.275722543352602,0.9554906115032175,1.1333792,True,True,170.9359,11.389,11.307,10.516,8.002
2209984841025683968,355.91934741136106,66.73369277603372,0.09186350014521709,171.18644067796612,0.04041001900131407,9.29089822470868,10.146728971962618,5.4285000000000005,0.8024866942140108,1.0707893,True,True,257.45786,12.786,12.724,11.359,8.561
2224352189525904640,328.61526753396055,70.69446955071874,0.1532438471354753,181.35593220338984,0.16329696356865636,11.870904415376215,7.8673913043478265,4.325498007968128,0.8256539685713777,0.9568828,True,True,262.30823,15.094,14.855,11.955,9.061
2212039037984311424,348.1865868793976,66.6750188356709,0.05552767591894617,161.01694915254237,0.01,7.898694282905933,9.781081081081082,3.8363957597173153,0.7438039433662789,1.132061,True,True,258.90244,12.021,12.023,11.326,8.904
2226783248393230336,340.858173883151,70.836259193926,0.11487445604678607,181.35593220338984,0.01,7.762999526750434,14.87260273972603,4.224513618677043,0.9715672863417267,0.99351645,True,True,287.78125,11.943,12.007,11.242,9.026
2210035899596133120,358.49646778412193,67.17119093291907,0.18416329356638236,140.67796610169492,0.01,5.530207575865543,11.674193548387098,4.175769230769231,0.7085440595097474,0.92555237,True,True,259.13608,10.876,10.925,10.152,7.75
2223240518849487232,332.6251060662446,68.99992708633528,0.06422735980133838,211.864406779661,0.04041001900131407,9.372935319174667,17.511290322580646,5.1947368421052635,0.8135526336916141,1.0432128,True,True,246.36337,12.776,12.731,10.793,8.632
2271779009411275776,317.12873858243097,71.49248915183672,0.03355468426341336,150.84745762711864,0.0877864361381346,12.962889156694136,5.483333333333333,3.9336956521739133,0.9870716164366471,0.96214384,True,True,145.29597,14.171,13.955,12.492,9.288
2231907037000195456,344.5154220517094,73.90358936935583,0.18797043666662058,700.0,0.01,8.48373896515774,43.428000000000004,4.291304347826087,1.053524654141873,1.0740303,True,True,60.797176,9.107,9.087,8.918,8.532
2304594964733094656,337.7335229739012,87.37427668765275,0.12249806256346898,100.0,0.01,9.554895819161159,20.105555555555558,4.1125,0.94889443841853,1.0809281,True,True,85.7815,10.64,10.543,10.284,8.698
2209807166818813568,358.5764589023445,66.61176198950542,0.05706291956518116,171.18644067796612,0.16329696356865636,12.866839045271165,5.483333333333333,4.679741379310345,0.8762713072254692,1.0831091,True,True,157.30582,14.315,14.057,11.692,8.613
2223680701456112768,324.1458928806072,68.45070797287377,0.07319589530840512,211.864406779661,0.04041001900131407,9.134775108480254,15.29154929577465,5.401492537313433,0.9226538750177166,0.9480488,True,True,251.22484,12.633,12.57,10.717,8.499
2209834173573188992,359.4419080185352,66.71246580846902,0.04628532184299453,181.35593220338984,0.0877864361381346,9.21509373389155,23.60217391304348,14.87260273972603,1.0672296027771333,1.0059226,True,True,167.74634,11.806,11.793,9.413,6.662
2210506524934307328,350.1175209426443,66.53249875076447,0.054723746418553175,171.18644067796612,0.013638774391684533,9.024781186635682,10.43942307692308,3.9194945848375453,0.7511178872480972,1.313629,True,True,214.04208,12.168,12.094,11.371,9.026
2278309008967674240,316.4944337081988,76.1526825777954,0.12454747200072121,110.16949152542372,0.01,7.8464866723327,23.60217391304348,6.959615384615385,0.6940781318678588,1.0995307,True,True,145.49721,10.731,10.738,10.217,8.074
2219608140451632640,330.0580685623447,66.97485444878913,0.061601099729907745,181.35593220338984,0.1398268057402531,12.581736046470045,7.645774647887325,4.486363636363637,1.0455964217325509,0.8958919,True,True,173.93204,14.252,14.087,11.674,8.846
2222228139219539328,322.34639188647367,68.22765038280946,0.05635264494571611,161.01694915254237,0.11972993971380404,10.82191172028178,8.826829268292684,5.483333333333333,1.0022364267228094,1.0023063,True,True,276.7165,14.207,14.1,11.796,8.618
2224359649885394560,330.1531661541594,70.3535407880766,0.1608330155573782,557.6271186440678,0.01,12.277153952733435,33.928125,5.21971153846154,1.5714659668550914,1.1363012,True,True,31.429756,10.462,10.256,9.948,8.896
2224495199053549568,331.2132474965697,71.54528572199425,0.1826053801187912,700.0,0.01,9.549647105002602,47.20434782608696,5.965384615384616,1.4484482576047182,1.3422478,True,True,48.132828,9.389,9.281,9.098,8.744
2209847608230792448,358.87340793306737,66.81761899546032,0.06262924382851849,150.84745762711864,0.03460201435087329,7.825631039542964,8.416279069767443,8.616666666666667,0.70806708234914,1.0407817,True,True,230.38489,11.625,11.67,10.403,7.331
2210560362346689920,350.9414016134718,67.02879948389457,0.03698544057897422,100.0,0.01592806495985682,8.22160164155552,5.71421052631579,3.502258064516129,0.7086137210885921,1.0042381,True,True,246.69064,12.087,12.065,12.012,9.126
2231736788793936384,351.1146505674927,73.96229415443422,0.17433859123142004,700.0,0.01,11.251910423484505,41.75769230769232,5.049767441860466,1.7711414734636368,1.2226748,True,True,22.730381,9.009,8.846,8.706,8.241
2229814567590099200,336.7029324062481,71.81449870355515,0.060317756740106636,191.52542372881356,0.0643653407681979,10.822891284078127,8.972727272727274,3.571381578947369,0.933966684506683,1.0327781,True,True,235.27032,13.854,13.663,11.587,9.046
2224766915863606528,329.107654652617,72.06909659082223,0.10348001499974419,171.18644067796612,0.01,10.228970595420341,13.571250000000001,3.536482084690554,0.9848722661222837,1.1920689,True,True,132.81046,11.987,11.817,11.374,9.35
2222523156230275072,321.0754695623364,69.21640984867817,0.05896134328506673,171.18644067796612,0.021723928448358305,9.12540849391135,9.20084745762712,3.5831683168316837,0.8003156644285748,1.0613604,True,True,258.17923,12.694,12.61,11.656,9.068
2274105021963209600,322.2746210451498,74.13778530645203,0.11552808326533583,161.01694915254237,0.07516916839274382,12.315010407969346,6.275722543352602,4.0662921348314605,0.9477879191675043,1.1890098,True,True,141.00182,13.592,13.328,11.911,8.753
2223706299461209472,324.5530211165951,68.58005635721847,0.11453725603443032,222.03389830508473,0.26010046434689327,11.662752234603836,14.285526315789475,6.239655172413794,0.9192675482573803,0.986944,True,True,249.17023,14.569,14.613,10.592,8.396
2210034211670872576,358.3597384646579,67.07004811203089,0.1730121393676417,242.3728813559322,0.0877864361381346,11.978688840032035,8.972727272727274,3.7829268292682934,0.977774996616882,1.0324174,True,True,153.21484,13.391,13.153,10.759,8.722
2222300402046071936,320.0328800483247,67.90519978286574,0.06712092341009637,150.84745762711864,0.01,6.751408947780263,21.714000000000002,9.047500000000001,0.7322196880823706,1.102799,True,True,235.65378,11.141,11.176,10.591,8.051
2210856513228282496,358.2112498508165,67.51027942146165,0.038031692918959865,405.08474576271186,0.013638774391684533,4.998950343372545,60.31666666666668,22.618750000000002,1.1478606661468256,0.8876405,True,True,161.95305,9.499,9.42,7.288,6.338
2213635047829575552,350.5322522595322,67.48026132474827,0.0743161358570216,181.35593220338984,0.03460201435087329,10.495991522014155,9.693750000000001,4.5810126582278485,0.8949849763818188,1.0127655,True,True,178.5242,13.055,12.922,11.422,8.851
2222144546273363456,323.1254245901342,67.74981161898158,0.03456925480932659,181.35593220338984,0.03460201435087329,9.926198561181565,11.19278350515464,4.1438931297709924,0.890694137327697,1.0216502,True,True,219.8574,12.97,12.85,11.44,8.914
2223078718841394176,327.20528336239107,69.0948314395706,0.05418716441342949,161.01694915254237,0.10252153289191773,10.833746807882584,6.959615384615385,4.9350000000000005,0.8918911469369737,1.0384984,True,True,292.36652,14.233,13.981,12.099,8.865
2210561118260938240,350.90992956796083,67.03456544131673,0.14143601451790067,150.84745762711864,0.11972993971380404,11.152136336368972,5.837096774193549,4.4679012345679014,0.8955351192685487,0.9936541,True,True,270.74493,14.024,13.911,12.146,8.77
2223179152356835712,329.39953897720363,68.64007538180056,0.07913855981346672,110.16949152542372,0.01,12.608097046484481,19.387500000000003,3.948,1.5501704540826293,1.1409702,True,True,41.830513,11.278,11.084,10.631,8.943
2211024532349501184,355.995560042132,67.74338376121976,0.1502244241084689,700.0,0.01,8.931878022185336,33.928125,4.3428,1.5178714265244764,1.0557396,True,True,68.997284,9.739,9.664,9.517,8.905
2223654416256119040,324.0792090655116,68.09483975741907,0.09315514193600859,201.6949152542373,0.04719290672293913,9.230573324541243,9.781081081081082,5.539285714285715,0.9718104906378568,1.028069,True,True,297.9324,13.049,12.946,11.031,8.614
2215059705663304576,349.35413304631953,69.86008426918849,0.04229063738686816,181.35593220338984,0.16329696356865636,11.135770397818622,16.9640625,10.857000000000001,0.9402585269422443,1.0131543,True,True,126.15426,12.712,12.535,9.576,6.76
2230456648020316800,334.19180386154324,71.61701235289307,0.07956769622069369,201.6949152542373,0.01,7.616364334071441,13.080722891566266,3.7181506849315076,0.6655032278270457,0.96684724,True,True,284.814,11.907,11.972,11.129,9.152
2229703272100820480,334.50642282735527,71.55616886916489,0.1886427114089307,150.84745762711864,0.22271704449600335,12.464242551589884,3.730927835051547,3.536482084690554,0.9581210988714491,1.0524908,True,True,299.55646,15.558,15.262,12.785,9.266
2229320440193675648,335.7758182742593,69.95839100649272,0.08039393291340761,150.84745762711864,0.01,9.273515513282968,11.42842105263158,4.159770114942529,0.9422707832912763,1.0440153,True,True,177.74889,11.993,11.868,11.553,9.147
2211041437340692736,356.02854779605644,67.92319287278067,0.050439234770350824,242.3728813559322,0.021723928448358305,10.904156379923057,19.387500000000003,5.744444444444445,0.8644100543182783,1.1093212,True,True,94.15013,11.891,11.709,10.18,8.46
2273427658377008384,319.2479027732249,72.45580065764432,0.10409132388164012,140.67796610169492,0.11972993971380404,12.353009958572658,3.8228873239436627,3.6311036789297666,0.8427457661650907,0.97526616,True,True,219.95306,14.543,14.386,12.916,9.377
2229695678597978368,334.504725137541,71.35146421521058,0.07000299725958184,171.18644067796612,0.0877864361381346,10.875961134456544,6.828301886792453,4.021111111111111,1.0857023279972067,0.9592749,True,True,277.4568,14.213,14.002,11.966,9.135
2222473368969201024,320.8093037234112,68.81467241208495,0.06561387407444935,181.35593220338984,0.10252153289191773,11.472119611416623,7.286577181208055,3.7567474048442913,0.9190522414329088,0.988685,True,True,268.12177,14.451,14.259,12.008,9.203
2210527931051163648,349.8044051928497,66.75210818413053,0.18803929352885143,700.0,0.01,7.90831078006678,27.83846153846154,3.991544117647059,0.8326680640593768,0.9697109,True,True,116.68941,10.28,10.279,9.993,8.944
2229813055761864192,337.0246526326621,71.84144104794919,0.043214533659840355,150.84745762711864,0.029628775900825636,11.231492799673282,7.142763157894738,3.705460750853243,1.0602220061091885,0.9949448,True,True,127.11987,12.776,12.59,11.733,8.934
2224242685040299008,328.23252363896194,69.91471122331316,0.136316885642618,181.35593220338984,0.16329696356865636,11.754990903596322,9.27948717948718,4.308333333333334,1.0235097075956707,0.9532383,True,True,285.20453,14.685,14.58,11.736,8.84
2210121867661807616,359.7429866344668,67.59722971790282,0.06852794249093325,201.6949152542373,0.0877864361381346,7.832638656990089,8.225,6.660736196319019,0.7175226412846047,0.99383605,True,True,289.46234,12.094,12.154,9.237,6.689
2223774778419946496,324.81086900761414,69.15457121089143,0.1854646924416428,161.01694915254237,0.05511431323226077,11.912184174568777,7.286577181208055,4.846875000000001,1.0563167530492399,0.9922066,True,True,131.256,13.578,13.337,11.873,8.924
2210883069008231680,358.990465561453,67.71872937599649,0.19708360766319968,150.84745762711864,0.1907066257401213,12.625725949500405,5.837096774193549,5.483333333333333,0.9506066580387782,0.9731368,True,True,142.17067,13.702,13.506,11.561,7.942
2287280714613454208,347.0276306682848,81.63410380619092,0.10028682607913873,100.0,0.10252153289191773,10.01291490677262,4.413414634146342,7.436301369863015,1.0128836861294428,1.0212761,True,True,203.78275,12.748,12.612,12.434,8.157
2213491282388423680,346.52056721417244,68.94472960908263,0.09962261585751858,211.864406779661,0.22271704449600335,12.005190150954324,10.340000000000002,4.486363636363637,0.6978755670034725,0.94649553,True,True,295.53653,14.94,14.89,11.276,8.82
2209995870502172800,356.9958719350751,67.01842172882526,0.08569456904762109,242.3728813559322,0.025370325336541884,9.14511088153209,12.479310344827589,3.548039215686275,0.9217707571238007,0.9591777,True,True,259.0258,12.659,12.588,10.954,9.141
2229633010732038400,335.1381563344492,71.20705761390285,0.17153281806733753,100.0,0.01,7.731869999522514,19.04736842105263,5.6546875000000005,0.7068085468784817,1.0230051,True,True,200.0526,11.172,11.208,10.695,8.745
2230705653043990528,332.24072414096264,72.15112172144242,0.033206411204233684,150.84745762711864,0.05511431323226077,10.52954025549376,6.743478260869566,4.325498007968128,0.9184738522537885,0.99684066,True,True,221.30333,13.491,13.298,11.986,8.818
2225434658725488128,341.48242431623584,68.66088475537931,0.09178852887997516,140.67796610169492,0.1907066257401213,11.729369652491929,4.021111111111111,4.377822580645161,0.8671287453662391,1.0398992,True,True,287.85294,14.924,14.674,12.656,9.053
2273580662292529152,316.8674094209524,72.49622733648967,0.11828126140645276,242.3728813559322,0.018601616690726987,10.3403433416995,17.233333333333334,3.6190000000000007,0.8643802626381007,1.0399058,True,True,152.76228,12.66,12.467,11.137,9.394
2285977484097133952,338.7772383238032,80.10303505291061,0.18700336581705881,700.0,0.01,9.004565957332954,43.428000000000004,4.60042372881356,1.1482117819495234,1.277496,True,True,53.993317,9.296,9.212,9.096,8.639
2213580823864611200,350.6309397633349,67.21491620831561,0.09765984842278017,191.52542372881356,0.1907066257401213,11.878193481407683,8.416279069767443,4.241015625,1.0174263929532203,1.1551008,True,True,293.61572,14.782,14.643,11.574,8.972
2222196219023708544,321.5857763083381,67.97588082644451,0.05877058482350074,161.01694915254237,0.05511431323226077,10.779257039379011,8.10223880597015,3.9336956521739133,0.8313271166115227,0.9747402,True,True,199.51364,13.48,13.314,11.874,8.891
2210129800464415232,358.60195235963124,67.57096635311275,0.05544119193038921,140.67796610169492,0.26010046434689327,10.652392887524151,4.659656652360515,7.645774647887325,0.7842853418754893,0.9672768,True,True,221.79044,13.592,13.455,10.882,6.99
2219129715455420800,336.2691838109603,67.6715853434802,0.14545746351865815,191.52542372881356,0.3037587523063755,12.689577879541588,10.74950495049505,5.049767441860466,0.8768554797396574,1.0732864,True,True,261.3041,15.119,14.87,11.411,8.617
2230160467076345088,339.1621272006663,72.27968947392974,0.04304246566256723,150.84745762711864,0.01,9.326677194589577,8.6856,3.6311036789297666,1.0689661983240095,1.0796831,True,True,152.12569,11.849,11.73,11.211,8.912
2270570371255538560,321.13754327976835,69.57203894150673,0.0911395339993609,140.67796610169492,0.07516916839274382,11.592002334788715,7.335810810810812,5.9327868852459025,0.8770210214424735,1.022533,True,True,153.28665,13.558,13.323,12.032,8.675
2210936640137828736,357.5173958712287,67.929836408811,0.13700362018240278,110.16949152542372,0.01,9.75361053926036,20.105555555555558,6.133898305084747,1.2151750144330458,1.1329001,True,True,69.49995,10.211,10.081,9.632,7.832
2224099271788750848,324.5389966523621,69.84461648153938,0.13270357641040964,700.0,0.01,9.446075508045581,35.02258064516129,4.523750000000001,1.972248852230351,1.2297541,True,True,66.98061,9.934,9.827,9.674,8.931
2224675484599802624,330.41958121999056,71.43203204829435,0.14575617561607127,100.0,0.01,8.694742331994094,18.71896551724138,4.413414634146342,0.6687382601653973,0.9776482,True,True,162.214,11.519,11.456,10.894,9.081
2300246671123911936,325.0268169015299,83.27658400908807,0.16082844432336219,110.16949152542372,0.04719290672293913,8.215891731643428,6.3122093023255825,6.50119760479042,0.6446168395400156,1.0248293,True,True,246.78369,12.339,12.283,11.712,7.911
2230496264798277760,331.6789821904831,71.53178196504096,0.04213172805486183,150.84745762711864,0.03460201435087329,10.650972452308444,6.743478260869566,4.449590163934427,0.9168661766182712,1.0036781,True,True,196.669,13.198,13.05,12.166,9.147
2222191172438456704,322.0649089768028,68.01329863827038,0.09331771104690814,161.01694915254237,0.021723928448358305,9.29842984156928,7.924817518248175,3.606976744186047,0.7335851884167455,1.0360526,True,True,237.52637,12.854,12.757,11.783,9.007
2271739491416415872,315.3677039875803,70.98115856892505,0.05620773558026697,181.35593220338984,0.018601616690726987,8.890284801974971,12.479310344827589,4.63974358974359,0.8106004177241733,1.0114224,True,True,259.5818,12.52,12.431,11.451,8.99
2219949336949710848,333.85603089892555,67.97636695485221,0.08189318834962875,181.35593220338984,0.013638774391684533,10.97003986935579,11.930769230769233,3.6311036789297666,1.1245824684428574,1.0411389,True,True,105.43957,12.002,11.832,11.181,8.993
2226875469931192960,341.13481838255603,71.29102123092451,0.036283671484953345,150.84745762711864,0.0643653407681979,11.511502394806497,6.7856250000000005,4.7,1.120299454599608,0.978387,True,True,152.9148,13.303,13.116,11.835,8.729
2222088161942772736,320.46350376058933,67.49081619896401,0.06814113817260632,211.864406779661,0.029628775900825636,9.64418191031489,10.644117647058826,3.6928571428571435,0.8449807625530059,1.0058817,True,True,263.64954,13.184,13.02,11.446,9.21
2272159749673340160,320.0435175216057,70.16099233153422,0.14067255501634418,100.0,0.01,6.45097562600803,16.2044776119403,5.049767441860466,0.6520977054083692,1.0606538,True,True,296.28296,11.543,11.605,11.074,8.915
2222077957100580992,321.2837065544972,67.41372892365148,0.1253086145029147,191.52542372881356,0.029628775900825636,9.708948887219062,11.674193548387098,5.1947368421052635,0.9238097275215973,1.0827427,True,True,206.19286,12.429,12.308,11.114,8.644
2224151739109207168,324.1566612148173,70.03564144277577,0.14552234670365988,100.0,0.01,7.138402728511206,15.966176470588236,4.1125,0.5697249941360228,1.0054129,True,True,259.616,11.519,11.588,11.077,9.006
2287315039992360704,350.65669340258097,81.97190470179139,0.057961730749091354,100.0,0.0643653407681979,10.664222359078375,8.042222222222222,8.548818897637796,0.939138990965397,1.0212135,True,True,112.7285,12.151,11.987,11.731,8.007
2222820849004190720,325.88187028892656,67.61490466908634,0.1148547832133563,150.84745762711864,0.04041001900131407,11.106995587536748,7.539583333333335,4.3428,0.9740468581849315,1.0364989,True,True,154.03467,13.232,13.091,11.89,8.845
2224767839280652416,329.37999242171685,72.09546234458881,0.05245038311836288,120.33898305084746,0.10252153289191773,10.59323069284845,4.0662921348314605,5.998342541436465,0.8959466820421227,1.0317572,True,True,252.87498,13.922,13.702,12.779,8.652
2223655447048500864,324.33506971449884,68.13392872382138,0.0916449613690228,211.864406779661,0.16329696356865636,10.168329915233205,14.285526315789475,9.607964601769913,0.8583077291778933,1.1223177,True,True,268.38684,13.493,13.32,10.126,7.763
6403678732328845312,324.84365410119227,-62.15730491365475,0.10087789887579131,110.16949152542372,0.021723928448358305,7.490148106811289,5.483333333333333,3.5831683168316837,0.5774823682169066,1.0626056,True,True,288.6108,12.131,12.168,11.773,8.534
6408539398356205056,336.1810513202324,-58.17256078013767,0.09677543643578594,120.33898305084746,0.03460201435087329,8.112550224732676,4.980275229357798,5.90054347826087,1.0927910684643327,1.3292437,True,True,285.588,12.13,12.073,11.711,8.106
6394355011162576512,340.4785958120353,-63.62564764332772,0.09531490737341328,100.0,0.01,6.556151040980653,9.607964601769913,4.7,0.46108048502092175,1.0980518,True,True,224.71962,11.048,11.096,11.081,8.271
6402607945440967680,329.67887258005345,-63.72137523404256,0.19622534084709498,100.0,0.01,5.1110395063750556,7.004516129032258,3.705460750853243,0.8327788214073883,1.0022824,True,True,291.9242,10.833,10.892,10.813,8.193
6407087836848560384,341.33894975579227,-60.83352113491716,0.04766811055970367,120.33898305084746,0.021723928448358305,7.526303615010484,5.90054347826087,4.096981132075472,0.8257106122660853,0.9723831,True,True,243.17027,11.68,11.729,11.293,7.892
6393383249041897728,344.92326913382294,-64.05660032083233,0.10855660918567307,100.0,0.01592806495985682,6.86890949054184,4.241015625,3.559672131147541,0.565050709118562,1.1778666,True,True,297.25427,11.541,11.569,11.742,8.485
6456897431574212352,317.1679167688949,-57.29382392399527,0.1774802682509718,700.0,0.01,8.30146757652652,37.43793103448276,3.948,0.8681537013191768,1.072092,True,True,78.808105,9.461,9.487,9.323,8.477
6392188629658709888,339.5187468224472,-65.83729571115278,0.18216307367674162,700.0,0.01,10.800280908633647,38.775000000000006,3.655555555555556,1.6306573601944994,1.3897222,True,True,28.214296,9.272,9.071,8.938,8.309
6459034091904272384,324.19959036221456,-57.69014626903341,0.051245115540284845,181.35593220338984,0.04041001900131407,10.144017502805017,10.74950495049505,3.667905405405406,0.8650604416503684,1.0328887,True,True,175.27731,12.607,12.473,11.051,8.404
6449377562315177856,316.2782610392192,-64.945583267051,0.09330738171788379,140.67796610169492,0.03460201435087329,9.937317922911657,7.004516129032258,4.1125,0.8315933118054532,1.0588732,True,True,157.63339,12.451,12.278,11.498,8.293
6487483783474213632,359.6844071176511,-62.761415023739694,0.19097347904066836,100.0,0.01,13.384582623421627,28.57105263157895,3.9624087591240875,1.3391372972625408,1.1558423,True,True,19.869186,10.305,10.088,9.672,8.464
6410054250500840448,324.9596004121971,-60.75188612074927,0.03799202575245519,130.50847457627117,0.021723928448358305,7.304665933944291,8.351538461538462,6.424260355029586,0.5460336647114707,1.0448713,True,True,283.20102,11.852,11.913,11.226,8.003
6487999729305751296,359.7773164020284,-61.840984657702215,0.0524190192257685,150.84745762711864,0.07516916839274382,8.881042261001506,9.523684210526316,7.09607843137255,0.870189508431452,0.9810209,True,True,291.35156,12.839,12.746,11.135,7.682
1362050883953093376,263.5452840061871,47.0952740425591,0.07501108410892968,130.50847457627117,0.1398268057402531,11.667140493000177,5.348275862068966,6.4625,0.9240680355433123,0.9433388,True,True,166.47089,13.78,13.552,12.18,8.239
1382180815850088704,245.28533905267116,43.24414699736916,0.07855848159968597,140.67796610169492,0.04041001900131407,10.797722203525929,7.645774647887325,4.720434782608696,0.9248025216808259,0.9914661,True,True,162.3744,13.082,12.875,11.899,8.744
1363256464093703808,267.14111626387927,47.92266435969968,0.10883557576099477,171.18644067796612,0.01,7.134065058366703,11.930769230769233,3.502258064516129,0.8143589806658064,1.1094115,True,True,298.87555,11.726,11.786,11.107,8.876
1381884566185405184,242.55653170778476,42.10163646764537,0.1895809784388286,679.6610169491526,0.01,8.434006330464893,27.83846153846154,3.667905405405406,1.863022428028094,1.1348186,True,True,105.84022,10.159,10.099,9.959,8.946
1381439573213902464,246.2761003746906,42.88831157093814,0.16651452879281764,150.84745762711864,0.07516916839274382,9.465571195115235,8.899180327868853,5.744444444444445,0.8412228347897567,0.992655,True,True,276.1076,13.428,13.23,11.51,8.224
1385518245956795904,243.8597036481383,44.31428044787432,0.07233643713677333,171.18644067796612,0.05511431323226077,10.098326798181137,7.190066225165564,3.5831683168316837,0.823645261096093,0.98473215,True,True,288.14603,13.615,13.434,11.875,9.062
1362835492874828928,265.65515684627803,47.212653832796576,0.03970090693914704,130.50847457627117,0.0877864361381346,10.00061446860188,4.63974358974359,4.8039823008849565,0.8191213753998164,1.108127,True,True,269.4945,13.528,13.379,12.13,8.497
1359356431925764096,252.8913696990153,45.32680293324324,0.042919098494482416,171.18644067796612,0.01592806495985682,9.020641741182262,12.479310344827589,4.741048034934498,0.9197260555880703,0.9803761,True,True,173.2741,11.78,11.702,10.863,8.509
1359318326975813248,252.17667531403796,44.7931510532595,0.06886775344984301,171.18644067796612,0.013638774391684533,8.32116344214488,13.743037974683546,5.0263888888888895,0.8557062402994638,1.0191138,True,True,205.60767,11.629,11.553,10.768,8.31
1395699345672978560,231.7873135102048,45.98622492797148,0.17963306767401802,100.0,0.01,10.387094322550144,22.618750000000002,3.571381578947369,1.2774621102494073,1.0446419,True,True,65.747635,10.76,10.594,10.422,9.015
1397490450114827520,236.41679916883632,45.149252227289054,0.06895128565213143,161.01694915254237,0.01592806495985682,8.08441674608251,9.607964601769913,3.9624087591240875,0.6839096851184739,0.91936135,True,True,278.98654,12.31,12.318,11.428,8.767
1396732504350284928,238.447927006627,44.10271194635005,0.13469642929814937,130.50847457627117,0.22271704449600335,11.906651749683737,4.395546558704454,6.50119760479042,0.9772065975975716,0.95093125,True,True,211.86365,14.209,13.997,12.429,8.127
1398253098867500288,237.3584337513232,47.11207845737375,0.03444573428191206,171.18644067796612,0.01,7.9288599669459074,11.309375000000001,3.8228873239436627,0.706644979679461,1.0030276,True,True,272.4968,12.059,12.089,11.363,8.954
1365340146003673216,263.3438665304292,48.08395965566516,0.06101427199819858,181.35593220338984,0.018601616690726987,9.163225621331112,9.870000000000001,3.548039215686275,0.9935992249907937,1.0598948,True,True,239.60191,12.565,12.471,11.42,9.026
1394698167320555648,233.198321931812,45.47286944040433,0.1992870268137443,588.1355932203389,0.01,5.4271951594626735,30.15833333333334,5.511167512690355,0.9384803161280347,1.1084338,True,True,245.50298,10.647,10.688,9.844,8.512
1391493370099518976,233.67845527289975,43.85826518545294,0.16650926815620665,100.0,0.01,7.341173403294672,17.798360655737707,3.8913978494623658,0.6435787687141605,1.0411057,True,True,247.76418,11.591,11.635,11.015,9.165
1394148140924711680,230.0809304684071,42.76904764310859,0.08375169103466318,161.01694915254237,0.01,7.930470430902413,11.309375000000001,4.0662921348314605,0.8279364754688564,1.0493375,True,True,231.27693,11.75,11.727,11.123,8.914
1394343815338758016,230.9457394597864,44.154957794861375,0.07324613340346126,130.50847457627117,0.10252153289191773,10.663034466624836,4.1125,5.170000000000001,0.9834369152204773,0.9734289,True,True,246.22305,13.81,13.663,12.499,8.578
1396628394342768768,236.34975286531733,44.13748335278773,0.043070027184685236,171.18644067796612,0.0877864361381346,11.50206081446525,9.20084745762712,4.720434782608696,0.909481272888934,1.0131518,True,True,179.10464,13.695,13.462,11.59,8.678
1410950224785583488,246.99888998769092,48.178449409412906,0.14806485132037983,171.18644067796612,0.04041001900131407,11.992484364866119,8.616666666666667,4.274409448818898,1.0119748778001232,1.003451,True,True,118.87697,13.338,13.083,11.764,9.024
1585428014145003776,225.6330090496993,42.97525892369009,0.07878308465949001,110.16949152542372,0.021723928448358305,8.285815367367794,4.9350000000000005,3.976923076923077,0.6675577557051502,1.0338252,True,True,279.9735,12.233,12.215,12.152,8.848
1345272100291533056,267.6539788616089,42.074425487728426,0.038052860466785465,161.01694915254237,0.021723928448358305,9.669396959305782,8.899180327868853,4.175769230769231,1.034215745318029,1.020213,True,True,174.12006,12.308,12.167,11.348,8.652
1589041868347557888,225.9884712910745,48.4361857939081,0.10583344656039016,110.16949152542372,0.01,8.019055625092626,18.71896551724138,5.09718309859155,0.7230358733143408,1.0273738,True,True,160.13965,11.042,11.043,10.588,8.384
1348276270999328000,262.08445427622945,42.14586062156972,0.1676127200520622,181.35593220338984,0.05511431323226077,10.276898056451648,8.163157894736843,3.536482084690554,0.8781856906714798,1.0033091,True,True,256.1591,13.352,13.211,11.597,8.936
1586016665182876800,227.78706716312664,44.926333701629176,0.03065044341941243,161.01694915254237,0.011678516340565069,7.520269486872362,12.772941176470589,5.374752475247525,0.6813589364623078,1.0193832,True,True,267.80267,11.825,11.866,11.135,8.533
1586970285360406784,225.0413193713204,45.36971975135616,0.11056962306697529,211.864406779661,0.0877864361381346,10.770206483650941,14.100000000000001,5.401492537313433,1.6040879560697885,1.2628316,True,True,237.90091,13.522,13.345,10.859,8.544
1410507052879451136,248.60245401500148,47.84098430015192,0.1709127973185712,700.0,0.01,11.940413142212686,41.75769230769232,4.175769230769231,1.5713162981985942,1.1394795,True,True,25.04743,9.686,9.498,9.312,9.015
1408928429060422144,252.38627970920717,48.36079857772808,0.1474184261398417,100.0,0.01,6.465417040815965,15.29154929577465,5.62538860103627,0.9156627530918864,0.98603815,True,True,243.61902,11.188,11.264,10.669,8.389
3814254253921940096,172.01281560275973,6.230678545710184,0.06304370861427086,100.0,0.05511431323226077,11.81285743780884,5.4285000000000005,4.4679012345679014,1.4665576445125779,1.0639515,True,True,70.96371,11.938,11.78,11.47,8.034
579486337721068416,140.25105966089882,5.040723222794317,0.09968727279829202,181.35593220338984,0.029628775900825636,8.942543604583067,7.983088235294118,3.991544117647059,0.9436961941699936,0.9083939,True,True,220.35123,12.169,12.053,10.772,8.266
3864859242230682240,165.4464414115593,7.300372347245989,0.15817822209435128,171.18644067796612,0.10252153289191773,10.144990896167112,6.4625,4.846875000000001,0.8604388665749421,1.049521,True,True,264.5889,13.332,13.195,11.015,7.983
3914115576448688896,171.9529068640701,9.149513315385745,0.0910099049489651,150.84745762711864,0.01,6.5419064568275385,7.539583333333335,4.8686098654708525,0.7497447122101282,1.113428,True,True,293.89697,11.625,11.626,10.953,8.186
3818842722103164672,167.6703994539692,8.172052111246773,0.1097657813868447,130.50847457627117,0.021723928448358305,9.438468571689299,5.59639175257732,3.5250000000000004,1.760278295506122,1.0869575,True,True,143.34927,11.569,11.465,11.14,8.11
3860421750739743232,156.7721096872899,5.1461613468674585,0.14415198802204052,700.0,0.01,10.058147394795691,35.02258064516129,3.502258064516129,1.1405581468773043,1.2027947,True,True,37.98967,8.942,8.777,8.672,8.326
586486859535199232,142.08799074995247,7.706909355317017,0.030933600612972616,130.50847457627117,0.025370325336541884,9.66909678305925,4.7,3.8363957597173153,1.2158579213102367,0.9971268,True,True,155.62682,12.024,11.881,11.472,8.336
3874317584849499520,149.86597768894424,6.654722568315788,0.1626101188611591,354.2372881355932,0.01,7.557215489304859,27.142500000000002,5.775,0.6269799084785024,1.0880113,True,True,119.354034,10.1,10.142,9.358,7.761
4537146693509110912,278.30622532856114,26.032684672022658,0.18035660707729886,700.0,0.01,8.249458227454102,32.9,4.128136882129278,0.8857156213393265,1.1945562,True,True,74.658585,9.503,9.487,9.324,8.388
1836817393486591104,302.8842087562337,28.074916466530947,0.06457865022641034,211.864406779661,0.10252153289191773,10.81641368111763,7.487586206896553,3.559672131147541,0.9126626901407517,1.033933,True,True,258.474,13.859,13.86,11.058,8.779
1836693152980875136,302.0510784298222,27.532377942115804,0.03251432302399552,110.16949152542372,0.01592806495985682,9.80064394768146,5.59639175257732,4.542677824267783,1.1146986333986535,1.0321529,True,True,110.191986,11.325,11.248,10.997,8.358
1835078863763006208,301.07742083212975,26.079087844088537,0.17991361401202494,618.6440677966101,0.01,8.461597905063368,30.15833333333334,4.679741379310345,0.866356515959144,1.0477407,True,True,76.20815,9.499,9.513,9.264,8.149
1835008872964414592,299.99255667733,25.783095910943175,0.19728663086832385,100.0,0.01,6.0324630279576645,13.403703703703705,3.606976744186047,1.011092926710668,1.2542444,True,True,253.39754,10.868,10.98,10.511,8.436
4579901340591493120,271.8432172210812,25.536777552867083,0.19631377525733254,130.50847457627117,0.029628775900825636,10.066523869260266,4.542677824267783,4.081578947368421,1.3674753535678077,1.0127296,True,True,169.37645,12.153,12.03,11.737,8.539
2021892692580340480,294.74583551636186,25.946595648674837,0.10403527106023211,181.35593220338984,0.07516916839274382,9.816620583380129,11.55,4.8039823008849565,0.8328046432048183,1.0127738,True,True,219.66855,12.98,13.06,10.675,7.931
2021763293782822400,296.3209186519679,26.162485717281974,0.041359362977157865,161.01694915254237,0.1907066257401213,10.53769218297853,7.050000000000001,6.168750000000001,0.8287012433686662,0.91565377,True,True,250.2187,13.817,13.694,10.891,7.672
1843351859809511936,311.5033841733097,24.853405910831807,0.07460908208483916,100.0,0.011678516340565069,6.332750326290993,7.190066225165564,4.325498007968128,0.45870260520885386,0.9619552,True,True,257.3738,11.225,11.288,11.244,8.22
2022026386321311104,295.8300259906024,26.652970390045702,0.10203539798226272,110.16949152542372,0.01,6.902219347820722,8.755645161290323,4.081578947368421,1.16387918137121,0.9826742,True,True,218.7037,11.174,11.241,10.781,8.348
2026629560439421568,298.3275437565902,24.884698655350437,0.0644712850707408,140.67796610169492,0.10252153289191773,9.208851373005569,6.959615384615385,6.168750000000001,0.7521034299269663,1.0012852,True,True,275.5016,12.831,12.901,11.195,7.496
1836909649384548992,303.8335191544949,27.47341630205174,0.12066974656750527,700.0,0.01,10.2618048588139,43.428000000000004,6.7856250000000005,1.544348843457473,1.1560594,True,True,34.80431,9.242,9.101,8.883,8.268
2028466462097073280,299.0096679478318,28.38737422695479,0.11928128339784949,201.6949152542373,0.3037587523063755,11.391430526866177,17.511290322580646,9.123529411764707,0.9200017963865348,0.9459775,True,True,185.57578,13.73,13.955,9.631,7.064
2030174832625277568,300.5257447479258,29.73390401999644,0.06002965834332216,150.84745762711864,0.01592806495985682,7.433731005917367,5.998342541436465,4.5810126582278485,0.6764696866868732,1.0399429,True,True,293.33994,11.988,12.091,11.205,8.389
4586421272746553472,275.86767226420693,28.166943770663465,0.19648749351688558,700.0,0.01,10.512670875121003,67.85625,14.285526315789475,1.3367594058959595,1.2555726,True,True,14.799329,7.265,7.133,7.029,6.806
4586856026515732992,275.3875610119327,29.219862552790605,0.12213683086864059,100.0,0.01,8.98602132666245,15.51,3.571381578947369,1.0255412694360713,1.0346894,True,True,106.77789,10.695,10.625,10.558,8.746
4583157303758720384,272.32525066656905,27.1082282438196,0.13093598712980334,700.0,0.01,11.408577543591703,36.190000000000005,4.523750000000001,1.9232445873835016,1.2756131,True,True,26.513514,9.412,9.251,9.072,8.216
4539497758606254080,281.412100937227,28.890300589266197,0.14365777134672458,181.35593220338984,0.04041001900131407,9.744358092142223,13.240243902439024,6.386470588235294,0.7888224957081651,1.1193913,True,True,190.83577,12.819,12.625,10.911,8.335
2029582367633803008,303.0580865666464,29.550726727576453,0.061947333379135654,181.35593220338984,0.018601616690726987,9.956611137611677,12.337500000000002,4.449590163934427,0.8900418388467305,1.0620812,True,True,149.7124,12.123,12.051,11.038,8.656
4590045056912606720,273.4596252015064,29.86166795774801,0.1598827418972894,700.0,0.01,8.668167609324682,38.775000000000006,4.395546558704454,1.8373738747125379,1.1380112,True,True,59.61521,9.29,9.235,9.093,8.298
2039065002582118400,288.472350935441,29.394143669822952,0.027362552893899123,211.864406779661,0.01592806495985682,7.9681271520701635,13.571250000000001,4.1438931297709924,0.8792833824818531,1.0252734,True,True,236.5377,11.766,11.774,10.477,8.382
5848773493214739456,220.58069618245864,-67.04494292276999,0.09659523101661209,100.0,0.01,11.229054227145088,15.07916666666667,4.0662921348314605,1.507330858469803,1.0875542,True,True,47.575806,10.701,10.537,10.261,8.513
5769657275001293952,199.68537564931955,-84.60105192430937,0.18211457448281274,100.0,0.01,6.548155154656226,13.571250000000001,3.5831683168316837,0.4556400890276231,1.0627155,True,True,258.17178,11.08,11.131,10.804,8.849
5782996446989839360,180.95031070124003,-82.6962288641364,0.18808204959893243,100.0,0.01,8.242500147671988,20.87884615384616,4.051119402985075,0.7858943238419618,1.0930748,True,True,139.39772,10.572,10.578,10.395,8.687
5769166652296541696,192.6289695141232,-86.38388992898093,0.17749740068518885,140.67796610169492,0.04041001900131407,8.7649949257784,7.385714285714287,6.065363128491621,1.8206329353356396,1.3937823,True,True,274.06616,12.4,12.276,11.46,8.133
5786658748428196096,212.40176237487552,-77.41825565845001,0.029131656806005463,161.01694915254237,0.013638774391684533,9.099973242049515,12.925,4.128136882129278,0.8741479354195474,0.99062395,True,True,154.3128,11.679,11.521,10.893,8.423
5849280505494491264,216.94617064306527,-66.50213627560908,0.062009317552634655,100.0,0.01,11.327168124485912,23.60217391304348,4.1125,1.5784514321581975,1.1351393,True,True,44.50264,10.501,10.313,10.069,8.417
5786304018486635648,203.6805175209644,-78.63585144955528,0.15780609381406982,700.0,0.01,9.95111719665123,40.211111111111116,3.6928571428571435,1.838995749777087,1.2190385,True,True,42.95989,9.435,9.283,9.156,8.706
5797704476608296704,213.30817141657772,-72.01119036908446,0.07672344473324197,161.01694915254237,0.01592806495985682,9.669860456771833,10.052777777777779,3.976923076923077,0.9124751181123915,0.9872734,True,True,150.89238,12.044,11.925,11.197,8.641
5840177614355006208,198.8216317850836,-72.57774916847451,0.18699165956618483,100.0,0.01,5.789790336302396,10.340000000000002,3.513592233009709,0.43425502292768037,0.98860824,True,True,290.37387,11.065,11.142,11.151,8.685
5844330847746780672,202.137971617848,-69.16566256593465,0.15334558610950963,100.0,0.01,7.884028254077985,11.19278350515464,3.5250000000000004,1.0208294310061226,1.0600517,True,True,180.51868,10.904,10.944,10.898,8.669
5845891673211612288,211.96898642716556,-70.98358636738355,0.13831501796781587,150.84745762711864,0.04041001900131407,11.150980452188508,6.701851851851853,3.9194945848375453,1.0804174581243045,0.9724076,True,True,141.75615,12.656,12.527,11.622,8.54
5856330230461772672,183.8840907497148,-68.48931504109167,0.08266829451280294,181.35593220338984,0.021723928448358305,10.564020524510536,16.2044776119403,5.539285714285715,0.9198309338908592,1.0228176,True,True,123.264465,12.0,11.908,10.96,8.622
5858349861552563712,192.66677894970888,-66.86641579419525,0.15069986890280962,161.01694915254237,0.01,6.068178590501243,27.142500000000002,9.960550458715597,0.7678134585185264,0.8881952,True,True,239.10182,10.773,10.86,10.022,7.765
5858064813145960320,192.5501873069744,-67.62814091960898,0.1177099148250819,191.52542372881356,0.10252153289191773,10.602585862038378,14.285526315789475,4.912669683257919,0.8249318822528914,1.0526893,True,True,203.32549,13.478,13.449,10.77,8.038
5859233353471491200,182.65548245042336,-68.63082907389688,0.0993029093924053,201.6949152542373,0.021723928448358305,7.765469153207595,19.04736842105263,7.335810810810812,0.6635661084703391,0.98104084,True,True,299.1238,12.04,12.104,10.572,8.261
5856019171747067136,183.8083779584277,-69.63476741431644,0.16570703773961024,700.0,0.01,8.685821805184638,36.190000000000005,3.8228873239436627,0.8702993169199869,0.9912899,True,True,74.59241,9.772,9.721,9.577,8.928
5859374159688662144,185.4573626556216,-67.90072731185741,0.11463416488434906,181.35593220338984,0.018601616690726987,6.945467106920308,33.928125,8.351538461538462,1.1972155409949303,1.0709127,True,True,273.1286,11.335,11.408,10.127,7.66
2855321853546423040,5.893998980969216,25.06953182444678,0.048577495579264315,130.50847457627117,0.029628775900825636,8.651978720203303,4.006273062730627,3.667905405405406,0.7567122964532975,1.0177929,True,True,252.23785,12.466,12.416,11.695,8.422
296616389992159104,20.97788507505424,27.93759328585136,0.06836475813515772,110.16949152542372,0.021723928448358305,10.081999755156161,8.48203125,4.5810126582278485,0.9578408503082045,0.9529467,True,True,110.52549,11.732,11.586,11.278,8.367
299130492048662656,29.17464012664026,28.746774322249166,0.1771600438694344,506.77966101694915,0.01,9.129056567195448,31.02,3.948,0.920942491465926,1.0930954,True,True,75.17352,9.969,9.897,9.561,8.326
2861227605377888768,0.6401805005267632,29.923161622139023,0.06204306673977037,232.20338983050846,0.013638774391684533,7.170873857738145,12.479310344827589,3.502258064516129,0.5077660807949302,0.975948,True,True,297.92972,11.933,11.976,10.581,8.671
102415698492013184,37.76071171566176,25.43070788237613,0.13398970979337457,150.84745762711864,0.03460201435087329,8.475476203320609,7.755,6.065363128491621,1.0743738398566176,1.2236915,True,True,248.76688,12.009,11.986,11.042,7.86
102981328505001600,34.76081028155731,25.47322887432052,0.05573000694502609,161.01694915254237,0.025370325336541884,8.711268359312879,7.286577181208055,3.976923076923077,0.7750904777354306,1.067443,True,True,259.4903,12.418,12.369,11.399,8.478
2809560759418357376,9.736440364115715,27.52560805608908,0.05378707996388547,130.50847457627117,0.07516916839274382,11.40462192263028,3.8363957597173153,3.6928571428571435,1.0921380804039227,0.89801687,True,True,153.89525,13.204,12.984,12.094,8.516
2854858546834769536,0.0622729745491295,28.552293493829865,0.0663636982704374,140.67796610169492,0.018601616690726987,7.868660250582297,5.374752475247525,3.6432885906040275,0.7738795244433863,0.95449865,True,True,277.62,12.006,12.04,11.487,8.414
3459888837476961792,181.4438633843953,-37.29243401264648,0.019031035722033247,171.18644067796612,0.029628775900825636,11.311654008007137,9.870000000000001,3.6928571428571435,1.1452365844436578,1.0215987,True,True,110.55877,12.466,12.254,11.18,8.581
3460672308230624640,180.3285433760507,-37.27300524251183,0.03589399573234899,130.50847457627117,0.01592806495985682,7.927281366136014,11.930769230769233,5.59639175257732,0.6831316516369097,1.1138617,True,True,190.0572,11.267,11.288,10.823,7.871
6113984425168556672,207.67224557776748,-40.06273014790708,0.11020410396638793,100.0,0.01,6.563728257411783,9.781081081081082,4.1438931297709924,0.39781094045330834,1.0269068,True,True,254.3698,11.338,11.397,11.238,8.715
6112978887421216384,204.44567184217468,-41.035066456395,0.1615043894314423,700.0,0.01,8.990994266296173,37.43793103448276,4.659656652360515,1.4413783268728242,1.2882191,True,True,56.888325,9.417,9.329,9.192,8.519
6118184074247990528,217.08501034582585,-38.10554431415397,0.17930991520632833,700.0,0.01,8.252396756995331,29.343243243243247,3.7567474048442913,1.1409068569515222,1.219035,True,True,83.83378,9.554,9.619,9.556,8.863
6115234707323382656,207.14416764870785,-37.90230845268332,0.03878396644435062,150.84745762711864,0.01592806495985682,8.065842088524455,7.190066225165564,3.8228873239436627,0.7464508584945843,1.0262097,True,True,263.3447,12.03,12.062,11.394,8.629
6142027327493847424,195.656743217668,-38.50033051737784,0.04491551474726166,161.01694915254237,0.10252153289191773,10.759141947716111,8.225,4.5810126582278485,0.9651309860638483,1.0371195,True,True,235.84073,13.773,13.588,11.538,8.499
6117984963866969472,213.01244925789263,-36.77221618768628,0.16974649967979735,700.0,0.01,10.250376756460996,45.237500000000004,4.377822580645161,1.3910057682461168,1.3039894,True,True,32.368595,8.997,8.849,8.715,8.376
6140797424956169984,196.93673883154625,-40.309091749567735,0.1566464579420595,120.33898305084746,0.021723928448358305,9.954154469998329,5.9327868852459025,3.680338983050848,0.8397913520230808,1.1037047,True,True,154.88548,11.988,11.832,11.715,8.775
6141148375323616128,197.1445900257885,-39.18143009827485,0.16938454111265966,100.0,0.01,7.443277650446342,15.51,3.571381578947369,0.533231450637813,1.1740696,True,True,173.53116,10.792,10.863,10.647,8.834
6161364958184447872,202.3621813337268,-39.93087154699733,0.07151720495911344,242.3728813559322,0.011678516340565069,7.116966771646629,30.15833333333334,7.385714285714287,0.4999292514171127,1.0822994,True,True,202.06842,10.865,10.921,9.605,7.801
6104613493721099264,216.410794839632,-39.13227576943812,0.12820205814169436,110.16949152542372,0.01,7.0959527911702125,14.100000000000001,3.976923076923077,0.5904859150712531,0.9143052,True,True,213.5401,11.076,11.14,10.66,8.445
6106108211059171456,216.86236456914176,-38.986867007788426,0.06503920700954575,161.01694915254237,0.04041001900131407,11.242852301953736,6.424260355029586,3.8637010676156582,1.0400533986529898,1.1376547,True,True,147.8161,12.966,12.772,11.658,8.706
6198357335412678784,224.19357178183083,-38.115368759897216,0.19770751877566964,700.0,0.01,7.118888148412243,38.775000000000006,4.036059479553903,0.5144563047461598,1.1924834,True,True,84.628174,9.154,9.209,8.957,8.216
6110124207340443264,212.2555959163282,-41.57230284168728,0.060923385644375876,161.01694915254237,0.01,8.753380188005945,10.052777777777779,3.595033112582782,1.009132994078744,0.9603554,True,True,182.39745,11.664,11.613,11.156,8.779
6202685876468996224,220.3238740790601,-36.171782351765074,0.109468785295716,100.0,0.018601616690726987,11.124519809347948,7.592307692307694,3.8637010676156582,1.0883256781858657,1.0337317,True,True,66.66705,11.363,11.168,11.133,8.51
6116086072923827840,214.71872475495132,-40.15830965448773,0.19280035255003913,100.0,0.01,8.027476196964674,17.233333333333334,3.7181506849315076,0.8253526293287979,0.98047405,True,True,138.46288,10.714,10.705,10.527,8.83
5005732848176377856,8.611862736447103,-33.05954660190457,0.02086813822297455,161.01694915254237,0.01,5.566613990449641,19.04736842105263,10.857000000000001,0.9256707637933084,1.1011087,True,True,287.835,11.038,11.086,10.102,7.309
5017497210278066816,28.54446264715149,-33.34828180913306,0.1822020363832633,628.8135593220338,0.01,9.001745670663425,38.775000000000006,6.743478260869566,1.4064280487045737,1.2432234,True,True,59.850098,9.399,9.343,9.166,8.04
2309862862380638720,2.651148241372736,-35.11283408194313,0.1574143661623618,100.0,0.01,9.668460161828884,18.40169491525424,3.667905405405406,0.9713872595018195,1.099863,True,True,70.3206,10.311,10.204,10.048,8.505
4971610810478126720,34.55625846311624,-31.34358397698003,0.19302591220691342,100.0,0.01,5.418319185204825,15.51,5.401492537313433,0.9300951303723858,1.0813904,True,True,260.80515,10.729,10.755,10.603,8.181
2315320082186489600,6.17396072025625,-33.506006300088075,0.05355867372922764,181.35593220338984,0.01,6.9739890166227045,10.146728971962618,3.655555555555556,0.6663497136398088,1.0922996,True,True,292.98865,11.654,11.741,10.788,8.448
5569031140626528256,96.91613713928028,-43.45416182043971,0.13361470545689463,130.50847457627117,0.01592806495985682,8.84126391601719,9.523684210526316,4.7,0.7288582567427289,0.9797443,True,True,170.5758,11.924,11.828,11.271,8.505
5536354548405472768,112.73833616709346,-42.229775143240296,0.051860147060408736,100.0,0.01,6.144309388943754,9.693750000000001,4.051119402985075,1.5602706439084073,1.0243349,True,True,289.33017,11.346,11.411,11.189,8.52
5562834155654761088,105.22268336385824,-41.960135849997954,0.1844034560317962,100.0,0.04719290672293913,9.438137170821141,4.208139534883721,3.8775,1.0358497314496529,0.9666201,True,True,216.04756,12.359,12.292,12.226,8.57
5329973772031494784,131.65085887897175,-45.46081479499435,0.05456856773172034,201.6949152542373,0.11972993971380404,9.241958965288479,17.233333333333334,7.238000000000001,0.7432952287775454,1.0262852,True,True,284.25336,13.082,13.013,9.947,7.441
5330338573674265472,134.9611443297925,-46.57640243750692,0.07456762853307657,181.35593220338984,0.01,8.523944245049728,12.198876404494383,7.286577181208055,0.8921073983855301,1.1332531,True,True,117.438515,10.555,10.538,9.906,7.843
5556209765598688512,100.93449280083426,-44.289801837482194,0.10613518656388019,140.67796610169492,0.07516916839274382,10.896578262332895,4.5810126582278485,3.976923076923077,0.8530844726372131,1.0288701,True,True,196.49321,13.71,13.558,12.244,8.769
5328549427740375168,133.95347299834597,-48.001622875843005,0.1711986616940504,211.864406779661,0.4142897092206239,12.123065960887939,14.476000000000003,9.123529411764707,0.9533922154865273,1.0085993,True,True,220.75381,14.5,14.539,9.894,7.217
5328766954940588416,133.02079830967364,-47.75449078569995,0.10699834532445661,161.01694915254237,0.0877864361381346,11.365971541738643,5.455778894472362,6.031666666666667,0.9757354305187322,1.0093284,True,True,143.6229,13.26,13.127,11.234,8.06
5512346196616714368,111.98186819526646,-42.65974389250793,0.03963599827162931,161.01694915254237,0.01,7.580459242530485,13.743037974683546,5.837096774193549,0.6852945278386771,1.0208524,True,True,229.86516,11.503,11.564,10.889,8.368
5330365305550995840,133.88241762002298,-46.80874491984514,0.1371350327440551,171.18644067796612,0.05511431323226077,10.106101926412254,5.684293193717278,4.377822580645161,1.0202616223842467,0.9920288,True,True,225.34131,12.93,12.863,11.217,8.41
5331398567300959744,134.47217025427398,-44.51412556813544,0.1796311484916057,100.0,0.01,7.369641972420437,13.080722891566266,3.7829268292682934,0.8174700262664575,1.0133944,True,True,162.26685,10.655,10.723,10.18,8.475
5331635202821029248,133.05866529117935,-44.3127106197062,0.10593998758582118,171.18644067796612,0.0877864361381346,12.724293025478753,3.991544117647059,3.948,1.003801336554566,0.9700602,True,True,87.70101,13.094,12.965,10.978,8.078
5328474003813769984,134.5449599100653,-48.50913139546329,0.07858042115946716,150.84745762711864,0.3037587523063755,13.883414155114512,6.386470588235294,5.62538860103627,0.9050852651279054,1.0709839,True,True,114.09977,14.241,14.091,11.364,7.914
5329286478498302336,129.49489371927223,-47.69099986708508,0.10553323747041587,201.6949152542373,0.0877864361381346,10.0419156460635,13.403703703703705,4.308333333333334,0.8698796712890642,1.021678,True,True,263.65625,13.279,13.257,10.756,8.231
5516816158069029632,126.4396445676329,-45.80869907324135,0.06522759061671758,161.01694915254237,0.029628775900825636,10.025635287500112,9.047500000000001,4.208139534883721,0.930424882218611,0.94035226,True,True,159.02798,12.503,12.378,11.227,8.501
5332145170056650112,134.7187546231887,-42.96773743072979,0.18605935653078326,211.864406779661,0.26010046434689327,11.025617952196246,7.645774647887325,5.998342541436465,1.0071260198992102,0.99854773,True,True,298.22003,14.228,14.315,10.359,7.838
5522427824894177920,130.6793974454455,-44.38836911989576,0.1427933881954859,171.18644067796612,0.1907066257401213,11.221495944336452,7.190066225165564,4.291304347826087,0.937722781862751,0.91348827,True,True,285.7688,14.34,14.273,11.389,8.434
5332193690306440960,134.6554329165383,-42.82616461946907,0.08936568829478843,161.01694915254237,0.1907066257401213,9.790099289061281,8.416279069767443,6.540361445783133,0.9606409094733028,1.1644179,True,True,276.62036,13.391,13.265,10.477,7.25
5515529420224572800,126.14265858492978,-48.43073447305417,0.05370209724276269,140.67796610169492,0.013638774391684533,7.8832878454316795,7.004516129032258,3.9624087591240875,0.8207952295654074,1.0135461,True,True,251.09764,11.937,11.988,11.333,8.603
5329471402611235712,131.60652155273567,-47.73988620238202,0.049707080654104785,232.20338983050846,0.04719290672293913,9.260800311706411,19.387500000000003,4.782819383259913,0.797602030826679,1.0463482,True,True,218.69897,12.582,12.513,10.283,8.284
5330334106908396160,134.6833717125047,-46.67601633387592,0.07207440100819949,171.18644067796612,0.018601616690726987,7.294798369627184,9.960550458715597,4.63974358974359,0.9371381205442829,1.0357655,True,True,298.0942,12.042,12.161,10.86,8.176
5522535680114961792,130.57398158270155,-43.572241457757976,0.18743067150617437,201.6949152542373,0.0643653407681979,9.556200662712426,9.693750000000001,4.377822580645161,0.870890734318374,1.0896742,True,True,249.85858,12.707,12.608,10.591,8.225
5332120332263081984,134.25651141005252,-42.71164290158962,0.16090062011316258,201.6949152542373,0.0877864361381346,12.139854148581673,3.850000000000001,4.291304347826087,1.0804595340747463,1.0632317,True,True,90.04292,12.884,12.705,10.21,7.894
5515985305232229248,124.7418227344986,-48.020001955001696,0.06796313550349123,201.6949152542373,0.01592806495985682,9.131777612039821,17.233333333333334,4.761842105263158,0.7722547976447345,1.0139145,True,True,144.87988,11.632,11.564,10.346,8.185
5516515029321945472,126.36919209172436,-46.87434906990831,0.054785952827675226,181.35593220338984,0.011678516340565069,8.00369874463902,16.9640625,3.850000000000001,0.7686860233994564,0.996108,True,True,219.3444,11.693,11.714,10.788,8.462
5522268739313352704,130.0282340424602,-45.43485074950564,0.19026189736884705,191.52542372881356,0.16329696356865636,11.162865292588961,10.43942307692308,4.5810126582278485,0.8914625180825365,0.95703673,True,True,259.99377,14.681,14.589,11.274,8.616
5332235128150379264,134.99214494543244,-42.27504982460693,0.13009787865952943,150.84745762711864,0.04719290672293913,9.755440590454807,3.730927835051547,6.660736196319019,1.1741140572004793,0.99756736,True,True,194.72122,12.394,12.302,11.192,7.94
5332224957667877760,134.6200292432898,-42.34209168938403,0.04997187146057997,201.6949152542373,0.11972993971380404,9.87757839314253,11.55,4.5810126582278485,0.8790230619569553,1.0173769,True,True,274.73483,13.322,13.265,10.391,7.79
5521646518814025856,128.8542698131067,-46.63649898432987,0.048629181610138766,171.18644067796612,0.01,9.88126678504285,14.100000000000001,3.850000000000001,0.943237888443195,1.0174872,True,True,125.9263,11.812,11.708,11.065,8.877
5520532576089546112,121.93147949410556,-44.71760157127221,0.14972783593961947,161.01694915254237,0.01,5.897896348836752,22.618750000000002,6.871518987341773,0.653066023476484,1.0349432,True,True,256.2603,10.931,10.98,10.078,7.828
5522869244453779072,127.17940550190742,-45.03361455612349,0.060538701489716504,181.35593220338984,0.01592806495985682,7.807821617067374,10.43942307692308,3.991544117647059,0.642750955859576,0.98421216,True,True,252.83598,11.951,11.999,10.845,8.323
5331614483899043328,133.77205465312576,-44.219528629286685,0.1306251014169446,181.35593220338984,0.35474515523996636,12.351667859995008,3.948,4.8039823008849565,0.8776380686880445,0.9925177,True,True,274.81082,15.133,15.255,11.267,8.329
5516885083705727616,126.07792038233026,-45.45825060993633,0.06174761153338596,191.52542372881356,0.04041001900131407,10.214803931683305,12.925,4.128136882129278,0.788349413268211,0.95625234,True,True,187.0671,13.011,12.84,11.108,8.621
5331584457785454848,133.30242489832852,-44.44711039280544,0.06411264809422813,161.01694915254237,0.04041001900131407,8.2850974674201,11.930769230769233,7.539583333333335,0.7855122273204073,1.0157272,True,True,226.13725,11.793,11.814,10.392,7.447
5515342812485176960,127.05107952233044,-48.46227744347989,0.1076237245316322,191.52542372881356,0.04041001900131407,8.87471313102235,17.511290322580646,5.684293193717278,0.8106208604440661,1.0519295,True,True,263.84555,12.468,12.458,10.749,8.202
5523414911455527296,128.38875819346072,-43.61513681389948,0.1987573925303214,272.8813559322034,0.01,6.951409111666779,19.04736842105263,5.539285714285715,0.5463372404764442,1.249105,True,True,204.60855,10.623,10.654,9.782,8.06
5523073925415273728,127.66127559476288,-43.922179447611846,0.04121090158739769,171.18644067796612,0.018601616690726987,7.7253207014731675,6.58,4.413414634146342,0.7103091777101808,1.0320084,True,True,285.81845,12.129,12.189,11.009,8.332
5523602240749910400,128.9729605868742,-42.67502413732169,0.14140061462744782,181.35593220338984,0.029628775900825636,9.560128438697907,13.240243902439024,5.744444444444445,1.2712585875308775,1.0608705,True,True,139.24965,11.506,11.472,10.257,7.758
5515352291468585472,126.73442009201594,-48.38960617187111,0.06121976024003348,211.864406779661,0.029628775900825636,8.602210064078841,17.798360655737707,4.8039823008849565,0.8985994880265613,0.95404136,True,True,298.2218,12.591,12.627,10.836,8.624
5521911806042935040,128.4023904877222,-45.95953352951369,0.1777387962214131,161.01694915254237,0.0877864361381346,10.014048925672512,5.455778894472362,4.679741379310345,0.8540623046337775,1.0196168,True,True,293.61255,13.406,13.324,11.568,8.419
5329555412175852032,131.96029609283823,-47.181519317085645,0.04007281086816516,140.67796610169492,0.011678516340565069,7.653900969265074,8.163157894736843,4.128136882129278,0.6003768634602346,0.96072006,True,True,219.3013,11.486,11.555,11.091,8.305
5515548833477374208,126.84227648207072,-48.163116380603135,0.05246661872275856,191.52542372881356,0.011678516340565069,10.30787204011685,20.105555555555558,3.9053956834532375,1.0276756028753335,1.0195239,True,True,107.1095,11.784,11.638,10.77,8.742
5523602206390177920,128.9469292323482,-42.68073891149377,0.04966574680472208,181.35593220338984,0.04041001900131407,11.226239579115193,12.925,6.386470588235294,1.545567007019069,1.0055414,True,True,94.955666,12.136,12.01,10.429,7.875
5331417018481410304,134.2754407365998,-44.273586304509735,0.10965106739898696,181.35593220338984,0.16329696356865636,11.791796489717365,9.047500000000001,5.71421052631579,0.8318424800916051,1.0167125,True,True,154.27626,13.304,13.182,10.512,7.751
5332233341444003456,134.91316618250946,-42.32229390695149,0.03312993897480008,181.35593220338984,0.07516916839274382,10.241983797859788,7.286577181208055,4.980275229357798,0.9586576007347567,0.98897964,True,True,204.90872,13.043,12.942,10.893,8.104
5332245642230349440,134.80808700918195,-42.30379194019965,0.023533449256340207,150.84745762711864,0.05511431323226077,9.646738276100065,4.980275229357798,8.10223880597015,0.9050460185744265,1.0300386,True,True,144.49777,11.868,11.756,10.451,7.2
5524338187685848448,133.44475435010844,-42.46016271279527,0.06029048756555134,171.18644067796612,0.4142897092206239,11.779382594848013,7.487586206896553,4.8686098654708525,0.9161758473743703,0.9967131,True,True,218.4805,14.376,14.246,10.368,7.174
5523976830614778240,131.48414895579316,-43.54922312818919,0.04298516131604096,171.18644067796612,0.029628775900825636,8.303704109112704,4.486363636363637,6.50119760479042,1.038584376265401,1.0581254,True,True,138.38435,10.802,10.806,9.454,6.761
5526414104298410624,125.92328944319011,-42.84701747653565,0.09912758947953494,110.16949152542372,0.10252153289191773,7.271816552486215,9.607964601769913,10.644117647058826,0.5836961482471466,0.93914044,True,True,228.95076,11.279,11.346,10.515,6.038
5523857254427847040,133.42602343738727,-43.27895590026305,0.18789522244444715,222.03389830508473,0.4142897092206239,11.505622847945782,9.20084745762712,5.998342541436465,1.0349364208081073,1.0268676,True,True,242.90219,14.275,14.134,9.542,7.199
5524973537904987904,131.859164568919,-41.9581560691018,0.03820304665790632,181.35593220338984,0.01,6.859681369066728,8.225,6.58,0.9306994443964759,1.0135586,True,True,203.6599,10.868,10.94,9.991,7.709
5522649513931585152,127.31002704944886,-45.60721895797358,0.08666071580878716,181.35593220338984,0.04719290672293913,10.880908996679763,12.624418604651165,5.684293193717278,1.0923923083832414,0.9900451,True,True,120.9404,12.29,12.143,10.549,8.006
5527058246316501120,125.118377594534,-42.96617998157664,0.11613061444711119,161.01694915254237,0.03460201435087329,9.870974089343617,9.047500000000001,5.270388349514564,1.0763036587743868,0.99010456,True,True,168.16646,12.199,12.08,11.016,8.046
5507315449882096000,111.8243293045551,-46.99534484202937,0.16235046989124374,100.0,0.01,5.974568095124231,12.624418604651165,3.7567474048442913,0.42147386513717844,1.0790033,True,True,292.64734,11.173,11.23,11.045,8.706
5507628462802274048,112.3345264593414,-47.03121104902641,0.0520570961432172,171.18644067796612,0.11972993971380404,10.276583549619748,9.960550458715597,5.965384615384616,0.9111871004456396,0.95227855,True,True,275.67456,13.762,13.59,11.185,8.136
5524267342204357376,134.0145201652461,-42.736861285005,0.044751394046340265,140.67796610169492,0.021723928448358305,7.5042734331924965,8.616666666666667,7.924817518248175,0.6025088968523103,1.0046582,True,True,194.65184,11.169,11.232,10.394,7.224
5524536615173915520,132.90964005455967,-42.10881944066681,0.05847947356142739,181.35593220338984,0.16329696356865636,10.888968304892456,4.274409448818898,5.837096774193549,0.8381980444115501,0.9942476,True,True,259.4682,14.122,14.016,10.959,8.096
5522022173829759872,130.99633997401622,-45.80621635979473,0.04615857554902813,181.35593220338984,0.025370325336541884,6.41839601216404,22.618750000000002,12.337500000000002,1.1363389370255468,0.97356033,True,True,289.4359,11.479,11.583,9.737,7.028
5523818775819454464,133.0961240077138,-43.73498169597325,0.10165912374092848,150.84745762711864,0.01592806495985682,6.785427711109962,9.35948275862069,7.487586206896553,0.7632135285944278,1.0252246,True,True,229.31468,11.233,11.312,10.296,7.43
5523944566820918016,132.82569049788358,-42.7607045235994,0.05932878562163108,211.864406779661,0.025370325336541884,7.002735769732958,22.15714285714286,11.42842105263158,0.5470334318991988,0.97933894,True,True,233.69948,11.336,11.415,9.488,7.2
5524822733012994944,130.55884006443475,-42.85138270692502,0.06800617643929353,191.52542372881356,0.07516916839274382,9.8136580044335,10.43942307692308,5.567692307692308,0.8861310211858254,1.0180155,True,True,230.02,12.913,12.836,10.606,8.084
5532300580315435520,118.85010912345014,-43.377372954400045,0.08383480120699288,140.67796610169492,0.26010046434689327,11.766383280822748,4.006273062730627,4.377822580645161,0.9372143767586312,1.0537888,True,True,261.9104,14.706,14.521,12.188,8.335
5509847625160308480,108.20350108256194,-46.26052278872999,0.09975593499815871,100.0,0.01,10.401757568933887,14.476000000000003,3.655555555555556,1.025124934773209,1.0382663,True,True,72.91349,11.096,10.942,10.669,8.794
5506723981347057920,113.79224480369952,-47.51330372790021,0.1596633616531693,100.0,0.01,7.628634895202719,18.40169491525424,3.6432885906040275,0.6379992292436956,1.0386736,True,True,156.4055,10.775,10.816,10.446,8.681
5507399803039883264,113.18473238816613,-47.229774578375306,0.19150070470732014,140.67796610169492,0.029628775900825636,9.772218282642815,6.7856250000000005,4.128136882129278,1.1883231221123216,1.028068,True,True,187.87991,12.248,12.075,11.65,8.563
5523723324463495168,132.09690147236094,-44.20800161749059,0.13290033986356042,700.0,0.01,9.44818865367035,31.93235294117647,7.539583333333335,1.2262128251296425,1.1300099,True,True,36.41124,8.651,8.552,8.407,7.755
5523726206386537472,132.26889980071792,-44.04664590423353,0.06537148897199727,181.35593220338984,0.1398268057402531,11.874509220349253,6.540361445783133,3.548039215686275,0.937689040869321,0.9964706,True,True,145.64687,13.598,13.356,10.682,8.035
5523460919146330368,128.07488203984244,-43.53960028219529,0.055034291048419934,181.35593220338984,0.018601616690726987,7.368470157478921,7.8673913043478265,5.145497630331755,0.6699906981788478,0.9837445,True,True,245.19588,11.646,11.715,10.351,7.856
5527112706502074240,125.45568919218891,-42.247680362845706,0.08855858631152398,201.6949152542373,0.04041001900131407,8.839553379451825,10.052777777777779,4.890540540540541,0.7518944834501425,1.0319418,True,True,247.43944,12.394,12.361,10.569,8.175
5526655202281060736,128.68657563588775,-41.87764426715068,0.10317881351456598,191.52542372881356,0.1907066257401213,11.584657284433298,11.42842105263158,4.191891891891892,0.9650482927876015,0.9835512,True,True,216.87143,14.007,13.803,10.836,8.215
5507110940719484800,110.24668813075328,-48.272171830525394,0.03589300381306881,150.84745762711864,0.05511431323226077,9.972424989868387,11.930769230769233,7.8673913043478265,1.1122070345087642,1.1253381,True,True,167.23709,12.431,12.293,11.11,7.848
5507470373644346112,112.90135671875456,-46.88306326789554,0.04444063687959613,161.01694915254237,0.0643653407681979,11.099073154031629,6.204000000000001,3.9624087591240875,0.9514480883554968,0.9542724,True,True,162.74924,13.134,12.982,11.509,8.38
5523925840763544320,132.86519294036304,-43.00717724749131,0.06895233196945326,191.52542372881356,0.26010046434689327,10.422496270595216,6.424260355029586,7.436301369863015,0.8141350229938057,0.9769171,True,True,268.04675,13.852,13.699,10.068,7.313
5524303626087474176,133.16686292640046,-42.799418346980175,0.05828789076261571,181.35593220338984,0.11972993971380404,8.007256278402949,16.2044776119403,11.674193548387098,0.7247933171146649,1.0020821,True,True,295.64868,12.273,12.295,9.428,6.538
5524047779176980608,130.9455369587232,-43.26069901910983,0.031297603763808544,242.3728813559322,0.16329696356865636,10.891556046229303,8.548818897637796,3.536482084690554,0.9605464925193401,0.91702384,True,True,281.31662,14.273,14.048,10.642,8.588
5524375437942474112,134.2934662586562,-42.3624159817275,0.08917292432184448,161.01694915254237,0.025370325336541884,8.2166379824158,15.734782608695653,6.959615384615385,0.8074880840227093,1.0206413,True,True,185.97827,11.571,11.588,10.314,7.557
5506968210366215168,112.34198817542732,-48.07294358450229,0.17326603349402261,700.0,0.01,9.854987377691845,43.428000000000004,4.8686098654708525,1.712168116821624,1.3105909,True,True,35.628384,9.078,8.897,8.784,8.234
5526423003470701440,126.14020503297616,-42.642195320133546,0.02260208024102878,171.18644067796612,0.013638774391684533,8.333065343030178,8.10223880597015,4.191891891891892,0.7434958929191741,1.0525608,True,True,211.72285,11.819,11.806,10.923,8.52
5524957732425242368,131.27336158863324,-42.055207184087486,0.046833469710989305,181.35593220338984,0.029628775900825636,10.210930020003204,4.846875000000001,4.542677824267783,0.9645348814360816,1.0886725,True,True,134.58653,12.075,11.933,10.746,8.166
5507624373993297408,112.2682161077086,-47.16386741493958,0.07106531924455665,171.18644067796612,0.0643653407681979,11.354917312280728,9.440869565217392,5.0263888888888895,0.8582887371883243,0.9040489,True,True,144.73859,13.216,13.02,11.332,8.457
5530513118004579968,115.35325312755766,-47.39071980624744,0.09370092745262942,181.35593220338984,0.0643653407681979,10.475679689274253,7.385714285714287,3.6432885906040275,0.9321945228240872,0.970616,True,True,241.05995,13.488,13.291,11.463,8.73
5535400962587585408,115.1339437102225,-42.64456991186302,0.14660263889483796,130.50847457627117,0.01,6.642919366025023,15.29154929577465,4.224513618677043,0.84871971781822,0.98574644,True,True,248.90529,11.242,11.315,10.658,8.4
5536102863321557888,113.70952814486152,-42.74929576037051,0.1960713991657008,161.01694915254237,0.01,6.860657515225295,19.387500000000003,7.645774647887325,0.7160562185573203,1.0886121,True,True,204.39812,10.565,10.609,10.076,7.73
5554770131216825216,94.92936537815416,-47.24642303491808,0.07647844885697656,100.0,0.011678516340565069,6.866147719907228,8.6856,4.128136882129278,0.6140199752451075,1.0002506,True,True,270.01846,11.597,11.658,11.579,8.692
5518492462319638400,117.6437055194837,-47.403241372147335,0.15068063579896798,150.84745762711864,0.07516916839274382,10.967858331852726,5.868648648648649,4.504979253112034,0.9969595150470576,0.9797064,True,True,192.58122,13.709,13.5,11.864,8.575
5552008639044653824,99.10550877940736,-48.16503902177416,0.18290960235424025,700.0,0.01,8.024045730916779,33.928125,4.241015625,1.3451756382415012,1.183357,True,True,90.527985,9.695,9.719,9.571,8.759
5511232666215802752,112.29716681075554,-44.17366698819389,0.09523948963087812,171.18644067796612,0.04719290672293913,10.099534940176726,12.198876404494383,5.0263888888888895,0.967791627705635,1.0679367,True,True,192.0091,12.733,12.566,11.075,8.358
5559095747400572416,104.06466147555682,-44.16496219137983,0.042718740429658085,100.0,0.04041001900131407,7.672140306263185,8.899180327868853,8.755645161290323,1.1706185026066256,1.0489463,True,True,238.92783,11.641,11.686,11.368,7.721
5518346162851698816,116.57670876075268,-48.350508117409966,0.05538524301556316,171.18644067796612,0.013638774391684533,7.477913237408896,14.671621621621624,6.031666666666667,0.7317064431975063,1.06301,True,True,254.84772,11.609,11.67,10.777,8.148
5535167419446186880,114.97959518598076,-43.19106452393642,0.030437834989159262,140.67796610169492,0.01,10.587665770595281,18.71896551724138,5.744444444444445,0.8783077173927066,1.1528122,True,True,62.86994,10.771,10.632,10.279,7.976
5535470880358088192,114.89214297799226,-42.28533197283557,0.08483098524542514,191.52542372881356,0.3037587523063755,11.878981043446304,8.10223880597015,4.523750000000001,0.8695739201327645,1.0734651,True,True,297.03525,15.028,15.073,11.179,8.398
6248922328982441216,242.90331550353648,-18.41451928019992,0.14451047949556667,700.0,0.01,8.107510109349533,25.85,5.2960975609756105,1.3620030649134784,1.3638166,True,True,58.171703,8.806,8.81,8.558,7.706
4328095413845148416,244.7514840210549,-15.816149102655794,0.11624026292038538,110.16949152542372,0.05511431323226077,8.455160720623459,3.7181506849315076,5.539285714285715,0.741399014387664,0.99168813,True,True,275.52008,12.217,12.197,11.808,7.862
6250028441983739136,241.3225066599477,-17.167010132662543,0.10515278007459862,161.01694915254237,0.16329696356865636,11.067705096204921,8.616666666666667,6.701851851851853,0.9786600509802484,0.9690169,True,True,174.38968,13.112,12.913,10.605,7.38
4133355102655720960,252.7998508717025,-17.214524705760983,0.07241192640232995,110.16949152542372,0.01,9.490386697012614,12.925,3.655555555555556,1.131392665294071,1.1091329,True,True,92.34138,10.652,10.575,10.428,8.187
6259030555989988736,230.15830454141843,-17.282590955075534,0.024730616407505027,120.33898305084746,0.01,8.045115273810854,9.047500000000001,3.6190000000000007,0.8540360797949428,1.0849346,True,True,168.68674,11.057,11.066,10.834,8.224
6256872936219312000,227.14048690496853,-19.3909187639309,0.04908619245382889,150.84745762711864,0.029628775900825636,8.257753120105999,6.168750000000001,3.7829268292682934,0.6818000433073151,1.0560694,True,True,279.92712,12.294,12.278,11.219,8.246
6250052596879091584,241.45843604769,-17.063867023888786,0.1986215355273391,161.01694915254237,0.05511431323226077,10.043615624733427,5.539285714285715,3.667905405405406,0.8728126533852093,0.9722796,True,True,226.2315,12.761,12.647,11.353,8.31
6254217650002329856,233.93212438533376,-19.19001067289378,0.05431264913123638,150.84745762711864,0.01,7.681498657579747,11.19278350515464,4.980275229357798,0.6183921948704635,0.9596762,True,True,173.6326,10.888,10.903,10.457,7.992
6254880896033640832,231.7384618850369,-18.863038534119163,0.18070784564058862,120.33898305084746,0.1907066257401213,12.94028899754528,3.7829268292682934,5.244927536231885,0.8985719530694459,0.9775528,True,True,98.98008,13.731,13.445,11.894,7.93
6250032973165734912,241.0776889287121,-17.225593651610456,0.14695883321599273,140.67796610169492,0.4142897092206239,11.768850104207473,3.9194945848375453,3.9624087591240875,0.9215166403992335,1.0003294,True,True,275.36008,14.988,14.921,11.687,7.895
4120049809456929280,264.775761649516,-19.278478148701296,0.17691794007987802,171.18644067796612,0.1398268057402531,11.65035543058878,9.123529411764707,6.239655172413794,1.0620454701941608,0.9966741,True,True,152.91522,13.213,13.151,10.68,7.582
6307542619618544384,228.4737271245884,-15.569606367519212,0.09475964722275908,100.0,0.01,6.7253597104506015,14.87260273972603,5.348275862068966,1.0923853600994002,1.381578,True,True,146.92458,10.156,10.221,10.007,7.64
4145002229409232768,269.97867507895614,-16.860342628879426,0.18311147351273438,191.52542372881356,0.018601616690726987,7.79094306854272,8.163157894736843,5.684293193717278,0.7098793003047006,0.9814195,True,True,256.6743,11.585,11.718,10.454,7.999
4148457238524055808,268.2460983906189,-15.127878955872722,0.0983156557008816,181.35593220338984,0.01,6.782648018109451,11.309375000000001,3.9336956521739133,0.41199123703747437,0.8966487,True,True,237.7265,11.061,11.142,10.317,8.112
5723021901625596800,124.89867177595134,-15.29395796509923,0.035829222866125686,140.67796610169492,0.10252153289191773,9.500471358694833,5.073364485981309,6.168750000000001,0.8595089769433314,0.94961363,True,True,267.13373,13.191,13.029,11.397,7.851
2950779288410981760,98.80623011137486,-14.600714979717312,0.07465022921987333,191.52542372881356,0.011678516340565069,7.963303986219149,17.798360655737707,5.348275862068966,0.8265812028484614,1.0730591,True,True,188.90637,11.381,11.371,10.323,8.043
5716611989362077952,113.08686965997175,-19.03544644222417,0.14227397211159815,201.6949152542373,0.26010046434689327,10.013757167194319,14.671621621621624,11.80108695652174,0.8813045842616112,1.0084101,True,True,283.943,13.386,13.222,9.604,6.965
5710438540801030016,129.45369134781868,-15.375327559240931,0.09071124841453859,100.0,0.05511431323226077,10.492641647540118,4.096981132075472,3.705460750853243,1.0944733562184081,1.0726688,True,True,134.60614,12.511,12.345,11.981,8.408
3028489025054724992,111.58885391597612,-15.549696596469335,0.1245704591205331,191.52542372881356,0.04719290672293913,8.324851011648704,10.24245283018868,6.386470588235294,0.8131707401074038,0.9872738,True,True,261.8476,12.022,12.041,10.138,7.59
2945374776447395328,101.18525395537245,-19.15975189736457,0.18863492747436977,700.0,0.01,9.078373551107223,47.20434782608696,4.224513618677043,1.0543423517127537,1.3196472,True,True,41.620193,8.84,8.731,8.61,8.118
3026446334305611520,112.55407789594848,-19.057127958279853,0.09624871071107603,181.35593220338984,0.26010046434689327,11.242981793357826,5.374752475247525,5.2960975609756105,1.005558982964277,0.96646494,True,True,246.652,14.137,13.942,10.498,7.664
5716630509257264128,113.9894450036339,-19.157277497438496,0.16313527585904677,232.20338983050846,0.1907066257401213,10.88829422916787,14.671621621621624,4.8686098654708525,0.9367350532650387,1.0186455,True,True,275.0412,13.986,13.74,10.377,8.185
5716789693627338368,115.218178837489,-18.93954431482531,0.1150078424232007,171.18644067796612,0.4142897092206239,13.03339442620561,7.755,5.744444444444445,0.8445704664539996,1.017199,True,True,207.7664,15.08,14.763,11.122,7.969
5709376927964437888,130.6011694336627,-16.467863472669556,0.08587290557893623,100.0,0.01,9.551030540723112,16.9640625,3.948,1.0303058521245518,1.1662432,True,True,82.53934,10.473,10.336,10.213,8.353
2991223552327065984,91.84422419556545,-16.583266303742565,0.03712157292158967,140.67796610169492,0.05511431323226077,9.950406599701548,5.049767441860466,3.8913978494623658,0.9535132321160633,1.0089997,True,True,232.24356,13.086,12.915,11.902,8.446
2950030551051927680,99.04112323484006,-15.872474466681153,0.07800191728949185,323.728813559322,0.01,6.200187520023996,30.15833333333334,5.868648648648649,0.44065651608733736,1.0734946,True,True,235.25816,10.752,10.792,9.435,7.995
5716704829373115776,113.40045905222372,-18.920098148195127,0.1147809007362123,171.18644067796612,0.4142897092206239,11.16599278803142,6.239655172413794,7.436301369863015,0.9810591463071076,0.96039593,True,True,265.622,14.301,14.141,10.157,6.851
5716708677663846656,113.26553751245818,-18.891953328360707,0.15761658848537755,201.6949152542373,0.10252153289191773,9.66314488984439,8.10223880597015,6.386470588235294,0.8620120953350929,1.0492133,True,True,243.35654,12.808,12.729,10.06,7.534
2944172735358130304,96.76909291232307,-16.331000297649744,0.17537819633401636,700.0,0.01,9.531329473800037,37.43793103448276,3.850000000000001,1.0794106271435182,1.3198436,True,True,50.913002,9.546,9.428,9.316,8.65
5733460596299092608,131.13506509503904,-15.696074618669003,0.06498331169285858,140.67796610169492,0.03460201435087329,9.66488619370137,5.401492537313433,4.006273062730627,1.0989856964778246,0.9920707,True,True,189.74431,12.362,12.26,11.562,8.389
3026653283011991808,112.56789107311282,-18.22738481151224,0.1461380027562755,150.84745762711864,0.26010046434689327,11.627089221063802,3.9194945848375453,3.7437931034482763,0.856121379981096,0.9570374,True,True,266.82318,14.474,14.328,11.741,8.022
2943227219776992128,95.44049330942514,-18.589677493718497,0.0245531323885472,110.16949152542372,0.029628775900825636,8.456184612688293,4.25764705882353,3.513592233009709,0.6716497396924999,1.0091144,True,True,261.57864,12.323,12.297,12.021,8.655
3027365633407964800,112.72773721958,-16.833322125970817,0.10192086841486958,201.6949152542373,0.029628775900825636,7.237426055930632,22.618750000000002,9.27948717948718,0.7058871183366473,1.0759541,True,True,252.43071,11.389,11.473,9.607,7.197
3026449808941170944,112.404225557342,-19.06335544139645,0.11651357768012087,100.0,0.01,7.008113604256651,12.624418604651165,3.8637010676156582,0.6099846805462604,1.0775393,True,True,193.1966,10.851,10.933,10.479,8.343
3026478052647318912,112.56437626028368,-18.811260813677364,0.12123746411403176,171.18644067796612,0.35474515523996636,11.199870018489726,7.924817518248175,7.286577181208055,0.9479504654147115,1.039987,True,True,199.05734,13.886,13.788,10.01,7.02
5716741521272786176,113.84557711939416,-18.57500016803481,0.055506975790819056,161.01694915254237,0.11972993971380404,12.910277835458299,4.7,3.705460750853243,0.8970944027259856,0.9803136,True,True,131.41406,13.855,13.651,11.724,8.617
5705600895796564224,131.74302145538823,-18.643378650533872,0.15514874165548778,100.0,0.01,7.115900111506279,13.571250000000001,3.8228873239436627,1.195480865272207,1.0112914,True,True,164.35979,10.627,10.688,10.468,8.479
2825234233249654528,349.7855915458099,19.72827930981313,0.06694101225044567,171.18644067796612,0.011678516340565069,8.92385801735039,10.966666666666667,3.8775,0.791488746216422,0.9859273,True,True,153.1986,11.596,11.539,10.795,8.497
2837487293908597504,349.13345962798184,20.700417752567827,0.09975629980827384,140.67796610169492,0.029628775900825636,8.48663111095715,7.190066225165564,5.2960975609756105,0.8106227882715875,1.001463,True,True,252.62852,12.164,12.032,11.331,8.122
1791958869557781632,320.0537070322708,22.57442208026846,0.0594407100964734,161.01694915254237,0.05511431323226077,9.59682451908202,17.798360655737707,9.607964601769913,1.388015697198792,0.9531977,True,True,149.08711,11.841,11.643,10.185,7.238
1878702228091201536,336.03165352563497,24.50544492716464,0.16132752825661809,700.0,0.01,8.90169363073852,32.9,3.730927835051547,1.3719698623643977,1.058608,True,True,63.266422,9.524,9.469,9.341,8.419
2847699317388658304,358.00779585310147,21.802371264874203,0.15927121469124803,100.0,0.01,6.032904130625923,16.2044776119403,6.620121951219512,0.5367124472059202,0.93041015,True,True,181.02309,10.43,10.46,10.065,7.678
2824832464828528768,352.5635051390218,20.064898402138216,0.037389969010444724,150.84745762711864,0.01592806495985682,9.662150539735253,8.826829268292684,4.395546558704454,1.11070754789766,1.049081,True,True,118.44788,11.36,11.27,10.743,8.065
1780716706760622592,329.0709156249753,20.15986468337005,0.0971176485959949,120.33898305084746,0.01,11.140027244805143,11.930769230769233,3.680338983050848,1.206222428075477,1.037029,True,True,64.43935,11.011,10.873,10.665,8.567
2841951963952885376,346.8771041049374,23.10606990728493,0.12222335875381776,110.16949152542372,0.01,7.174291108119444,13.240243902439024,3.7697916666666673,0.7744850032255892,1.1741297,True,True,192.8688,10.919,10.998,10.505,8.32
1840905519452442496,316.4612718095369,24.010057488873464,0.1585920744315768,700.0,0.01,8.810168397392067,31.02,4.208139534883721,0.9028012336874338,1.2862189,True,True,68.11766,9.647,9.59,9.453,8.551
1780275493360460544,328.158714298988,19.536922661394573,0.17803593807697268,100.0,0.01,10.117945496443568,18.095000000000002,3.606976744186047,1.275624953606607,1.1200334,True,True,71.66061,10.555,10.371,10.184,8.679
1792592287039861120,326.7388591706792,20.345439637343382,0.17184836248404567,700.0,0.01,8.061376980591445,32.9,3.7697916666666673,0.7844980655887045,1.1789718,True,True,82.02522,9.532,9.55,9.361,8.554
1792042123203948800,321.2430966998348,23.1558297767638,0.10904405739088674,120.33898305084746,0.018601616690726987,8.597677645794434,6.540361445783133,4.051119402985075,0.9495906478484732,1.0287185,True,True,188.39565,11.557,11.543,11.327,8.322
5340688448458930304,164.74223278541078,-56.09765865595948,0.08506085140735566,201.6949152542373,0.11972993971380404,10.24934086248808,18.71896551724138,7.645774647887325,1.0533859622704478,0.96057624,True,True,241.28928,13.334,13.239,10.466,7.877
5347347503171258240,166.5229107244839,-53.89720484666188,0.07210741133059091,130.50847457627117,0.029628775900825636,8.730982276723328,5.744444444444445,4.1438931297709924,0.8065263806209143,1.049252,True,True,286.02747,12.627,12.633,11.968,8.686
5350177714810066816,168.2430348138939,-49.07338522462743,0.14911086434807772,700.0,0.01,9.06647113278255,35.02258064516129,3.8228873239436627,1.0898142916406122,1.2352754,True,True,57.25096,9.353,9.273,9.172,8.402
5347674122535453184,168.03071229408792,-53.09097765629601,0.10075934213255948,181.35593220338984,0.1398268057402531,10.778313533768813,7.810791366906475,4.051119402985075,0.9247147693017079,1.0019928,True,True,295.2194,14.338,14.36,11.488,8.728
5343063526686022656,174.0646417374893,-56.26785300418166,0.1528743633651097,161.01694915254237,0.22271704449600335,12.364460248267926,8.225,6.660736196319019,0.922849556788377,1.0381453,True,True,170.81018,14.283,14.218,11.256,8.184
5347263489299488768,165.7270990237079,-54.29046959886093,0.13835069331397243,161.01694915254237,0.22271704449600335,12.204409805318644,5.837096774193549,4.175769230769231,0.8341918893038106,1.0613382,True,True,243.76056,14.621,14.468,11.913,8.627
5345338283110569600,174.66429679010486,-53.17302909141632,0.047955070425861016,161.01694915254237,0.018601616690726987,10.671326789365914,9.693750000000001,3.6432885906040275,1.241901951137385,1.0401157,True,True,128.07172,12.288,12.153,11.399,8.826
5346909618358940032,168.15843484564297,-55.49693496197697,0.1538230734650808,201.6949152542373,0.26010046434689327,12.137223083975737,14.476000000000003,4.782819383259913,0.8173329285403353,0.9546071,True,True,250.72566,15.125,15.112,11.144,8.693
5347636807860303232,168.28910685055885,-52.88887411711155,0.13287483023507643,171.18644067796612,0.07516916839274382,11.527623750585654,6.959615384615385,4.274409448818898,1.0230449089704365,0.9837353,True,True,189.56024,13.558,13.402,11.686,8.769
5340118386033174016,168.9012983996871,-56.34669098038739,0.10746234121943224,171.18644067796612,0.04719290672293913,9.922614341104413,9.440869565217392,4.60042372881356,0.9771828207093807,0.98375756,True,True,269.26514,13.201,13.172,11.689,8.89
5343801406381565056,178.13982329368113,-55.216367590837805,0.05526478808928447,110.16949152542372,0.013638774391684533,7.481002051404187,6.3122093023255825,4.006273062730627,0.7974799588480507,1.1827999,True,True,278.30832,11.963,12.008,11.771,8.835
5348919529914201728,170.95420361439142,-51.179578836207,0.09130224520802843,120.33898305084746,0.018601616690726987,9.761184687852431,7.539583333333335,3.667905405405406,0.9178912260924565,1.0336105,True,True,149.85211,12.166,12.064,11.662,8.749
5353356226829825664,163.58637115682177,-54.0666019255655,0.08163709302425645,191.52542372881356,0.22271704449600335,11.659900625186879,7.700000000000002,4.081578947368421,0.9986668820589655,1.0110406,True,True,247.89255,14.526,14.39,11.007,8.429
5352961472111413760,162.5042724815709,-55.54603029262136,0.08445344949636654,161.01694915254237,0.04719290672293913,9.593025544371997,9.27948717948718,7.050000000000001,1.0843835419575751,1.0953594,True,True,195.252,12.631,12.503,10.933,7.934
5354282432250415488,161.15105031488548,-53.36653616438544,0.03735669463645,181.35593220338984,0.018601616690726987,7.677763272618453,14.285526315789475,8.163157894736843,0.788357767717267,1.0761894,True,True,233.96492,11.66,11.713,10.457,8.003
5359418491579261312,164.13577626123396,-52.98786385815817,0.1474621630136408,100.0,0.01,6.796389105254168,20.87884615384616,4.377822580645161,0.5358518607154973,1.0340955,True,True,203.60019,10.859,10.952,10.397,8.349
5353789026405929472,159.66298418340375,-54.54529612920784,0.15616923954247502,150.84745762711864,0.1907066257401213,13.679225519852865,5.401492537313433,4.4679012345679014,0.8166719532027802,1.1210647,True,True,137.67177,14.702,14.644,12.148,8.755
5352598083529288064,163.2292508776841,-56.31580359372524,0.062204359253911844,201.6949152542373,0.1398268057402531,9.89795644401756,18.71896551724138,8.287786259541985,0.8844867929826087,1.006194,True,True,239.0742,13.174,13.07,10.085,7.531
5353677597752857728,159.74016184487655,-55.47255623483348,0.10737333739800664,201.6949152542373,0.11972993971380404,11.362503026233975,5.775,3.595033112582782,0.8594658686072203,1.0699296,True,True,246.51196,14.024,13.966,11.392,8.932
5352151887959420288,160.20325508638038,-55.91764704966227,0.1027776467192447,171.18644067796612,0.07516916839274382,9.189500635092923,11.55,9.607964601769913,0.8850139627883636,1.0520015,True,True,254.97516,12.678,12.646,10.6,7.579
5353329155670902528,163.6123293630307,-54.2833505111029,0.08935961392229753,181.35593220338984,0.11972993971380404,10.36569541008919,8.10223880597015,3.991544117647059,0.8412777800103517,1.0955408,True,True,298.7661,14.19,14.111,11.341,8.613
5353543079394931712,162.7484390454784,-53.78141148302549,0.18255904872411965,100.0,0.01,7.433547570607686,16.703076923076924,3.976923076923077,0.668996550130818,0.9783706,True,True,211.20981,11.344,11.39,10.666,8.756
5361612360864265088,165.27628935221702,-50.64367503821882,0.0415568384290285,150.84745762711864,0.013638774391684533,7.510755579734804,9.960550458715597,5.684293193717278,0.6378946626630596,1.099168,True,True,268.5481,11.771,11.825,11.214,8.362
5370080387105306752,175.2259427834521,-50.23673005004736,0.13998416487400786,161.01694915254237,0.01592806495985682,9.616995776601417,11.42842105263158,3.7829268292682934,0.7793565676192309,0.9660287,True,True,155.16953,12.231,12.05,11.209,8.728
5307941968506808576,146.51701813003052,-55.4063841216778,0.0812262860677646,171.18644067796612,0.021723928448358305,6.865353128906466,7.983088235294118,7.8673913043478265,0.6844540602452179,0.9650982,True,True,298.80728,11.822,11.906,10.469,7.753
5307991927569082368,146.11500061140782,-55.22857795572994,0.18579799560055116,140.67796610169492,0.04041001900131407,10.307001124746172,5.62538860103627,3.8363957597173153,0.80901625639339,1.0372123,True,True,173.03174,13.002,13.027,11.776,8.603
5259892417012923776,151.4377797711886,-55.728932810737085,0.07865912966850362,201.6949152542373,0.01,11.220154901551041,9.781081081081082,7.645774647887325,1.2369854307870138,1.1999797,True,True,38.539566,10.141,10.001,9.356,7.608
5307111974668333568,144.36320796387344,-56.0047855299581,0.07737557190259504,191.52542372881356,0.01,8.26781123838057,14.285526315789475,3.7437931034482763,0.803739837853853,1.0570399,True,True,190.6426,11.438,11.472,10.694,8.704
5308546940425527424,148.11127900401075,-53.276959060387256,0.10394475873114502,161.01694915254237,0.01,9.709252858335848,10.857000000000001,4.291304347826087,1.0295910176198235,0.9676313,True,True,108.852455,11.186,11.136,10.62,8.721
5372998727179366656,172.7735650428617,-49.54880338515871,0.17005363895748327,222.03389830508473,0.0877864361381346,10.148713915475378,20.48490566037736,5.374752475247525,1.0837390626058712,0.987455,True,True,240.31242,13.119,12.804,10.451,8.187
5313446359920583040,139.68539445521267,-51.35576440004824,0.0369268163087625,181.35593220338984,0.22271704449600335,10.898129158302226,6.204000000000001,5.62538860103627,0.8271406582571124,0.9665694,True,True,278.14917,14.202,14.134,10.798,7.909
5307770272898117632,147.4305518232209,-55.28052883781644,0.1824220721303053,100.0,0.01,6.551088373033563,15.29154929577465,5.62538860103627,0.5599603350934426,0.8926476,True,True,179.39227,10.62,10.703,10.019,7.924
5308259796104963712,149.63627826767663,-54.198838366252886,0.16161213297399574,191.52542372881356,0.01,6.717805455749598,13.743037974683546,3.9336956521739133,0.79945299595864,0.9750582,True,True,251.40442,11.249,11.374,10.428,8.497
5311024071405152256,137.93639709376978,-54.79494317218641,0.032141338975469905,171.18644067796612,0.03460201435087329,9.067382884477967,6.50119760479042,4.051119402985075,0.7598613378330247,1.084333,True,True,257.4349,12.77,12.703,11.301,8.569
5312691549499490048,143.7296004369352,-51.53575893302124,0.10469075572283,181.35593220338984,0.1398268057402531,11.862704768462606,5.90054347826087,3.7829268292682934,0.8557466770442224,0.9759267,True,True,181.16356,14.171,14.056,11.235,8.475
5313767829634115200,141.68693396696355,-50.42568270878497,0.08209188174486558,201.6949152542373,0.22271704449600335,11.399010215158034,10.540776699029127,3.513592233009709,0.9925551203243361,1.0149549,True,True,256.53555,14.55,14.472,10.829,8.336
5310582858001113344,141.62383652795074,-53.719788021743625,0.12286494811893652,201.6949152542373,0.1907066257401213,12.057743625460617,8.042222222222222,4.761842105263158,0.9573381388671156,0.9737411,True,True,202.39346,14.008,14.064,10.833,8.301
5310585847307878912,141.3548980645905,-53.72320203022829,0.18080009695991556,232.20338983050846,0.029628775900825636,9.50075892273219,8.972727272727274,3.548039215686275,1.0071135131781201,1.0209312,True,True,216.25961,12.35,12.33,10.733,8.742
5324164541003506304,136.32380282781094,-51.04215087719549,0.19883728028354317,700.0,0.01,10.33219214484994,49.35000000000001,6.58,1.5372267718471126,1.1455059,True,True,24.236727,8.486,8.333,8.208,7.917
5314149776784155392,141.91160683230598,-49.04947239110764,0.055025778732934634,140.67796610169492,0.04041001900131407,8.974122024887498,4.377822580645161,4.620000000000001,0.7871131828920065,0.9210244,True,True,255.7932,12.749,12.706,11.691,8.389
5325915925588564992,137.12986244759955,-49.36903784547869,0.06337260190845306,191.52542372881356,0.025370325336541884,6.2119039865274495,8.972727272727274,8.616666666666667,0.5078251103862348,1.016823,True,True,299.5564,11.518,11.612,9.555,6.981
5324203023919506048,135.4167697809506,-50.99578566834453,0.0814332832139828,191.52542372881356,0.021723928448358305,8.86748862483489,6.4625,4.542677824267783,0.8047344224042146,0.9616648,True,True,177.0256,11.671,11.638,10.436,7.995
5308762440386530688,145.4867604866228,-54.921930405721966,0.04845182798127151,171.18644067796612,0.11972993971380404,10.700193993868266,6.349122807017544,4.620000000000001,0.8121737436936395,1.0531614,True,True,275.24054,14.035,13.968,11.597,8.6
5324056204754923776,137.21453681894755,-51.13752346961815,0.13202268277805615,191.52542372881356,0.10252153289191773,9.664612054656057,8.548818897637796,5.073364485981309,0.7799026239781935,0.97540987,True,True,281.77768,13.461,13.473,10.731,8.125
5325529103656735616,138.1691469732731,-50.90630213712126,0.17332311577296286,181.35593220338984,0.05511431323226077,8.371075561176543,14.476000000000003,9.047500000000001,0.8080851691728488,0.9336871,True,True,264.15564,11.997,11.962,10.098,7.297
5352266920043660672,157.66342576128903,-56.28155305777138,0.12200605889017423,211.864406779661,0.1398268057402531,11.409584833399215,7.755,3.655555555555556,1.013211290767399,1.0282924,True,True,244.22394,14.439,14.513,11.11,8.736
5325192756176458240,135.9925478150911,-49.51902162148031,0.12939549509119472,181.35593220338984,0.35474515523996636,10.619502137838579,6.099438202247192,9.047500000000001,0.90299882048993,1.0539722,True,True,283.2366,13.905,13.9,10.008,7.083
5326016565262265344,138.02485715140728,-48.76826908423615,0.07071096837166149,181.35593220338984,0.04719290672293913,9.521777930438553,10.644117647058826,5.9327868852459025,0.7853802426803655,0.95517594,True,True,192.65071,12.544,12.432,10.594,8.001
5323374713719289728,135.05016118267295,-53.19950244951522,0.13722137431799275,201.6949152542373,0.16329696356865636,12.025679174476863,7.487586206896553,3.9624087591240875,1.420963872159155,1.1258662,True,True,223.66713,14.135,14.103,11.057,8.469
5324319881382928512,136.56346605430522,-50.5666985269137,0.05979910584363603,181.35593220338984,0.013638774391684533,6.692732602812649,15.29154929577465,7.050000000000001,0.748484953516617,0.8985295,True,True,259.31586,11.311,11.444,10.265,7.76
5324017034651199488,137.629824935503,-51.25407330063428,0.06401433627100923,150.84745762711864,0.16329696356865636,10.262844161050054,5.455778894472362,5.244927536231885,0.9387090598364449,1.0039635,True,True,287.2358,13.893,13.853,11.367,7.878
5355039961400347392,155.45268711352531,-55.509178883298006,0.15890234869156034,201.6949152542373,0.03460201435087329,9.322349030600988,12.198876404494383,4.542677824267783,0.7535665540234991,1.0145228,True,True,203.79034,12.673,12.598,10.634,8.342
5325805184152321280,137.72956932233936,-49.95862529505859,0.11365359019516294,211.864406779661,0.021723928448358305,9.518318381139593,4.431428571428572,3.513592233009709,1.032094410313774,1.0478097,True,True,167.22597,11.97,11.906,10.548,8.473
5358158550019234176,154.77094743829466,-52.70541616811137,0.12420142929534718,181.35593220338984,0.3037587523063755,11.953594765634143,12.337500000000002,6.239655172413794,1.1184853271460207,1.0810516,True,True,220.8725,14.373,14.298,10.72,7.903
5404997470483169152,151.02569648720169,-51.76344523330586,0.19024116508458208,161.01694915254237,0.10252153289191773,11.644266416928716,5.21971153846154,3.7829268292682934,0.9141670074806687,1.0264119,True,True,190.88716,14.114,14.116,11.924,8.716
5326112050974743424,140.39699708949618,-49.02710395019345,0.08606457879160462,201.6949152542373,0.03460201435087329,9.425163284488669,14.285526315789475,5.244927536231885,1.0000161320750436,1.0006187,True,True,203.25299,12.358,12.275,10.659,8.315
5326743303788898688,136.5448134713993,-48.732269077262046,0.12631258956979796,171.18644067796612,0.35474515523996636,11.099531919455469,11.19278350515464,8.616666666666667,0.8399968514147593,1.0213226,True,True,257.44687,14.124,14.045,10.348,7.144
5406738237912785536,152.38026131867466,-49.945426167568606,0.08706181924453278,130.50847457627117,0.1907066257401213,11.681407552227704,3.502258064516129,5.71421052631579,0.9285359775519088,1.0203795,True,True,235.83165,14.492,14.418,12.548,8.379
5405237580651451904,149.48664731849942,-51.42688827958504,0.16881880663273374,171.18644067796612,0.025370325336541884,8.750660758540949,12.479310344827589,5.270388349514564,1.2167708006011257,0.9896449,True,True,233.72063,12.018,12.055,10.979,8.361
5325891427095099136,137.08162349437364,-49.48978059128825,0.028547120780095865,161.01694915254237,0.013638774391684533,5.847048941058127,3.948,5.71421052631579,0.6050670013394887,0.9140748,True,True,295.3012,11.241,11.357,10.136,7.24
1849275036325828992,323.2458360738019,29.624981053040763,0.06843468579289677,130.50847457627117,0.01,8.616453650113675,11.55,4.1438931297709924,0.9762888818587814,1.0622911,True,True,134.23973,10.977,10.948,10.541,8.319
1897463332437049856,327.2381149556141,29.836782621896937,0.17165582433100243,100.0,0.013638774391684533,11.431747390867917,9.693750000000001,4.208139534883721,1.3164000128474977,1.0292956,True,True,49.479206,11.064,10.896,10.471,8.383
2866617995492717184,356.74181931981894,27.834486584149666,0.13305870824287155,700.0,0.01,10.205363605187273,41.75769230769232,4.980275229357798,1.4463133090132338,1.1577803,True,True,32.570534,8.969,8.836,8.685,8.023
1799991798431932800,328.0505066791,27.41338974757914,0.17356167679712542,700.0,0.01,10.819464483688416,47.20434782608696,6.168750000000001,1.6763999732989587,1.214444,True,True,24.79782,9.081,8.874,8.583,7.923
2852394365182884096,356.03332709032986,25.464456486271427,0.08889951015974848,150.84745762711864,0.1907066257401213,11.561681397121099,4.846875000000001,4.191891891891892,0.9663393122278653,1.0099089,True,True,233.01631,14.192,13.973,11.729,8.291
1849521498728782336,325.1076366645568,29.922631568817373,0.16466366743409816,100.0,0.01,8.488445626916953,16.703076923076924,3.571381578947369,0.8695433964884307,1.3572971,True,True,126.60174,10.585,10.543,10.322,8.563
1880317479391560320,337.97642795071334,25.44944570759204,0.19789918886443292,700.0,0.01,8.534083284871468,45.237500000000004,5.0032258064516135,1.199452189781466,1.1322045,True,True,47.5967,8.652,8.631,8.507,8.035
1883412638984459392,344.1560481063717,27.406270828036387,0.023351835300010164,130.50847457627117,0.029628775900825636,11.307282736453338,6.620121951219512,3.6311036789297666,1.1451037009206144,1.1107554,True,True,98.22143,12.228,12.062,11.48,8.413
1877307738109329664,339.0216295843981,24.88697689888738,0.0933140288243046,171.18644067796612,0.1907066257401213,12.05906898828676,5.71421052631579,4.128136882129278,0.8246222382277246,1.0191522,True,True,198.44904,14.505,14.252,11.523,8.517
1841913428022501760,317.7649054361376,26.57517218836304,0.05388856000780145,161.01694915254237,0.04719290672293913,9.56991159500188,12.063333333333334,7.436301369863015,0.8680415578498014,0.9475088,True,True,172.6149,12.299,12.115,10.762,7.69
1885383032540711680,347.69664518840153,29.455109339477684,0.03869409570045025,201.6949152542373,0.021723928448358305,11.63628440807831,15.29154929577465,3.9053956834532375,1.0908206212423333,1.049114,True,True,71.7617,11.677,11.517,10.407,8.223
2841724979223997824,350.9068681830525,26.649253460515588,0.19620336591328205,700.0,0.01,7.778156372794157,36.190000000000005,5.073364485981309,1.2529891828127475,1.1851354,True,True,70.87589,9.052,9.091,8.979,7.985
2845883645734363392,349.3655957940411,28.407805212834663,0.06876753087238474,100.0,0.01592806495985682,6.360851908977931,8.548818897637796,6.424260355029586,1.109903919544035,0.95735055,True,True,254.17546,11.238,11.3,11.07,7.892
2846184465244208256,349.202739108347,29.361005265442337,0.1926083507969348,100.0,0.01,8.611336329621409,20.48490566037736,4.208139534883721,0.9112541420423282,1.0473002,True,True,89.04951,10.178,10.124,10.053,8.372
2865057273096898560,356.9336451529773,27.4213594989978,0.031381627844000046,130.50847457627117,0.04719290672293913,10.119499227032067,6.204000000000001,6.204000000000001,0.8897431581661156,1.0181,True,True,144.32812,12.279,12.125,11.442,7.887
1883270905064043136,345.63909523062193,27.389408198463464,0.08789795897645304,140.67796610169492,0.021723928448358305,7.9857018846328796,5.9327868852459025,3.7829268292682934,0.7383080276360074,1.0048372,True,True,285.9672,12.303,12.278,11.526,8.483
1882027426131226496,337.2311954647926,28.02390312181244,0.08151247828514847,120.33898305084746,0.021723928448358305,8.350238999335435,6.065363128491621,3.796153846153847,0.6597800561382121,1.0490508,True,True,234.52611,11.911,11.931,11.554,8.403
4275784425873616640,273.89849997421805,1.050086166502325,0.09569257833146941,161.01694915254237,0.1907066257401213,11.49659026506686,3.680338983050848,3.559672131147541,0.9060378160717429,1.0061496,True,True,265.3515,14.516,14.498,11.804,8.439
4278282692396024064,275.65186392637975,3.7481120447164766,0.1704166610373312,649.1525423728814,0.01,8.93498220696591,31.02,4.274409448818898,0.9766875577248331,1.201894,True,True,64.9163,9.499,9.441,9.252,8.238
4281805420263719040,282.5967587522213,3.81918889622588,0.19463798602552637,527.1186440677966,0.01,7.556496796013534,20.48490566037736,4.036059479553903,0.6344543187977729,1.17136,True,True,97.45626,9.714,9.764,9.206,7.889
4279130622006188160,283.4301992122474,2.003086166772024,0.10396533151599319,171.18644067796612,0.0877864361381346,8.456586152918177,3.7567474048442913,5.483333333333333,0.6785282155615038,0.9811184,True,True,243.04482,12.03,12.023,9.808,6.856
4272621715031723776,279.1593636730072,0.2230047230822803,0.06837514243394266,130.50847457627117,0.011678516340565069,6.847294925421666,5.0263888888888895,4.4679012345679014,0.41843108938436213,0.94918424,True,True,219.30797,11.116,11.193,10.689,7.756
4279182573930980608,283.4485830086984,2.434346592391855,0.09976723139215558,232.20338983050846,0.029628775900825636,7.194280060266788,6.660736196319019,4.846875000000001,0.5392764243065676,1.1138548,True,True,249.3809,11.524,11.742,9.384,7.347
4272500120224268032,280.5675591783034,0.3492551356670834,0.07858825367239146,171.18644067796612,0.04041001900131407,7.719065438812413,7.09607843137255,7.335810810810812,0.8526589747665486,0.99886245,True,True,292.59393,12.067,12.303,10.44,7.609
4280351011196918144,281.54358372304847,3.707765878033076,0.14461895320728232,150.84745762711864,0.03460201435087329,9.390812777186792,3.948,3.9053956834532375,0.8146082644267494,1.05383,True,True,226.3605,12.512,12.474,11.447,8.459
4281077754022008448,283.2018933272193,3.829227241949592,0.12028374104808688,211.864406779661,0.04041001900131407,9.166068900379612,7.385714285714287,3.6311036789297666,0.8354073597315528,0.98176026,True,True,207.51678,12.156,12.343,10.261,8.087
4278738233801352960,280.87638621290654,0.9944210634850352,0.10671118225432634,181.35593220338984,0.03460201435087329,8.197377827833401,5.1947368421052635,5.965384615384616,0.6700220873734988,0.8820985,True,True,281.33362,12.448,12.623,10.643,8.001
4280493054381708416,280.08039501114075,3.758988273803565,0.04463136912680038,150.84745762711864,0.013638774391684533,7.464085666619897,7.487586206896553,3.8775,0.6761337253346824,1.086447,True,True,286.8796,11.9,11.983,11.257,8.464
4283562306727170176,279.39286150349693,4.041615199277545,0.12216563942652557,191.52542372881356,0.05511431323226077,8.784755620271204,13.91923076923077,5.9327868852459025,1.4488191538733572,0.9713223,True,True,290.56766,12.631,12.604,10.625,7.99
4283839589812067840,278.7553885266182,4.577817195680064,0.15084323316880247,100.0,0.01,5.479038033698949,12.925,4.9350000000000005,0.4719644091366172,0.9587702,True,True,284.58722,11.008,11.039,10.568,8.114
4281137505604372480,284.4142450336843,4.14528741176604,0.17181547244527717,232.20338983050846,0.04041001900131407,8.596932902846106,13.743037974683546,4.3428,0.5881056353474816,0.97256756,True,True,205.78685,12.068,12.427,9.846,7.851
4293342909327750400,287.5512002361325,4.316966076634947,0.1332172379307345,191.52542372881356,0.01,6.742908237824352,9.440869565217392,3.850000000000001,0.6821555134077959,0.988334,True,True,266.21698,11.385,11.462,10.546,8.546
4266653359756667008,284.3905651889214,0.5809250983157234,0.03869983547163222,161.01694915254237,0.01,6.02825645660373,6.133898305084747,5.837096774193549,0.6532155809350721,0.851116,True,True,236.83894,10.82,10.984,9.982,7.275
4267966593310095488,288.4982729630425,2.503341707550327,0.041999562576578865,191.52542372881356,0.01,8.332676029331688,12.624418604651165,4.036059479553903,1.0717361371674226,0.9972584,True,True,165.17967,11.272,11.261,10.435,8.32
4245811055999272704,305.5947702959257,4.107129630069445,0.144176700260488,181.35593220338984,0.01,6.338480956364629,13.91923076923077,3.991544117647059,0.4268107223798761,0.97576404,True,True,266.50687,11.315,11.358,10.393,8.268
2996898677294919296,86.43477233127709,-13.293538966622105,0.1898717188783029,700.0,0.01,8.075042250804747,40.211111111111116,4.25764705882353,0.9166367597420592,1.0946022,True,True,63.16396,9.044,9.038,8.864,8.16
3012153610856540800,84.52702343134835,-9.633918387644524,0.08024619782792522,191.52542372881356,0.26010046434689327,11.746061889064947,11.309375000000001,6.540361445783133,0.984893030910087,1.0702438,True,True,203.96912,14.018,13.873,10.339,7.697
5163479781413495168,53.006630787586616,-11.2536434956358,0.05533808299302672,120.33898305084746,0.025370325336541884,6.962605214799791,7.385714285714287,7.645774647887325,0.7460397945306538,1.10519,True,True,274.76117,11.677,11.728,11.208,7.625
3183093549755729664,75.30413166648493,-9.665230946664751,0.06525676993674648,191.52542372881356,0.35474515523996636,12.15291556008144,14.100000000000001,7.190066225165564,0.8294033202787864,1.0282339,True,True,207.57263,14.494,14.355,10.361,7.566
5166937401885285632,47.48138344420152,-9.70642154107128,0.061462165265855365,171.18644067796612,0.01592806495985682,7.7183636349402605,19.04736842105263,10.24245283018868,0.7144544562341779,1.096372,True,True,186.34055,11.014,11.034,10.2,7.585
5163829048154529152,53.51558526588492,-10.352743010038646,0.07327818762434239,120.33898305084746,0.01,6.22038103224389,7.335810810810812,4.413414634146342,0.8625791867168031,1.0994107,True,True,284.03378,11.354,11.402,10.98,8.238
3010627355575146240,84.31051887081362,-10.024615422302931,0.05259555224387466,222.03389830508473,0.013638774391684533,7.7445703882596355,18.71896551724138,4.846875000000001,0.9508737840476855,1.0812957,True,True,216.08316,11.426,11.477,10.169,8.245
3173840235993071104,72.11030685006178,-13.621801514500694,0.05659437336872563,150.84745762711864,0.11972993971380404,12.325304236961989,3.595033112582782,3.6311036789297666,0.9415738885144069,1.0260016,True,True,168.3504,14.142,13.958,12.196,8.736
3013322773971190272,80.81099229674238,-10.431935259400774,0.03698742701808452,150.84745762711864,0.011678516340565069,6.902955144009574,6.58,3.606976744186047,0.7540112396074994,1.039477,True,True,299.30624,11.759,11.813,11.166,8.369
3010630069994448256,84.54330639267269,-10.017605241169653,0.05076035455354063,191.52542372881356,0.025370325336541884,10.825448995309099,8.163157894736843,6.660736196319019,1.1254605111789548,1.0671642,True,True,65.06101,11.05,10.883,9.572,7.317
3189886886644538112,60.79996806499067,-12.250331709243808,0.05332358415580233,232.20338983050846,0.01,7.809919497705014,18.40169491525424,4.325498007968128,0.785343240544929,1.095658,True,True,179.57898,11.055,11.043,10.012,8.245
5160996190804456832,45.318676093678086,-10.50951137352137,0.08156071055720969,140.67796610169492,0.04041001900131407,10.175017879495734,4.431428571428572,4.159770114942529,0.8927022091928063,1.2331918,True,True,186.58023,12.74,12.544,11.787,8.56
5114585289601674880,58.90839243680806,-12.12772293582768,0.028300124075645472,161.01694915254237,0.04041001900131407,11.466213194392765,8.548818897637796,3.7567474048442913,1.1983446860309852,1.009834,True,True,109.017586,12.526,12.318,11.2,8.311
3013500723056634240,83.09031995699812,-10.332053327972806,0.10390053465283043,181.35593220338984,0.16329696356865636,11.479621798906699,12.198876404494383,9.27948717948718,1.1897533735219525,1.0604806,True,True,137.6663,12.919,12.732,10.057,7.172
3180270454868010368,75.03758263702895,-12.2687567962381,0.18820912106879445,700.0,0.01,11.395197176431392,43.428000000000004,3.7437931034482763,1.8482942890328833,1.233637,True,True,22.249731,9.133,8.955,8.82,8.259
3012156290916130816,84.4759346774574,-9.63867146999493,0.057587712601791186,181.35593220338984,0.11972993971380404,11.408964545626704,9.870000000000001,7.924817518248175,0.9984409069784781,0.9856709,True,True,115.284386,12.701,12.516,9.993,7.347
5166249068950964096,49.33228073005654,-10.240161938928816,0.06903404213567615,161.01694915254237,0.04041001900131407,8.976344898483172,8.48203125,3.8637010676156582,0.8801953321375985,0.94009787,True,True,220.16862,12.441,12.325,11.012,7.992
3190232820489766656,60.53248762856517,-10.911312899256664,0.09764018246480428,201.6949152542373,0.07516916839274382,9.813342671292906,10.340000000000002,3.6311036789297666,0.9002854088415205,1.0560565,True,True,274.7539,13.427,13.175,10.892,8.393
967703170271750016,96.9871677003263,49.43385350324215,0.13386443323314057,100.0,0.04719290672293913,10.63981777544576,4.006273062730627,3.9194945848375453,0.9747373047802182,0.9985789,True,True,116.60953,12.379,12.175,11.871,8.372
1029198241433680512,131.29305542972415,52.37915330021965,0.04610090043522475,130.50847457627117,0.04041001900131407,8.509799792143543,5.270388349514564,5.9327868852459025,0.7141357587580431,1.0357492,True,True,252.16322,12.352,12.306,11.541,7.941
1081358179701867520,118.64732385893876,56.374667417898536,0.07876077403323503,181.35593220338984,0.0643653407681979,11.374408435937099,9.523684210526316,4.191891891891892,0.9533520452469408,1.1262202,True,True,126.60076,12.947,12.719,10.857,8.196
969912574464122624,90.32523157468184,48.87781825758466,0.13661599879821687,700.0,0.01,10.571603537107482,27.83846153846154,3.559672131147541,1.5303085756001444,1.1595681,True,True,39.237045,9.661,9.51,9.345,8.472
995890563894360320,96.45566136505592,53.39136837627159,0.14584283429747244,171.18644067796612,0.05511431323226077,11.143496775657152,9.123529411764707,4.449590163934427,1.8185664959868644,1.1476159,True,True,148.38112,12.605,12.405,11.058,8.232
997299205792181248,91.1064359888284,55.74123994679244,0.16493971715712255,161.01694915254237,0.05511431323226077,10.171740584703883,5.539285714285715,3.502258064516129,1.1816686075025704,1.0215552,True,True,216.33435,12.91,12.747,11.515,8.355
935709512206146560,119.49286923243449,50.59146181093635,0.13459993479279722,700.0,0.01,9.471513905124443,32.9,5.073364485981309,1.26174031691939,1.3765152,True,True,49.858616,9.402,9.293,9.078,8.204
1030096778655069312,133.68105341927532,54.93501160685444,0.0644355855821944,171.18644067796612,0.22271704449600335,11.812281784405062,10.966666666666667,5.539285714285715,0.9519956331383933,1.0209242,True,True,194.76138,14.237,14.024,10.96,8.04
985689226292215424,113.2618867818305,55.38784561614241,0.04639751752932012,110.16949152542372,0.021723928448358305,7.441820633512243,4.128136882129278,3.680338983050848,0.7758890497453583,1.0188829,True,True,298.994,11.99,12.045,11.867,8.509
2358241339642864896,18.80737335778165,-17.731656179349102,0.08360313512828092,150.84745762711864,0.01,6.429320858761552,10.644117647058826,4.128136882129278,0.5258102313043512,0.9326633,True,True,294.4552,11.48,11.558,10.906,8.388
2363207627506838272,9.592144383540475,-18.84736753087741,0.037416967635102556,150.84745762711864,0.021723928448358305,8.131792513464879,7.700000000000002,3.6190000000000007,0.6897469228178588,1.0568117,True,True,264.2413,12.104,12.085,11.231,8.354
5130704125767509888,38.07900688576001,-18.55157269995907,0.07341349848792228,100.0,0.029628775900825636,10.314082534461342,5.805882352941177,3.7181506849315076,1.0523463913063376,1.0669423,True,True,121.5103,12.104,11.949,11.765,8.646
5140105504235761024,22.831806227264718,-19.45605883040168,0.10424084281435493,150.84745762711864,0.22271704449600335,12.366070603098734,5.684293193717278,4.9350000000000005,1.076857580775782,0.95968837,True,True,182.26735,14.554,14.243,11.779,8.357
5145315127767668352,33.14772558536695,-15.08402852750486,0.08107054580040575,201.6949152542373,0.021723928448358305,8.272070705104433,15.734782608695653,4.60042372881356,0.725696731999619,1.0236405,True,True,219.32092,11.942,11.859,10.404,8.085
2452899601348244096,26.59251376267119,-14.78999625896534,0.19764595501322033,100.0,0.01,5.920869341414982,10.146728971962618,3.948,0.8814684423649619,1.0090314,True,True,239.91695,10.886,10.95,10.854,8.477
5144088274654153472,34.42054612556275,-16.588602808734517,0.062018082840483095,120.33898305084746,0.10252153289191773,9.785565362758781,6.275722543352602,8.972727272727274,0.9331863894311219,0.957785,True,True,195.22801,12.696,12.551,11.537,7.612
3305142918148209920,62.22037573438135,12.78131266270765,0.08175002834790487,110.16949152542372,0.018601616690726987,7.750737055011362,6.239655172413794,3.559672131147541,0.9842601706863181,1.0340853,True,True,231.90974,11.512,11.549,11.331,8.192
3341369519885801856,85.16613619497421,13.603951857623256,0.05354715866849943,161.01694915254237,0.1907066257401213,10.68659905481595,6.168750000000001,4.325498007968128,0.8502699447754918,1.0129931,True,True,281.63342,14.066,13.962,11.181,8.004
3341063821293905408,82.42047150106471,12.754212334767525,0.13249275254575363,171.18644067796612,0.0877864361381346,9.436887910782541,6.031666666666667,4.191891891891892,0.7738328037371467,1.0022172,True,True,283.89178,13.384,13.243,11.044,8.158
3341390895938694272,83.59030612228959,12.716018899803942,0.09087714476583124,161.01694915254237,0.22271704449600335,11.206366271374186,10.146728971962618,10.340000000000002,0.9981536250862757,1.0128345,True,True,161.93195,13.148,12.955,10.165,6.908
3387063165846317440,77.6011014294461,10.58795070617543,0.05342795536353171,171.18644067796612,0.029628775900825636,11.978267053295925,8.6856,5.2960975609756105,1.1341384499727012,1.0284997,True,True,69.12523,11.98,11.791,10.696,8.075
3336850183496851840,87.52360134390995,11.05550237281592,0.13707814883194952,181.35593220338984,0.22271704449600335,12.255728166801461,4.0662921348314605,3.8363957597173153,0.9787894419277638,1.0486481,True,True,202.74538,14.215,14.1,11.205,8.154
3336850527095136000,87.54560522685374,11.079506430754265,0.06833319342842273,181.35593220338984,0.3037587523063755,11.304650335307358,8.287786259541985,6.7856250000000005,0.9178064639795651,0.98321277,True,True,271.73447,14.355,14.277,10.709,7.75
3338968190785933312,81.47817821920357,10.39643261323408,0.1639450037281967,181.35593220338984,0.05511431323226077,9.098528269287769,8.10223880597015,5.1947368421052635,0.7842036251077577,0.99280334,True,True,255.05882,12.444,12.394,10.674,7.857
3389610218892303744,82.49704562236197,13.760460260054806,0.0809716043312466,120.33898305084746,0.013638774391684533,8.579613308623589,5.805882352941177,3.730927835051547,0.6542289941748298,0.98284584,True,True,168.11348,11.327,11.325,11.078,8.334
3389109047748642432,82.50249396791011,12.879828399182356,0.041315818692434995,191.52542372881356,0.03460201435087329,7.660048212231864,12.198876404494383,9.047500000000001,0.5965465694997635,1.0150546,True,True,248.18193,11.736,11.782,9.907,7.321
3338829446161884544,80.16076338912019,10.46169748631246,0.035531564146953555,150.84745762711864,0.04719290672293913,10.320395509856027,5.62538860103627,4.096981132075472,0.9491440926372642,1.0237539,True,True,161.81348,12.594,12.482,11.234,8.21
3300725905060807936,65.6256472411211,10.434597500431904,0.19292365632595065,700.0,0.01,8.42779693699001,43.428000000000004,5.455778894472362,0.929692302493947,1.061675,True,True,47.84765,8.551,8.536,8.44,7.887
3340907381402906368,82.08218256240242,11.9679416060164,0.07767474508896388,161.01694915254237,0.029628775900825636,7.1072805952684694,10.340000000000002,7.286577181208055,0.5272313870775143,0.9915588,True,True,279.5684,11.85,11.889,10.417,7.371
3339504546302263936,84.12054148479126,10.242350822401493,0.10700247830053786,150.84745762711864,0.018601616690726987,6.37595837466119,10.340000000000002,6.701851851851853,0.7481883678366917,0.9776621,True,True,292.07617,11.601,11.658,10.489,7.516
15674882579496576,48.0169312199568,11.314116848014091,0.18386378449664792,100.0,0.01,11.515206086728627,19.740000000000002,3.536482084690554,1.8152115736228966,1.3968494,True,True,33.0566,9.944,9.771,9.622,8.337
3335893539663182848,87.88617166670095,9.97858112634056,0.09823897951298317,171.18644067796612,0.01,5.422570376736965,6.915286624203822,5.2960975609756105,0.7458774601312299,1.0127592,True,True,289.3375,11.098,11.134,10.034,7.507
3335958586943283840,88.76481025691115,10.198347138545603,0.13377322322917334,140.67796610169492,0.22271704449600335,10.50219939730951,9.047500000000001,9.607964601769913,1.0872492175541508,1.036988,True,True,205.25168,13.141,12.978,10.817,6.962
3339175650589602560,81.33808203855577,10.637549920587734,0.057871717117721155,150.84745762711864,0.3037587523063755,11.541424277211288,4.128136882129278,3.5250000000000004,0.9273529360045376,0.91869867,True,True,279.80814,14.632,14.478,11.522,8.033
3339415928240218240,81.43433393135498,11.866542448895322,0.08806047766676786,171.18644067796612,0.1907066257401213,12.258557502892458,7.755,4.3428,1.0410143795483302,1.0275813,True,True,145.37566,13.871,13.691,10.887,7.906
3341363545587446272,85.24790609244845,13.453646307322767,0.04382918403236808,171.18644067796612,0.01592806495985682,6.962397269009026,12.063333333333334,4.720434782608696,0.4469950992742533,1.0176035,True,True,269.4841,11.584,11.652,10.472,7.844
3388998061497380864,81.9881735509195,12.52280772318852,0.07771903527222937,161.01694915254237,0.26010046434689327,11.032006967637733,8.616666666666667,10.966666666666667,1.0304003214318858,0.9492064,True,True,158.25783,13.007,12.859,9.764,6.574
3341017847962732544,83.51024283337712,12.655354303465314,0.12797897629196922,171.18644067796612,0.35474515523996636,11.932484528472916,10.146728971962618,4.241015625,0.877335497518736,1.0499043,True,True,210.6505,14.12,14.043,10.487,7.476
3341052589953793920,82.72213139733957,12.665895018626818,0.07466036840915705,140.67796610169492,0.1398268057402531,11.517215497244813,4.825333333333334,7.385714285714287,0.9507647085964919,1.1339351,True,True,133.78564,13.145,12.977,11.249,7.501
3387071721421297024,77.95244651637894,10.840915020782392,0.0873827293689786,150.84745762711864,0.35474515523996636,12.295681103063744,4.431428571428572,4.241015625,0.9196457598783483,1.0917097,True,True,238.6259,14.725,14.594,11.622,8.032
3340768568060586880,83.5143235507797,12.024388240962583,0.1599860430139683,140.67796610169492,0.3037587523063755,11.692502539904694,4.825333333333334,3.502258064516129,0.9989746885656742,0.95173556,True,True,242.5012,14.735,14.528,11.646,8.009
3341129693208756352,84.26803029958953,12.361127254818523,0.04068303337868041,191.52542372881356,0.05511431323226077,9.260354303533184,8.48203125,4.036059479553903,0.759185394117585,1.073245,True,True,264.38593,12.89,12.855,10.806,8.297
3339320579966830208,81.9128913445365,11.318438094907563,0.1258428326625652,161.01694915254237,0.16329696356865636,10.691390186543325,4.8039823008849565,4.561764705882354,0.8027161510381229,0.96985143,True,True,240.64418,13.539,13.466,10.953,7.841
3341370280096135424,85.28877157269427,13.61120169165826,0.032890707919593816,171.18644067796612,0.0877864361381346,10.115381266419949,6.424260355029586,4.081578947368421,0.891992956065837,0.9972129,True,True,218.03346,13.137,12.984,10.982,8.022
3341570971030802560,84.59129318822562,13.70458919811451,0.0373044876157277,161.01694915254237,0.11972993971380404,10.383081807823242,5.90054347826087,4.761842105263158,0.9673107267097001,1.0008692,True,True,240.16739,13.536,13.388,11.19,7.966
3391437053166457856,76.47845860382971,13.262187529411296,0.12470236958052523,201.6949152542373,0.10252153289191773,10.76990217103629,7.700000000000002,3.502258064516129,0.8782018636195387,1.0086197,True,True,248.29591,13.592,13.392,10.998,8.503
3339191803962787328,80.96365459390644,10.720746380361826,0.0799637829515475,140.67796610169492,0.01592806495985682,8.429754602600788,6.168750000000001,3.991544117647059,0.657998547987135,1.042918,True,True,186.99973,11.444,11.432,11.011,8.156
3338850165084100480,80.30285574561366,10.63815137245644,0.10358290785932814,161.01694915254237,0.22271704449600335,10.694062569562718,5.59639175257732,4.291304347826087,0.9223449141696257,1.0156521,True,True,293.5742,14.092,13.946,11.221,7.872
3341046881941488256,82.78121688615742,12.538331099266925,0.09750531992005791,181.35593220338984,0.4142897092206239,11.453506094353077,5.145497630331755,8.287786259541985,0.8239438474589684,0.9741193,True,True,234.89706,14.291,14.071,10.01,6.981
3337984364101847808,83.62297515643812,9.81595647441891,0.0977498686087832,110.16949152542372,0.01,9.131822304108535,12.772941176470589,4.224513618677043,0.8164767041221319,1.0960139,True,True,96.44727,10.731,10.638,10.228,8.249
3387552585960117888,79.43362342113556,11.485353307266152,0.03907710963135289,191.52542372881356,0.04041001900131407,9.703558228472913,9.523684210526316,3.655555555555556,0.7459678761355011,1.011348,True,True,189.83739,12.437,12.281,10.688,8.259
3388474354660816256,78.36264649794548,12.585524652333698,0.1582303019882579,171.18644067796612,0.029628775900825636,9.083534912783207,6.915286624203822,3.796153846153847,1.5697741411026314,1.0256536,True,True,233.35452,12.317,12.194,11.13,8.43
3338753648579175424,80.61686375692486,10.035225747701547,0.09600150482375382,161.01694915254237,0.01592806495985682,6.755227027480146,8.616666666666667,4.980275229357798,0.5247424427181281,1.0502018,True,True,270.4515,11.248,11.252,10.45,7.646
3336767032931900288,87.79048850567173,10.562362403096648,0.08284048582648201,181.35593220338984,0.26010046434689327,12.180788634272762,6.275722543352602,4.890540540540541,0.95338998174034,0.96204954,True,True,202.24364,14.372,14.144,10.992,7.955
3339309791008894976,81.50714633982312,11.248637132522418,0.10581798626458357,181.35593220338984,0.26010046434689327,10.861728670551681,7.286577181208055,5.59639175257732,0.838507669611406,1.0301768,True,True,281.0164,14.103,13.932,10.608,7.52
3335893505303723520,87.83953291922963,10.0024123004202,0.08334500013114218,181.35593220338984,0.3037587523063755,11.27633891503726,6.168750000000001,4.980275229357798,0.9576155776603739,1.0058401,True,True,273.30792,14.324,14.221,10.678,7.71
3339383428223655168,81.21663008912783,11.660667388269786,0.04846283860865723,201.6949152542373,0.07516916839274382,11.140446488149282,6.168750000000001,3.559672131147541,0.9273149016451229,0.95880574,True,True,152.22371,13.092,12.951,10.65,8.293
3338181833814264448,83.1126234235236,10.05445914333666,0.048365182340322506,150.84745762711864,0.01592806495985682,8.206313817046805,6.4625,4.620000000000001,0.7226667371662299,1.0534093,True,True,205.98796,11.587,11.593,10.941,8.217
3340953526532553472,82.17995766087144,12.348883764301386,0.058912910161988546,161.01694915254237,0.22271704449600335,11.535397860241915,5.348275862068966,4.5810126582278485,0.9696392804367314,1.0350415,True,True,240.34906,14.291,14.094,11.327,8.013
3302264224908436480,60.443310630912855,10.770954118650277,0.13543045002365364,100.0,0.01,10.838259794976672,20.48490566037736,3.5250000000000004,1.1552658455172637,1.1350718,True,True,47.2092,10.35,10.177,9.912,8.452
3340844090764931328,82.09664451745608,11.57820421533514,0.19174170954177303,161.01694915254237,0.22271704449600335,10.763398613587137,5.684293193717278,7.050000000000001,0.8955147141026089,1.0747901,True,True,251.90656,13.663,13.477,10.863,7.47
3340839520919925888,82.50267138037658,11.765192090464009,0.07966346391157128,161.01694915254237,0.22271704449600335,11.377305735486795,4.60042372881356,4.308333333333334,1.0555191889561282,1.0277276,True,True,259.5132,14.238,14.058,11.358,8.01
3335886019175673600,87.88097111085456,9.895113583987412,0.02987993820935117,171.18644067796612,0.01,6.289955077727114,10.857000000000001,6.660736196319019,0.725030742566442,1.0972629,True,True,198.30058,10.498,10.558,9.635,7.085
571509037266025600,73.61673225261517,85.1305940547345,0.14009533973096633,110.16949152542372,0.01,5.928702743329976,11.55,5.1947368421052635,1.0977109743534097,1.3394028,True,True,294.34323,11.313,11.349,10.782,8.286
493127602102471296,50.975612618970445,68.98636801556542,0.07448662274655803,100.0,0.025370325336541884,8.517279522183978,5.049767441860466,4.096981132075472,1.0160908820453536,1.0092922,True,True,198.05212,11.672,11.655,11.696,8.5
542746878235832192,52.46189650592995,70.27532401885703,0.19484570554694472,700.0,0.01,8.0388136001828,38.775000000000006,5.71421052631579,0.9181111986238218,1.0182664,True,True,64.57953,8.994,9.006,8.888,8.123
570398320066235776,75.41044225226373,83.81655840642749,0.0790765615562291,140.67796610169492,0.22271704449600335,10.871283670386664,7.050000000000001,8.10223880597015,0.9453022288911964,1.0437222,True,True,231.86162,14.001,13.777,11.485,7.78
571301710605152128,63.62428859085834,84.9384795914378,0.19294710050707373,700.0,0.01,9.865789260914662,47.20434782608696,4.325498007968128,1.192276297515231,1.2987587,True,True,37.526905,9.129,8.987,8.882,8.498
502045878352572800,71.17670981977211,74.26169485618597,0.15313599189528346,100.0,0.01,5.384451968659734,12.337500000000002,4.679741379310345,0.6269097050969685,0.97573924,True,True,289.41498,10.973,11.023,10.673,8.191
2896239182344187392,92.90752919185542,-31.25807414595907,0.10566967261359661,100.0,0.01,7.97666243221172,12.624418604651165,3.595033112582782,0.7550850795073772,1.1372639,True,True,171.89384,10.98,10.977,10.857,8.826
2891607661410783232,94.99316236318587,-34.53001055481339,0.14848350468213736,700.0,0.01,9.377603176990052,29.343243243243247,3.7567474048442913,1.2163855440954519,1.145299,True,True,67.19333,10.027,9.916,9.771,8.897
5543503401221406976,126.69439059637396,-34.368243197620295,0.06146127557497348,150.84745762711864,0.011678516340565069,7.105770293628401,10.24245283018868,5.12122641509434,1.048830247521077,1.0456043,True,True,254.46962,11.452,11.52,10.863,8.163
2896705066034746496,94.05573056257371,-30.016423716883192,0.09934651513359344,161.01694915254237,0.03460201435087329,9.469749292265938,8.899180327868853,5.0032258064516135,0.8106730325578119,1.0253615,True,True,194.73416,12.586,12.441,11.174,8.237
5543546522691029888,127.71400586285608,-34.450493744213254,0.12027143284177184,161.01694915254237,0.013638774391684533,7.4436088188069665,8.10223880597015,4.241015625,0.589229673323185,1.0255808,True,True,284.76187,11.737,11.735,11.126,8.418
5545300656046785664,119.78030733619978,-35.482196704056626,0.03738076252781499,100.0,0.01592806495985682,9.380252297722986,10.74950495049505,3.8637010676156582,0.8646987611165192,1.0651777,True,True,120.24481,11.276,11.185,11.023,8.52
5546554988355545088,122.61213822583004,-34.26691294270682,0.15673322168464585,191.52542372881356,0.4142897092206239,11.275504083223257,12.479310344827589,12.063333333333334,0.8901710734471742,0.99893224,True,True,283.69376,14.382,14.455,9.98,7.104
5579457190918903424,104.2500718832796,-34.87375499479546,0.0975871325289188,120.33898305084746,0.01,8.659257614299086,20.87884615384616,6.828301886792453,1.3747258374920424,1.1565593,True,True,104.97408,10.344,10.311,10.14,7.797
5587609996622037248,116.47052582005828,-35.640874730104095,0.04415668245554649,161.01694915254237,0.0643653407681979,9.418015821376503,6.031666666666667,4.413414634146342,0.7695335707412981,1.0139167,True,True,289.7967,13.326,13.257,11.438,8.423
5543040197588136448,125.26027732122375,-35.63851211607819,0.08051438617573628,171.18644067796612,0.01,6.571627427122647,12.198876404494383,4.8039823008849565,0.6296381271093435,1.228037,True,True,294.0291,11.379,11.436,10.669,8.219
5587612234307718272,116.56521066280467,-35.543401958675425,0.11785451661802629,171.18644067796612,0.021723928448358305,9.899289419721622,6.099438202247192,3.667905405405406,0.9221912092791686,1.0245156,True,True,143.95691,12.159,12.088,10.959,8.468
5587701702762700928,116.66963966559172,-35.603450925553524,0.029320562608538152,181.35593220338984,0.11972993971380404,10.57915462548886,7.8673913043478265,4.360240963855422,0.9593208986292704,1.0022236,True,True,250.77248,13.768,13.618,11.054,8.254
5579423690174242560,104.05395013688742,-35.26828674131941,0.10704498967476463,130.50847457627117,0.01,8.785082170911014,14.87260273972603,4.360240963855422,0.8870288283788781,1.0007892,True,True,129.07709,10.902,10.864,10.505,8.322
5588852616560677888,115.1166775553766,-33.714332070185726,0.04982951839449778,140.67796610169492,0.07516916839274382,11.188977051464859,3.5250000000000004,3.7567474048442913,0.8922906840986656,1.0049945,True,True,206.511,13.714,13.574,12.408,8.929
5594207650506756736,120.25467160964736,-32.91342829235244,0.14994145109676688,100.0,0.03460201435087329,12.061381231769833,9.35948275862069,4.63974358974359,0.9971897157521707,1.1066868,True,True,54.263294,11.672,11.473,10.988,8.203
5592473072135280640,110.89912382504356,-33.16840337021625,0.12172349665710823,435.59322033898303,0.04041001900131407,7.30352622183576,33.928125,5.4285000000000005,0.7161175266440453,1.0997277,True,True,254.21979,11.414,11.154,9.388,8.043
5598076870588851072,114.80624360662894,-31.925213675143617,0.03998446503283736,211.864406779661,0.025370325336541884,9.5084233667142,13.080722891566266,3.6311036789297666,0.7902093156225963,0.9658927,True,True,188.83458,12.389,12.288,10.767,8.639
5643412891794264832,126.05471341918788,-31.011184597617103,0.15541016219641327,700.0,0.01,9.23824671105724,37.43793103448276,4.1438931297709924,0.9700899841976313,1.112882,True,True,49.53517,9.227,9.14,9.008,8.465
1236935226740746496,223.69870856938104,19.25482290447894,0.03151407228946779,150.84745762711864,0.018601616690726987,9.967642315908243,7.050000000000001,3.9336956521739133,0.9247596202471808,1.0524774,True,True,163.97919,12.444,12.279,11.637,8.9
3745028589521506816,201.91460339014185,15.292291415445897,0.15515225382699976,100.0,0.01,7.945336515325641,25.85,5.21971153846154,0.6665697057444664,1.0677636,True,True,114.89642,10.223,10.216,9.916,8.172
1228899308569969280,215.21658058190656,15.42285397952292,0.10394822209023086,100.0,0.01,8.098888278947678,21.714000000000002,6.168750000000001,0.8072601121620853,1.0363904,True,True,136.32655,10.72,10.713,10.263,8.252
1237531643079069312,221.48653406541771,19.217103178813577,0.18158004591598229,700.0,0.01,8.35557985645828,38.775000000000006,4.006273062730627,0.953363181053371,1.2938421,True,True,76.42197,9.437,9.463,9.339,8.742
3945562124399581440,184.81166263319224,16.076489192251138,0.1790073902117405,100.0,0.01,6.066249763365878,17.798360655737707,4.291304347826087,0.791708168590184,1.0314417,True,True,207.67224,10.646,10.701,10.245,8.107
3930930781433878784,192.02548070682823,14.871273388209993,0.1782625915593147,100.0,0.01,6.153907868188446,21.714000000000002,6.743478260869566,0.8630749436959622,1.15617,True,True,177.45622,10.395,10.449,9.749,7.512
1235638558934019200,217.67598405348224,17.824176028734218,0.1808651149832228,700.0,0.01,8.392298168949502,28.57105263157895,3.536482084690554,0.9451387334649862,1.1165315,True,True,78.78515,9.732,9.699,9.572,8.668
3741040970083907712,207.1028001801349,14.582119275281231,0.032321041418252636,161.01694915254237,0.021723928448358305,9.43347431776305,8.10223880597015,3.948,0.8249947349875197,0.9673208,True,True,194.76196,12.378,12.25,11.438,8.664
1231501539059734272,210.6972920716196,15.657616223496415,0.06570395146127184,150.84745762711864,0.11972993971380404,10.690948234527827,4.224513618677043,4.1125,0.9356459867082279,1.000711,True,True,272.05252,14.08,13.892,12.057,8.524
3935174247777424640,190.6473238817321,16.597485875350486,0.10377871121533656,110.16949152542372,0.01,9.14270754792015,14.476000000000003,3.655555555555556,0.8102219380708853,1.0499924,True,True,117.31223,11.16,11.007,10.565,8.633
3925906326828216064,181.36440901054905,17.474876409674724,0.04246840904777428,100.0,0.018601616690726987,7.486775820293855,5.374752475247525,3.667905405405406,0.8634490611642058,1.1188611,True,True,239.33391,11.552,11.605,11.505,8.449
1768914166695591296,327.5569930568382,14.11477436316684,0.11769771887871426,700.0,0.05511431323226077,7.863346220470935,54.285000000000004,7.436301369863015,0.9005827124764572,0.9707591,True,True,109.935905,9.612,9.174,8.101,7.482
2729864278282260992,338.9462303944671,11.704269385167756,0.17938521971046456,222.03389830508473,0.05511431323226077,11.692606332018665,30.15833333333334,9.693750000000001,1.5775987338693473,1.100155,True,True,64.33693,11.317,11.053,9.307,7.143
2729171414158194560,331.7325708960541,14.257649601421033,0.05036914897864959,150.84745762711864,0.029628775900825636,8.021599796055973,7.700000000000002,5.0032258064516135,0.6584106429812967,0.98486304,True,True,291.0129,12.314,12.297,11.23,8.057
2815159064605859456,344.9404781247803,13.505281748760902,0.12830157700669403,110.16949152542372,0.01,5.840189491170648,12.479310344827589,5.837096774193549,0.5366651825009038,0.925111,True,True,271.8948,11.104,11.151,10.579,7.997
2734097329329883904,333.78259386869235,13.61304320507348,0.04524727385697586,150.84745762711864,0.0643653407681979,10.665346161195094,5.90054347826087,4.036059479553903,0.8939150341481136,1.0559539,True,True,168.45355,12.943,12.721,11.379,8.121
2727847361640234752,332.38276902178194,11.880999825156351,0.18253574877234505,700.0,0.01,9.558705160894792,37.43793103448276,3.548039215686275,1.018060281041539,1.3262583,True,True,39.8697,8.931,8.814,8.673,8.336
2731932012977629440,339.88419827204774,13.745099640877056,0.09454364053170743,120.33898305084746,0.029628775900825636,9.168117382927143,3.991544117647059,3.7567474048442913,1.1674536321818751,1.2211396,True,True,215.44019,12.268,12.191,11.787,8.522
1403302056261780864,238.4275989202797,50.03846219410362,0.15918723865292453,700.0,0.01,9.2491572429599,32.9,3.8637010676156582,1.4454199950041824,1.118511,True,True,70.339836,9.976,9.892,9.793,9.219
1404337177740256384,236.342787187862,51.26482460315404,0.08224096174291033,100.0,0.01,6.436762901264805,14.285526315789475,5.868648648648649,0.5725313176292708,1.0141487,True,True,262.01154,11.294,11.356,11.128,8.647
1365606708853478400,262.2941320538956,48.66216771014084,0.06833440114067171,100.0,0.01,6.864323334949072,10.24245283018868,3.6928571428571435,0.9542149006501439,0.9783793,True,True,274.5254,11.594,11.662,11.379,8.858
1404235747792513024,237.64317622437892,51.39524221115775,0.021854012250337104,120.33898305084746,0.013638774391684533,9.75868779028615,29.343243243243247,13.91923076923077,1.150662175739558,1.1402885,True,True,77.060326,10.568,10.441,10.159,7.593
1411715862835439488,247.7809975948934,50.02854671275101,0.041073187063201115,120.33898305084746,0.013638774391684533,6.751692214946283,15.966176470588236,8.6856,0.6351864948955906,1.0344161,True,True,271.40982,11.44,11.506,11.101,8.043
1402023873994665600,233.78691702233797,48.72803789548356,0.08828297854730002,161.01694915254237,0.07516916839274382,10.634663678979017,7.700000000000002,3.8228873239436627,0.9049751923612409,1.0301108,True,True,253.2233,13.701,13.473,11.829,8.836
1368316833216864384,264.54591955213147,51.47152066580124,0.11679016024499952,700.0,0.01,10.713890975206592,35.02258064516129,3.6928571428571435,1.596542970049233,1.1979554,True,True,47.928055,10.125,9.974,9.757,9.15
1409022020691172736,252.58577908910613,49.04836801830723,0.16244489202282253,700.0,0.01,9.614321055488318,36.190000000000005,4.395546558704454,1.0945845153396958,1.2173754,True,True,54.648216,9.751,9.609,9.49,8.59
1413152202978354688,251.47947805940703,50.7420502605743,0.16309535498653546,100.0,0.01,6.613919363361624,13.571250000000001,3.8775,0.4917062951951259,1.0288231,True,True,222.5391,11.091,11.144,10.936,8.7
1424177207932416384,248.14568664289857,51.96813972009338,0.05086528571048681,171.18644067796612,0.0643653407681979,10.33102736982049,14.87260273972603,8.10223880597015,0.8625493036230107,1.0605465,True,True,198.25362,13.012,12.818,11.118,8.33
1424548675360025856,242.98378288418743,50.712349086075406,0.07336319770089415,150.84745762711864,0.021723928448358305,10.857118339920582,17.233333333333334,7.436301369863015,1.0045516292230068,0.9440547,True,True,99.45901,12.008,11.843,11.013,8.418
1424985009677279744,246.9238387000109,52.26713838323285,0.19386687948846676,100.0,0.01,6.700487122900483,15.734782608695653,3.6432885906040275,0.47202423515974573,0.99715745,True,True,268.85095,11.565,11.62,11.144,9.188
1428655042051612672,246.0601670034753,54.87649544121037,0.1757092982693653,700.0,0.01,9.184241107069905,31.93235294117647,3.513592233009709,0.885837766889985,1.2072581,True,True,72.94175,10.17,10.069,9.899,9.293
1432224606552185088,255.40142528329747,55.021805877147024,0.1110906065632102,100.0,0.01,6.917108258232404,14.100000000000001,4.1125,0.582178746474871,1.0158106,True,True,230.91447,11.256,11.317,11.014,8.841
1426802674196692480,247.9266864736622,53.80409339761819,0.14419548830224604,700.0,0.01,10.740179598867925,40.211111111111116,4.096981132075472,1.9720611143651177,1.271435,True,True,43.229885,9.888,9.715,9.546,9.16
1595136800601456256,232.4813087663023,50.76834576150383,0.1291134880673254,161.01694915254237,0.0877864361381346,10.156817803933125,8.351538461538462,5.90054347826087,0.9187768486364253,0.9890617,True,True,293.25717,13.636,13.445,11.777,8.582
1426339294469696128,252.2240056916692,54.368007072153965,0.04352698990392836,140.67796610169492,0.04719290672293913,10.556141166206372,5.244927536231885,3.8637010676156582,0.9596890866894194,0.98456687,True,True,255.34818,13.834,13.683,12.637,9.4
1426175265374542336,253.97681645244825,54.34790923027067,0.08237285948579248,150.84745762711864,0.04719290672293913,10.047554768417626,6.7856250000000005,4.5810126582278485,0.927093479224094,1.0270951,True,True,252.13309,13.271,13.126,12.024,8.909
1429161367156559104,241.1418801642956,54.637739417661294,0.16872007521378485,669.4915254237288,0.01,9.983184653242319,31.02,3.9194945848375453,1.4137859680496583,1.110778,True,True,64.379036,10.478,10.303,10.107,9.069
1431037615029484672,246.4022706260516,56.145930047688935,0.03701422999855118,161.01694915254237,0.04719290672293913,10.272084961380052,8.899180327868853,4.912669683257919,0.8481494689010974,0.94863844,True,True,234.36287,13.441,13.214,11.929,9.027
1428530041323665920,245.37699014846996,54.206846580849465,0.1789595612207054,100.0,0.01,6.905780921192986,16.2044776119403,4.208139534883721,0.5183126108008738,1.0074836,True,True,238.44939,11.247,11.324,11.118,9.18
1433306079316806144,255.188276912581,56.30702280776592,0.19029481674092055,700.0,0.01,9.233114178307867,54.285000000000004,8.287786259541985,1.6841963579584203,1.37539,True,True,46.642494,8.952,8.887,8.763,8.457
1430204009121397632,247.5821335003089,55.71117307066712,0.134755264597935,120.33898305084746,0.029628775900825636,10.81626969787603,4.890540540540541,3.559672131147541,1.194497566731249,1.0927182,True,True,176.37477,12.971,12.809,12.544,9.333
1597694887419073792,234.56848294206347,53.447855054948576,0.13273923051750772,161.01694915254237,0.0643653407681979,11.338604744868153,4.980275229357798,3.809473684210527,0.9649560119153474,1.1201072,True,True,212.58159,13.809,13.631,12.246,9.151
1430186073337794432,247.7301220259341,55.49135467115348,0.0740981377139397,161.01694915254237,0.04041001900131407,9.888062828084124,7.810791366906475,4.8039823008849565,0.8347511148889951,0.9900838,True,True,278.81378,13.362,13.224,12.01,9.015
1596952751430023040,235.71226365075407,52.92892741538097,0.19273997062371892,700.0,0.01,9.4398748425926,54.285000000000004,6.828301886792453,1.6270441183185658,1.3179557,True,True,37.12722,8.689,8.597,8.462,8.165
1598901841948599552,228.35459519653352,52.30975487834731,0.19475215191651635,700.0,0.01,9.176301232473294,54.285000000000004,8.755645161290323,1.700560248545483,1.2200253,True,True,35.855415,8.47,8.396,8.274,7.949
2603553550714669056,343.6828808110693,-12.597723411376382,0.17784190135225103,140.67796610169492,0.05511431323226077,9.282615863236542,5.374752475247525,6.031666666666667,0.9800984681213045,0.97448176,True,True,214.87111,12.243,12.169,11.191,7.735
2615564031620648960,332.9510762628803,-10.090466963334135,0.1895418919621952,700.0,0.01,9.01842549668331,47.20434782608696,3.850000000000001,1.2768003884225183,0.9983807,True,True,39.75483,8.59,8.523,8.417,7.987
2601025189366317952,338.53259645292195,-13.249986747856308,0.1266850882232694,100.0,0.01,6.098003648072451,6.50119760479042,3.9624087591240875,0.4520262601288101,1.10338,True,True,243.37024,10.85,10.941,11.042,8.301
3487314333965318272,177.99039088981462,-26.879893204117543,0.04713301326927445,110.16949152542372,0.01,7.369126957131683,8.225,3.8775,0.8490224543152335,1.0696881,True,True,207.08527,11.227,11.32,11.08,8.421
3535425286304695552,165.70000110900165,-26.465798898909,0.16574850373931618,171.18644067796612,0.021723928448358305,8.470937243613701,9.35948275862069,3.976923076923077,1.2928674806925977,1.1026578,True,True,240.23692,11.89,11.796,10.944,8.316
5456508976065915136,162.676331395013,-28.367181946225354,0.18008198904579079,120.33898305084746,0.029628775900825636,9.331486578007155,4.395546558704454,3.5250000000000004,1.0677925713242336,1.0392998,True,True,209.3516,12.175,12.115,11.848,8.511
5452437445851546624,167.99709446492898,-29.62625082212778,0.19932562669634335,120.33898305084746,0.4142897092206239,13.369297649299945,3.9624087591240875,11.42842105263158,0.8962145103643514,1.075945,True,True,128.51318,14.156,13.861,12.056,7.328
5468662187324947712,156.56126370271863,-27.52760362005689,0.045281623731999954,140.67796610169492,0.011678516340565069,8.903129721912894,10.146728971962618,4.25764705882353,1.1216657298738137,1.1517472,True,True,139.49751,11.229,11.165,10.827,8.284
5472033771012233344,155.24166654009852,-26.30908255599181,0.049590550267727594,150.84745762711864,0.05511431323226077,9.847319882192826,4.679741379310345,3.680338983050848,0.9470022063157417,1.0417912,True,True,240.85664,13.068,12.91,11.748,8.508
5468305769463118592,157.74983150898598,-27.289441202694245,0.05597458629891894,150.84745762711864,0.16329696356865636,11.799421748316334,6.660736196319019,6.3122093023255825,0.9833794407519011,0.9438846,True,True,166.94632,13.834,13.625,11.402,7.918
5657697403260950144,145.24915644904493,-27.90775396414988,0.12613034203273676,150.84745762711864,0.011678516340565069,10.402334488515095,12.198876404494383,4.523750000000001,0.9607603722547642,1.0384959,True,True,75.94537,11.215,11.078,10.428,8.076
5647544031855878144,135.05193808189156,-29.47274654137805,0.19700413831477778,608.4745762711864,0.01,9.244147176306367,31.02,4.325498007968128,1.2420690676979445,1.1802952,True,True,64.32073,9.713,9.618,9.47,8.31
3611246366909505152,201.3956857130067,-11.322574326552992,0.06658431553421026,120.33898305084746,0.04719290672293913,10.29897752774801,4.980275229357798,4.63974358974359,0.8724506680321419,0.96631426,True,True,150.97495,12.378,12.22,11.681,8.148
3623142021865092352,196.79512407908436,-9.757452979190402,0.10030248390636629,100.0,0.01,7.199729119249675,13.403703703703705,4.274409448818898,0.5515790284062101,0.9838105,True,True,191.05525,10.997,11.017,10.594,8.346
3610982209240790272,201.5874598898079,-12.10168630385822,0.1163437284441989,130.50847457627117,0.11972993971380404,10.251611931426378,4.413414634146342,5.4285000000000005,0.961626233200329,1.0096551,True,True,229.37845,13.562,13.348,11.867,8.071
3610939057704374016,202.1334314430225,-12.192034591371868,0.193621783548776,100.0,0.01,5.961793665329915,13.240243902439024,3.948,0.78794719589957,0.9850567,True,True,237.37166,10.773,10.854,10.661,8.43
3609133689676051456,199.86304172300632,-13.721769357258053,0.1033432872460285,150.84745762711864,0.11972993971380404,12.032693584705108,4.720434782608696,4.036059479553903,0.979960623017676,1.0235623,True,True,158.35934,13.992,13.755,11.878,8.573
3621651084097772032,199.1538185663432,-12.112564969145897,0.1102661729226979,181.35593220338984,0.01,9.287693499436848,14.671621621621624,3.667905405405406,1.4488976325168106,1.1303349,True,True,128.39748,11.198,11.117,10.542,8.385
3580447057645618688,182.57164022511532,-11.38869077706482,0.06847777529409142,120.33898305084746,0.01,6.16462010444622,8.899180327868853,5.805882352941177,0.43516611096887325,1.0355363,True,True,259.41876,11.194,11.261,10.861,7.792
3617128346095242112,207.37253932890115,-9.687576267492664,0.17681296869544802,150.84745762711864,0.04041001900131407,9.522466476200519,4.957534246575343,3.8775,1.2280828213347827,1.0299073,True,True,259.67462,12.819,12.647,11.702,8.6
6313015889718636800,223.1093677622233,-12.592190548252493,0.18130650902380116,700.0,0.01,8.154414797233862,29.343243243243247,3.7437931034482763,0.9670361884401184,1.1649332,True,True,86.30605,9.591,9.627,9.518,8.576
1336853242836774400,259.2260019460827,36.07975094479141,0.19489004584601627,100.0,0.01,9.280704046643795,14.671621621621624,3.6190000000000007,1.543480853515868,1.0535145,True,True,108.29355,10.768,10.685,10.589,8.887
1392357483159401472,230.16309928591988,41.63835414170111,0.055476308589037286,100.0,0.018601616690726987,7.416804888139882,15.07916666666667,8.548818897637796,0.5195543005096731,0.98464537,True,True,190.478,11.127,11.163,10.953,7.932
1345760523972253184,265.15134229765664,41.53173440457706,0.11200445414896011,354.2372881355932,0.01,8.01526778562712,20.87884615384616,3.536482084690554,0.8750276821622441,0.9971727,True,True,171.0147,11.065,11.064,10.204,8.812
1392000829075570432,227.06556882157676,40.34423693896269,0.07694898128757069,171.18644067796612,0.018601616690726987,8.535026385231825,11.55,4.60042372881356,0.7513368976274443,1.0007342,True,True,251.9458,12.173,12.136,11.287,8.61
1291992756106301568,227.5832369865972,36.03060926899541,0.18257110096126286,242.3728813559322,0.0643653407681979,11.796375783941087,18.095000000000002,4.25764705882353,1.1636923254607097,0.9812357,True,True,140.57848,13.081,12.809,10.841,8.889
1295372620489889536,226.28947334821825,37.61243253583682,0.10358857919576371,130.50847457627117,0.11972993971380404,10.807707797657496,3.559672131147541,3.850000000000001,0.8891385647151016,1.0234764,True,True,279.04474,14.315,14.137,12.585,8.855
1375750974929529472,233.8080407955325,37.79113133474386,0.04779901731156603,201.6949152542373,0.018601616690726987,10.283871656817109,13.571250000000001,3.655555555555556,1.081826896112343,1.0631549,True,True,143.42322,12.321,12.128,11.075,9.001
1332480446437685120,246.37326944483024,39.90924261514271,0.17486808634986617,700.0,0.01,9.348819101127892,49.35000000000001,7.142763157894738,1.7092373688263711,1.2121074,True,True,36.329346,8.58,8.495,8.372,7.91
1348054414465651840,259.0791721702489,41.46546442200282,0.058409800227164854,150.84745762711864,0.05511431323226077,9.85418928369469,5.0263888888888895,3.7437931034482763,0.9535620054775897,0.9781655,True,True,299.10312,13.472,13.365,12.123,8.889
1376066397328192000,236.4742255722182,36.96542705629659,0.021569897035736432,110.16949152542372,0.011678516340565069,11.722352974340895,18.71896551724138,5.073364485981309,1.0869952228781676,1.0635238,True,True,48.739807,10.969,10.794,10.597,8.451
1387728436127558784,232.32615137501,37.96945871146206,0.054451225775157715,120.33898305084746,0.025370325336541884,10.197419176626827,5.2960975609756105,3.536482084690554,0.8654793374689641,1.1153194,True,True,164.08148,12.522,12.322,12.124,9.025
1352805369848817408,253.4029766564631,39.16481567573817,0.12400155797641732,100.0,0.01,6.673546529567641,16.45,5.9327868852459025,0.6994083532681695,1.0674175,True,True,214.72069,10.948,11.008,10.503,8.241
1376243315620628352,235.54369875452716,37.37146312798411,0.19002351644650645,669.4915254237288,0.01,9.211353080395702,28.57105263157895,3.5831683168316837,1.0733830304211092,1.1356347,True,True,81.368645,10.252,10.157,10.076,8.946
1378306274312624256,243.00448793107265,37.2995410780917,0.07393790872934285,100.0,0.01,10.72907890267223,18.40169491525424,3.6190000000000007,1.2201708132297602,0.98648155,True,True,73.17825,11.221,11.05,10.714,8.95
4609528368594811008,269.41256412717365,36.462697176283214,0.1644208228320591,700.0,0.01,8.606917804407647,35.02258064516129,3.655555555555556,0.8668081040982372,1.0917134,True,True,65.49984,9.401,9.37,9.237,8.565
1375369135157192832,233.38048299186585,36.4403066280124,0.1750181316696775,140.67796610169492,0.013638774391684533,8.911559694458047,11.80108695652174,5.270388349514564,1.065782435683722,1.0076942,True,True,176.13216,11.53,11.49,11.187,8.528
1331774220670538240,248.3705201852389,39.0029000469853,0.18474933810017627,150.84745762711864,0.11972993971380404,10.668089779525383,6.204000000000001,4.957534246575343,0.8836552114393773,0.94560415,True,True,232.30173,13.966,13.738,11.727,8.305
1378838575379473920,243.97824552253303,38.55236050887677,0.07721523841180437,100.0,0.01,6.256777177208923,10.540776699029127,4.980275229357798,0.8915395474350382,0.99359393,True,True,283.27338,11.409,11.466,11.192,8.591
4609309978096813312,267.3224513424385,37.610634061680834,0.058907084110219526,211.864406779661,0.013638774391684533,9.373112291814968,17.798360655737707,4.523750000000001,0.8489935438616796,1.0799357,True,True,135.29207,11.441,11.335,10.34,8.335
1379377267357206656,241.3139700670928,38.14741275862504,0.16821843589934313,110.16949152542372,0.01,8.52355316616186,11.674193548387098,3.5831683168316837,0.8523630870650879,1.021389,True,True,198.61469,11.538,11.549,11.316,9.138
1380613943060675968,245.42333357920583,40.59838736950352,0.14020352009916198,100.0,0.01,8.567640597916846,16.9640625,3.667905405405406,0.8968088052197969,0.9929682,True,True,133.29826,10.813,10.776,10.532,8.676
1380265810191404032,242.0469744979676,40.88923213701127,0.17056701436955296,100.0,0.01,8.303832082733814,22.15714285714286,3.7697916666666673,0.7943931552145477,1.0222285,True,True,135.30766,10.764,10.748,10.513,8.881
3045680061151680000,105.56129881142697,-12.280603350729418,0.12109308839328115,211.864406779661,0.10252153289191773,10.944328467908768,10.052777777777779,5.401492537313433,0.7679687261450722,1.0360823,True,True,163.21088,13.235,13.121,10.266,7.93
3044960014175952128,106.47643050875784,-12.435597925719737,0.14578331029102118,100.0,0.01,8.264660082710225,30.15833333333334,8.10223880597015,1.6562737753755223,1.3021305,True,True,76.9276,9.465,9.478,9.241,7.492
3046361723999677824,107.20608488150437,-10.679197170220329,0.06215766120355605,171.18644067796612,0.03460201435087329,11.052958604574375,10.540776699029127,5.511167512690355,1.0010225800638834,1.0328863,True,True,96.89208,12.124,11.968,10.605,7.969
3046583378672607616,107.25998932307516,-10.338662219609184,0.08410948499147528,100.0,0.025370325336541884,6.052657115025539,6.031666666666667,5.0263888888888895,0.561184788085478,0.86029446,True,True,265.7847,11.184,11.235,11.126,7.231
3046063790708620672,105.42845197568998,-11.408110128163331,0.16248542862754742,252.54237288135593,0.22271704449600335,7.610497933254612,9.123529411764707,5.868648648648649,0.684109292800182,1.119368,True,True,271.35724,11.654,11.672,7.578,5.49
3046581385807795968,107.2496446969785,-10.393213976496629,0.031989923912466654,130.50847457627117,0.011678516340565069,6.146535032162532,8.416279069767443,5.744444444444445,0.4051900721754854,1.0642021,True,True,288.9824,11.244,11.324,10.88,7.738
5747322860944871552,131.31865012871447,-12.218118662946106,0.1362065506970773,100.0,0.01,7.1996397047691145,31.93235294117647,8.616666666666667,0.6507547267043475,0.9600041,True,True,113.43066,9.955,9.946,9.415,7.313
5726306211581969408,121.02242342863636,-12.327951827536818,0.19720498702534928,700.0,0.01,9.242175737908116,47.20434782608696,4.5810126582278485,1.4262256259915902,1.2227651,True,True,42.647743,8.943,8.849,8.695,8.403
5725737454833070208,119.53880825134225,-13.583694301695177,0.07833588039739059,161.01694915254237,0.025370325336541884,10.162559719307357,8.755645161290323,4.5810126582278485,1.0515906237907038,1.0573063,True,True,131.00584,11.935,11.813,10.967,8.163
3049673762261493248,106.2022292573325,-9.719257387503587,0.03491864139853581,181.35593220338984,0.1398268057402531,9.877703465007126,9.870000000000001,5.998342541436465,1.0276639215016667,0.9760723,True,True,261.2559,13.279,13.172,10.418,7.569
2953059812967605888,101.93011332785392,-11.988528650732809,0.05349027156758566,150.84745762711864,0.03460201435087329,10.190593611244976,5.073364485981309,3.571381578947369,1.0202225662866935,1.0301858,True,True,166.91658,12.543,12.419,11.549,8.491
3002145207483603328,98.16386967565036,-10.344021966765304,0.0973284598639435,161.01694915254237,0.0877864361381346,10.770782891435964,5.744444444444445,4.504979253112034,0.8188024857569314,1.0703003,True,True,180.26683,13.295,13.147,11.294,8.064
3045599139669048832,105.72393223521188,-12.823319120259065,0.031080324235174064,161.01694915254237,0.018601616690726987,8.614599919421853,7.487586206896553,3.6432885906040275,0.7810820816743453,1.0376723,True,True,201.41862,11.891,11.861,11.025,8.382
3045481324422704768,108.60330665882658,-11.350829289198586,0.04678556920214021,191.52542372881356,0.05511431323226077,10.310935082843674,10.644117647058826,3.7567474048442913,0.9066957241878684,0.99011916,True,True,168.08888,12.665,12.518,10.63,8.187
3034916460793769216,112.6596556481126,-11.512291317514,0.0846343346912341,161.01694915254237,0.018601616690726987,7.63274003070017,8.416279069767443,4.4679012345679014,0.9945943458098584,1.230955,True,True,292.30362,11.869,11.942,11.07,8.24
3045780975704191232,106.03762676342878,-12.063505390978422,0.16144307127289342,161.01694915254237,0.26010046434689327,10.184638607891706,8.416279069767443,10.340000000000002,1.3146256733166024,1.1945294,True,True,245.7098,13.174,13.083,10.151,6.704
5746642538125569792,129.84932564443164,-13.85039606208992,0.048544167276526225,150.84745762711864,0.018601616690726987,8.832341846714716,6.915286624203822,3.667905405405406,0.8793746043288599,1.0226429,True,True,211.60281,12.073,11.987,11.319,8.494
3045621099840773376,105.79791066854835,-12.614931108998498,0.18291680181759323,181.35593220338984,0.4142897092206239,12.092218688969208,7.238000000000001,3.7829268292682934,0.7447591862371669,1.141843,True,True,289.0454,15.376,15.466,11.024,8.261
3046609423354178944,107.28996331836434,-10.063838204877143,0.03781027038872286,120.33898305084746,0.10252153289191773,9.199621089997189,3.513592233009709,4.325498007968128,0.7334015468820734,0.9772641,True,True,290.55997,13.107,13.047,12.088,7.863
3044947820767396224,106.44495064826256,-12.57316381449184,0.0579009116487356,201.6949152542373,0.011678516340565069,6.541358887925002,14.671621621621624,4.395546558704454,0.5450948776643797,1.0305895,True,True,299.3701,11.595,11.671,10.327,8.091
5728138341545797376,123.8782420543235,-11.003743005822368,0.1644176681093339,201.6949152542373,0.03460201435087329,11.782115697471713,13.91923076923077,4.890540540540541,1.0792217465833074,1.0402056,True,True,84.26718,12.475,12.207,10.642,8.378
3049594047667462656,104.8719418198607,-10.171239405865386,0.06390327599404151,150.84745762711864,0.03460201435087329,9.309237413038595,5.4285000000000005,3.559672131147541,0.87985769145797,1.2599665,True,True,219.67403,12.53,12.397,11.374,8.26
3046478817687763712,105.717017079402,-10.98670454953302,0.14392952470078577,201.6949152542373,0.16329696356865636,10.74119660360401,10.74950495049505,4.7,1.0134390307959187,1.1140894,True,True,238.83275,13.565,13.417,10.402,7.929
5734888827543700864,132.40852702381665,-13.582317613738184,0.15480817127389676,700.0,0.01,10.828095640388788,40.211111111111116,3.9336956521739133,1.4132948693706755,1.1758131,True,True,28.397223,9.196,9.016,8.885,8.352
3001600880507989120,95.00894022232065,-10.243009320536926,0.10580347938895882,120.33898305084746,0.021723928448358305,9.200959804442808,7.487586206896553,4.8039823008849565,0.7840088414330435,1.0931367,True,True,146.16367,11.801,11.679,11.266,8.257
3046429580182647424,105.98261283656772,-11.010672134233548,0.1300980569305063,232.20338983050846,0.35474515523996636,10.860937666607345,10.644117647058826,5.775,1.0639826710873135,1.0359129,True,True,246.62714,13.728,13.567,9.362,7.108
3001602937795585536,95.01416071189249,-10.132058064376269,0.08036938272947824,150.84745762711864,0.05511431323226077,9.622271535278468,4.741048034934498,3.8637010676156582,1.0072353674206926,1.0089496,True,True,262.8376,13.06,12.913,11.692,8.518
3046446936150006016,106.4593498498032,-10.880852849372786,0.05566194197585923,171.18644067796612,0.05511431323226077,9.489932403365227,8.163157894736843,5.401492537313433,1.0006732771876383,0.9901732,True,True,174.9112,12.09,12.002,10.377,7.56
3017130107859781888,85.06093529613833,-5.409428095687052,0.06759512883345464,161.01694915254237,0.35474515523996636,10.191280471371652,5.998342541436465,8.826829268292684,0.8542499474475451,1.0533781,True,True,163.46565,12.481,12.343,8.824,5.587
3015503517845620736,84.02316235919714,-8.328570576992881,0.14035358312767782,100.0,0.01,7.640779997589561,25.24883720930233,6.660736196319019,0.7742880349753538,1.025728,True,True,109.60834,9.924,9.967,9.693,7.834
3016972323645213056,84.17107864936867,-6.38480754401897,0.17672304556239085,161.01694915254237,0.483828913886101,12.521641282726847,5.0263888888888895,7.004516129032258,0.8634216893347813,1.0787112,True,True,243.96883,15.29,15.118,11.107,7.508
3183196839425301760,75.21734853463082,-9.137112099083026,0.08003499875348441,171.18644067796612,0.04041001900131407,10.243282797294867,7.050000000000001,3.6928571428571435,1.0086988669022239,1.0379477,True,True,166.26102,12.532,12.361,11.025,8.384
3015369480505427200,85.45940338486317,-8.183823836063485,0.08167296291611595,161.01694915254237,0.1907066257401213,11.414301311839985,4.980275229357798,4.679741379310345,0.9390253519961895,0.98821276,True,True,257.9999,14.389,14.181,11.72,8.298
3022320691799825024,86.38436271639831,-5.753376947398959,0.11533622349356637,161.01694915254237,0.10252153289191773,11.722883765076737,6.168750000000001,3.9053956834532375,1.119003058803308,1.0138327,True,True,154.54738,13.72,13.518,11.417,8.341
3016968582729286912,84.49312242551585,-6.260581907394545,0.07701077847958432,201.6949152542373,0.26010046434689327,11.833579677738387,8.042222222222222,3.976923076923077,0.9780663546651682,1.0048083,True,True,225.5415,14.289,14.162,10.652,8.099
3015586530972783360,84.46376343264406,-8.165721571930888,0.06323930869214993,181.35593220338984,0.0643653407681979,11.299593287645973,5.6546875000000005,3.6190000000000007,0.8902741610791939,1.0616437,True,True,162.64471,13.263,13.047,11.259,8.482
3016442810013433600,83.87200175891618,-7.413832410513629,0.03926014053868373,211.864406779661,0.0877864361381346,11.358119620571998,11.674193548387098,4.224513618677043,0.8950783165655803,1.0122571,True,True,144.98213,13.084,12.907,10.486,8.22
3012389185519489152,87.71296905197866,-9.132606486096703,0.09112682089554917,150.84745762711864,0.04719290672293913,9.323335302898071,4.741048034934498,3.595033112582782,0.8024422814158578,0.9557782,True,True,272.4753,12.916,12.814,11.719,8.407
3208239969095305728,77.01384202716751,-6.287616529788262,0.16695496782719205,181.35593220338984,0.018601616690726987,10.980995440410108,27.83846153846154,4.60042372881356,1.1541080503974182,0.9813636,True,True,47.975677,10.668,10.507,9.425,7.204
3209594460046834560,83.22621087516515,-4.93490223496194,0.050074250408710566,191.52542372881356,0.16329696356865636,11.555768560275423,11.19278350515464,6.743478260869566,0.7941172019590317,1.0117084,True,True,155.19077,13.392,13.22,10.166,7.499
3015589417190808320,84.41700334778282,-8.168138814923307,0.1456267029683375,100.0,0.01,5.572884981538498,10.146728971962618,4.449590163934427,0.6180735631963886,1.0175415,True,True,269.12448,10.799,10.885,10.779,8.144
3016471908415090560,84.17891950180653,-7.252478035991634,0.05809190249838542,181.35593220338984,0.35474515523996636,11.76561100632937,6.871518987341773,5.59639175257732,0.9485060505750403,0.9761526,True,True,288.07608,14.903,14.793,11.011,7.991
3017311424211830656,84.66956775391242,-5.5380370647464,0.04811136973174078,262.7118644067797,0.0643653407681979,8.653364603702197,13.080722891566266,4.523750000000001,0.698241836921008,1.023725,True,True,287.50333,12.67,12.706,9.879,8.083
3016255338983967104,85.68121684071802,-6.475714543037473,0.12274740892678777,201.6949152542373,0.26010046434689327,10.489530892607911,10.540776699029127,7.142763157894738,0.8750588213650845,1.0500525,True,True,277.04596,13.756,13.646,10.054,7.441
3022332344047136896,86.50678854126176,-5.537832670961926,0.14014067931535304,161.01694915254237,0.04719290672293913,10.126365248324124,5.59639175257732,3.8228873239436627,1.166991341500165,0.9823374,True,True,198.93736,12.719,12.597,11.291,8.448
3022196932318534912,86.48306580689258,-6.545114228784881,0.06713180802574344,161.01694915254237,0.3037587523063755,9.99162331519644,11.309375000000001,12.198876404494383,0.7437046495371968,0.94904006,True,True,289.43466,13.614,13.47,10.081,6.781
3183815276060183936,75.7403627037415,-8.310821876779064,0.15501211045375504,171.18644067796612,0.1907066257401213,10.67869242720908,8.826829268292684,5.868648648648649,0.9118676141051841,0.9978841,True,True,271.8749,13.775,13.642,10.861,7.695
3016229848355467776,85.46641181249653,-6.599200728586012,0.04628139576454165,201.6949152542373,0.22271704449600335,11.645507131072382,8.225,3.8363957597173153,1.462675475838417,1.1474531,True,True,208.4174,14.088,13.915,10.436,7.888
3019197906977812224,89.68842707696992,-6.533140307050817,0.15658232970522862,222.03389830508473,0.3037587523063755,12.217855040726725,9.693750000000001,3.8775,0.9269276591847752,0.98087245,True,True,284.45593,15.021,14.843,10.753,8.476
3016481258560648320,83.86555522304852,-7.213887015192284,0.06527806070710927,181.35593220338984,0.0877864361381346,9.272171863234256,6.540361445783133,4.325498007968128,0.79967361375548,1.0028783,True,True,297.30145,13.29,13.206,10.813,7.964
3022121409613840768,88.29367282354708,-5.806423392375895,0.0663555920184909,150.84745762711864,0.01,8.38570696928404,11.42842105263158,4.175769230769231,1.3187581038290754,1.0457486,True,True,144.8924,10.942,10.909,10.449,8.109
3022427481866367488,86.64821866318229,-5.41612546596329,0.03876219120114181,181.35593220338984,0.10252153289191773,10.478731828089424,9.35948275862069,4.241015625,0.9694138224352966,0.9946344,True,True,222.65253,13.433,13.274,10.956,8.121
3023076472901203968,86.14048728219889,-5.662424396080308,0.07371984537185536,161.01694915254237,0.05511431323226077,9.23187701513968,5.71421052631579,3.976923076923077,0.7990398029260549,0.9779892,True,True,261.52728,12.804,12.692,11.135,8.07
3017017373558413824,85.00044898527378,-6.212202687362567,0.1013891494055395,161.01694915254237,0.07516916839274382,10.072853181250753,7.286577181208055,4.8039823008849565,0.8599107032360545,1.0120716,True,True,194.14185,12.694,12.545,10.836,7.654
3017056161406310784,85.38589311039173,-5.844501430638418,0.07043561190874428,181.35593220338984,0.3037587523063755,11.447834455569136,6.031666666666667,3.559672131147541,0.8852854533650577,1.030847,True,True,299.08643,14.718,14.505,10.964,8.185
3016441916660250752,83.74012672986012,-7.426331400222079,0.1436437246740007,181.35593220338984,0.16329696356865636,11.630220361792551,11.55,6.58,1.0399042822126772,0.9877145,True,True,143.61147,13.06,12.901,10.254,7.424
3202366240540259200,63.78796235434158,-6.20540551872299,0.039228186110810664,110.16949152542372,0.03460201435087329,10.22423371373041,4.561764705882354,3.536482084690554,0.9843007353538292,1.04583,True,True,142.44823,12.245,12.074,11.842,8.564
3023113856296490880,85.53363321991462,-5.586276795255883,0.0808395584019414,181.35593220338984,0.1907066257401213,11.85384321524362,9.870000000000001,6.871518987341773,0.8464403306500471,1.0252862,True,True,165.74268,13.584,13.423,10.619,7.765
3022326743409802624,86.3377992256122,-5.643377100885656,0.07492553962637459,181.35593220338984,0.011678516340565069,7.6470236747552445,9.781081081081082,3.7567474048442913,0.7125706083557511,1.0219909,True,True,237.27734,11.507,11.579,10.642,8.321
3017100794706470272,84.96232947253877,-5.827856424582824,0.055877655055457595,171.18644067796612,0.1907066257401213,10.978951806707022,4.036059479553903,4.308333333333334,0.9084011699794051,0.9877124,True,True,261.19595,14.167,14.013,11.15,8.113
3016253728373564032,85.9034858785437,-6.427374519935297,0.08841658292456732,150.84745762711864,0.1907066257401213,10.410329609917023,4.957534246575343,5.12122641509434,1.0876471451370981,0.9684715,True,True,258.52484,13.624,13.539,11.094,7.514
3023178620107706368,85.7264887990677,-4.907360696888251,0.041542411113853164,181.35593220338984,0.26010046434689327,10.58401131950247,8.042222222222222,8.042222222222222,0.8387389740067093,0.9847334,True,True,264.44803,13.89,13.768,10.232,7.434
3016308154199021696,82.69101502052793,-8.117416226490063,0.0814106079207616,161.01694915254237,0.05511431323226077,10.475977842399843,6.424260355029586,3.571381578947369,0.8253723754125173,1.014628,True,True,195.4958,13.016,12.838,11.471,8.451
3022284064318556288,86.23854133296383,-5.892983503301657,0.06253151379626698,181.35593220338984,0.07516916839274382,9.489157479082873,7.700000000000002,3.548039215686275,0.830948808354197,1.0025182,True,True,269.6015,13.132,13.039,10.935,8.097
3015259494983862400,84.16967767782475,-8.86345663791881,0.04212930172277862,150.84745762711864,0.01592806495985682,7.603057086873566,8.10223880597015,4.659656652360515,0.6480026641557437,1.0649278,True,True,268.86185,11.921,11.946,11.272,8.323
3016249600907710464,85.39096684114449,-6.373342874115794,0.06651250597041923,171.18644067796612,0.1907066257401213,11.953456881831503,5.965384615384616,4.431428571428572,0.9512680012634998,0.999596,True,True,161.81226,13.673,13.601,10.806,7.804
3017291048887020288,84.31465066307263,-5.708124939086792,0.05849708389450108,262.7118644067797,0.01,7.0069426450054415,7.487586206896553,4.224513618677043,0.4479306447515715,0.99760276,True,True,184.721,10.809,10.866,9.62,7.978
3209963900248682752,79.88082878839151,-5.67565168212373,0.11660090227532588,171.18644067796612,0.26010046434689327,12.05105463770899,7.810791366906475,4.761842105263158,0.806643714504586,1.0703083,True,True,237.40599,14.446,14.347,11.132,8.097
3015223176740518016,84.7260337843298,-8.899817670651894,0.09350767059282201,161.01694915254237,0.021723928448358305,9.03040273946637,8.287786259541985,3.680338983050848,0.8900228468099022,1.0522548,True,True,192.34923,11.918,11.861,11.05,8.292
3209964278205802624,79.8919012509505,-5.671646616389464,0.09716184050278338,100.0,0.01,7.687913315169965,15.51,4.620000000000001,0.6629415492968964,1.0567908,True,True,138.3902,10.496,10.524,10.134,8.091
3210025472899632640,79.88444525389707,-5.382945798132179,0.10413504696342088,191.52542372881356,0.11972993971380404,9.891037686166834,9.693750000000001,5.12122641509434,0.7926712820478133,1.000847,True,True,232.86867,13.242,13.091,10.304,7.678
3015365013739438720,85.56151883585417,-8.255021465096602,0.06293498625934998,252.54237288135593,0.1398268057402531,10.782299463312096,18.095000000000002,4.980275229357798,0.8488576147394759,0.99059415,True,True,161.73578,12.965,12.822,9.438,7.504
3211638181578921088,77.35201527742437,-5.692604129182036,0.03067365438373521,120.33898305084746,0.04041001900131407,8.81679288843197,4.208139534883721,3.655555555555556,0.8094743529477738,1.028158,True,True,267.03662,12.632,12.582,11.979,8.433
3208308241895547392,78.9461138769552,-6.5757429179021125,0.0761771954129547,100.0,0.025370325336541884,7.752204415306967,4.782819383259913,3.502258064516129,0.6600449107988571,1.0070658,True,True,225.73085,11.64,11.655,11.715,8.228
3209962285340952192,80.07969064504516,-5.647119549338686,0.06606473071990986,181.35593220338984,0.0877864361381346,8.864428494372632,6.065363128491621,7.539583333333335,0.7548309333394497,1.0531787,True,True,234.37285,12.307,12.241,9.834,7.017
5180980811071632128,46.0085144374772,-6.291796555914687,0.07474681157220969,161.01694915254237,0.04041001900131407,9.770871847203724,6.386470588235294,3.730927835051547,0.8688574733064461,0.89737755,True,True,250.50871,13.002,12.84,11.617,8.756
3022326464236444032,86.23551603237708,-5.621760052959364,0.0719615097700333,161.01694915254237,0.11972993971380404,10.30321962785208,5.0032258064516135,4.561764705882354,0.8695927292334344,0.9817424,True,True,270.3914,13.692,13.529,11.389,8.077
3015912639251716736,86.96378840598422,-7.202085384647375,0.16096833809986907,171.18644067796612,0.1907066257401213,11.227289039063145,5.744444444444445,4.191891891891892,0.9114433258737762,0.9545787,True,True,262.93887,14.032,13.891,11.289,8.225
3022310899274422272,86.46561107131171,-5.721689749189122,0.08477718749646321,191.52542372881356,0.11972993971380404,13.277546018273142,8.163157894736843,4.25764705882353,0.9519107948758165,0.9831917,True,True,92.23845,13.502,13.297,10.8,8.263
3208057136630690944,76.51145478908292,-7.078775344564252,0.06281230084806877,211.864406779661,0.26010046434689327,11.050101292179031,11.55,5.21971153846154,0.9551046943179964,0.98816276,True,True,267.9606,14.269,14.111,10.316,8.02
3208058373583072896,76.11720692320488,-7.304980292161447,0.07737131811349532,191.52542372881356,0.35474515523996636,13.254188106353315,7.436301369863015,5.0263888888888895,0.8585060034178957,0.97355354,True,True,149.14125,14.398,14.237,10.526,7.893
3019189493138720256,89.49500622297396,-6.651787241470907,0.1619024431353584,100.0,0.01,6.536760893831223,8.163157894736843,3.7697916666666673,0.8285257561637802,1.0003246,True,True,241.56267,11.238,11.281,10.659,8.43
3016998544421782016,85.26001958397136,-6.390487562212533,0.08080630140975473,100.0,0.01,4.960616981871306,6.031666666666667,6.7856250000000005,0.8755035077136648,1.0599493,True,True,275.40036,10.595,10.658,10.447,7.475
3023398458009848704,84.6845521305029,-4.921638972881854,0.043966200689014835,161.01694915254237,0.04719290672293913,9.863082761003422,5.322058823529413,4.431428571428572,0.9136087522509576,1.0213258,True,True,202.40137,12.763,12.62,11.24,8.208
3016486790478358656,83.87275368446488,-7.109681412743172,0.03627992929034032,150.84745762711864,0.025370325336541884,7.433311079419722,8.351538461538462,4.846875000000001,0.6684603778120497,1.3913887,True,True,283.27548,11.911,11.969,10.953,7.758
3016005474966721792,85.03892154303156,-7.73425576130683,0.07977792937568226,171.18644067796612,0.4142897092206239,11.139386280213023,12.479310344827589,9.693750000000001,0.9182459887270682,0.9945666,True,True,291.9327,14.537,14.537,10.485,7.406
3244433314900294144,57.27409543430447,-6.260285689712063,0.18095740226087856,700.0,0.01,9.580383047686755,38.775000000000006,4.036059479553903,1.1255821031913869,1.391117,True,True,38.9229,8.958,8.853,8.699,8.269
3209255574242256768,81.41599443005907,-5.734917786591946,0.15863992624325565,171.18644067796612,0.05511431323226077,10.58310683197161,8.48203125,4.036059479553903,0.8859824272086021,1.0115664,True,True,151.90135,12.922,12.772,10.93,8.048
3022473974888752128,87.08378565718807,-4.990696981832411,0.047289342353831317,130.50847457627117,0.021723928448358305,9.412114955285588,6.031666666666667,3.513592233009709,0.9890431904783182,1.0428331,True,True,156.41133,11.841,11.744,11.342,8.38
3017174878600154240,84.23231271161595,-6.074591638819766,0.06404017557042106,201.6949152542373,0.1398268057402531,8.9787111951556,11.80108695652174,9.781081081081082,0.8335854274434416,1.029886,True,True,236.897,12.408,12.333,9.281,6.783
3023327642589081472,84.98633054157989,-5.237420632727476,0.10628779542397901,161.01694915254237,0.013638774391684533,7.610860326218726,8.899180327868853,4.224513618677043,0.5534771919895509,1.0322531,True,True,221.68777,11.66,11.675,10.721,8.177
3015690155647441152,84.48243916975926,-7.667140216360507,0.11258147093447099,171.18644067796612,0.22271704449600335,10.884532802953947,6.275722543352602,3.6432885906040275,0.9343071915878777,1.0057063,True,True,291.70847,14.184,14.083,11.152,7.968
3023110592121236736,86.08081792066103,-5.168189720654974,0.05035949898620001,191.52542372881356,0.04719290672293913,9.279253519710384,9.607964601769913,4.191891891891892,0.8661440278425188,0.96428645,True,True,224.10033,12.656,12.525,10.669,8.215
3016873474973610240,84.18282826619615,-6.828483472198365,0.07118785229256727,100.0,0.01,7.12824590286211,5.511167512690355,3.571381578947369,0.8188456160237777,1.0083168,True,True,189.01933,10.918,10.99,10.896,8.498
3017277854747486848,84.39490871170692,-5.779284068504964,0.07276334584170245,466.1016949152542,0.01,8.018050081702883,26.48048780487805,3.7697916666666673,0.9229566657429769,1.054186,True,True,112.89346,10.207,10.221,9.28,8.377
3017183468534793472,83.85329914959976,-6.083382390713586,0.0705609346386851,262.7118644067797,0.05511431323226077,9.285460709293023,19.04736842105263,6.133898305084747,0.9042572654188951,1.0103319,True,True,174.46562,11.93,11.811,9.512,7.693
3209378509090892160,82.99202490020899,-5.907589237085091,0.13127741601576962,191.52542372881356,0.35474515523996636,10.824469539870261,10.052777777777779,9.35948275862069,0.9065367091889779,1.0059736,True,True,284.62726,14.183,14.02,9.944,6.974
3016745622388673408,83.4370067822071,-6.772582360317873,0.05866346288841729,150.84745762711864,0.029628775900825636,8.400324706902207,6.424260355029586,7.09607843137255,0.7791901441243593,1.0178858,True,True,187.61513,11.694,11.644,10.643,7.519
3022566157771570048,88.43638468743319,-5.246267989313463,0.06225563369371466,181.35593220338984,0.1398268057402531,10.74319687570417,11.19278350515464,8.042222222222222,0.8100954400109369,1.0129058,True,True,192.37163,13.377,13.205,10.547,7.636
3022281727856230912,86.19755500849922,-5.9714697003625705,0.11228652149241104,201.6949152542373,0.07516916839274382,10.011553110726421,12.624418604651165,4.0662921348314605,1.066388776325021,1.0581219,True,True,234.81778,13.052,12.876,10.573,8.111
3183802154936361600,75.63354923098584,-8.538380481418242,0.035506032971496564,181.35593220338984,0.05511431323226077,10.293756978251892,11.55,5.9327868852459025,1.0007744300042418,1.0412248,True,True,162.21313,12.582,12.424,10.72,7.947
3198038872012308480,67.64710066746365,-7.692342024898346,0.04417012771796853,130.50847457627117,0.10252153289191773,10.347590781714816,3.705460750853243,4.4679012345679014,1.7803594316028448,1.3740519,True,True,226.80501,13.339,13.155,11.973,8.102
3208426370676060672,79.48812026410278,-6.060882777792237,0.08781181597687467,161.01694915254237,0.04719290672293913,8.876356795591024,7.385714285714287,4.051119402985075,1.2286743737802004,1.3505149,True,True,294.7921,12.729,12.681,11.217,8.171
3183175497731911168,75.34362220908744,-9.38220057956946,0.06703782161714414,161.01694915254237,0.26010046434689327,12.841574557062328,6.065363128491621,7.286577181208055,1.038925254407757,1.0065123,True,True,140.93793,13.981,13.79,11.054,7.699
3209504270027894784,82.85801476901801,-5.0877840739309965,0.029967432561460214,140.67796610169492,0.029628775900825636,9.314528710089835,4.036059479553903,4.720434782608696,1.0148858753578383,0.99669594,True,True,168.07188,12.0,11.895,11.176,7.993
3016856153368836736,84.43095760835901,-6.955801219970967,0.18384972150433257,171.18644067796612,0.07516916839274382,10.103638635755598,3.9053956834532375,4.325498007968128,0.8403698914116666,1.1063447,True,True,203.59789,12.649,12.536,10.678,7.83
3015649817314609280,84.6469835175775,-7.613955679738948,0.1008332299221868,181.35593220338984,0.3037587523063755,11.826273209657172,7.645774647887325,3.548039215686275,0.9779379041433919,1.0391097,True,True,276.41586,14.753,14.518,11.074,8.293
3015684005638599168,84.00082080161667,-7.64749055072158,0.18456973106734098,700.0,0.01,10.589517762261988,60.31666666666668,15.29154929577465,1.387565234594268,1.2798513,True,True,15.044704,7.396,7.289,7.156,6.837
3015692904426520192,84.35275732824914,-7.620786033787346,0.06098116858395681,120.33898305084746,0.04041001900131407,11.357720719675108,3.7181506849315076,3.8775,0.95360672851295,0.9686094,True,True,101.056175,12.403,12.204,11.735,8.414
3207034315940600320,79.25300264065308,-7.771772951326134,0.0676309655670053,191.52542372881356,0.26010046434689327,12.107061608735082,7.539583333333335,4.006273062730627,0.9111583139770588,1.0907004,True,True,260.8278,14.833,14.591,11.162,8.517
3019098061874798464,88.51775130577846,-6.083971662917175,0.17813139639635645,100.0,0.01,6.164373176886966,8.548818897637796,3.7437931034482763,0.8813950245395548,0.95902306,True,True,222.27661,10.892,10.946,10.562,8.384
3022585197362350848,88.57290815740876,-5.289850904727855,0.048236922358906704,171.18644067796612,0.01592806495985682,9.094288400224292,7.8673913043478265,4.63974358974359,1.0644980188575497,1.0059983,True,True,143.72328,11.407,11.337,10.502,8.082
3022294685773949312,86.08891541219253,-5.939696496180698,0.03489625246902207,191.52542372881356,0.0643653407681979,9.842476882531427,11.19278350515464,4.0662921348314605,1.133926963117209,1.0077016,True,True,209.4508,12.779,12.645,10.633,8.021
3017386362801166336,84.60178835149003,-5.132080353364484,0.059982723284831826,161.01694915254237,0.021723928448358305,10.035189186146482,7.004516129032258,5.0263888888888895,1.068164994188466,1.1180947,True,True,83.08539,11.078,10.921,9.971,7.382
2120817437307085184,279.93492939026123,49.56990910013258,0.09589073552967249,110.16949152542372,0.01,10.811475673693867,19.740000000000002,5.4285000000000005,1.3983519104066129,1.0549358,True,True,64.81717,11.088,10.908,10.503,8.633
2087545184668295552,301.6175975447319,49.31642418831998,0.10771753730716233,110.16949152542372,0.01,8.35582384394559,14.87260273972603,3.796153846153847,0.7512834012071409,0.9695839,True,True,173.02483,11.428,11.428,10.931,8.825
2089403565471075072,299.88408880746255,52.45251555103979,0.14151307930893262,171.18644067796612,0.11972993971380404,10.254312347856859,11.930769230769233,6.349122807017544,0.8502188423498139,0.9274872,True,True,286.43015,13.595,13.392,11.159,8.214
2122870088076767744,270.2639452346145,49.29894623016128,0.10624141193276256,272.8813559322034,0.021723928448358305,8.735204491642236,19.04736842105263,3.7829268292682934,0.8499169318954916,0.973827,True,True,255.84828,12.227,12.185,10.577,9.028
2125637077807966208,270.5501762164173,53.53353497080531,0.04970856651685597,130.50847457627117,0.16329696356865636,11.063643467127953,4.523750000000001,5.401492537313433,0.974419396501089,0.97808284,True,True,253.69792,14.178,14.038,12.356,8.263
2084903741115108992,304.14525957373,49.23117584629203,0.18061625585435878,181.35593220338984,0.3037587523063755,13.084634644102962,11.19278350515464,4.504979253112034,0.8340029184494367,0.9994966,True,True,192.55379,15.218,15.222,11.297,8.489
2083753415746984448,307.8346533241537,48.73491567205514,0.11006553964786693,201.6949152542373,0.011678516340565069,10.646238890647204,18.71896551724138,4.486363636363637,1.040817051272503,1.08408,True,True,77.269806,11.375,11.255,10.286,8.454
2083950228324244352,307.3353546851528,48.97076256227085,0.1383516340935867,171.18644067796612,0.03460201435087329,9.475489440941496,5.0263888888888895,5.539285714285715,1.2235735696047634,1.0309188,True,True,239.7134,12.68,12.598,11.366,8.532
2136742317050062336,292.87631063517864,53.04659317635317,0.06072796030078393,161.01694915254237,0.04719290672293913,10.098956909655335,6.959615384615385,4.208139534883721,0.834128337168464,1.0753676,True,True,265.5656,13.675,13.476,12.065,9.032
2144995938520107776,280.0040760880891,50.94270834248181,0.04574941020218031,201.6949152542373,0.01,8.184567664375786,11.42842105263158,3.6190000000000007,0.7591089961983504,1.0415787,True,True,248.75056,12.081,12.078,11.188,9.154
2146490174822578432,281.1086107006938,53.789711866267744,0.06681937144200688,140.67796610169492,0.013638774391684533,7.150140016174714,15.51,7.09607843137255,0.5994700905101518,1.1291708,True,True,248.73769,11.391,11.417,10.927,8.0
2139396228880465408,291.4324686902039,52.72742874598213,0.04523525944634019,140.67796610169492,0.0643653407681979,12.211745493695064,3.9053956834532375,3.655555555555556,0.9235411974760318,0.99883914,True,True,137.5475,13.576,13.355,12.387,8.988
2146092735729226112,282.7380116633441,52.50478256135816,0.0775451679566872,191.52542372881356,0.0643653407681979,11.678474864454525,11.80108695652174,3.8913978494623658,0.9106017195821982,0.9680901,True,True,160.7666,13.626,13.343,11.397,8.935
2141067142956527744,288.7611994765992,55.59506992812403,0.09763556568653102,100.0,0.01,8.599767971260093,16.9640625,4.1125,0.6849955974904185,0.9922962,True,True,141.14679,11.182,11.141,11.004,9.024
2142095117609112960,292.7606541337085,56.305747733851234,0.06755255810318873,120.33898305084746,0.018601616690726987,8.767119477488903,6.701851851851853,4.036059479553903,0.9286397212211288,1.0128037,True,True,248.90138,12.355,12.312,12.067,9.047
2147215268381159040,279.6581735926913,53.88477368119833,0.14686634467687773,150.84745762711864,0.0643653407681979,10.345309494962446,5.6546875000000005,4.486363636363637,0.8969645617434137,0.9907874,True,True,261.818,13.511,13.335,12.125,8.777
2180252534788595712,307.62248190310595,50.320655228643545,0.0864743592646929,222.03389830508473,0.11972993971380404,11.020890661057562,9.123529411764707,3.5250000000000004,1.147900297705846,1.0445232,True,True,266.51022,14.289,14.258,11.184,8.943
2180248171100729856,307.93407610417864,50.44148073471532,0.038937856449928844,150.84745762711864,0.07516916839274382,9.904803794866503,6.349122807017544,5.805882352941177,0.7915216704402254,0.99689895,True,True,250.6996,13.25,13.152,11.552,8.32
2149726656018770816,270.1148226938729,54.49190987326508,0.09547616419119753,161.01694915254237,0.011678516340565069,8.123362501273554,13.080722891566266,4.159770114942529,0.8728474471008768,1.0484917,True,True,265.82468,11.984,11.909,11.366,8.905
2169770890437261440,314.0041342888162,50.849997230568064,0.19960865634555544,700.0,0.01,7.163824083779758,22.15714285714286,3.6190000000000007,0.5380209173270055,1.0106987,True,True,136.7742,10.151,10.201,9.983,8.825
2150352926672920320,271.200425622836,56.33920468277783,0.12201542842263408,120.33898305084746,0.018601616690726987,9.695909226300657,6.915286624203822,3.548039215686275,1.0776775645508698,0.96641755,True,True,184.96304,12.222,12.112,11.974,9.046
2168474665008931584,311.590049896102,50.927323754010494,0.08453846392176782,161.01694915254237,0.1398268057402531,11.138800941582517,5.805882352941177,5.59639175257732,0.8166395952982105,0.9897929,True,True,260.3258,14.125,14.031,11.735,8.549
2170069682722206720,313.85597150624363,51.84803711340261,0.059137862171407575,201.6949152542373,0.0643653407681979,10.798410734601559,8.826829268292684,3.9194945848375453,1.043593858081123,0.9780294,True,True,202.67578,13.481,13.389,11.188,8.807
2181196633017464064,306.279253994643,51.26009026237917,0.036629863881675204,181.35593220338984,0.029628775900825636,10.434038745919189,8.972727272727274,3.809473684210527,0.922388933215984,0.98231965,True,True,173.24011,12.868,12.75,11.455,8.985
2180587675369661440,309.07854407820975,50.604361101462686,0.0770267578275627,211.864406779661,0.26010046434689327,11.06282576756724,11.55,5.775,0.9490442066620708,1.0177764,True,True,291.69934,14.397,14.337,10.511,8.112
2168312147750574976,310.72650697370995,49.86990988579335,0.1546470834995197,181.35593220338984,0.26010046434689327,11.699818482414075,12.624418604651165,4.957534246575343,0.9409514547306809,0.9947707,True,True,242.17154,14.665,14.77,10.986,8.243
2167246308665348736,313.4353651611411,48.69387903355732,0.11831224513831892,161.01694915254237,0.01,6.973337106927008,10.340000000000002,3.7697916666666673,0.4857113228256228,0.9422204,True,True,279.4189,11.824,11.915,11.015,8.698
2180233980528403584,308.5016367204293,50.7622946309716,0.0865225553763549,191.52542372881356,0.07516916839274382,9.859622712571278,9.523684210526316,5.9327868852459025,0.964794590124632,0.9894057,True,True,248.5045,13.015,12.937,10.735,8.064
2181690352401859200,308.93120510794506,53.22950704079068,0.06682327645410778,161.01694915254237,0.01,7.63410281323563,14.476000000000003,4.5810126582278485,0.8576528528527677,1.152623,True,True,255.88748,11.742,11.8,11.122,8.875
2180305861101568512,310.0672016365034,49.77750605062265,0.05144769884606579,211.864406779661,0.04719290672293913,7.183600905596873,11.07857142857143,16.9640625,0.6230653916859781,0.9876304,True,True,271.39786,11.62,11.717,9.305,6.885
2180517482732375936,310.22262292779936,50.95063149286496,0.051014499402015696,211.864406779661,0.01,6.6853676567561475,15.966176470588236,4.980275229357798,0.9213258214625791,0.9499694,True,True,290.65063,11.572,11.636,10.442,8.479
2152891222281867520,284.9477411457881,55.6847992099237,0.07151505858504578,211.864406779661,0.05511431323226077,10.693969732169258,23.1,8.416279069767443,1.0411111509698334,1.0349058,True,True,146.993,12.547,12.338,10.444,8.12
2167882651019347968,309.53692427447027,49.17465094087646,0.14549887502775077,161.01694915254237,0.01,6.890695590928203,12.479310344827589,3.8913978494623658,0.5687576259134542,1.1062889,True,True,237.76202,11.262,11.339,10.608,8.49
2180480305494283520,310.61688065467155,51.149978117511246,0.03905480832073944,211.864406779661,0.07516916839274382,11.854486090820565,7.004516129032258,4.486363636363637,1.0372855528631297,0.9660201,True,True,138.07555,13.418,13.224,10.87,8.566
2167776067112423424,309.21101601316167,48.74151237459159,0.046200699669906226,120.33898305084746,0.01,7.17193677923116,10.340000000000002,5.539285714285715,0.7151130076382544,1.0397248,True,True,232.87177,11.348,11.452,11.108,8.433
2167808223521030400,310.2167291990711,48.67000305781784,0.1526994905914644,211.864406779661,0.16329696356865636,10.947928172381589,10.24245283018868,4.360240963855422,0.8137467854833483,0.9960184,True,True,234.04446,14.198,14.097,10.637,8.332
2180825071110478208,309.2770305983529,52.14596455472229,0.04077185757817212,181.35593220338984,0.0877864361381346,9.829741509788935,18.71896551724138,7.755,0.9344155032190168,0.9932441,True,True,222.4187,12.988,12.867,10.62,7.83
2169860603713455104,314.09159481659464,51.46186210650584,0.04650737008705053,150.84745762711864,0.029628775900825636,8.701162880068077,6.915286624203822,3.948,0.811927069175065,0.9728539,True,True,286.1009,12.741,12.768,11.63,8.58
2179931851044503168,309.69271472302444,49.6857575256708,0.029124707783225994,211.864406779661,0.029628775900825636,8.569606052166634,14.100000000000001,6.58,0.8336490808357852,1.1325536,True,True,216.14241,12.005,11.989,10.289,8.053
2180857575423577728,309.44176158728635,52.48347543776797,0.10823478511475247,140.67796610169492,0.04041001900131407,9.667795587510582,7.592307692307694,5.2960975609756105,0.8568214260512859,1.0276805,True,True,233.72194,12.73,12.66,11.909,8.623
2180115611231467520,306.9675338423824,49.74034097988837,0.08512570000772371,150.84745762711864,0.0877864361381346,9.415482675412381,7.983088235294118,6.099438202247192,0.800343799926638,1.1048684,True,True,297.59845,13.462,13.394,11.493,8.034
2182369094671726720,309.68074125565226,52.797519271260185,0.10612028152044899,150.84745762711864,0.05511431323226077,11.21995565869587,10.644117647058826,6.701851851851853,0.9820486855434015,1.0735174,True,True,132.63455,12.975,12.833,11.39,8.354
2182283092248525696,310.6196718957559,52.33526637626024,0.08941012572716682,191.52542372881356,0.04041001900131407,12.033137405746121,10.644117647058826,4.051119402985075,1.1701507337034873,1.0682452,True,True,110.538895,13.065,12.913,11.289,8.975
2183847388049244672,311.75581747980056,55.52201577856416,0.05288263456272973,150.84745762711864,0.04041001900131407,9.179387355041662,6.50119760479042,4.175769230769231,0.8645490581357267,1.0158763,True,True,284.52716,12.924,12.882,11.775,8.649
2180469310377855616,310.32609472079525,50.8766990403445,0.08046403387417948,150.84745762711864,0.021723928448358305,10.252769091023072,7.09607843137255,4.0662921348314605,1.0982619568422065,1.3271147,True,True,143.07916,12.458,12.277,11.57,8.74
2180664851651225472,308.4984628773728,51.15460018166012,0.022361080062799327,181.35593220338984,0.0643653407681979,10.625927505783505,10.052777777777779,3.655555555555556,0.9902259896710459,1.0588064,True,True,206.62787,13.363,13.239,11.308,8.626
2182973551190527872,312.31753652189195,54.93496039287431,0.09458906453631864,161.01694915254237,0.1907066257401213,11.813260756696604,6.50119760479042,5.12122641509434,1.0580834391372766,0.9845975,True,True,215.68396,14.155,13.984,11.572,8.354
2183143494453532032,309.1322202955948,53.211794572385394,0.10466406324753098,191.52542372881356,0.01,7.300810745869731,16.703076923076924,4.25764705882353,0.7743460323125061,1.0538142,True,True,267.43796,11.631,11.765,10.917,8.924
2181904997684445056,308.27934127621825,53.63905526955029,0.13610111336151928,110.16949152542372,0.01,11.01441607955605,18.71896551724138,3.976923076923077,1.1401744292513616,1.129923,True,True,73.03331,11.535,11.332,10.775,9.038
2184919274452539904,305.71289420764924,53.73056355941969,0.06520481844717839,161.01694915254237,0.04041001900131407,9.70158099549625,6.031666666666667,3.705460750853243,0.9184460072564646,0.9664993,True,True,289.26654,13.34,13.186,11.961,9.005
2179949546309068416,309.49634695673655,49.869163064592286,0.06445340831087025,191.52542372881356,0.0877864361381346,9.808458712005434,8.416279069767443,5.2960975609756105,0.915080662523778,0.9632099,True,True,296.09308,13.463,13.407,10.861,8.252
2179993148818989568,309.06580995765404,49.86130851141416,0.07823345767816209,191.52542372881356,0.10252153289191773,10.928473612911056,12.063333333333334,5.049767441860466,0.8147337946366296,1.0194482,True,True,205.01483,13.63,13.499,10.859,8.289
2183198126438995712,309.00867720495575,53.46502345699536,0.03347160834882572,150.84745762711864,0.01,8.891224137188992,10.052777777777779,3.796153846153847,0.8348969643475606,1.0752151,True,True,195.48398,12.049,11.997,11.511,9.073
2183782173271741824,310.7406380347868,55.25129864860652,0.03594657590600123,110.16949152542372,0.04041001900131407,7.152408943854585,9.440869565217392,8.826829268292684,0.8172425226965182,1.0528904,True,True,290.62128,11.855,11.919,11.436,7.554
2186272154785506944,302.6914221462023,55.89800043036858,0.1493696606979733,100.0,0.01,7.126442575532966,18.71896551724138,4.449590163934427,0.7471032070867125,1.0371644,True,True,213.67784,11.129,11.209,10.666,8.689
2186236759957723136,302.32943717145343,55.49067035675944,0.09504043700406145,150.84745762711864,0.1398268057402531,12.96682366137933,4.7,3.7829268292682934,0.9022450385198935,1.0439405,True,True,146.05165,14.205,13.967,12.18,8.829
2182574772063666048,312.97606584292487,53.038111581996425,0.07997333324277497,161.01694915254237,0.04719290672293913,9.309997684713142,13.080722891566266,7.335810810810812,0.7943072789157313,0.97536653,True,True,229.17459,12.52,12.486,11.058,8.001
1698678914396945664,223.6708484563642,72.79360266015989,0.16120468259181484,700.0,0.01,9.751786914361501,45.237500000000004,4.620000000000001,1.6447419760673714,1.2365326,True,True,46.033905,9.472,9.352,9.239,8.581
1726506694703153920,186.0460209995252,84.79162417901047,0.19317760941672626,649.1525423728814,0.01,7.424430453852282,25.85,4.036059479553903,0.8532629905099038,1.1456876,True,True,131.70277,10.183,10.241,9.92,8.742
1692783985883621376,181.1341854928628,76.55131701662924,0.14323097283321726,211.864406779661,0.013638774391684533,9.133514716361063,24.12666666666667,7.09607843137255,1.0877421623639068,1.1255523,True,True,131.58484,11.086,10.99,10.099,8.118
1713205451573388544,207.90149121561785,76.34807188785375,0.0508448727343944,140.67796610169492,0.16329696356865636,11.44523785457034,4.449590163934427,5.073364485981309,0.9173015441078958,1.0196514,True,True,259.29947,14.409,14.158,12.383,8.686
1692012163080487936,191.80288280300744,75.46966073253779,0.14022654922967512,700.0,0.01,10.038376292204333,36.190000000000005,4.036059479553903,1.2396728035916489,1.3306054,True,True,46.257477,9.678,9.522,9.38,8.822
1725589564565881472,220.04732185763217,83.66959233750593,0.06653304007256239,100.0,0.04041001900131407,8.392349550548364,7.335810810810812,5.270388349514564,0.6901247776949992,0.96620923,True,True,228.93115,12.12,12.083,11.823,8.261
1684767751547891840,198.5834624654321,68.59142429575076,0.1974117543980734,700.0,0.01,7.829237496485336,35.02258064516129,5.12122641509434,0.8989857544395774,1.0441719,True,True,85.04046,9.514,9.538,9.36,8.262
1689294135976868992,189.1730583453625,71.20623409639995,0.04962263284356012,150.84745762711864,0.025370325336541884,8.780354469382836,7.983088235294118,4.449590163934427,0.7083982793292789,1.0339164,True,True,248.07289,12.403,12.323,11.561,8.591
1718812277972082304,203.38849569324955,80.84965259596714,0.16828870161239406,700.0,0.01,9.661535254783217,37.43793103448276,3.8363957597173153,1.510634374741638,1.1307777,True,True,53.14487,9.735,9.605,9.475,8.878
1672242291178294784,206.19780174735837,67.09966902116228,0.06823146318092232,150.84745762711864,0.04041001900131407,10.243191628437536,6.133898305084747,3.705460750853243,0.8508318645559695,1.0525101,True,True,210.73636,13.06,12.881,11.878,8.798
1673019886417221120,206.10582413577328,68.49817706283999,0.1278243684859163,171.18644067796612,0.029628775900825636,11.120026557208105,8.351538461538462,3.559672131147541,0.8440675724837744,0.9287144,True,True,130.61092,12.935,12.687,11.435,8.833
1729157887819347968,210.049514549464,88.61211588695382,0.19871533221113205,700.0,0.01,8.999534811706752,32.9,4.360240963855422,0.8712366483878152,1.1458889,True,True,61.44971,9.67,9.581,9.505,8.578
1672922339120235392,205.8109186893194,68.23409104129155,0.19424105117104243,140.67796610169492,0.07516916839274382,12.559276763618954,5.71421052631579,4.291304347826087,1.7397390704842284,1.2494726,True,True,110.98591,13.021,12.798,11.905,8.505
1701377631327615232,222.8066103905097,74.77164008551739,0.09068657293028873,140.67796610169492,0.029628775900825636,8.681699682191493,7.190066225165564,4.620000000000001,0.7514516390885725,1.023443,True,True,273.164,12.745,12.588,11.836,8.634
1724907278945688832,209.7252970842878,81.6978057449475,0.1567511631861462,181.35593220338984,0.01,9.12867140629145,20.48490566037736,4.60042372881356,1.0967300548940044,1.0349576,True,True,127.82527,11.104,11.022,10.526,8.705
1721946607665173760,215.2859711575562,81.58894703723222,0.08208510902657315,100.0,0.01,7.958040179202422,12.063333333333334,3.6432885906040275,0.7216034296408204,0.98240983,True,True,172.55151,11.093,11.102,10.975,8.852
1716345832872291968,194.7395907678979,77.66172008723437,0.17223933052844015,100.0,0.01,10.332764763058258,27.83846153846154,4.449590163934427,1.1460488852522395,1.1410192,True,True,57.743652,10.514,10.355,9.972,8.601
1689256202825698688,187.58958544360797,71.2146258687244,0.03384493391339022,161.01694915254237,0.01,10.621683839385927,21.28823529411765,6.959615384615385,1.782957613599645,1.1020502,True,True,64.37823,10.784,10.608,10.17,7.983
1685920937382217344,195.57627409560837,69.83521144885955,0.18015708809258082,700.0,0.01,11.49009051118898,31.02,3.9194945848375453,1.613450427005412,1.1169063,True,True,32.3286,10.006,9.826,9.687,8.653
1714926603879120896,212.4721646065239,78.1061221763184,0.12546458701508625,679.6610169491526,0.01,9.421231658038337,41.75769230769232,5.775,1.1577127801831875,1.2396337,True,True,57.796597,9.582,9.468,9.175,8.48
1694745171030313472,222.9175147682564,69.7311996079705,0.11124591447704783,140.67796610169492,0.04719290672293913,9.784465167599132,6.065363128491621,4.761842105263158,0.8971844181520906,1.0178167,True,True,221.85487,13.131,12.974,11.823,8.564
1715167839305859456,208.01531739720676,78.30658913567757,0.125629335959604,100.0,0.01,8.642162494251556,23.60217391304348,5.455778894472362,1.0158290434595618,1.0963837,True,True,102.90965,10.368,10.331,10.141,8.375
1694980947554666368,221.30847614314635,70.02216948489169,0.18717506742467235,150.84745762711864,0.018601616690726987,8.345054940382433,7.700000000000002,4.128136882129278,0.8113272667423926,1.0054212,True,True,298.92746,12.155,12.121,11.62,8.742
1773065342781700224,327.1397697450812,16.893749834980444,0.18147197984654886,700.0,0.01,8.862614046182827,40.211111111111116,5.145497630331755,1.3097318149301576,1.2366574,True,True,46.741817,8.9,8.828,8.722,8.066
1764121743403778688,315.9324556868218,17.280363316577088,0.1802213881160201,618.6440677966101,0.01,11.850030676942174,23.60217391304348,4.036059479553903,1.995366923342604,1.0511925,True,True,27.655102,9.916,9.72,9.498,8.383
1780192995628345216,328.2697906805396,18.94211963461496,0.04257339317502293,120.33898305084746,0.021723928448358305,9.887349130636737,4.291304347826087,3.5250000000000004,1.068909371011207,1.0942134,True,True,139.37503,11.894,11.789,11.517,8.472
1773485214494929536,326.0387863765124,17.059722272765484,0.18238334969284714,700.0,0.01,11.128119986135399,60.31666666666668,6.239655172413794,1.5697651390476721,1.2114724,True,True,17.067032,8.246,8.099,7.954,7.63
2736678188062952576,340.0142956636197,16.76578512098066,0.060251217189285035,140.67796610169492,0.05511431323226077,9.50732336876151,3.6311036789297666,3.655555555555556,0.8302250185940055,0.9773968,True,True,286.9535,13.195,13.086,12.048,8.493
2737578756804756096,335.4372531211198,17.58973854644889,0.10932764453693632,181.35593220338984,0.10252153289191773,11.043936367521294,6.133898305084747,3.9194945848375453,1.0507870182224701,1.0217972,True,True,230.2017,13.721,13.522,11.42,8.592
1788102950998339712,318.548817597232,18.097857317381607,0.08917836609962673,303.3898305084746,0.01,6.967379041474596,21.28823529411765,4.4679012345679014,0.5001515854624119,1.0596782,True,True,208.71487,11.039,11.08,9.918,8.375
2831244163806162432,348.0362720452412,19.249535045756915,0.0754619829792623,110.16949152542372,0.01592806495985682,8.306260082247594,6.031666666666667,3.571381578947369,0.9012120056168191,1.0127951,True,True,206.07086,11.61,11.601,11.461,8.575
1618853442506906624,218.4558538806623,61.92787943706493,0.04038010849158364,120.33898305084746,0.011678516340565069,8.461167271009609,10.966666666666667,4.360240963855422,0.6620899445334022,1.1122139,True,True,177.11443,11.454,11.424,11.21,8.542
1579415712765319680,194.89549379880253,60.49006101869036,0.06980929189549105,150.84745762711864,0.021723928448358305,8.457808414454934,11.674193548387098,5.511167512690355,0.7809465574052256,1.1103528,True,True,224.10901,12.132,12.087,11.211,8.382
1668485569183395456,214.87394488163744,65.60643707087307,0.0897516284560819,222.03389830508473,0.07516916839274382,11.25562217534957,17.233333333333334,5.322058823529413,1.0681003018014137,1.0419745,True,True,173.19365,13.256,13.013,10.781,8.544
1668534325652205440,213.21163659857825,65.68257932938802,0.0263383640734663,181.35593220338984,0.029628775900825636,10.151091412366197,9.123529411764707,3.548039215686275,0.9008866509424437,1.0120224,True,True,221.69307,13.181,13.014,11.742,9.228
1577466549231427200,190.73413225792916,56.57615353692652,0.19415253383289469,700.0,0.01,9.351047335706138,51.7,5.1947368421052635,1.649995739066652,1.384389,True,True,43.686146,8.926,8.853,8.7,8.454
1583126908106551936,187.6757658224977,61.40230400416438,0.026620157538030976,140.67796610169492,0.03460201435087329,9.198409040921913,6.3122093023255825,4.0662921348314605,0.779676652166487,1.0797774,True,True,243.31775,12.701,12.593,11.793,8.576
1580940494874873344,188.3490313458505,58.594904823618656,0.04239029279594059,161.01694915254237,0.013638774391684533,7.437128961637977,8.225,3.730927835051547,0.7180660118176708,0.99354184,True,True,286.29437,11.987,12.023,11.202,8.482
1583305097709862784,186.50370630789055,61.5043029373892,0.034002019110246695,130.50847457627117,0.01,7.430847997026414,9.27948717948718,3.7697916666666673,0.6516827563750099,1.0318904,True,True,237.9712,11.558,11.594,11.256,8.552
1577036266523796224,195.20888675170667,57.15581283905952,0.1414128628587356,100.0,0.01,7.659812131728766,22.15714285714286,4.782819383259913,0.6081927030519106,1.0550097,True,True,140.52577,10.594,10.618,10.206,8.375
1658057762250899584,211.94421356596527,57.19674056757806,0.15763162466742398,700.0,0.01,11.02193422069311,51.7,6.871518987341773,1.9049262508696372,1.3521156,True,True,22.969194,8.862,8.685,8.529,8.085
1610903045725731328,217.77483808665568,57.06794399788842,0.16727939537101738,700.0,0.01,9.218927025578411,31.93235294117647,3.796153846153847,0.8914777566082113,1.1859167,True,True,71.102684,9.998,9.919,9.801,8.786
1617961635497822848,219.0027756695624,59.60776383223237,0.14843315003739005,100.0,0.01592806495985682,9.471916250242533,9.35948275862069,3.655555555555556,0.878281248734155,1.115353,True,True,133.69989,11.818,11.68,11.357,8.806
1660610415933587968,214.181477998446,61.154052748959934,0.10858345164597562,161.01694915254237,0.26010046434689327,12.739594938723492,4.741048034934498,3.559672131147541,0.7328052071838715,1.0637605,True,True,254.34723,15.295,14.816,12.094,8.943
1616997569958631424,222.53029237603624,59.12371541032792,0.031499833088042294,171.18644067796612,0.01,10.6236617760621,22.618750000000002,7.645774647887325,1.0521408036603177,1.0811552,True,True,65.775604,10.814,10.673,10.131,7.972
1660783009194718592,209.28750333680355,59.59975898409498,0.1617509055305237,700.0,0.01,9.72335312624987,31.02,4.523750000000001,1.7137796365316984,1.1764339,True,True,55.324306,9.7,9.624,9.505,8.502
1582954284781292800,181.18793888517973,62.57696209796976,0.11738859670076009,120.33898305084746,0.01,7.546524324083713,11.930769230769233,5.374752475247525,0.5623024717099462,1.0136867,True,True,186.521,11.248,11.266,10.9,8.261
3141810598984358656,112.2419074350377,6.833961206898154,0.05418829883416276,130.50847457627117,0.01,5.159019586219151,18.71896551724138,9.870000000000001,0.5809341439485107,0.93817115,True,True,269.6555,10.698,10.726,10.111,7.063
3132301476972621184,101.86488894398168,5.406468003736196,0.1852160592587572,700.0,0.01,10.197170846350234,49.35000000000001,6.540361445783133,1.6204118723672114,1.2881502,True,True,27.327873,8.383,8.28,8.164,7.667
3129138315157392896,103.60372692752402,5.1711409278369365,0.11002864125851557,161.01694915254237,0.16329696356865636,11.891152177101043,5.170000000000001,3.5250000000000004,1.0562561488927389,1.145926,True,True,192.41422,13.998,13.736,11.514,8.25
3143720970376391680,119.08298615353684,6.149223169290102,0.1994412688414995,100.0,0.01,6.503652320832156,14.671621621621624,3.9053956834532375,0.6895805891801943,0.96056986,True,True,171.07208,10.433,10.488,10.309,8.228
3324411511533265792,98.33138473670154,7.256745966154037,0.03200238653689674,161.01694915254237,0.07516916839274382,9.383806725448974,5.775,6.168750000000001,0.7993573289630027,0.9885401,True,True,227.43173,12.664,12.641,10.747,7.636
3327203313292418176,97.72283807090751,9.399864207037156,0.046768184128405554,171.18644067796612,0.01,7.036537742419597,9.440869565217392,3.655555555555556,0.46160970798392964,1.0233498,True,True,247.9277,11.472,11.504,10.721,8.24
3141282322305192320,112.44393059759524,5.107520014798532,0.08242229578775852,100.0,0.01,8.374956668086803,13.91923076923077,3.9336956521739133,0.9406037196514679,1.0303147,True,True,117.57226,10.453,10.456,10.314,8.282
3326500484842182528,99.96680077197016,8.81828429463066,0.057384316068630085,201.6949152542373,0.029628775900825636,9.012464675703535,13.571250000000001,3.6928571428571435,0.8714261382390271,1.0917313,True,True,178.57344,11.944,11.894,10.275,8.044
3131578303258159488,97.02841356683032,5.201722464140073,0.0887788231413119,150.84745762711864,0.01,7.200375863915292,8.755645161290323,3.6311036789297666,0.48444766262563027,1.1563108,True,True,168.75266,10.641,10.719,10.098,7.79
3324452743216714496,97.14540768643693,7.144760358901435,0.13717147302387245,201.6949152542373,0.35474515523996636,12.622478278863989,8.10223880597015,4.159770114942529,0.7970859438069301,1.0559039,True,True,254.40834,15.281,15.002,10.916,8.256
3322447513183885312,91.50526601876471,7.763188954169703,0.13166842144418106,100.0,0.01,6.017718771722436,10.24245283018868,4.325498007968128,0.6740083820421442,0.9369923,True,True,213.56636,10.677,10.726,10.577,8.064
3132314121356017664,101.38591942609972,5.439948284837211,0.17991230621106752,100.0,0.01,5.7147034843846445,11.930769230769233,4.208139534883721,0.4616825540001662,1.0846667,True,True,254.7713,10.843,10.924,10.383,8.155
3133440948975696512,100.00408442269494,6.710341539203279,0.06295858360636856,120.33898305084746,0.04041001900131407,9.147404249357788,4.846875000000001,4.191891891891892,1.0343288390184175,1.0491862,True,True,186.81354,12.009,11.95,11.46,7.938
3131589852429524864,97.3035105852034,5.199789527476099,0.0665778468797512,110.16949152542372,0.11972993971380404,7.561746620817338,3.548039215686275,7.09607843137255,0.6882925940633448,1.0039673,True,True,269.636,11.801,11.859,10.946,6.457
3326562160572257024,99.48082654695108,8.981640017462862,0.05913857801723862,130.50847457627117,0.01,11.617488417514299,18.71896551724138,6.660736196319019,1.312880899856773,1.2400562,True,True,34.289963,10.09,9.925,9.518,7.592
3146247235779134592,121.07270564948436,9.063139528221877,0.14650539315397415,700.0,0.01,9.765989663242221,29.343243243243247,3.5250000000000004,1.2977029645826894,1.2419716,True,True,47.79467,9.566,9.435,9.286,8.502
3134438206021576448,101.01959046941022,8.860882852857454,0.12910694715685675,171.18644067796612,0.05511431323226077,8.616628979309024,9.607964601769913,8.163157894736843,0.8346223320246183,0.9660044,True,True,238.5144,12.049,12.01,10.33,7.333
3147034623544201344,120.2467850691395,9.144711419002604,0.04231338519335889,171.18644067796612,0.021723928448358305,8.538190713295716,7.924817518248175,3.850000000000001,0.9401900901874325,1.0206573,True,True,217.59848,11.999,11.93,10.905,8.218
3145975072291577216,122.02424569427924,8.647106621539141,0.13127517349885343,120.33898305084746,0.018601616690726987,7.83265972072457,6.349122807017544,3.948,0.8691435243193751,1.1443014,True,True,251.15837,11.685,11.643,11.455,8.327
3324408522237318400,98.34268023883,7.233874742958535,0.10462477741355547,171.18644067796612,0.22271704449600335,11.777938563564593,4.782819383259913,4.741048034934498,1.0038392762539536,1.0072381,True,True,239.79752,14.433,14.329,11.221,8.17
3130955090622430592,99.17045068239328,4.91119039280521,0.16623035661784813,181.35593220338984,0.1907066257401213,9.30386731401187,11.309375000000001,7.700000000000002,1.9223242582790174,1.0804504,True,True,236.33516,12.487,12.359,9.303,6.382
3132109710973083008,97.62186617688504,6.430563498861685,0.12739868968031698,242.3728813559322,0.16329696356865636,10.598388607012359,9.781081081081082,3.571381578947369,0.8979526818492978,1.0367174,True,True,294.12848,13.99,13.81,10.422,8.377
3096229897778570880,123.71969750294711,4.930899982781171,0.02733429990856716,120.33898305084746,0.1398268057402531,9.543669031567976,3.948,7.004516129032258,0.8648716618771541,1.091459,True,True,260.7408,13.184,13.037,11.839,7.552
3131632694724412800,96.86973627199262,5.389881957881509,0.19357422645366756,161.01694915254237,0.1398268057402531,10.54400982171914,3.8637010676156582,3.705460750853243,1.0066454064773407,0.9085528,True,True,277.63284,13.653,13.517,11.381,8.173
3141854240150107136,113.9781134424724,6.466908979047807,0.05975212232886246,120.33898305084746,0.029628775900825636,10.342113129376694,6.871518987341773,5.401492537313433,1.277485531045255,1.1578526,True,True,105.873184,11.804,11.674,11.21,8.063
3326540475281218816,100.22853390095636,9.22619887615924,0.030374151604332326,171.18644067796612,0.018601616690726987,9.31194881361782,9.781081081081082,4.561764705882354,0.8529244921336406,1.0490912,True,True,138.94766,11.61,11.471,10.517,8.029
4322729968913080576,290.4766156159143,17.19386701284137,0.05071751124037183,140.67796610169492,0.07516916839274382,10.503912487002838,5.868648648648649,4.659656652360515,0.9689718778548615,0.94083023,True,True,156.7759,12.675,12.638,11.278,7.877
4515455631218944256,291.13423653056407,18.790180234681987,0.10703538825895466,191.52542372881356,0.07516916839274382,10.30811159579897,12.925,7.645774647887325,1.055808304439883,0.98506063,True,True,149.02313,12.326,12.296,9.998,7.453
1812721875340162944,311.9617312351697,17.294894597999896,0.023133064610418495,222.03389830508473,0.021723928448358305,7.252510032776207,20.105555555555558,6.620121951219512,0.8707628408807409,1.038995,True,True,257.94968,11.597,11.599,9.875,7.787
1815388259760261632,306.7354465300904,18.52818118610349,0.034606277668592166,140.67796610169492,0.021723928448358305,7.680157017096901,7.8673913043478265,5.511167512690355,0.693433033364946,0.9923119,True,True,239.23901,11.635,11.647,10.98,7.762
1822370978937299456,301.92854361848174,18.98254820269103,0.16950786094197828,700.0,0.01,10.479491220691168,49.35000000000001,6.386470588235294,1.5110316315435766,1.2983005,True,True,23.391623,8.43,8.287,8.161,7.809
868353846502412288,113.26658831059116,24.13856828111534,0.038754474247295764,100.0,0.01592806495985682,7.4849381749588,7.142763157894738,3.667905405405406,0.6467353844442391,1.0493203,True,True,207.89276,11.308,11.347,11.16,8.256
3377226969186489088,95.20269094412976,22.61143041308563,0.05382485132957286,171.18644067796612,0.0877864361381346,10.864884102552512,8.225,6.204000000000001,1.0770159162344826,0.97281176,True,True,147.15302,12.755,12.552,10.604,7.718
3426415747860539776,90.6515509622384,24.32910039541049,0.0804238176184642,161.01694915254237,0.018601616690726987,7.822319177299632,4.224513618677043,3.9336956521739133,0.7452327349515451,1.173562,True,True,253.40715,11.76,11.806,10.9,8.131
3368183451687684224,107.00230403426735,22.55730313390329,0.14025961079727411,700.0,0.01,10.604205621877382,45.237500000000004,4.504979253112034,1.4881668143509685,1.293017,True,True,25.152391,8.653,8.511,8.373,7.867
3377011533627309824,94.39424936852194,22.38487627289536,0.1027253841775087,405.08474576271186,0.01,5.005709825686934,10.644117647058826,4.8686098654708525,0.7720793376954969,0.99642384,True,True,271.3014,10.558,10.624,9.041,7.668
3377461886718012032,95.28793257056748,23.27304577925693,0.13481061594234622,232.20338983050846,0.1398268057402531,10.533441631978885,13.743037974683546,5.744444444444445,1.067206524396151,1.0939444,True,True,202.2252,13.044,12.878,9.865,7.666
865939387688314112,111.2177676888225,21.789280378835574,0.05091503744881863,140.67796610169492,0.07516916839274382,11.17547880109256,4.679741379310345,4.413414634146342,0.8543826437753846,1.1405294,True,True,144.49687,12.938,12.725,11.544,8.167
3377473878266962944,95.2380913481345,23.309730308818143,0.036793979305336705,171.18644067796612,0.10252153289191773,8.1951072982566,13.240243902439024,9.35948275862069,0.6487614856401105,1.3621224,True,True,286.0907,12.383,12.339,9.747,6.717
3375024131998574592,92.84318458545944,20.640456479335064,0.10763420031507762,222.03389830508473,0.04719290672293913,9.367734740811409,16.9640625,8.6856,1.1556484290646163,1.0419109,True,True,136.48856,11.359,11.351,9.273,7.06
3379144070790097920,99.51199529911308,21.810042649783043,0.0891569755482433,466.1016949152542,0.013638774391684533,5.535233585134164,32.9,3.559672131147541,0.5746324054955873,1.1019216,True,True,247.79086,10.807,10.75,8.792,8.172
664826581979534464,129.1701311985152,21.575750289845267,0.1090012866718295,100.0,0.01,8.705280667855321,15.734782608695653,3.976923076923077,0.9568985754903128,1.0511718,True,True,95.57114,10.344,10.291,10.176,8.303
3377354100218522624,95.92352357279776,23.201613370584365,0.06870416135185373,161.01694915254237,0.03460201435087329,7.892288465083679,5.71421052631579,4.308333333333334,0.9152274171382011,1.1003172,True,True,254.48378,11.809,11.853,10.561,7.612
3377450818584305920,94.8652481245242,23.185544073481186,0.051908636953266724,171.18644067796612,0.16329696356865636,12.381869223739036,7.755,5.0263888888888895,0.9541192134271875,0.9852453,True,True,118.24766,13.437,13.286,10.65,7.761
3377566129865179392,95.66537296332032,23.534423840663287,0.17430586013665766,222.03389830508473,0.4142897092206239,11.21840257755927,19.740000000000002,7.810791366906475,1.0272232681479863,0.879247,True,True,263.17685,14.109,13.922,9.555,7.112
3377372306581159296,95.8227503153556,23.37257670044841,0.07405537053320045,211.864406779661,0.10252153289191773,10.875679453967052,7.004516129032258,6.424260355029586,0.9296215123847971,1.0689406,True,True,134.376,12.457,12.342,9.772,7.459
3375014957948513152,92.65705020976634,20.47264280670447,0.08151100880721099,161.01694915254237,0.018601616690726987,9.24750164941683,4.980275229357798,7.487586206896553,1.9920942436971687,1.1471144,True,True,79.726715,10.183,10.105,9.419,6.746
677378739864950528,124.62673352892656,22.883414358814843,0.01841583833806398,211.864406779661,0.018601616690726987,7.504897933018666,14.671621621621624,5.21971153846154,0.6253071647461429,1.0044227,True,True,234.36147,11.526,11.541,10.018,7.901
3377264588802197504,95.3469604245681,22.942650139167647,0.04200715759482328,191.52542372881356,0.1907066257401213,10.834962887799549,7.385714285714287,3.6311036789297666,0.9531900962616969,0.9877462,True,True,238.54308,13.845,13.646,10.539,7.802
864953916030754432,113.34369066110315,21.11048305766965,0.08231832168264402,100.0,0.029628775900825636,8.866650385479819,4.523750000000001,4.561764705882354,0.8183266692888819,1.0776541,True,True,160.90366,11.677,11.615,11.529,8.105
3377380003162696832,95.86602974688668,23.486283273010017,0.18125227243458658,201.6949152542373,0.26010046434689327,11.357112935540066,18.71896551724138,10.644117647058826,1.0389295162150611,0.9514919,True,True,155.80673,12.948,12.838,9.371,6.81
3379666746830064384,101.8240308216842,23.77984772704818,0.1996313865935389,700.0,0.01,8.94069000406584,41.75769230769232,5.998342541436465,0.8874617652380221,1.0211941,True,True,38.040043,8.549,8.494,8.386,7.766
3377042727971607552,94.83608711357162,22.660738203799472,0.038012917346706435,201.6949152542373,0.021723928448358305,6.8169148342701344,9.870000000000001,6.701851851851853,0.6071339827469421,0.982398,True,True,244.04192,11.201,11.313,9.533,7.171
684671701708247936,134.76599794570978,20.338752050445084,0.13611023333629127,161.01694915254237,0.04719290672293913,9.159950109679595,6.7856250000000005,3.976923076923077,0.8604821172649217,1.0380179,True,True,255.77611,12.563,12.489,11.177,8.207
3377233016500422656,95.11198990540902,22.766252476918357,0.12431729841519841,201.6949152542373,0.07516916839274382,9.319821248914275,7.385714285714287,4.720434782608696,0.781877917179653,0.98449326,True,True,240.50026,12.537,12.513,10.157,7.73
3374599720510710528,92.06175741795916,19.926079016814803,0.08286870814067834,171.18644067796612,0.013638774391684533,8.005941683902087,11.07857142857143,3.9624087591240875,0.6319309803600046,1.0138958,True,True,200.48499,11.544,11.557,10.582,8.123
3375302647742539904,92.19181154562465,21.267725546794704,0.07879161327558805,130.50847457627117,0.4142897092206239,10.894116266408718,4.659656652360515,6.099438202247192,0.9130143832279287,1.00328,True,True,289.41574,14.378,14.143,11.442,7.394
676326752055319296,125.76518174491532,22.05216767475963,0.19094880691682273,638.9830508474575,0.01,9.139711153660276,31.93235294117647,3.5831683168316837,1.5713240809132731,1.1151497,True,True,60.808315,9.665,9.583,9.421,8.246
3377111520465334144,94.36006923699097,22.899623467099527,0.15933248072578016,150.84745762711864,0.01,5.978313278005593,7.755,3.655555555555556,0.5593920042969144,1.206131,True,True,268.67493,10.835,10.9,10.243,7.657
3366431139390928256,103.83408737609564,21.776163917751227,0.03942954207128128,130.50847457627117,0.029628775900825636,8.238635125259034,3.7181506849315076,3.7567474048442913,0.7047793171526459,0.9621307,True,True,273.40237,12.376,12.309,11.691,8.269
3375739192515665536,95.15749210605551,20.360552119736926,0.07713940708203426,161.01694915254237,0.01592806495985682,7.737364747792858,6.4625,3.6928571428571435,0.5806857546398996,1.0678428,True,True,252.73457,11.984,12.009,11.032,8.361
3377239196957153280,95.18272753737736,22.83376466417896,0.16444637749977234,161.01694915254237,0.07516916839274382,9.996421264171286,4.957534246575343,3.5831683168316837,0.9218445611028995,1.0477091,True,True,226.40997,12.794,12.658,11.071,7.905
677957808837013760,127.0637994550214,23.05302212412308,0.14599449627860542,100.0,0.01,8.288671220477847,12.198876404494383,3.667905405405406,1.0491891043404153,1.1208358,True,True,132.7966,10.541,10.564,10.314,8.358
3374996884726156672,92.71344359696582,20.30585099450969,0.1894168677429776,171.18644067796612,0.021723928448358305,6.844693587071207,3.559672131147541,5.59639175257732,0.896982869835121,1.0541643,True,True,285.6453,11.294,11.33,10.158,7.481
3425144849857431680,93.65405114089876,23.06231480848292,0.07560041895330206,171.18644067796612,0.025370325336541884,10.409950999924947,10.857000000000001,5.9327868852459025,0.9998833780789986,1.2035167,True,True,85.06494,11.403,11.209,10.159,7.579
3367023879236443520,108.19049811264637,21.033147583773324,0.09582419979643648,161.01694915254237,0.025370325336541884,8.488895497123217,6.204000000000001,3.5831683168316837,0.7275874669105816,1.1503419,True,True,256.6382,12.166,12.057,11.235,8.335
3377060736772265472,94.68481800373073,22.8380279492052,0.12735813142885177,191.52542372881356,0.011678516340565069,9.320417282053064,12.337500000000002,3.7181506849315076,1.2211471542885968,1.0467432,True,True,122.529495,11.062,10.996,10.348,8.238
3374283988875458048,93.746747807811,20.286374443099188,0.14247623606214935,171.18644067796612,0.07516916839274382,9.504137687618071,5.998342541436465,3.8228873239436627,1.0287842474954028,1.0126544,True,True,296.48837,13.068,13.006,11.218,8.214
3377233080923698688,95.09689490381976,22.775228818657567,0.054818603720236746,191.52542372881356,0.07516916839274382,8.234121676595503,13.91923076923077,12.337500000000002,0.5870124943489133,1.0046611,True,True,209.45844,11.605,11.617,9.137,6.565
661930640150001792,132.55076745752325,21.275165449930903,0.07152400402456102,140.67796610169492,0.04041001900131407,9.909167397638026,5.483333333333333,4.175769230769231,0.8374586997801109,0.99323666,True,True,170.04878,12.586,12.393,11.433,8.266
3375171947593252608,91.9786734624066,20.230033178138516,0.09809112371555244,161.01694915254237,0.07516916839274382,10.558094093248096,4.980275229357798,4.241015625,0.9348748309042524,1.0697479,True,True,181.80942,13.175,13.016,11.291,8.144
3536366605696898560,167.66601596218754,-23.97037448910039,0.10544783982543053,191.52542372881356,0.01,6.743104766037636,11.930769230769233,3.559672131147541,0.596765431678641,1.0919712,True,True,276.35864,11.53,11.56,10.621,8.532
3553604233601000704,160.86443505731538,-20.53951674249692,0.07628836799355075,100.0,0.013638774391684533,6.890446289624072,5.567692307692308,3.655555555555556,1.3106104718398017,1.005313,True,True,253.64946,11.488,11.536,11.441,8.432
5660469001492761600,149.09659314932182,-24.39760332868936,0.06734619885944243,191.52542372881356,0.03460201435087329,9.311188787003495,13.080722891566266,4.8039823008849565,1.2272419973813733,1.0204232,True,True,190.3087,12.155,12.081,10.593,8.137
5677948693753753600,142.36052970761395,-20.39614984462816,0.12352953529578738,171.18644067796612,0.01,7.416590267030622,11.930769230769233,3.571381578947369,0.663674289140613,1.0379894,True,True,216.42207,11.264,11.322,10.62,8.586
5675440948249048576,141.4667392293717,-21.91590571075128,0.1387317906666774,150.84745762711864,0.03460201435087329,9.343825058700649,8.351538461538462,5.21971153846154,0.9474720312091717,1.0593919,True,True,194.6067,12.087,12.063,11.128,7.965
5676959373806990720,144.04842763374955,-20.917470776171,0.04561804475648964,120.33898305084746,0.029628775900825636,10.16581902428773,4.208139534883721,3.6311036789297666,1.0110036607991872,0.9625922,True,True,172.13223,12.6,12.443,12.08,8.86
5675789764016957568,139.0242428138971,-22.337419733178034,0.10246330802980913,130.50847457627117,0.0643653407681979,9.164795834364732,5.0263888888888895,5.073364485981309,0.9577046983250865,1.0814859,True,True,289.84488,12.958,12.838,11.938,8.185
5674559827118544000,140.44563605272154,-24.267519509339436,0.09015622086871806,201.6949152542373,0.01,9.158365579777351,20.87884615384616,5.21971153846154,1.1180942413853205,1.0270988,True,True,114.799576,10.87,10.803,10.09,8.177
5664597598935360384,145.7230017985867,-22.098169248145503,0.09604474254131162,100.0,0.013638774391684533,12.083661812935079,11.07857142857143,3.991544117647059,1.3159923611371191,1.0677972,True,True,36.012066,10.643,10.485,10.439,8.086
5020653014806807552,29.982697928864308,-29.74752565907194,0.03444989712124598,191.52542372881356,0.013638774391684533,8.405329286674204,14.100000000000001,4.0662921348314605,0.7852091950391319,1.0941278,True,True,199.78917,11.682,11.653,10.7,8.426
5065066515701360256,44.72704318977387,-29.83676729065944,0.048534911120958896,150.84745762711864,0.025370325336541884,9.87286775323118,9.523684210526316,4.957534246575343,0.9745217995038852,1.0264927,True,True,164.17947,12.223,12.087,11.392,8.467
5075875505276274432,41.83326830636259,-26.14616369940233,0.06314263916316885,171.18644067796612,0.03460201435087329,10.801450418112998,8.6856,3.9624087591240875,1.4406672404566094,1.02403,True,True,150.9557,12.714,12.526,11.373,8.598
5072249453366524928,43.23818987555218,-28.28760549481952,0.06511101801751211,100.0,0.01,6.986902853454906,8.548818897637796,3.730927835051547,0.5466576233510385,1.0668049,True,True,252.58481,11.527,11.597,11.431,8.835
5032384941314208512,14.715466871857725,-28.698680928813825,0.15305527162742688,700.0,0.01,8.962254253181007,35.02258064516129,3.7567474048442913,1.4256019656542134,1.2801577,True,True,52.84705,9.155,9.096,8.951,8.382
5072308895713844352,43.414550982667606,-27.59792752044908,0.14219111935172485,100.0,0.01,8.405111289439954,27.142500000000002,5.455778894472362,0.871092203786381,1.0740837,True,True,112.314995,10.372,10.385,9.954,8.268
5032483416324388480,14.721674639218588,-28.23068702422985,0.1715265717804783,700.0,0.01,10.103772142329033,41.75769230769232,3.850000000000001,1.3892446684756377,1.2994598,True,True,33.17097,8.931,8.801,8.673,8.313
5039745862424337792,20.06759609595345,-26.07312045673288,0.17612019131742496,100.0,0.01,6.884651396894976,12.624418604651165,3.6190000000000007,0.508075891918862,1.1385186,True,True,188.88998,10.821,10.861,10.657,8.672
5022349870486061440,27.461467196041188,-29.58231111591752,0.11519734045246094,150.84745762711864,0.018601616690726987,11.243932215471695,16.703076923076924,7.004516129032258,1.5558653787263026,1.126858,True,True,65.23243,11.415,11.24,10.525,7.967
2066491834791925632,311.0259390494178,42.521982327871626,0.0666900449577595,232.20338983050846,0.3037587523063755,10.19761156983359,9.047500000000001,3.7437931034482763,0.833542887634853,0.99871904,True,True,281.27756,13.749,13.708,9.31,7.159
2069872558169384448,309.7682685344405,44.13586906349104,0.146802990791703,191.52542372881356,0.4142897092206239,11.200185549363672,17.511290322580646,10.052777777777779,0.8249522000557157,0.9490972,True,True,276.0806,14.421,14.76,9.887,7.113
2067918524146410496,309.04117870021656,41.93639336512432,0.10399477153611017,171.18644067796612,0.3037587523063755,9.069706337483325,6.620121951219512,8.351538461538462,0.9619058900755095,0.8930779,True,True,270.05084,12.758,12.741,9.012,5.908
2069401211280608128,305.8771528383086,44.82294740306028,0.14566795243913574,171.18644067796612,0.1907066257401213,11.762618101301342,3.667905405405406,3.9053956834532375,1.0064123414044417,1.0344592,True,True,260.5731,14.636,14.835,11.716,8.646
2069980722628006272,310.7532974026064,43.765108789415805,0.15409856912615297,161.01694915254237,0.01,7.555180763279731,11.07857142857143,3.655555555555556,0.4852804194444689,0.97064275,True,True,155.18854,10.782,10.844,10.122,8.049
2068880184508929664,306.8975352881205,42.43841023659903,0.14143934182199205,161.01694915254237,0.1907066257401213,9.97293334308524,4.7,7.487586206896553,0.9105672869950168,0.9390933,True,True,257.77698,13.653,13.722,10.659,7.429
2070541473555742592,307.99954690510395,43.766157447325405,0.18407135041281075,171.18644067796612,0.01592806495985682,5.269753934161706,14.87260273972603,11.42842105263158,1.2201450321991951,1.3456138,True,True,264.4728,10.33,10.39,9.022,6.186
2069195194590223872,305.33869250469195,43.13766845033493,0.14039346331556074,201.6949152542373,0.013638774391684533,6.502538041654949,8.616666666666667,5.0032258064516135,0.4134192684896769,0.9200696,True,True,236.72351,11.206,11.271,9.739,7.538
2070743547482599552,307.9880516184954,44.74478562027008,0.05483470579387752,201.6949152542373,0.01,6.535716487324357,13.080722891566266,6.275722543352602,0.42903474143342996,0.9880203,True,True,249.80188,11.162,11.264,10.018,7.817
2065985685787835136,313.2687271734,42.78766561213974,0.04057611933204207,181.35593220338984,0.01592806495985682,7.031952834706592,9.693750000000001,4.360240963855422,0.7277189482297056,1.0766693,True,True,236.75842,11.334,11.424,10.144,7.616
2067118526360634880,311.9725405595404,44.30479246065674,0.048728061843956554,130.50847457627117,0.01,8.155735638569766,17.511290322580646,9.870000000000001,1.1204669492667856,0.9670027,True,True,93.52288,9.934,9.945,9.566,7.098
2068558886590157184,305.6622125821349,42.52152944414212,0.14016134188027587,150.84745762711864,0.1907066257401213,9.397553674124996,3.730927835051547,10.74950495049505,0.8773869865895759,1.1974231,True,True,232.47554,12.604,12.562,10.092,6.545
2071214099796641024,309.00578389792173,46.22277732864019,0.12727135424644745,100.0,0.01,6.444029080562894,8.351538461538462,4.0662921348314605,0.7765166637613551,1.1534861,True,True,274.57196,11.368,11.453,10.898,8.576
2066813618042598912,312.5570910546121,43.33450280497253,0.06725774975890929,150.84745762711864,0.0643653407681979,8.864156879993487,13.403703703703705,9.693750000000001,0.8005158277908956,1.0308739,True,True,201.96254,12.176,12.122,10.472,7.234
2068156529755866752,307.7147812188816,42.12846818565056,0.03762509986627677,130.50847457627117,0.04041001900131407,7.6201477714705055,3.680338983050848,6.660736196319019,0.7351800896728463,1.0465565,True,True,214.93228,11.373,11.423,10.486,6.98
2068753912469082496,305.26285183522623,42.52384419797206,0.10317028854412012,191.52542372881356,0.11972993971380404,8.81446914951422,5.244927536231885,4.036059479553903,1.9644964878260087,1.0094407,True,True,168.45262,11.531,11.388,8.592,5.904
2069334076653628672,305.84383170743007,43.86740048419086,0.11323324844230889,191.52542372881356,0.01,4.730469125338445,14.671621621621624,4.620000000000001,0.5357041479959056,0.8688576,True,True,292.6906,10.676,10.706,9.322,6.903
2067043175454206848,311.9801488153756,44.0118967617082,0.17417542524002688,211.864406779661,0.0643653407681979,9.42746336840932,19.387500000000003,12.337500000000002,1.4505820273069565,0.98148286,True,True,170.09554,11.787,11.79,9.535,7.18
2069355409747830272,305.67064129097736,44.25299152865204,0.05610328194295268,171.18644067796612,0.0643653407681979,11.552012632276599,6.4625,4.449590163934427,0.8853102783419496,0.95224744,True,True,132.63785,13.072,13.023,11.164,8.336
2070008558313719552,310.82060839730406,44.05253123306211,0.048894713342396506,181.35593220338984,0.011678516340565069,7.8049196796975355,8.899180327868853,3.8363957597173153,0.6301377084525112,0.988867,True,True,242.45462,11.808,11.837,10.889,8.593
2065953353273471744,313.8505968944941,42.84279102058,0.08577055616065732,171.18644067796612,0.018601616690726987,7.648465996844091,16.45,7.142763157894738,0.5750031527720445,1.0868477,True,True,194.94298,11.353,11.407,10.213,7.612
2069357750513484928,305.4932745961674,44.28141418120393,0.1603355532998919,201.6949152542373,0.10252153289191773,10.740781076692425,6.349122807017544,7.983088235294118,0.8323729574323145,1.0501591,True,True,142.57336,12.897,12.697,9.973,7.585
2069512953442876672,309.3019085780386,42.79132815875422,0.05691539785818199,252.54237288135593,0.16329696356865636,10.1259728592999,9.693750000000001,4.523750000000001,1.2357580303297853,1.3364133,True,True,180.3164,12.708,12.511,9.106,7.13
2069611703334400640,310.2185139774175,43.61358950825964,0.14500072314680834,171.18644067796612,0.22271704449600335,12.588945787972383,3.6432885906040275,5.21971153846154,0.9497039511335532,0.9487792,True,True,151.64561,14.278,14.334,10.991,7.995
2070516841934068608,310.10396580089827,46.11296218184381,0.031634341947584854,130.50847457627117,0.021723928448358305,9.75618672780656,5.21971153846154,3.8363957597173153,1.0699705197383464,1.0116508,True,True,178.80928,12.336,12.241,11.765,8.844
2070723790632158336,308.41811155157336,44.84248450577834,0.08788437939836598,222.03389830508473,0.07516916839274382,10.989686448569408,11.42842105263158,4.25764705882353,0.7517578079182223,1.0151849,True,True,167.32973,13.305,13.19,10.679,8.499
2065875631542484224,312.72114920383177,42.34302497098289,0.03219789567934114,201.6949152542373,0.10252153289191773,11.895065065045987,8.899180327868853,6.349122807017544,1.1160444794468756,1.0137432,True,True,91.350975,12.422,12.283,9.736,7.294
2065920814601580928,313.9433092086012,42.23176027059506,0.07682655618957598,161.01694915254237,0.0877864361381346,10.588502919265052,3.7567474048442913,3.667905405405406,0.9062007806563429,1.0659015,True,True,208.55779,13.453,13.381,11.489,8.248
2068523289901657344,305.48866563605094,42.14671979273339,0.06841979431192349,191.52542372881356,0.018601616690726987,9.9581665998814,4.159770114942529,4.542677824267783,1.831741396658681,1.1115354,True,True,84.70251,10.864,10.723,9.733,7.488
2068808093477222528,305.0695938214774,42.71989730719695,0.07870977771325796,313.5593220338983,0.22271704449600335,10.991277049700468,3.976923076923077,3.513592233009709,0.8011211094423502,0.99178624,True,True,253.52605,13.937,13.751,9.776,8.446
2069485774891441152,309.1804988807171,42.57940809957606,0.1597052159458715,242.3728813559322,0.26010046434689327,10.00881175286463,7.286577181208055,3.8363957597173153,0.8612503511029386,0.9274286,True,True,266.2781,13.192,12.971,9.237,7.074
2069690009177235584,308.47181927735323,42.74284073324244,0.04744554360530464,232.20338983050846,0.0877864361381346,7.5533103463008295,6.828301886792453,9.523684210526316,0.7176423204653881,1.0037034,True,True,234.96292,11.526,11.521,8.412,6.295
2071633533427718144,308.94014005214126,47.808350681101466,0.03527418094501767,171.18644067796612,0.04041001900131407,9.171207175067128,8.042222222222222,3.948,0.7426575776273675,0.9490436,True,True,283.01025,13.01,12.988,11.484,8.728
2065700014622949248,313.7447113452603,41.92432341600329,0.1839728672801173,222.03389830508473,0.22271704449600335,12.015531220235346,10.43942307692308,6.386470588235294,0.8619741128194869,0.94429976,True,True,137.08589,13.736,13.538,9.758,7.512
2067036990701312128,311.8472908238157,43.902755466107735,0.056400283528921895,242.3728813559322,0.0643653407681979,12.065445155335691,12.063333333333334,4.0662921348314605,1.030549070969358,0.9956889,True,True,100.892334,12.838,12.732,10.335,8.388
2071016673049779200,307.88673304271595,45.97694456151274,0.03423679387599103,161.01694915254237,0.04041001900131407,8.069829197297612,10.43942307692308,9.27948717948718,0.8573725125126093,1.0370758,True,True,280.74948,12.182,12.222,10.717,7.675
2069309406361310208,306.6958615690026,44.16504079149593,0.1160513850048343,191.52542372881356,0.10252153289191773,9.444413013326187,8.042222222222222,4.825333333333334,0.8281802511263517,1.0870253,True,True,287.8232,13.488,13.4,10.552,8.03
2069377022024117504,306.0305664719376,44.528486529512406,0.09049428060777238,201.6949152542373,0.22271704449600335,11.359931051716863,12.479310344827589,5.868648648648649,0.9442450872741509,1.0011467,True,True,242.97858,14.163,14.344,10.606,8.112
2069838340167961472,309.37486557253226,43.77156543020659,0.12306757149423633,201.6949152542373,0.22271704449600335,13.910434094729778,5.684293193717278,8.826829268292684,1.5837987010093821,0.89079976,True,True,39.076817,11.732,11.565,8.543,5.939
2069582016519214464,310.30236733909874,43.16929726594902,0.045941423137488446,150.84745762711864,0.04041001900131407,7.573724523201691,4.486363636363637,7.592307692307694,0.651350901976601,1.0677378,True,True,242.10909,11.678,11.725,10.316,7.052
2066277915359765248,311.3906097724035,42.010061262949485,0.07111102962151752,201.6949152542373,0.04041001900131407,8.802978343363009,6.871518987341773,3.850000000000001,0.8455170458720892,1.1056855,True,True,276.49414,12.558,12.541,10.62,8.251
2068767892583575808,305.1634634105933,42.83477649512616,0.13928825944604756,201.6949152542373,0.10252153289191773,9.211039045837204,12.772941176470589,7.436301369863015,0.7461640141771596,1.018036,True,True,265.67078,12.678,12.638,9.967,7.491
2070834257194486656,306.5724044614527,44.59857964968156,0.12132780993674241,232.20338983050846,0.11972993971380404,9.910261949638908,12.198876404494383,5.348275862068966,0.8334404405409732,1.0104933,True,True,289.08823,13.362,13.226,10.194,8.087
2065720600407099648,314.44812831902414,42.185756933846655,0.10753404578580181,161.01694915254237,0.01,6.96939505444466,10.146728971962618,8.10223880597015,0.9912908638738391,0.9419243,True,True,159.39687,10.449,10.525,9.864,7.587
2070291888722527360,310.1309628181019,44.90594875461112,0.07672444588301817,211.864406779661,0.03460201435087329,9.063861559064815,9.523684210526316,3.6928571428571435,0.828998855674541,1.052179,True,True,267.45966,12.678,12.705,10.859,8.639
2069429248824888960,309.1763943834691,42.33182372675592,0.0749429780545506,181.35593220338984,0.26010046434689327,10.25755832055912,4.360240963855422,3.502258064516129,0.9031226423005733,1.0128207,True,True,194.95543,13.076,12.895,9.363,6.39
2071195996520175744,308.3800062411992,46.0296293108734,0.09978425691604483,181.35593220338984,0.07516916839274382,10.263226732351523,9.693750000000001,8.351538461538462,0.9994304085900275,0.98460543,True,True,187.00424,12.718,12.596,10.599,7.902
2074835066467357568,301.5483122812425,41.82720257448759,0.08426424271967074,222.03389830508473,0.1907066257401213,10.710131986907594,5.145497630331755,4.449590163934427,0.8886648683467553,0.9889838,True,True,289.08716,14.265,14.146,10.568,8.403
2068108842737772672,307.23669776372907,42.03865389924713,0.06083113527783783,272.8813559322034,0.0877864361381346,9.967188858166256,8.972727272727274,4.486363636363637,0.8887795790193189,1.0186901,True,True,215.3834,12.865,12.813,9.802,8.087
2070091326624606592,310.3077075907249,44.48334455692139,0.09929531645365969,171.18644067796612,0.021723928448358305,9.148057416081603,8.042222222222222,3.705460750853243,0.9979676995194656,0.98473114,True,True,206.0788,12.149,12.111,11.207,8.489
2070248904689353472,309.8367581412785,44.279823902409504,0.11885984105908848,272.8813559322034,0.0877864361381346,9.181674848075142,14.285526315789475,4.523750000000001,0.9282395724322489,0.9748162,True,True,292.56302,12.942,12.867,9.906,8.173
2070539416273105280,307.9492354940395,43.70437919507116,0.17040666016629302,252.54237288135593,0.01,8.831213986224684,33.928125,9.960550458715597,1.1652353829727062,1.2474962,True,True,62.430096,9.252,9.134,8.428,6.834
2070603527243610752,307.4104895073936,44.03509177085263,0.1779646425188357,201.6949152542373,0.4142897092206239,11.15245687261449,5.567692307692308,7.004516129032258,0.9618726378041794,1.0194328,True,True,292.9401,14.559,14.678,9.903,6.947
2068682478574329984,304.49363970293524,42.3485789067207,0.05186601662014158,201.6949152542373,0.22271704449600335,10.886102596350579,7.238000000000001,8.6856,0.9238719333452298,1.076419,True,True,157.27275,13.007,12.94,9.312,6.819
2069261818124043520,305.5195388400472,44.10104432881294,0.091323708778966,171.18644067796612,0.018601616690726987,9.459315668491572,7.286577181208055,3.976923076923077,0.7951257573563313,1.1151866,True,True,146.28435,11.823,11.745,10.803,8.297
2069860742717357440,309.06808131682993,44.10703454583281,0.1486998270140696,191.52542372881356,0.04041001900131407,9.289056609810503,4.561764705882354,7.09607843137255,1.1295110996424682,1.0223353,True,True,153.81535,11.519,11.478,9.839,7.369
2070502170325383808,310.4205261318215,46.05889252254283,0.10773095962889115,252.54237288135593,0.021723928448358305,8.754997160388804,11.42842105263158,3.9624087591240875,0.8517667563126138,1.1104395,True,True,254.44409,12.205,12.196,10.615,8.866
2075684615306023424,300.25599716724264,42.45453603411868,0.030814959406542938,232.20338983050846,0.01592806495985682,8.449963274880314,20.48490566037736,5.09718309859155,0.8984651071065953,1.2620933,True,True,191.46727,11.655,11.636,10.192,8.38
2075795970910363520,301.239787602087,43.42347418174713,0.08972957341162757,191.52542372881356,0.22271704449600335,10.992139059471391,5.483333333333333,4.9350000000000005,0.9236111450915039,0.96282315,True,True,286.2788,14.246,14.308,10.913,8.158
2066872025297263872,311.40797038305533,42.701806197089816,0.08378034534158309,181.35593220338984,0.3037587523063755,11.563234052211527,9.440869565217392,4.679741379310345,0.9414374695045165,1.0520512,True,True,203.9105,14.233,14.131,10.27,7.436
2069005803710750080,306.76747169846976,43.05373833910482,0.050603212293703015,171.18644067796612,0.018601616690726987,7.0430907380391226,12.624418604651165,8.6856,0.6976872434269439,0.98315036,True,True,214.59473,11.165,11.242,10.007,7.3
2069223438295724928,305.230100103074,43.63994451922903,0.09956290729373837,313.5593220338983,0.01,6.812267322842221,12.772941176470589,3.8637010676156582,0.5152062539984543,0.9992513,True,True,243.14354,11.297,11.379,10.106,8.62
2068956566206826112,306.5322137698524,42.88885341660833,0.036381237919022834,100.0,0.05511431323226077,9.43140903974008,6.239655172413794,10.052777777777779,0.9414770484122873,1.0739086,True,True,117.613884,11.326,11.247,10.974,7.271
2069796764881731840,308.3194800328914,43.609011372245405,0.06992121899648139,201.6949152542373,0.35474515523996636,11.038544818727171,15.966176470588236,4.006273062730627,0.922200474232448,1.0006466,True,True,225.4174,13.791,13.775,9.606,7.07
2074958353514998784,302.54554411556126,42.844718670596905,0.129795822308248,191.52542372881356,0.01,5.9306989837636,22.15714285714286,8.163157894736843,1.0064660519978008,0.8707512,True,True,188.6566,10.299,10.388,9.256,7.145
2079015998092845312,299.2122199102531,44.01772390066566,0.17912462617877545,445.76271186440675,0.01,10.270531858974302,41.75769230769232,6.386470588235294,1.410107569846316,1.08224,True,True,47.837627,9.758,9.633,9.263,8.027
2078679440150785664,298.0504344303115,43.877457982528384,0.17070095462388865,700.0,0.01,8.52900459528615,37.43793103448276,4.0662921348314605,0.9504647495700309,1.0307969,True,True,69.068016,9.447,9.41,9.268,8.722
2071531450642911616,308.9622330806275,47.07455911188396,0.05261441047186425,161.01694915254237,0.26010046434689327,12.671541867211449,11.930769230769233,9.960550458715597,1.0594531960255849,0.9639966,True,True,105.67728,13.422,13.303,10.376,7.079
2075601842694344576,300.83715459512166,42.03003411322607,0.03606747135797664,161.01694915254237,0.025370325336541884,9.023995763437474,3.9053956834532375,3.5250000000000004,0.8354184009901878,1.0748998,True,True,252.8341,12.712,12.635,11.652,8.871
2078792758569791360,296.4751884955685,43.56258903603441,0.14076000786647222,161.01694915254237,0.1907066257401213,11.357371422574642,7.592307692307694,5.348275862068966,0.9297619501167121,1.0604925,True,True,266.27765,14.623,14.459,11.701,8.543
2075837962814793984,300.8929526373088,43.63478344840964,0.08225329286667693,150.84745762711864,0.01,6.209463985000829,8.899180327868853,6.4625,0.7901555910193674,1.3628922,True,True,267.07584,11.164,11.244,10.535,7.962
2075998766392663296,299.6978447448209,43.86792867847883,0.041147875792910335,181.35593220338984,0.01,7.1023432148611265,18.095000000000002,4.542677824267783,0.8141073925263795,0.96131927,True,True,232.74532,11.319,11.399,10.501,8.273
2080913377206900352,304.15728610968097,43.657450393683824,0.10057946767922812,150.84745762711864,0.01,7.120451693825003,12.337500000000002,5.483333333333333,0.6538844339521709,1.0285252,True,True,195.28346,10.881,10.972,10.383,8.081
2081099641346312576,303.3414490807132,43.78642640963192,0.033900835966408284,191.52542372881356,0.025370325336541884,8.168154345133475,6.743478260869566,6.620121951219512,0.6884327870623335,0.9762019,True,True,221.49184,11.748,11.783,10.303,7.842
2075824528157088640,300.9647751424843,43.53553404163706,0.16577128000327648,201.6949152542373,0.26010046434689327,10.90824122080437,7.238000000000001,10.74950495049505,1.5408046604859877,0.91079545,True,True,185.44783,13.119,12.93,9.382,6.866
2080835861635400576,304.033740820983,43.20247702020818,0.07602821110442198,171.18644067796612,0.01592806495985682,7.050818860605403,4.036059479553903,3.8228873239436627,0.6301024160935705,1.2613039,True,True,274.94766,11.517,11.579,10.566,7.861
2081112182650833152,303.31871454682937,43.86091349415239,0.1618449226545209,638.9830508474575,0.01,9.333499904600046,13.403703703703705,4.523750000000001,1.2138897989167998,1.1906384,True,True,56.57532,9.5,9.382,9.202,8.203
2078533514344936704,297.8347498207402,43.120458253715896,0.1303848833881751,161.01694915254237,0.26010046434689327,13.14405730029624,4.980275229357798,3.571381578947369,0.7887370899431485,1.009922,True,True,193.58885,14.738,14.518,11.786,8.545
2078704492703468800,297.3265702598154,43.02443924311748,0.05221093772541958,140.67796610169492,0.029628775900825636,9.97601950467367,5.483333333333333,3.559672131147541,0.8286894349386285,0.92649835,True,True,221.6509,13.009,12.845,12.218,9.074
2079338017560237440,297.71155085377177,45.018286020526574,0.03356629987931379,171.18644067796612,0.021723928448358305,11.383099558874353,9.607964601769913,3.6190000000000007,1.0199033335890366,0.98744905,True,True,105.14211,12.329,12.185,11.258,8.836
2080663818120113536,303.78584269764895,41.924083921947805,0.053571743931563505,181.35593220338984,0.01,6.19562044683768,6.828301886792453,6.133898305084747,0.6601785719938876,0.81196564,True,True,104.05015,9.189,9.265,8.056,5.704
2080790403700248448,303.345686294612,43.072545365330726,0.03833792774019351,201.6949152542373,0.0877864361381346,8.511704326571238,9.870000000000001,9.523684210526316,0.7747816548254247,0.99060977,True,True,217.21156,11.996,11.926,9.159,6.668
2075835553325780864,300.7475121741465,43.52869085801245,0.12943880608588107,191.52542372881356,0.35474515523996636,11.85127021988353,8.755645161290323,5.567692307692308,0.9701323446378255,1.083233,True,True,273.0012,14.735,15.073,10.703,7.901
2074905400849300992,302.4511480269041,42.24451644816449,0.06185232257716037,201.6949152542373,0.26010046434689327,10.311694334856742,5.348275862068966,7.190066225165564,0.9383163157509531,1.042457,True,True,295.23547,14.112,13.927,10.081,7.392
2081257691839946752,304.6478082264557,44.00814985369015,0.16711471959388902,201.6949152542373,0.1398268057402531,10.504674791115255,7.539583333333335,3.6311036789297666,0.8606469983722308,0.98516,True,True,286.90244,14.307,14.264,10.989,8.443
2074960277660403456,302.3092391393618,42.823961290608615,0.08972603089471189,211.864406779661,0.029628775900825636,10.513217773688863,20.105555555555558,5.483333333333333,1.1507207100848824,1.073794,True,True,90.86312,11.353,11.231,9.757,7.588
2081153551778402176,303.5396841549605,44.43573296994808,0.10542059274567218,201.6949152542373,0.1398268057402531,11.795748892870428,5.21971153846154,4.890540540540541,0.9344063031752914,1.0601553,True,True,167.22878,13.883,13.724,10.715,8.202
2081481343680623232,305.36395140463407,45.23696311275535,0.0305140226505998,211.864406779661,0.011678516340565069,5.814067065051003,18.095000000000002,9.20084745762712,1.3768899466621145,0.9464831,True,True,265.03058,10.997,11.079,9.47,7.374
2080996149815453056,303.2161181485976,43.54951564477816,0.07191917054308929,191.52542372881356,0.03460201435087329,6.9260647925902,12.925,12.925,0.5596712769047961,0.9175417,True,True,271.31015,11.619,11.713,9.671,7.022
2081139120686041856,303.36760968476324,44.05681686426249,0.09547371351988364,191.52542372881356,0.26010046434689327,10.6462691415052,10.966666666666667,9.870000000000001,1.1025293226207205,0.9979478,True,True,256.68954,13.838,13.803,10.18,7.464
2080974090862960384,302.8412225395201,43.232437276814096,0.14680049602459777,100.0,0.01,8.354751338968743,9.047500000000001,5.401492537313433,1.1598737180406808,1.197457,True,True,79.48393,9.689,9.661,9.436,7.734
2074914987215500160,301.99789182968743,42.16916628445282,0.18242734204796843,211.864406779661,0.483828913886101,12.561055356338482,19.04736842105263,11.07857142857143,0.9500577460072122,0.9193949,True,True,220.5218,14.854,14.776,10.063,7.464
2075842292141866752,300.7435631428866,43.731567317864624,0.12939304071083071,181.35593220338984,0.1398268057402531,10.580357070368354,15.734782608695653,11.930769230769233,0.8241696960395157,1.0268431,True,True,196.87682,12.968,12.938,10.22,7.387
2075650770962476672,300.8825733326374,42.52244798842051,0.09515913844217681,140.67796610169492,0.025370325336541884,8.334211995184702,3.536482084690554,5.21971153846154,0.7244460342037354,1.0142738,True,True,283.42007,12.203,12.243,11.692,8.431
2075759377784919168,301.0939830012382,42.967721960841175,0.035316214787480635,171.18644067796612,0.07516916839274382,9.790488296544925,6.959615384615385,4.486363636363637,0.8435221225756606,1.015549,True,True,298.2719,13.5,13.407,11.353,8.47
2078696727402406016,297.17713080903684,42.85308841540607,0.1587967975585987,100.0,0.01,6.74696349457841,17.798360655737707,4.051119402985075,0.5204884078220585,1.0344839,True,True,246.47195,11.268,11.36,10.881,8.906
2081834905391273216,302.2466716518972,44.15378594988605,0.056285560712592726,171.18644067796612,0.04041001900131407,9.942011252850547,10.052777777777779,9.607964601769913,1.0438924876858888,1.0832222,True,True,115.054855,11.487,11.388,10.068,7.313
2082170222076079232,300.4526811966093,45.19047419533253,0.1448020338720543,140.67796610169492,0.018601616690726987,8.441307856799828,8.287786259541985,4.413414634146342,1.055604968718253,0.9973274,True,True,250.07716,11.953,12.01,11.541,8.588
2082957919080121088,306.2023818100736,45.68454804300838,0.039753102749865016,181.35593220338984,0.07516916839274382,10.690240712028459,11.674193548387098,12.337500000000002,1.0007957389035462,1.0315216,True,True,130.83124,12.474,12.335,10.293,7.486
2083553098469080064,306.7076382550142,47.12389449795858,0.05965244748262478,191.52542372881356,0.01592806495985682,7.486420318408804,10.540776699029127,5.244927536231885,0.69319950631774,1.0315436,True,True,271.91974,11.927,11.993,10.664,8.348
2083636519610327296,307.6533123398453,47.62666308067424,0.07590113967913836,181.35593220338984,0.11972993971380404,10.344094561689303,7.004516129032258,4.980275229357798,0.8924300598317573,1.028123,True,True,298.98685,13.944,13.843,11.207,8.384
2081622012450375040,303.8871680778373,45.23879046923594,0.14209252338640482,100.0,0.01,12.225544984397803,13.571250000000001,3.948,1.4232476274839536,1.0485119,True,True,34.372,10.631,10.479,10.18,8.787
2081669871263058176,304.3166472730483,45.451978823777,0.0728619394257688,161.01694915254237,0.05511431323226077,9.30988347501437,6.239655172413794,5.4285000000000005,0.808727856385354,0.9303008,True,True,277.6871,12.938,12.884,11.322,8.222
2083702700771959040,307.5157629760875,48.11673868377841,0.06656461977398591,181.35593220338984,0.01,7.2316901400559725,12.772941176470589,3.548039215686275,0.5454021599501528,1.0585291,True,True,289.6663,11.887,11.936,11.043,8.903
2081231788898434688,304.6419557195274,43.60483136883546,0.1535991073813419,201.6949152542373,0.011678516340565069,10.120883095484455,14.100000000000001,3.9194945848375453,0.8755223558369234,1.0592167,True,True,90.0995,11.487,11.348,10.258,8.346
2075662311523744384,301.0840494400448,42.86494886171029,0.05253588960628156,181.35593220338984,0.3037587523063755,12.014004369031245,11.55,9.781081081081082,0.8435989771695461,0.99277884,True,True,187.69743,14.257,14.072,10.459,7.428
2075703581882519040,300.64646279023464,42.72883741644997,0.03576001804897468,171.18644067796612,0.01592806495985682,7.84651308853055,12.624418604651165,4.761842105263158,0.7613342234227533,0.9566605,True,True,244.8258,11.819,11.89,10.837,8.28
2075857096882321280,301.16594220941613,43.7751114708981,0.17132203045589142,191.52542372881356,0.10252153289191773,9.98103689666031,5.511167512690355,7.09607843137255,1.1453221663740378,0.9928894,True,True,257.48517,13.094,12.902,10.474,7.828
2078583752584216192,298.3372851470229,43.22846015089157,0.15425819824020331,191.52542372881356,0.01592806495985682,8.294847841155661,5.2960975609756105,3.7697916666666673,0.8079534383998022,1.1077075,True,True,246.24013,11.781,11.692,10.775,8.547
2080743090339782912,303.4226473895087,42.50973888231951,0.024232791389315726,191.52542372881356,0.1398268057402531,9.400580279776255,5.71421052631579,4.159770114942529,0.77779263915084,0.99197406,True,True,294.75864,13.361,13.217,10.192,7.543
2081820538713360640,301.71333794319463,43.98706297552728,0.09120509284060828,211.864406779661,0.1398268057402531,10.652573868641454,12.772941176470589,9.870000000000001,0.9051403685764169,1.0140668,True,True,191.00891,13.342,13.163,9.992,7.679
2083362333197888512,305.35151249326407,47.01731451368279,0.05540620838223174,262.7118644067797,0.11972993971380404,9.747055662046192,18.40169491525424,7.004516129032258,0.7698838287519015,1.0121865,True,True,251.38321,13.181,13.03,9.802,7.933
2081575145766027904,303.9647875014832,45.20994505285739,0.056243495335906606,191.52542372881356,0.01592806495985682,9.270256067772447,18.095000000000002,7.004516129032258,0.7813256737670145,1.0454688,True,True,141.66318,11.657,11.581,10.442,8.189
2082260966144483968,301.6676428776984,45.77803541195488,0.09030260001949757,232.20338983050846,0.04041001900131407,8.634675464847778,17.233333333333334,7.004516129032258,0.8384437143582012,1.0188375,True,True,283.97513,12.47,12.461,10.301,8.297
2082423831306119424,302.42797736129137,45.52264139187241,0.11431108340601157,232.20338983050846,0.26010046434689327,10.497548838916657,15.966176470588236,10.146728971962618,0.8522375596268394,0.94981205,True,True,282.95126,13.819,13.652,9.874,7.649
2082555188584698368,303.77661742072445,46.690480632581696,0.043469476990374234,140.67796610169492,0.04041001900131407,10.5849126575211,4.274409448818898,3.9624087591240875,0.8673109822782371,1.030163,True,True,149.4601,12.701,12.509,11.584,8.455
2083053366129369344,305.7215702181949,46.38725758584263,0.07165750117472461,222.03389830508473,0.07516916839274382,10.935090399228077,9.781081081081082,4.241015625,1.0307836032619369,1.0095428,True,True,218.70863,13.65,13.46,11.039,8.77
2082186676086361984,300.8103509459987,45.32853486417447,0.18871186972636977,191.52542372881356,0.07516916839274382,10.590475598475049,10.340000000000002,4.741048034934498,0.9975113659534465,1.0011327,True,True,246.62976,13.461,13.299,11.263,8.641
2082592365822322688,303.0839525677565,46.78088057013715,0.04570079633243528,283.0508474576271,0.04041001900131407,8.982339265781748,7.487586206896553,3.7697916666666673,0.7294638396503051,1.3281336,True,True,253.76852,12.664,12.561,10.329,8.709
2084100930135102464,304.14981983664745,47.44602172107628,0.050101823736415356,161.01694915254237,0.01,5.987427196216566,19.387500000000003,13.403703703703705,1.6635423050966138,0.9783267,True,True,232.6852,10.842,10.898,9.986,7.251
2083100786872126720,307.0500452661469,46.464094150742085,0.06526969751654925,201.6949152542373,0.021723928448358305,9.858911353787533,20.87884615384616,7.286577181208055,0.8885965038546945,0.9825914,True,True,113.58802,11.578,11.469,10.137,7.904
2083549181458956160,306.7945339800064,47.08722501274429,0.09077857090970883,161.01694915254237,0.01,6.092756165512425,11.42842105263158,7.755,0.4445330619846524,1.0038033,True,True,290.74387,11.38,11.442,10.5,8.043
2081433136966670080,305.50465343047495,45.17026916656906,0.11266696734992265,232.20338983050846,0.01,6.280484063580192,8.48203125,5.12122641509434,0.4771143114060643,1.0314701,True,True,294.25516,11.582,11.653,10.102,8.247
2083487849324583936,307.3799309913082,46.87116758526882,0.18881550367244382,171.18644067796612,0.01,6.414126460755518,9.440869565217392,9.523684210526316,0.5536863916477142,0.8991578,True,True,170.01166,10.403,10.481,9.562,7.494
2106123250379997184,286.58088893552247,44.67804336740679,0.04300747634951962,140.67796610169492,0.03460201435087329,10.211898104571095,6.133898305084747,3.850000000000001,0.9090445922081895,0.97804266,True,True,186.02974,12.83,12.682,11.926,8.73
2081301539168668288,304.32348606805795,44.01397496534823,0.1568100384161361,262.7118644067797,0.16329696356865636,10.330965232046639,13.080722891566266,3.991544117647059,0.8861639263070924,1.0613867,True,True,241.80482,13.2,13.051,9.691,7.781
2083055118476161024,305.69130459582067,46.50901547323303,0.08929632734523126,211.864406779661,0.35474515523996636,11.77848995816382,24.675000000000004,15.07916666666667,0.8667933090935325,1.1109364,True,True,187.95566,13.868,13.743,9.598,7.115
2083107658819837056,306.98096817135024,46.675865870216754,0.07017513261772405,171.18644067796612,0.16329696356865636,10.553107975873766,7.436301369863015,8.163157894736843,1.0301675757158495,1.0612282,True,True,274.6285,14.054,14.017,11.066,8.132
2083597594331527680,307.174942510446,47.79661264551266,0.028593417795548755,181.35593220338984,0.025370325336541884,9.979836580916697,14.671621621621624,9.20084745762712,1.0387174942902753,1.0526478,True,True,117.48453,11.677,11.559,10.288,7.848
2085210096846731776,300.1564399904231,45.71851930571072,0.11242213056049073,110.16949152542372,0.01,8.19340303750575,18.71896551724138,5.567692307692308,0.6785252174770214,1.0554988,True,True,154.61093,11.106,11.085,10.603,8.502
2083619958216137472,307.7923903446097,47.45766729465738,0.08273339002740426,191.52542372881356,0.1398268057402531,10.491995354911326,8.826829268292684,6.58,0.9361291849056512,1.040635,True,True,270.28275,14.018,13.951,10.856,8.267
2081681660955449472,304.33205491211964,45.66476381515675,0.045203209838508646,211.864406779661,0.029628775900825636,9.928106597958507,8.416279069767443,4.128136882129278,1.0433475623751083,1.0301856,True,True,142.07422,12.071,11.939,10.411,8.242
2082918920776335360,306.06556154292633,45.25612235070378,0.09050099290541007,181.35593220338984,0.01592806495985682,6.722602491169358,5.868648648648649,8.163157894736843,0.4324437143617529,0.9881161,True,True,283.6024,11.643,11.693,10.323,7.728
2082179877162963456,300.7604659901835,45.21944162316053,0.08057364367761233,171.18644067796612,0.10252153289191773,10.915413440501572,8.48203125,7.286577181208055,0.932360879346523,0.925745,True,True,206.5219,13.651,13.57,11.291,8.276
2082402596987199744,303.3809270501828,45.82205385255223,0.03701825440029144,211.864406779661,0.07516916839274382,9.423554135759714,12.198876404494383,7.190066225165564,0.8763027574499007,0.96382535,True,True,280.7897,13.148,13.043,10.551,8.159
2083047323121955712,305.79946991702093,46.23886033007742,0.067894694664368,171.18644067796612,0.05511431323226077,10.348756423637269,10.146728971962618,11.19278350515464,1.2334220051704614,1.0294932,True,True,120.82581,11.931,11.798,10.26,7.324
2083510286233869312,307.0247969376305,47.18009441083284,0.11089675593552792,181.35593220338984,0.22271704449600335,10.366833728442106,8.826829268292684,14.100000000000001,1.0421631790588404,1.0164646,True,True,219.17613,13.224,13.101,9.936,6.998
2084146005810400000,303.4417809114154,47.69885416411466,0.06481832816225452,211.864406779661,0.22271704449600335,11.726419563062944,9.523684210526316,4.096981132075472,0.8713792628723509,1.0023391,True,True,298.7969,14.902,14.777,11.184,8.789
2081949044135965056,302.2024319612346,44.5425757356939,0.08356552707957461,191.52542372881356,0.1907066257401213,11.664878102377575,3.6432885906040275,4.980275229357798,1.0202035068759516,0.99870616,True,True,204.31506,13.933,13.755,10.783,7.946
2083576222573218176,306.69918995972404,47.48132132671643,0.1884150336422326,150.84745762711864,0.35474515523996636,11.857958821142573,4.890540540540541,6.959615384615385,0.8006428104320666,0.964437,True,True,283.471,15.292,15.349,11.581,8.18
2118502106338564096,278.2025048972065,46.2511161369425,0.028301709439212425,130.50847457627117,0.013638774391684533,8.800818472897635,8.548818897637796,3.655555555555556,0.7638755462830482,1.0383201,True,True,229.5998,12.302,12.216,11.861,9.108
2121930005635404288,275.7592557227167,47.87594157229801,0.0282432637664458,161.01694915254237,0.013638774391684533,9.934193511773728,13.743037974683546,5.348275862068966,0.9351244287713825,1.0371404,True,True,123.93418,11.71,11.581,11.006,8.544
2081906541144601344,301.93496754858387,44.63076511136793,0.1576513195707754,201.6949152542373,0.07516916839274382,9.622066590266373,8.351538461538462,5.0032258064516135,1.0058258201673815,0.9795419,True,True,270.83456,12.961,12.909,10.649,8.104
2084232527932238080,305.1223021581583,48.20887574731476,0.056221271217877226,161.01694915254237,0.03460201435087329,8.800840740055317,9.781081081081082,6.620121951219512,0.7894191248099647,0.97109956,True,True,258.19983,12.469,12.434,11.245,8.271
2126022864654074496,291.52361643981976,43.29283871157792,0.11014148178335091,130.50847457627117,0.0643653407681979,9.950253362431594,3.8637010676156582,3.8913978494623658,0.8355915623888232,0.954719,True,True,258.9964,13.56,13.42,12.302,8.74
2081165676460478208,303.0238314577562,44.11119968676671,0.07280807645457778,171.18644067796612,0.1398268057402531,9.61740246915294,4.60042372881356,10.540776699029127,0.8625181704111438,1.0125442,True,True,215.20438,12.795,12.778,9.959,7.057
2085331008765758336,300.0869747890523,46.19998864211385,0.11047661358825439,181.35593220338984,0.011678516340565069,10.858558072450613,15.51,4.504979253112034,0.8592028362699724,1.0366138,True,True,93.31984,11.946,11.806,10.944,8.897
2131115566294715648,287.0789050048888,48.392146044120445,0.14674343824412142,700.0,0.01,11.339993651957997,35.02258064516129,3.9336956521739133,1.7603172682446981,1.2060139,True,True,30.432762,9.674,9.51,9.353,8.845
2126345403820043776,292.74358990186954,44.26637219534047,0.08263657156388761,100.0,0.01,6.5163626593317865,11.80108695652174,3.9053956834532375,0.4459377744249739,0.99203324,True,True,262.136,11.339,11.41,11.134,8.675
2130227985533056384,287.4793532448008,45.46687643052402,0.15700927742477477,700.0,0.01,8.927752596613471,31.02,3.9336956521739133,1.420658998038721,1.0636314,True,True,77.32695,9.959,9.885,9.744,8.791
2119894878332373120,280.36484911526884,48.231898395244,0.041281541107773476,130.50847457627117,0.018601616690726987,9.371961626691125,6.099438202247192,3.5831683168316837,0.8992208433721405,1.0247904,True,True,201.66711,12.375,12.266,11.941,9.065
2119716413851930496,282.24842956258505,48.45001351622605,0.19764413853965387,700.0,0.01,9.025634437328693,35.02258064516129,3.8228873239436627,0.7140167774264945,1.0527214,True,True,66.882225,9.896,9.811,9.681,8.919
2162019024220616320,314.4838287866054,42.92478891851236,0.12971286883961516,171.18644067796612,0.07516916839274382,9.69087297055627,7.238000000000001,3.7437931034482763,0.7545511788036711,0.9911901,True,True,251.5036,13.322,13.238,11.179,8.182
2162061522920035328,314.81971068384263,43.527576044476014,0.1604224014191072,150.84745762711864,0.11972993971380404,9.555568760338987,8.826829268292684,5.868648648648649,1.0492707490195459,0.9979932,True,True,239.1377,12.754,12.671,10.762,7.202
2126069151523069184,290.63384935745984,43.29806817832531,0.05348406733487929,120.33898305084746,0.10252153289191773,12.0272613411197,3.796153846153847,3.6928571428571435,1.0312722160109329,1.0343535,True,True,133.21132,13.487,13.288,12.317,8.544
2126260427884221696,291.0981178733,44.88398659775653,0.04553003219558584,171.18644067796612,0.0643653407681979,10.384684384440819,6.275722543352602,4.208139534883721,0.9679152720131597,1.0857272,True,True,241.71529,13.627,13.458,11.665,8.709
2162031806043397760,314.0048642585321,42.99807907323831,0.12296016170381631,100.0,0.04719290672293913,11.001240089735251,4.1125,4.274409448818898,1.0017311733064962,0.9970627,True,True,86.1849,11.794,11.631,11.685,7.996
2162052456246806528,314.56455366306534,43.29546257144168,0.05445664170457793,323.728813559322,0.05511431323226077,9.412722817033911,13.571250000000001,3.7437931034482763,0.772014836688905,1.0132248,True,True,184.26126,12.102,12.104,9.516,8.232
2162075477271271040,314.56050266049624,43.55369965667961,0.05235328564880932,191.52542372881356,0.01592806495985682,7.061516982838389,18.71896551724138,8.10223880597015,0.5890043233835576,1.0484138,True,True,217.42316,11.12,11.224,9.879,7.533
2167767236659531008,309.026971838555,48.52796472290062,0.11982106872713397,191.52542372881356,0.0643653407681979,10.310192174137537,10.24245283018868,5.073364485981309,1.0867353346749935,1.0548484,True,True,236.92766,13.284,13.17,11.133,8.574
2167721332048577152,309.21928510290235,48.11481922283888,0.04075079902908985,262.7118644067797,0.1398268057402531,10.392940298070148,11.930769230769233,3.8913978494623658,0.9096897643188244,1.0216247,True,True,240.26048,13.598,13.421,10.008,8.222
2167465077124585216,310.3537173224245,47.47157637604237,0.058003195898686716,181.35593220338984,0.10252153289191773,9.74121295943781,13.403703703703705,8.225,1.1034438977177836,1.0291309,True,True,234.41792,12.941,12.908,10.41,7.519
2105791614484014976,284.9393309289545,43.2602376825407,0.10627919096693551,181.35593220338984,0.01,7.531468614602759,16.703076923076924,3.7697916666666673,0.903868304862071,1.0239444,True,True,214.42651,11.313,11.384,10.627,8.597
2111470003632731648,275.96331981805287,42.21125568016184,0.10670927336148886,120.33898305084746,0.1907066257401213,10.944482856201507,4.846875000000001,10.43942307692308,1.0756543941872092,1.0401744,True,True,217.8707,13.538,13.407,12.148,7.651
2162228790435245824,314.65529229098115,44.15069943892586,0.034146054501807126,161.01694915254237,0.22271704449600335,10.45704043784281,5.483333333333333,12.063333333333334,0.8207503659672126,1.0266609,True,True,164.01868,12.879,12.753,9.724,6.476
2163121971839717120,314.1461194296019,45.48323518131927,0.09568469494876926,100.0,0.01,6.6408244203197775,12.337500000000002,5.455778894472362,1.238663302179655,1.0126024,True,True,171.99876,10.379,10.439,10.351,7.994
2166323607946468352,311.44226395435624,45.83992049046725,0.07849761713036271,201.6949152542373,0.1907066257401213,12.260422816514305,9.523684210526316,4.659656652360515,0.886071547318165,1.0724086,True,True,177.14938,14.17,14.165,10.832,8.374
2163828133184004352,314.04894567506653,47.02862266339628,0.07973403612759362,181.35593220338984,0.025370325336541884,9.452151233740889,14.476000000000003,4.5810126582278485,1.1265314778124194,0.99106383,True,True,177.39638,12.047,12.037,10.829,8.371
2166307183989813120,311.54604327014977,45.60351213985558,0.18626623238896955,201.6949152542373,0.35474515523996636,13.924435154412677,5.567692307692308,6.065363128491621,0.8348535448848386,1.0652001,True,True,138.38696,14.539,14.668,10.622,8.05
2166649686173946368,310.983771023569,47.13638429431497,0.02910011250824525,211.864406779661,0.04041001900131407,8.679824540488362,13.403703703703705,4.291304347826087,0.8460498916137765,0.91013765,True,True,274.55243,12.61,12.599,10.578,8.267
2167708000469464192,309.78004877003,48.46257664130433,0.188071998160333,191.52542372881356,0.0877864361381346,9.67111907642386,10.540776699029127,6.031666666666667,1.4457047161996281,1.093059,True,True,263.33694,12.972,12.833,10.634,7.958
2167757169256474240,309.66130309413376,48.58758656513457,0.08592892295565092,171.18644067796612,0.01,6.67852860001924,8.351538461538462,5.4285000000000005,0.64347695222968,0.9782557,True,True,296.34396,11.712,11.803,10.83,8.357
2129431904755238400,289.87796878181695,47.91549672573205,0.027145683081111104,110.16949152542372,0.029628775900825636,9.962643019611804,6.386470588235294,4.006273062730627,0.8327147414727273,0.9850473,True,True,160.47227,12.353,12.242,11.936,8.697
2167472911145004544,310.40532841150844,47.63439870341903,0.15695763827489187,191.52542372881356,0.16329696356865636,11.638169654283448,17.233333333333334,7.286577181208055,0.8398333607744908,1.0228345,True,True,150.95332,13.605,13.541,10.373,7.833
2103932580840158208,286.7889591099528,41.83068302070835,0.14097026444782096,100.0,0.01,6.169563847969025,11.55,3.595033112582782,1.3680879986688985,0.9784244,True,True,283.93585,11.36,11.415,11.03,8.765
2163513741579596416,314.6012202078361,45.827055765670806,0.11965958792810831,201.6949152542373,0.05511431323226077,10.780988032594466,14.285526315789475,4.761842105263158,0.9847890636426042,1.0452093,True,True,132.44391,12.664,12.621,10.391,8.097
2163530268614798208,314.91680533484185,46.083179231837576,0.15769693941591764,211.864406779661,0.05511431323226077,9.277118101620083,7.09607843137255,4.8039823008849565,0.8716186369143151,1.0161865,True,True,262.8362,12.741,12.746,10.499,8.2
2162238033204873856,314.4640851788377,44.021171402014055,0.10666482131020283,161.01694915254237,0.05511431323226077,8.716385551079483,6.701851851851853,6.871518987341773,0.7573592752023607,1.0352871,True,True,175.08119,11.492,11.535,9.926,6.831
2163712856258034560,314.28019440127645,46.18392435016387,0.19992395039184593,323.728813559322,0.01,5.364649617151619,10.24245283018868,6.424260355029586,0.5480462886427536,0.94839114,True,True,292.92914,10.915,11.006,9.76,7.86
2166986476021702144,314.8741851664085,48.24171338398363,0.19021798897218817,150.84745762711864,0.1907066257401213,11.347169584122671,5.1947368421052635,5.2960975609756105,0.980526686664336,0.9934518,True,True,278.02643,14.624,14.937,11.961,8.601
2104773294916815488,282.8064502563472,42.45623817760965,0.05843887222502651,140.67796610169492,0.01592806495985682,10.13211653032674,8.10223880597015,3.7181506849315076,1.0306581867239395,1.0497884,True,True,131.77405,11.962,11.793,11.388,8.815
2115312148226912512,273.98247475698355,44.69390075646326,0.036314442441743755,120.33898305084746,0.011678516340565069,7.351476863221195,17.511290322580646,6.7856250000000005,0.5946093059968329,1.0590116,True,True,172.19797,10.83,10.878,10.57,7.784
2163100286531226112,314.2260015539024,45.03922600438744,0.15490032624214672,161.01694915254237,0.3037587523063755,11.584307619197563,11.07857142857143,7.436301369863015,1.0981836815326957,1.0214964,True,True,208.98296,13.932,13.897,10.773,7.204
2163799335404786176,313.7497402477471,46.68656623643968,0.14419281565439604,222.03389830508473,0.11972993971380404,11.127878869228805,12.063333333333334,3.730927835051547,1.0191543627708866,1.1352062,True,True,239.48495,14.102,14.135,10.908,8.678
2166625806155552768,311.15821876090257,46.86232924446804,0.12890463846988953,110.16949152542372,0.01,8.33813022086688,10.340000000000002,3.8913978494623658,0.6675780501338066,1.0697609,True,True,170.50525,11.34,11.357,10.802,8.857
2162136603245897344,314.16254900844723,43.84630084011379,0.03200567770936764,171.18644067796612,0.07516916839274382,8.911241338683684,8.899180327868853,7.238000000000001,0.8341138075068811,1.0450801,True,True,200.25443,12.069,11.977,9.972,6.964
2163277655808662528,313.4933192798778,45.116247615823205,0.0533521388285364,140.67796610169492,0.1907066257401213,10.845084335112801,5.511167512690355,8.6856,0.9122685160591684,1.039108,True,True,165.12694,13.074,13.059,10.753,7.042
2167752973060456960,309.3038057909177,48.50574649671972,0.10975565647032245,171.18644067796612,0.483828913886101,10.932158893525141,5.62538860103627,10.340000000000002,0.8495209746325932,1.0076964,True,True,261.5874,14.399,14.331,9.829,6.866
2021148185768213632,294.76904280966454,24.402180997261564,0.1987134200128325,700.0,0.01,9.936230247203826,31.93235294117647,4.3428,1.0247854392769034,0.99532324,True,True,34.02696,8.981,8.858,8.731,8.329
2019927040628088192,295.6964554052189,22.77959876386956,0.09540587876536265,222.03389830508473,0.04041001900131407,7.848936644551715,7.983088235294118,5.073364485981309,0.7808565920419448,0.96755177,True,True,271.67825,11.887,12.028,9.764,7.622
2018819832449197568,290.9110262673825,21.356507344240452,0.0832897569800805,242.3728813559322,0.04041001900131407,7.555909555636466,60.31666666666668,27.142500000000002,0.8381243753378324,0.92339003,True,True,118.17796,10.033,9.869,7.79,5.78
4529611637253418752,274.38023137404826,21.662427793593203,0.1822984582782484,700.0,0.01,8.709154053076235,30.15833333333334,4.021111111111111,0.9161489459921318,1.2194102,True,True,60.649914,9.38,9.316,9.229,8.355
4530914077490842240,280.78959590113374,20.397304906023404,0.04954201787137995,222.03389830508473,0.01,7.163245517955552,15.734782608695653,3.6928571428571435,0.5584778278851091,1.0319604,True,True,244.63934,11.352,11.393,10.356,8.475
4521109590561341952,286.94273950770355,22.6770819385762,0.19563244794044304,100.0,0.01,5.7213457091175215,15.966176470588236,5.348275862068966,0.6059776104350686,0.9309127,True,True,261.32867,10.686,10.743,10.395,7.885
4525917175101108224,277.5652194997924,20.708326391845866,0.02925059177984672,130.50847457627117,0.021723928448358305,7.501976017851874,9.960550458715597,7.487586206896553,1.0974605736888396,1.0295424,True,True,230.50046,11.473,11.537,10.923,7.693
1819150891629373056,310.1666694851761,23.594932735167344,0.07661041542050925,120.33898305084746,0.021723928448358305,7.4148366476420815,5.049767441860466,4.208139534883721,0.5838537456295767,0.9885792,True,True,289.1623,12.018,12.127,11.625,8.301
1816975125615071360,305.9656789980751,20.647446800923973,0.1746770009591173,700.0,0.01,8.464074201227143,40.211111111111116,3.8363957597173153,0.9786753197222514,1.0663787,True,True,53.64951,8.923,8.887,8.755,8.075
1818630234217334784,307.2109064312471,21.686492618135176,0.18345756481370692,700.0,0.01,9.637968667199337,41.75769230769232,4.175769230769231,1.2527920396349301,1.1122344,True,True,40.5092,9.027,8.898,8.77,8.403
1826996216360851072,300.1024212968207,22.044177715577984,0.11106787040110822,100.0,0.029628775900825636,6.509483345298675,8.042222222222222,7.810791366906475,0.9381350548637449,0.9815904,True,True,295.6838,11.677,11.758,11.378,7.63
4536429395310439424,278.21854742209894,24.43872075268686,0.056079277854469846,140.67796610169492,0.4142897092206239,11.80561150134393,6.133898305084747,7.924817518248175,0.9871656608494632,1.023994,True,True,282.55832,14.993,14.923,11.709,7.867
1827889947513983616,296.7398364162161,23.045715918663163,0.1548577149118026,100.0,0.01,6.53965679298444,10.74950495049505,4.486363636363637,0.5036361509997175,1.0080745,True,True,216.25305,10.929,11.06,10.42,8.297
1818354566035177600,307.7709605935682,21.185161562651643,0.18384425122496587,700.0,0.01,9.503454474074555,37.43793103448276,3.7567474048442913,1.2727227976521611,1.1209097,True,True,47.956547,9.251,9.17,9.102,8.642
1817192627064651136,306.33409619182413,21.76915116989024,0.03229583870569315,140.67796610169492,0.04041001900131407,10.541474343469716,6.065363128491621,5.511167512690355,0.7882715966102484,1.0886334,True,True,145.8411,12.591,12.401,11.592,8.283
1838991922547065088,313.0320801169047,22.28570120336825,0.05100383470941269,201.6949152542373,0.013638774391684533,8.651683218124713,15.29154929577465,4.377822580645161,0.8123594772490083,0.9643665,True,True,180.197,11.601,11.52,10.535,8.375
1828461075075198848,298.16632079807164,24.581405108378963,0.11224726905297698,181.35593220338984,0.05511431323226077,10.192133580315991,6.3122093023255825,4.325498007968128,0.8650819063599975,1.0312591,True,True,183.50026,12.606,12.51,10.833,8.161
4891487474018287232,68.98791525431034,-28.227542162819528,0.13738237307175116,140.67796610169492,0.025370325336541884,9.478464546453155,8.163157894736843,4.25764705882353,0.977961760947767,1.0446441,True,True,171.74808,11.881,11.824,11.259,8.306
4892690683336506624,66.8672406966361,-26.66306333057533,0.19226936767945033,700.0,0.01,8.382297889263661,38.775000000000006,3.7829268292682934,0.9842238635477775,1.152937,True,True,60.345963,9.049,9.049,8.916,8.414
4885265058541871488,66.0623346547451,-28.966112374947283,0.1353385472381721,100.0,0.01,6.577127579349072,14.87260273972603,3.667905405405406,0.5794246270258184,1.2256533,True,True,227.18669,10.912,10.935,10.571,8.491
5080652470982335360,57.79564422642994,-28.15650680918604,0.14987895691247646,100.0,0.03460201435087329,9.651956348509355,3.6432885906040275,3.8775,0.9659468566552062,1.0671278,True,True,157.2501,11.937,11.803,12.115,8.502
4891339177387304832,67.44651631692093,-28.400666078398448,0.05252830365518061,161.01694915254237,0.025370325336541884,11.067475917677168,9.27948717948718,3.8913978494623658,1.1839770247974322,1.013701,True,True,101.62141,12.187,11.991,11.062,8.43
5058632414174491264,48.8249641881189,-29.05418444803857,0.0748437876608506,161.01694915254237,0.10252153289191773,11.202284020427575,10.24245283018868,6.540361445783133,1.0000806193397895,1.0439684,True,True,192.77122,13.524,13.305,11.438,8.252
4895788385548578816,63.37581410343554,-25.911265645854996,0.08062043134894398,201.6949152542373,0.04041001900131407,10.698385986730017,16.2044776119403,4.325498007968128,0.951732389377452,1.0034188,True,True,116.45979,12.255,12.065,10.369,8.086
2910976005410323328,88.08933865445057,-26.461558289778537,0.0820921250821212,120.33898305084746,0.025370325336541884,7.640243081191298,6.386470588235294,4.60042372881356,0.6446304188728031,1.0421382,True,True,266.94266,12.042,12.028,11.486,8.155
5056380438264908544,54.472900023906575,-29.04984063313751,0.168742130065052,120.33898305084746,0.3037587523063755,10.967949476412873,4.25764705882353,5.805882352941177,0.9466243572124452,1.0310435,True,True,281.1091,14.643,14.477,12.345,8.208
2906809062499091200,80.98237100992075,-28.871840797700475,0.05505294949766023,130.50847457627117,0.029628775900825636,9.07705617236967,4.980275229357798,3.850000000000001,0.8250667558465168,1.0914158,True,True,241.09187,12.518,12.397,11.885,8.583
2956570141274256512,78.44380169002655,-25.18652500386801,0.0842128348666653,150.84745762711864,0.04041001900131407,9.213379857083172,5.6546875000000005,4.4679012345679014,0.8959798384775001,1.013595,True,True,265.03207,12.752,12.68,11.728,8.498
999460776933315840,92.85260368095672,58.87310836575829,0.0629562850926465,100.0,0.013638774391684533,9.837925266241673,13.403703703703705,3.976923076923077,0.938966207957887,1.1084796,True,True,85.90059,10.984,10.821,10.667,8.369
1089545860540274560,114.45053041772844,64.99499838879206,0.19359152500415927,577.9661016949152,0.01,5.161351138380312,26.48048780487805,5.483333333333333,0.7188414059507705,1.2064308,True,True,223.20328,10.195,10.227,9.366,8.001
1100365918247670272,101.09810218552292,63.38211651581703,0.13928091211383659,700.0,0.01,9.76978155168435,40.211111111111116,5.744444444444445,1.3325224548408763,1.2868022,True,True,41.63528,9.07,8.963,8.813,8.076
990720007385238656,109.0584479756314,59.94351032879482,0.056404787009167734,130.50847457627117,0.013638774391684533,8.290886444224453,5.805882352941177,3.5831683168316837,0.7729816408058122,1.015608,True,True,231.59923,11.878,11.876,11.559,8.705
990057379831483008,107.27870785502282,57.66658669781902,0.0777735161819164,140.67796610169492,0.01,7.203517899069124,12.772941176470589,5.868648648648649,0.5891088611412036,1.1896614,True,True,197.67476,11.149,11.185,10.642,7.964
1094657150798210560,118.29464187473022,64.30225244185256,0.19756549122895375,100.0,0.01,7.216298351980559,24.12666666666667,4.63974358974359,1.1137261682892925,1.1194229,True,True,131.14536,10.137,10.194,9.972,8.188
1086108035574144768,116.59422234549774,60.1683735491364,0.03710113516772847,120.33898305084746,0.013638774391684533,8.668090387575383,9.047500000000001,4.1125,0.8821242490382764,1.0329486,True,True,158.68604,11.355,11.302,11.102,8.395
1101889081152938240,111.66069331854489,66.39247388304575,0.15291790865692642,700.0,0.01,9.27151661975813,35.02258064516129,4.504979253112034,1.2962600941365854,1.3825004,True,True,50.824238,9.188,9.121,8.967,8.306
1102305422399269760,105.89501337242268,65.71948183292041,0.12354244206205213,130.50847457627117,0.01,9.197975804923992,12.198876404494383,3.548039215686275,1.1220311094989401,1.0736656,True,True,137.42003,11.284,11.219,10.947,8.741
1004611752687624960,95.66855738164044,58.6090763279415,0.08005385765034172,161.01694915254237,0.021723928448358305,8.187838688995551,9.27948717948718,5.684293193717278,0.7986992003597313,0.98529303,True,True,255.99263,11.929,11.909,10.983,8.107
1001338369132747776,98.33886885968,57.94965014809953,0.11622199981736481,161.01694915254237,0.013638774391684533,7.8977379919609625,9.693750000000001,4.1125,0.8619832752798816,1.102521,True,True,243.29501,11.652,11.695,11.049,8.369
1100714807031535232,105.15311906725924,64.42780804941093,0.14797492124669387,140.67796610169492,0.0643653407681979,10.343104431222045,6.065363128491621,4.7,0.8288139116408814,1.0356963,True,True,193.76169,13.32,13.139,11.78,8.414
1007342802132261632,98.32104182016924,63.47246886374872,0.037699065700098976,120.33898305084746,0.01592806495985682,9.18883335346946,6.701851851851853,3.595033112582782,0.7784154319644119,1.0044976,True,True,167.6974,11.812,11.746,11.467,8.689
1101821740362157440,109.516630954291,66.04896741325256,0.035250655486707666,120.33898305084746,0.013638774391684533,6.870348646535894,8.972727272727274,5.90054347826087,0.725103155968067,1.0430616,True,True,253.21036,11.36,11.427,11.149,7.999
5897570948789968896,217.6862546065246,-53.45239413638276,0.12338928774954175,161.01694915254237,0.1907066257401213,12.748883422696514,5.170000000000001,4.081578947368421,1.0416117783920007,1.0508076,True,True,173.82343,14.144,14.239,11.589,8.329
5897707258187015296,218.18356557380372,-52.59652731507284,0.067030806556236,130.50847457627117,0.07516916839274382,10.81179479848418,3.667905405405406,3.6432885906040275,1.092916848951077,1.0457582,True,True,198.63503,13.392,13.275,12.162,8.582
5901279670228148864,223.54860079078557,-50.78281681579829,0.04619067116278312,171.18644067796612,0.10252153289191773,10.714300249632757,4.449590163934427,3.513592233009709,0.8928151264063329,1.0106752,True,True,275.8919,14.115,13.974,11.758,8.688
5872130590519326336,207.42825121013428,-55.92114689694073,0.19730648925777125,171.18644067796612,0.021723928448358305,8.571810210112424,21.714000000000002,8.548818897637796,0.9264618995016548,1.0415633,True,True,192.84863,11.37,11.402,10.53,7.796
5894618936190023296,219.4748069702632,-53.37713384932135,0.14431864087950774,700.0,0.01,8.51595678048157,43.428000000000004,5.59639175257732,1.2786001351023875,1.22251,True,True,53.041237,8.889,8.866,8.676,7.853
5898855113960985344,217.0118541866545,-50.92564015645895,0.18206751582531033,700.0,0.01,10.137596656103948,47.20434782608696,4.504979253112034,1.2500184478156144,1.2005624,True,True,30.474253,8.826,8.673,8.525,8.248
5897942416231487616,218.22421765813849,-52.01647576921985,0.06037335275165207,120.33898305084746,0.07516916839274382,10.716846356833173,4.036059479553903,5.145497630331755,1.0838659761826284,0.9828077,True,True,153.03407,12.726,12.588,11.954,8.086
5898320029754068096,219.22254585346676,-51.65298302739809,0.16307520393663918,150.84745762711864,0.04719290672293913,10.62829344503246,5.59639175257732,4.308333333333334,1.319337673367573,1.1524469,True,True,162.92987,12.659,12.434,11.54,8.315
5894075704409179264,223.03661261857712,-53.10710789191285,0.1768462229413658,191.52542372881356,0.3037587523063755,13.051669090359137,7.335810810810812,3.7697916666666673,0.9858997712884746,1.0301192,True,True,212.70651,15.107,15.387,11.317,8.526
6063755499894360320,202.2075997137594,-55.95587041618662,0.04866065119555885,171.18644067796612,0.021723928448358305,8.350943108122364,11.674193548387098,6.424260355029586,0.644000717915648,0.9961831,True,True,211.97038,11.89,11.856,10.744,8.047
6064002859964610432,202.83905831467357,-55.12248329425928,0.09588443079830153,120.33898305084746,0.029628775900825636,8.508674855080667,5.170000000000001,3.6311036789297666,0.7629939670758856,1.0021528,True,True,295.80835,12.452,12.447,12.032,8.673
6065965999304906240,208.4053161400046,-52.918162748949264,0.1392482401560081,191.52542372881356,0.04719290672293913,9.829845777539996,8.163157894736843,3.7437931034482763,0.8760991321843848,0.9610076,True,True,296.28867,13.172,13.125,11.552,9.004
6064635663271246080,206.36025516250217,-54.810552137101205,0.07047500828570807,150.84745762711864,0.04041001900131407,9.289751935310164,6.701851851851853,4.486363636363637,0.8465784165918482,0.9191588,True,True,275.8584,13.006,12.852,11.761,8.663
6065266989097655296,204.58128522484867,-55.250458176342455,0.10321341901073815,161.01694915254237,0.01,7.8374057962035195,15.734782608695653,4.431428571428572,0.836949664991872,0.9784028,True,True,211.66519,11.39,11.425,10.87,8.65
6065467272011100672,204.94606460170087,-54.094183131671656,0.03932568664424859,171.18644067796612,0.013638774391684533,8.533094882746173,27.83846153846154,12.198876404494383,0.8063087072384227,1.0024834,True,True,126.36006,10.814,10.768,10.012,7.554
6068920047753914240,203.03271676081656,-53.013065430288336,0.05689426644670417,100.0,0.01592806495985682,12.00636960355318,11.42842105263158,3.6190000000000007,1.1251016016771904,1.0375826,True,True,56.303226,11.582,11.38,11.208,8.901
6077667521752476672,188.58662810208665,-53.50057558623119,0.19768255459160827,700.0,0.01,10.698111260382493,54.285000000000004,5.684293193717278,1.507598424873928,1.1425648,True,True,25.944168,8.815,8.685,8.526,8.321
6080244330327546624,195.01318987504524,-52.59152005934417,0.19427168827115412,100.0,0.01,6.36830959322344,23.1,5.775,0.6490645584558382,1.0310441,True,True,225.60072,10.804,10.875,10.229,8.168
6071957208117270016,187.64662715151752,-56.22733174101309,0.15468985556787082,100.0,0.01,6.702590667593507,16.703076923076924,3.571381578947369,0.8163809543834851,1.122079,True,True,266.4161,11.296,11.374,10.893,8.865
6074530821240320256,187.75317247401983,-54.78159719313358,0.12391014833254256,100.0,0.01,7.104413205161076,10.644117647058826,3.502258064516129,0.4716512373054004,0.9957065,True,True,217.20387,11.319,11.382,11.165,8.888
6076071477547797632,186.54006771687597,-54.71561409194038,0.15797980693910396,100.0,0.01,7.6862836658237885,24.12666666666667,5.511167512690355,0.8940861300705186,1.1236085,True,True,140.31822,10.434,10.488,10.151,8.387
6076502795344222464,180.27307044540785,-55.50476550429257,0.04949609107884373,100.0,0.04041001900131407,9.584429679851773,4.25764705882353,4.449590163934427,0.9026041140538175,1.0267297,True,True,194.08665,12.498,12.403,12.202,8.707
6089569254082384768,212.9262175584822,-51.31608329772011,0.11797359844301569,140.67796610169492,0.029628775900825636,9.312329414443305,4.620000000000001,3.513592233009709,0.9335228935029409,0.9625499,True,True,235.36632,12.531,12.467,11.813,8.737
6090914059878512512,210.33798100042023,-49.87000977037841,0.07685202841030689,150.84745762711864,0.04041001900131407,9.336424305639127,5.374752475247525,3.705460750853243,0.7437061593234529,1.0247974,True,True,285.43192,13.25,13.178,11.995,8.891
6126265214143210112,182.26000993581815,-51.026401246820384,0.070044304701286,161.01694915254237,0.03460201435087329,10.079590042268817,5.90054347826087,3.7697916666666673,0.8924522602277916,1.0294111,True,True,217.88814,12.984,12.841,11.836,8.896
6079970483215400448,195.7136556019325,-53.346821226822414,0.17846443016926936,628.8135593220338,0.01,9.11540230410144,31.93235294117647,4.274409448818898,1.1863703865396085,1.1550475,True,True,73.78151,9.886,9.837,9.641,8.587
6090421959705940608,209.5829172033471,-50.997635308562586,0.09080956405149357,171.18644067796612,0.01,7.274013644213218,14.100000000000001,5.374752475247525,0.617985429117444,0.9625306,True,True,253.67027,11.457,11.516,10.842,8.552
6125965528499886464,185.5809398459564,-50.47625037860053,0.18862987918037663,100.0,0.01,6.866461452074001,15.07916666666667,4.191891891891892,0.4491778319957415,1.0052953,True,True,196.13934,10.868,10.937,10.817,8.798
6092533979804653952,212.76222152961745,-48.611122825278976,0.1272667712702483,171.18644067796612,0.04719290672293913,9.487022710999561,6.828301886792453,4.25764705882353,0.8562973357243884,0.9762123,True,True,298.3033,13.169,13.094,11.569,8.68
5341398767337270016,177.89665359807876,-59.23968957008753,0.05800083551383503,222.03389830508473,0.013638774391684533,10.904985948784052,18.095000000000002,5.09718309859155,1.4543667589400953,1.2790598,True,True,80.91574,11.381,11.221,10.279,8.536
5342809917458430080,172.21027575676746,-56.93103780314596,0.15122028407886562,201.6949152542373,0.1907066257401213,11.155195378250369,14.671621621621624,6.099438202247192,0.9225368536500197,1.0410446,True,True,224.82848,14.244,14.168,10.565,8.018
5335447484516589568,175.85326035920286,-60.51351075320139,0.1540399025084294,181.35593220338984,0.1398268057402531,11.681594284050092,4.957534246575343,4.679741379310345,0.9910039896618523,0.9768266,True,True,233.26498,13.93,13.902,11.412,8.535
5340753628876221952,167.84213308802063,-56.64898070953657,0.08317267406037285,191.52542372881356,0.07516916839274382,10.387693577692264,12.063333333333334,5.145497630331755,0.8108931368126008,1.0885843,True,True,275.02887,13.672,13.587,11.394,8.801
5342905029533423232,172.55459761417117,-56.50155676110695,0.048667187603536693,171.18644067796612,0.1398268057402531,10.78302891423097,6.275722543352602,4.741048034934498,0.8869390370564696,0.9924487,True,True,296.1491,14.211,14.185,11.644,8.581
5240226895655838208,166.10615273365474,-65.4226084176533,0.038250690136278576,211.864406779661,0.04041001900131407,11.894276624571717,16.9640625,4.1125,1.480502577688448,1.2536321,True,True,116.38491,12.907,12.779,11.098,8.954
5340727717306892928,167.18738611103475,-56.98704386837748,0.046396601677769406,191.52542372881356,0.1907066257401213,12.426665215663881,24.675000000000004,11.19278350515464,0.9392844513863696,0.9842481,True,True,133.07478,13.738,13.585,10.45,7.848
5239927961609543040,160.03943415992634,-63.71681587541442,0.14961952542041715,211.864406779661,0.07516916839274382,11.001452024206895,16.703076923076924,4.274409448818898,1.1419297256779868,1.0579585,True,True,209.7532,13.47,13.273,11.106,8.742
5240594063822176896,167.43326177969774,-64.21773382803043,0.1798670623415188,100.0,0.01,6.93974174051949,23.60217391304348,4.912669683257919,1.1718211103165224,1.0086602,True,True,181.85182,10.614,10.683,10.322,8.481
5335532043832707840,176.96247683029435,-59.83463358276333,0.17353667609925588,201.6949152542373,0.22271704449600335,10.608538462580842,8.416279069767443,9.047500000000001,1.0602414453926392,1.062426,True,True,236.68117,13.471,13.354,9.86,7.302
5336276589352532864,174.25466065934376,-59.87023887203736,0.08082440513212233,100.0,0.01,7.368289676705992,11.42842105263158,3.6311036789297666,0.5899170029655969,1.0335739,True,True,243.54054,11.571,11.684,11.29,9.005
5339930678784333568,169.09458974118652,-57.12299042476312,0.03235636791992731,181.35593220338984,0.021723928448358305,8.63473621003686,12.479310344827589,3.5250000000000004,0.853901785096169,0.99592274,True,True,279.799,12.596,12.618,11.326,8.825
5343565801654201216,179.9290395163043,-56.73459635202309,0.14828664873996628,638.9830508474575,0.01,8.432161972850293,27.83846153846154,4.081578947368421,1.4304899915599651,1.10363,True,True,100.83312,10.193,10.18,9.87,8.853
5239890204583783680,159.61445934794256,-64.23006923180658,0.03959790281470874,120.33898305084746,0.021723928448358305,10.407047658910692,14.476000000000003,5.567692307692308,0.9700786806443933,1.011493,True,True,103.35152,11.732,11.621,11.237,8.321
5241160277958061056,162.21528235991346,-64.08724014893923,0.16700863569179378,659.3220338983051,0.01,8.700137830035,45.237500000000004,4.825333333333334,1.2637014367736965,1.0448748,True,True,80.65432,9.732,9.738,9.501,8.545
5241036685968414720,166.2552650059258,-62.43024665525796,0.14647747255408636,100.0,0.01,7.4777199732479085,12.337500000000002,13.080722891566266,0.8340893380879191,0.8231331,True,True,66.09987,8.749,8.81,8.397,6.585
5241700103785177728,163.93524081401767,-62.89189656741018,0.19593737485190954,700.0,0.01,8.615113774224634,51.7,8.972727272727274,1.4427475082772596,0.8751328,True,True,39.457798,8.222,8.207,8.061,7.727
5241317160188991232,163.531623546514,-63.217133884718194,0.19166802167710398,242.3728813559322,0.26010046434689327,11.157247868710805,15.29154929577465,6.099438202247192,1.0010006338195097,1.0517426,True,True,283.9671,14.371,14.266,10.256,8.179
5241612108527113088,161.2589210787633,-62.350370845109865,0.0739106427429235,181.35593220338984,0.021723928448358305,8.012095520143808,14.476000000000003,5.744444444444445,0.8617892216638484,0.98700184,True,True,279.42438,11.992,12.093,10.891,8.316
5255547868634300288,154.75566747564216,-58.51445258846242,0.05654298310018633,262.7118644067797,0.03460201435087329,9.943728635716436,16.9640625,4.096981132075472,1.043149627965862,0.9672062,True,True,148.33795,12.073,11.934,10.092,8.332
5252780672744239872,152.87512506069336,-63.03151765306647,0.17386851358286107,354.2372881355932,0.01,8.320225145310197,31.02,5.684293193717278,0.906668809108896,0.9682847,True,True,155.05457,10.96,10.988,10.364,8.823
5252823210101585152,151.53312688909708,-62.78198655833731,0.09229167590100026,191.52542372881356,0.018601616690726987,9.30176139814785,11.55,5.1947368421052635,1.3669875906299735,1.0457587,True,True,176.06682,11.927,11.824,10.803,8.554
5254105000170646912,159.49696332339386,-61.18665316733807,0.1330368324235703,242.3728813559322,0.01592806495985682,8.970284035642617,11.07857142857143,6.701851851851853,0.899856973069797,1.0081989,True,True,141.28036,11.098,11.075,9.8,8.033
5256232520782648960,148.92181187887746,-60.96180813565716,0.06955382063421602,191.52542372881356,0.029628775900825636,9.9177261281042,11.19278350515464,4.4679012345679014,0.8485324983260101,0.9865013,True,True,206.16853,12.751,12.653,11.289,8.816
5256155554963346048,148.8052709696407,-61.34012200896525,0.13648293810846182,161.01694915254237,0.04041001900131407,9.632457492263525,7.335810810810812,4.241015625,1.0116064444818482,1.006892,True,True,262.4647,12.917,12.815,11.645,8.722
5254098609258803328,160.04823575406013,-61.08650603843872,0.07985248830273717,211.864406779661,0.0877864361381346,9.657844984096037,17.798360655737707,9.047500000000001,0.8801007906237027,0.98571,True,True,231.73253,12.842,12.855,10.06,7.694
5255125450010541696,154.14629573666724,-59.30254853001819,0.1727222962090536,181.35593220338984,0.26010046434689327,10.689375766518452,6.7856250000000005,6.4625,0.8956367623039924,1.1004668,True,True,287.76346,14.186,14.355,10.537,7.743
5259667738678079232,150.84196636473075,-56.85367876441662,0.13610923795550248,171.18644067796612,0.1398268057402531,10.042295238888444,3.559672131147541,5.483333333333333,1.1326070731472047,0.94718236,True,True,227.15555,12.924,12.844,10.435,7.343
5252536993480557184,153.4929740273767,-63.664784327151125,0.05204410504288904,211.864406779661,0.04041001900131407,11.05381392218729,18.71896551724138,4.659656652360515,1.0403958326120935,0.99055123,True,True,152.54965,12.924,12.845,11.037,8.909
5254535184075088256,158.5511187717625,-59.42014289565081,0.1278637137231903,242.3728813559322,0.10252153289191773,9.995604411580594,8.616666666666667,6.660736196319019,1.0472122819936363,0.9938992,True,True,198.53648,12.638,12.587,9.654,7.62
5256817117375277440,149.7333533615305,-59.20218748626513,0.04208514235444496,191.52542372881356,0.029628775900825636,8.886819677865839,10.146728971962618,7.983088235294118,0.9181226296107194,0.97046715,True,True,192.23146,11.909,11.887,10.412,8.005
5258464117054008192,150.91966337783262,-58.27758452923951,0.1884138521938176,140.67796610169492,0.01,5.860161556452663,5.567692307692308,7.700000000000002,0.7341144788080535,0.8715058,True,True,203.31447,10.527,10.602,9.734,7.45
5259337915248532992,150.5100147791095,-56.93766583318803,0.05745273714390971,201.6949152542373,0.04041001900131407,9.631239272715767,6.204000000000001,5.4285000000000005,0.9884425995684007,1.0422071,True,True,163.29051,12.038,11.938,10.157,7.817
5299632508149238400,137.1948317904086,-61.51713039329298,0.1668914638175367,181.35593220338984,0.22271704449600335,12.840356733278323,6.065363128491621,3.730927835051547,1.4062371109421714,1.2929974,True,True,224.71841,14.73,14.679,11.754,8.774
5257860656974998528,148.24575646185338,-58.181886999000525,0.048470348628224615,171.18644067796612,0.0643653407681979,10.55344836490309,5.59639175257732,5.71421052631579,0.8162781613856099,1.1559136,True,True,161.7197,12.812,12.683,10.973,8.047
5254166538444714752,161.4654943237287,-60.81882490851356,0.12755619989711553,100.0,0.01,10.074628490544129,14.476000000000003,7.810791366906475,1.3546096367746314,1.0343796,True,True,27.150967,8.626,8.484,7.927,6.311
5258243905494881536,151.6345419985662,-59.361473814796994,0.1007384430032123,211.864406779661,0.04041001900131407,11.06164550906008,13.743037974683546,9.523684210526316,1.5072512396143758,1.1774019,True,True,83.13588,11.487,11.361,9.756,7.54
5258182916961300864,152.44578505024666,-58.99704006988613,0.040838967560723645,161.01694915254237,0.07516916839274382,9.09908201211582,9.27948717948718,6.58,0.8492280319988457,0.9768035,True,True,298.84225,13.059,13.033,11.087,8.03
5259923684376541568,150.0544128959643,-56.52545972498138,0.15579417887166552,211.864406779661,0.11972993971380404,10.781288382923975,8.899180327868853,6.3122093023255825,1.118844575082977,1.0869802,True,True,175.16185,12.83,12.782,10.064,7.672
5332448227281009664,179.73320929525838,-65.01329958199676,0.13738768734797163,100.0,0.01,6.559690898906741,9.123529411764707,3.8228873239436627,0.4670101355051898,0.9739242,True,True,299.4851,11.44,11.505,11.109,8.784
5333703388502241280,171.41597233433225,-63.51195057415729,0.1338098843258722,242.3728813559322,0.1398268057402531,10.546952744643821,12.063333333333334,3.5250000000000004,0.9446598204100262,1.0822204,True,True,189.70477,12.918,12.871,9.633,7.642
5334704562603781888,179.55462202732392,-61.929730508980185,0.06123195574283722,191.52542372881356,0.03460201435087329,8.416073112745032,11.80108695652174,6.701851851851853,0.8565104448297902,0.9523653,True,True,279.77917,12.426,12.518,10.654,8.167
5334091928438245760,175.02363108791545,-62.646789041667,0.12717083451576536,201.6949152542373,0.0877864361381346,9.59674743413953,5.71421052631579,4.308333333333334,0.9754416107852487,0.998963,True,True,229.33826,12.657,12.585,10.132,7.711
5333743967355737344,170.94581765565263,-63.57086830299043,0.07487385920731539,171.18644067796612,0.01592806495985682,7.648097993487522,7.700000000000002,4.1125,0.6271575663476846,1.0611789,True,True,295.02295,11.998,12.146,11.039,8.494
5333880341153115904,171.64520139248577,-62.34873195778481,0.14685689772303448,211.864406779661,0.16329696356865636,9.871059798154478,8.48203125,12.772941176470589,0.9135004174541129,1.0414468,True,True,210.97269,12.594,12.564,9.316,6.869
5332689844951939584,176.84187322778217,-64.76185279499352,0.12279539275312717,679.6610169491526,0.01,9.831781850247502,35.02258064516129,5.170000000000001,1.0806244095529707,1.1018828,True,True,55.23913,9.773,9.684,9.47,8.63
5333784065165005056,171.18145262045283,-63.19658084186241,0.19338973014133123,181.35593220338984,0.021723928448358305,11.425800725307642,5.049767441860466,6.349122807017544,1.5441465245585413,1.0870165,True,True,59.944626,10.64,10.502,9.719,7.432
5335383785900142976,176.6450505145944,-60.71488311817717,0.1965365798696354,201.6949152542373,0.025370325336541884,7.9409555952980515,15.734782608695653,8.163157894736843,0.9174304150677854,0.969821,True,True,249.66432,11.615,11.613,10.242,7.827
5338334428429169664,163.8025854019894,-60.037976905565536,0.058956219457203765,181.35593220338984,0.07516916839274382,9.548965929678518,9.20084745762712,8.755645161290323,0.8715792172907645,1.2306957,True,True,201.26257,12.602,12.54,10.294,7.594
5339098314151486592,169.96050801486209,-59.74525562689512,0.1979335588346978,344.06779661016947,0.01,6.712773135865718,12.624418604651165,3.536482084690554,0.6195534945439006,0.98824465,True,True,262.37314,11.272,11.382,10.563,8.792
5339510557932605440,168.3306814145643,-58.474890269792,0.14270420480332607,242.3728813559322,0.04719290672293913,8.528514176378819,14.100000000000001,4.980275229357798,0.9638846419728737,0.96456474,True,True,285.83234,12.399,12.473,10.015,8.108
5338265429734934016,162.21759561474548,-60.49302115391399,0.0293760121527038,211.864406779661,0.018601616690726987,6.128187146480489,7.050000000000001,3.730927835051547,0.6203532061881492,0.7705128,True,True,152.58891,9.872,9.932,8.062,5.83
5351880858331178624,157.30605436583355,-56.63821535163826,0.06084627419950678,171.18644067796612,0.1907066257401213,11.638228008143203,3.5831683168316837,7.385714285714287,1.001193863850829,0.9908302,True,True,159.00032,13.47,13.518,10.462,7.497
5350796430639733120,159.4852524383227,-58.10116421718724,0.11163689353662327,232.20338983050846,0.3037587523063755,10.962177525570793,7.700000000000002,4.761842105263158,1.076963831861916,1.0699774,True,True,138.99843,12.6,12.472,8.341,6.139
5338467950377459712,166.23585930633763,-60.10243433117845,0.15709636924784554,100.0,0.04041001900131407,11.425310933075302,6.204000000000001,6.871518987341773,1.0690876128854376,0.97788244,True,True,70.092026,11.814,11.667,11.346,8.093
5339576498604171648,167.8762169428122,-57.60788155520252,0.0474275525628224,171.18644067796612,0.07516916839274382,10.911650611681782,15.51,7.238000000000001,0.8277748450211745,1.1067544,True,True,178.19876,13.241,13.154,11.126,8.339
5338952590144040448,163.76160047723914,-58.36588480394174,0.0856952360812296,232.20338983050846,0.10252153289191773,13.213890594269238,11.55,5.684293193717278,0.9285397564213883,1.0695803,True,True,82.61412,12.992,12.947,10.298,8.256
5350821135292898816,159.92234236183583,-57.6550591541482,0.05454061899469349,191.52542372881356,0.0643653407681979,11.34589555776612,9.27948717948718,10.052777777777779,1.1431998892680695,1.1140016,True,True,83.200874,11.937,11.84,9.705,7.162
5334925908041588352,175.52051828834544,-61.46327772313703,0.09780644072792266,100.0,0.01,7.060163946357972,8.287786259541985,5.455778894472362,0.5890755537861944,0.94861686,True,True,173.34807,10.688,10.779,10.547,8.364
5351628413023072640,158.11207231753673,-57.3511729076396,0.03213529068094671,181.35593220338984,0.01592806495985682,6.27958097827041,13.240243902439024,13.080722891566266,0.48793143647958387,0.8754953,True,True,235.06123,10.943,11.056,9.603,7.009
5351846288122070272,157.05667174640726,-56.963580505426926,0.16253982152901114,700.0,0.01,8.045363010791082,21.714000000000002,6.065363128491621,0.9865042737740262,1.0374627,True,True,69.72559,9.11,9.149,8.892,7.887
5352026028234300032,159.07399561211218,-56.53608602857881,0.07159844317438271,201.6949152542373,0.03460201435087329,8.26296717697289,8.10223880597015,6.58,0.6880707718476932,0.959398,True,True,247.13142,12.194,12.225,10.264,7.802
5350795365487851520,159.6064443143807,-58.13696211118502,0.036905955287229585,283.0508474576271,0.013638774391684533,5.719859898929614,11.674193548387098,12.063333333333334,0.4779470218277854,0.9010288,True,True,199.13501,10.398,10.429,8.436,6.799
5340552933649782144,164.03147890165656,-57.03269847964913,0.09901537824324874,191.52542372881356,0.0643653407681979,8.880513830005798,13.91923076923077,7.142763157894738,1.0442785514017916,0.98161983,True,True,297.83795,12.766,12.759,10.616,7.988
5352106086427107456,160.00493677145857,-56.5962208644872,0.12470458188972888,100.0,0.021723928448358305,7.84403974400491,6.828301886792453,4.7,0.7485607428519827,1.0319419,True,True,241.09758,11.63,11.769,11.682,8.518
5340475727313600512,165.38295393193476,-57.338710738382574,0.04992041697851076,201.6949152542373,0.11972993971380404,10.48440036455729,15.966176470588236,7.436301369863015,0.953339171393397,0.9166342,True,True,248.82243,13.704,13.58,10.782,8.323
5338921911223954176,165.11351919956022,-58.25693992094389,0.17956490202745962,100.0,0.01,4.72328009617908,11.309375000000001,12.479310344827589,0.6710725762833745,0.7568942,True,True,238.77463,10.172,10.224,9.942,7.213
3374434926909104000,91.45972376564046,19.074810028253932,0.06626877661648453,171.18644067796612,0.16329696356865636,12.972541838235406,6.204000000000001,4.679741379310345,0.9604702739764176,0.92738146,True,True,114.47626,13.663,13.522,10.95,7.985
3169911749665277952,110.90485856721224,17.562436343298696,0.01899723031755344,110.16949152542372,0.04041001900131407,9.437812843831493,4.60042372881356,3.976923076923077,0.8523439101390926,0.9563289,True,True,171.4634,12.123,12.02,11.681,8.134
3373370290416125952,93.52293609166898,18.1073545008203,0.09093681723049836,201.6949152542373,0.22271704449600335,12.212931798582282,8.826829268292684,4.486363636363637,1.0839241545518934,1.069897,True,True,171.08646,13.858,13.723,10.467,7.843
3344982794269858048,93.79840800178197,14.889762358420386,0.041654539796932094,150.84745762711864,0.01592806495985682,9.089229588815442,9.960550458715597,4.1125,0.7759391237382983,1.0739583,True,True,135.3214,11.401,11.332,10.686,8.077
3346064370113810816,92.86191574320767,16.222849750798723,0.10158728622255976,100.0,0.01,6.143110077172031,6.133898305084747,3.536482084690554,1.7549837416913925,1.2440845,True,True,285.19006,11.119,11.152,11.05,8.292
3364603098229892352,103.4190794283458,18.606090401378964,0.03068199081099972,161.01694915254237,0.10252153289191773,10.59811940012308,7.335810810810812,5.244927536231885,0.948394031897032,1.0948479,True,True,189.2379,13.198,13.0,11.073,7.845
662037533297500160,126.58344671302686,17.21826254127811,0.056670709979171625,140.67796610169492,0.01592806495985682,7.12693043654291,7.436301369863015,4.720434782608696,0.6713452272259772,1.0406433,True,True,237.1809,11.448,11.515,10.792,7.836
3373273400250067200,92.44668158552982,17.464815535496225,0.15562336262753784,222.03389830508473,0.0877864361381346,9.586306559294618,10.540776699029127,3.7829268292682934,0.8624932662646723,1.1274942,True,True,248.24373,13.175,13.186,10.161,7.999
661274918904769536,129.6556031016689,19.411270805419985,0.15643891153222955,130.50847457627117,0.10252153289191773,11.009329264165586,4.208139534883721,5.170000000000001,0.9262341858663391,1.0468928,True,True,114.931625,12.584,12.436,10.958,7.265
3373228968811381504,92.73039725367158,17.47363529540572,0.05613543881584962,161.01694915254237,0.01,5.843737713108796,15.51,5.9327868852459025,1.745365572388337,0.85271525,True,True,122.30383,9.361,9.424,8.448,5.83
3345876761644676736,93.3055722212413,15.943720737815978,0.10074087957261493,100.0,0.01,6.445595767972883,7.700000000000002,4.542677824267783,0.43481506391538166,1.2054048,True,True,213.3952,10.831,10.907,11.01,7.968
3346013169806920320,92.13206856541264,16.01841618436641,0.14228156754191632,232.20338983050846,0.1907066257401213,11.23239931082567,10.540776699029127,3.796153846153847,0.8164181884564351,1.0650672,True,True,238.76526,14.271,13.984,10.47,8.309
3360565073057309824,107.9544464174825,16.680610764247646,0.023306009374644807,130.50847457627117,0.021723928448358305,9.130689830584089,7.385714285714287,4.395546558704454,0.9966273096117972,1.2226436,True,True,156.85683,11.727,11.633,11.162,8.177
3364202360602005376,104.17420648732497,17.248471688528067,0.04406182769472486,150.84745762711864,0.01592806495985682,8.822930241110981,6.065363128491621,3.536482084690554,0.6575740133681369,0.92482513,True,True,187.6805,11.811,11.744,11.225,8.444
3373237661824669568,93.06553244932633,17.456166351976837,0.1565445633189367,222.03389830508473,0.16329696356865636,10.892724465163445,14.100000000000001,4.782819383259913,0.8760646713629964,1.0128238,True,True,204.3841,13.683,13.478,10.208,8.007
659477217391773696,130.2302942971077,18.583007876255103,0.09647394143386462,161.01694915254237,0.01,7.553337908597979,10.052777777777779,3.559672131147541,0.9300396822641396,1.0772494,True,True,187.0171,11.051,11.101,10.47,8.272
663169480517498368,125.22757000645584,18.51412573811009,0.045305981771965154,110.16949152542372,0.025370325336541884,7.587194672699601,4.4679012345679014,3.655555555555556,0.7183935290839011,1.0351408,True,True,274.99365,11.855,11.888,11.674,8.228
3358182564503700224,103.81834816126408,16.864192676260245,0.11338260772942713,100.0,0.01,9.808535810653577,15.29154929577465,4.128136882129278,1.5335252723065995,1.1616936,True,True,62.701862,10.206,10.062,9.897,8.235
439221020893516416,45.05756525252666,49.31037537517109,0.05575499943200694,100.0,0.011678516340565069,6.759729051011428,6.915286624203822,4.036059479553903,0.5628560020548741,0.98018885,True,True,225.37897,11.007,11.058,11.111,8.18
258443098626568576,68.49061692076287,48.91817476531371,0.15655811469055306,201.6949152542373,0.1907066257401213,12.44663564951223,8.163157894736843,4.128136882129278,0.944347694424732,0.945808,True,True,168.78804,13.861,13.732,10.775,8.264
211093592446597376,85.97948989815328,49.27383986050268,0.08232692953481506,100.0,0.01,5.781913781668083,14.285526315789475,6.540361445783133,0.6796573551052432,0.9305756,True,True,227.38376,10.603,10.647,10.515,7.78
250877496554661376,59.58414674117198,51.288340480297705,0.0657776789778642,140.67796610169492,0.029628775900825636,9.12924263327407,5.348275862068966,4.63974358974359,0.7831785568567491,1.0101181,True,True,229.90683,12.433,12.359,11.703,8.539
251317473003817216,57.75634202297247,51.517391994163845,0.08391820545555845,171.18644067796612,0.04719290672293913,8.430306047721842,6.701851851851853,6.424260355029586,0.7101824910356742,1.0675678,True,True,258.68997,12.157,12.179,10.519,7.585
250887598317416320,58.99834698693712,51.27164625666364,0.08459630040365516,161.01694915254237,0.01,7.700758365827962,13.403703703703705,4.561764705882354,0.8382722141060948,1.3942404,True,True,182.44658,10.982,10.995,10.441,8.174
250898730872913792,59.3112726670424,51.5305238980882,0.042888388500689635,181.35593220338984,0.03460201435087329,8.782829135516849,9.047500000000001,3.8637010676156582,0.7539625571624488,1.1051172,True,True,296.18344,12.892,12.852,11.202,8.563
250884471581640832,59.14893508300768,51.19219225853711,0.1902084966100455,100.0,0.01,8.056436575660971,19.387500000000003,3.9336956521739133,0.6901316880922582,1.1444874,True,True,128.7579,10.483,10.514,10.202,8.615
251272599185908224,58.25279931032211,51.24240687987413,0.09617284815287847,181.35593220338984,0.10252153289191773,10.616298086139157,9.607964601769913,7.286577181208055,0.8302839881657014,1.0248778,True,True,200.0853,13.124,12.984,10.725,7.836
214941191652972416,89.0719102621621,51.98990291217406,0.1957895232264306,700.0,0.01,9.076859224709843,47.20434782608696,5.9327868852459025,1.2721063798328316,1.2085894,True,True,36.210903,8.442,8.368,8.257,7.869
273940921178354688,69.12542249854516,54.57962995010864,0.1768769445915099,130.50847457627117,0.01,5.851174479319749,10.340000000000002,5.073364485981309,0.9107538579231446,1.0634108,True,True,281.67993,10.951,10.982,10.519,7.958
247059579867356672,60.2513608175741,49.12820148161647,0.16071724826589995,700.0,0.01,9.286989929075029,41.75769230769232,4.720434782608696,1.6874257198126825,1.035127,True,True,44.78356,9.01,8.913,8.802,8.245
275539611083865344,66.95377102061113,54.684916571300064,0.055962915023685195,161.01694915254237,0.025370325336541884,9.069347625676912,7.983088235294118,4.051119402985075,0.7436186358915677,1.07936,True,True,200.04941,12.299,12.186,11.091,8.368
271495091923795072,64.96807323798787,50.88327448720268,0.11333038265492046,120.33898305084746,0.0877864361381346,7.962968189216739,6.959615384615385,10.052777777777779,0.6384696428107305,1.0263761,True,True,268.5949,11.918,11.977,11.018,6.804
444210089264492800,58.37321373726476,53.48901736772257,0.19119901430086153,211.864406779661,0.0643653407681979,10.74871572767574,7.755,3.976923076923077,0.9862199093496513,1.0230384,True,True,170.33318,12.729,12.562,10.522,8.181
275542836603642496,66.9361929206012,54.71587547184795,0.197401145412578,150.84745762711864,0.4142897092206239,12.538401211906697,4.561764705882354,3.9624087591240875,0.8079943722552125,1.0391371,True,True,252.4808,15.475,15.323,11.598,8.29
444276025602172544,58.11909162286613,53.76825279228393,0.13636619333304986,161.01694915254237,0.11972993971380404,10.502485303630966,4.561764705882354,3.6432885906040275,0.9585502863807013,1.0067602,True,True,279.35583,13.708,13.588,11.55,8.281
459947708431345024,46.72452664569095,56.085119396860286,0.09752100246501287,211.864406779661,0.018601616690726987,8.33377979183441,13.91923076923077,6.50119760479042,0.8029014059400823,1.0759705,True,True,184.28706,11.304,11.314,9.957,7.82
251638800979951872,58.90785265261293,51.31508313402543,0.09602365870351212,191.52542372881356,0.26010046434689327,11.74661186369395,8.042222222222222,4.890540540540541,0.8808044564596647,1.0503246,True,True,271.82214,14.591,14.502,11.067,8.288
250666974439032832,61.35937949076185,50.81581270202398,0.14743919833193814,171.18644067796612,0.03460201435087329,9.186541550388975,6.915286624203822,4.051119402985075,1.1711496083822934,1.17676,True,True,253.4137,12.587,12.456,11.232,8.439
272101811883235584,67.81480448547187,52.79389099605829,0.17000879513359382,191.52542372881356,0.1907066257401213,11.162733351371632,9.047500000000001,4.191891891891892,1.0463691951740706,0.94673187,True,True,284.11838,14.145,13.984,10.89,8.194
247685133264868352,61.76677985180502,50.82483872762428,0.11519502745799046,171.18644067796612,0.0643653407681979,11.293085828889048,4.7,3.6311036789297666,1.0297611354102478,1.0400612,True,True,155.90593,13.041,12.913,11.316,8.379
275445774638815872,65.98360896750063,53.949273226940406,0.048845392446533464,161.01694915254237,0.1907066257401213,12.187029268908347,6.239655172413794,5.049767441860466,0.9520421844028745,1.0182189,True,True,163.57237,13.945,13.832,11.286,8.044
251746694856706304,59.26179085972754,52.17553049937059,0.12326671681922588,201.6949152542373,0.025370325336541884,8.569014930792683,12.063333333333334,4.63974358974359,0.8558975230408175,1.0007803,True,True,260.2709,12.145,12.153,10.718,8.39
444638658283987072,59.04390741710408,55.07767269863262,0.19957871790371673,700.0,0.01,7.790616618642531,26.48048780487805,4.504979253112034,0.7311955142334283,1.0257578,True,True,96.022736,9.745,9.762,9.59,8.417
275283527955406208,64.9277719474522,52.91595733911774,0.12930246369039206,161.01694915254237,0.03460201435087329,9.657392017345478,6.50119760479042,3.548039215686275,0.849792206140895,1.006813,True,True,194.18076,12.261,12.18,11.139,8.317
275381105315083264,64.85684368646211,53.71213215076291,0.11506917487329336,161.01694915254237,0.04719290672293913,9.939912649278318,4.9350000000000005,3.8913978494623658,1.42775323526619,1.0620707,True,True,176.2038,12.305,12.18,10.867,7.992
448366827332791808,54.1736230504814,56.23246700235206,0.13857524489883638,181.35593220338984,0.01,6.966506583040695,12.337500000000002,4.360240963855422,0.6862018646809845,1.0257096,True,True,281.64697,11.36,11.392,10.678,8.405
252058853079711872,58.74197081781245,53.433363811671526,0.05995492254689882,181.35593220338984,0.26010046434689327,11.631719983273008,12.624418604651165,7.592307692307694,1.0170022173733009,1.017147,True,True,158.4378,13.616,13.417,9.971,7.271
271889438640757248,64.4433262113923,52.3310187294836,0.11971353197983291,181.35593220338984,0.11972993971380404,10.216557006914169,8.163157894736843,4.413414634146342,0.9408364219288253,1.0113236,True,True,279.5959,13.545,13.396,11.029,8.096
448462759723173248,51.50823459509604,55.6458898088095,0.09553273139735621,161.01694915254237,0.01592806495985682,8.423237226382794,6.871518987341773,3.606976744186047,0.9037314326623386,1.0435611,True,True,246.05917,11.99,12.012,11.334,8.608
279381201632539776,77.33875854246891,55.646710403068894,0.16584564221659953,161.01694915254237,0.0643653407681979,9.354598498996266,7.190066225165564,4.191891891891892,0.8384099007046091,0.9859795,True,True,265.4094,12.706,12.652,11.083,8.024
272851373874257536,68.92359556664012,53.01447185293873,0.051209613584332646,120.33898305084746,0.018601616690726987,9.786648830531966,8.10223880597015,5.0032258064516135,0.9859636802188754,0.99654436,True,True,107.46381,11.383,11.277,10.942,8.149
252042429124802560,58.80793035788968,53.27667856014839,0.1233945810019381,191.52542372881356,0.021723928448358305,8.365430397712288,11.930769230769233,6.239655172413794,0.8439727510953481,1.0311381,True,True,196.21948,11.404,11.399,10.186,7.754
444233934922667008,58.27536070087198,53.738925973192174,0.19560174166118216,181.35593220338984,0.26010046434689327,12.228037090509233,5.9327868852459025,3.559672131147541,0.9307709737670898,1.0610659,True,True,203.2663,14.589,14.592,11.147,8.222
444048220536875520,55.80172257955407,53.19771529630662,0.15515590254883377,181.35593220338984,0.025370325336541884,9.793923431345668,9.960550458715597,4.413414634146342,1.0726456237217439,1.2834135,True,True,162.28647,11.915,11.773,10.804,8.32
5175843652228486528,35.07825193987374,-10.227496703627518,0.04982507713053673,120.33898305084746,0.029628775900825636,9.177105397114163,4.782819383259913,3.6190000000000007,0.7858154678492993,1.000802,True,True,216.8136,12.381,12.321,11.857,8.562
2470720657610248448,19.361569109542973,-10.336898575785604,0.07593455100977829,140.67796610169492,0.01,10.530824358855382,14.476000000000003,3.948,1.223083484965866,1.0598624,True,True,69.03163,11.026,10.863,10.428,8.256
5173607619239332736,40.49048715742437,-10.11151612006881,0.08024498042282067,130.50847457627117,0.35474515523996636,11.259493297568651,6.660736196319019,10.146728971962618,0.8864258150618707,0.94444335,True,True,285.52145,14.57,14.385,11.729,7.594
3924371339876279808,177.8269291771774,15.115313731805175,0.12105623431596704,100.0,0.01,6.6611842134145585,9.693750000000001,3.850000000000001,0.5545050800441639,1.0123537,True,True,200.72421,10.852,10.932,10.676,8.333
612073663345730560,135.59545334289425,17.775511506339214,0.16101846713907017,700.0,0.01,10.968052650991334,37.43793103448276,5.567692307692308,1.6809716442148508,1.1444778,True,True,20.999699,8.625,8.46,8.355,7.745
606739206588734208,139.1354014301564,14.740411768092594,0.15308234504152668,700.0,0.01,9.821244427722545,45.237500000000004,5.170000000000001,1.7044021676321168,1.1257255,True,True,32.439796,8.579,8.483,8.367,7.831
3926309980739042048,178.08505418399645,16.671640568725653,0.17704580382870974,700.0,0.01,10.134718196134997,41.75769230769232,4.096981132075472,1.4561451687927434,1.3017577,True,True,28.718527,8.766,8.628,8.434,8.069
3890366498950091392,155.14144935761917,17.16379197835684,0.060864435748754296,211.864406779661,0.025370325336541884,7.583698279708028,11.80108695652174,3.8913978494623658,0.6693587120602926,0.9897388,True,True,298.73984,12.014,12.045,10.387,8.184
3926022565822978816,178.83736939929096,15.96083916702764,0.06413295295908024,161.01694915254237,0.025370325336541884,9.101595279649306,7.700000000000002,3.7181506849315076,0.8055337261430487,1.0222957,True,True,194.2132,12.261,12.126,11.115,8.362
1229640035809621888,211.7745275894249,13.007568095966215,0.12969734731458032,161.01694915254237,0.04719290672293913,10.460260584877997,7.142763157894738,4.224513618677043,1.1081945206803996,1.0175757,True,True,187.3833,12.829,12.692,11.504,8.601
1179110845084033280,217.4756749770569,11.69462311697722,0.145855865028489,150.84745762711864,0.0877864361381346,11.002918841848107,5.455778894472362,3.6928571428571435,1.0245285822044319,1.0905827,True,True,216.18663,13.913,13.673,11.932,8.737
3908646777411046528,185.3726645722517,12.66161124707268,0.09388093830139067,140.67796610169492,0.01592806495985682,9.541133755286532,10.146728971962618,4.360240963855422,1.02961716298998,0.990705,True,True,126.11172,11.617,11.499,10.913,8.25
1230206490456408960,212.94532440772957,14.13775978009968,0.08461113940776926,150.84745762711864,0.01,7.258848847768247,10.43942307692308,3.850000000000001,0.9181917168856154,0.97971684,True,True,269.13373,11.59,11.577,11.101,8.713
1184666505540509056,222.5558837946336,13.22964597980106,0.1321459322295761,150.84745762711864,0.10252153289191773,10.978133529014904,3.9336956521739133,3.655555555555556,0.9979686065641303,0.89628285,True,True,263.80966,13.939,13.751,12.195,8.728
3732612938579591680,198.99838466815947,9.856298742170129,0.06807910355458527,130.50847457627117,0.1398268057402531,11.38513098587843,4.8686098654708525,5.170000000000001,0.832987617428907,1.020196,True,True,173.66792,13.619,13.404,11.839,8.045
3736391582087219968,197.64655812782203,11.386831425793336,0.18151901144240265,100.0,0.01,10.48655218619789,20.87884615384616,3.9053956834532375,1.3298571481704953,1.1232073,True,True,50.11168,10.357,10.167,10.087,8.46
3739417850403792256,200.19059035082176,11.726481947603496,0.13760630520742165,100.0,0.01,6.629897280826274,16.45,4.7,0.576606524161237,0.95976317,True,True,191.1553,10.65,10.716,10.418,8.308
1182032384918061056,224.39679905068985,13.516473060741864,0.02227050742418612,120.33898305084746,0.021723928448358305,8.705305961016286,5.965384615384616,4.006273062730627,0.7378145134838334,1.1624954,True,True,230.74272,12.246,12.205,11.794,8.685
1179621980551988864,219.8066277811051,13.459793953727516,0.13225065512565845,150.84745762711864,0.025370325336541884,9.71694362686511,6.959615384615385,4.036059479553903,0.9171377813441057,1.0858185,True,True,170.81369,12.042,11.955,11.313,8.403
1229689513832919168,211.8976460738583,13.355798202688684,0.08900752008178986,293.22033898305085,0.01,7.233812365459966,24.12666666666667,4.291304347826087,1.1324247242074166,0.99631,True,True,210.03996,11.088,11.135,10.085,8.532
4106422183079040256,280.3562696943436,-11.788904330677024,0.09116197048104963,171.18644067796612,0.013638774391684533,10.94612891644434,11.42842105263158,5.12122641509434,1.4019103422658126,1.0768524,True,True,63.509518,11.138,11.042,10.197,8.018
4150889220758413184,272.346907283417,-11.694980038128,0.1610005045972073,191.52542372881356,0.01592806495985682,7.147426630010593,6.50119760479042,4.449590163934427,0.7798604386435202,1.1105229,True,True,285.33896,11.468,11.587,10.399,7.961
4106880512001832448,281.85649298872426,-11.163825698322796,0.19101997131601212,181.35593220338984,0.018601616690726987,6.464588563950953,16.2044776119403,10.966666666666667,0.4752843155672117,0.8821064,True,True,273.402,10.972,11.077,9.776,7.186
4106741797362667520,281.1741700300311,-11.664390431017305,0.1985362244853263,161.01694915254237,0.01,7.609057245037996,16.9640625,5.539285714285715,1.3203702138573452,0.8906329,True,True,147.05424,10.36,10.434,9.895,7.999
4147483655277005056,273.096426667491,-13.266574546849208,0.05854255987561431,201.6949152542373,0.01592806495985682,8.363038206285708,5.0263888888888895,4.5810126582278485,0.6824894314158177,1.0828607,True,True,169.67082,11.303,11.354,10.042,7.905
4105702316550814848,282.7922783347016,-12.515015138203813,0.061499354339630004,150.84745762711864,0.0643653407681979,11.475012064806702,4.890540540540541,3.680338983050848,1.1719046559700224,1.0408425,True,True,132.8193,12.923,12.871,11.482,8.254
4147670125597214080,272.0295659750767,-12.85773547455253,0.12681188093345264,110.16949152542372,0.01,9.44452022047996,7.539583333333335,6.50119760479042,1.6053594017831172,1.203644,True,True,66.84719,9.971,9.892,9.454,7.582
4105320098832131328,280.5908572574628,-13.631218912796546,0.12610913457612224,222.03389830508473,0.01,8.940012409443536,14.671621621621624,3.667905405405406,0.8133012514876917,1.2856368,True,True,136.37172,11.058,11.071,10.157,8.412
4104300469238550272,276.3338431738088,-14.229580939212294,0.19813690710465215,211.864406779661,0.029628775900825636,7.711701169851863,6.204000000000001,4.4679012345679014,0.7359994358501106,1.0272287,True,True,261.9542,11.464,11.633,9.905,7.681
4153797527776344960,273.18226575086464,-12.25013390799798,0.05492147103114011,252.54237288135593,0.1398268057402531,11.105216210924393,10.966666666666667,4.9350000000000005,0.9269585344935871,0.99491376,True,True,149.176,12.928,12.792,9.432,7.543
4103603211427121408,280.5981686263853,-14.159957550193177,0.16515269287947448,140.67796610169492,0.025370325336541884,8.29502438073122,4.021111111111111,3.8775,0.7390822548944249,0.97401637,True,True,290.74036,12.134,12.233,11.476,8.387
4193541200930148480,296.6384757928179,-9.888041160696208,0.0460415062932234,191.52542372881356,0.025370325336541884,7.83338866215578,8.899180327868853,3.8913978494623658,0.6942799030052004,1.0462397,True,True,288.44012,12.15,12.068,10.685,8.221
4189472728736232704,299.4647956227715,-10.886060047405604,0.15829629639129278,700.0,0.01,10.928966201502243,45.237500000000004,4.5810126582278485,1.879465505236462,1.2086467,True,True,24.063221,8.662,8.48,8.33,7.998
4199545908827283584,286.7234523495891,-10.27831826817482,0.02760611668589971,222.03389830508473,0.029628775900825636,7.629215054810597,47.20434782608696,18.71896551724138,0.6573037194768251,1.0043501,True,True,119.25357,10.082,10.091,8.166,6.049
4193463101244283008,297.1638665304792,-10.205442268065696,0.1979962416814265,100.0,0.01,8.254262723584189,20.48490566037736,3.5831683168316837,0.8533130402300564,1.1242458,True,True,93.120705,10.063,10.043,9.926,8.201
6901426168753269248,310.04583195945065,-10.821424132966754,0.06244643305436439,181.35593220338984,0.10252153289191773,11.824315327404733,10.857000000000001,6.620121951219512,1.0973310823019626,1.0373942,True,True,115.62521,12.842,12.658,10.449,7.673
1314431039650158080,251.44744884702527,33.44129364094235,0.15494611521025903,700.0,0.01,10.020529347594954,36.190000000000005,4.006273062730627,1.254804458551146,1.2132893,True,True,38.342262,9.294,9.156,9.005,8.483
1288599560144625152,226.41273063223508,31.641398872173934,0.08917512942089924,191.52542372881356,0.0877864361381346,10.814177406410078,13.571250000000001,5.244927536231885,0.8879846917766029,1.0027175,True,True,211.45537,13.647,13.275,11.098,8.49
1322514541766841856,244.0694810779632,32.34178887080617,0.1785241817090786,700.0,0.01,8.963256723990895,45.237500000000004,5.744444444444445,1.0683820335294327,1.1840123,True,True,44.256927,8.858,8.784,8.668,8.072
1288878556922778368,225.63915309533988,32.241295939656524,0.17101950889645376,100.0,0.01,7.086152607502527,15.966176470588236,3.730927835051547,0.8984794577915872,1.2263851,True,True,222.59186,11.236,11.286,10.871,9.069
1322459536117148288,242.74861406993483,32.07318427860717,0.05817367660294352,120.33898305084746,0.01,5.0081991108521215,16.9640625,12.479310344827589,0.8089201764507996,0.9708899,True,True,277.38577,10.614,10.662,10.26,7.065
1322945211019342592,240.7618172413248,31.781151342595344,0.17487208976666344,618.6440677966101,0.01,9.677870572780565,31.93235294117647,3.9336956521739133,1.99164222495291,1.1495645,True,True,69.18464,10.089,9.945,9.778,8.781
1327801135403520768,247.94128801508245,35.6280899873098,0.18654173920266595,100.0,0.01,10.494069824552078,18.095000000000002,3.502258064516129,1.1035582346663293,1.0862037,True,True,52.701046,10.462,10.297,10.207,8.543
1369147926568803968,236.4558709947161,30.61020107097088,0.14735017001003559,700.0,0.01,9.741832968954803,32.9,3.705460750853243,1.0591675921516415,1.1678594,True,True,57.22927,9.985,9.833,9.656,8.999
1335782215432002944,261.9337157004953,34.88158884487336,0.17278378041451037,700.0,0.01,9.251291839416162,47.20434782608696,5.322058823529413,1.2960811327373294,1.3292384,True,True,48.66481,9.054,8.92,8.777,8.458
1338347479138944896,257.7824383787417,35.56986185341058,0.1832310029761493,700.0,0.01,7.848253170004847,33.928125,4.1125,0.7752457530690235,1.2536278,True,True,88.839676,9.532,9.566,9.421,8.472
4600320680265838208,261.509833752055,31.998580548089617,0.15537355724862095,232.20338983050846,0.0643653407681979,10.071435012895597,19.740000000000002,5.1947368421052635,0.9088236782545555,1.0096431,True,True,225.12794,12.817,12.635,10.44,8.304
4599748934219671680,259.9219786077577,30.427429263397773,0.12376048981811699,171.18644067796612,0.013638774391684533,10.322049985732223,12.624418604651165,3.948,1.1928985332381683,0.98276335,True,True,112.93418,11.632,11.507,10.977,8.64
4600107443729969792,261.76636368755754,31.57685541876977,0.1966025826608267,496.6101694915254,0.01,10.799695377441353,23.1,3.548039215686275,1.4642543848329561,1.2084243,True,True,53.419144,10.346,10.162,9.985,8.747
1371107973547799168,235.84896102174895,34.15905952430994,0.09888318260946487,150.84745762711864,0.11972993971380404,10.782064086040572,5.6546875000000005,4.1438931297709924,0.9922520211276638,1.2104805,True,True,280.1203,14.109,13.929,12.016,8.686
3953639579197683456,185.95822019260063,22.53761628287234,0.06326606354056197,140.67796610169492,0.22271704449600335,12.310042474257514,5.2960975609756105,6.50119760479042,0.9531904806862919,1.0407728,True,True,162.62732,14.046,13.794,11.593,7.797
1442675017896531840,200.51799621853525,22.26336204613945,0.05272425369050343,100.0,0.04041001900131407,8.824040056467057,4.620000000000001,4.620000000000001,0.7494643208144194,1.0544673,True,True,196.4403,12.075,12.008,11.79,8.254
1251430569566084352,206.66933350390207,23.1011639057852,0.06834311109971937,100.0,0.07516916839274382,9.53713862757241,4.486363636363637,8.042222222222222,1.0999745247490125,0.980635,True,True,179.6669,12.292,12.16,12.034,7.74
1241486071008645632,221.70442930212397,21.84158933850356,0.10750015202134146,161.01694915254237,0.03460201435087329,11.500296316792477,7.983088235294118,3.595033112582782,1.1077745023562442,0.9833326,True,True,128.1213,13.048,12.848,11.669,8.928
3954959680345736192,192.86917710080488,22.118420139488723,0.14780870433377477,700.0,0.01,10.359230340633038,41.75769230769232,4.325498007968128,1.170577106743422,1.2103244,True,True,34.562244,9.251,9.101,8.955,8.483
1254153853709634176,214.0905920416112,23.8567615407157,0.13227816317164207,130.50847457627117,0.029628775900825636,9.920440285679845,6.4625,3.705460750853243,1.003590313920205,0.97356105,True,True,190.1022,12.432,12.293,11.809,8.669
1256838654946061056,210.41265552663256,23.183239054356317,0.020129116132192097,120.33898305084746,0.03460201435087329,10.257657417859633,6.424260355029586,4.191891891891892,1.0952171796109296,1.119624,True,True,135.48734,12.194,12.044,11.625,8.3
