source_id,ra,dec,rmse,t_ds,gamma,M_G,snr3,snr4,gvar,ruwe,extra_ok,snr_ok,r_med_geo,w1mpro,w2mpro,w3mpro,w4mpro
3725365748202867456,206.5561071198744,9.500708695223194,0.16679718261679463,588.1355932203389,0.01,10.401734998967388,17.798360655737707,2.05625,1.4860439774602179,1.1169693,True,False,68.29297,10.867,10.686,10.425,9.314
3725048813976179328,206.9327159666188,8.572278557795428,0.18193318104082162,150.84745762711864,0.01,9.060853382849054,8.10223880597015,2.3398706896551724,1.1690007739886026,2.0702806,False,False,176.99391,11.582,11.476,11.246,9.048
3894978164251134720,181.755870381532,5.5349720481896805,0.19076065401589082,700.0,0.01,8.27154996643516,27.83846153846154,2.048490566037736,1.2103683297517434,10.285738,False,False,78.037834,9.416,9.397,9.252,8.886
1158991775160521856,220.6553455864293,5.010904440957288,0.046037906117668004,100.0,0.021723928448358305,8.832380247795161,2.9663934426229512,2.0142857142857142,0.633883170183086,1.0264772,True,False,260.18973,12.66,12.572,12.486,9.399
3719579602621480064,203.1920385936503,8.211351964884887,0.0508220419920481,100.0,0.03460201435087329,11.053228239086334,3.513592233009709,2.314925373134329,0.9483299224790857,1.133826,True,False,109.76522,12.251,12.085,12.0,8.845
3725687797735588608,203.56216139535056,8.994071793638616,0.09265562586889674,100.0,0.05511431323226077,11.898721898685203,2.5131944444444447,2.1205078125,0.9473490788141442,1.301988,True,False,111.057686,12.982,12.792,12.406,8.99
3707825926400890368,187.3910467780508,4.800734482315646,0.10740069166995576,100.0,0.01,6.29570575400937,4.63974358974359,2.2665970772442594,0.4399606668199489,1.0285789,True,False,297.00848,11.459,11.533,11.502,8.913
1176005892966610944,218.0349015776551,8.527488559210553,0.12856059240541018,100.0,0.0643653407681979,9.380549763753617,2.4844393592677347,2.9029411764705886,0.7562787435895957,1.0040653,True,False,278.15665,12.96,12.886,12.674,8.806
3905759322437805568,181.6454488265657,8.706020504757968,0.1399916955767846,100.0,0.01,8.51203795922379,9.35948275862069,2.674137931034483,3.61245404194867,10.727541,False,False,154.76894,11.026,10.916,10.836,8.755
3725818678273998336,204.13812421495865,9.413618503801857,0.14156902827013523,120.33898305084746,0.029628775900825636,9.147485631480864,2.8054263565891473,2.276100628930818,0.9489204734332061,1.0573114,True,False,287.25558,12.871,12.715,12.432,9.093
3706179270298755328,194.78044260773083,6.479874932378282,0.08175386116240664,140.67796610169492,0.04041001900131407,9.915923044150015,2.548591549295775,2.154166666666667,0.8552472208308257,1.0022291,True,False,232.19849,13.296,13.061,12.155,8.898
3895329423855759872,183.3853945054332,6.451388107757173,0.12477448581917795,100.0,0.021723928448358305,12.858495458253731,5.965384615384616,2.3348387096774195,1.1857610227481135,1.0196619,True,False,45.117924,11.743,11.552,11.335,8.849
3709848374960514432,189.7854791384997,6.225219098530292,0.06847542670501397,100.0,0.029628775900825636,8.068406910217023,2.4343049327354263,2.2022312373225152,0.8364121262554567,1.000794,True,False,299.88153,12.457,12.472,12.312,8.823
3721490278952679168,206.11275286852324,7.369347205478379,0.1022675954150718,100.0,0.01,9.725691035546163,10.43942307692308,2.0105555555555554,0.9610309810526485,4.834757,False,False,119.44517,11.506,11.347,10.989,9.376
1161097339927770752,223.15481115439923,6.9331429633936486,0.1255466607988167,120.33898305084746,0.01,8.67384725215081,7.050000000000001,2.0331460674157302,1.190507533930052,1.783131,False,False,216.62788,11.888,11.803,11.644,9.328
3715347543710826752,205.1901491557866,6.21715153481506,0.0866029848682515,110.16949152542372,0.04719290672293913,10.06868406910818,2.950271739130435,3.468690095846646,0.7893238030666225,1.0682209,False,False,183.96262,12.865,12.7,12.337,8.718
3720179523653398784,209.25513990101493,6.145768806002431,0.09586905877426395,100.0,0.04041001900131407,10.568093785741775,2.4397752808988766,2.276100628930818,0.8444513347429328,1.0367385,True,False,158.40265,12.734,12.594,12.665,9.063
3714313629119136128,206.6599755449462,5.510630799682703,0.1907407288770919,100.0,0.021723928448358305,9.054598574871047,4.159770114942529,2.7007462686567165,0.9772430693693717,1.3406019,True,False,209.93028,12.043,11.884,12.066,8.994
3670407415402901888,216.73840279351472,6.749853369250553,0.14732542204174426,700.0,0.01,9.987872437197945,24.675000000000004,2.864643799472296,1.6031787487756466,1.2322398,True,False,54.027306,9.867,9.688,9.614,8.963
1158199130356218752,224.65067761614787,5.070775242037907,0.07098380662195049,110.16949152542372,0.029628775900825636,9.194920789453537,2.834725848563969,2.4019911504424782,0.8105899960921248,1.09509,True,False,274.00964,12.841,12.744,12.535,9.232
3718884298955977088,201.43186051596717,6.375097090741331,0.025875334634839015,100.0,0.05511431323226077,10.778356525853214,2.314925373134329,2.2618750000000003,0.9818649901001146,1.1360695,True,False,159.9196,12.9,12.728,12.524,8.954
1173170115039665280,219.20054461494493,9.148934123427434,0.1736067166814473,700.0,0.01,10.340838590133727,41.75769230769232,3.6432885906040275,1.553660171297294,1.388446,True,True,36.49785,9.266,9.103,8.961,8.701
1159297164515312768,223.30513402193503,5.898706484921076,0.1905927701879928,700.0,0.01,10.064080762190608,41.75769230769232,4.561764705882354,1.1073491643151614,1.4095153,False,True,39.588573,9.095,8.938,8.776,8.47
3674401769347776768,213.78268543931284,7.575063819893115,0.057819024509008485,120.33898305084746,0.01,8.354599476923216,5.62538860103627,2.247826086956522,0.6875648145785614,1.0317973,True,False,229.70778,11.908,11.91,11.644,9.199
3672773049029959808,213.59860500038792,5.476592835261678,0.1319599310759445,140.67796610169492,0.01592806495985682,9.332206122419102,4.159770114942529,2.14990099009901,1.1608770224493707,1.0101348,True,False,233.49564,12.5,12.409,12.033,9.308
3733903146755508096,193.2549360899704,8.833490332694215,0.07523331214383362,130.50847457627117,0.03460201435087329,10.077328636852153,3.007479224376732,2.3550976138828634,0.9667008275847234,1.0244513,True,False,200.7544,12.827,12.686,12.177,8.891
1176050251388992768,218.54152424634432,9.021606946678224,0.10360728284503502,140.67796610169492,0.013638774391684533,10.290781095743556,6.50119760479042,2.5073903002309472,1.1356322647408232,1.5292189,False,False,138.11606,12.067,11.915,11.614,9.088
3725073965304681088,206.6851723580636,8.894258222365112,0.06455086597288887,171.18644067796612,0.013638774391684533,11.704679229865064,6.031666666666667,2.2022312373225152,4.995887639533418,2.3892207,False,False,100.22899,12.433,12.207,11.616,9.367
3718925255764031616,200.750337609865,6.499967624317168,0.18877744672675778,700.0,0.01,8.833092469699196,36.190000000000005,2.4844393592677347,1.4206085059615126,1.5967933,False,False,63.68077,9.385,9.25,9.206,8.754
3732660286299470976,197.51381349586268,9.276197293377315,0.15923181845525253,700.0,0.01,10.427298206783274,30.15833333333334,3.1561046511627913,1.3495842083599718,1.3760915,True,False,40.730858,9.75,9.594,9.459,8.655
3729159544355275136,198.0404271640245,5.830877608146958,0.09783334318989652,100.0,0.01,7.584876269606305,4.846875000000001,2.305095541401274,0.6878583595982745,1.1432995,True,False,232.40836,11.488,11.551,11.74,9.159
3895281595099935104,182.9902544213706,5.964268806796314,0.1491812808939384,150.84745762711864,0.0877864361381346,9.43039801473954,10.146728971962618,7.487586206896553,4.119938194625618,5.2652364,False,True,212.16405,12.664,12.567,10.796,7.453
3673771439947412864,214.92695266112727,7.973111707803778,0.1570604775425194,700.0,0.01,12.42127077000784,32.9,4.175769230769231,2.9636938585443806,1.2082049,False,True,22.595718,9.81,9.623,9.476,8.586
3731493257785257728,200.41037613342183,8.698061049048418,0.12274181004336283,100.0,0.01,8.49602653033071,8.826829268292684,2.285684210526316,0.8735121213624378,1.0395886,True,False,145.29822,11.18,11.138,11.001,9.1
3674520413524367488,214.3789918726572,7.9428143628475585,0.17484751592958256,100.0,0.01,8.012798113761258,15.734782608695653,3.193235294117647,0.7984287236298778,0.95253754,True,False,150.80786,10.783,10.773,10.593,8.893
3707288883689825024,190.729423662874,5.183398345209451,0.13978030912986256,100.0,0.03460201435087329,11.08145466133875,2.8200000000000003,2.197773279352227,1.1112998970576098,1.04918,True,False,114.53554,12.626,12.447,12.073,8.988
1172252538226683520,219.06565672121283,7.205481985641099,0.16065061142559925,100.0,0.01,6.800649879277977,6.099438202247192,2.365359477124183,0.8012391915366494,0.9678782,True,False,270.42798,11.713,11.75,11.634,9.128
3895157934401974784,182.80653413567768,5.464989684173392,0.16686251346285666,150.84745762711864,0.013638774391684533,8.327090291608515,5.6546875000000005,2.548591549295775,0.9845666573825049,1.1052415,True,False,262.15536,11.944,11.869,11.457,8.755
3730338152100921600,195.7619126059251,7.1841443847445206,0.1874904377008827,140.67796610169492,0.03460201435087329,11.586581690348972,2.857105263157895,2.1845070422535215,2.6501080028233845,2.1986163,False,False,135.15268,12.733,12.521,11.993,8.888
1176721606316766720,216.0309398655185,9.308761707330529,0.1337520653115373,700.0,0.01,9.968575039671887,33.928125,3.730927835051547,1.478697678796461,1.2751328,True,True,50.737328,9.832,9.692,9.537,8.878
3900453079322014336,185.06535989924183,5.917987222872276,0.08044057592580957,191.52542372881356,0.029628775900825636,9.768207862306358,6.540361445783133,2.095945945945946,0.7515037937851762,1.0238484,True,False,219.7859,12.992,12.834,11.386,8.93
3900809595966956800,186.8046981761673,6.913917536368697,0.12344434530573067,100.0,0.05511431323226077,12.012326347693811,2.285684210526316,2.9107238605898127,0.9986406530070231,1.005685,True,False,90.92446,12.718,12.522,12.235,8.743
3714236697664962816,206.7625976154394,5.289759546669599,0.12499146550612557,100.0,0.01,7.208112593257568,5.539285714285715,2.3100000000000005,0.8814353107129086,1.0251637,True,False,255.48975,11.629,11.668,11.855,9.252
3674340162337026944,212.3990324796016,7.882247002655968,0.16125930300069333,700.0,0.01,9.606436302572376,36.190000000000005,3.809473684210527,1.5385680091483491,1.4020741,False,True,56.536034,9.406,9.248,9.204,8.574
3715145203507106048,205.6992623973062,6.064792217718156,0.11743242005031412,100.0,0.01,9.817619618177378,15.734782608695653,2.79819587628866,1.1930172922595326,1.1552292,True,False,80.18222,10.781,10.619,10.522,8.799
1171875440098075648,219.59312713357969,7.229128951990801,0.16968601299667843,100.0,0.011678516340565069,8.114974227937786,4.0662921348314605,2.05625,0.7292297385402394,1.006836,True,False,214.33878,11.751,11.741,12.113,9.154
1158360655486279424,222.49460912058524,4.786600304320099,0.13440165479215088,120.33898305084746,0.021723928448358305,8.810305549396462,3.7567474048442913,2.4452702702702704,0.775792094296317,1.0702612,True,False,280.15146,12.536,12.43,12.271,9.076
3718923984453698176,200.6854012149829,6.473130619750634,0.055520540550360105,120.33898305084746,0.018601616690726987,8.539901296376014,4.542677824267783,3.0931623931623937,0.8800854459247682,1.1538448,True,False,223.06824,11.919,11.904,11.639,8.543
3716287699167622144,201.7934900711972,5.069471686311103,0.046353179570269944,100.0,0.025370325336541884,8.006683661568523,3.1653061224489796,2.548591549295775,0.7476935311091734,1.0542512,True,False,261.90167,12.045,12.047,11.942,8.66
3720470859874872320,207.74114761426785,6.410889607366376,0.06284091095989636,120.33898305084746,0.025370325336541884,10.764319293026844,3.6190000000000007,2.412666666666667,0.859820551127097,1.0410304,False,False,149.5079,12.627,12.466,12.174,9.13
3719819502314792320,201.55219701936232,8.640382712240928,0.0967871054717608,150.84745762711864,0.01,9.103203032438168,7.755,2.2953488372093025,1.2436134519776223,1.0239929,True,False,168.27895,11.705,11.615,11.275,8.936
3710571613093664896,191.94030638246684,8.169180798847897,0.1988631577847483,120.33898305084746,0.0643653407681979,9.809785010956123,2.0407894736842107,2.3757111597374183,1.1882872043862573,1.0054662,True,False,275.96436,13.107,12.919,12.444,8.724
1175469915407782528,216.68738241911035,7.668348267143339,0.15139803432779003,100.0,0.01,10.730449916118449,19.740000000000002,2.990909090909091,1.0284483958517359,1.2549766,True,False,64.44669,11.02,10.84,10.264,8.826
3901515963468321024,184.92530639357656,7.5036131237815615,0.03621048774082856,120.33898305084746,0.01592806495985682,8.02626107917263,3.976923076923077,2.360217391304348,0.79535842246509,1.0335696,True,False,256.14447,11.962,12.004,11.642,8.706
3901287402488874880,184.7653641418385,6.4711711087206805,0.049777714963105374,100.0,0.01,8.352989140174518,6.701851851851853,2.095945945945946,4.38529543815379,8.184034,False,False,167.08635,11.321,11.265,11.282,8.896
1172034285168617472,220.8270591089185,8.029270914405368,0.14707996411835644,100.0,0.01,10.611703802730158,19.387500000000003,3.0326815642458107,1.6197972422553395,1.2483158,False,False,58.623,10.531,10.375,10.183,8.734
3730540835901902720,195.7134172124009,7.465873478259042,0.04761100123372522,100.0,0.018601616690726987,8.770487426054096,4.096981132075472,2.137204724409449,0.8096078155469087,1.0051868,True,False,206.84628,12.149,12.071,11.88,9.118
3730448000184768384,195.00345966648615,7.256829001313759,0.16668265133675134,140.67796610169492,0.029628775900825636,9.293830027593854,3.29,2.4452702702702704,1.1457590271138018,1.2007002,True,False,246.07925,12.549,12.416,11.944,8.717
3734383942574672896,195.04022421882183,9.583554595304106,0.1358159581183691,100.0,0.01,8.137528077316656,9.35948275862069,2.0105555555555554,1.0064159817329843,1.0111542,True,False,156.98848,11.002,11.011,10.766,8.95
3710672836882396416,191.63204422245812,8.683244870540653,0.03739855592053308,100.0,0.025370325336541884,8.380876101664892,3.0326815642458107,2.05625,0.7348469362136587,0.99310005,True,False,268.81146,12.429,12.396,12.211,8.993
1176718170342927360,216.1607673003096,9.31517998341314,0.10664476729281731,140.67796610169492,0.07516916839274382,10.853756302153837,4.4679012345679014,3.221661721068249,1.2505843173925641,0.94782394,True,False,219.8144,13.447,13.288,12.198,8.804
3730849425007817728,198.0105210892824,8.278067389008594,0.06734282043907037,100.0,0.01,7.62112998793194,6.701851851851853,2.2618750000000003,0.6879529044190423,1.0022715,True,False,196.23994,11.255,11.293,11.231,8.906
3902236212303898240,185.62172334205505,8.613379844362802,0.037572874302057656,100.0,0.01,9.07264512125157,11.930769230769233,2.9583106267029975,0.9813022346416694,1.130588,True,False,110.68806,10.888,10.817,10.66,8.617
3672633720290514432,210.4633255390889,6.526091978899091,0.19740947601450848,700.0,0.01,8.158709619262547,20.87884615384616,2.0068391866913124,0.9266431098973659,0.95616066,True,False,110.22819,10.275,10.246,10.17,9.179
3710730045847261184,191.0029405299016,8.313107078567816,0.051043637316171515,140.67796610169492,0.05511431323226077,9.810600484082954,2.0331460674157302,2.215714285714286,0.7720805937283498,1.0727373,False,False,297.08307,13.514,13.44,12.361,8.901
3709172381467783808,191.6678426187448,6.353778648214471,0.032136064391822795,120.33898305084746,0.011678516340565069,8.729273082753885,6.959615384615385,2.2953488372093025,0.885907925014372,0.95706725,True,False,175.37714,11.634,11.601,11.314,8.736
3721529376039741056,206.65484169774496,7.39622023075621,0.11414208860172854,100.0,0.01,8.382901039056676,10.966666666666667,2.370524017467249,0.8342940573073113,1.0428187,True,False,146.64572,11.124,11.093,10.931,8.982
3724750807669986432,205.9855546368962,8.753185151770266,0.1672178263739939,130.50847457627117,0.26010046434689327,12.750738987311273,2.0331460674157302,3.0411764705882356,0.9631075630061695,1.0057362,True,False,218.96132,15.091,14.741,12.802,8.767
3708488863192170880,188.0368739451853,6.009618275441023,0.07376220596608772,130.50847457627117,0.26010046434689327,11.914295666286792,2.068,2.319871794871795,0.7942799533862871,0.9726824,True,False,252.2547,14.764,14.597,12.469,8.56
1171384473795803520,219.20262213503304,6.425783763655084,0.1679954029360736,140.67796610169492,0.029628775900825636,10.433615449439042,3.0931623931623937,2.044632768361582,3.5461326933554225,5.4400263,False,False,221.90215,13.086,12.895,12.407,9.382
3708442030868754432,187.9113439547445,5.577907111738831,0.03772646734591197,120.33898305084746,0.01592806495985682,8.680655269887136,3.424921135646688,2.0407894736842107,6.444300522959745,6.3860664,False,False,225.31554,12.153,12.104,11.769,8.901
3710055701621729536,190.1092444166479,6.9695975499765375,0.028729825341636282,120.33898305084746,0.01592806495985682,8.601510096263773,3.8637010676156582,2.1933333333333334,4.5277810327085595,8.478595,False,False,220.30197,12.076,12.03,11.76,8.811
3903062014256649472,189.68304338358493,9.34116160548266,0.10947992099953638,110.16949152542372,0.018601616690726987,9.039633911776159,4.175769230769231,2.0105555555555554,0.8614302281140387,1.0492193,True,False,199.6107,11.98,11.935,11.853,8.982
3722294704852528896,211.21724823553683,8.008376655375066,0.09427619001952213,140.67796610169492,0.04041001900131407,10.59402895270842,2.407317073170732,2.0293457943925235,0.9088049302016511,1.0712402,True,False,249.6414,13.649,13.49,12.704,9.39
3732399594668081408,198.5700693329456,8.875622814378671,0.04494959698217421,120.33898305084746,0.11972993971380404,12.622120580723529,2.0601518026565464,2.4844393592677347,1.1602429736882849,0.99213946,True,False,148.92482,14.001,13.767,12.827,8.865
3721458290036186240,205.7076326054473,7.088959848602955,0.07419864746018076,100.0,0.01592806495985682,9.45622865427359,4.377822580645161,2.021787709497207,1.0387137106038844,0.964008,True,False,173.61465,12.071,11.954,12.025,9.354
3718013520106490368,201.970459873738,5.633886604148366,0.1942908701431887,700.0,0.01,9.898904336571366,32.9,2.021787709497207,1.1155988924340476,1.2155063,True,False,43.88181,9.444,9.298,9.212,8.864
1171951443839386496,220.8881563324321,7.659313032999164,0.13100853828613332,110.16949152542372,0.01,11.141969620226636,9.27948717948718,2.021787709497207,0.8773002371867616,1.1532649,True,False,75.529755,11.7,11.538,11.085,9.143
3722657685423369984,211.05778660594368,8.630063830115319,0.11468407090493889,100.0,0.025370325336541884,8.370976214372508,2.2247950819672133,2.1122568093385214,0.7196222126725584,1.0553104,True,False,283.65625,12.54,12.498,12.641,9.209
3714808649869917056,204.28078383014304,5.304495266179832,0.05900208189511777,130.50847457627117,0.26010046434689327,10.963664904215827,3.705460750853243,6.3122093023255825,0.885439084176591,1.0445807,True,True,278.74316,14.306,14.134,12.0,8.059
3708626714462658048,188.5897082292359,6.469090105080511,0.08899048696351407,110.16949152542372,0.01,8.273309963579933,19.04736842105263,6.065363128491621,1.253500462729519,1.0262994,False,True,105.96099,10.178,10.162,9.832,7.644
1174465958212491392,221.77567853349697,9.273914390881757,0.09798447642268801,140.67796610169492,0.01,7.8152232206802115,5.71421052631579,2.1757515030060124,0.6902594840151303,1.0096192,True,False,280.02716,11.976,11.944,11.661,9.189
1173179800191107328,219.3866938363425,9.362131543246043,0.04188207617032569,130.50847457627117,0.01592806495985682,10.207699007281017,5.322058823529413,2.6224637681159426,1.207376464348966,0.97157735,True,False,153.20107,12.445,12.285,11.885,9.149
3672248822501439744,210.88012290201496,5.687362184278065,0.17910580482259872,700.0,0.01,7.745781494995443,19.04736842105263,2.2571725571725576,1.119808570113165,2.8842845,False,False,123.9303,10.138,10.139,10.023,9.161
3898437949386215936,181.6567715168169,6.208002806153006,0.02225049082135034,100.0,0.025370325336541884,8.689515481537867,3.202654867256637,2.2713389121338916,0.9878957231923424,1.0846859,True,False,218.28973,12.096,12.046,11.952,8.814
3673638364680772480,214.604524696071,7.316351042659707,0.14605327689714126,100.0,0.01,7.3043794076981,11.55,2.7625954198473286,0.49964264993460056,1.0151128,True,False,203.4978,11.115,11.159,10.899,8.999
3898351740803219840,180.4138449220557,6.686844103100385,0.1774108226844965,100.0,0.01,8.725282555765414,8.899180327868853,2.1205078125,1.0359021922909142,1.1494257,True,False,124.16457,10.756,10.731,10.931,8.971
3721314013494778624,207.11620910274883,7.04284657663316,0.1588440501386006,100.0,0.01,8.197647867350899,10.052777777777779,2.1456521739130436,0.995473360088673,1.0141011,True,False,173.84653,11.224,11.243,11.063,9.318
3731895335443346048,200.79257698397456,9.116775163314342,0.0478000275763036,140.67796610169492,0.01592806495985682,8.950653940986864,4.3428,2.0838771593090213,0.819051549611324,1.124807,True,False,243.46123,12.489,12.389,11.943,9.197
1159211638830902528,221.85805372656955,5.466632004577336,0.0336227580751467,140.67796610169492,0.05511431323226077,11.044218229424136,2.360217391304348,2.0407894736842107,0.9864495728063006,0.9813793,True,False,224.93071,13.871,13.676,12.602,9.305
3724507751176089344,205.21478218598403,7.580525321249525,0.045099151848055505,100.0,0.01592806495985682,8.09580297047836,4.25764705882353,2.3861538461538463,0.6762576779775373,1.1145779,True,False,249.02423,11.996,11.998,11.935,9.097
3894713353747452032,181.83714084747396,4.78277781682961,0.07978758357882781,110.16949152542372,0.025370325336541884,8.636404376400558,2.9185483870967746,2.1584493041749506,0.7242890330254915,0.984219,True,False,257.8798,12.586,12.514,12.147,8.915
1161002781927857024,224.3897607683041,7.23186778384405,0.16921645419360618,140.67796610169492,0.0643653407681979,9.305832204697271,12.198876404494383,13.743037974683546,0.7728277251196465,1.0663956,True,True,185.57162,11.962,11.834,10.889,7.279
3902156497711105152,185.3521150198573,8.61765699219428,0.09323333511395976,100.0,0.013638774391684533,8.349178000323619,4.0662921348314605,2.095945945945946,0.8329828398263658,0.99709135,True,False,216.922,11.724,11.75,11.853,9.084
3721936989911181568,208.83215351753196,8.83113639692827,0.06882868579487379,130.50847457627117,0.018601616690726987,8.874476749763108,3.680338983050848,2.1163742690058482,0.6911714877948393,1.0007648,True,False,261.4063,12.787,12.667,12.197,9.233
3719595373741398656,203.7216194734379,8.272113009585782,0.07487741187347481,100.0,0.013638774391684533,8.618091220806356,4.846875000000001,2.285684210526316,1.1226666144019508,1.0567076,True,False,187.1585,11.658,11.615,11.714,9.089
3722056115124239232,207.3900013551588,8.567174137165345,0.06355644792481621,100.0,0.01,9.340800315044294,8.48203125,2.490137614678899,1.0348633052405738,0.9846053,False,False,127.50392,11.504,11.377,11.226,9.194
3715262576373425024,204.3738976247324,5.854598588636417,0.04390944492372858,110.16949152542372,0.029628775900825636,9.802186234822493,2.9663934426229512,2.021787709497207,1.117156549654188,1.067015,True,False,210.5581,12.711,12.57,12.372,9.167
1175554406004444672,216.77952437362748,7.97348150348774,0.18362076390825352,577.9661016949152,0.01,10.277949568014073,19.740000000000002,2.6416058394160586,1.6166715632826403,1.2936738,False,False,65.79,10.554,10.414,10.251,9.063
1173184133812976384,219.31178526596253,9.439357344311365,0.15501790032865134,700.0,0.01,11.223300003348998,24.12666666666667,2.407317073170732,1.6455413134884436,1.211057,True,False,42.313953,10.37,10.213,10.034,9.138
3894382709984645888,184.5610606491597,5.141913622475922,0.09926317547152674,100.0,0.03460201435087329,8.786711438101193,2.305095541401274,2.137204724409449,0.8793842435927054,0.9644176,True,False,242.19452,12.568,12.466,12.399,8.891
1159602347711471360,222.4654687684904,6.698093142819853,0.05882172772486142,100.0,0.01,9.70513034729008,9.123529411764707,2.1584493041749506,0.7618183777339556,1.0298419,True,False,126.67028,11.657,11.534,11.238,9.281
3721789277395898240,208.05831979735348,8.110548812526776,0.13046679589983723,130.50847457627117,0.0643653407681979,10.226831796782534,3.049719101123596,3.2800604229607253,0.893193524085574,1.062832,True,False,249.89136,13.3,13.163,12.389,8.736
3733861743271291264,192.7962016486258,8.48840645252507,0.041409765956860314,110.16949152542372,0.04041001900131407,9.251398096585145,2.473120728929385,2.8798408488063663,0.9468057891694409,0.9593342,True,False,238.24971,12.695,12.586,12.342,8.703
3670129891796182016,217.5374101647875,6.313059976691788,0.08193028061919196,120.33898305084746,0.05511431323226077,11.572722384311541,2.197773279352227,2.206707317073171,1.0360580909513255,0.9786595,True,False,162.80267,13.409,13.179,12.698,9.152
3720072351334536448,207.8628990691547,5.489446583727523,0.04038495897435381,130.50847457627117,0.011678516340565069,9.705272916381984,7.050000000000001,2.9264150943396228,0.9844645144661287,1.020039,True,False,137.54817,11.701,11.6,11.348,8.874
3709246289264949376,191.31505861711503,6.76907702543754,0.12121178932028126,100.0,0.01,6.3551664696153765,6.58,2.247826086956522,0.4160799114911813,1.0102278,True,False,296.2838,11.593,11.654,11.243,8.87
3729658241597993216,198.47115657442583,6.787772519316753,0.08430284920214261,130.50847457627117,0.04041001900131407,10.596095799996881,3.0931623931623937,2.276100628930818,0.778869670388935,1.068622,True,False,197.11798,13.439,13.208,12.387,9.107
3717400026977903872,200.1508941557795,6.159173161864566,0.0644817693277476,181.35593220338984,0.01,10.439099384957125,6.959615384615385,2.0369606003752345,0.8939524926481832,1.1538879,True,False,113.637566,12.026,11.855,11.113,9.088
3900949818059174912,187.43688576206603,7.4764998860093055,0.10344076310494164,150.84745762711864,0.01,10.498015539937821,7.8673913043478265,2.2713389121338916,2.951716862974197,1.1331465,False,False,96.180115,11.46,11.3,10.945,8.773
1173506015842006912,221.8372946327649,8.16881408616439,0.15285138622252634,100.0,0.025370325336541884,9.801362610330987,3.6928571428571435,2.0878846153846156,0.7937992416365375,0.97471374,True,False,174.33592,12.62,12.462,12.188,9.32
3673684303650329728,215.2624458051797,7.460221312730739,0.059210528422534894,191.52542372881356,0.018601616690726987,8.79299609028473,10.540776699029127,2.727889447236181,0.852935250718843,0.95344394,True,False,255.88403,12.457,12.302,11.251,8.957
1159416014850176384,221.46443175330123,5.686318057292697,0.09307021751162252,100.0,0.029628775900825636,11.070190840069703,3.0158333333333336,2.0407894736842107,1.029512829505451,0.9582354,True,False,123.74106,12.609,12.381,12.468,9.328
3731427665044776832,200.57380507844127,8.342706326401728,0.14651600032690515,100.0,0.011678516340565069,7.988012148580598,3.536482084690554,2.4958620689655175,0.7971732146842618,1.0333574,False,False,211.69713,11.662,11.638,11.884,8.95
1172779131281731072,220.18247660260457,8.066581325942414,0.04034671563132717,110.16949152542372,0.04041001900131407,11.121052045484031,2.7142500000000003,2.2247950819672133,0.8251932228447496,1.0397656,True,False,159.95963,13.097,12.929,12.651,9.271
1176164149626737792,218.53199616598403,9.269166137563266,0.1004249442889977,262.7118644067797,0.01,9.238136791264752,15.966176470588236,2.9107238605898127,1.0485641301600355,1.0887934,True,False,133.72809,11.323,11.213,10.505,8.929
3718099694330260224,201.2683114877018,6.122986461392593,0.16581994643624887,100.0,0.01,6.76581622279777,7.09607843137255,2.0293457943925235,0.44784616215938805,1.0490942,True,False,249.84816,11.393,11.447,11.303,9.112
3669649027257466880,214.61009717451927,4.826772750184313,0.18689045786981745,100.0,0.01,10.538151132503266,14.285526315789475,2.1414201183431953,0.9757940954772932,1.1856506,True,False,86.85153,11.328,11.108,10.903,9.582
3725700308975427200,203.60801627607484,9.06907709742826,0.09602066021228094,110.16949152542372,0.029628775900825636,8.388492680617757,2.982692307692308,2.4958620689655175,0.8447542566420065,1.184915,True,False,272.53687,12.561,12.494,12.115,8.811
1175453766330189952,216.69749869291743,7.514119709788392,0.18369242501486965,100.0,0.029628775900825636,9.703800191098612,2.4844393592677347,2.1845070422535215,1.5407230331078974,6.846497,False,False,209.06848,12.829,12.759,12.498,9.3
3718838050748024320,203.7246271699006,8.166205450811074,0.12740044967073755,700.0,0.01,10.376888545956934,27.142500000000002,2.842146596858639,1.2666863310845597,1.201588,True,False,47.34552,9.968,9.809,9.655,8.903
1175613225581428224,217.26031675632092,8.239152174196125,0.057684707138475906,140.67796610169492,0.05511431323226077,11.298429343907632,3.403448275862069,2.548591549295775,0.894014047305478,0.9287001,True,False,156.94162,13.382,13.162,12.084,8.81
3669877755740571008,216.566531908287,4.972071836441135,0.1404154538399615,100.0,0.021723928448358305,9.572740472834914,3.310060975609756,2.1163742690058482,0.9847129639967054,0.9158509,True,False,179.17116,12.456,12.32,12.304,9.284
1172241470095824256,219.0756687247063,7.046758185662797,0.0688576932061682,100.0,0.07516916839274382,10.475812003560021,2.4288590604026847,3.0583098591549303,0.8951636464020399,0.9962515,True,False,196.83168,13.298,13.126,12.692,8.869
3718665977178286336,202.8966631573972,7.3042927988341,0.08084809275520867,110.16949152542372,0.013638774391684533,12.253874133593083,6.959615384615385,2.229363449691992,1.1828198115790662,1.0709666,True,False,55.88728,11.727,11.53,11.298,9.029
3715396888590728320,205.57002726403945,6.763968276504628,0.06596213073146236,120.33898305084746,0.018601616690726987,8.54008740977337,3.5831683168316837,2.3100000000000005,0.7482185761259117,1.1102941,True,False,276.72546,12.642,12.507,12.225,9.247
3669876832322915840,216.48746328829347,4.943849846827204,0.09386869427685977,110.16949152542372,0.01,8.84619239623348,8.972727272727274,2.990909090909091,0.933321633423891,1.1122428,False,False,156.86618,11.395,11.333,11.081,8.882
1160879670985374976,223.1625205145174,6.48348428293124,0.13783933145404795,700.0,0.01,10.16778599546434,28.57105263157895,2.137204724409449,1.3784390434415061,1.1123682,True,False,51.97147,10.097,9.945,9.707,9.205
3730551869673809664,195.20322432942845,7.483120011959643,0.09240323162241137,252.54237288135593,0.01,7.200098247152167,11.19278350515464,2.1163742690058482,0.5783222565781618,0.9770509,True,False,234.35863,11.316,11.366,10.375,8.652
3716946783375216256,197.89292745144016,5.028050428074709,0.17516310402213411,150.84745762711864,0.22271704449600335,12.619805955491568,3.23125,3.1020000000000003,0.9365772975412514,0.98823416,True,False,247.59964,14.855,14.503,12.327,8.811
1175904050702076032,216.9578939878357,8.87739745381123,0.07304792413567875,100.0,0.021723928448358305,8.5956420175587,3.2603603603603606,2.3966887417218543,0.7629792332032476,1.0375352,True,False,252.49745,12.447,12.384,12.393,9.17
3721642801831301120,206.9079053165275,8.135249264589014,0.02972206912949194,161.01694915254237,0.018601616690726987,8.768610333719904,4.846875000000001,2.0798850574712646,0.6906457267907378,1.0103949,True,False,293.06647,12.79,12.741,11.84,9.269
3902197591958123008,184.84512893150605,8.473932646101947,0.16430671467531321,100.0,0.01,6.961253698999835,6.099438202247192,2.6873762376237624,0.44350532261315584,1.0330826,True,False,203.38722,11.027,11.108,11.32,8.72
1176357736687518848,216.98866268167885,9.43382296332509,0.05621495513245868,110.16949152542372,0.04041001900131407,9.267451714028667,2.5426229508196725,2.461904761904762,0.8143631994073681,0.91506165,True,False,289.8166,13.071,12.985,12.663,9.101
3905075323126319872,182.64209963677695,8.83512498765602,0.09042257928941883,140.67796610169492,0.03460201435087329,10.409437795704125,4.659656652360515,2.864643799472296,0.9415598156421676,1.0676093,False,False,157.95866,12.791,12.602,11.671,8.59
3905788974892020992,181.7530059348637,8.884646787353383,0.1966272956743087,700.0,0.01,8.019257343467837,31.02,2.5973684210526318,0.9986879542185275,1.2985522,True,False,80.28517,9.371,9.412,9.277,8.617
3709532398510763648,193.51487529413757,7.349655958399683,0.08079134411239998,191.52542372881356,0.0877864361381346,11.27806832322853,5.71421052631579,2.360217391304348,0.8492791617870971,1.0312065,True,False,214.65872,13.996,13.814,11.456,8.858
3730786718485292160,197.16041311117093,8.07366887966881,0.1132642591474436,700.0,0.01,10.847910364574554,28.57105263157895,2.7555837563451777,1.2291332165522941,1.1800106,True,False,36.418808,9.717,9.487,9.348,8.678
3717951294620269952,202.63416365745204,5.873793756611448,0.08155768462173878,130.50847457627117,0.04719290672293913,10.855066317137656,2.6480487804878052,2.1414201183431953,0.941294682362236,1.0256848,True,False,194.60829,13.305,13.123,12.425,9.079
3729171535903949952,197.99414986549303,5.999667501105306,0.15517374505233347,100.0,0.01,7.802761049476259,7.335810810810812,2.2571725571725576,0.653076548226287,1.0468936,True,False,194.74028,11.42,11.431,11.317,9.26
3729639751762838016,197.7486258523367,6.686560824219685,0.17556279961992918,100.0,0.01,6.737013400771698,6.915286624203822,2.0798850574712646,4.1204717256397,1.9741395,False,False,259.82858,11.284,11.269,11.224,9.161
3721560235379981056,207.07613798029448,7.630256314231065,0.03344494127141051,181.35593220338984,0.013638774391684533,8.37699087158233,6.168750000000001,2.0719465648854962,0.7113810204729158,1.0131711,True,False,288.40848,12.448,12.445,11.498,9.141
3710073259448044032,190.10737952784527,7.23914791270997,0.12589292627728507,161.01694915254237,0.029628775900825636,9.880165727997252,4.413414634146342,2.4288590604026847,1.0548657117203977,0.9869298,True,False,204.75912,12.574,12.483,11.553,8.674
1159112961957797632,220.7404542428543,5.894040831941162,0.17854699612279082,161.01694915254237,0.011678516340565069,9.914514256139906,8.972727272727274,3.0669491525423735,1.4068293392070836,1.9563651,False,False,131.8681,11.578,11.409,11.078,8.797
3903519136215220992,186.77114960443487,8.749871511160876,0.1993238622847575,700.0,0.01,7.511387228928075,15.07916666666667,2.1040697674418607,1.0243965908263075,1.036689,True,False,132.91664,10.204,10.283,10.143,9.157
3721892940726504832,208.30831498582955,8.360229195891044,0.13637925692973574,100.0,0.04719290672293913,12.699220548060165,2.727889447236181,2.1246575342465754,1.0009116026070772,0.9926658,True,False,89.03191,13.12,12.872,12.552,9.379
3673984435965535744,212.91827266898883,7.034997385516912,0.09082094389774689,161.01694915254237,0.011678516340565069,6.793095270844056,10.966666666666667,5.868648648648649,0.6156187826633851,0.9654263,True,True,291.17303,11.735,11.784,10.916,8.224
3898402833734174976,180.24257133018943,6.813638179108216,0.06155396568265753,150.84745762711864,0.1907066257401213,10.99874870474946,4.291304347826087,3.2603603603603606,0.9405364063919809,1.0528798,False,False,279.21533,14.28,14.085,11.632,8.275
3903035832136010624,189.49889024115717,9.194605042069623,0.19982761124614337,700.0,0.01,8.464269529139568,30.15833333333334,2.4452702702702704,0.8678733631449835,1.419157,False,False,67.81502,9.427,9.393,9.267,8.77
3674823878733725696,213.77376788405564,8.765497123242966,0.13254640704370757,100.0,0.01,6.933842374869705,7.592307692307694,2.319871794871795,0.5418272534264255,1.069217,True,False,248.47696,11.413,11.488,11.352,9.178
3708486939046777856,187.88565950479207,5.90978884743184,0.029001145380928458,100.0,0.04041001900131407,8.602132398509363,2.048490566037736,2.14990099009901,0.8165470455786874,0.9176955,True,False,263.7838,12.506,12.46,12.26,8.66
1159406084885781504,221.66922571049383,5.649399513665746,0.10882445646624782,130.50847457627117,0.04041001900131407,10.269757534665796,2.2905063291139243,2.064068441064639,0.8722872896873752,0.89092934,True,False,237.78743,13.601,13.409,12.725,9.321
3731660658430612352,199.5968652149624,8.563630728489045,0.17976431780086435,100.0,0.01,8.181343219830325,11.80108695652174,2.319871794871795,13.707502866379333,19.296833,False,False,154.1378,11.019,11.001,10.884,9.074
1159154812119159040,222.4354868308166,5.226910700015427,0.16788834267603225,171.18644067796612,0.018601616690726987,9.139736693571248,5.567692307692308,2.3398706896551724,0.8193766081805144,1.0003843,True,False,256.52557,12.535,12.395,11.629,9.078
3674076485704643840,212.82346600208297,7.39983843170517,0.1350131408811042,150.84745762711864,0.03460201435087329,11.151233125775665,4.3428,2.128823529411765,0.9652916686379605,1.062011,True,False,159.34615,13.424,13.194,12.099,9.238
3731797581987720704,201.20492927229927,8.483894467750247,0.17586239801326237,700.0,0.01,11.157595878208268,18.095000000000002,2.0068391866913124,1.4565509245538948,1.1809999,True,False,42.41564,10.409,10.204,10.012,9.22
1176749678223020800,216.2069253209186,9.542343150639686,0.039943554770224175,161.01694915254237,0.011678516340565069,10.237065236947032,9.523684210526316,2.727889447236181,1.1631663964041463,0.964554,True,False,132.96776,12.227,11.999,11.423,9.146
3895204148249756544,183.79311018873327,5.693965459146153,0.0665666302615679,181.35593220338984,0.01,9.165488876098024,8.826829268292684,2.2571725571725576,1.345770737625382,1.0967555,False,False,158.52568,11.637,11.561,10.95,8.805
3900360617265583488,185.81608524409324,6.12907791591913,0.1919138918429639,638.9830508474575,0.01,10.23448404617737,14.100000000000001,2.252489626556017,1.3141465662514313,1.1987911,True,False,53.376045,10.236,10.118,9.876,8.735
3710705822231628032,190.3964234217196,8.081774779109796,0.13747823142446364,100.0,0.01,11.210972927882759,9.781081081081082,2.1889112903225807,1.0798375928912856,1.0510527,True,False,58.61174,11.2,11.017,10.827,8.999
3730712123493307008,197.28391059466955,7.732621126200804,0.17586148872476076,700.0,0.01,8.175167550819454,18.71896551724138,2.3966887417218543,1.459459283563462,1.1120983,True,False,107.53942,10.085,10.137,9.959,8.995
1176671234940311168,215.1376662188169,9.021006921693347,0.1526749191674956,100.0,0.01,6.985680902525055,9.123529411764707,2.229363449691992,0.6129641597271587,0.97264683,True,False,262.8194,11.541,11.583,11.213,9.307
1173710525004611968,221.92642612450845,9.157033432548529,0.12860932023766622,171.18644067796612,0.013638774391684533,8.78442496239991,7.645774647887325,2.197773279352227,0.8257844311352563,1.1133974,True,False,249.67888,12.253,12.176,11.518,9.154
3705290796183627264,194.9205545135804,5.427698678353023,0.058183670575410226,110.16949152542372,0.01592806495985682,9.09333310202708,5.09718309859155,2.276100628930818,0.8774212491660548,1.03693,True,False,169.17827,11.782,11.674,11.572,8.794
3673495737406752512,215.9144926177348,7.283107846422928,0.17117211156467682,100.0,0.01,9.722993993566051,10.74950495049505,2.0369606003752345,0.8352725980233914,1.132559,True,False,101.08772,11.307,11.17,11.127,9.32
3718107111738692864,201.509590633678,6.2206434777152335,0.06683110423823523,242.3728813559322,0.05511431323226077,13.557608114041518,11.42842105263158,2.6873762376237624,1.2730561498686253,1.0815096,False,False,66.93289,12.667,12.514,10.579,8.64
1173807625625513600,223.82870350475804,9.024976709272584,0.19049044582744817,700.0,0.01,10.305566428738043,33.928125,2.6873762376237624,1.4735737479485722,1.2901381,True,False,41.73253,9.742,9.581,9.44,8.968
3670269632852053504,216.1531792163025,6.285295005885214,0.09645185888192301,161.01694915254237,0.0643653407681979,10.01468694625122,4.291304347826087,3.730927835051547,4.527812219079649,6.48464,False,True,298.55573,13.781,13.639,12.014,8.858
1171326130960814848,218.80779581058303,6.15089985348863,0.13923389352944587,700.0,0.01,8.843933332207428,23.60217391304348,2.5973684210526318,0.9480963932234658,2.9058244,False,False,84.09414,10.067,9.938,9.82,9.001
3716800793140935040,199.48544247567636,4.917739539136879,0.051360590740045495,100.0,0.01,9.130021857009112,11.80108695652174,2.7007462686567165,0.8546803534756985,1.1324514,True,False,117.132774,11.051,10.955,10.807,8.818
3670206685811347840,216.0467025997428,5.923978249392636,0.1831045104526909,700.0,0.01,8.444255226796606,36.190000000000005,3.976923076923077,0.9554633968653463,1.1860424,False,True,71.443275,9.27,9.19,9.098,8.604
3721927781501256704,208.6554023426406,8.637658996481294,0.07690095569351449,100.0,0.013638774391684533,8.189115764564516,6.540361445783133,2.7416666666666667,0.7157145709654643,0.97478276,False,False,215.43916,11.616,11.625,11.584,8.88
1174363325674077568,221.1972438223628,9.000283631360505,0.02585118779822752,313.5593220338983,0.01,9.107982524288829,19.387500000000003,2.370524017467249,0.7740894255028318,1.1218343,True,False,146.53123,11.518,11.414,10.363,9.199
3709794945567217792,192.14621626027895,7.865029724393395,0.06587761273044357,100.0,0.03460201435087329,8.62032709696399,2.360217391304348,2.128823529411765,0.8169284788830552,0.98121595,True,False,279.0794,12.767,12.661,12.38,8.995
3722228601010704640,210.9878323747868,7.333148770223521,0.05553571303462893,100.0,0.013638774391684533,7.865159199153245,4.561764705882354,2.0838771593090213,0.6104873753283715,0.97725576,True,False,281.49103,12.216,12.217,12.06,9.373
3905762586612924800,181.57624132713732,8.73645417583053,0.03303749377091033,181.35593220338984,0.029628775900825636,10.441557554909865,7.286577181208055,2.857105263157895,0.8837143838627065,1.0217406,False,False,143.48526,12.415,12.241,11.007,8.487
1158508814678151552,223.2710504423441,5.484262080259123,0.03445050987617797,181.35593220338984,0.021723928448358305,8.70304754645889,6.959615384615385,2.79819587628866,0.6939884391282927,0.9531988,True,False,291.67734,12.739,12.682,11.566,9.013
1173241819518174848,222.34188275538983,7.719142034136968,0.051781535510911005,140.67796610169492,0.01592806495985682,9.764849254667148,5.775,2.3449244060475163,1.1309493585870958,1.0532656,False,False,187.2905,12.409,12.281,11.829,9.208
3720299885816908800,207.9083117807854,5.883870384115051,0.18303403875415114,700.0,0.01,9.801617865479441,30.15833333333334,2.3100000000000005,1.430151202151513,1.7295997,False,False,60.186436,9.785,9.656,9.522,9.223
3721007593348034688,210.0233111733807,7.783613328031418,0.154193710453197,689.8305084745763,0.01,9.52815221129147,30.15833333333334,3.075637393767706,1.0428016795130526,3.2811153,False,False,64.2677,9.845,9.715,9.594,8.72
3705887727918754944,192.3287650944328,5.666351251181618,0.03981440480152374,100.0,0.029628775900825636,7.75783618443959,3.6190000000000007,3.1653061224489796,0.6708093816546095,0.9806667,False,False,285.70337,12.182,12.197,11.932,8.464
3730916701375495168,197.61731749047425,8.486645923424689,0.1047750187831961,100.0,0.01,9.801079941888272,13.403703703703705,2.3248394004282655,1.0298096724349035,1.0964178,False,False,97.863335,11.005,10.898,10.546,8.807
1172728008286036480,218.94952523373237,7.994103994948245,0.06490618338040612,100.0,0.01,8.14647194253476,9.781081081081082,2.7555837563451777,0.673198487204906,1.0930163,True,False,191.38461,11.462,11.47,11.155,8.93
3898699701873239296,181.9977172992281,7.569684132466512,0.07372611131703674,120.33898305084746,0.03460201435087329,8.5999973782659,2.6940446650124072,2.490137614678899,0.6814174538307135,0.9812172,True,False,298.69388,12.829,12.7,12.279,8.811
1159276406938093312,222.7812856748301,5.702846384571933,0.05138829373057873,140.67796610169492,0.04041001900131407,11.261582104550259,2.635194174757282,2.0068391866913124,1.024488823180261,0.98809403,True,False,180.23004,13.495,13.3,12.45,9.357
3721620880318171264,206.46323728992456,7.923989703810086,0.07255903288487206,171.18644067796612,0.0643653407681979,12.358006566798883,4.720434782608696,2.162749003984064,0.8965863571646108,1.0376493,True,False,152.19847,13.802,13.559,12.032,9.279
3671400789798698624,211.8021474750779,5.177956321893426,0.03625066206360617,110.16949152542372,0.013638774391684533,7.805174147542437,4.542677824267783,2.314925373134329,0.7149552164012944,1.04649,True,False,286.26956,12.168,12.184,11.971,9.17
3732403687772870912,198.76296367530227,8.926395924563845,0.08912145820870192,100.0,0.0643653407681979,12.430925749515144,2.4452702702702704,2.360217391304348,1.1406770426112607,0.8925404,True,False,94.20129,13.005,12.819,12.572,8.93
3898054322907257088,181.3014523516256,6.003451731346247,0.026278518082969538,110.16949152542372,0.01,10.214027439279516,7.592307692307694,2.4507900677200904,1.0479496473824244,1.0555882,True,False,90.36289,11.325,11.176,10.979,8.754
3901982534355631744,186.6730363642264,8.135746959353899,0.16785196756261203,130.50847457627117,0.018601616690726987,10.785377021915211,4.741048034934498,2.2431818181818186,0.8314602732498979,1.0017854,True,False,107.377304,12.293,12.125,11.572,8.791
3730717311813804544,197.50664298338708,7.811842097259665,0.12877650799194856,171.18644067796612,0.03460201435087329,11.053616718176162,4.036059479553903,2.021787709497207,1.2542353388234981,1.0792124,True,False,176.89781,13.144,12.945,11.817,9.138
3900180125560368512,185.97052596531688,5.4499363860187735,0.19200586980102194,100.0,0.029628775900825636,9.87981781381414,2.1414201183431953,2.680740740740741,0.9384294371794799,1.1079246,True,False,150.69708,11.921,11.745,12.195,8.665
3724710198754501504,205.41769382670228,8.347970041086153,0.1406207687036735,700.0,0.01,10.335536219954792,23.60217391304348,2.748607594936709,1.079943416721032,1.2001262,True,False,47.79906,10.009,9.858,9.688,8.995
3718768437918157056,204.2722918276214,7.821764182971112,0.18090575953423088,100.0,0.01,6.959190300095977,8.225,2.285684210526316,0.5435007245072206,1.1862246,True,False,223.7653,11.15,11.18,11.116,9.116
3902085785369373952,186.30154735426603,8.88218543573907,0.10218651256823073,100.0,0.011678516340565069,6.9670093548427765,3.9194945848375453,2.2953488372093025,1.4613757568101773,2.3692486,False,False,284.12466,11.504,11.541,11.827,8.792
3898895277503840640,181.9817211072205,7.698945492419503,0.07570665046049996,100.0,0.021723928448358305,9.266858284993313,4.291304347826087,2.5131944444444447,0.7593519221388172,1.0326504,True,False,163.10788,12.014,11.915,11.808,8.82
3730178619835768832,195.1295972431306,6.389615365910168,0.11139744428962481,100.0,0.021723928448358305,9.705454541534273,3.8775,2.2022312373225152,1.224841266645861,1.009517,True,False,152.71106,11.866,11.752,11.8,8.931
3900185588758770816,186.00789685553252,5.558116914692635,0.1208523954320221,100.0,0.01,8.203708524864428,5.455778894472362,2.4452702702702704,0.6576546196826032,0.89819485,True,False,148.34718,11.07,11.064,11.031,8.822
3725220062912266112,207.8694310943957,9.50083014215418,0.027825166108840088,110.16949152542372,0.018601616690726987,9.964814496160056,3.850000000000001,2.1414201183431953,0.9160998653699778,1.0242282,True,False,171.33966,12.497,12.353,12.158,9.331
1159672437282746624,222.26507837009515,7.085981320754067,0.07181198982602871,110.16949152542372,0.018601616690726987,8.568934512011799,3.1020000000000003,2.2431818181818186,5.758747375118368,7.6408973,False,False,296.06052,12.525,12.552,12.366,9.32
3733573705583921792,193.53482711376088,7.722746774456485,0.030631271752044262,110.16949152542372,0.01,7.320846596263948,4.890540540540541,2.603597122302159,1.2195588636087262,0.97031444,True,False,241.78752,11.524,11.564,11.426,8.721
3721159222873478912,206.9393165681684,6.648558613750186,0.18063817951732725,700.0,0.01,9.689816563931624,29.343243243243247,2.3861538461538463,1.679532130034465,1.3170569,True,False,53.63174,9.663,9.534,9.404,9.048
3902179724894151424,184.4628246203457,8.424057366229539,0.09918124726906005,140.67796610169492,0.01,8.200247017392186,9.693750000000001,4.413414634146342,2.7497895944106077,5.9295707,False,True,162.81027,10.952,10.887,10.655,8.145
3714981891670621568,204.8408129606035,5.200847769268533,0.08298966367052363,120.33898305084746,0.05511431323226077,10.367419338912288,2.0878846153846156,2.6610294117647064,0.7897573143567636,1.0811728,True,False,236.4744,13.344,13.171,12.737,8.975
3895067327771930624,182.943521261426,5.143770806733595,0.06884623556010122,100.0,0.01,7.343700722965411,7.645774647887325,2.206707317073171,1.0254364950948023,1.0538493,True,False,200.47977,11.13,11.176,11.058,8.788
1170989783481773056,219.50064209292648,5.280021598646303,0.199758310476609,700.0,0.01,10.004419702706647,35.02258064516129,3.174561403508772,1.4841780704359298,1.4462551,False,False,41.580055,9.437,9.279,9.159,8.888
3709792059349187584,192.06262067675488,7.747833502868172,0.019318344415308594,130.50847457627117,0.018601616690726987,8.949509394537495,3.5831683168316837,2.4397752808988766,0.8636398671204197,0.9801466,True,False,220.46605,12.304,12.222,11.832,8.872
3895148897791132160,182.3980049795853,5.456746854829091,0.19858612991680924,700.0,0.01,9.802881118831166,31.02,2.4234375000000004,1.5864293536161231,1.4770123,False,False,43.454662,9.423,9.292,9.198,8.725
1171463982230997888,219.3557246821242,6.615633126367114,0.0540604652897754,120.33898305084746,0.013638774391684533,7.859976590018668,5.539285714285715,3.24089552238806,0.7460774931890252,1.0308498,True,False,268.511,11.958,11.999,11.793,8.787
3721431214562410624,206.46227688132305,7.249168619753976,0.15229317747752072,100.0,0.01,9.503558767605693,10.857000000000001,2.197773279352227,0.9225465179839932,1.0650676,False,False,100.533325,11.151,10.997,10.821,9.055
3721372287611136896,207.4223197097272,7.526746011561184,0.04894427330598472,150.84745762711864,0.01592806495985682,8.44310163296425,4.782819383259913,2.2665970772442594,0.773393509962217,0.94540787,True,False,288.19595,12.653,12.572,11.856,9.191
3671986687761739904,209.43198024486097,4.915468739170325,0.10797855087784194,140.67796610169492,0.029628775900825636,9.734694291031518,3.5250000000000004,2.2202453987730064,2.381170984276974,2.4925683,False,False,254.62799,13.262,13.103,12.328,9.217
3730297946911430528,196.72357537294772,7.220488967737975,0.037419345935919224,222.03389830508473,0.04041001900131407,9.461740631820335,6.871518987341773,2.048490566037736,0.7503540426334531,1.0271573,True,False,284.62384,13.194,13.021,11.129,9.005
3722420912466284160,211.9050942276369,8.344577019680901,0.02743293027549082,100.0,0.01,7.826206577032596,8.225,3.0326815642458107,0.9229258841852326,1.0331933,True,False,191.40941,11.309,11.33,11.196,8.827
3669094976476380032,217.60547038592057,4.9906013252337385,0.15577882217515537,140.67796610169492,0.04719290672293913,11.596373120929147,3.310060975609756,2.1122568093385214,0.9842004842677552,1.0273218,True,False,153.66727,13.58,13.401,12.357,9.085
3725719516069258368,204.20732774187337,9.252570779477534,0.13842749044662606,700.0,0.01,9.491967138062716,20.48490566037736,2.0255597014925373,1.8295520121991473,3.9720252,False,False,79.6156,10.336,10.173,10.072,9.257
3706346842742900992,193.89466214406653,6.350652772048367,0.11369679204919068,100.0,0.011678516340565069,11.585376914199017,9.27948717948718,2.180120481927711,1.1636659708552861,1.0221306,True,False,61.285286,11.194,11.039,10.841,8.986
3710797214839833472,190.55926626674972,8.600638149518263,0.14670515311363147,140.67796610169492,0.11972993971380404,11.204985396532557,2.3348387096774195,2.1040697674418607,1.0481263389368438,1.0804504,True,False,265.71503,14.153,13.996,12.4,8.84
3902256171016605568,185.55102516553816,8.766966204173501,0.11863459015166652,140.67796610169492,0.3037587523063755,12.868597601847352,2.305095541401274,2.812694300518135,0.8847791178267255,1.0224377,True,False,233.94032,15.09,14.806,12.384,8.653
3709269241570185344,191.3200383080699,6.964474812246031,0.12819928444622938,100.0,0.01,8.504908575014962,6.3122093023255825,2.3248394004282655,0.8846960260659132,1.3063183,True,False,142.59933,11.08,11.011,11.305,8.833
3710380847826194048,190.1231281903254,8.12851196904829,0.13606537442813613,130.50847457627117,0.021723928448358305,10.150592657122404,3.991544117647059,2.1205078125,13.562604504683241,11.367356,False,False,175.87555,12.318,12.148,11.805,8.892
3730791253970720128,197.0977712451242,8.168004094993794,0.13546757071768037,700.0,0.01,9.945949727625162,27.142500000000002,2.2713389121338916,1.9105103666571903,1.3122138,True,False,53.13644,9.813,9.642,9.524,8.952
3718009293858637568,201.6940122638885,5.556710416324694,0.11621741562683384,110.16949152542372,0.01592806495985682,9.78203224109728,6.168750000000001,2.3298283261802575,0.872600898982093,0.929129,False,False,131.42502,11.97,11.818,11.556,8.907
1172751922664009728,219.31601096750225,8.115780914533218,0.08511662596849302,181.35593220338984,0.01,10.130111212504751,10.857000000000001,2.674137931034483,0.944854789542193,1.1051093,True,False,105.89088,11.596,11.399,10.848,8.944
3720859468515964032,209.09441764477245,7.096517188342695,0.14290609077765626,100.0,0.01,8.590058031982428,8.899180327868853,2.0105555555555554,0.9706145873979669,1.104819,True,False,165.7156,11.24,11.219,11.183,9.272
3730367632756511360,196.2638263167615,7.505759297605412,0.05044979158342598,130.50847457627117,0.16329696356865636,12.629456235987007,2.4958620689655175,3.446666666666667,1.1318703160112322,1.0699664,True,False,156.08636,14.154,13.955,12.431,8.559
3714729381953466112,202.9031175362355,5.00458204721906,0.03825581674784663,140.67796610169492,0.011678516340565069,8.775554725699628,5.348275862068966,2.1246575342465754,0.7914727619430582,0.98610264,True,False,230.89948,12.364,12.28,11.837,9.234
3717703801424836992,199.87623734630267,7.013467110615737,0.15058346327154618,608.4745762711864,0.01,10.349413709725923,24.12666666666667,2.7625954198473286,2.484454524130568,4.5387983,False,False,54.478615,10.11,9.95,9.73,8.806
3720487249470085120,207.6230666262732,6.596934508263523,0.1107514744066917,100.0,0.01,7.490037793956795,8.042222222222222,2.2618750000000003,0.6757032115952162,1.0917033,True,False,212.25916,11.32,11.374,11.29,9.138
1172979830808573824,218.4344343369078,8.255644400029974,0.19090281363534528,700.0,0.01,8.757274916817488,32.9,3.221661721068249,0.9137879152546486,1.2101247,True,False,62.280346,9.324,9.296,9.157,8.792
3731949653894108032,201.8681111993808,9.275367745217586,0.1914743267309542,700.0,0.01,9.085169906897324,27.83846153846154,2.56061320754717,0.9583067228166059,2.5678182,False,False,61.328426,9.702,9.621,9.547,8.693
5775112879899895936,241.6090014610226,-81.23636559907652,0.07565968735913112,100.0,0.021723928448358305,8.142241195651529,4.395546558704454,3.2701807228915665,0.700517839146961,1.0783924,True,False,250.01091,11.886,11.906,11.973,8.689
5780712280306614400,242.86851017541093,-76.71168157232323,0.16113410323438795,100.0,0.01,7.361137433728796,10.24245283018868,2.3398706896551724,0.5309886379035388,1.0156081,True,False,190.85446,10.975,11.035,10.899,8.967
5802521746278291200,260.6389290450498,-73.86586642443771,0.18263561300966674,191.52542372881356,0.01,6.103291229822472,25.85,8.899180327868853,0.5262673676654835,2.0762212,False,True,273.87195,10.838,10.892,9.939,7.487
5791790925107840384,227.18407045577976,-77.18009548946064,0.19959380088958956,100.0,0.01,9.38145650222203,13.080722891566266,2.044632768361582,1.2694812808086493,1.0711893,True,False,107.47026,11.042,10.936,10.782,9.359
5775706822337680512,247.4332269090268,-79.3003658768044,0.17151093694620653,140.67796610169492,0.029628775900825636,10.83779930735238,3.680338983050848,2.3398706896551724,0.8593038766545773,1.0989444,True,False,164.38907,13.26,13.087,12.18,9.286
5780826423356262784,243.9491035115097,-76.20684330880387,0.1930155143800131,700.0,0.01,8.212253739911617,28.57105263157895,2.3550976138828634,1.4092699301440068,10.783861,False,False,82.65312,9.625,9.575,9.429,9.05
5777966284374058240,250.81510503506703,-76.38317267047013,0.049140902502694955,120.33898305084746,0.01,7.433094158295393,5.348275862068966,2.4397752808988766,2.8022983042466114,0.98339874,False,False,297.66815,12.076,12.097,11.781,9.181
5791738423428266496,225.1883184673085,-77.33870241497569,0.06431292344008098,120.33898305084746,0.021723928448358305,10.490855256113047,3.9194945848375453,2.162749003984064,0.9860633468304871,1.0335479,True,False,147.11703,12.407,12.241,12.0,9.102
5792668262367919616,229.7014634559295,-74.70318272913624,0.10214954341977832,150.84745762711864,0.10252153289191773,10.93048789787442,3.3509259259259263,2.7142500000000003,0.913161201610069,1.0272474,False,False,286.45303,14.146,13.88,12.368,8.939
5769022822432788992,244.1457378781412,-81.81616958559799,0.02908798685082768,110.16949152542372,0.04041001900131407,9.872648087619883,2.79819587628866,2.4452702702702704,0.827967597868376,0.9981678,True,False,217.60205,12.965,12.781,12.419,9.002
5775032993508256768,245.6785938431484,-81.6106358233824,0.08804456516853792,100.0,0.021723928448358305,9.536431422318126,3.655555555555556,2.0838771593090213,0.6774220416749608,1.0181156,True,False,190.03409,12.462,12.323,12.316,9.263
5779592049755544064,228.76101989914852,-78.13603056349997,0.061006350953802614,120.33898305084746,0.04719290672293913,10.289153603863076,3.2603603603603606,3.2701807228915665,0.8210014402362161,0.997839,False,False,217.84143,13.189,13.026,12.489,9.026
5775138203027427072,244.05234364209213,-80.91067763246247,0.15355597953241493,110.16949152542372,0.04719290672293913,9.561277837297489,3.4909967845659167,3.424921135646688,0.8722985516545863,1.0555667,True,False,234.33968,12.603,12.522,12.406,8.703
5768700455069796352,250.82475118519065,-83.08660762295898,0.19871086819496303,700.0,0.01,7.906803351327006,24.675000000000004,2.990909090909091,2.9168065324712047,9.385785,False,False,120.53682,10.123,10.119,10.04,8.975
5777954121026421888,252.91150262525903,-76.43960848538426,0.045838515977085104,130.50847457627117,0.03460201435087329,10.04870982969658,3.3613003095975236,2.1889112903225807,0.846438053817089,0.9584173,True,False,205.39943,12.913,12.791,12.269,8.93
5775615184915172480,248.15227348828893,-79.91274196670409,0.047573316407674836,201.6949152542373,0.029628775900825636,9.752836363633879,7.810791366906475,2.9264150943396228,0.8790314544300176,0.9340208,True,False,208.8506,12.68,12.557,11.089,8.714
5794327704594114816,232.39309805781147,-73.43666006740278,0.06755118744234118,140.67796610169492,0.03460201435087329,10.002564509524674,5.1947368421052635,3.446666666666667,0.9649991553826749,1.0176183,True,False,193.92424,12.703,12.545,11.76,8.578
5775286362218982144,244.32105440150636,-80.24418354433999,0.12378798455161032,100.0,0.01,8.013572382800954,8.6856,2.238556701030928,0.7822449815061733,1.0083652,True,False,194.1649,11.246,11.283,11.227,9.201
5781480220458655872,245.53719222264476,-74.29155216592406,0.13314002979440634,100.0,0.01,6.604243985728053,8.972727272727274,2.548591549295775,1.9029394633418169,6.9713516,False,False,257.54398,11.139,11.14,11.098,8.88
5778807062873669376,242.12912137055133,-78.6720061309783,0.1096115125642692,161.01694915254237,0.1398268057402531,11.841543038190476,3.655555555555556,2.7347607052896725,0.9672901377994245,1.0281923,True,False,242.19423,14.33,14.13,12.149,8.954
5779765081099540992,229.00859515904705,-77.40576301620726,0.12455386719505462,130.50847457627117,0.025370325336541884,9.58306253335758,3.4909967845659167,2.2713389121338916,0.8337854651119839,1.1433384,False,False,254.73997,12.882,12.701,12.454,9.326
5767735706632639616,253.00730552611108,-84.3568642853101,0.036570010578643064,120.33898305084746,0.029628775900825636,9.973255688776495,4.659656652360515,3.7437931034482763,0.9678672757491171,0.98925483,True,True,175.06062,12.503,12.36,11.951,8.812
5765070215569424896,231.32281843625972,-87.99438225911969,0.09944302481238472,120.33898305084746,0.018601616690726987,9.689576414767366,4.890540540540541,3.0326815642458107,0.8211161004578714,1.0424924,True,False,190.10928,12.373,12.183,12.004,9.095
5771643027361069952,229.2865779606911,-82.05880689354305,0.10660308317468349,100.0,0.01,7.204866441625163,9.440869565217392,2.412666666666667,1.0307924306993397,1.0720799,True,False,254.85286,11.511,11.57,11.191,8.944
5781511178582558976,239.8001611868009,-76.38956930784693,0.0972972145775402,100.0,0.1398268057402531,12.447426905310781,2.0719465648854962,2.7625954198473286,6.615816215727924,4.1430883,False,False,122.033936,13.264,13.071,12.71,8.428
5778918014766603392,242.1726740942497,-78.19511367861789,0.10366705305293049,100.0,0.01,10.585338594858847,16.703076923076924,2.9264150943396228,1.1812206840327535,1.1049516,False,False,60.34322,10.679,10.518,10.43,8.711
5805490393313910144,248.1993536357249,-73.60426369516999,0.11674131489014146,100.0,0.01,7.5419807705058295,5.965384615384616,2.5850000000000004,0.8270016296038122,0.9655832,True,False,204.9158,11.276,11.324,11.551,8.846
5777759404388517504,258.3994261731252,-76.69036033502373,0.16506709876249298,679.6610169491526,0.01,7.5615895203727845,20.105555555555558,2.4288590604026847,0.8805811094820472,2.9310942,False,False,146.9744,10.496,10.471,10.228,9.16
5776563891651376896,265.4681412900646,-78.52720127513561,0.025435906036907305,100.0,0.04041001900131407,9.124706666900734,2.864643799472296,2.3398706896551724,0.8684654164149306,1.1099395,True,False,258.97418,12.793,12.688,12.499,9.075
5782056433274060288,237.16444900449343,-73.99893971733559,0.04158376060634614,100.0,0.01,7.2890786929857505,9.123529411764707,3.5831683168316837,0.5996525227924108,1.0900145,True,True,241.77515,11.526,11.566,11.378,8.895
5801350732031930752,269.5565646348965,-75.77219329021226,0.027861477365162167,110.16949152542372,0.01592806495985682,9.242399986301159,4.60042372881356,2.068,0.7235026301048646,1.0415461,False,False,180.55861,12.088,12.012,11.815,9.164
5772466733369283200,232.92149406564653,-80.04913897228735,0.15388358165040678,100.0,0.01,8.833189941935693,15.51,2.982692307692308,1.5371949701579024,3.8178897,False,False,117.77302,10.719,10.609,10.549,8.789
5802686535582874368,255.56380167678265,-73.95735982567811,0.12735721615572124,262.7118644067797,0.03460201435087329,8.703321298271412,16.703076923076924,3.1838709677419357,0.6525217098599017,1.6791614,False,False,280.3039,12.421,12.31,10.452,8.66
5766503703854064768,235.2358636123029,-85.45096880175193,0.04997499886510366,140.67796610169492,0.021723928448358305,11.05497256251109,5.374752475247525,2.412666666666667,0.9741859715309209,0.9816099,True,False,140.52283,12.702,12.554,12.012,9.262
5773838236684840448,264.6204819187994,-82.68347002226696,0.049775576215774116,130.50847457627117,0.04719290672293913,9.940876259384444,3.559672131147541,3.3509259259259263,0.8314044879089447,0.9770609,True,False,253.1204,13.224,13.105,12.365,8.851
5777003043468129664,257.062821981329,-79.426445561337,0.15454161163849217,150.84745762711864,0.011678516340565069,10.220218868214376,5.374752475247525,2.1414201183431953,1.1690744707558283,2.2421076,False,False,147.32065,12.129,11.951,11.736,9.262
5777200435866944384,256.37680335803253,-78.09883479434428,0.14233957803412245,161.01694915254237,0.018601616690726987,9.720909877934577,5.539285714285715,2.0601518026565464,0.9537493927778773,1.072848,False,False,221.63351,12.561,12.444,11.848,9.23
5781046360041379840,248.16904999261197,-75.82748742902709,0.15154200806966306,100.0,0.01,7.186305299491769,11.80108695652174,2.9264150943396228,0.6513596307263652,0.9574695,True,False,233.90071,11.335,11.37,10.844,8.84
5769089342886441216,241.28160819765895,-81.62532895317047,0.10710146309863415,120.33898305084746,0.01,6.929639934081371,10.052777777777779,2.9185483870967746,0.5158420336246208,0.9616584,True,False,263.475,11.44,11.487,11.029,8.658
5776873644693049600,262.60995009213696,-77.83449805249663,0.1143106538327622,130.50847457627117,0.01,7.534704205183333,8.351538461538462,2.1122568093385214,0.5438012981099295,1.0215987,True,False,267.07446,11.865,11.895,11.33,9.125
5777775381667331456,257.2255050557202,-76.96245518818054,0.10304835090245815,161.01694915254237,0.01592806495985682,13.674909655369863,7.335810810810812,2.021787709497207,1.0415156930856442,0.97501844,True,False,49.03842,12.318,12.105,11.446,9.135
5805544750419655936,246.7168049019874,-73.63326680151303,0.170494813734155,120.33898305084746,0.021723928448358305,10.629636602229343,4.912669683257919,2.9583106267029975,0.957949549101603,1.6566557,False,False,127.08008,12.049,11.898,11.73,8.76
5776166963655063040,260.8989008704494,-80.220835395427,0.14093485549718127,100.0,0.01,7.003930425076819,40.211111111111116,14.87260273972603,1.0475626890170462,0.89800465,True,True,87.962166,9.165,9.245,9.061,7.01
5775744240092695168,249.3984897541507,-79.46942842602046,0.13291678778138927,700.0,0.01,9.9566158112357,33.928125,3.340615384615385,1.4779414430527078,1.2348322,True,False,46.72652,9.684,9.557,9.364,8.594
5778133856816540800,240.3418664762569,-80.8186068561789,0.08161725714421357,161.01694915254237,0.07516916839274382,11.367223123003381,3.7697916666666673,2.1584493041749506,1.018105528455037,1.0569378,True,False,223.57507,13.888,13.727,12.195,9.145
5801074479735410304,264.51276707820176,-76.38817012860757,0.14497215653069997,100.0,0.01,7.863234398291816,8.826829268292684,2.247826086956522,0.8219207348417994,0.99084264,True,False,187.9519,11.267,11.292,11.252,9.211
5794459886507459968,237.52075296246852,-73.42699080488299,0.1087228632148148,100.0,0.011678516340565069,7.471952537656307,4.60042372881356,2.3966887417218543,2.0615021297651004,3.0205226,False,False,298.43372,11.869,11.869,12.009,9.228
5802435434614588544,258.6699975930837,-74.45679466733172,0.15221962494400818,100.0,0.01,7.524864476353644,10.74950495049505,2.137204724409449,0.6999681982433553,1.0555434,True,False,191.39417,11.135,11.177,10.936,9.061
5779987530344286848,238.72799820162328,-77.06925630876707,0.1774451498116242,181.35593220338984,0.01,10.449386009631716,8.972727272727274,2.229363449691992,0.8956167932456286,0.95886153,True,False,115.780334,12.291,12.084,11.297,9.317
5781872127635809408,234.49374563477747,-75.31920231584579,0.11541817645670885,130.50847457627117,0.03460201435087329,9.963837793926675,2.524883720930233,2.4958620689655175,0.8628590843696401,1.0308278,True,False,264.8859,13.201,13.035,12.639,9.26
5791887506033667584,228.23430560851148,-76.47927152495917,0.1360869306628552,130.50847457627117,0.10252153289191773,10.877443989951551,2.280882352941177,2.8200000000000003,1.2003570945429907,0.95121086,True,False,243.06465,13.795,13.595,12.623,8.681
5775245611569180672,245.0853453057296,-80.49082371950809,0.09581519802909103,100.0,0.01,9.521091292425044,9.693750000000001,2.206707317073171,1.09860126658088,1.0414078,True,False,127.60666,11.407,11.295,11.081,9.307
5767295901981892096,253.2231138539024,-85.28077913892275,0.05123863612778373,100.0,0.01,10.34465727955174,13.91923076923077,3.606976744186047,1.1458333169808792,1.1344365,True,True,83.29155,11.204,11.022,10.779,8.861
5776333131648360192,263.6676721457585,-79.14491292943342,0.112561322310207,150.84745762711864,0.021723928448358305,9.516237008887856,6.871518987341773,3.0158333333333336,0.7476966638556585,1.0059325,True,False,193.92232,12.253,12.104,11.596,8.692
5768307109082349952,233.16466341159895,-84.33891438561714,0.06612699853711469,100.0,0.01,9.361294064047666,8.972727272727274,2.1246575342465754,0.962330052640624,1.0062218,False,False,147.52689,11.65,11.556,11.328,9.285
5781902462984188288,235.5728341227627,-75.02729335237466,0.057497250843211965,120.33898305084746,0.11972993971380404,10.419853456974078,2.490137614678899,4.620000000000001,0.8725553390995769,1.0615189,True,False,290.1394,13.988,13.835,12.804,8.646
5803060232095623808,268.385055302794,-74.0636223388147,0.15003840464788934,700.0,0.01,11.345385917879998,32.9,2.4563348416289594,1.3817066395772724,1.1857575,True,False,27.918438,9.523,9.339,9.18,8.676
5781672394476138368,242.29056029699217,-75.64297809311303,0.1778047434300618,700.0,0.01,9.973633733891253,38.775000000000006,3.119827586206897,2.4002670064270792,9.6887665,False,False,43.503826,9.286,9.111,8.951,8.725
5781090649744292864,250.54771300808488,-75.62466076522368,0.03067572404779009,130.50847457627117,0.011678516340565069,7.409221943750376,5.12122641509434,3.23125,0.6243366929596044,1.0059922,True,False,278.94913,11.813,11.885,11.576,8.71
5767096512419488896,255.98000033078688,-85.45363267086717,0.1618192293166283,700.0,0.01,9.231133280167025,31.02,2.215714285714286,1.2735621579327994,1.1242574,False,False,62.763065,9.802,9.708,9.551,9.0
5802013737545390080,258.1338988075231,-75.16887416868317,0.1150062116527835,120.33898305084746,0.018601616690726987,10.368401051228432,5.244927536231885,2.6161445783132535,0.9268085188559035,1.071448,True,False,138.50447,12.164,11.986,11.843,8.98
5801703778345505664,263.3531725441553,-74.59312806722326,0.1256673390784606,100.0,0.01,7.445576185214035,7.592307692307694,2.1040697674418607,0.6900180650212322,0.9830617,True,False,212.13277,11.191,11.254,11.36,9.102
5780212414832716288,231.8622583891393,-76.56037050971895,0.034572554231452564,140.67796610169492,0.01592806495985682,8.797483316635322,4.846875000000001,2.524883720930233,0.6976879587572309,0.940937,True,False,246.78476,12.417,12.348,11.95,9.063
5801432989245561984,265.92102576358815,-75.36213068900219,0.07800858446630363,100.0,0.03460201435087329,9.00592217733828,3.0242339832869085,2.0798850574712646,0.6853680475991916,1.0329199,True,False,241.69038,12.473,12.374,12.434,8.91
5778168010397162112,240.8289763381232,-80.48389305706807,0.16768583951348384,100.0,0.01,6.608132833962773,7.190066225165564,2.1714,0.6282864396790433,0.95604515,True,False,272.63602,11.381,11.437,11.48,9.198
5779039648241103232,237.385325902726,-78.39360183944913,0.06614773619896948,140.67796610169492,0.029628775900825636,10.020535520494935,3.948,2.4563348416289594,0.9261534976418144,0.9471274,True,False,225.84012,13.03,12.865,12.258,9.088
5768072019752794240,236.29752850020355,-84.77505429061478,0.06472354205029979,110.16949152542372,0.029628775900825636,8.919053596632533,3.0326815642458107,2.2665970772442594,0.8770948939493521,1.0068297,True,False,279.1796,12.914,12.83,12.472,9.244
5802521643197573632,260.6723338646922,-73.86567074906061,0.0877380071703556,120.33898305084746,0.04719290672293913,10.514495559600011,3.606976744186047,2.857105263157895,0.8504804560447059,0.99353176,True,False,188.67523,12.997,12.865,12.312,8.827
5779076928557700992,238.59091356106825,-77.95535355735872,0.08090101095892974,100.0,0.011678516340565069,7.287995951280659,5.4285000000000005,2.4787671232876716,0.5867990798715783,1.0530851,True,False,275.77228,11.656,11.732,11.713,9.028
5779293394908681984,233.1045632602212,-79.00678808206723,0.12005478946875955,100.0,0.04041001900131407,12.203982473468885,4.3428,3.6190000000000007,1.5937911089637982,1.004192,True,True,77.168686,12.409,12.208,12.235,8.889
5779195710173499904,239.1833622163294,-77.48932328789506,0.06266674231357348,130.50847457627117,0.01592806495985682,9.142401242208578,3.9194945848375453,2.0068391866913124,0.7121555443134954,1.0146683,True,False,236.98265,12.509,12.459,12.104,9.269
5781800418860773120,235.75715166820152,-75.70007899376635,0.07992448262100744,110.16949152542372,0.01,7.295081799669929,7.924817518248175,2.7910025706940877,0.610293739849,1.0433054,True,False,298.73798,11.872,11.929,11.641,9.207
5767622972330664832,265.7154081006389,-84.07700425728757,0.1983975069857962,100.0,0.01,6.095326324482413,7.385714285714287,2.9745205479452057,0.6140093400275388,1.0363802,True,False,293.37894,11.504,11.561,11.448,8.971
5802908190253316864,268.699055662751,-75.0233293928356,0.08195889657234083,100.0,0.01,7.761822652083547,9.440869565217392,2.783846153846154,4.034166595531547,14.140719,False,False,206.91838,11.292,11.312,11.106,8.795
5804017391327819392,261.54978825887764,-73.70338404041664,0.17993313327985663,659.3220338983051,0.01,9.943267864611116,24.675000000000004,3.128818443804035,1.1776897857162116,1.2997166,False,False,61.525284,10.074,9.909,9.837,8.818
5777645089539386880,254.9188902158154,-77.60432194692604,0.033871053015599006,100.0,0.011678516340565069,11.13707931251535,12.624418604651165,2.776726342710998,1.1529047327351216,1.0782278,False,False,66.45189,11.244,11.085,10.884,8.925
5781442287307368448,245.73829807980997,-74.52600221181552,0.04760484738914478,100.0,0.01,8.221544592867449,6.540361445783133,2.2339506172839507,0.7449440865261567,1.0331199,True,False,204.18474,11.572,11.555,11.51,9.215
5782456758586020864,239.4975085138637,-73.54500292223352,0.10881956683653418,120.33898305084746,0.013638774391684533,9.111422010417586,4.1438931297709924,2.0031365313653136,3.7333219879248594,3.867093,False,False,234.31905,12.337,12.165,12.17,9.481
5801750919906324992,261.795255861569,-74.1772735176441,0.1630089586983109,100.0,0.03460201435087329,9.563701578863173,3.5250000000000004,2.2953488372093025,0.6723447793262759,1.0131375,True,False,194.70526,12.719,12.578,12.257,9.004
5782263553774568576,244.5267340724252,-73.75334289533352,0.08611522233847616,120.33898305084746,0.01,7.9867167841490865,6.7856250000000005,2.490137614678899,1.0856651614659103,3.6899185,False,False,237.44632,11.671,11.655,11.517,8.919
5802965364857785984,267.1267673004415,-74.75451663381327,0.04695754485828096,100.0,0.01,7.553044546992885,7.190066225165564,2.79819587628866,0.9770608319795036,0.98541427,True,False,203.85318,11.306,11.344,11.208,8.809
5772428422260582528,230.86667732357347,-80.60674718590184,0.19875759791281988,140.67796610169492,0.04041001900131407,10.782702227816635,2.9107238605898127,2.247826086956522,0.9436803117731275,1.0163885,True,False,222.14296,13.277,13.129,12.557,9.275
5768565249499392768,247.22753195043688,-83.6713701260222,0.08363447367053262,130.50847457627117,0.04719290672293913,11.423323642447079,2.1933333333333334,2.2022312373225152,0.9248330844546785,0.99772143,True,False,178.43271,13.756,13.518,12.704,9.366
5776667069648086272,265.6200648899293,-78.24890401669293,0.06277995747339704,130.50847457627117,0.0877864361381346,11.38784637023758,2.5016129032258068,2.4288590604026847,3.932395892909418,3.5254364,False,False,227.58662,14.008,13.898,12.675,9.045
5782491869935076224,241.59016861248995,-73.5369311947105,0.17597245423704289,700.0,0.01,8.381242938367109,25.85,2.3398706896551724,0.8202505224259373,1.0460047,True,False,95.739204,9.993,9.987,9.904,9.301
5767999280186714368,240.05289706932328,-85.2459588442426,0.06788366850603303,100.0,0.018601616690726987,9.866048478331749,3.850000000000001,2.3550976138828634,0.9780449684428265,1.0432311,False,False,164.29453,12.215,12.112,12.096,9.312
5767514322541612672,259.40878162385627,-84.83205361694661,0.047585999478406006,191.52542372881356,0.011678516340565069,14.29751854967542,9.440869565217392,2.0293457943925235,1.1788207739590095,1.0416894,True,False,37.586708,12.005,11.807,11.187,9.36
5779184921215490816,240.5961552570184,-77.61438636482828,0.07700338311927768,100.0,0.01,8.118289393877877,6.349122807017544,2.247826086956522,0.7874325897527337,1.0737709,True,False,206.99017,11.494,11.509,11.577,9.054
5779045970433692288,238.7206535121793,-78.2381355816339,0.08075648409864798,120.33898305084746,0.01,10.605879865699045,10.857000000000001,2.6480487804878052,3.309316368524967,6.019675,False,False,87.17385,11.31,11.148,10.982,8.836
5780676546172470016,242.43862852733744,-77.08947916716016,0.13347033455295057,242.3728813559322,0.011678516340565069,8.54120903253509,16.45,2.60985576923077,1.0956675605270756,1.2129908,True,False,202.04076,11.541,11.46,10.532,8.823
5777050322467726848,255.6750687045164,-79.01527360294853,0.15774227872823582,700.0,0.01,12.204782616014203,22.15714285714286,2.0068391866913124,1.271136356442452,1.0093443,True,False,31.788342,10.46,10.26,10.096,9.276
5781402979767160576,248.1568392125156,-74.58543870463143,0.04020379848192013,140.67796610169492,0.013638774391684533,7.7643627262335695,6.168750000000001,2.4787671232876716,0.7242936890638396,1.0078042,True,False,280.9504,12.017,12.077,11.555,8.799
5774321815642664320,269.267669221576,-81.7777113800161,0.06876612904617233,130.50847457627117,0.018601616690726987,9.343110804847468,4.4679012345679014,2.1246575342465754,0.8655200071192595,1.0221323,True,False,223.40446,12.546,12.437,12.074,9.112
5791821058599282176,229.4552852778305,-76.74285159807982,0.06793940298919632,201.6949152542373,0.013638774391684533,10.384463939414587,12.479310344827589,2.56061320754717,1.352613156292292,1.524251,False,False,115.205765,11.794,11.626,10.832,8.836
5777656668771330688,254.8721276735209,-77.41773624880412,0.12141225423863414,100.0,0.01,6.285214141128735,7.924817518248175,2.56061320754717,1.8254684612275065,1.0530956,True,False,286.3641,11.32,11.39,11.261,8.892
5780099607511563008,233.3830575781537,-77.19382341287276,0.09543422799298956,100.0,0.04041001900131407,10.431581935427547,2.0407894736842107,2.095945945945946,1.0883793371337807,1.0001339,True,False,220.27419,13.301,13.144,13.197,9.611
5777668862179717632,255.93392521135704,-77.26194173780107,0.19937454646158762,161.01694915254237,0.05511431323226077,10.390913812946621,3.559672131147541,2.0255597014925373,0.9006108099639843,1.006293,True,False,287.7832,13.593,13.453,12.189,9.178
5777200165287341312,256.5901085845467,-78.07786495261941,0.05275311884393371,150.84745762711864,0.018601616690726987,8.952383796348299,5.348275862068966,3.0583098591549303,0.9832685664279306,0.98965317,True,False,236.94014,12.365,12.292,11.761,8.87
5779301538166721024,231.497488108375,-79.07777173842139,0.1997383571126217,100.0,0.01,7.377458779966572,13.91923076923077,2.4288590604026847,0.6516046967508854,1.048792,True,False,224.98328,11.288,11.342,11.049,9.387
5779656577344501248,226.89332002088983,-77.84406743574442,0.16830167332453838,700.0,0.01,8.835658012712088,22.618750000000002,2.2339506172839507,0.8811653785804702,1.0327791,True,False,96.85829,10.394,10.334,10.218,9.226
5774016529367556736,255.0627621852804,-82.29032154748978,0.06987253343476758,110.16949152542372,0.013638774391684533,7.395702129317919,11.674193548387098,6.133898305084747,8.126146843248561,26.324005,False,True,195.70232,11.14,11.189,10.901,7.965
5775623323876656768,250.0233899933138,-79.94199024424634,0.18375490945200995,161.01694915254237,0.029628775900825636,10.94766110058807,5.62538860103627,2.79819587628866,1.0719217674439963,1.0780635,True,False,156.42126,12.697,12.483,11.773,8.9
5794171470862847360,231.78580128132788,-74.38305478805796,0.06033005053027584,150.84745762711864,0.013638774391684533,8.323167384022936,5.049767441860466,2.137204724409449,0.7701686604167748,1.0172743,True,False,288.18802,12.31,12.323,11.822,9.155
5801485177391932544,264.69566597018223,-75.96858439976836,0.06069598191619812,171.18644067796612,0.04719290672293913,10.453068273331596,5.511167512690355,2.4507900677200904,0.9433725060928273,1.0346484,True,False,230.03798,13.4,13.212,11.872,9.021
5765653128530327168,245.1421439038997,-86.22002718526346,0.11224055652138312,120.33898305084746,0.01,7.473897339114303,7.190066225165564,2.8273437500000003,0.7385541481764974,1.0223045,True,False,283.9656,11.791,11.858,11.505,9.18
5767541608470866304,262.31367072679205,-84.5288443404525,0.17632935212103543,100.0,0.01,9.693923242573769,19.740000000000002,2.812694300518135,2.2268198378091753,2.9081998,False,False,85.40564,10.64,10.49,10.277,8.896
5801396907222771584,268.4540331395061,-75.31230528237701,0.058177731893345366,140.67796610169492,0.03460201435087329,10.309530105012598,3.850000000000001,2.2202453987730064,7.672899187363582,8.090154,False,False,203.9135,13.031,12.877,12.142,8.951
5780502136145080960,245.48726222654332,-77.16041563448555,0.1148217009122341,100.0,0.01,11.357883421536192,21.714000000000002,3.110888252148998,1.10703155840967,1.4053175,False,False,49.372818,10.648,10.446,10.181,8.685
5792381294133455360,233.18192212169797,-75.39505685907149,0.17484362439557144,100.0,0.01,9.157311191432314,12.925,2.4343049327354263,1.4742277099451808,1.0402074,False,False,106.1938,10.843,10.755,10.505,9.035
5801618458817331840,261.42996431117064,-74.80214464061434,0.05684913126058832,130.50847457627117,0.0877864361381346,13.262991547407827,2.603597122302159,2.2339506172839507,1.0123045031826545,1.0386108,True,False,105.364204,13.615,13.364,12.412,8.918
5781508872179581184,240.4875622128142,-76.39978423795169,0.06583025878567758,120.33898305084746,0.0877864361381346,11.905174336937126,2.2112016293279027,2.7416666666666667,0.8448176851707592,1.030015,True,False,169.06789,13.678,13.472,12.813,8.948
5773689768254963840,263.0734182784625,-83.65506149971802,0.0744784711380485,100.0,0.01,7.4115904515777595,7.924817518248175,2.2022312373225152,0.6973766190781245,0.9983898,True,False,228.84694,11.462,11.54,11.307,9.087
5801827267245031040,259.18687013394964,-75.89447998893864,0.16884450678683585,689.8305084745763,0.01,8.31837227263513,20.87884615384616,2.370524017467249,1.057626287281573,1.063467,True,False,101.01967,10.198,10.17,9.933,8.886
5802580776308852224,259.7048026026381,-73.60393329301894,0.1590246019906876,150.84745762711864,0.0643653407681979,11.10621148779459,2.4675000000000002,2.128823529411765,2.54845418486872,1.4248856,False,False,250.13986,13.801,13.521,12.471,9.129
5767204848675205632,251.21694018423744,-85.48348901889135,0.03783611884607536,100.0,0.04719290672293913,10.698451995954956,2.8875,2.4787671232876716,0.896043266467061,0.94101536,True,False,175.2671,13.105,12.938,12.58,9.261
5801217347528987904,268.4676394165095,-76.55832281110668,0.13190187259084335,100.0,0.01,7.930174284461876,6.701851851851853,2.0331460674157302,0.659008232538695,1.068896,True,False,186.42285,11.366,11.365,11.281,9.093
5776579280515411328,269.80042673345287,-78.80954907783997,0.11870063344550325,140.67796610169492,0.22271704449600335,11.801899983099695,3.119827586206897,3.6928571428571435,0.747920755458123,0.9801117,True,False,295.0345,14.706,14.531,12.446,8.704
5768866794860368000,241.1742512701825,-82.91559666337442,0.10009227550848378,120.33898305084746,0.01592806495985682,8.774484071121226,4.620000000000001,2.133005893909627,0.8081276073230865,1.0681666,False,False,257.16235,12.362,12.309,12.106,9.252
5773091737010630400,226.20930552093472,-80.69803564137624,0.18638517843436828,140.67796610169492,0.1907066257401213,13.274223982322166,2.4343049327354263,2.3449244060475163,1.0224599197937234,1.0703964,True,False,234.32747,14.991,14.867,13.105,9.362
5767817959548484224,251.6875929419153,-83.82132970740739,0.19963484008877488,700.0,0.01,8.154885987853742,17.233333333333334,2.1040697674418607,0.6667971954900055,2.95565,False,False,118.71112,10.464,10.422,10.346,9.31
5776642060055553024,266.4739330964046,-78.54915077151715,0.12344840948790449,100.0,0.01,8.919842508719963,8.287786259541985,3.0326815642458107,0.7992250318744846,1.0078709,True,False,124.38703,11.275,11.165,11.021,8.852
5766564658030295936,229.4284911546717,-85.33318030949032,0.042733088906078624,110.16949152542372,0.018601616690726987,9.74567977966899,5.348275862068966,2.252489626556017,1.0868559795332429,1.0546929,True,False,159.65475,12.218,12.071,11.799,9.08
5774825460687900800,247.96532945426995,-81.9602384576092,0.18523527503522086,598.3050847457628,0.01,9.516514989413484,17.233333333333334,2.2022312373225152,3.3185764026554163,6.5452952,False,False,95.92279,10.754,10.583,10.47,9.308
1149578615598404864,105.4203100451568,83.37604893958029,0.07807201816132016,150.84745762711864,0.013638774391684533,11.651231600116096,7.592307692307694,2.864643799472296,1.1371257253091527,0.976533,False,False,84.480034,12.223,12.033,11.499,9.177
1108295080713796224,108.61998198784012,68.26901744048585,0.10165057148960614,130.50847457627117,0.029628775900825636,10.104278472158839,3.3928125000000002,2.5727488151658773,1.0803722819715775,1.099938,True,False,195.01486,12.727,12.605,12.217,8.993
1115473620331229440,103.90006484306636,75.71826696791906,0.15499624931305356,100.0,0.021723928448358305,8.14824079625839,3.8228873239436627,2.3100000000000005,4.114782754378546,18.6754,False,False,298.44894,12.376,12.423,12.244,9.07
1141435048367483008,94.35559160962576,79.64903827413643,0.03715622313827477,150.84745762711864,0.01,9.947061186017045,6.743478260869566,2.133005893909627,0.9214342758633691,1.0186732,False,False,143.54199,12.096,11.924,11.554,9.201
1150075045097606528,95.7913022241982,85.06217882783889,0.1465922580590237,618.6440677966101,0.01,10.941660443339366,22.618750000000002,2.2571725571725576,1.217381241441611,1.5345073,False,False,51.402958,10.382,10.196,10.012,9.078
1114190112303714560,95.4398921610456,73.31469501545936,0.062468373276292434,130.50847457627117,0.029628775900825636,10.815908137234814,5.539285714285715,2.9745205479452057,0.902485127748618,1.0369949,False,False,118.68788,12.352,12.208,11.62,8.59
1110319109820196224,116.6077211249136,70.73193400851957,0.0478904042165229,100.0,0.011678516340565069,7.074513581519909,5.348275862068966,2.2905063291139243,0.6583875613003367,1.0306544,True,False,223.05989,11.3,11.335,11.211,8.473
1105522902662922112,92.04299262608517,68.50765130993324,0.11324226678566818,171.18644067796612,0.01,7.635957942515167,13.571250000000001,3.4798076923076926,1.038488601173702,1.7218518,False,False,201.74966,11.198,11.208,10.62,8.54
1136559916888663424,109.53728674008984,76.3624087746878,0.18480557449303414,100.0,0.01,8.902356282320742,16.2044776119403,3.212130177514793,0.9959282560071127,1.069786,True,False,120.90068,10.769,10.722,10.601,8.923
1145071442558047616,127.89293790164652,80.27733202893795,0.035240791262021016,140.67796610169492,0.01592806495985682,9.072959358228903,4.912669683257919,2.0798850574712646,0.6071498091208808,0.9676797,True,False,229.26889,12.552,12.463,11.918,9.169
1115966648217021568,96.89464546452136,75.37151856410112,0.052421705315115634,110.16949152542372,0.03460201435087329,11.775576072360472,4.25764705882353,2.412666666666667,1.0997982158995865,0.9552675,True,False,98.39064,12.629,12.445,12.027,9.021
1143865828058838784,91.54155003071544,83.47987821466393,0.19919365707715242,700.0,0.01,8.15406470792438,21.28823529411765,2.1081553398058253,6.076513610120222,6.998579,False,False,106.42549,10.231,10.221,10.066,9.052
1149131041349316224,131.46982955797455,83.6767465935862,0.06214729591346525,100.0,0.01,7.361534333074044,6.743478260869566,2.048490566037736,0.6527256140709226,0.9905149,True,False,287.59818,11.963,12.004,11.713,9.418
1104935076257081216,92.3976467604371,66.61865054878834,0.15783475053382984,700.0,0.01,9.167892853846507,28.57105263157895,3.457643312101911,1.2554856019878218,1.1044587,True,False,66.85068,9.837,9.735,9.611,8.695
1116230668446330880,93.6428667219663,75.95416904303248,0.1837106379688513,120.33898305084746,0.01,8.93567874298598,6.424260355029586,2.162749003984064,1.0369923991518333,1.5580294,False,False,189.18132,11.726,11.614,11.421,9.259
1115543301880253824,101.70656231517408,75.35612972358548,0.11788534556530786,100.0,0.025370325336541884,10.929192045194675,4.5810126582278485,2.950271739130435,12.365249303823697,19.735193,False,False,99.456825,11.88,11.733,11.782,8.745
1150638231273144448,97.47934100314706,86.54313499250802,0.1711606417866189,191.52542372881356,0.0643653407681979,11.521788342746582,4.9350000000000005,2.048490566037736,1.0014823122951004,0.9972364,True,False,220.83003,13.8,13.577,11.954,9.344
1122523310930895616,124.47248870340482,70.95978813815896,0.16260747513374751,700.0,0.01,8.517029819867323,25.24883720930233,3.446666666666667,3.1158363416158594,35.972263,False,False,72.28887,9.477,9.37,9.32,8.386
1139234513283539328,116.63855683185052,80.0652384122402,0.16386133032840236,700.0,0.01,9.59418598508858,37.43793103448276,4.542677824267783,1.5601270786793902,1.4171696,False,True,53.3163,9.421,9.346,9.209,8.687
1116977820956126848,134.40364483700455,67.2142156997788,0.1974787734375455,100.0,0.01,7.110323118361355,11.42842105263158,2.6416058394160586,1.2352764946102266,1.0383146,True,False,159.58357,10.549,10.618,10.465,8.567
1122200776066224512,132.47765171419448,72.61026340621764,0.02051740101804024,100.0,0.021723928448358305,10.743555631789988,5.805882352941177,2.180120481927711,1.2512825904631717,1.0646467,True,False,94.83815,11.725,11.57,11.42,8.7
1138883425476322048,124.70741128510493,78.7224703554839,0.1667756858487672,700.0,0.01,9.403524995107482,28.57105263157895,2.1246575342465754,10.229804330625813,32.76341,False,False,67.41858,9.837,9.717,9.62,9.12
1098512412225118976,123.46528004129298,70.9228479236331,0.10729621072679361,140.67796610169492,0.11972993971380404,13.468924346829404,2.4787671232876716,2.591169451073986,1.795355370019884,1.360833,True,False,127.80067,13.996,13.791,12.441,8.845
1106154159775826432,96.62960670847718,68.79045772291154,0.12018157321816486,130.50847457627117,0.04041001900131407,9.426629106213682,2.247826086956522,2.215714285714286,0.8932266699594397,1.0416441,True,False,293.88416,13.14,13.014,12.519,9.021
1141851110439413888,115.30313813022364,79.77679381901176,0.17925491200288984,140.67796610169492,0.013638774391684533,10.054632291694595,6.133898305084747,2.05625,1.172121097304841,1.0728946,True,False,180.64217,12.368,12.241,11.982,9.497
1109224545994395392,107.1241554866731,69.20023743048331,0.14586064135284457,100.0,0.01592806495985682,7.635101761621442,4.9350000000000005,2.6480487804878052,3.5685608139849423,1.7123123,False,False,175.93889,10.735,10.675,10.852,7.889
1136468859285754752,112.27806624579736,75.68805489135583,0.07355552731649251,191.52542372881356,0.021723928448358305,9.141393666370746,7.755,2.5426229508196725,1.6482854068790687,3.8565228,False,False,270.77045,12.739,12.621,11.509,9.19
1150107411972074112,112.55024533060086,84.22741186246317,0.05844344779379915,120.33898305084746,0.01,7.390529198238313,5.073364485981309,2.461904761904762,0.6651443262308805,1.0564458,True,False,298.89893,11.972,12.02,11.653,9.162
1135673573078276992,124.66384077234213,75.41945927955128,0.030390188519706037,110.16949152542372,0.013638774391684533,8.318581105772683,4.912669683257919,2.3298283261802575,1.7555052383156338,0.999377,True,False,237.18039,12.055,12.019,11.871,9.137
1150658679613437312,90.14036808528584,86.78692063494125,0.12104200696568344,120.33898305084746,0.01,7.226899545201345,8.616666666666667,2.554588235294118,0.8207925286817351,1.010754,True,False,283.88065,11.757,11.834,11.363,9.091
1149637645627116544,100.1100196966614,83.42708125496374,0.09166479729918972,140.67796610169492,0.0877864361381346,12.710893916241508,2.314925373134329,2.180120481927711,0.9335407187046019,1.0824174,True,False,155.94513,14.156,13.966,12.728,9.249
1139199054033483008,120.10579894650544,80.04267486884959,0.036076943618079865,110.16949152542372,0.018601616690726987,9.630968078424916,7.810791366906475,3.571381578947369,1.0497869194434792,1.0614647,True,True,152.02296,11.908,11.786,11.592,8.796
1124972404361365760,133.01211846287785,75.31607398056698,0.03685833933677794,140.67796610169492,0.03460201435087329,9.270062917288577,3.457643312101911,2.1714,0.8022813781299821,0.9608711,True,False,295.02133,13.25,13.107,12.276,9.103
1149246322568300160,127.1370800969538,84.44829904148041,0.10386426003299122,100.0,0.01,11.239594702904363,8.48203125,2.0031365313653136,1.1287928199165391,1.0904561,True,False,79.56782,11.837,11.672,11.498,9.637
1115438362942844672,103.62274681222704,75.34305844609857,0.09944854724943761,130.50847457627117,0.0643653407681979,12.77766206544776,2.6940446650124072,2.229363449691992,0.984230141919283,1.0056089,True,False,121.34324,13.547,13.289,12.596,9.235
1141296338103351680,100.9063181277733,79.79287644732504,0.11941523476371493,100.0,0.03460201435087329,11.892004349339635,2.7555837563451777,2.0031365313653136,1.0917318120350783,1.0204756,True,False,104.78896,12.926,12.743,12.559,9.399
1110332510117583104,116.48879648542696,70.84352741210208,0.07831137716065205,100.0,0.011678516340565069,6.724446325493627,4.523750000000001,2.0601518026565464,0.4579490255924854,0.9873656,True,False,287.61328,11.646,11.721,11.453,8.716
1115596593834363904,100.46044332850988,75.52221733715527,0.1198448960925143,161.01694915254237,0.0643653407681979,9.914215203715841,9.20084745762712,5.9327868852459025,0.9299677123269128,0.98006016,False,True,180.3417,12.735,12.633,10.96,7.923
1114655579382548992,104.39781671605702,72.77560068425383,0.18751751937019812,161.01694915254237,0.04041001900131407,10.876167962958402,3.6311036789297666,2.314925373134329,0.9666996139905084,0.9347683,True,False,199.07733,13.14,12.97,12.052,9.077
1149648709464608128,100.7820774453491,83.71297578541154,0.17442366720275992,700.0,0.01,8.687429819838885,33.928125,2.0369606003752345,1.470352718978624,1.2109694,True,False,73.177444,9.711,9.651,9.498,9.027
1136298370560752384,113.538903437801,75.6275761892873,0.10140458876288709,100.0,0.01,10.571091013358188,13.080722891566266,2.2618750000000003,1.1847800920755365,1.092103,False,False,73.833626,11.081,10.931,10.844,9.122
1123002079524481536,123.5048534321365,73.09831095227332,0.18293432718547714,100.0,0.01,6.334577942302535,4.431428571428572,2.162749003984064,0.5514422076274813,1.0626541,True,False,251.28792,11.253,11.309,11.324,8.765
1122230462880099584,132.79739964651725,72.85608953499953,0.16948058061672513,140.67796610169492,0.07516916839274382,11.908116194459087,3.3303680981595094,3.221661721068249,1.0395417857479312,1.0176134,True,False,124.13669,13.407,13.217,11.946,8.481
1152135392449070592,102.46842496559616,87.04367295148056,0.0809534441770147,100.0,0.01,7.86845378195072,5.837096774193549,2.0719465648854962,0.7148060254845758,1.0648448,True,False,225.03737,11.577,11.608,11.76,9.159
1110329452100839552,117.22424567016526,70.98435489542106,0.03536208259082872,130.50847457627117,0.013638774391684533,8.489385246310638,4.241015625,2.14990099009901,0.8375965275039001,1.0045562,True,False,234.7903,12.141,12.016,11.729,8.967
1094306578386441344,128.31183759839692,68.42638369723197,0.08066399126754274,100.0,0.021723928448358305,9.74274854353157,5.965384615384616,3.0931623931623937,0.9777278654475485,1.0301815,False,False,97.82244,11.129,11.02,11.039,8.113
1122925732185956352,121.89314943230224,72.81348644867002,0.06802898028298651,100.0,0.018601616690726987,10.706518762121036,6.743478260869566,2.5131944444444447,1.22696872353143,1.0780064,True,False,81.46541,11.285,11.133,11.079,8.562
1123736445916668800,133.48254930321085,73.00542231508399,0.1846790572682325,232.20338983050846,0.0643653407681979,11.25324366370048,3.5831683168316837,2.133005893909627,0.8773107248791806,1.0053982,False,False,190.56804,13.881,13.694,11.168,9.089
1110248260039370880,114.7153259390634,70.37412511323407,0.03190761635572906,100.0,0.013638774391684533,8.485174589920353,5.455778894472362,2.1414201183431953,0.9642767075714336,1.0119497,True,False,155.41763,11.215,11.175,11.065,8.503
1114965027483235840,101.55466996248356,73.7667603927969,0.04980432456023829,150.84745762711864,0.1398268057402531,10.77453546616276,3.146956521739131,2.674137931034483,0.8747041282844806,1.0366496,True,False,291.18762,14.281,14.079,11.918,8.549
1108290923185730560,108.9069538167672,68.22819810801266,0.09486293018951407,130.50847457627117,0.011678516340565069,9.500503859370061,4.413414634146342,2.0068391866913124,1.738437171169521,2.4755762,False,False,175.23499,12.038,11.897,11.815,9.237
1149645685807623168,101.45534382406898,83.601494918009,0.09351998203823947,161.01694915254237,0.0877864361381346,11.11822616756596,3.559672131147541,2.238556701030928,0.9711213210597073,1.0257221,True,False,265.30618,14.207,14.045,12.333,9.151
1141408797527500672,94.08255586190198,79.4581642843559,0.13260537267801256,130.50847457627117,0.029628775900825636,10.645472755930559,3.9336956521739133,3.1020000000000003,1.0222114895638004,0.96717954,True,False,151.28137,12.506,12.299,11.933,8.887
1141678693272701696,112.60151054278758,78.75241139719414,0.1994042039608002,700.0,0.01,8.25400266775868,43.428000000000004,3.548039215686275,2.516643998187929,47.158623,False,True,73.37337,9.284,9.182,9.083,8.777
1140793277174071552,97.99112008653609,78.58698347798982,0.16879292902110382,700.0,0.01,11.354249375034884,33.928125,2.6873762376237624,1.4607721517081287,1.2651447,True,False,31.28664,9.838,9.66,9.491,8.92
1138772374802544384,118.30078323819431,79.22858101020157,0.17373854340763484,100.0,0.01,7.327982467899413,10.966666666666667,2.365359477124183,0.6639155657122328,1.0623386,True,False,222.57368,11.384,11.431,11.111,9.313
1125221615544397056,129.64302096001717,75.79414681725082,0.16948582820338462,700.0,0.01,10.444633247959743,43.428000000000004,4.449590163934427,1.257359444459637,1.4303647,False,True,31.308146,9.189,8.994,8.866,8.396
1136415880865608960,108.65823343521453,75.49430489468783,0.11129767975097755,140.67796610169492,0.01592806495985682,10.962661052318733,4.4679012345679014,2.0719465648854962,0.8752244176805026,0.99689144,True,False,138.78291,12.908,12.73,12.139,9.528
1141047814115947392,91.20780440684962,78.94028976985875,0.11161181554356737,303.3898305084746,0.01,8.558217327561849,14.671621621621624,2.3449244060475163,1.6277480906523425,2.512087,False,False,176.74622,11.429,11.404,10.634,9.112
1114120911790847872,96.9735390976734,73.01271426167577,0.13462248492286805,100.0,0.01,7.956452548811016,8.10223880597015,2.238556701030928,2.044920481158905,4.890954,False,False,199.86617,11.227,11.179,11.089,8.939
1114263298546700288,98.01542637193118,73.74922989509516,0.08010814172591711,140.67796610169492,0.021723928448358305,9.651614017630063,3.9053956834532375,2.091907514450867,1.1054852621601812,1.0164719,False,False,169.41833,12.078,11.988,11.445,8.592
1113722751142255872,95.95445880929256,72.59841673739399,0.049366061455103326,161.01694915254237,0.0643653407681979,10.142860894408043,3.502258064516129,2.206707317073171,0.8554423745008839,0.98978263,True,False,283.05734,13.779,13.59,12.051,8.894
1092888826861684736,134.3959427323821,66.52695770293649,0.07842044397279299,100.0,0.01,7.898476115740122,9.523684210526316,2.5426229508196725,0.7428122542316212,0.988611,True,False,143.7417,10.681,10.715,10.7,8.397
1149534978730714496,118.88837156029358,85.42170433178948,0.13854966992046244,100.0,0.013638774391684533,8.784341849273982,4.620000000000001,2.4343049327354263,0.7459722929628988,1.0289123,True,False,190.40942,12.035,11.966,12.103,9.314
1106808540994315648,95.7920555154307,68.63934715904146,0.1510897674776312,120.33898305084746,0.04719290672293913,11.015813903890395,2.319871794871795,2.4343049327354263,0.9910045481659369,1.0065074,True,False,188.19766,13.194,13.016,12.687,9.08
1110486235586565376,112.77197032546566,71.09245752724426,0.02767559275525089,100.0,0.025370325336541884,7.521075089389361,2.9029411764705886,2.380921052631579,0.9290442226984751,1.5526012,False,False,299.3374,12.076,12.077,11.929,8.53
1102756840642400896,102.45319171755568,67.11382189447406,0.0721940781249166,130.50847457627117,0.01592806495985682,8.912732164974368,4.561764705882354,2.285684210526316,0.8297903057153541,1.0188586,True,False,236.67172,12.362,12.294,11.93,9.03
1152707379014302464,116.81932846766678,88.70992635934414,0.17519583662139918,120.33898305084746,0.01592806495985682,8.637220662022106,5.270388349514564,2.9745205479452057,0.9188516928445433,1.201581,True,False,242.0034,11.99,11.939,11.82,8.956
1108282470689774208,109.52000846891578,68.18194824384753,0.031283043467314156,150.84745762711864,0.01,7.727887400215146,5.998342541436465,2.490137614678899,0.6586339788581306,1.0720265,False,False,285.4139,12.104,12.131,11.578,9.027
1112515483078368896,100.8726269264638,70.55596506128849,0.08969812678891158,140.67796610169492,0.26010046434689327,12.457002242711322,2.133005893909627,2.1205078125,0.815023531031424,1.0199707,True,False,220.46637,14.868,14.737,12.17,8.499
1141967864830097152,105.8418795003548,79.44455899229605,0.13585971672685718,293.22033898305085,0.01,10.111029408013383,19.387500000000003,2.680740740740741,1.368678368776017,1.099521,True,False,92.15547,11.265,11.128,10.534,8.968
1141986316009544192,108.21494047761492,79.63031745172115,0.08586441701736161,140.67796610169492,0.04041001900131407,11.652310072825681,3.948,2.238556701030928,0.9792582821123459,0.92396826,True,False,127.57136,13.139,12.945,12.092,9.02
1098727779065302784,118.48062603195312,71.35602387202142,0.06047835635391785,201.6949152542373,0.22271704449600335,12.708647876153869,9.960550458715597,3.371739130434783,0.7800652471972378,1.1008571,True,False,185.25589,14.673,14.421,11.03,8.619
1108612667773871232,113.73089458776036,69.05696965791498,0.15011688445993243,100.0,0.013638774391684533,7.007005120401965,3.7437931034482763,2.380921052631579,0.9734664577305446,1.0447438,True,False,189.23592,10.869,10.953,11.207,7.847
1108603184486029184,114.822399052912,69.0592479862507,0.12892715166626037,120.33898305084746,0.01,8.907871173179176,6.540361445783133,2.048490566037736,1.0211366841006435,1.8692288,False,False,121.77669,10.826,10.716,10.553,8.316
1105325815202889216,93.83272045061494,68.29298623505757,0.11716065356405445,100.0,0.025370325336541884,9.761041679804112,3.310060975609756,2.0719465648854962,0.7525260589357416,1.0143206,False,False,167.06715,12.241,12.107,12.324,9.013
1111150959085326464,115.71372372153662,72.90988332485297,0.15692180837972455,100.0,0.01,8.000476868782574,8.616666666666667,2.4787671232876716,0.5973151968415855,1.0726253,True,False,139.46031,10.595,10.65,10.633,8.654
1108364830981460992,110.6633689241494,68.74394512167521,0.06976026605860841,140.67796610169492,0.013638774391684533,10.697328484184581,5.1947368421052635,2.3757111597374183,1.2172167651678338,1.0557687,True,False,100.14985,11.719,11.566,11.191,8.732
1095898293269552768,114.00092458511249,66.76197228061055,0.18399196146864366,100.0,0.01,11.231580683149609,17.798360655737707,2.982692307692308,9.181003842357805,15.092586,False,False,54.721786,10.579,10.405,10.184,8.768
1096082839421518976,117.5799607194883,66.74187473289071,0.19445934864483194,100.0,0.01,9.663827579466528,7.924817518248175,2.252489626556017,0.7430459603950601,0.99510294,True,False,105.6789,11.523,11.376,11.256,9.071
1109723689913213312,109.53368623720772,70.48947135325511,0.034768618045761805,110.16949152542372,0.013638774391684533,7.602890478853447,3.7437931034482763,2.162749003984064,0.8806016247349541,1.1104794,True,False,214.87758,11.432,11.465,11.227,8.418
1103275603974752000,103.93188556768705,68.58098509793189,0.040369755621543726,140.67796610169492,0.0877864361381346,13.029040737558336,9.047500000000001,7.385714285714287,1.089623442480047,1.0018572,True,True,73.40321,12.811,12.598,11.331,7.893
1141545927243914880,93.41905808810176,80.19639611939441,0.07474355278933884,140.67796610169492,0.04719290672293913,10.513965433175755,2.603597122302159,2.238556701030928,0.973618015432732,1.0643358,True,False,225.23367,13.379,13.202,12.452,9.13
1143235567378057344,94.77300518618206,81.68154937730017,0.04192528051336721,130.50847457627117,0.011678516340565069,10.587807663971754,6.133898305084747,2.0031365313653136,0.9358084203625712,2.1962655,False,False,119.97282,12.115,11.936,11.716,9.303
1150988734964601728,132.70447624956878,85.38463034121675,0.08271889635571486,150.84745762711864,0.04041001900131407,10.200545055384868,2.849606299212599,2.0068391866913124,0.8852198021126223,0.9808856,True,False,298.0532,13.778,13.597,12.702,9.593
1125663000743688192,134.58152273780578,76.69928686513528,0.05014365563552219,150.84745762711864,0.029628775900825636,9.843025905834045,3.468690095846646,2.167065868263473,0.9649815440112285,0.98510617,True,False,246.60667,13.104,12.989,12.222,9.297
1111964013574979200,110.32718791474346,73.69432160875228,0.07802267311530654,140.67796610169492,0.013638774391684533,8.524813357015606,4.720434782608696,2.2431818181818186,0.9836762508373438,1.0478024,True,False,252.43672,12.186,12.168,11.8,9.085
1152459679659431680,128.62163540575176,88.0739079750457,0.18308262384536714,100.0,0.018601616690726987,9.495412929885855,3.3303680981595094,2.1845070422535215,0.7660959564955766,0.98525697,False,False,171.909,12.254,12.126,12.449,9.223
1112850082507769472,100.31811075371851,71.45242113485727,0.1813961222302126,700.0,0.01,10.496081760168146,28.57105263157895,2.6610294117647064,1.564685997364175,1.201983,True,False,36.009712,9.526,9.365,9.305,8.492
1145457985317768576,123.39151560366165,81.8434872775359,0.09544402747678742,161.01694915254237,0.029628775900825636,10.253837453050814,4.7,2.0068391866913124,0.7872224679883455,1.0192186,True,False,236.43486,13.296,13.136,12.185,9.372
1145227126532394880,134.53615870983194,81.14411444436318,0.05788815076913102,130.50847457627117,0.013638774391684533,10.602804224578943,7.190066225165564,2.6545232273838635,6.589676707681379,15.176197,False,False,114.150536,12.045,11.896,11.525,8.983
1148907329389639424,116.20847444400331,83.58899836562267,0.15076223365667535,700.0,0.01,8.82477490183295,26.48048780487805,2.1845070422535215,1.1307182283749957,1.0177689,True,False,88.295876,10.244,10.182,10.015,9.188
1149370150768812032,118.36520511269042,84.26471781034539,0.07069137970257697,120.33898305084746,0.0643653407681979,11.300924715433972,2.1163742690058482,2.3550976138828634,0.9535734505434782,0.9826317,True,False,218.1673,13.839,13.667,13.014,9.354
1123350040594938880,128.400116347793,74.1608195804805,0.1296636814928657,140.67796610169492,0.018601616690726987,9.098513752804667,3.948,2.238556701030928,0.7847383642697463,1.0197935,True,False,246.55502,12.46,12.427,12.021,9.117
1098303608094461184,117.2026912738916,70.53652242545168,0.05319758499916039,100.0,0.021723928448358305,8.366934202808045,3.730927835051547,2.0759082217973233,5.1186994886355075,14.067084,False,False,216.04497,11.79,11.738,11.765,8.614
1149038274351886848,125.86343551090438,83.38867038501049,0.062184237004231147,100.0,0.04041001900131407,9.68106131116419,2.4787671232876716,2.1205078125,0.8701300717506049,1.0709772,True,False,256.46124,13.201,13.055,12.908,9.505
1097201626862198912,126.30490421819265,68.29001957838845,0.08922917223701249,100.0,0.01,8.479216783810868,10.644117647058826,2.6545232273838635,0.7730076248449618,1.2117984,False,False,77.81022,9.698,9.662,9.53,7.597
1109944141995306880,104.43433946791768,70.76929958254081,0.09227912425002198,100.0,0.01,8.881661904979307,9.693750000000001,2.4234375000000004,0.9924346148070523,1.1928058,True,False,109.884445,10.659,10.528,10.454,8.274
1111139929609297664,116.18022499530012,72.91111164770376,0.15116103379012472,100.0,0.018601616690726987,6.920350151915055,3.0669491525423735,2.5727488151658773,0.5321554813178322,0.99913406,True,False,296.59824,11.864,11.917,12.122,8.554
1098428578759643776,121.56566471720733,70.46911272665928,0.08582811523080276,100.0,0.01,7.190874517415978,7.436301369863015,2.133005893909627,0.5856099422946205,1.0429221,True,False,211.18161,11.188,11.274,11.074,8.834
1111187346048115968,116.38661599918088,73.2689632554019,0.059908946682646916,161.01694915254237,0.03460201435087329,10.88539643668547,5.21971153846154,2.6480487804878052,1.0370440600070285,1.1507083,True,False,130.57797,12.638,12.451,11.386,8.481
1104201049164984704,99.74493718856506,66.68698663764455,0.09307259356922873,100.0,0.01,7.2305534629048065,9.440869565217392,3.0583098591549303,0.742129275390229,1.0963863,True,False,210.6087,11.212,11.273,11.138,8.888
1092884772411363200,133.88106620315156,66.46850069579625,0.19265620649500972,700.0,0.01,9.507771090539508,57.1421052631579,7.190066225165564,1.549816737455386,1.278676,True,True,24.555206,7.813,7.729,7.632,7.259
1095281776481623040,120.24907691661434,66.5749384401827,0.0930678962607672,100.0,0.01,9.1810738398941,12.772941176470589,2.982692307692308,1.5824500842874913,1.1049191,True,False,112.19245,10.959,10.848,10.672,8.831
1150574390879641472,105.39676020364288,86.25569789897594,0.05119106216904726,130.50847457627117,0.0643653407681979,11.831003426048444,2.4397752808988766,2.206707317073171,1.1099401223805971,1.0176566,True,False,175.28894,13.89,13.697,12.785,9.206
1106185289698625664,96.5006456871715,69.09302608947608,0.15477273116845683,567.7966101694915,0.01,10.248890372180384,25.85,2.6873762376237624,1.3334549830814795,1.9927611,False,False,53.868034,10.069,9.93,9.676,8.574
1093059521745795200,129.86034301377563,66.5046759541605,0.19070103642927974,700.0,0.01,9.123521593282309,41.75769230769232,3.705460750853243,1.0588279788471737,1.2437128,True,True,44.380264,9.009,8.913,8.812,8.236
1137495670003959040,123.4559211419906,76.76124392288719,0.08125381823929695,140.67796610169492,0.01,9.618954126869099,7.983088235294118,2.603597122302159,2.741793271159912,3.7585063,False,False,141.03288,11.614,11.526,11.247,8.889
1115017288645268480,98.52019437698536,73.90881592447224,0.07585832299919422,130.50847457627117,0.018601616690726987,8.246658900863748,3.371739130434783,2.05625,1.218369520662814,2.3237166,False,False,243.36472,11.94,11.853,11.536,8.432
1122615635547864320,122.72649303580091,71.68141688532499,0.14921181179683016,100.0,0.029628775900825636,11.05017370977573,3.110888252148998,2.2431818181818186,1.2411210159952113,1.0124023,True,False,113.44978,12.348,12.181,12.439,9.035
1114558036383461504,92.61115136306346,74.59795936702626,0.12643446671592024,100.0,0.01,7.871729718826799,4.523750000000001,2.0331460674157302,0.7219000687249318,1.0242436,True,False,200.88109,11.421,11.43,11.619,9.154
1135180339033241856,120.41815854581164,74.29237343664634,0.13233154139591002,100.0,0.029628775900825636,10.017548628448147,3.320183486238532,2.314925373134329,3.915711055847977,3.854244,False,False,157.65991,12.151,11.962,12.061,8.938
1105875502295833728,99.57457311450756,68.19107632081445,0.04105491643195505,130.50847457627117,0.01,7.473649981862484,6.660736196319019,3.1561046511627913,0.5850557328677145,1.0139017,True,False,257.2018,11.746,11.781,11.431,8.829
1116236372162877824,94.35559812867034,76.05045037143128,0.11871689230779661,100.0,0.01,7.0326096185252815,7.983088235294118,2.3550976138828634,0.7110354535359688,1.0237894,True,False,213.038,11.174,11.225,11.059,8.873
1116684148273383424,92.19756805859058,76.58499825115753,0.09436272996646758,150.84745762711864,0.021723928448358305,8.802437575285378,4.5810126582278485,2.6610294117647064,0.6629906916661816,1.0121521,True,False,266.74377,12.443,12.401,11.824,8.818
1125781713639295616,134.19277303941303,77.1471079043456,0.049549354264169725,100.0,0.013638774391684533,7.537113394960686,5.2960975609756105,2.591169451073986,0.7032012373849841,0.9895825,True,False,273.62106,11.899,11.954,11.918,9.119
1112610629491675008,101.69677640106887,70.84429890946245,0.153597252369621,100.0,0.01,6.478042221641257,4.60042372881356,2.566666666666667,0.4094723049531411,0.98494786,True,False,223.82127,10.968,11.039,11.259,8.405
1143150870622813184,93.15268196000368,81.17997991785684,0.104196165322311,100.0,0.013638774391684533,7.778392836661313,4.360240963855422,2.566666666666667,0.617330391220757,1.0034639,True,False,240.57275,11.873,11.884,11.925,9.014
1123272043988870912,130.37550636714292,73.8556153331224,0.1392022711526959,100.0,0.01,7.586979242867844,8.899180327868853,2.206707317073171,0.4918062548190325,1.1021614,True,False,190.04382,11.202,11.235,11.167,9.068
1143424644721272576,101.92606706643492,81.7712317897451,0.19412308782528173,700.0,0.01,10.625262769079011,27.142500000000002,2.133005893909627,1.269698997266065,1.0487831,False,False,44.320724,10.099,9.954,9.829,9.187
1095964126526313984,115.33875678463072,67.02492722500587,0.03856468119485641,100.0,0.011678516340565069,9.230973434029124,7.050000000000001,2.180120481927711,0.8982706019651697,1.020368,True,False,147.2734,11.61,11.539,11.408,9.109
1145339345437975424,123.46081809010477,80.68414578415349,0.13610682066568147,120.33898305084746,0.04041001900131407,10.233806000817612,2.834725848563969,2.2022312373225152,0.9425024038394817,1.0069884,True,False,222.64554,13.094,12.92,12.527,9.096
1143052876648013184,99.6102988360585,81.46356718600315,0.15882360748695867,700.0,0.01,10.995888808266717,20.105555555555558,2.091907514450867,1.5529345366029244,1.1478479,True,False,44.087395,10.314,10.169,9.987,9.231
1111618732564488832,106.29726279746905,72.20948287347875,0.04737621220427491,150.84745762711864,0.01,8.151090832030047,6.7856250000000005,2.305095541401274,2.377093055301305,0.9751678,False,False,283.40332,12.272,12.234,11.712,9.295
1112939005510498688,97.73095490271945,71.96494287352289,0.18769593841315918,100.0,0.018601616690726987,10.584517711373284,4.890540540540541,2.3348387096774195,1.0896989652027955,1.6173797,False,False,121.11074,11.746,11.576,11.726,9.003
1152805132470102528,128.5123479677107,88.95424392114826,0.056369965724391714,130.50847457627117,0.03460201435087329,11.444584191668994,2.990909090909091,2.1889112903225807,1.8927952173978437,1.8506612,False,False,140.54913,13.017,12.779,12.283,9.177
1116503416050087936,97.49023426471813,76.69691043670959,0.04433171193240086,110.16949152542372,0.03460201435087329,10.608325091942586,3.9336956521739133,2.41804008908686,0.9099972537348755,1.0129431,True,False,153.57205,12.739,12.584,12.24,9.035
1142797961749227392,103.08288548726765,80.0196321103407,0.07374447591993807,110.16949152542372,0.01,8.096118410535766,7.436301369863015,2.197773279352227,0.5924637645513035,1.0173504,True,False,230.72939,11.728,11.743,11.446,9.172
1145162289706089216,128.48358988915095,80.92909550054726,0.0706945358482173,161.01694915254237,0.029628775900825636,11.803378025312394,4.0662921348314605,2.0369606003752345,0.813280981942017,0.96956384,True,False,137.0604,13.159,12.959,12.158,9.396
1093131818931590528,131.60102820951718,66.85137383360254,0.09678070969174941,140.67796610169492,0.029628775900825636,8.923174833013807,3.4141509433962267,2.0798850574712646,1.4306169743675352,1.4386196,False,False,263.54843,12.545,12.424,11.742,8.601
1109987332186287104,104.37440388027836,71.40268100007643,0.09326983062547944,100.0,0.01,7.048578958146933,7.924817518248175,2.680740740740741,1.754315582886159,4.634987,False,False,211.60124,11.146,11.167,10.783,8.453
1148876474344680832,117.9112206722608,83.12335420839086,0.07934274444119417,100.0,0.025370325336541884,10.064700849273091,3.1653061224489796,2.0031365313653136,0.8743726292655595,1.0228565,True,False,175.43443,12.782,12.606,12.395,9.428
1134973149810909824,119.9373881043358,73.24783709881937,0.02621782280630943,150.84745762711864,0.01592806495985682,9.947205021980338,5.049767441860466,2.2339506172839507,1.3906077009292541,1.0252596,True,False,138.89992,12.032,11.874,11.297,8.753
1116694593633678592,91.95847604486056,76.85387219173192,0.08610952775217703,110.16949152542372,0.01,10.372143993453545,11.309375000000001,2.2618750000000003,0.9791427347979964,1.0523338,True,False,86.168335,11.398,11.258,10.824,8.872
1097875696209513984,118.97219855485876,68.90649277434542,0.1470939154194802,700.0,0.01,10.731538679391903,23.60217391304348,2.319871794871795,1.6859576722253613,1.3090067,False,False,29.163958,9.092,8.922,8.829,7.936
1114851090590777984,104.78602567149758,74.14609985138362,0.03446071788263015,100.0,0.04719290672293913,10.568030551999936,2.5426229508196725,2.5426229508196725,0.8160150807649414,0.9584741,True,False,154.83812,12.704,12.537,12.346,8.812
1109087794237137792,106.18897429039004,68.5365938027299,0.05734107525204967,100.0,0.01,8.532932188261714,8.755645161290323,2.2202453987730064,0.7360981044688574,1.0003337,True,False,176.3109,11.512,11.487,11.464,9.309
1107165607393042432,90.46445028157488,69.68808740082302,0.020010641351259094,130.50847457627117,0.025370325336541884,9.06847725460752,2.6416058394160586,2.0407894736842107,0.9046291641352449,1.0169791,True,False,223.14818,12.406,12.342,11.785,8.675
1145558354409915008,123.21026688836108,82.033535300156,0.18410678904470035,140.67796610169492,0.01592806495985682,9.52311619393106,4.5810126582278485,2.1933333333333334,4.496289735531217,4.3789024,False,False,250.54132,12.689,12.544,12.277,9.506
1135093374535466496,122.15876079662694,73.79784302957968,0.09449417508258753,110.16949152542372,0.01,6.4356014950453995,5.6546875000000005,2.8054263565891473,0.5631164083094873,0.9510861,True,False,287.77264,11.515,11.602,11.136,8.483
1105026232642754560,90.15881923010993,67.2931398882085,0.13119423996998847,700.0,0.01,9.903335295909207,30.15833333333334,3.1653061224489796,1.164637077967854,3.5961602,False,False,55.52873,9.939,9.799,9.606,8.718
1118461818056372608,131.40039233931708,69.78318020804686,0.041358062139908724,100.0,0.01,7.265573765446268,5.401492537313433,2.1205078125,0.7659592427954016,1.0233454,True,False,264.882,11.706,11.768,11.685,9.099
1141152714397139328,100.09247426551894,78.88327303792681,0.06829164120700966,110.16949152542372,0.01,7.01862169094337,8.755645161290323,2.6610294117647064,0.5686446433444104,1.0287766,False,False,268.20728,11.596,11.652,11.313,8.828
1097130261685469184,122.508340886193,68.63007119837215,0.15809980447719366,100.0,0.01592806495985682,6.965223007044583,2.3550976138828634,2.1163742690058482,0.5965953288677758,1.1112622,True,False,266.4498,11.504,11.554,11.912,8.435
1106356710432874624,101.53446863622,68.98736825283312,0.0718419639379677,100.0,0.01,9.505504876015799,12.772941176470589,3.24089552238806,1.721461055068918,1.1100931,True,False,94.03619,10.752,10.615,10.467,8.43
1114075213338913024,90.2362025350669,73.69012224413916,0.14092343058114162,120.33898305084746,0.04719290672293913,10.256565776380995,2.154166666666667,2.1122568093385214,0.878173794516033,1.0970159,False,False,225.79808,12.972,12.808,12.497,8.927
1145210427699675264,131.85058727055838,81.039638048382,0.04233783152862732,100.0,0.01592806495985682,7.753683377594414,4.291304347826087,2.365359477124183,0.5390506551220924,0.9338726,True,False,291.55972,12.195,12.193,12.171,9.165
1149686333378212096,109.69524028067067,83.5422004585814,0.09405894925770025,100.0,0.01592806495985682,7.652437875948863,3.4141509433962267,2.0878846153846156,0.7229736889410348,0.9876288,True,False,292.6471,12.164,12.186,12.297,9.165
1124844654854485632,129.71441094614545,74.26847750577154,0.09848357452968862,110.16949152542372,0.018601616690726987,9.061340832804808,3.8913978494623658,2.0407894736842107,0.9950998284723149,1.1612841,True,False,224.61473,12.307,12.168,12.136,9.217
1137363281931726848,128.6479422274304,76.9645328871121,0.08426184765590557,100.0,0.021723928448358305,10.342044735727354,4.191891891891892,2.305095541401274,0.7550624900158789,1.0601262,True,False,130.97429,12.309,12.131,12.049,9.196
1144203515566805120,131.7922844638626,79.274307386991,0.0582332450891828,222.03389830508473,0.021723928448358305,8.387503040832438,11.19278350515464,3.146956521739131,0.7402858000226537,1.0330042,True,False,285.9843,12.371,12.377,10.86,8.858
1143317343555224064,93.37923775847172,82.02444263562172,0.1834606627208183,700.0,0.01,9.802102446669801,47.20434782608696,4.25764705882353,1.9660042122972585,7.5945663,False,True,43.285866,9.104,8.943,8.8,8.483
1112943369197236096,98.18581754915542,72.05765350452803,0.050867287645635896,100.0,0.01,6.936482450553935,5.455778894472362,2.3298283261802575,0.5898111294401843,1.0463667,True,False,284.06198,11.649,11.723,11.482,8.983
1135990301146392960,119.46518127819142,76.17250045577909,0.03548031782457437,140.67796610169492,0.05511431323226077,10.148941922077928,4.021111111111111,2.6940446650124072,0.8693713472521035,1.0160426,True,False,223.72536,13.204,13.062,12.001,8.719
1112298024591310848,110.57112160860852,74.60514949912913,0.059616789217332954,100.0,0.011678516340565069,9.154754908447005,5.455778894472362,2.1,0.8696081038326875,1.0371153,True,False,163.33995,11.839,11.752,11.801,9.346
1103062470517910528,105.17106357104774,68.15298882673395,0.17408437719029188,700.0,0.01,9.275052285678882,24.675000000000004,2.0031365313653136,1.2961020377927561,2.7197177,False,False,91.74955,10.411,10.274,10.163,9.526
1104466993540209152,96.49104821389082,67.3827509373694,0.10170014904762152,171.18644067796612,0.021723928448358305,11.021396640751743,8.287786259541985,2.9264150943396228,1.1736399976943699,1.0559397,True,False,108.89393,12.371,12.195,11.235,8.697
1150985165848398208,128.11579341860315,85.54317652272067,0.030397144019532266,150.84745762711864,0.01592806495985682,9.206138140612541,8.351538461538462,3.424921135646688,0.861995764334993,0.98953617,True,False,185.35426,12.103,12.003,11.44,8.821
1135510845357194624,122.95854839763412,74.40907934008187,0.09008801864461288,100.0,0.01,6.482697352674326,5.145497630331755,2.1081553398058253,1.0864535913067266,0.9992362,True,False,291.38885,11.549,11.615,11.493,8.959
1098505888171037184,123.85254732791626,70.90374373717862,0.08537866369571398,150.84745762711864,0.01592806495985682,9.561350710471354,4.60042372881356,2.044632768361582,0.8498618803192076,0.9516656,False,False,199.50632,12.657,12.526,11.815,9.179
1135954287844009344,121.9589865367692,76.13891044100824,0.16516334168715352,120.33898305084746,0.04041001900131407,9.500008369027391,2.566666666666667,2.473120728929385,0.9347976343441582,1.0193892,False,False,287.51157,13.024,12.895,12.63,9.094
1097263508751039488,125.04123002354676,68.50032474036804,0.02242548157417182,110.16949152542372,0.01592806495985682,8.896963016750085,3.8363957597173153,2.4452702702702704,0.8012291504342651,1.0762438,True,False,126.8536,11.117,11.046,10.854,8.077
1152211705427934208,95.24532195313752,87.60251876519608,0.12088889363404265,100.0,0.01,7.381180819130348,4.25764705882353,2.1757515030060124,0.6418952815607561,0.9908568,True,False,276.45792,11.913,11.956,12.129,9.279
1114450765279900416,90.66489032365124,73.84080071684657,0.11731206571417999,120.33898305084746,0.018601616690726987,10.023762404984664,5.244927536231885,2.842146596858639,1.712002888139789,4.163821,False,False,146.61092,11.961,11.811,11.638,8.699
1119099225563105152,133.6524667500951,71.74185043786224,0.04930335336332899,100.0,0.01,6.711631823574667,7.190066225165564,2.776726342710998,4.362291528300583,11.646884,False,False,266.29575,11.344,11.375,11.22,8.661
1114322500375882880,94.4980801001608,74.12077133491643,0.14048389012060097,100.0,0.011678516340565069,11.867395615721136,9.960550458715597,2.1757515030060124,2.653970172362927,2.5735433,False,False,54.832832,11.113,10.916,10.849,8.936
1111383540154312448,109.3611824802454,72.04063433435627,0.1972375589460035,700.0,0.01,8.451390907404999,27.83846153846154,2.461904761904762,0.8296093541729728,1.1739098,True,False,78.91581,9.783,9.749,9.624,9.005
1108220863679014528,109.9123766699252,67.81600581781909,0.031724501622379914,150.84745762711864,0.01,8.491935989881874,5.90054347826087,2.2247950819672133,0.8319042807263832,2.5350034,False,False,242.25793,12.171,12.101,11.64,9.209
1145096662605884416,129.06488240818348,80.50187555129615,0.10173426892778369,110.16949152542372,0.01,8.123357250601027,9.960550458715597,3.110888252148998,1.5374209251342217,3.633271,False,False,205.2654,11.448,11.38,11.167,8.937
1109224580354131840,107.15211083889842,69.20371882972412,0.09532926646286194,140.67796610169492,0.0643653407681979,10.603854321949669,2.9107238605898127,2.3449244060475163,1.059868169519237,1.0278392,True,False,170.25816,12.845,12.639,11.592,8.243
1122053677733733888,129.8190150940922,71.70734284586932,0.05301787292156179,191.52542372881356,0.029628775900825636,10.915612451611757,6.660736196319019,2.048490566037736,1.3651969903782064,1.0230122,True,False,149.24023,12.853,12.632,11.365,8.925
1097556562959502592,123.10504768240776,69.47635244594453,0.07416627984136692,120.33898305084746,0.01592806495985682,9.287564791591903,5.270388349514564,2.314925373134329,1.4864953898660933,1.0293744,True,False,126.47487,11.239,11.183,10.952,8.158
1124805244234563712,130.53893584925072,74.3986656140346,0.19983805874380617,700.0,0.01,10.255051729441721,24.12666666666667,2.2431818181818186,0.8950630659189048,1.1501567,False,False,53.37974,10.317,10.127,9.995,8.928
1150260106649066752,116.31371586721691,85.28225811932118,0.04609607373982158,140.67796610169492,0.05511431323226077,8.73435399851941,10.644117647058826,10.644117647058826,0.7796636223130962,0.9947417,True,True,234.9589,12.279,12.221,11.093,7.501
1097353325107339776,126.46147954966092,69.02796394356187,0.1463850222999183,700.0,0.01,13.300834870331961,36.190000000000005,3.1838709677419357,8.757366221977344,4.6278543,False,False,12.275224,8.9,8.703,8.506,8.17
1098233033191876864,118.48589750500216,70.15177467460909,0.185400841112019,700.0,0.01,8.239703035445228,31.93235294117647,2.473120728929385,1.0793541566578857,1.28346,True,False,61.615105,8.88,8.906,8.764,8.141
1123605986286202624,125.29591888538046,74.74527542112101,0.06546465840095625,100.0,0.011678516340565069,6.866648274271827,5.837096774193549,2.8875,0.6147446413529835,1.0022773,True,False,282.43515,11.66,11.731,11.656,8.861
1138690628688357376,113.98879033412877,78.54715156123858,0.1901364553693958,700.0,0.01,9.948053857823737,57.1421052631579,9.35948275862069,1.767665717503493,1.1236542,True,True,25.848124,8.235,8.115,7.985,7.712
1136495389300138368,112.7192985218805,75.86980487533695,0.08491213940475734,100.0,0.013638774391684533,8.219891811984743,4.8039823008849565,2.776726342710998,0.7052572132362702,1.0490934,True,False,215.26352,11.81,11.799,11.894,9.08
1143275905710707456,95.49884015244764,82.14561699510082,0.13516542153051136,100.0,0.029628775900825636,8.569443946537,2.360217391304348,2.1081553398058253,0.6857671401296886,1.0612669,True,False,291.01422,12.534,12.491,12.751,9.171
1116058354358752640,94.08298044615324,74.87149164722167,0.16794774727880757,191.52542372881356,0.01,6.258570440007199,19.740000000000002,4.679741379310345,1.1655276141139566,2.2772293,False,True,247.98677,10.983,11.008,10.134,8.143
1107043802120763136,92.97930967579924,68.85320944955897,0.18292497572174263,100.0,0.01,8.055675409374935,15.07916666666667,2.7142500000000003,0.648893562503739,2.6746244,False,False,149.16211,10.797,10.755,10.559,8.911
1111624642439469824,106.7268229556324,72.30768506562251,0.1680260170884271,700.0,0.01,10.474601335854699,45.237500000000004,6.660736196319019,1.8666592781559412,1.4952027,False,True,32.78098,9.002,8.874,8.774,8.245
1140712424413432704,98.53715336971212,78.26478731274227,0.08093035375646164,110.16949152542372,0.10252153289191773,8.894429749395567,5.511167512690355,10.052777777777779,1.0937569642530394,2.2938967,False,True,250.71854,12.467,12.359,11.84,7.429
1122625702951638144,123.2302439216554,71.86775851321053,0.03636467700754683,110.16949152542372,0.03460201435087329,8.717245817760244,2.473120728929385,2.628813559322034,0.6782328750423922,0.98306865,True,False,277.51984,12.717,12.675,12.296,8.724
1108001442390016128,111.70689152223927,67.4991240175195,0.06158359682689921,110.16949152542372,0.011678516340565069,7.270177113702351,5.2960975609756105,2.3861538461538463,0.644469249038125,0.98921883,True,False,237.56244,11.55,11.615,11.326,8.58
1139385799211359616,121.28668076133626,80.77443506240064,0.1669310675812237,120.33898305084746,0.07516916839274382,10.666713245290174,2.849606299212599,3.23125,1.5273707926818165,1.2007412,True,False,243.67465,13.522,13.304,12.725,8.961
1148635578218313216,118.94535474011408,82.57823522860666,0.11280228144684439,150.84745762711864,0.018601616690726987,11.966419421707142,5.170000000000001,2.0293457943925235,0.8826118858295366,0.9838479,True,False,106.14778,12.657,12.45,11.981,9.41
1152071311536827520,123.40627380677338,87.61219470154722,0.1941397482479593,191.52542372881356,0.025370325336541884,9.186361177920569,9.27948717948718,3.0583098591549303,6.006194374480656,3.629989,False,False,265.0634,12.5,12.367,11.301,8.891
1115424726422934912,105.5145480987802,75.2549851880479,0.07665692555597513,100.0,0.04041001900131407,9.302899555950908,3.655555555555556,2.6545232273838635,0.6253573903152481,0.99956614,True,False,215.89883,12.656,12.557,12.204,8.77
1139567940185062144,108.6055356895518,76.50441811662783,0.055924661327080044,120.33898305084746,0.021723928448358305,10.811582093130124,3.571381578947369,2.048490566037736,1.091257413799036,0.9910071,True,False,155.73233,12.92,12.75,12.357,9.46
1105322447948532480,94.02579341504432,68.14343181232591,0.18396008242783302,100.0,0.01,8.145003978085855,12.772941176470589,2.412666666666667,0.5705162740636481,1.050187,True,False,151.62367,11.035,11.022,10.774,9.102
1108221722672469632,109.91214262452137,67.88904944139746,0.09935956460383753,130.50847457627117,0.0877864361381346,11.092603207299828,3.0242339832869085,2.834725848563969,1.4520465077140348,1.0339203,True,False,204.84792,13.553,13.343,12.48,8.671
1113744707015848064,94.532826482588,72.31822696249164,0.09299325217339734,100.0,0.01,7.947284801958129,8.10223880597015,2.238556701030928,0.9123437892344685,1.1318578,True,False,183.52551,11.208,11.238,11.087,9.016
1110937104073410048,116.49817424323992,72.50411171601075,0.1184027820071008,100.0,0.03460201435087329,10.633642048780482,2.3966887417218543,2.0601518026565464,0.9611238526912839,1.0136615,True,False,141.14919,12.404,12.289,12.479,9.003
1136188037143776896,115.401281257518,74.94187353153214,0.1327879756947504,140.67796610169492,0.0877864361381346,10.93486414472699,2.162749003984064,2.1757515030060124,0.9126735512597479,0.9648191,True,False,280.8197,14.36,14.173,12.744,9.201
1142432855168872704,117.6821038034426,81.39732116437271,0.0769076174925645,100.0,0.01,7.389311818368281,6.386470588235294,2.0142857142857142,1.066384413171934,1.0901761,True,False,278.49515,11.937,11.966,11.842,9.51
1138474200992077056,122.65614317157204,78.23365057070994,0.0786050699879502,120.33898305084746,0.025370325336541884,10.695090566896669,3.850000000000001,2.530769230769231,0.8441262451991224,1.0001255,False,False,144.06865,12.738,12.586,12.049,9.064
1112344650756251008,107.43318004124512,74.71960531985263,0.14046444489612395,130.50847457627117,0.03460201435087329,10.214493237795661,3.3613003095975236,2.707481296758105,0.7732328954578465,1.0107362,True,False,204.8582,13.325,13.149,12.376,9.08
1138127889189173248,125.40484307347909,78.55650773642006,0.039290166726009414,100.0,0.018601616690726987,8.522373041573562,4.036059479553903,2.0255597014925373,0.7410858301535588,0.9816584,True,False,249.6407,12.288,12.224,12.201,9.24
1108107442180652544,112.10174922110674,67.90684321236674,0.16245963543349,100.0,0.013638774391684533,10.137813475087398,4.679741379310345,2.1163742690058482,0.919997799400358,1.0178678,True,False,110.14924,11.784,11.617,11.884,9.1
1116869690859814400,92.23050420970004,77.89656578154204,0.07948475253715992,110.16949152542372,0.025370325336541884,9.787107438228524,3.8228873239436627,2.229363449691992,0.9148287218534618,1.0596977,True,False,190.8854,12.662,12.505,12.159,9.115
1107323967129016704,96.14953386975375,69.51111294880444,0.15933725594270798,150.84745762711864,0.01,9.008189704954912,6.031666666666667,2.0798850574712646,1.3987612832344896,2.2856224,False,False,163.16626,11.304,11.219,10.974,8.604
1138449461980501632,120.2406365159778,77.95212148747935,0.03281784900477893,120.33898305084746,0.021723928448358305,9.25689495726956,2.950271739130435,2.280882352941177,0.81635743655146,1.1085492,True,False,246.20644,12.776,12.669,12.335,9.205
1136249373573959936,113.7268273102742,75.1529205213629,0.19058507025554994,100.0,0.01,10.612894592596922,14.100000000000001,2.319871794871795,1.1385644944585909,1.1171012,True,False,59.235394,10.751,10.599,10.454,8.96
1118473534727156480,131.44688947925155,70.0091854357707,0.15087787137537775,130.50847457627117,0.10252153289191773,10.34635638872335,2.5016129032258068,2.674137931034483,0.9342084361281465,1.0274155,True,False,297.09567,13.787,13.597,12.469,8.61
1112821422189043456,100.23340769158548,71.18236413553261,0.07360181574795287,150.84745762711864,0.1398268057402531,11.2206774461917,4.620000000000001,3.193235294117647,1.0095215235890453,1.0362514,True,False,179.02023,13.413,13.208,11.268,7.917
1138098752131062784,124.50560588760214,78.37406066268534,0.14189464067464055,100.0,0.01,6.596577946013196,6.58,2.2247950819672133,0.5503395651498791,1.9595453,False,False,280.35184,11.368,11.434,11.407,9.155
1103023369135682176,107.05893071864644,68.10406992690359,0.04911967160187524,140.67796610169492,0.04719290672293913,10.386544113099275,2.412666666666667,2.180120481927711,0.8730159911629454,1.0232115,True,False,261.37207,13.81,13.59,12.629,9.276
1123325095424966912,128.11797761815197,74.01098003220508,0.16198000645015007,120.33898305084746,0.04041001900131407,13.011378439589787,3.2800604229607253,2.1205078125,1.0154862558269353,1.0028359,True,False,78.069916,13.116,12.907,12.18,9.128
1102781373495469312,101.76936773246688,67.4240704559485,0.11300436856081439,100.0,0.01,8.42368006299873,5.322058823529413,2.0031365313653136,0.8292389511328709,1.0146942,True,False,181.9121,11.531,11.495,11.737,9.297
1105990676139398912,97.04490992875988,67.75228559502757,0.06572478739843655,181.35593220338984,0.029628775900825636,11.436385812452645,4.9350000000000005,2.0255597014925373,1.0171401381109564,1.0318335,True,False,141.00056,13.029,12.813,11.743,9.223
1145587422748414464,125.50107126385396,82.27495919310715,0.17491848397751775,638.9830508474575,0.01,9.338313913205603,21.28823529411765,2.6873762376237624,1.3041581978744758,1.2605112,True,False,92.708855,10.591,10.507,10.353,9.275
1109616998629025920,109.37050045993196,70.06653348785748,0.15467906834147996,100.0,0.01,6.878268652884178,7.983088235294118,2.2112016293279027,0.8419153172390296,0.9668841,True,False,141.6257,10.183,10.248,10.235,7.978
1105253449295599744,95.55483543401876,67.799975263173,0.13124488027062262,700.0,0.01,10.728269623521602,31.93235294117647,2.6940446650124072,1.254767231991858,1.154893,True,False,39.50189,9.68,9.547,9.398,8.882
1106405707419734528,101.74376923517902,69.64860185924341,0.12389629882709807,161.01694915254237,0.11972993971380404,10.72269409525552,3.4357594936708864,2.091907514450867,0.9380842951659876,1.0681858,True,False,221.26503,13.721,13.561,11.34,8.25
1103045771685331328,106.02384161489267,67.9830366499803,0.07498946675955924,120.33898305084746,0.16329696356865636,12.446949102504693,2.3966887417218543,2.9583106267029975,1.0272598896125136,1.0454149,True,False,175.31375,14.425,14.195,12.995,8.946
1113313389219478016,99.30994803153864,72.27825591700123,0.17400182520447752,100.0,0.01,7.7685547268727575,12.925,3.174561403508772,0.8855086560165792,1.0897692,True,False,151.79199,10.692,10.733,10.709,8.792
1097193036927658880,125.99021644278434,68.1047790410736,0.11260930656942356,100.0,0.01592806495985682,8.516410699437992,4.377822580645161,2.3550976138828634,0.7370277810384745,1.0547336,True,False,131.51057,11.025,10.971,11.049,8.137
1111583616911919232,108.22305615663274,72.22165278380979,0.09244782574377694,100.0,0.013638774391684533,9.92645913256199,6.828301886792453,2.3248394004282655,1.124965268888596,1.0828269,False,False,123.85267,11.887,11.727,11.726,9.257
1121426067045130496,128.4923459058704,69.95802952872097,0.15977832938041453,100.0,0.01592806495985682,8.030578969906019,2.8273437500000003,1.9994475138121548,0.783072915857796,0.9847105,True,False,250.71863,12.075,12.083,12.314,9.003
1138614801042144256,117.22047116900816,78.23401828059919,0.18597181802475038,100.0,0.01,8.029322923799015,11.674193548387098,2.215714285714286,1.271139999585324,0.98537785,True,False,174.36488,11.123,11.146,10.928,9.252
1123591555196076032,125.74874973034868,74.58239012157198,0.08161078594423804,100.0,0.013638774391684533,10.867017523429993,5.170000000000001,2.0407894736842107,0.7963666526362467,1.0192335,True,False,100.20447,11.956,11.808,11.851,9.336
1112268131618978560,109.40186368790788,74.22047645270565,0.18551616113522096,700.0,0.01,9.247878345813014,32.9,3.424921135646688,2.4729107100547867,6.3208604,False,False,60.668175,9.536,9.384,9.325,8.863
1145448742548269440,122.67315053545173,81.60129199372035,0.1074646979713674,201.6949152542373,0.01,9.035086391329441,11.19278350515464,2.1714,4.908027684464729,7.63043,False,False,203.35269,11.963,11.866,11.203,9.318
1139073537909148032,123.82932199090035,79.77380302891403,0.11407922217092464,100.0,0.01,9.0114290013697,10.43942307692308,2.4234375000000004,0.8031683136665821,1.039741,True,False,127.28042,11.345,11.219,11.177,9.085
1150288006756417792,116.36388198148278,85.4372040076356,0.09984537857296294,140.67796610169492,0.0643653407681979,9.818479606195446,4.413414634146342,4.1125,0.8624807399173938,1.0624998,True,True,267.86667,13.511,13.332,12.035,8.58
1143584902837537792,99.74950919645718,82.66318213501289,0.04070666427008292,100.0,0.01,8.037010125988207,7.487586206896553,2.1122568093385214,0.8047422572546157,0.96723425,True,False,202.98277,11.501,11.507,11.429,9.064
1136186082935812096,115.98710485971394,74.97848491126824,0.0526986303984437,110.16949152542372,0.05511431323226077,9.057619506601798,2.635194174757282,3.24089552238806,0.9334246780572448,0.9964437,True,False,284.27646,12.939,12.873,12.408,8.548
1110899651958649216,118.15292279186023,72.40081812642737,0.16735219557705555,140.67796610169492,0.03460201435087329,10.98483125676815,3.119827586206897,2.128823529411765,0.8589087386381111,0.99361134,True,False,154.75046,13.189,12.995,12.141,8.992
1140216067929913216,107.52788081093811,78.45401885447929,0.14337257107036158,100.0,0.01,7.315740730902932,9.607964601769913,2.238556701030928,0.5726729241868139,1.0179427,True,False,220.77803,11.279,11.338,11.153,9.192
1118533904787434240,130.39678748580278,70.16749524849733,0.07404210457145943,161.01694915254237,0.0877864361381346,11.194296160413057,4.224513618677043,2.0293457943925235,0.9547016886053608,0.98937035,True,False,206.98209,13.839,13.67,11.826,8.698
1123487204671243776,124.84896053808735,74.28265627895544,0.08249085795913876,130.50847457627117,0.1398268057402531,11.636403024203672,2.635194174757282,3.595033112582782,1.0547415359168983,1.0217323,True,False,204.0718,14.281,13.998,12.572,8.587
1123985111639100288,133.8403926838357,73.83197846941995,0.1683631331405691,110.16949152542372,0.03460201435087329,11.838979699754606,3.3928125000000002,2.6161445783132535,1.2230513533851783,1.0044188,True,False,108.993164,12.53,12.359,12.271,9.016
1098835187607355776,119.71249821780462,71.74381336627924,0.09499079881565987,140.67796610169492,0.1398268057402531,12.694797360651414,3.137861271676301,2.776726342710998,1.0060310558366756,0.9794686,True,False,151.71619,14.27,14.08,12.338,8.856
1125888538065741440,134.08692721618985,77.96961677697308,0.1800777260293538,700.0,0.01,8.695258946093755,51.7,8.48203125,1.1577124981998552,1.095931,False,True,43.243816,8.372,8.359,8.227,7.75
1123589356172806912,126.2786906943967,74.57890223716477,0.1950206193186142,700.0,0.01,8.974124516063842,25.24883720930233,3.221661721068249,1.0299050211832341,1.5918154,False,False,82.812996,9.842,9.709,9.699,8.801
1137548893238177024,122.84220805549548,77.00037903273038,0.18999046851626722,700.0,0.01,8.253276068838066,27.83846153846154,2.7007462686567165,0.8183108207623114,1.0925009,True,False,92.177895,9.867,9.88,9.794,9.068
1114620571108108416,91.34019856767954,74.98183681950374,0.16455858862378758,100.0,0.01,9.620309197470911,13.080722891566266,2.1122568093385214,2.9933881004995997,4.6387854,False,False,100.155075,10.798,10.595,10.536,8.751
1135566886090434560,121.028817844034,74.62171767722708,0.06397614914465163,120.33898305084746,0.01,12.201819357263275,9.440869565217392,2.0031365313653136,3.163959622997585,5.324882,False,False,57.134697,11.539,11.359,10.99,9.143
1135647253518783744,125.0019909271257,75.06661665697744,0.10366819707963322,222.03389830508473,0.018601616690726987,8.357654301308653,19.740000000000002,4.377822580645161,1.6496902067164119,14.288494,False,True,234.23616,11.776,11.682,10.246,8.254
1112382858785153152,108.60835409184948,75.1112089602266,0.16251806876098482,100.0,0.018601616690726987,9.000684095935018,2.2618750000000003,2.0142857142857142,0.7276521231419266,1.0092748,False,False,243.55956,12.5,12.423,12.847,9.552
1122081719572352896,131.66545477466644,72.12654013647516,0.12514134549270317,100.0,0.01,6.430539061971627,5.2960975609756105,2.1081553398058253,0.40130717548124384,1.0399053,True,False,277.52032,11.37,11.452,11.533,8.893
1105203460172861440,93.62271050130369,67.6576474193814,0.19625656897255514,700.0,0.01,10.106742680887677,45.237500000000004,4.5810126582278485,1.453523266363601,1.2754148,False,True,31.333035,8.837,8.706,8.577,8.325
1122686244809870720,125.02777533851612,72.02041501369985,0.10596577566512069,100.0,0.04041001900131407,12.312569728245663,2.864643799472296,2.206707317073171,1.4329645021498811,0.95150405,True,False,71.433685,12.407,12.206,11.988,8.77
1112094511861198976,111.26521394758149,74.15987736775152,0.08451237161185152,100.0,0.01,7.039511340302152,6.743478260869566,2.7555837563451777,1.2202388272734241,6.548586,False,False,227.88678,11.207,11.21,11.184,8.829
1139671191198104960,107.21283183720824,77.20586405126367,0.05253295054709856,110.16949152542372,0.04719290672293913,10.640878271636709,2.285684210526316,2.60985576923077,0.8920543329296863,1.0448213,True,False,181.45166,12.95,12.837,12.539,9.049
1117190267218559488,134.0256956895166,67.64204634264307,0.07020546775471397,100.0,0.011678516340565069,11.14232882731067,7.385714285714287,2.4397752808988766,1.6060499249498361,1.0741789,True,False,64.41708,11.284,11.117,10.89,8.778
1140852444643481984,92.92420234160043,78.17743984628851,0.05052855109965599,140.67796610169492,0.01,9.100040585302214,14.671621621621624,5.0263888888888895,2.5518618400404525,1.082301,False,True,115.0266,10.95,10.843,10.536,8.128
1115521483446349056,103.11436085262592,75.06880275049191,0.05779062156253105,100.0,0.01592806495985682,8.061279740348628,4.63974358974359,2.4507900677200904,0.5747247302958253,1.0627848,False,False,244.6463,12.008,11.993,11.868,9.059
1148485460521378816,119.40465416511071,82.15859763950384,0.055850171725731514,171.18644067796612,0.01592806495985682,11.046794792165684,7.004516129032258,2.215714285714286,0.9164710365458585,1.0430875,True,False,136.78984,12.831,12.612,11.853,9.593
1105809772116521984,101.78106433447158,67.60221163044088,0.0538755241388145,120.33898305084746,0.013638774391684533,7.3010440886671875,5.71421052631579,3.29,0.5811703396737021,1.0088898,True,False,287.52167,11.965,12.013,11.634,8.635
1111636324750554624,105.48566701447872,72.40330514432601,0.1628475117709034,100.0,0.01,7.035060885671786,7.487586206896553,2.0105555555555554,0.7231259745968481,1.0316063,True,False,255.32011,11.56,11.627,11.652,9.4
1145902261031196032,129.86544969770554,82.15826698838586,0.17467779355842625,486.4406779661017,0.01,10.111069854841475,15.966176470588236,2.044632768361582,1.1242905169003892,1.064434,True,False,87.87947,11.027,10.895,10.58,9.334
2323973341775775872,354.4950017784567,-34.66037990344875,0.033694423261216175,110.16949152542372,0.013638774391684533,9.834479165587629,5.837096774193549,2.0293457943925235,0.9349008019589664,1.0019317,True,False,143.0669,12.047,11.879,11.676,9.157
6602731293761831296,343.00804434690434,-33.69898579321935,0.16082570920115372,100.0,0.01,8.6734620912179,12.479310344827589,2.6161445783132535,1.0476771008697026,1.0577532,True,False,112.70692,10.753,10.687,10.595,8.82
2324917238148686208,355.52622321517515,-32.199703325326794,0.10693691893999953,100.0,0.01,6.5392603857635585,5.21971153846154,2.490137614678899,0.4805808789589933,1.0329599,True,False,260.40872,11.313,11.404,11.404,8.766
6783096143255736960,322.03763742300225,-33.32213879972555,0.04198486086353372,130.50847457627117,0.05511431323226077,9.359784594359986,2.5788598574821857,2.319871794871795,0.7582669126780666,0.9593597,True,False,250.89331,12.853,12.755,11.916,8.347
2325436654313365760,352.8419177203998,-32.31516504731585,0.04963082725521984,171.18644067796612,0.03460201435087329,9.152420744635805,7.810791366906475,3.0931623931623937,1.0207163495199287,1.0755912,True,False,256.1694,12.841,12.726,11.411,8.698
6592477454480943872,324.5879082415869,-32.70420923591349,0.025590469604743957,140.67796610169492,0.01,8.111046847777708,5.170000000000001,2.0142857142857142,0.7707256749187517,1.0218358,True,False,262.49814,12.103,12.086,11.696,9.101
6600896380653742848,338.1895330195522,-33.11650787980272,0.07778642385591511,100.0,0.018601616690726987,9.231794845231041,3.23125,2.0601518026565464,0.837429116804264,1.0312861,False,False,172.75357,11.996,11.936,12.02,9.053
2314076156578439808,357.5406621722032,-33.14845391491425,0.0577996506823745,100.0,0.018601616690726987,9.613743200429681,3.705460750853243,2.0031365313653136,1.0873756967602617,0.9880093,True,False,139.60371,11.704,11.598,11.634,8.88
6590950988743928320,323.12939862300743,-33.719538301903405,0.038933324073468355,110.16949152542372,0.011678516340565069,7.311726370157962,3.7829268292682934,2.4019911504424782,1.0575888657087071,0.9432347,True,False,291.59235,11.938,11.988,11.81,8.983
2311361428009618048,358.7298174933329,-35.095744404724904,0.07868532184776386,100.0,0.018601616690726987,8.154485873393812,3.075637393767706,2.380921052631579,0.744724592473948,1.0658048,True,False,253.5207,11.993,11.955,12.073,8.982
6552700250523072896,351.24992997217026,-33.28306783498238,0.10521428549071321,100.0,0.029628775900825636,9.677922371438173,2.1081553398058253,2.0878846153846156,0.9818275015104612,0.9982889,True,False,198.59016,12.458,12.369,12.501,9.149
2311976329887350400,355.7162652711258,-34.98681779195933,0.15985193544964463,100.0,0.011678516340565069,10.18459221806014,7.810791366906475,2.3550976138828634,1.1354960326940446,1.058369,True,False,103.30762,11.32,11.198,11.191,9.008
6602106702438037120,336.64968878960286,-31.240487128137826,0.04102736076657241,100.0,0.03460201435087329,9.604747304776717,3.0242339832869085,2.3248394004282655,0.7842855076811188,0.96114546,True,False,189.61441,12.449,12.321,12.208,8.903
6593254053286519296,326.0981293829112,-30.400331941783147,0.1340958613267921,120.33898305084746,0.04041001900131407,9.788249657448738,2.748607594936709,2.3100000000000005,0.8485908759554084,1.0095493,True,False,193.34087,12.856,12.67,12.092,8.652
6617210826812113664,327.143872600886,-30.29525613800355,0.13760265680449743,130.50847457627117,0.03460201435087329,9.189177253560674,3.513592233009709,2.9343243243243244,0.9443198445681888,1.4450084,False,False,276.6568,12.828,12.654,12.123,8.769
6597470852177701760,341.1407314917504,-33.868991170696155,0.1890000104423635,700.0,0.01,7.668445837266982,21.28823529411765,2.095945945945946,1.2306421443205224,1.1813886,True,False,116.7173,10.008,10.059,9.916,8.887
6556247309393809408,347.3488334035667,-33.10925868534698,0.053750297056238086,100.0,0.01,8.498479412830498,8.6856,2.4675000000000002,0.5958337086427846,1.0999408,True,False,156.07765,11.345,11.282,11.151,8.975
6554241971983423232,343.4484770092796,-35.623783141313574,0.18989247345457164,618.6440677966101,0.01,10.597682801483872,20.87884615384616,2.0293457943925235,3.2283174983880554,1.0581675,False,False,55.893543,10.269,10.054,9.897,9.016
6777649746768253440,317.2584817072038,-34.614973945581106,0.02831577132092656,110.16949152542372,0.029628775900825636,9.739425996786807,3.0242339832869085,2.206707317073171,0.9742566074637304,0.9898784,True,False,196.65926,12.584,12.47,12.15,8.984
6783520279866548480,322.00727602938446,-31.785635679293147,0.08326949371319668,120.33898305084746,0.07516916839274382,9.693411546960753,2.0293457943925235,3.424921135646688,0.7837787783757056,0.97551525,True,False,276.49908,13.244,13.077,12.484,8.395
2326350451556037888,357.5978263799347,-31.18633728668968,0.044698537030285965,110.16949152542372,0.021723928448358305,9.03529777081107,2.7625954198473286,2.0523629489603024,1.0857875447075256,1.3813509,True,False,243.26697,12.527,12.451,12.261,9.201
6588718636541506688,328.50049196727895,-33.50180860321485,0.1715970476325877,700.0,0.01,7.63612273151359,33.928125,4.208139534883721,4.797064955248499,12.2441635,False,True,84.10768,9.204,9.21,9.092,8.232
6777451765955960320,317.4637672572931,-34.87497130909311,0.18524449701580797,100.0,0.01,7.059990079027149,10.052777777777779,2.305095541401274,0.8591983064785228,1.104766,True,False,187.80562,10.864,10.934,10.814,8.852
6615954261115828096,329.5194776458396,-31.63359607973437,0.08706594155310271,100.0,0.01,9.051255686513915,9.693750000000001,2.0838771593090213,1.0640817976567298,1.0453408,True,False,113.62991,10.941,10.866,10.717,8.863
2328997731957748224,352.6646727509892,-30.88221105356209,0.1547232503343399,140.67796610169492,0.01592806495985682,9.4716710450381,10.74950495049505,5.244927536231885,1.8030405000382441,1.6824358,False,True,127.767204,11.067,10.948,10.675,7.963
6593073939538040832,325.25279119097496,-31.338840960812835,0.16820448283612,100.0,0.01,8.222345122888107,12.925,2.4397752808988766,0.6535619452231366,1.0282278,True,False,123.614716,10.638,10.639,10.418,8.68
2313147893886469888,359.88910462538854,-33.11230981897761,0.14855959140291505,100.0,0.01,7.393577815789014,8.548818897637796,2.3914096916299563,0.5105720018716146,1.0362078,True,False,186.13594,11.03,11.071,11.105,8.893
6781049436721604096,316.1023542513544,-33.0873878237972,0.19585080312618722,100.0,0.01,6.2801171621998435,7.592307692307694,2.0719465648854962,1.0748889683030898,1.1224753,True,False,246.60295,11.101,11.146,11.126,8.829
6607030968342182400,341.14525235582323,-31.16791655104283,0.19209834461692343,100.0,0.01,10.06225281013183,18.71896551724138,2.603597122302159,2.468133266688745,1.3300234,False,False,67.64985,10.45,10.295,10.125,8.771
2325867422353578112,353.9313730986192,-31.61445922537465,0.19974838882366663,700.0,0.01,8.046111946925471,25.24883720930233,2.319871794871795,0.9830469557139965,1.3421798,False,False,96.47114,9.784,9.826,9.728,8.986
6592585240979854464,324.599382885498,-32.515767399517586,0.04749439214401411,110.16949152542372,0.01,7.6344861615891295,4.60042372881356,2.044632768361582,0.7637123102956433,0.96018803,True,False,267.97888,11.843,11.923,11.655,9.118
6785059252547771008,322.3308521063028,-31.106072152657223,0.027818347898325397,130.50847457627117,0.018601616690726987,8.345219253580272,4.096981132075472,2.461904761904762,0.7801422631132651,1.0495565,True,False,278.516,12.419,12.402,11.904,8.958
6777248081426640896,316.38053755599816,-35.02775766896525,0.06492092353306125,100.0,0.01592806495985682,7.353826656710773,3.3928125000000002,2.305095541401274,0.6611087994790311,1.0002289,True,False,288.80258,11.901,11.964,11.981,8.959
6587469831850653056,329.72694488100296,-35.48274328931023,0.11707646569573868,100.0,0.01,6.96987094741004,6.58,3.110888252148998,0.6392898153466322,0.9836146,True,False,198.8947,10.968,11.04,11.052,8.648
6601486509161081728,335.5266191788054,-32.919354952585905,0.18114041755580096,100.0,0.04041001900131407,11.557229350393442,3.119827586206897,2.276100628930818,10.774090545665123,5.636395,False,False,112.82853,12.803,12.628,12.212,9.074
6776613903736321408,318.1457628096952,-35.43036486377064,0.03419201504611392,110.16949152542372,0.018601616690726987,10.621860859314591,4.9350000000000005,2.247826086956522,1.0236845295831083,1.0132763,True,False,111.51709,12.036,11.903,11.622,8.937
6612791271105206400,329.56200560695805,-32.6301533148571,0.10981746438395128,100.0,0.01,8.707851683492946,11.80108695652174,3.0158333333333336,0.7685159225515611,1.0120182,True,False,108.651184,10.734,10.67,10.569,8.535
6603794860808003584,340.91629448641885,-32.64183299721408,0.10317824956727155,140.67796610169492,0.05511431323226077,10.844138762487816,2.3449244060475163,2.0601518026565464,0.9604851062504326,1.009912,True,False,219.48207,13.547,13.36,12.44,9.098
6599276211615713536,332.0706418302317,-35.60344173394097,0.15144461310403812,140.67796610169492,0.04719290672293913,10.918944328681624,2.4787671232876716,2.0105555555555554,1.0304586753468026,0.9879319,True,False,193.72717,13.188,13.012,12.262,8.932
6604348434848487808,342.1621609735609,-31.145186395257348,0.1878730414034837,700.0,0.01,9.649353653493666,63.86470588235294,11.19278350515464,1.8227893805048063,28.264599,False,True,20.13515,7.299,7.23,7.115,6.849
2329282333670587904,351.8078115876711,-30.10772591343771,0.05633422782706408,374.5762711864407,0.01,8.055653591569868,28.57105263157895,3.0326815642458107,0.8930608417429783,1.0501473,True,False,148.28584,10.884,10.773,9.637,8.689
6600270170127376384,337.8782934003829,-33.9656770184603,0.0352029904217171,110.16949152542372,0.018601616690726987,7.75504141485908,4.413414634146342,2.9029411764705886,0.7017351115271372,1.0217044,True,False,243.19997,11.802,11.848,11.566,8.522
2312696853601170816,359.6619410350741,-34.83312352559601,0.07824135103720717,120.33898305084746,0.025370325336541884,9.252070299486121,3.1653061224489796,2.2339506172839507,0.7643017372004468,0.98535204,True,False,236.30186,12.827,12.709,12.277,9.06
6606810340166479360,340.3591564621381,-32.292380725345744,0.1939159806646849,700.0,0.01,7.817721866642827,40.211111111111116,3.9624087591240875,0.8415354177068783,2.5657265,False,True,65.9943,8.747,8.691,8.625,8.171
2327389073432103808,356.5803370603884,-30.40464749846581,0.04886695802556026,140.67796610169492,0.029628775900825636,9.408267469243304,2.8200000000000003,2.0523629489603024,0.6963853890549211,1.0022948,True,False,276.00815,13.018,12.923,12.301,9.145
2326166214639018496,357.4311543359999,-32.041587732873765,0.12627446651859137,100.0,0.01,6.482079717733667,4.3428,2.5073903002309472,0.4688089701644597,1.058322,True,False,266.52936,11.361,11.41,11.436,8.862
6612139265005209728,332.771560564792,-33.212710953863315,0.10106010945055421,130.50847457627117,0.01,6.799192674547541,7.004516129032258,3.3613003095975236,0.5123243611493752,0.9433797,True,False,274.00385,11.638,11.683,11.21,8.468
6552219626502462080,352.0560068951027,-35.072192155172566,0.11118084925139744,262.7118644067797,0.01,9.172023900028663,16.2044776119403,3.0843750000000005,1.1831339794971896,1.1147428,False,False,127.00424,11.17,11.074,10.372,8.801
6602672710408025728,342.40637322129913,-33.898248030219776,0.05143374899364313,100.0,0.01592806495985682,7.215647778440935,5.483333333333333,2.9663934426229512,0.8620406604234581,1.0874666,True,False,236.34349,11.415,11.479,11.417,8.443
2327029670568625152,357.4440495023611,-30.17879884184577,0.1983265791625984,161.01694915254237,0.0643653407681979,12.88452329383825,3.2800604229607253,2.0601518026565464,1.0140030585479527,1.0962641,True,False,144.21736,13.703,13.495,12.315,9.222
2324838481333001216,354.97526276884213,-32.3035485649029,0.13455703228941254,100.0,0.01,7.23887983623771,4.051119402985075,2.0523629489603024,2.171967913360107,9.640679,False,False,280.52026,11.666,11.71,11.946,9.083
6783115075471609728,321.8307296601984,-33.050687615372894,0.13980215006715288,100.0,0.01,8.072473699279518,12.198876404494383,3.850000000000001,0.7779165508880936,1.0019112,True,True,107.88321,10.282,10.27,10.17,8.128
6551471645062920448,352.9924788687859,-35.61137829076191,0.10462774976013987,181.35593220338984,0.01,7.434623198369729,8.972727272727274,2.1714,0.6559651829770694,0.98501235,True,False,275.34967,11.785,11.843,11.077,9.063
2314847223467260928,359.8646961532912,-30.169340997080337,0.04662038575748674,100.0,0.013638774391684533,7.144165846641929,3.6432885906040275,2.2571725571725576,0.6896758644359264,1.0189922,True,False,292.24994,11.851,11.929,11.84,8.874
6601736544976426368,337.2495454851773,-32.47325359342532,0.12274311991653768,100.0,0.018601616690726987,8.37118847117043,3.137861271676301,2.6224637681159426,0.7461545925271859,1.1303769,True,False,245.48463,12.074,12.07,12.322,9.015
6781919627158933504,315.17188515223694,-31.92453331149645,0.08048521197882104,161.01694915254237,0.1398268057402531,11.937194069003105,2.6161445783132535,2.0601518026565464,0.9356158381372618,0.97526205,True,False,225.07745,14.54,14.204,12.083,8.95
6605406096314798848,346.52279365620234,-30.11962321661941,0.16892089776958785,140.67796610169492,0.025370325336541884,9.445894506918942,4.523750000000001,2.6545232273838635,0.678058494219476,1.0339389,True,False,206.61864,12.744,12.605,11.849,8.798
6552090090288869248,350.3930770717828,-34.94160060228953,0.05439018276476639,100.0,0.01,7.705874852608985,5.348275862068966,2.280882352941177,0.7514263083886383,1.2664071,True,False,241.07503,11.644,11.638,11.547,9.09
6552546525053408128,350.3922875813433,-34.26065472877107,0.13818950410782013,100.0,0.01,7.494196379306743,7.004516129032258,2.2339506172839507,0.5995517589081668,1.1611242,True,False,232.56177,11.293,11.272,11.317,9.035
6787137020286948224,318.1514472168869,-31.65788295837357,0.05226490943903248,130.50847457627117,0.01,7.170681106051328,5.62538860103627,2.5788598574821857,0.6343262528251754,0.98996323,True,False,282.40955,11.733,11.805,11.423,8.773
6612624665028725248,330.86086129797866,-32.98756416800596,0.02946345901519649,130.50847457627117,0.01,9.402660488486543,6.204000000000001,2.0105555555555554,0.8359631889155569,1.0240301,True,False,143.74995,11.748,11.64,11.349,8.913
6602563858757140992,342.3540046574231,-34.763858821834894,0.15937527631557163,700.0,0.01,10.898432405490613,37.43793103448276,2.9185483870967746,2.1381081447983816,1.3817347,False,False,31.44149,9.189,9.03,8.879,8.561
6597378115243779712,341.0053406989679,-34.514053028422005,0.12157242056364803,100.0,0.01,6.9919499009012265,6.540361445783133,2.1414201183431953,0.6705462762462328,1.9381273,False,False,231.84259,11.174,11.217,11.129,8.963
6607652673448017152,340.9671946200085,-30.27452952844413,0.07713870391453016,120.33898305084746,0.018601616690726987,8.149725088182915,5.539285714285715,3.705460750853243,0.759762116726583,1.0186944,False,True,229.8999,11.684,11.738,11.383,8.331
2314183805638856320,358.95137814211216,-32.289878250520374,0.07676575408079628,140.67796610169492,0.013638774391684533,9.23453013117831,4.3428,2.1414201183431953,0.9465967564842339,1.0630158,True,False,197.17433,12.113,12.02,11.761,9.039
6613283233838759680,331.25783929607115,-31.62998789111637,0.11222090350976449,130.50847457627117,0.04719290672293913,9.447318595294128,2.3861538461538463,2.9107238605898127,6.297267534097235,11.15002,False,False,261.1979,13.157,13.081,12.128,8.542
6588231793408720896,329.0685940441928,-35.165021117445605,0.15040092728801235,700.0,0.01,8.01123925899063,28.57105263157895,2.3398706896551724,1.0296308329692756,1.1273888,True,False,93.74082,9.613,9.558,9.417,8.676
2329547006735442560,350.4075065333626,-30.6014093693612,0.034463473675071035,171.18644067796612,0.011678516340565069,8.820804395046448,8.48203125,2.8875,0.9546650746230883,1.0696715,True,False,190.31224,11.86,11.798,11.165,8.758
6784250729247957120,321.3253039745996,-32.050915316410595,0.03990956997597833,140.67796610169492,0.0643653407681979,10.740162748959898,2.380921052631579,2.56061320754717,0.8542483630026343,0.99757713,True,False,185.64722,13.277,13.059,11.882,8.458
6556037676335086336,350.5110210394822,-31.97810265619303,0.05333738968424041,100.0,0.01,8.453405115914688,7.539583333333335,2.4507900677200904,0.8097738647229186,1.0778784,True,False,152.68697,11.189,11.15,11.144,8.921
2325989502503807360,354.2644826631879,-31.046564507738942,0.06422202441902414,100.0,0.018601616690726987,7.790967945877519,2.776726342710998,2.3248394004282655,0.6706200764798532,0.9224538,True,False,286.70087,12.185,12.196,12.216,8.989
2324322539797024768,354.689757914334,-33.617122370971806,0.054373280712637306,120.33898305084746,0.025370325336541884,9.14593248268253,2.56061320754717,2.0105555555555554,0.8334482988778761,0.9659815,True,False,259.46555,12.914,12.832,12.39,9.106
2325671949802221312,354.25693285723645,-31.7852718469589,0.04399197306717379,130.50847457627117,0.025370325336541884,9.748039622466825,3.6190000000000007,2.1456521739130436,6.977788369089699,4.4266186,False,False,216.02324,12.726,12.568,12.053,8.987
6613388546437435008,331.1558959689119,-30.89826980342304,0.044894848478420304,120.33898305084746,0.018601616690726987,8.298829734430626,3.559672131147541,2.4563348416289594,1.064222584657406,0.983523,True,False,259.4562,12.303,12.236,11.89,8.829
6601771454470655232,337.6184614253496,-32.13011910288347,0.07981899920475181,171.18644067796612,0.04041001900131407,9.462598848009684,4.291304347826087,2.206707317073171,0.8687282691098797,1.046924,True,False,293.6154,13.248,13.174,11.758,8.954
6783075699211325696,321.567386375035,-33.48803188333116,0.12370652348310626,161.01694915254237,0.01,9.094718131103555,7.983088235294118,3.382242990654206,1.1231916364202783,1.0490977,True,False,128.13382,11.062,10.975,10.549,8.242
2313843128832667264,358.67560187070086,-33.22109308290486,0.029570978601092375,140.67796610169492,0.018601616690726987,8.57825375386049,2.982692307692308,2.0180297397769515,0.6590016694419151,0.98264205,True,False,289.63007,12.695,12.641,12.069,9.102
6614891338313893248,333.53036948947044,-30.09379009063386,0.16313223846154645,100.0,0.021723928448358305,9.826409061366189,2.776726342710998,2.206707317073171,0.9143909021232677,1.0067794,True,False,143.2837,11.969,11.852,12.204,8.867
2324419395604662400,354.35661176145953,-32.89796745182638,0.06712957820134095,181.35593220338984,0.011678516340565069,8.330779428057827,7.190066225165564,2.0331460674157302,1.5704908520158907,2.948675,False,False,257.40674,12.091,12.044,11.311,9.038
6552184231676642176,351.7590210474543,-35.40039955725046,0.020313025962815187,150.84745762711864,0.011678516340565069,10.1089996942221,6.959615384615385,2.068,0.9016246782776652,0.9966251,True,False,123.78561,11.89,11.763,11.301,8.935
6783513442278595200,322.0412370611291,-31.985167039898037,0.038022353258570514,130.50847457627117,0.021723928448358305,8.446418542847628,3.796153846153847,2.2713389121338916,0.8580652420976606,1.0424879,True,False,240.93977,12.11,12.098,11.546,8.449
6613517605909505280,332.02657158381,-30.25164117761855,0.06263142334645395,140.67796610169492,0.01592806495985682,9.789975939868214,6.58,3.193235294117647,1.010701574370493,1.0013887,True,False,128.6458,11.829,11.651,11.103,8.527
6554380677952671104,344.0497739746165,-34.892991682046265,0.07982277333517261,110.16949152542372,0.01592806495985682,8.845843242312204,3.9624087591240875,2.0255597014925373,0.8613621720399042,0.9759373,True,False,206.22084,11.98,11.922,11.865,9.008
6777907891482719232,317.5560811226833,-33.06118485458112,0.0633976480249236,140.67796610169492,0.03460201435087329,10.290697419243273,3.110888252148998,2.0719465648854962,0.9124796680888425,1.0000464,True,False,196.39088,12.965,12.844,12.009,8.849
6596358520072550144,342.40109126446544,-35.24599026305481,0.1380717288172039,130.50847457627117,0.03460201435087329,9.366340506282278,2.490137614678899,2.2247950819672133,1.7818461519973836,1.2349505,True,False,286.45572,13.031,12.851,12.328,9.028
6600042949176791680,337.3267434894214,-35.46612765057242,0.09544225644371511,140.67796610169492,0.01592806495985682,8.55506086314549,3.424921135646688,2.0523629489603024,0.624791838276681,0.896771,False,False,291.328,12.397,12.438,12.007,9.182
2329155718034602112,353.2624769942854,-30.006994575673943,0.16027870014476295,100.0,0.01,6.454260263793946,10.966666666666667,2.1,0.9916580474810996,2.0458207,False,False,238.20164,10.894,10.919,10.664,8.568
6604738555317590528,347.0663947805956,-31.11531400252015,0.07472870628649003,100.0,0.01,6.587305214741452,7.700000000000002,2.7210526315789476,3.3022100740285047,7.073717,False,False,269.99353,11.258,11.252,11.083,8.679
6784817944105175168,324.2381186681332,-31.83585560030256,0.06484320142762197,100.0,0.01,8.050777636292842,6.7856250000000005,2.05625,0.9035890885158988,0.9967814,True,False,178.44101,11.254,11.273,10.986,8.786
6556358871168972672,347.6465397805601,-32.57494277345518,0.10800270154236068,150.84745762711864,0.16329696356865636,11.553430971025389,2.680740740740741,2.1040697674418607,0.7509761604213281,1.0290279,True,False,297.66187,14.691,14.478,12.379,8.964
6602806365494946688,343.0849837247824,-33.40082284715916,0.16719414855267314,100.0,0.03460201435087329,10.287032621929654,2.4675000000000002,2.0255597014925373,0.8330051011099667,1.1124911,True,False,150.06516,12.724,12.551,12.316,9.064
6600892360564398464,338.0045320415714,-33.1591110499861,0.15629638424202044,700.0,0.01,10.027813820453094,31.93235294117647,2.783846153846154,1.7018199463180685,1.1856645,False,False,47.028057,9.506,9.409,9.286,8.511
6607050587752825344,340.7592850641268,-31.026831558096195,0.1920759314798257,689.8305084745763,0.01,8.551563117245948,21.28823529411765,2.60985576923077,0.9113819905354229,1.0373329,True,False,81.12434,9.874,9.819,9.695,8.545
6599896821505202560,334.910355740366,-33.8692321432085,0.09130682821109626,100.0,0.01592806495985682,8.850549226531339,6.50119760479042,2.6161445783132535,1.0985799882586347,1.6444479,False,False,172.30376,11.582,11.482,11.519,8.832
2326288569667166976,358.31262491619367,-31.571202309780624,0.047846237175917704,100.0,0.013638774391684533,9.237952727565338,5.09718309859155,2.3248394004282655,0.9495846752260217,1.0396117,True,False,153.23517,11.685,11.584,11.579,9.1
2326306436731132800,358.10667727486305,-31.3706226316533,0.10828534832017901,150.84745762711864,0.01,7.454381344676049,8.6856,2.628813559322034,0.9847497633346775,1.4497598,False,False,271.21027,11.732,11.795,11.243,9.019
6784457476090183040,320.20139328957106,-31.27290044194921,0.17112296277167807,100.0,0.01,8.005161227068058,11.309375000000001,2.4397752808988766,0.8114114557036043,1.5804445,False,False,144.76186,10.733,10.726,10.584,8.809
6556619116122864512,347.23556607821405,-32.12725590050919,0.03777189955867477,130.50847457627117,0.025370325336541884,9.177892400339768,3.128818443804035,2.276100628930818,0.848478794562781,1.0737816,True,False,230.12856,12.646,12.538,11.949,8.778
6555462910926620416,349.31137831665086,-33.42969568872002,0.16003988244942563,100.0,0.01592806495985682,8.831227844773615,3.9624087591240875,2.3861538461538463,0.9090497586714122,1.4772654,False,False,184.49017,11.646,11.523,11.893,8.945
6588620775711864448,328.457920529032,-33.645247201999815,0.16948425933432465,100.0,0.01,10.265787599203062,13.403703703703705,2.276100628930818,0.9104024142726709,0.9949733,False,False,70.56031,10.891,10.724,10.579,9.022
6592625304434973696,324.92172746326264,-32.04000576662801,0.03240697074130767,100.0,0.05511431323226077,9.182632416351549,2.6224637681159426,2.7347607052896725,0.7979725198501292,0.9886462,True,False,240.74214,12.672,12.575,12.289,8.539
6604555070020409600,345.7448244853411,-32.30162537845029,0.04377553257885856,150.84745762711864,0.07516916839274382,10.639132072192382,2.727889447236181,2.1456521739130436,0.963593805094749,1.0664018,True,False,269.16785,14.015,13.899,12.262,9.012
6788344249696127744,315.9383391851897,-30.35247262387486,0.05485253903335649,171.18644067796612,0.01592806495985682,10.264389276530371,5.483333333333333,2.4234375000000004,0.9915395390779873,1.0330521,True,False,144.94063,12.262,12.127,11.409,8.959
2326515034702293760,356.2563149952098,-31.135016557965,0.1345193932740032,100.0,0.01,11.790640074968309,13.743037974683546,2.473120728929385,1.7000132799106684,1.084068,False,False,39.1502,10.65,10.466,10.357,8.718
2325009390966517888,352.823479104258,-33.72412611571758,0.17067227153920086,700.0,0.01,9.578402127361384,45.237500000000004,4.912669683257919,1.6723317351198608,20.574856,False,True,39.823807,8.827,8.694,8.584,8.255
6552620226692404096,351.2560693806972,-33.853909111184606,0.18050565446636116,100.0,0.01,6.573587854061584,7.592307692307694,2.137204724409449,0.4062260009022872,0.97987485,True,False,268.72287,11.465,11.504,11.1,9.101
6556929728157482368,349.3820971730251,-31.2067854931896,0.1431639898243465,100.0,0.01,6.528319572201784,8.287786259541985,2.3966887417218543,0.6474041306842908,1.0570219,True,False,247.65157,11.215,11.274,11.042,8.853
6599724782295110784,335.63831071825064,-33.766677538709295,0.12583345693693715,100.0,0.013638774391684533,8.925351288186981,6.540361445783133,2.9264150943396228,0.8487130187475116,1.0364333,True,False,129.60231,11.331,11.257,11.192,8.615
6611540817147007744,332.6878791254935,-33.94415594842901,0.07895113646462504,110.16949152542372,0.01,7.9281025293679726,6.349122807017544,2.154166666666667,0.8467793327671722,0.947377,True,False,237.31615,11.812,11.847,11.423,9.106
6603947491061302656,341.82541780315165,-31.65642830305769,0.1786091909933188,100.0,0.01,7.031569628169881,7.924817518248175,2.0798850574712646,0.508066196768546,1.0377095,False,False,217.8638,11.208,11.276,11.129,9.13
2326041312694157568,354.08760370909744,-30.92315812559511,0.12507342634634422,110.16949152542372,0.0643653407681979,9.65755940182069,2.360217391304348,3.548039215686275,0.8646161860008545,1.0159103,True,False,270.21417,13.059,12.897,12.57,8.65
6611429942566382208,332.53939911055306,-34.80094478014677,0.09958304939157148,130.50847457627117,0.07516916839274382,10.73745784190232,2.247826086956522,2.4452702702702704,0.8687658167210148,1.0436658,True,False,234.04234,13.868,13.704,12.626,9.006
6603730681111962624,341.6131858529673,-32.86539476460089,0.12150175044905301,100.0,0.029628775900825636,8.620845292010486,2.3861538461538463,2.7210526315789476,0.8669945539495748,0.996413,True,False,233.12666,12.227,12.159,12.393,8.803
2327269398462726272,355.7435394625803,-30.77646809940011,0.16038255413481228,161.01694915254237,0.07516916839274382,10.251253227445051,2.9029411764705886,2.0142857142857142,0.7913120239256443,0.9576825,True,False,282.99304,14.102,13.885,12.079,8.909
2326986553392502784,357.78453662177355,-30.109520686091123,0.11001259155794675,181.35593220338984,0.01,8.148490067311052,6.871518987341773,2.530769230769231,0.6493860077198251,1.008535,True,False,241.98831,12.121,12.0,11.205,8.981
6613307324310917632,331.70203325721855,-31.225457477102736,0.12366148138181389,100.0,0.01,7.538522303643236,9.693750000000001,2.603597122302159,1.8231766063571606,1.7862601,False,False,201.31973,11.172,11.184,10.918,8.993
6600088308326785152,337.7763696383223,-34.85259144713456,0.1566155049318842,100.0,0.01,6.031045727928906,7.8673913043478265,3.075637393767706,0.41867521204945396,0.9114778,True,False,253.94511,11.041,11.12,11.155,8.481
6553677578921299200,346.07739042021416,-35.60952247679092,0.06758630323983555,110.16949152542372,0.01,9.049160206267201,7.335810810810812,2.319871794871795,0.9088101307821094,1.5959545,False,False,150.05351,11.469,11.386,11.266,8.952
6605016834838611456,346.3471564532889,-30.4823922525541,0.08419460144402348,150.84745762711864,0.0643653407681979,9.907591322287317,2.8722222222222227,2.3449244060475163,0.8407399066390684,1.0447953,True,False,294.18582,13.684,13.465,12.077,8.821
6599975745824288128,334.2913673413906,-33.48619063108804,0.1814484781658816,100.0,0.01,9.190688400385572,10.857000000000001,2.360217391304348,0.6834537553917822,1.0287983,False,False,89.968094,10.531,10.447,10.393,8.795
6784994484440875648,323.05768099565546,-31.584780451972797,0.05456443416428631,161.01694915254237,0.018601616690726987,8.394664963828365,5.348275862068966,2.6610294117647064,2.929142687275443,6.430816,False,False,287.50977,12.404,12.429,11.53,8.883
2326490433129619840,356.28435147005086,-31.1962570231308,0.04466902134072211,100.0,0.029628775900825636,11.569714833007213,4.8039823008849565,2.14990099009901,1.044503295283691,0.9851671,True,False,78.79964,11.992,11.809,11.518,8.715
6590480878803441536,323.205484738313,-35.202321659752485,0.037400106191811264,120.33898305084746,0.029628775900825636,10.752529463773715,3.23125,2.5850000000000004,1.2025087734471742,1.0619929,False,False,115.496735,12.136,11.969,11.592,8.418
6600466329873302528,337.3055346278689,-33.95945118157518,0.08648102456760946,140.67796610169492,0.0643653407681979,10.51974719679961,2.4343049327354263,2.1456521739130436,0.9702188656864721,1.0360854,True,False,261.704,13.97,13.791,12.571,9.152
6593106031533829632,325.766062811288,-31.07633242087512,0.04078437886315773,130.50847457627117,0.03460201435087329,9.53908005970814,2.7416666666666667,2.4787671232876716,0.8018453366723801,1.041938,False,False,245.15897,12.942,12.823,12.276,8.963
6592454227297625472,324.24653187913805,-33.0207058857737,0.19883762335087574,700.0,0.01,8.425385093774644,29.343243243243247,3.1653061224489796,1.4207109181237043,1.1562674,True,False,71.41157,9.498,9.477,9.434,8.615
2314277539005265280,358.4054732401951,-31.6492858638966,0.1271995865448208,150.84745762711864,0.03460201435087329,9.369389482763456,3.655555555555556,2.5850000000000004,0.8367273536401608,1.0470785,True,False,260.20468,13.179,13.029,11.944,8.82
2328409007905260416,352.2098761834936,-32.054385417841154,0.0878525477123335,100.0,0.04041001900131407,11.994789835124067,2.4507900677200904,1.9994475138121548,0.9314871477360402,0.9973722,True,False,93.782074,12.695,12.5,12.35,9.047
6590631924213391232,324.49980557755936,-34.492457410019995,0.040157303134332786,130.50847457627117,0.018601616690726987,8.75695497980303,4.051119402985075,2.380921052631579,0.7613148926541814,0.9968778,False,False,249.00095,12.47,12.395,12.013,8.974
2313019628983430784,359.24776694098483,-33.614018335725696,0.17360292779761388,110.16949152542372,0.03460201435087329,11.45615242500694,2.319871794871795,2.0878846153846156,0.9470454958308664,1.3216928,True,False,128.26404,12.683,12.448,12.358,9.093
2325083848520121856,352.65810345342345,-33.30768786716094,0.18958155138031688,700.0,0.01,12.225780848357388,43.428000000000004,4.360240963855422,1.7128431120906165,1.2293308,False,True,16.469402,9.095,8.874,8.687,8.244
6600086727778826112,337.68975507581024,-34.78755006639517,0.11097314080630381,100.0,0.05511431323226077,9.376999554282534,2.2339506172839507,2.982692307692308,1.0608332137723935,1.2211015,False,False,228.06471,12.63,12.418,12.351,8.577
6611867445114844544,333.208555226168,-33.890378883936606,0.0501777410311143,100.0,0.013638774391684533,7.282919720205279,4.191891891891892,2.0719465648854962,0.6521487172915493,0.9818594,True,False,280.3897,11.759,11.835,11.77,8.999
2325287013358105344,352.0254050835334,-33.193741420951895,0.10510653816355768,161.01694915254237,0.04719290672293913,9.873700870861805,7.050000000000001,3.7697916666666673,0.7839305809008016,1.0006232,True,True,228.27998,12.81,12.717,11.426,8.524
6604063901854953472,342.7535783092609,-32.00783669622296,0.057281788375113184,100.0,0.0877864361381346,11.657400508645122,2.0369606003752345,2.6873762376237624,0.9991898019318367,0.9556745,True,False,128.74901,13.189,12.962,12.522,8.666
6551989686838706688,348.9357102620607,-35.530289564359606,0.05331257248633024,171.18644067796612,0.0877864361381346,10.71654987032964,4.241015625,2.548591549295775,0.985721817989585,0.9787887,True,False,288.12134,14.197,13.944,12.037,9.02
6614426214831253248,335.9208488299113,-30.061768237664925,0.14807477328563284,700.0,0.01,8.793837352581125,41.75769230769232,5.0032258064516135,2.1843202307601675,12.229108,False,True,53.383953,8.994,8.885,8.756,7.862
6588480970230813568,329.7392590416116,-33.709436399251686,0.16910930051474143,700.0,0.01,8.610152059198928,25.85,2.727889447236181,0.8743803803404858,1.109577,True,False,66.78261,9.552,9.501,9.305,8.646
6617276767445749376,326.8986739560506,-30.05189657377146,0.13701274208042719,100.0,0.01,8.521923549994428,10.146728971962618,2.370524017467249,0.7519076693988864,1.0242239,False,False,128.16708,10.942,10.885,10.87,8.878
6611725092718656640,331.73067659561923,-33.92932701751626,0.1851576833352483,100.0,0.025370325336541884,8.289268002147136,2.154166666666667,2.4787671232876716,0.7125856258511994,0.97742236,True,False,263.3589,12.353,12.325,12.666,8.879
6783906174089630848,318.2371643212303,-32.87596669110626,0.04300505267918324,100.0,0.01,7.249338225716504,6.660736196319019,2.628813559322034,0.519558238585169,0.962229,True,False,202.44197,11.14,11.187,11.096,8.606
6607025951820422272,340.6154192012189,-31.139086792081617,0.07261965173568417,100.0,0.018601616690726987,8.215239254859032,6.3122093023255825,4.096981132075472,0.6767822772476959,0.95257205,True,True,168.33032,11.173,11.194,11.272,8.128
6590681711474330368,323.96609653020187,-34.18897994189837,0.18713823001725,100.0,0.01,6.405243423781275,6.386470588235294,2.412666666666667,4.432556061195105,11.719301,False,False,276.60684,11.553,11.607,11.438,8.837
6556499372434813056,346.14736500637923,-32.60127618034441,0.033239419345466446,100.0,0.01,8.755379729137722,6.701851851851853,2.167065868263473,0.7626232206368682,0.8800851,True,False,162.1304,11.486,11.42,11.376,9.084
6588214750978469760,329.3293901053989,-35.33910245431336,0.16255227311617237,700.0,0.01,11.702683904400681,29.343243243243247,2.380921052631579,1.644602426874163,1.1759412,False,False,25.551607,9.646,9.456,9.284,8.684
6611754431640274304,332.5180491163367,-33.48134258705035,0.1906692212504507,150.84745762711864,0.01,7.612513943616375,6.660736196319019,2.1584493041749506,0.7455667459733578,1.3124155,True,False,247.17834,11.444,11.446,11.083,8.952
6777301923136708864,315.89284089868045,-35.082963059873045,0.08799845318654359,120.33898305084746,0.0877864361381346,9.219043399192078,3.8363957597173153,6.620121951219512,0.9276662865353957,0.97317445,False,True,247.69208,12.655,12.544,11.797,7.723
6783965685156678144,318.4504455532091,-32.25627106843214,0.028597659550512383,100.0,0.01,7.320111955228892,5.775,2.314925373134329,0.7047905379181415,0.951381,True,False,241.73326,11.467,11.523,11.445,8.943
6552697879701132416,351.12682276030625,-33.403053548412984,0.01877585271238543,100.0,0.029628775900825636,8.603449629714607,4.036059479553903,3.424921135646688,1.1269241422087526,1.2759101,False,False,218.74779,12.041,12.009,11.881,8.566
6590875706557125504,322.79188979419047,-33.626257567412495,0.15280498155002853,700.0,0.01,9.260581511934856,21.28823529411765,2.0142857142857142,0.9865984171385604,1.11253,False,False,69.72384,9.95,9.872,9.703,8.777
6784102883590450432,319.24078106767183,-31.62839762926047,0.06299346445765613,140.67796610169492,0.04041001900131407,10.25471808449667,2.812694300518135,2.365359477124183,0.7988861898214455,1.0463004,True,False,198.20216,12.936,12.724,11.998,8.757
6783072778633559552,321.5301183426257,-33.61459983371541,0.10717991761573986,100.0,0.01,6.75757812769638,6.871518987341773,2.5366822429906546,0.6841128335558945,0.9402648,True,False,237.49101,11.199,11.277,11.092,8.777
6614136179984317312,336.41231810098594,-30.918311182151218,0.049983720809946806,100.0,0.029628775900825636,11.1568424585886,5.322058823529413,3.0242339832869085,0.8714332008776058,0.98767877,True,False,89.19463,11.957,11.773,11.492,8.664
6556154744258590848,347.60416090928715,-33.767928987553695,0.06054978309450806,100.0,0.013638774391684533,6.734043494433754,5.348275862068966,3.536482084690554,0.5552308142857341,1.1705908,True,True,284.73962,11.603,11.646,11.542,8.588
6777240591003648768,316.4250390173305,-35.2502696876676,0.14595656031755713,700.0,0.01,10.203264625813105,38.775000000000006,3.8913978494623658,1.3351142544105405,14.988117,False,True,33.253723,9.018,8.839,8.707,8.306
2312128990205047552,356.507474279539,-34.97697415489292,0.11990923680040017,100.0,0.018601616690726987,9.418828343252354,4.036059479553903,2.044632768361582,0.9213005250969766,1.0462958,True,False,158.11757,12.014,11.914,12.006,8.989
6603466656586934144,342.0635637826062,-33.35743321322022,0.1282653341149606,100.0,0.01,7.054207803423825,10.24245283018868,2.4675000000000002,0.8275860089842466,1.0547975,True,False,206.95029,11.065,11.125,10.798,8.799
6600333735642752384,336.8271440534921,-34.51464125085542,0.17962443521088473,150.84745762711864,0.0877864361381346,11.297134457360652,3.4798076923076926,2.603597122302159,0.9731538358512345,1.0882618,True,False,202.90115,14.068,13.877,12.175,8.911
6612817835477756160,329.70265125152406,-32.44203323266612,0.15648729857878863,700.0,0.01,12.742411011459073,33.928125,3.1838709677419357,3.068588961662081,23.813108,False,False,17.916666,9.569,9.366,9.148,8.374
6783401463891148032,321.4264064632718,-32.222865926768755,0.1632813655833135,700.0,0.01,10.287060550862174,24.12666666666667,2.5366822429906546,1.1762444923110609,0.99151707,True,False,40.693954,9.634,9.501,9.379,8.606
6612977226009676672,331.94391203053067,-32.58842402613092,0.05095961347404201,130.50847457627117,0.011678516340565069,7.282168697808269,5.1947368421052635,3.075637393767706,0.7123975811816097,1.0827833,True,False,280.09726,11.746,11.795,11.523,8.612
6783772583425287040,319.6437122135081,-32.78679756577834,0.14739668335971842,100.0,0.01,6.433723775836206,4.208139534883721,2.5190255220417637,0.4978135562125154,0.976333,True,False,292.01035,11.567,11.623,11.798,8.656
6777887894114806272,317.694570210451,-33.34272964438119,0.08764804458203289,171.18644067796612,0.021723928448358305,8.883609825395464,5.539285714285715,2.380921052631579,2.1201696545884707,2.0109134,False,False,264.1224,12.546,12.356,11.56,8.854
6590781212980471552,323.31499493836213,-34.32974865448961,0.18466720670226577,700.0,0.01,8.062210825805842,31.93235294117647,3.513592233009709,0.9457134080500076,1.2471304,False,True,76.37356,9.343,9.366,9.226,8.498
6785249880375657088,324.942860773037,-31.03763504713097,0.027159547183232245,140.67796610169492,0.021723928448358305,9.033290505175309,3.8637010676156582,2.1714,0.6973457884288489,1.0151116,True,False,241.03677,12.551,12.447,11.838,8.862
6607963216763660928,339.18011510320946,-30.675841941798836,0.07956682463341021,100.0,0.01,8.689898233729242,8.225,2.247826086956522,1.0003882300184703,1.093768,True,False,136.72444,11.038,10.998,10.98,8.92
6612601502270325504,331.7113081253619,-32.76588648555988,0.16259360541729373,700.0,0.01,10.170770881916521,24.12666666666667,2.6610294117647064,1.2255335445967621,1.0284113,False,False,50.701782,10.0,9.856,9.762,8.806
6784095290088264320,319.195413437334,-31.735880309629568,0.03002905229167026,150.84745762711864,0.018601616690726987,9.065967723957952,5.805882352941177,2.7210526315789476,0.7522045652121204,0.9998609,True,False,198.16742,12.22,12.127,11.376,8.668
6612325597866473856,333.5084519512256,-32.10379721331939,0.04370062931866818,150.84745762711864,0.021723928448358305,9.417567448043506,3.8363957597173153,2.0838771593090213,0.7994120481797125,1.0640174,True,False,245.83296,12.929,12.833,11.985,9.276
6780344581048333184,315.66386466424103,-34.28132522787082,0.1738314998685893,700.0,0.01,8.207911715698517,19.740000000000002,2.215714285714286,1.2573978649692321,1.0546925,True,False,106.74085,10.221,10.23,10.041,9.051
6587982376068395904,327.0753081664619,-35.610518898069124,0.07909354153707207,140.67796610169492,0.011678516340565069,8.063120861501657,5.2960975609756105,2.635194174757282,0.663681022592857,1.0220549,False,False,244.41127,12.053,11.993,11.555,8.833
6613916969148947200,333.7101023712159,-31.237043099219527,0.1941168204370594,638.9830508474575,0.01,10.115733693173524,22.618750000000002,3.174561403508772,1.1949701218796096,1.1133459,False,False,49.697033,9.963,9.791,9.675,8.474
6614767368377729152,332.92402997888735,-30.377138644332312,0.1298656971743688,100.0,0.01,6.0057567687177436,7.539583333333335,2.566666666666667,0.48160557033364687,0.97199285,True,False,275.3638,11.251,11.313,11.128,8.557
6599162313378196992,334.1533413965012,-35.233100091286474,0.1882006163405229,100.0,0.04041001900131407,10.67287243384767,2.197773279352227,2.3550976138828634,0.8601339295735431,1.0369376,True,False,123.45245,12.519,12.359,12.319,8.784
2325800489583253120,355.05389283419674,-31.108226918128924,0.027572672424660175,110.16949152542372,0.025370325336541884,9.286747799913122,3.137861271676301,2.095945945945946,0.639492433895,1.0370611,True,False,215.88603,12.507,12.441,12.15,9.006
6777465681649976832,317.71101458963176,-34.78577329386279,0.07754640380641577,120.33898305084746,0.07516916839274382,10.727771099107084,2.3398706896551724,2.8200000000000003,0.9400002159455209,1.0121849,True,False,208.03355,13.348,13.215,12.526,8.784
6604461267934651392,342.91185230754667,-30.88848435969737,0.031264204238919686,100.0,0.029628775900825636,11.135849984190536,3.7567474048442913,2.314925373134329,0.8894298385786031,1.0826747,False,False,102.88148,12.22,12.038,11.858,8.926
6591500160442784128,326.4288981872142,-33.4378944127273,0.1583601703547582,700.0,0.01,8.610666345882116,23.60217391304348,3.0411764705882356,6.541746568857934,9.852648,False,False,87.35455,9.887,9.82,9.703,8.795
2311420801637544704,358.1121494771235,-35.01598264571154,0.13351700950675108,100.0,0.01,9.128456068847985,6.065363128491621,2.0031365313653136,0.7088703192538102,0.96751577,True,False,131.14429,11.533,11.432,11.305,9.037
2325117624142920832,353.0873497417917,-33.014790265188445,0.11727108278686925,100.0,0.011678516340565069,9.339934610693618,10.644117647058826,2.680740740740741,1.3056469313276589,1.031672,True,False,112.105644,10.985,10.872,10.797,8.644
6613363674281846912,331.2406149275714,-31.199506460111937,0.12136356720208274,100.0,0.01,6.281395738113601,5.049767441860466,2.1845070422535215,0.42786533825903655,0.9956038,True,False,283.81128,11.363,11.439,11.517,8.79
6590926765128514560,323.9246404370461,-33.48286198811982,0.14685915752295559,100.0,0.01,7.66073026070003,3.559672131147541,2.1,2.6925269981176094,0.9656442,False,False,256.60242,11.631,11.607,12.046,9.198
6599532676997886464,334.3313403716086,-35.311075135898726,0.11650949679085716,171.18644067796612,0.01,8.683987147949226,6.871518987341773,2.0759082217973233,1.3104661760193739,1.4237642,False,False,190.701,11.622,11.51,11.07,8.878
6555097735627150592,348.9148836566931,-34.7672660175191,0.15597400915130116,100.0,0.01,7.6299615282552935,9.781081081081082,2.3449244060475163,0.5390057701299579,1.9762558,False,False,178.48918,11.116,11.131,11.04,9.039
6591410412805738368,325.47519136938314,-34.032039108657706,0.03160930018016896,100.0,0.011678516340565069,9.186603070324942,6.743478260869566,2.56061320754717,0.9954140280566393,1.1177044,False,False,129.71631,11.32,11.219,11.093,8.826
6556063755376241664,349.5563624612416,-32.19126507374405,0.05991044510694839,100.0,0.03460201435087329,9.976178809208143,2.6873762376237624,2.068,0.7648294394893941,1.0059865,False,False,194.07779,12.633,12.498,12.339,9.162
6551509200256659328,353.46554682091977,-35.11507318359744,0.13132100136889854,130.50847457627117,0.1398268057402531,13.14740084546115,2.6545232273838635,2.8200000000000003,0.9485916577354226,0.9966286,True,False,120.155106,14.068,13.856,12.352,8.682
2326022517917324544,354.5375560144864,-30.779790492676263,0.17422376451206995,567.7966101694915,0.01,11.053109555317995,27.142500000000002,4.081578947368421,1.29353459733916,5.4455175,False,True,37.850994,9.778,9.615,9.449,8.349
6601210840979729536,336.25834591886576,-33.47083793010648,0.058519035221143004,130.50847457627117,0.013638774391684533,8.069767314049823,4.8686098654708525,2.4234375000000004,0.8466416635865162,1.1614045,True,False,267.17575,12.199,12.226,11.712,8.903
6552315936849172736,352.32698346143945,-34.871969999265986,0.12383901960823426,100.0,0.029628775900825636,8.43518670540317,3.730927835051547,3.991544117647059,0.7745781312445333,1.0286027,True,True,208.26369,11.9,11.874,12.035,8.458
6607235718023084928,340.2309760729096,-30.815249276705853,0.029878619875853277,110.16949152542372,0.018601616690726987,9.115738786204078,6.424260355029586,3.4141509433962267,0.7709401470551895,1.0531394,True,False,144.13274,11.538,11.454,11.213,8.369
6555495861915693696,348.5077049428129,-33.52397797614143,0.0529029797434502,100.0,0.05511431323226077,10.114291399774158,2.2905063291139243,2.3966887417218543,0.8392806180010757,1.0566634,False,False,190.33047,12.92,12.761,12.575,8.854
6605104825833486464,347.58613621292903,-30.982652881022577,0.12726422283544697,100.0,0.1398268057402531,13.640276464147743,2.1757515030060124,2.461904761904762,1.022364729315184,0.9672164,True,False,81.480354,13.486,13.241,12.6,8.644
6613290419319651968,331.56827178471445,-31.671331432637523,0.17046060494245316,700.0,0.01,7.90129235586218,23.60217391304348,2.7347607052896725,1.6820324961802093,8.744113,False,False,97.65501,9.666,9.594,9.451,8.994
2325593570944309632,354.9575090749824,-32.104441150069725,0.05947903584875943,110.16949152542372,0.0643653407681979,9.65163231010714,2.044632768361582,2.834725848563969,0.7776618230118544,0.93670493,True,False,263.0373,13.249,13.118,12.643,8.694
6614014855747954432,334.8985194579027,-30.658255202050185,0.1427628239428937,161.01694915254237,0.10252153289191773,11.125359457485208,2.252489626556017,2.1246575342465754,1.6244428284206822,1.1275394,True,False,298.97998,14.279,14.078,12.408,9.158
6592971302704572288,326.7792821548972,-31.13730468363187,0.028055889916640927,120.33898305084746,0.0877864361381346,9.98526205253916,2.044632768361582,3.1020000000000003,0.840965522449508,0.94078046,True,False,263.74728,13.411,13.309,12.426,8.474
2326017570114737024,354.89248370068805,-30.68649350341105,0.07130474412003811,161.01694915254237,0.0877864361381346,11.570986059871215,2.554588235294118,2.1163742690058482,0.9397423926902952,1.0232625,True,False,226.67686,14.369,14.199,12.304,9.132
6612343769873258112,333.0452194422156,-32.230483785616286,0.09959319297287385,100.0,0.01,10.09648745659093,17.798360655737707,2.524883720930233,1.5197521061179973,1.0470654,True,False,67.208145,10.457,10.344,10.119,8.42
2311395164977454592,358.98306266796965,-34.81533678397165,0.10274203021322467,150.84745762711864,0.0877864361381346,10.813413599329056,2.4563348416289594,2.5131944444444447,0.9863540880899504,1.0316656,True,False,275.79074,14.025,13.834,12.32,9.024
2326985453880871808,357.8368623121492,-30.15594833632655,0.05179093404812481,110.16949152542372,0.011678516340565069,9.809195496862952,7.924817518248175,3.119827586206897,0.8836211893370619,1.120018,True,False,111.463455,11.456,11.352,11.122,8.736
6781861563497231232,315.07803887059447,-32.61061949871738,0.1920850599608808,100.0,0.01,13.559420078344711,9.781081081081082,2.2953488372093025,1.1799349375509913,1.0545373,True,False,27.222975,11.153,10.941,10.67,8.978
6613416107242291200,331.8480657038144,-31.018283260935053,0.03842384170713902,120.33898305084746,0.013638774391684533,7.2818707895025145,4.679741379310345,2.6940446650124072,0.9939545643304455,1.0204006,True,False,274.68405,11.801,11.842,11.593,8.613
2326779535968558848,358.6260696482347,-30.55324705631265,0.0927748705443889,120.33898305084746,0.025370325336541884,8.729665230409424,3.0411764705882356,2.1081553398058253,1.0305961220276703,1.1234742,False,False,297.7733,12.642,12.63,12.352,9.05
6602301041118076160,342.83009282159804,-35.27563454619476,0.07219469227983775,150.84745762711864,0.018601616690726987,10.531462025823553,4.561764705882354,2.280882352941177,1.0326458831381595,1.1070448,True,False,137.18619,12.305,12.133,11.592,8.909
6588511275520335872,328.3505355715452,-34.55513927096542,0.04680149289821029,130.50847457627117,0.07516916839274382,8.322171258940099,7.755,7.755,0.7503128129902908,1.0358096,True,True,263.1352,12.359,12.299,11.052,7.303
6555859903343793280,349.2537300360359,-33.00493144264325,0.1959879786344781,100.0,0.01,7.037781048878437,11.80108695652174,2.2665970772442594,0.4673113712842122,1.0012608,True,False,193.84062,10.878,10.933,10.651,8.882
6615914609977604224,328.91382171619193,-31.742675248272977,0.07376246838522961,110.16949152542372,0.013638774391684533,8.967931884621764,5.170000000000001,2.2953488372093025,1.0148261306911335,1.0459024,True,False,157.79405,11.522,11.45,11.391,8.652
6782790307226612736,319.7288274757288,-34.08719756936062,0.045684917208052615,100.0,0.01,7.7454638262873,7.983088235294118,3.137861271676301,0.572997781777363,0.92459226,False,False,171.56628,11.091,11.105,10.987,8.514
2325455758327929600,353.427197940179,-32.04501110412332,0.06616875022850205,100.0,0.04719290672293913,9.926894993844307,2.9745205479452057,3.2603603603603606,0.839189428189461,0.9996652,True,False,163.24399,12.421,12.275,12.181,8.442
6600974033662533632,337.9065343688192,-32.49908267693342,0.07800019460324863,120.33898305084746,0.0643653407681979,10.032656523177147,2.4452702702702704,2.5073903002309472,0.9643139848765672,1.0118203,True,False,234.1931,13.136,12.981,12.348,8.564
2325721015508353792,355.1059768909456,-31.44990273202934,0.09116494835386625,100.0,0.01,8.848952115100795,7.924817518248175,2.3398706896551724,0.9618593344827421,1.4101491,False,False,133.66293,11.192,11.12,11.027,9.018
6777744785804809088,317.2496374442208,-34.017442495302376,0.038931514927064106,161.01694915254237,0.013638774391684533,9.775448927238548,7.755,3.0242339832869085,0.9382504562564433,0.9889291,True,False,138.8432,11.831,11.678,11.086,8.64
2325237535334348288,353.6415039394369,-32.52244622552089,0.15218786610585597,100.0,0.03460201435087329,10.865069432352097,4.413414634146342,2.9583106267029975,1.1559101571418917,1.0207148,True,False,112.621346,12.431,12.259,11.895,8.751
6777653457620014464,317.2937064312059,-34.42752040520796,0.03457892777224618,110.16949152542372,0.013638774391684533,8.931411790365104,6.204000000000001,2.4452702702702704,0.7588181670801133,0.9562636,True,False,162.13383,11.696,11.632,11.39,8.726
6617074010629573248,328.15574035334623,-30.397466329730698,0.023839415106468777,201.6949152542373,0.021723928448358305,9.441670140031285,8.225,2.6545232273838635,0.7662491210496161,1.0170432,True,False,198.73766,12.45,12.319,11.016,8.806
6600421082392979328,336.97426502760766,-34.02855798744163,0.17677277695091986,100.0,0.01,6.598572459146718,12.479310344827589,3.049719101123596,3.034585362338021,6.9456673,False,False,221.4184,10.688,10.731,10.603,8.533
6602742014000177920,343.5274409325837,-33.5897568250924,0.12830045726429506,700.0,0.01,9.302462232955651,31.02,2.667567567567568,2.256526276805888,4.4141803,False,False,64.07086,9.748,9.608,9.428,8.71
6602986582322458112,345.0660460175683,-33.33799448383568,0.1587497622858909,100.0,0.01,7.243509945016407,12.772941176470589,2.680740740740741,0.6234600884301258,0.9489725,True,False,175.97696,10.862,10.912,10.569,8.688
6611960250768239872,333.28837914964055,-33.23630226934165,0.09277656555784183,100.0,0.01,10.539083356864067,9.781081081081082,2.095945945945946,1.028133497460187,0.9501688,True,False,67.12417,10.937,10.787,10.707,8.818
6554237981958388736,343.28510471172734,-35.675003263139004,0.044173034355049635,100.0,0.03460201435087329,9.02449751982859,2.3757111597374183,2.215714285714286,0.7469392482647621,0.97700876,True,False,244.83308,12.659,12.587,12.43,9.018
6589672016202629376,324.3128911109842,-35.54944098355091,0.15294203596194317,120.33898305084746,0.04719290672293913,10.94879199098223,2.5366822429906546,2.206707317073171,1.3969689627222828,1.105675,True,False,170.65633,12.954,12.742,12.367,8.973
6603803008361298688,341.2609981356905,-32.39187131112415,0.1681450646355796,100.0,0.01,6.2998101848078445,6.7856250000000005,2.8875,5.11140260930872,12.802554,False,False,241.41295,11.104,11.134,11.228,8.543
2324221178568862976,353.60191160044,-34.222698081559905,0.06412562088778173,100.0,0.04041001900131407,9.950639904641392,2.490137614678899,2.1757515030060124,0.8658503636177293,1.0037388,True,False,205.19058,12.771,12.651,12.462,9.09
2328609737496764032,352.3820247154019,-31.249906542873077,0.05533410367956969,120.33898305084746,0.029628775900825636,10.242144164929824,4.128136882129278,2.6940446650124072,0.8389097175099198,1.0085444,True,False,138.79396,12.357,12.126,11.776,8.6
6784335803960643200,321.0212544285345,-31.35914964285837,0.060986181713502154,161.01694915254237,0.16329696356865636,12.321864604354598,2.60985576923077,2.14990099009901,1.1640371002806849,1.0485883,True,False,197.92647,14.42,14.124,11.95,8.663
6592591975488643968,324.6183493554133,-32.31703610085238,0.09784677998611381,150.84745762711864,0.029628775900825636,9.701487898437245,8.042222222222222,4.912669683257919,0.8082302261712305,1.0259807,True,True,164.17084,12.288,12.152,11.172,8.267
6781046305688810496,315.62220473031016,-32.93785749185345,0.05166063723675682,130.50847457627117,0.11972993971380404,11.326471634792528,2.3348387096774195,2.6545232273838635,0.9376133543453532,0.9305376,True,False,212.1296,13.877,13.698,12.316,8.556
6783572815907696768,319.0490379465844,-33.75110651591282,0.1574483287759203,700.0,0.01,7.874901205878382,22.15714285714286,2.5366822429906546,1.9905497018226221,2.8075044,False,False,102.02358,9.829,9.839,9.646,8.833
6615985558542012416,329.9991557706422,-31.340657079162767,0.030968153929275828,100.0,0.03460201435087329,9.296351278945451,3.559672131147541,2.680740740740741,0.7939954410626578,0.9388874,True,False,172.70215,12.058,11.918,11.798,8.509
2328990894370018560,353.27799653839264,-30.50570283037871,0.05440548102158751,120.33898305084746,0.021723928448358305,8.64289279365579,3.536482084690554,2.14990099009901,3.3359887473328618,3.895927,False,False,277.99414,12.516,12.41,12.124,9.031
6607303814728912384,340.0218657984106,-30.47717287062457,0.17519136327822943,700.0,0.01,8.653484884326673,41.75769230769232,4.449590163934427,1.3630349940287771,13.346081,False,True,52.0082,8.759,8.727,8.597,8.153
6600365518402656256,336.8375397880534,-34.18964357574299,0.17095185726591908,700.0,0.01,8.53458287893637,40.211111111111116,4.542677824267783,1.2201258311780683,1.0873599,True,True,52.95208,8.841,8.816,8.666,8.194
2313009217982681344,359.05722758601786,-33.83520901944581,0.04015365532507261,100.0,0.01592806495985682,9.675597047086132,5.775,2.0798850574712646,1.546390202894671,1.1443781,True,False,132.42049,11.636,11.521,11.449,8.914
6780897016922143744,316.85573847971034,-33.08285505013289,0.04022190032812442,140.67796610169492,0.01592806495985682,10.746846325631195,4.846875000000001,2.044632768361582,1.333528834289848,1.050821,True,False,116.71722,12.095,11.977,11.542,8.91
6600868441892069376,339.6505509832505,-32.16429175521288,0.06041978818650217,130.50847457627117,0.01592806495985682,9.248064907994461,4.741048034934498,2.60985576923077,0.9024784207975902,0.9419146,True,False,163.88742,11.807,11.74,11.434,8.636
6599351566816947712,333.32146864098445,-35.13943666226002,0.12853629133081573,100.0,0.013638774391684533,7.258239955656247,2.942276422764228,2.0759082217973233,0.5871916561903247,0.9953581,True,False,284.88974,11.868,11.949,12.173,8.944
6611327653625233536,332.1877109143542,-35.01347028121081,0.05398776377097175,110.16949152542372,0.01,8.123221209175341,7.755,2.5016129032258068,0.8081347688482321,1.0082065,True,False,187.10869,11.387,11.39,11.075,8.754
6788156714244059648,316.4356637024535,-30.62662638419773,0.07331532574420024,100.0,0.021723928448358305,8.907025869064816,3.6432885906040275,2.3550976138828634,0.9379360093450044,1.0825703,False,False,185.46208,11.803,11.741,11.696,8.749
6615955017030044672,329.7835006196072,-31.716189603343352,0.19220104449165515,638.9830508474575,0.01,9.60406289944875,15.966176470588236,2.5850000000000004,0.8780068510056993,1.118927,False,False,72.07224,10.233,10.137,10.029,8.84
6590734075715756288,324.077988525659,-33.638828861130925,0.05016303778072124,100.0,0.013638774391684533,8.021068754493335,5.401492537313433,2.154166666666667,2.027535932423454,6.5383344,False,False,243.89531,11.836,11.783,11.779,9.098
6599509793412136576,335.2678705047776,-34.95878539211647,0.10626689642565443,100.0,0.011678516340565069,7.850543838923657,5.244927536231885,2.305095541401274,0.7812860825680913,1.1202282,True,False,208.41762,11.341,11.413,11.563,8.856
